// Auto-generated shader header. Do not edit.
// Source: frag.sc
#pragma once
#include <cstdint>

static const uint8_t frag_spv[3780] =
{
	0x46, 0x53, 0x48, 0x0b, 0xc2, 0x9b, 0x15, 0x81, 0x00, 0x00, 0x00, 0x00, 0x04, 0x00, 0x09, 0x75, // FSH............u
	0x4c, 0x6f, 0x67, 0x44, 0x65, 0x70, 0x74, 0x68, 0x12, 0x01, 0x00, 0x00, 0x01, 0x00, 0x00, 0x00, // LogDepth........
	0x00, 0x00, 0x0c, 0x75, 0x4d, 0x65, 0x73, 0x68, 0x53, 0x75, 0x72, 0x66, 0x61, 0x63, 0x65, 0x12, // ...uMeshSurface.
	0x01, 0x20, 0x00, 0x01, 0x00, 0x00, 0x00, 0x00, 0x00, 0x0d, 0x75, 0x45, 0x64, 0x67, 0x65, 0x4f, // . ........uEdgeO
	0x76, 0x65, 0x72, 0x72, 0x69, 0x64, 0x65, 0x12, 0x01, 0x10, 0x00, 0x01, 0x00, 0x00, 0x00, 0x00, // verride.........
	0x00, 0x08, 0x73, 0x5f, 0x61, 0x6c, 0x62, 0x65, 0x64, 0x6f, 0x30, 0x00, 0x02, 0x00, 0x00, 0x00, // ..s_albedo0.....
	0x00, 0x02, 0x26, 0x00, 0x58, 0x0e, 0x00, 0x00, 0x03, 0x02, 0x23, 0x07, 0x00, 0x00, 0x01, 0x00, // ..&.X.....#.....
	0x0b, 0x00, 0x08, 0x00, 0x35, 0x02, 0x00, 0x00, 0x00, 0x00, 0x00, 0x00, 0x11, 0x00, 0x02, 0x00, // ....5...........
	0x01, 0x00, 0x00, 0x00, 0x0b, 0x00, 0x06, 0x00, 0x01, 0x00, 0x00, 0x00, 0x47, 0x4c, 0x53, 0x4c, // ............GLSL
	0x2e, 0x73, 0x74, 0x64, 0x2e, 0x34, 0x35, 0x30, 0x00, 0x00, 0x00, 0x00, 0x0e, 0x00, 0x03, 0x00, // .std.450........
	0x00, 0x00, 0x00, 0x00, 0x01, 0x00, 0x00, 0x00, 0x0f, 0x00, 0x0d, 0x00, 0x04, 0x00, 0x00, 0x00, // ................
	0x04, 0x00, 0x00, 0x00, 0x6d, 0x61, 0x69, 0x6e, 0x00, 0x00, 0x00, 0x00, 0x1e, 0x01, 0x00, 0x00, // ....main........
	0x21, 0x01, 0x00, 0x00, 0x25, 0x01, 0x00, 0x00, 0x29, 0x01, 0x00, 0x00, 0x2d, 0x01, 0x00, 0x00, // !...%...)...-...
	0x30, 0x01, 0x00, 0x00, 0x46, 0x01, 0x00, 0x00, 0x49, 0x01, 0x00, 0x00, 0x10, 0x00, 0x03, 0x00, // 0...F...I.......
	0x04, 0x00, 0x00, 0x00, 0x07, 0x00, 0x00, 0x00, 0x10, 0x00, 0x03, 0x00, 0x04, 0x00, 0x00, 0x00, // ................
	0x0c, 0x00, 0x00, 0x00, 0x03, 0x00, 0x03, 0x00, 0x05, 0x00, 0x00, 0x00, 0xf4, 0x01, 0x00, 0x00, // ................
	0x05, 0x00, 0x04, 0x00, 0x04, 0x00, 0x00, 0x00, 0x6d, 0x61, 0x69, 0x6e, 0x00, 0x00, 0x00, 0x00, // ........main....
	0x05, 0x00, 0x06, 0x00, 0x3f, 0x00, 0x00, 0x00, 0x73, 0x5f, 0x61, 0x6c, 0x62, 0x65, 0x64, 0x6f, // ....?...s_albedo
	0x53, 0x61, 0x6d, 0x70, 0x6c, 0x65, 0x72, 0x00, 0x05, 0x00, 0x06, 0x00, 0x42, 0x00, 0x00, 0x00, // Sampler.....B...
	0x73, 0x5f, 0x61, 0x6c, 0x62, 0x65, 0x64, 0x6f, 0x54, 0x65, 0x78, 0x74, 0x75, 0x72, 0x65, 0x00, // s_albedoTexture.
	0x05, 0x00, 0x06, 0x00, 0x64, 0x00, 0x00, 0x00, 0x55, 0x6e, 0x69, 0x66, 0x6f, 0x72, 0x6d, 0x42, // ....d...UniformB
	0x6c, 0x6f, 0x63, 0x6b, 0x00, 0x00, 0x00, 0x00, 0x06, 0x00, 0x06, 0x00, 0x64, 0x00, 0x00, 0x00, // lock........d...
	0x00, 0x00, 0x00, 0x00, 0x75, 0x4c, 0x6f, 0x67, 0x44, 0x65, 0x70, 0x74, 0x68, 0x00, 0x00, 0x00, // ....uLogDepth...
	0x06, 0x00, 0x07, 0x00, 0x64, 0x00, 0x00, 0x00, 0x01, 0x00, 0x00, 0x00, 0x75, 0x45, 0x64, 0x67, // ....d.......uEdg
	0x65, 0x4f, 0x76, 0x65, 0x72, 0x72, 0x69, 0x64, 0x65, 0x00, 0x00, 0x00, 0x06, 0x00, 0x07, 0x00, // eOverride.......
	0x64, 0x00, 0x00, 0x00, 0x02, 0x00, 0x00, 0x00, 0x75, 0x4d, 0x65, 0x73, 0x68, 0x53, 0x75, 0x72, // d.......uMeshSur
	0x66, 0x61, 0x63, 0x65, 0x00, 0x00, 0x00, 0x00, 0x05, 0x00, 0x03, 0x00, 0x66, 0x00, 0x00, 0x00, // face........f...
	0x00, 0x00, 0x00, 0x00, 0x05, 0x00, 0x06, 0x00, 0x1e, 0x01, 0x00, 0x00, 0x67, 0x6c, 0x5f, 0x46, // ............gl_F
	0x72, 0x61, 0x67, 0x43, 0x6f, 0x6f, 0x72, 0x64, 0x00, 0x00, 0x00, 0x00, 0x05, 0x00, 0x04, 0x00, // ragCoord........
	0x21, 0x01, 0x00, 0x00, 0x76, 0x5f, 0x63, 0x6f, 0x6c, 0x6f, 0x72, 0x00, 0x05, 0x00, 0x05, 0x00, // !...v_color.....
	0x25, 0x01, 0x00, 0x00, 0x76, 0x5f, 0x6e, 0x6f, 0x72, 0x6d, 0x61, 0x6c, 0x00, 0x00, 0x00, 0x00, // %...v_normal....
	0x05, 0x00, 0x04, 0x00, 0x29, 0x01, 0x00, 0x00, 0x76, 0x5f, 0x75, 0x76, 0x00, 0x00, 0x00, 0x00, // ....)...v_uv....
	0x05, 0x00, 0x05, 0x00, 0x2d, 0x01, 0x00, 0x00, 0x76, 0x5f, 0x76, 0x69, 0x65, 0x77, 0x44, 0x65, // ....-...v_viewDe
	0x70, 0x74, 0x68, 0x00, 0x05, 0x00, 0x05, 0x00, 0x30, 0x01, 0x00, 0x00, 0x76, 0x5f, 0x77, 0x6f, // pth.....0...v_wo
	0x72, 0x6c, 0x64, 0x50, 0x6f, 0x73, 0x00, 0x00, 0x05, 0x00, 0x06, 0x00, 0x46, 0x01, 0x00, 0x00, // rldPos......F...
	0x62, 0x67, 0x66, 0x78, 0x5f, 0x46, 0x72, 0x61, 0x67, 0x44, 0x61, 0x74, 0x61, 0x30, 0x00, 0x00, // bgfx_FragData0..
	0x05, 0x00, 0x06, 0x00, 0x49, 0x01, 0x00, 0x00, 0x67, 0x6c, 0x5f, 0x46, 0x72, 0x61, 0x67, 0x44, // ....I...gl_FragD
	0x65, 0x70, 0x74, 0x68, 0x00, 0x00, 0x00, 0x00, 0x47, 0x00, 0x04, 0x00, 0x3f, 0x00, 0x00, 0x00, // epth....G...?...
	0x21, 0x00, 0x00, 0x00, 0x12, 0x00, 0x00, 0x00, 0x47, 0x00, 0x04, 0x00, 0x3f, 0x00, 0x00, 0x00, // !.......G...?...
	0x22, 0x00, 0x00, 0x00, 0x00, 0x00, 0x00, 0x00, 0x47, 0x00, 0x04, 0x00, 0x42, 0x00, 0x00, 0x00, // ".......G...B...
	0x21, 0x00, 0x00, 0x00, 0x02, 0x00, 0x00, 0x00, 0x47, 0x00, 0x04, 0x00, 0x42, 0x00, 0x00, 0x00, // !.......G...B...
	0x22, 0x00, 0x00, 0x00, 0x00, 0x00, 0x00, 0x00, 0x47, 0x00, 0x03, 0x00, 0x64, 0x00, 0x00, 0x00, // ".......G...d...
	0x02, 0x00, 0x00, 0x00, 0x48, 0x00, 0x05, 0x00, 0x64, 0x00, 0x00, 0x00, 0x00, 0x00, 0x00, 0x00, // ....H...d.......
	0x23, 0x00, 0x00, 0x00, 0x00, 0x00, 0x00, 0x00, 0x48, 0x00, 0x05, 0x00, 0x64, 0x00, 0x00, 0x00, // #.......H...d...
	0x01, 0x00, 0x00, 0x00, 0x23, 0x00, 0x00, 0x00, 0x10, 0x00, 0x00, 0x00, 0x48, 0x00, 0x05, 0x00, // ....#.......H...
	0x64, 0x00, 0x00, 0x00, 0x02, 0x00, 0x00, 0x00, 0x23, 0x00, 0x00, 0x00, 0x20, 0x00, 0x00, 0x00, // d.......#... ...
	0x47, 0x00, 0x04, 0x00, 0x66, 0x00, 0x00, 0x00, 0x21, 0x00, 0x00, 0x00, 0x01, 0x00, 0x00, 0x00, // G...f...!.......
	0x47, 0x00, 0x04, 0x00, 0x66, 0x00, 0x00, 0x00, 0x22, 0x00, 0x00, 0x00, 0x00, 0x00, 0x00, 0x00, // G...f...".......
	0x47, 0x00, 0x04, 0x00, 0x1e, 0x01, 0x00, 0x00, 0x0b, 0x00, 0x00, 0x00, 0x0f, 0x00, 0x00, 0x00, // G...............
	0x47, 0x00, 0x04, 0x00, 0x21, 0x01, 0x00, 0x00, 0x1e, 0x00, 0x00, 0x00, 0x00, 0x00, 0x00, 0x00, // G...!...........
	0x47, 0x00, 0x04, 0x00, 0x25, 0x01, 0x00, 0x00, 0x1e, 0x00, 0x00, 0x00, 0x01, 0x00, 0x00, 0x00, // G...%...........
	0x47, 0x00, 0x04, 0x00, 0x29, 0x01, 0x00, 0x00, 0x1e, 0x00, 0x00, 0x00, 0x02, 0x00, 0x00, 0x00, // G...)...........
	0x47, 0x00, 0x04, 0x00, 0x2d, 0x01, 0x00, 0x00, 0x1e, 0x00, 0x00, 0x00, 0x03, 0x00, 0x00, 0x00, // G...-...........
	0x47, 0x00, 0x04, 0x00, 0x30, 0x01, 0x00, 0x00, 0x1e, 0x00, 0x00, 0x00, 0x04, 0x00, 0x00, 0x00, // G...0...........
	0x47, 0x00, 0x04, 0x00, 0x46, 0x01, 0x00, 0x00, 0x1e, 0x00, 0x00, 0x00, 0x00, 0x00, 0x00, 0x00, // G...F...........
	0x47, 0x00, 0x04, 0x00, 0x49, 0x01, 0x00, 0x00, 0x0b, 0x00, 0x00, 0x00, 0x16, 0x00, 0x00, 0x00, // G...I...........
	0x13, 0x00, 0x02, 0x00, 0x02, 0x00, 0x00, 0x00, 0x21, 0x00, 0x03, 0x00, 0x03, 0x00, 0x00, 0x00, // ........!.......
	0x02, 0x00, 0x00, 0x00, 0x1a, 0x00, 0x02, 0x00, 0x06, 0x00, 0x00, 0x00, 0x16, 0x00, 0x03, 0x00, // ................
	0x07, 0x00, 0x00, 0x00, 0x20, 0x00, 0x00, 0x00, 0x19, 0x00, 0x09, 0x00, 0x08, 0x00, 0x00, 0x00, // .... ...........
	0x07, 0x00, 0x00, 0x00, 0x01, 0x00, 0x00, 0x00, 0x00, 0x00, 0x00, 0x00, 0x00, 0x00, 0x00, 0x00, // ................
	0x00, 0x00, 0x00, 0x00, 0x01, 0x00, 0x00, 0x00, 0x00, 0x00, 0x00, 0x00, 0x17, 0x00, 0x04, 0x00, // ................
	0x0b, 0x00, 0x00, 0x00, 0x07, 0x00, 0x00, 0x00, 0x02, 0x00, 0x00, 0x00, 0x17, 0x00, 0x04, 0x00, // ................
	0x0d, 0x00, 0x00, 0x00, 0x07, 0x00, 0x00, 0x00, 0x04, 0x00, 0x00, 0x00, 0x17, 0x00, 0x04, 0x00, // ................
	0x29, 0x00, 0x00, 0x00, 0x07, 0x00, 0x00, 0x00, 0x03, 0x00, 0x00, 0x00, 0x20, 0x00, 0x04, 0x00, // )........... ...
	0x3e, 0x00, 0x00, 0x00, 0x00, 0x00, 0x00, 0x00, 0x06, 0x00, 0x00, 0x00, 0x3b, 0x00, 0x04, 0x00, // >...........;...
	0x3e, 0x00, 0x00, 0x00, 0x3f, 0x00, 0x00, 0x00, 0x00, 0x00, 0x00, 0x00, 0x20, 0x00, 0x04, 0x00, // >...?....... ...
	0x41, 0x00, 0x00, 0x00, 0x00, 0x00, 0x00, 0x00, 0x08, 0x00, 0x00, 0x00, 0x3b, 0x00, 0x04, 0x00, // A...........;...
	0x41, 0x00, 0x00, 0x00, 0x42, 0x00, 0x00, 0x00, 0x00, 0x00, 0x00, 0x00, 0x15, 0x00, 0x04, 0x00, // A...B...........
	0x45, 0x00, 0x00, 0x00, 0x20, 0x00, 0x00, 0x00, 0x01, 0x00, 0x00, 0x00, 0x2b, 0x00, 0x04, 0x00, // E... .......+...
	0x45, 0x00, 0x00, 0x00, 0x46, 0x00, 0x00, 0x00, 0x01, 0x00, 0x00, 0x00, 0x2b, 0x00, 0x04, 0x00, // E...F.......+...
	0x45, 0x00, 0x00, 0x00, 0x4a, 0x00, 0x00, 0x00, 0x00, 0x00, 0x00, 0x00, 0x1b, 0x00, 0x03, 0x00, // E...J...........
	0x4e, 0x00, 0x00, 0x00, 0x08, 0x00, 0x00, 0x00, 0x1e, 0x00, 0x05, 0x00, 0x64, 0x00, 0x00, 0x00, // N...........d...
	0x0d, 0x00, 0x00, 0x00, 0x0d, 0x00, 0x00, 0x00, 0x0d, 0x00, 0x00, 0x00, 0x20, 0x00, 0x04, 0x00, // ............ ...
	0x65, 0x00, 0x00, 0x00, 0x02, 0x00, 0x00, 0x00, 0x64, 0x00, 0x00, 0x00, 0x3b, 0x00, 0x04, 0x00, // e.......d...;...
	0x65, 0x00, 0x00, 0x00, 0x66, 0x00, 0x00, 0x00, 0x02, 0x00, 0x00, 0x00, 0x15, 0x00, 0x04, 0x00, // e...f...........
	0x67, 0x00, 0x00, 0x00, 0x20, 0x00, 0x00, 0x00, 0x00, 0x00, 0x00, 0x00, 0x2b, 0x00, 0x04, 0x00, // g... .......+...
	0x67, 0x00, 0x00, 0x00, 0x68, 0x00, 0x00, 0x00, 0x00, 0x00, 0x00, 0x00, 0x20, 0x00, 0x04, 0x00, // g...h....... ...
	0x69, 0x00, 0x00, 0x00, 0x02, 0x00, 0x00, 0x00, 0x07, 0x00, 0x00, 0x00, 0x2b, 0x00, 0x04, 0x00, // i...........+...
	0x07, 0x00, 0x00, 0x00, 0x6c, 0x00, 0x00, 0x00, 0x00, 0x00, 0x00, 0x3f, 0x14, 0x00, 0x02, 0x00, // ....l......?....
	0x6d, 0x00, 0x00, 0x00, 0x2b, 0x00, 0x04, 0x00, 0x67, 0x00, 0x00, 0x00, 0x74, 0x00, 0x00, 0x00, // m...+...g...t...
	0x01, 0x00, 0x00, 0x00, 0x2b, 0x00, 0x04, 0x00, 0x67, 0x00, 0x00, 0x00, 0x79, 0x00, 0x00, 0x00, // ....+...g...y...
	0x02, 0x00, 0x00, 0x00, 0x2b, 0x00, 0x04, 0x00, 0x07, 0x00, 0x00, 0x00, 0x86, 0x00, 0x00, 0x00, // ....+...........
	0x00, 0x00, 0x80, 0x3f, 0x2b, 0x00, 0x04, 0x00, 0x07, 0x00, 0x00, 0x00, 0x8f, 0x00, 0x00, 0x00, // ...?+...........
	0x08, 0x00, 0x80, 0x3f, 0x2b, 0x00, 0x04, 0x00, 0x07, 0x00, 0x00, 0x00, 0x95, 0x00, 0x00, 0x00, // ...?+...........
	0x00, 0x00, 0x00, 0x00, 0x2b, 0x00, 0x04, 0x00, 0x07, 0x00, 0x00, 0x00, 0x9c, 0x00, 0x00, 0x00, // ....+...........
	0x0a, 0xd7, 0x23, 0x3c, 0x2b, 0x00, 0x04, 0x00, 0x07, 0x00, 0x00, 0x00, 0xd5, 0x00, 0x00, 0x00, // ..#<+...........
	0x31, 0x0c, 0xc3, 0x3e, 0x2b, 0x00, 0x04, 0x00, 0x07, 0x00, 0x00, 0x00, 0xd6, 0x00, 0x00, 0x00, // 1..>+...........
	0x31, 0x0c, 0x43, 0x3f, 0x2b, 0x00, 0x04, 0x00, 0x07, 0x00, 0x00, 0x00, 0xd7, 0x00, 0x00, 0x00, // 1.C?+...........
	0x62, 0x18, 0x06, 0x3f, 0x2c, 0x00, 0x06, 0x00, 0x29, 0x00, 0x00, 0x00, 0xd8, 0x00, 0x00, 0x00, // b..?,...).......
	0xd5, 0x00, 0x00, 0x00, 0xd6, 0x00, 0x00, 0x00, 0xd7, 0x00, 0x00, 0x00, 0x2b, 0x00, 0x04, 0x00, // ............+...
	0x45, 0x00, 0x00, 0x00, 0xe4, 0x00, 0x00, 0x00, 0x02, 0x00, 0x00, 0x00, 0x2b, 0x00, 0x04, 0x00, // E...........+...
	0x07, 0x00, 0x00, 0x00, 0xf6, 0x00, 0x00, 0x00, 0x66, 0x66, 0xe6, 0x3e, 0x2b, 0x00, 0x04, 0x00, // ........ff.>+...
	0x07, 0x00, 0x00, 0x00, 0xf7, 0x00, 0x00, 0x00, 0x00, 0x00, 0x40, 0x3f, 0x2b, 0x00, 0x04, 0x00, // ..........@?+...
	0x07, 0x00, 0x00, 0x00, 0x12, 0x01, 0x00, 0x00, 0x33, 0x33, 0x73, 0x3f, 0x2b, 0x00, 0x04, 0x00, // ........33s?+...
	0x07, 0x00, 0x00, 0x00, 0x13, 0x01, 0x00, 0x00, 0xd7, 0xa3, 0x70, 0x3f, 0x2b, 0x00, 0x04, 0x00, // ..........p?+...
	0x07, 0x00, 0x00, 0x00, 0x14, 0x01, 0x00, 0x00, 0x1f, 0x85, 0x6b, 0x3f, 0x2c, 0x00, 0x06, 0x00, // ..........k?,...
	0x29, 0x00, 0x00, 0x00, 0x15, 0x01, 0x00, 0x00, 0x12, 0x01, 0x00, 0x00, 0x13, 0x01, 0x00, 0x00, // )...............
	0x14, 0x01, 0x00, 0x00, 0x20, 0x00, 0x04, 0x00, 0x1d, 0x01, 0x00, 0x00, 0x01, 0x00, 0x00, 0x00, // .... ...........
	0x0d, 0x00, 0x00, 0x00, 0x3b, 0x00, 0x04, 0x00, 0x1d, 0x01, 0x00, 0x00, 0x1e, 0x01, 0x00, 0x00, // ....;...........
	0x01, 0x00, 0x00, 0x00, 0x3b, 0x00, 0x04, 0x00, 0x1d, 0x01, 0x00, 0x00, 0x21, 0x01, 0x00, 0x00, // ....;.......!...
	0x01, 0x00, 0x00, 0x00, 0x20, 0x00, 0x04, 0x00, 0x24, 0x01, 0x00, 0x00, 0x01, 0x00, 0x00, 0x00, // .... ...$.......
	0x29, 0x00, 0x00, 0x00, 0x3b, 0x00, 0x04, 0x00, 0x24, 0x01, 0x00, 0x00, 0x25, 0x01, 0x00, 0x00, // )...;...$...%...
	0x01, 0x00, 0x00, 0x00, 0x20, 0x00, 0x04, 0x00, 0x28, 0x01, 0x00, 0x00, 0x01, 0x00, 0x00, 0x00, // .... ...(.......
	0x0b, 0x00, 0x00, 0x00, 0x3b, 0x00, 0x04, 0x00, 0x28, 0x01, 0x00, 0x00, 0x29, 0x01, 0x00, 0x00, // ....;...(...)...
	0x01, 0x00, 0x00, 0x00, 0x20, 0x00, 0x04, 0x00, 0x2c, 0x01, 0x00, 0x00, 0x01, 0x00, 0x00, 0x00, // .... ...,.......
	0x07, 0x00, 0x00, 0x00, 0x3b, 0x00, 0x04, 0x00, 0x2c, 0x01, 0x00, 0x00, 0x2d, 0x01, 0x00, 0x00, // ....;...,...-...
	0x01, 0x00, 0x00, 0x00, 0x3b, 0x00, 0x04, 0x00, 0x24, 0x01, 0x00, 0x00, 0x30, 0x01, 0x00, 0x00, // ....;...$...0...
	0x01, 0x00, 0x00, 0x00, 0x20, 0x00, 0x04, 0x00, 0x45, 0x01, 0x00, 0x00, 0x03, 0x00, 0x00, 0x00, // .... ...E.......
	0x0d, 0x00, 0x00, 0x00, 0x3b, 0x00, 0x04, 0x00, 0x45, 0x01, 0x00, 0x00, 0x46, 0x01, 0x00, 0x00, // ....;...E...F...
	0x03, 0x00, 0x00, 0x00, 0x20, 0x00, 0x04, 0x00, 0x48, 0x01, 0x00, 0x00, 0x03, 0x00, 0x00, 0x00, // .... ...H.......
	0x07, 0x00, 0x00, 0x00, 0x3b, 0x00, 0x04, 0x00, 0x48, 0x01, 0x00, 0x00, 0x49, 0x01, 0x00, 0x00, // ....;...H...I...
	0x03, 0x00, 0x00, 0x00, 0x17, 0x00, 0x04, 0x00, 0x32, 0x02, 0x00, 0x00, 0x6d, 0x00, 0x00, 0x00, // ........2...m...
	0x03, 0x00, 0x00, 0x00, 0x36, 0x00, 0x05, 0x00, 0x02, 0x00, 0x00, 0x00, 0x04, 0x00, 0x00, 0x00, // ....6...........
	0x00, 0x00, 0x00, 0x00, 0x03, 0x00, 0x00, 0x00, 0xf8, 0x00, 0x02, 0x00, 0x05, 0x00, 0x00, 0x00, // ................
	0x3d, 0x00, 0x04, 0x00, 0x06, 0x00, 0x00, 0x00, 0x40, 0x00, 0x00, 0x00, 0x3f, 0x00, 0x00, 0x00, // =.......@...?...
	0x3d, 0x00, 0x04, 0x00, 0x08, 0x00, 0x00, 0x00, 0x43, 0x00, 0x00, 0x00, 0x42, 0x00, 0x00, 0x00, // =.......C...B...
	0x3d, 0x00, 0x04, 0x00, 0x0d, 0x00, 0x00, 0x00, 0x1f, 0x01, 0x00, 0x00, 0x1e, 0x01, 0x00, 0x00, // =...............
	0x3d, 0x00, 0x04, 0x00, 0x0d, 0x00, 0x00, 0x00, 0x22, 0x01, 0x00, 0x00, 0x21, 0x01, 0x00, 0x00, // =......."...!...
	0x3d, 0x00, 0x04, 0x00, 0x29, 0x00, 0x00, 0x00, 0x26, 0x01, 0x00, 0x00, 0x25, 0x01, 0x00, 0x00, // =...)...&...%...
	0x3d, 0x00, 0x04, 0x00, 0x0b, 0x00, 0x00, 0x00, 0x2a, 0x01, 0x00, 0x00, 0x29, 0x01, 0x00, 0x00, // =.......*...)...
	0x3d, 0x00, 0x04, 0x00, 0x07, 0x00, 0x00, 0x00, 0x2e, 0x01, 0x00, 0x00, 0x2d, 0x01, 0x00, 0x00, // =...........-...
	0x3d, 0x00, 0x04, 0x00, 0x29, 0x00, 0x00, 0x00, 0x31, 0x01, 0x00, 0x00, 0x30, 0x01, 0x00, 0x00, // =...)...1...0...
	0x51, 0x00, 0x05, 0x00, 0x07, 0x00, 0x00, 0x00, 0x7f, 0x01, 0x00, 0x00, 0x1f, 0x01, 0x00, 0x00, // Q...............
	0x02, 0x00, 0x00, 0x00, 0xf7, 0x00, 0x03, 0x00, 0xdc, 0x01, 0x00, 0x00, 0x00, 0x00, 0x00, 0x00, // ................
	0xfb, 0x00, 0x03, 0x00, 0x68, 0x00, 0x00, 0x00, 0xb9, 0x01, 0x00, 0x00, 0xf8, 0x00, 0x02, 0x00, // ....h...........
	0xb9, 0x01, 0x00, 0x00, 0x41, 0x00, 0x06, 0x00, 0x69, 0x00, 0x00, 0x00, 0xba, 0x01, 0x00, 0x00, // ....A...i.......
	0x66, 0x00, 0x00, 0x00, 0x4a, 0x00, 0x00, 0x00, 0x68, 0x00, 0x00, 0x00, 0x3d, 0x00, 0x04, 0x00, // f...J...h...=...
	0x07, 0x00, 0x00, 0x00, 0xbb, 0x01, 0x00, 0x00, 0xba, 0x01, 0x00, 0x00, 0xb8, 0x00, 0x05, 0x00, // ................
	0x6d, 0x00, 0x00, 0x00, 0xbc, 0x01, 0x00, 0x00, 0xbb, 0x01, 0x00, 0x00, 0x6c, 0x00, 0x00, 0x00, // m...........l...
	0xf7, 0x00, 0x03, 0x00, 0xbf, 0x01, 0x00, 0x00, 0x00, 0x00, 0x00, 0x00, 0xfa, 0x00, 0x04, 0x00, // ................
	0xbc, 0x01, 0x00, 0x00, 0xbd, 0x01, 0x00, 0x00, 0xbf, 0x01, 0x00, 0x00, 0xf8, 0x00, 0x02, 0x00, // ................
	0xbd, 0x01, 0x00, 0x00, 0xf9, 0x00, 0x02, 0x00, 0xdc, 0x01, 0x00, 0x00, 0xf8, 0x00, 0x02, 0x00, // ................
	0xbf, 0x01, 0x00, 0x00, 0x41, 0x00, 0x06, 0x00, 0x69, 0x00, 0x00, 0x00, 0xc1, 0x01, 0x00, 0x00, // ....A...i.......
	0x66, 0x00, 0x00, 0x00, 0x4a, 0x00, 0x00, 0x00, 0x74, 0x00, 0x00, 0x00, 0x3d, 0x00, 0x04, 0x00, // f...J...t...=...
	0x07, 0x00, 0x00, 0x00, 0xc2, 0x01, 0x00, 0x00, 0xc1, 0x01, 0x00, 0x00, 0xb8, 0x00, 0x05, 0x00, // ................
	0x6d, 0x00, 0x00, 0x00, 0xc3, 0x01, 0x00, 0x00, 0x2e, 0x01, 0x00, 0x00, 0xc2, 0x01, 0x00, 0x00, // m...............
	0x41, 0x00, 0x06, 0x00, 0x69, 0x00, 0x00, 0x00, 0xc5, 0x01, 0x00, 0x00, 0x66, 0x00, 0x00, 0x00, // A...i.......f...
	0x4a, 0x00, 0x00, 0x00, 0x79, 0x00, 0x00, 0x00, 0x3d, 0x00, 0x04, 0x00, 0x07, 0x00, 0x00, 0x00, // J...y...=.......
	0xc6, 0x01, 0x00, 0x00, 0xc5, 0x01, 0x00, 0x00, 0xba, 0x00, 0x05, 0x00, 0x6d, 0x00, 0x00, 0x00, // ............m...
	0xc7, 0x01, 0x00, 0x00, 0x2e, 0x01, 0x00, 0x00, 0xc6, 0x01, 0x00, 0x00, 0xa6, 0x00, 0x05, 0x00, // ................
	0x6d, 0x00, 0x00, 0x00, 0xc8, 0x01, 0x00, 0x00, 0xc3, 0x01, 0x00, 0x00, 0xc7, 0x01, 0x00, 0x00, // m...............
	0xf7, 0x00, 0x03, 0x00, 0xca, 0x01, 0x00, 0x00, 0x00, 0x00, 0x00, 0x00, 0xfa, 0x00, 0x04, 0x00, // ................
	0xc8, 0x01, 0x00, 0x00, 0xc9, 0x01, 0x00, 0x00, 0xca, 0x01, 0x00, 0x00, 0xf8, 0x00, 0x02, 0x00, // ................
	0xc9, 0x01, 0x00, 0x00, 0xfc, 0x00, 0x01, 0x00, 0xf8, 0x00, 0x02, 0x00, 0xca, 0x01, 0x00, 0x00, // ................
	0x88, 0x00, 0x05, 0x00, 0x07, 0x00, 0x00, 0x00, 0xce, 0x01, 0x00, 0x00, 0x2e, 0x01, 0x00, 0x00, // ................
	0xc2, 0x01, 0x00, 0x00, 0x0c, 0x00, 0x07, 0x00, 0x07, 0x00, 0x00, 0x00, 0xcf, 0x01, 0x00, 0x00, // ................
	0x01, 0x00, 0x00, 0x00, 0x28, 0x00, 0x00, 0x00, 0xce, 0x01, 0x00, 0x00, 0x86, 0x00, 0x00, 0x00, // ....(...........
	0x0c, 0x00, 0x06, 0x00, 0x07, 0x00, 0x00, 0x00, 0xd0, 0x01, 0x00, 0x00, 0x01, 0x00, 0x00, 0x00, // ................
	0x1e, 0x00, 0x00, 0x00, 0xcf, 0x01, 0x00, 0x00, 0x88, 0x00, 0x05, 0x00, 0x07, 0x00, 0x00, 0x00, // ................
	0xd5, 0x01, 0x00, 0x00, 0xc6, 0x01, 0x00, 0x00, 0xc2, 0x01, 0x00, 0x00, 0x0c, 0x00, 0x07, 0x00, // ................
	0x07, 0x00, 0x00, 0x00, 0xd6, 0x01, 0x00, 0x00, 0x01, 0x00, 0x00, 0x00, 0x28, 0x00, 0x00, 0x00, // ............(...
	0xd5, 0x01, 0x00, 0x00, 0x8f, 0x00, 0x00, 0x00, 0x0c, 0x00, 0x06, 0x00, 0x07, 0x00, 0x00, 0x00, // ................
	0xd7, 0x01, 0x00, 0x00, 0x01, 0x00, 0x00, 0x00, 0x1e, 0x00, 0x00, 0x00, 0xd6, 0x01, 0x00, 0x00, // ................
	0x88, 0x00, 0x05, 0x00, 0x07, 0x00, 0x00, 0x00, 0xda, 0x01, 0x00, 0x00, 0xd0, 0x01, 0x00, 0x00, // ................
	0xd7, 0x01, 0x00, 0x00, 0x0c, 0x00, 0x08, 0x00, 0x07, 0x00, 0x00, 0x00, 0xdb, 0x01, 0x00, 0x00, // ................
	0x01, 0x00, 0x00, 0x00, 0x2b, 0x00, 0x00, 0x00, 0xda, 0x01, 0x00, 0x00, 0x95, 0x00, 0x00, 0x00, // ....+...........
	0x86, 0x00, 0x00, 0x00, 0xf9, 0x00, 0x02, 0x00, 0xdc, 0x01, 0x00, 0x00, 0xf8, 0x00, 0x02, 0x00, // ................
	0xdc, 0x01, 0x00, 0x00, 0xf5, 0x00, 0x07, 0x00, 0x07, 0x00, 0x00, 0x00, 0x2e, 0x02, 0x00, 0x00, // ................
	0x7f, 0x01, 0x00, 0x00, 0xbd, 0x01, 0x00, 0x00, 0xdb, 0x01, 0x00, 0x00, 0xca, 0x01, 0x00, 0x00, // ................
	0x0c, 0x00, 0x06, 0x00, 0x29, 0x00, 0x00, 0x00, 0x83, 0x01, 0x00, 0x00, 0x01, 0x00, 0x00, 0x00, // ....)...........
	0x45, 0x00, 0x00, 0x00, 0x26, 0x01, 0x00, 0x00, 0x94, 0x00, 0x05, 0x00, 0x07, 0x00, 0x00, 0x00, // E...&...........
	0x86, 0x01, 0x00, 0x00, 0x83, 0x01, 0x00, 0x00, 0xd8, 0x00, 0x00, 0x00, 0x0c, 0x00, 0x07, 0x00, // ................
	0x07, 0x00, 0x00, 0x00, 0x87, 0x01, 0x00, 0x00, 0x01, 0x00, 0x00, 0x00, 0x28, 0x00, 0x00, 0x00, // ............(...
	0x86, 0x01, 0x00, 0x00, 0x95, 0x00, 0x00, 0x00, 0x0c, 0x00, 0x06, 0x00, 0x29, 0x00, 0x00, 0x00, // ............)...
	0xe7, 0x01, 0x00, 0x00, 0x01, 0x00, 0x00, 0x00, 0x04, 0x00, 0x00, 0x00, 0x31, 0x01, 0x00, 0x00, // ............1...
	0x8e, 0x00, 0x05, 0x00, 0x29, 0x00, 0x00, 0x00, 0xe8, 0x01, 0x00, 0x00, 0xe7, 0x01, 0x00, 0x00, // ....)...........
	0x9c, 0x00, 0x00, 0x00, 0x0c, 0x00, 0x06, 0x00, 0x29, 0x00, 0x00, 0x00, 0xea, 0x01, 0x00, 0x00, // ........).......
	0x01, 0x00, 0x00, 0x00, 0x04, 0x00, 0x00, 0x00, 0x83, 0x01, 0x00, 0x00, 0x51, 0x00, 0x05, 0x00, // ............Q...
	0x07, 0x00, 0x00, 0x00, 0xec, 0x01, 0x00, 0x00, 0xea, 0x01, 0x00, 0x00, 0x02, 0x00, 0x00, 0x00, // ................
	0x51, 0x00, 0x05, 0x00, 0x07, 0x00, 0x00, 0x00, 0xee, 0x01, 0x00, 0x00, 0xea, 0x01, 0x00, 0x00, // Q...............
	0x00, 0x00, 0x00, 0x00, 0x51, 0x00, 0x05, 0x00, 0x07, 0x00, 0x00, 0x00, 0xf0, 0x01, 0x00, 0x00, // ....Q...........
	0xea, 0x01, 0x00, 0x00, 0x01, 0x00, 0x00, 0x00, 0x0c, 0x00, 0x07, 0x00, 0x07, 0x00, 0x00, 0x00, // ................
	0xf1, 0x01, 0x00, 0x00, 0x01, 0x00, 0x00, 0x00, 0x28, 0x00, 0x00, 0x00, 0xee, 0x01, 0x00, 0x00, // ........(.......
	0xf0, 0x01, 0x00, 0x00, 0x0c, 0x00, 0x07, 0x00, 0x07, 0x00, 0x00, 0x00, 0xf2, 0x01, 0x00, 0x00, // ................
	0x01, 0x00, 0x00, 0x00, 0x30, 0x00, 0x00, 0x00, 0xec, 0x01, 0x00, 0x00, 0xf1, 0x01, 0x00, 0x00, // ....0...........
	0x0c, 0x00, 0x07, 0x00, 0x07, 0x00, 0x00, 0x00, 0xf7, 0x01, 0x00, 0x00, 0x01, 0x00, 0x00, 0x00, // ................
	0x30, 0x00, 0x00, 0x00, 0xee, 0x01, 0x00, 0x00, 0xf0, 0x01, 0x00, 0x00, 0x83, 0x00, 0x05, 0x00, // 0...............
	0x07, 0x00, 0x00, 0x00, 0xf9, 0x01, 0x00, 0x00, 0x86, 0x00, 0x00, 0x00, 0xf2, 0x01, 0x00, 0x00, // ................
	0x85, 0x00, 0x05, 0x00, 0x07, 0x00, 0x00, 0x00, 0xfa, 0x01, 0x00, 0x00, 0xf7, 0x01, 0x00, 0x00, // ................
	0xf9, 0x01, 0x00, 0x00, 0x83, 0x00, 0x05, 0x00, 0x07, 0x00, 0x00, 0x00, 0xfc, 0x01, 0x00, 0x00, // ................
	0x86, 0x00, 0x00, 0x00, 0xfa, 0x01, 0x00, 0x00, 0x83, 0x00, 0x05, 0x00, 0x07, 0x00, 0x00, 0x00, // ................
	0xfe, 0x01, 0x00, 0x00, 0xfc, 0x01, 0x00, 0x00, 0xf2, 0x01, 0x00, 0x00, 0x4f, 0x00, 0x07, 0x00, // ............O...
	0x0b, 0x00, 0x00, 0x00, 0x00, 0x02, 0x00, 0x00, 0xe8, 0x01, 0x00, 0x00, 0xe8, 0x01, 0x00, 0x00, // ................
	0x00, 0x00, 0x00, 0x00, 0x01, 0x00, 0x00, 0x00, 0x8e, 0x00, 0x05, 0x00, 0x0b, 0x00, 0x00, 0x00, // ................
	0x02, 0x02, 0x00, 0x00, 0x00, 0x02, 0x00, 0x00, 0xf2, 0x01, 0x00, 0x00, 0x4f, 0x00, 0x07, 0x00, // ............O...
	0x0b, 0x00, 0x00, 0x00, 0x04, 0x02, 0x00, 0x00, 0xe8, 0x01, 0x00, 0x00, 0xe8, 0x01, 0x00, 0x00, // ................
	0x02, 0x00, 0x00, 0x00, 0x01, 0x00, 0x00, 0x00, 0x8e, 0x00, 0x05, 0x00, 0x0b, 0x00, 0x00, 0x00, // ................
	0x06, 0x02, 0x00, 0x00, 0x04, 0x02, 0x00, 0x00, 0xfa, 0x01, 0x00, 0x00, 0x81, 0x00, 0x05, 0x00, // ................
	0x0b, 0x00, 0x00, 0x00, 0x07, 0x02, 0x00, 0x00, 0x02, 0x02, 0x00, 0x00, 0x06, 0x02, 0x00, 0x00, // ................
	0x4f, 0x00, 0x07, 0x00, 0x0b, 0x00, 0x00, 0x00, 0x09, 0x02, 0x00, 0x00, 0xe8, 0x01, 0x00, 0x00, // O...............
	0xe8, 0x01, 0x00, 0x00, 0x00, 0x00, 0x00, 0x00, 0x02, 0x00, 0x00, 0x00, 0x8e, 0x00, 0x05, 0x00, // ................
	0x0b, 0x00, 0x00, 0x00, 0x0b, 0x02, 0x00, 0x00, 0x09, 0x02, 0x00, 0x00, 0xfe, 0x01, 0x00, 0x00, // ................
	0x81, 0x00, 0x05, 0x00, 0x0b, 0x00, 0x00, 0x00, 0x0c, 0x02, 0x00, 0x00, 0x07, 0x02, 0x00, 0x00, // ................
	0x0b, 0x02, 0x00, 0x00, 0x41, 0x00, 0x06, 0x00, 0x69, 0x00, 0x00, 0x00, 0x8b, 0x01, 0x00, 0x00, // ....A...i.......
	0x66, 0x00, 0x00, 0x00, 0xe4, 0x00, 0x00, 0x00, 0x74, 0x00, 0x00, 0x00, 0x3d, 0x00, 0x04, 0x00, // f.......t...=...
	0x07, 0x00, 0x00, 0x00, 0x8c, 0x01, 0x00, 0x00, 0x8b, 0x01, 0x00, 0x00, 0x0c, 0x00, 0x08, 0x00, // ................
	0x07, 0x00, 0x00, 0x00, 0x8d, 0x01, 0x00, 0x00, 0x01, 0x00, 0x00, 0x00, 0x2b, 0x00, 0x00, 0x00, // ............+...
	0x8c, 0x01, 0x00, 0x00, 0x95, 0x00, 0x00, 0x00, 0x86, 0x00, 0x00, 0x00, 0x50, 0x00, 0x05, 0x00, // ............P...
	0x0b, 0x00, 0x00, 0x00, 0x8e, 0x01, 0x00, 0x00, 0x8d, 0x01, 0x00, 0x00, 0x8d, 0x01, 0x00, 0x00, // ................
	0x0c, 0x00, 0x08, 0x00, 0x0b, 0x00, 0x00, 0x00, 0x12, 0x02, 0x00, 0x00, 0x01, 0x00, 0x00, 0x00, // ................
	0x2e, 0x00, 0x00, 0x00, 0x2a, 0x01, 0x00, 0x00, 0x0c, 0x02, 0x00, 0x00, 0x8e, 0x01, 0x00, 0x00, // ....*...........
	0x56, 0x00, 0x05, 0x00, 0x4e, 0x00, 0x00, 0x00, 0x19, 0x02, 0x00, 0x00, 0x43, 0x00, 0x00, 0x00, // V...N.......C...
	0x40, 0x00, 0x00, 0x00, 0x57, 0x00, 0x05, 0x00, 0x0d, 0x00, 0x00, 0x00, 0x1b, 0x02, 0x00, 0x00, // @...W...........
	0x19, 0x02, 0x00, 0x00, 0x12, 0x02, 0x00, 0x00, 0x4f, 0x00, 0x08, 0x00, 0x29, 0x00, 0x00, 0x00, // ........O...)...
	0x94, 0x01, 0x00, 0x00, 0x1b, 0x02, 0x00, 0x00, 0x1b, 0x02, 0x00, 0x00, 0x00, 0x00, 0x00, 0x00, // ................
	0x01, 0x00, 0x00, 0x00, 0x02, 0x00, 0x00, 0x00, 0x85, 0x00, 0x05, 0x00, 0x07, 0x00, 0x00, 0x00, // ................
	0x96, 0x01, 0x00, 0x00, 0xf7, 0x00, 0x00, 0x00, 0x87, 0x01, 0x00, 0x00, 0x81, 0x00, 0x05, 0x00, // ................
	0x07, 0x00, 0x00, 0x00, 0x97, 0x01, 0x00, 0x00, 0xf6, 0x00, 0x00, 0x00, 0x96, 0x01, 0x00, 0x00, // ................
	0x41, 0x00, 0x06, 0x00, 0x69, 0x00, 0x00, 0x00, 0x98, 0x01, 0x00, 0x00, 0x66, 0x00, 0x00, 0x00, // A...i.......f...
	0xe4, 0x00, 0x00, 0x00, 0x68, 0x00, 0x00, 0x00, 0x3d, 0x00, 0x04, 0x00, 0x07, 0x00, 0x00, 0x00, // ....h...=.......
	0x99, 0x01, 0x00, 0x00, 0x98, 0x01, 0x00, 0x00, 0x0c, 0x00, 0x08, 0x00, 0x07, 0x00, 0x00, 0x00, // ................
	0x9a, 0x01, 0x00, 0x00, 0x01, 0x00, 0x00, 0x00, 0x2b, 0x00, 0x00, 0x00, 0x99, 0x01, 0x00, 0x00, // ........+.......
	0x95, 0x00, 0x00, 0x00, 0x86, 0x00, 0x00, 0x00, 0x0c, 0x00, 0x08, 0x00, 0x07, 0x00, 0x00, 0x00, // ................
	0x21, 0x02, 0x00, 0x00, 0x01, 0x00, 0x00, 0x00, 0x2e, 0x00, 0x00, 0x00, 0x86, 0x00, 0x00, 0x00, // !...............
	0x97, 0x01, 0x00, 0x00, 0x9a, 0x01, 0x00, 0x00, 0x4f, 0x00, 0x08, 0x00, 0x29, 0x00, 0x00, 0x00, // ........O...)...
	0x9e, 0x01, 0x00, 0x00, 0x22, 0x01, 0x00, 0x00, 0x22, 0x01, 0x00, 0x00, 0x00, 0x00, 0x00, 0x00, // ...."...".......
	0x01, 0x00, 0x00, 0x00, 0x02, 0x00, 0x00, 0x00, 0x85, 0x00, 0x05, 0x00, 0x29, 0x00, 0x00, 0x00, // ............)...
	0x9f, 0x01, 0x00, 0x00, 0x94, 0x01, 0x00, 0x00, 0x9e, 0x01, 0x00, 0x00, 0x8e, 0x00, 0x05, 0x00, // ................
	0x29, 0x00, 0x00, 0x00, 0xa1, 0x01, 0x00, 0x00, 0x9f, 0x01, 0x00, 0x00, 0x21, 0x02, 0x00, 0x00, // )...........!...
	0x51, 0x00, 0x05, 0x00, 0x07, 0x00, 0x00, 0x00, 0xa3, 0x01, 0x00, 0x00, 0x22, 0x01, 0x00, 0x00, // Q..........."...
	0x03, 0x00, 0x00, 0x00, 0x41, 0x00, 0x06, 0x00, 0x69, 0x00, 0x00, 0x00, 0xa4, 0x01, 0x00, 0x00, // ....A...i.......
	0x66, 0x00, 0x00, 0x00, 0x46, 0x00, 0x00, 0x00, 0x68, 0x00, 0x00, 0x00, 0x3d, 0x00, 0x04, 0x00, // f...F...h...=...
	0x07, 0x00, 0x00, 0x00, 0xa5, 0x01, 0x00, 0x00, 0xa4, 0x01, 0x00, 0x00, 0xba, 0x00, 0x05, 0x00, // ................
	0x6d, 0x00, 0x00, 0x00, 0xa6, 0x01, 0x00, 0x00, 0xa5, 0x01, 0x00, 0x00, 0x6c, 0x00, 0x00, 0x00, // m...........l...
	0xa9, 0x00, 0x06, 0x00, 0x07, 0x00, 0x00, 0x00, 0x31, 0x02, 0x00, 0x00, 0xa6, 0x01, 0x00, 0x00, // ........1.......
	0x86, 0x00, 0x00, 0x00, 0xa3, 0x01, 0x00, 0x00, 0x50, 0x00, 0x06, 0x00, 0x32, 0x02, 0x00, 0x00, // ........P...2...
	0x33, 0x02, 0x00, 0x00, 0xa6, 0x01, 0x00, 0x00, 0xa6, 0x01, 0x00, 0x00, 0xa6, 0x01, 0x00, 0x00, // 3...............
	0xa9, 0x00, 0x06, 0x00, 0x29, 0x00, 0x00, 0x00, 0x34, 0x02, 0x00, 0x00, 0x33, 0x02, 0x00, 0x00, // ....)...4...3...
	0x15, 0x01, 0x00, 0x00, 0xa1, 0x01, 0x00, 0x00, 0x51, 0x00, 0x05, 0x00, 0x07, 0x00, 0x00, 0x00, // ........Q.......
	0xab, 0x01, 0x00, 0x00, 0x34, 0x02, 0x00, 0x00, 0x00, 0x00, 0x00, 0x00, 0x51, 0x00, 0x05, 0x00, // ....4.......Q...
	0x07, 0x00, 0x00, 0x00, 0xac, 0x01, 0x00, 0x00, 0x34, 0x02, 0x00, 0x00, 0x01, 0x00, 0x00, 0x00, // ........4.......
	0x51, 0x00, 0x05, 0x00, 0x07, 0x00, 0x00, 0x00, 0xad, 0x01, 0x00, 0x00, 0x34, 0x02, 0x00, 0x00, // Q...........4...
	0x02, 0x00, 0x00, 0x00, 0x50, 0x00, 0x07, 0x00, 0x0d, 0x00, 0x00, 0x00, 0xae, 0x01, 0x00, 0x00, // ....P...........
	0xab, 0x01, 0x00, 0x00, 0xac, 0x01, 0x00, 0x00, 0xad, 0x01, 0x00, 0x00, 0x31, 0x02, 0x00, 0x00, // ............1...
	0x3e, 0x00, 0x03, 0x00, 0x46, 0x01, 0x00, 0x00, 0xae, 0x01, 0x00, 0x00, 0x3e, 0x00, 0x03, 0x00, // >...F.......>...
	0x49, 0x01, 0x00, 0x00, 0x2e, 0x02, 0x00, 0x00, 0xfd, 0x00, 0x01, 0x00, 0x38, 0x00, 0x01, 0x00, // I...........8...
	0x00, 0x00, 0x30, 0x00,                                                                         // ..0.
};

static const uint8_t frag_dx11[1940] =
{
	0x46, 0x53, 0x48, 0x0b, 0xc2, 0x9b, 0x15, 0x81, 0x00, 0x00, 0x00, 0x00, 0x04, 0x00, 0x09, 0x75, // FSH............u
	0x4c, 0x6f, 0x67, 0x44, 0x65, 0x70, 0x74, 0x68, 0x12, 0x00, 0x00, 0x00, 0x01, 0x00, 0x00, 0x00, // LogDepth........
	0x00, 0x00, 0x0d, 0x75, 0x45, 0x64, 0x67, 0x65, 0x4f, 0x76, 0x65, 0x72, 0x72, 0x69, 0x64, 0x65, // ...uEdgeOverride
	0x12, 0x00, 0x10, 0x00, 0x01, 0x00, 0x00, 0x00, 0x00, 0x00, 0x0c, 0x75, 0x4d, 0x65, 0x73, 0x68, // ...........uMesh
	0x53, 0x75, 0x72, 0x66, 0x61, 0x63, 0x65, 0x12, 0x00, 0x20, 0x00, 0x01, 0x00, 0x00, 0x00, 0x00, // Surface.. ......
	0x00, 0x08, 0x73, 0x5f, 0x61, 0x6c, 0x62, 0x65, 0x64, 0x6f, 0x30, 0x01, 0x00, 0x00, 0x01, 0x00, // ..s_albedo0.....
	0x00, 0x00, 0x00, 0x00, 0x28, 0x07, 0x00, 0x00, 0x44, 0x58, 0x42, 0x43, 0xe1, 0x1b, 0xdb, 0x78, // ....(...DXBC...x
	0x75, 0xf8, 0x3e, 0x5e, 0x5b, 0xca, 0xaa, 0x9a, 0x05, 0xd5, 0xee, 0xab, 0x01, 0x00, 0x00, 0x00, // u.>^[...........
	0x28, 0x07, 0x00, 0x00, 0x03, 0x00, 0x00, 0x00, 0x2c, 0x00, 0x00, 0x00, 0xe4, 0x00, 0x00, 0x00, // (.......,.......
	0x38, 0x01, 0x00, 0x00, 0x49, 0x53, 0x47, 0x4e, 0xb0, 0x00, 0x00, 0x00, 0x06, 0x00, 0x00, 0x00, // 8...ISGN........
	0x08, 0x00, 0x00, 0x00, 0x98, 0x00, 0x00, 0x00, 0x00, 0x00, 0x00, 0x00, 0x01, 0x00, 0x00, 0x00, // ................
	0x03, 0x00, 0x00, 0x00, 0x00, 0x00, 0x00, 0x00, 0x0f, 0x04, 0x00, 0x00, 0xa4, 0x00, 0x00, 0x00, // ................
	0x01, 0x00, 0x00, 0x00, 0x00, 0x00, 0x00, 0x00, 0x03, 0x00, 0x00, 0x00, 0x01, 0x00, 0x00, 0x00, // ................
	0x0f, 0x0f, 0x00, 0x00, 0xa4, 0x00, 0x00, 0x00, 0x00, 0x00, 0x00, 0x00, 0x00, 0x00, 0x00, 0x00, // ................
	0x03, 0x00, 0x00, 0x00, 0x02, 0x00, 0x00, 0x00, 0x07, 0x07, 0x00, 0x00, 0xa4, 0x00, 0x00, 0x00, // ................
	0x03, 0x00, 0x00, 0x00, 0x00, 0x00, 0x00, 0x00, 0x03, 0x00, 0x00, 0x00, 0x03, 0x00, 0x00, 0x00, // ................
	0x03, 0x03, 0x00, 0x00, 0xa4, 0x00, 0x00, 0x00, 0x02, 0x00, 0x00, 0x00, 0x00, 0x00, 0x00, 0x00, // ................
	0x03, 0x00, 0x00, 0x00, 0x03, 0x00, 0x00, 0x00, 0x04, 0x04, 0x00, 0x00, 0xa4, 0x00, 0x00, 0x00, // ................
	0x04, 0x00, 0x00, 0x00, 0x00, 0x00, 0x00, 0x00, 0x03, 0x00, 0x00, 0x00, 0x04, 0x00, 0x00, 0x00, // ................
	0x07, 0x07, 0x00, 0x00, 0x53, 0x56, 0x5f, 0x50, 0x4f, 0x53, 0x49, 0x54, 0x49, 0x4f, 0x4e, 0x00, // ....SV_POSITION.
	0x54, 0x45, 0x58, 0x43, 0x4f, 0x4f, 0x52, 0x44, 0x00, 0xab, 0xab, 0xab, 0x4f, 0x53, 0x47, 0x4e, // TEXCOORD....OSGN
	0x4c, 0x00, 0x00, 0x00, 0x02, 0x00, 0x00, 0x00, 0x08, 0x00, 0x00, 0x00, 0x38, 0x00, 0x00, 0x00, // L...........8...
	0x00, 0x00, 0x00, 0x00, 0x00, 0x00, 0x00, 0x00, 0x03, 0x00, 0x00, 0x00, 0x00, 0x00, 0x00, 0x00, // ................
	0x0f, 0x00, 0x00, 0x00, 0x42, 0x00, 0x00, 0x00, 0x00, 0x00, 0x00, 0x00, 0x00, 0x00, 0x00, 0x00, // ....B...........
	0x03, 0x00, 0x00, 0x00, 0xff, 0xff, 0xff, 0xff, 0x01, 0x0e, 0x00, 0x00, 0x53, 0x56, 0x5f, 0x54, // ............SV_T
	0x41, 0x52, 0x47, 0x45, 0x54, 0x00, 0x53, 0x56, 0x5f, 0x44, 0x45, 0x50, 0x54, 0x48, 0x00, 0xab, // ARGET.SV_DEPTH..
	0x53, 0x48, 0x44, 0x52, 0xe8, 0x05, 0x00, 0x00, 0x40, 0x00, 0x00, 0x00, 0x7a, 0x01, 0x00, 0x00, // SHDR....@...z...
	0x59, 0x00, 0x00, 0x04, 0x46, 0x8e, 0x20, 0x00, 0x00, 0x00, 0x00, 0x00, 0x03, 0x00, 0x00, 0x00, // Y...F. .........
	0x5a, 0x00, 0x00, 0x03, 0x00, 0x60, 0x10, 0x00, 0x00, 0x00, 0x00, 0x00, 0x58, 0x18, 0x00, 0x04, // Z....`......X...
	0x00, 0x70, 0x10, 0x00, 0x00, 0x00, 0x00, 0x00, 0x55, 0x55, 0x00, 0x00, 0x64, 0x20, 0x00, 0x04, // .p......UU..d ..
	0x42, 0x10, 0x10, 0x00, 0x00, 0x00, 0x00, 0x00, 0x01, 0x00, 0x00, 0x00, 0x62, 0x10, 0x00, 0x03, // B...........b...
	0xf2, 0x10, 0x10, 0x00, 0x01, 0x00, 0x00, 0x00, 0x62, 0x10, 0x00, 0x03, 0x72, 0x10, 0x10, 0x00, // ........b...r...
	0x02, 0x00, 0x00, 0x00, 0x62, 0x10, 0x00, 0x03, 0x32, 0x10, 0x10, 0x00, 0x03, 0x00, 0x00, 0x00, // ....b...2.......
	0x62, 0x10, 0x00, 0x03, 0x42, 0x10, 0x10, 0x00, 0x03, 0x00, 0x00, 0x00, 0x62, 0x10, 0x00, 0x03, // b...B.......b...
	0x72, 0x10, 0x10, 0x00, 0x04, 0x00, 0x00, 0x00, 0x65, 0x00, 0x00, 0x03, 0xf2, 0x20, 0x10, 0x00, // r.......e.... ..
	0x00, 0x00, 0x00, 0x00, 0x65, 0x00, 0x00, 0x02, 0x01, 0xc0, 0x00, 0x00, 0x68, 0x00, 0x00, 0x02, // ....e.......h...
	0x03, 0x00, 0x00, 0x00, 0x1d, 0x00, 0x00, 0x08, 0x12, 0x00, 0x10, 0x00, 0x00, 0x00, 0x00, 0x00, // ................
	0x0a, 0x80, 0x20, 0x00, 0x00, 0x00, 0x00, 0x00, 0x00, 0x00, 0x00, 0x00, 0x01, 0x40, 0x00, 0x00, // .. ..........@..
	0x00, 0x00, 0x00, 0x3f, 0x31, 0x00, 0x00, 0x08, 0x22, 0x00, 0x10, 0x00, 0x00, 0x00, 0x00, 0x00, // ...?1...".......
	0x2a, 0x10, 0x10, 0x00, 0x03, 0x00, 0x00, 0x00, 0x1a, 0x80, 0x20, 0x00, 0x00, 0x00, 0x00, 0x00, // *......... .....
	0x00, 0x00, 0x00, 0x00, 0x31, 0x00, 0x00, 0x08, 0x42, 0x00, 0x10, 0x00, 0x00, 0x00, 0x00, 0x00, // ....1...B.......
	0x2a, 0x80, 0x20, 0x00, 0x00, 0x00, 0x00, 0x00, 0x00, 0x00, 0x00, 0x00, 0x2a, 0x10, 0x10, 0x00, // *. .........*...
	0x03, 0x00, 0x00, 0x00, 0x3c, 0x00, 0x00, 0x07, 0x22, 0x00, 0x10, 0x00, 0x00, 0x00, 0x00, 0x00, // ....<...".......
	0x2a, 0x00, 0x10, 0x00, 0x00, 0x00, 0x00, 0x00, 0x1a, 0x00, 0x10, 0x00, 0x00, 0x00, 0x00, 0x00, // *...............
	0x01, 0x00, 0x00, 0x07, 0x22, 0x00, 0x10, 0x00, 0x00, 0x00, 0x00, 0x00, 0x1a, 0x00, 0x10, 0x00, // ...."...........
	0x00, 0x00, 0x00, 0x00, 0x0a, 0x00, 0x10, 0x00, 0x00, 0x00, 0x00, 0x00, 0x0d, 0x00, 0x04, 0x03, // ................
	0x1a, 0x00, 0x10, 0x00, 0x00, 0x00, 0x00, 0x00, 0x0e, 0x00, 0x00, 0x08, 0x22, 0x00, 0x10, 0x00, // ............"...
	0x00, 0x00, 0x00, 0x00, 0x2a, 0x10, 0x10, 0x00, 0x03, 0x00, 0x00, 0x00, 0x1a, 0x80, 0x20, 0x00, // ....*......... .
	0x00, 0x00, 0x00, 0x00, 0x00, 0x00, 0x00, 0x00, 0x34, 0x00, 0x00, 0x07, 0x22, 0x00, 0x10, 0x00, // ........4..."...
	0x00, 0x00, 0x00, 0x00, 0x1a, 0x00, 0x10, 0x00, 0x00, 0x00, 0x00, 0x00, 0x01, 0x40, 0x00, 0x00, // .............@..
	0x00, 0x00, 0x80, 0x3f, 0x2f, 0x00, 0x00, 0x05, 0x22, 0x00, 0x10, 0x00, 0x00, 0x00, 0x00, 0x00, // ...?/...".......
	0x1a, 0x00, 0x10, 0x00, 0x00, 0x00, 0x00, 0x00, 0x0e, 0x00, 0x00, 0x09, 0x42, 0x00, 0x10, 0x00, // ............B...
	0x00, 0x00, 0x00, 0x00, 0x2a, 0x80, 0x20, 0x00, 0x00, 0x00, 0x00, 0x00, 0x00, 0x00, 0x00, 0x00, // ....*. .........
	0x1a, 0x80, 0x20, 0x00, 0x00, 0x00, 0x00, 0x00, 0x00, 0x00, 0x00, 0x00, 0x34, 0x00, 0x00, 0x07, // .. .........4...
	0x42, 0x00, 0x10, 0x00, 0x00, 0x00, 0x00, 0x00, 0x2a, 0x00, 0x10, 0x00, 0x00, 0x00, 0x00, 0x00, // B.......*.......
	0x01, 0x40, 0x00, 0x00, 0x08, 0x00, 0x80, 0x3f, 0x2f, 0x00, 0x00, 0x05, 0x42, 0x00, 0x10, 0x00, // .@.....?/...B...
	0x00, 0x00, 0x00, 0x00, 0x2a, 0x00, 0x10, 0x00, 0x00, 0x00, 0x00, 0x00, 0x0e, 0x00, 0x00, 0x07, // ....*...........
	0x22, 0x00, 0x10, 0x00, 0x00, 0x00, 0x00, 0x00, 0x1a, 0x00, 0x10, 0x00, 0x00, 0x00, 0x00, 0x00, // "...............
	0x2a, 0x00, 0x10, 0x00, 0x00, 0x00, 0x00, 0x00, 0x33, 0x00, 0x00, 0x07, 0x22, 0x00, 0x10, 0x00, // *.......3..."...
	0x00, 0x00, 0x00, 0x00, 0x1a, 0x00, 0x10, 0x00, 0x00, 0x00, 0x00, 0x00, 0x01, 0x40, 0x00, 0x00, // .............@..
	0x00, 0x00, 0x80, 0x3f, 0x10, 0x00, 0x00, 0x07, 0x42, 0x00, 0x10, 0x00, 0x00, 0x00, 0x00, 0x00, // ...?....B.......
	0x46, 0x12, 0x10, 0x00, 0x02, 0x00, 0x00, 0x00, 0x46, 0x12, 0x10, 0x00, 0x02, 0x00, 0x00, 0x00, // F.......F.......
	0x44, 0x00, 0x00, 0x05, 0x42, 0x00, 0x10, 0x00, 0x00, 0x00, 0x00, 0x00, 0x2a, 0x00, 0x10, 0x00, // D...B.......*...
	0x00, 0x00, 0x00, 0x00, 0x38, 0x00, 0x00, 0x07, 0x72, 0x00, 0x10, 0x00, 0x01, 0x00, 0x00, 0x00, // ....8...r.......
	0xa6, 0x0a, 0x10, 0x00, 0x00, 0x00, 0x00, 0x00, 0x46, 0x12, 0x10, 0x00, 0x02, 0x00, 0x00, 0x00, // ........F.......
	0x10, 0x00, 0x00, 0x0a, 0x42, 0x00, 0x10, 0x00, 0x00, 0x00, 0x00, 0x00, 0x46, 0x02, 0x10, 0x00, // ....B.......F...
	0x01, 0x00, 0x00, 0x00, 0x02, 0x40, 0x00, 0x00, 0x31, 0x0c, 0xc3, 0x3e, 0x31, 0x0c, 0x43, 0x3f, // .....@..1..>1.C?
	0x62, 0x18, 0x06, 0x3f, 0x00, 0x00, 0x00, 0x00, 0x34, 0x00, 0x00, 0x07, 0x42, 0x00, 0x10, 0x00, // b..?....4...B...
	0x00, 0x00, 0x00, 0x00, 0x2a, 0x00, 0x10, 0x00, 0x00, 0x00, 0x00, 0x00, 0x01, 0x40, 0x00, 0x00, // ....*........@..
	0x00, 0x00, 0x00, 0x00, 0x38, 0x00, 0x00, 0x0b, 0x72, 0x00, 0x10, 0x00, 0x02, 0x00, 0x00, 0x00, // ....8...r.......
	0x46, 0x12, 0x10, 0x80, 0x81, 0x00, 0x00, 0x00, 0x04, 0x00, 0x00, 0x00, 0x02, 0x40, 0x00, 0x00, // F............@..
	0x0a, 0xd7, 0x23, 0x3c, 0x0a, 0xd7, 0x23, 0x3c, 0x0a, 0xd7, 0x23, 0x3c, 0x00, 0x00, 0x00, 0x00, // ..#<..#<..#<....
	0x34, 0x00, 0x00, 0x09, 0x82, 0x00, 0x10, 0x00, 0x00, 0x00, 0x00, 0x00, 0x1a, 0x00, 0x10, 0x80, // 4...............
	0x81, 0x00, 0x00, 0x00, 0x01, 0x00, 0x00, 0x00, 0x0a, 0x00, 0x10, 0x80, 0x81, 0x00, 0x00, 0x00, // ................
	0x01, 0x00, 0x00, 0x00, 0x1d, 0x00, 0x00, 0x08, 0x82, 0x00, 0x10, 0x00, 0x00, 0x00, 0x00, 0x00, // ................
	0x3a, 0x00, 0x10, 0x00, 0x00, 0x00, 0x00, 0x00, 0x2a, 0x00, 0x10, 0x80, 0x81, 0x00, 0x00, 0x00, // :.......*.......
	0x01, 0x00, 0x00, 0x00, 0x01, 0x00, 0x00, 0x07, 0x42, 0x00, 0x10, 0x00, 0x01, 0x00, 0x00, 0x00, // ........B.......
	0x3a, 0x00, 0x10, 0x00, 0x00, 0x00, 0x00, 0x00, 0x01, 0x40, 0x00, 0x00, 0x00, 0x00, 0x80, 0x3f, // :........@.....?
	0x1d, 0x00, 0x00, 0x09, 0x12, 0x00, 0x10, 0x00, 0x01, 0x00, 0x00, 0x00, 0x1a, 0x00, 0x10, 0x80, // ................
	0x81, 0x00, 0x00, 0x00, 0x01, 0x00, 0x00, 0x00, 0x0a, 0x00, 0x10, 0x80, 0x81, 0x00, 0x00, 0x00, // ................
	0x01, 0x00, 0x00, 0x00, 0x37, 0x00, 0x00, 0x09, 0x22, 0x00, 0x10, 0x00, 0x01, 0x00, 0x00, 0x00, // ....7...".......
	0x3a, 0x00, 0x10, 0x00, 0x00, 0x00, 0x00, 0x00, 0x01, 0x40, 0x00, 0x00, 0x00, 0x00, 0x80, 0xbf, // :........@......
	0x01, 0x40, 0x00, 0x00, 0x00, 0x00, 0x00, 0x80, 0x01, 0x00, 0x00, 0x07, 0x12, 0x00, 0x10, 0x00, // .@..............
	0x01, 0x00, 0x00, 0x00, 0x0a, 0x00, 0x10, 0x00, 0x01, 0x00, 0x00, 0x00, 0x01, 0x40, 0x00, 0x00, // .............@..
	0x00, 0x00, 0x80, 0x3f, 0x37, 0x00, 0x00, 0x09, 0x82, 0x00, 0x10, 0x00, 0x00, 0x00, 0x00, 0x00, // ...?7...........
	0x3a, 0x00, 0x10, 0x00, 0x00, 0x00, 0x00, 0x00, 0x01, 0x40, 0x00, 0x00, 0x00, 0x00, 0x00, 0x00, // :........@......
	0x0a, 0x00, 0x10, 0x00, 0x01, 0x00, 0x00, 0x00, 0x00, 0x00, 0x00, 0x08, 0x12, 0x00, 0x10, 0x00, // ................
	0x01, 0x00, 0x00, 0x00, 0x3a, 0x00, 0x10, 0x80, 0x41, 0x00, 0x00, 0x00, 0x00, 0x00, 0x00, 0x00, // ....:...A.......
	0x1a, 0x00, 0x10, 0x00, 0x01, 0x00, 0x00, 0x00, 0x00, 0x00, 0x00, 0x07, 0x12, 0x00, 0x10, 0x00, // ................
	0x01, 0x00, 0x00, 0x00, 0x0a, 0x00, 0x10, 0x00, 0x01, 0x00, 0x00, 0x00, 0x01, 0x40, 0x00, 0x00, // .............@..
	0x00, 0x00, 0x80, 0x3f, 0x38, 0x00, 0x00, 0x07, 0xa2, 0x00, 0x10, 0x00, 0x01, 0x00, 0x00, 0x00, // ...?8...........
	0xf6, 0x0f, 0x10, 0x00, 0x00, 0x00, 0x00, 0x00, 0xa6, 0x06, 0x10, 0x00, 0x02, 0x00, 0x00, 0x00, // ................
	0x32, 0x00, 0x00, 0x09, 0x62, 0x00, 0x10, 0x00, 0x01, 0x00, 0x00, 0x00, 0x06, 0x01, 0x10, 0x00, // 2...b...........
	0x02, 0x00, 0x00, 0x00, 0xa6, 0x0a, 0x10, 0x00, 0x01, 0x00, 0x00, 0x00, 0x56, 0x07, 0x10, 0x00, // ............V...
	0x01, 0x00, 0x00, 0x00, 0x32, 0x00, 0x00, 0x09, 0x32, 0x00, 0x10, 0x00, 0x01, 0x00, 0x00, 0x00, // ....2...2.......
	0x86, 0x00, 0x10, 0x00, 0x02, 0x00, 0x00, 0x00, 0x06, 0x00, 0x10, 0x00, 0x01, 0x00, 0x00, 0x00, // ................
	0x96, 0x05, 0x10, 0x00, 0x01, 0x00, 0x00, 0x00, 0x36, 0x20, 0x00, 0x06, 0xc2, 0x00, 0x10, 0x00, // ........6 ......
	0x01, 0x00, 0x00, 0x00, 0x56, 0x81, 0x20, 0x00, 0x00, 0x00, 0x00, 0x00, 0x02, 0x00, 0x00, 0x00, // ....V. .........
	0x00, 0x00, 0x00, 0x08, 0x32, 0x00, 0x10, 0x00, 0x01, 0x00, 0x00, 0x00, 0x46, 0x00, 0x10, 0x00, // ....2.......F...
	0x01, 0x00, 0x00, 0x00, 0x46, 0x10, 0x10, 0x80, 0x41, 0x00, 0x00, 0x00, 0x03, 0x00, 0x00, 0x00, // ....F...A.......
	0x32, 0x00, 0x00, 0x09, 0x32, 0x00, 0x10, 0x00, 0x01, 0x00, 0x00, 0x00, 0xa6, 0x0a, 0x10, 0x00, // 2...2...........
	0x01, 0x00, 0x00, 0x00, 0x46, 0x00, 0x10, 0x00, 0x01, 0x00, 0x00, 0x00, 0x46, 0x10, 0x10, 0x00, // ....F.......F...
	0x03, 0x00, 0x00, 0x00, 0x45, 0x00, 0x00, 0x09, 0xf2, 0x00, 0x10, 0x00, 0x02, 0x00, 0x00, 0x00, // ....E...........
	0x46, 0x00, 0x10, 0x00, 0x01, 0x00, 0x00, 0x00, 0x46, 0x7e, 0x10, 0x00, 0x00, 0x00, 0x00, 0x00, // F.......F~......
	0x00, 0x60, 0x10, 0x00, 0x00, 0x00, 0x00, 0x00, 0x32, 0x00, 0x00, 0x09, 0x42, 0x00, 0x10, 0x00, // .`......2...B...
	0x00, 0x00, 0x00, 0x00, 0x2a, 0x00, 0x10, 0x00, 0x00, 0x00, 0x00, 0x00, 0x01, 0x40, 0x00, 0x00, // ....*........@..
	0x00, 0x00, 0x40, 0x3f, 0x01, 0x40, 0x00, 0x00, 0xcd, 0xcc, 0x0c, 0xbf, 0x32, 0x00, 0x00, 0x09, // ..@?.@......2...
	0x42, 0x00, 0x10, 0x00, 0x00, 0x00, 0x00, 0x00, 0x3a, 0x00, 0x10, 0x00, 0x01, 0x00, 0x00, 0x00, // B.......:.......
	0x2a, 0x00, 0x10, 0x00, 0x00, 0x00, 0x00, 0x00, 0x01, 0x40, 0x00, 0x00, 0x00, 0x00, 0x80, 0x3f, // *........@.....?
	0x38, 0x00, 0x00, 0x07, 0x72, 0x00, 0x10, 0x00, 0x01, 0x00, 0x00, 0x00, 0x46, 0x02, 0x10, 0x00, // 8...r.......F...
	0x02, 0x00, 0x00, 0x00, 0x46, 0x12, 0x10, 0x00, 0x01, 0x00, 0x00, 0x00, 0x38, 0x00, 0x00, 0x07, // ....F.......8...
	0x72, 0x00, 0x10, 0x00, 0x01, 0x00, 0x00, 0x00, 0xa6, 0x0a, 0x10, 0x00, 0x00, 0x00, 0x00, 0x00, // r...............
	0x46, 0x02, 0x10, 0x00, 0x01, 0x00, 0x00, 0x00, 0x31, 0x00, 0x00, 0x08, 0x42, 0x00, 0x10, 0x00, // F.......1...B...
	0x00, 0x00, 0x00, 0x00, 0x01, 0x40, 0x00, 0x00, 0x00, 0x00, 0x00, 0x3f, 0x0a, 0x80, 0x20, 0x00, // .....@.....?.. .
	0x00, 0x00, 0x00, 0x00, 0x01, 0x00, 0x00, 0x00, 0x36, 0x00, 0x00, 0x05, 0x82, 0x00, 0x10, 0x00, // ........6.......
	0x01, 0x00, 0x00, 0x00, 0x3a, 0x10, 0x10, 0x00, 0x01, 0x00, 0x00, 0x00, 0x37, 0x00, 0x00, 0x0c, // ....:.......7...
	0xf2, 0x20, 0x10, 0x00, 0x00, 0x00, 0x00, 0x00, 0xa6, 0x0a, 0x10, 0x00, 0x00, 0x00, 0x00, 0x00, // . ..............
	0x02, 0x40, 0x00, 0x00, 0x33, 0x33, 0x73, 0x3f, 0xd7, 0xa3, 0x70, 0x3f, 0x1f, 0x85, 0x6b, 0x3f, // .@..33s?..p?..k?
	0x00, 0x00, 0x80, 0x3f, 0x46, 0x0e, 0x10, 0x00, 0x01, 0x00, 0x00, 0x00, 0x37, 0x00, 0x00, 0x08, // ...?F.......7...
	0x01, 0xc0, 0x00, 0x00, 0x0a, 0x00, 0x10, 0x00, 0x00, 0x00, 0x00, 0x00, 0x1a, 0x00, 0x10, 0x00, // ................
	0x00, 0x00, 0x00, 0x00, 0x2a, 0x10, 0x10, 0x00, 0x00, 0x00, 0x00, 0x00, 0x3e, 0x00, 0x00, 0x01, // ....*.......>...
	0x00, 0x00, 0x30, 0x00,                                                                         // ..0.
};

static const uint8_t frag_dx12[1952] =
{
	0x46, 0x53, 0x48, 0x0b, 0xc2, 0x9b, 0x15, 0x81, 0x00, 0x00, 0x00, 0x00, 0x04, 0x00, 0x09, 0x75, // FSH............u
	0x4c, 0x6f, 0x67, 0x44, 0x65, 0x70, 0x74, 0x68, 0x12, 0x00, 0x00, 0x00, 0x01, 0x00, 0x00, 0x00, // LogDepth........
	0x00, 0x00, 0x0d, 0x75, 0x45, 0x64, 0x67, 0x65, 0x4f, 0x76, 0x65, 0x72, 0x72, 0x69, 0x64, 0x65, // ...uEdgeOverride
	0x12, 0x00, 0x10, 0x00, 0x01, 0x00, 0x00, 0x00, 0x00, 0x00, 0x0c, 0x75, 0x4d, 0x65, 0x73, 0x68, // ...........uMesh
	0x53, 0x75, 0x72, 0x66, 0x61, 0x63, 0x65, 0x12, 0x00, 0x20, 0x00, 0x01, 0x00, 0x00, 0x00, 0x00, // Surface.. ......
	0x00, 0x08, 0x73, 0x5f, 0x61, 0x6c, 0x62, 0x65, 0x64, 0x6f, 0x30, 0x01, 0x00, 0x00, 0x01, 0x00, // ..s_albedo0.....
	0x00, 0x00, 0x00, 0x00, 0x34, 0x07, 0x00, 0x00, 0x44, 0x58, 0x42, 0x43, 0xbd, 0x82, 0xfd, 0x6d, // ....4...DXBC...m
	0x89, 0x4d, 0x3c, 0x91, 0xac, 0x22, 0xff, 0xe9, 0x05, 0xda, 0x80, 0xf1, 0x01, 0x00, 0x00, 0x00, // .M<.."..........
	0x34, 0x07, 0x00, 0x00, 0x03, 0x00, 0x00, 0x00, 0x2c, 0x00, 0x00, 0x00, 0xe4, 0x00, 0x00, 0x00, // 4.......,.......
	0x38, 0x01, 0x00, 0x00, 0x49, 0x53, 0x47, 0x4e, 0xb0, 0x00, 0x00, 0x00, 0x06, 0x00, 0x00, 0x00, // 8...ISGN........
	0x08, 0x00, 0x00, 0x00, 0x98, 0x00, 0x00, 0x00, 0x00, 0x00, 0x00, 0x00, 0x01, 0x00, 0x00, 0x00, // ................
	0x03, 0x00, 0x00, 0x00, 0x00, 0x00, 0x00, 0x00, 0x0f, 0x04, 0x00, 0x00, 0xa4, 0x00, 0x00, 0x00, // ................
	0x01, 0x00, 0x00, 0x00, 0x00, 0x00, 0x00, 0x00, 0x03, 0x00, 0x00, 0x00, 0x01, 0x00, 0x00, 0x00, // ................
	0x0f, 0x0f, 0x00, 0x00, 0xa4, 0x00, 0x00, 0x00, 0x00, 0x00, 0x00, 0x00, 0x00, 0x00, 0x00, 0x00, // ................
	0x03, 0x00, 0x00, 0x00, 0x02, 0x00, 0x00, 0x00, 0x07, 0x07, 0x00, 0x00, 0xa4, 0x00, 0x00, 0x00, // ................
	0x03, 0x00, 0x00, 0x00, 0x00, 0x00, 0x00, 0x00, 0x03, 0x00, 0x00, 0x00, 0x03, 0x00, 0x00, 0x00, // ................
	0x03, 0x03, 0x00, 0x00, 0xa4, 0x00, 0x00, 0x00, 0x02, 0x00, 0x00, 0x00, 0x00, 0x00, 0x00, 0x00, // ................
	0x03, 0x00, 0x00, 0x00, 0x03, 0x00, 0x00, 0x00, 0x04, 0x04, 0x00, 0x00, 0xa4, 0x00, 0x00, 0x00, // ................
	0x04, 0x00, 0x00, 0x00, 0x00, 0x00, 0x00, 0x00, 0x03, 0x00, 0x00, 0x00, 0x04, 0x00, 0x00, 0x00, // ................
	0x07, 0x07, 0x00, 0x00, 0x53, 0x56, 0x5f, 0x50, 0x4f, 0x53, 0x49, 0x54, 0x49, 0x4f, 0x4e, 0x00, // ....SV_POSITION.
	0x54, 0x45, 0x58, 0x43, 0x4f, 0x4f, 0x52, 0x44, 0x00, 0xab, 0xab, 0xab, 0x4f, 0x53, 0x47, 0x4e, // TEXCOORD....OSGN
	0x4c, 0x00, 0x00, 0x00, 0x02, 0x00, 0x00, 0x00, 0x08, 0x00, 0x00, 0x00, 0x38, 0x00, 0x00, 0x00, // L...........8...
	0x00, 0x00, 0x00, 0x00, 0x00, 0x00, 0x00, 0x00, 0x03, 0x00, 0x00, 0x00, 0x00, 0x00, 0x00, 0x00, // ................
	0x0f, 0x00, 0x00, 0x00, 0x42, 0x00, 0x00, 0x00, 0x00, 0x00, 0x00, 0x00, 0x00, 0x00, 0x00, 0x00, // ....B...........
	0x03, 0x00, 0x00, 0x00, 0xff, 0xff, 0xff, 0xff, 0x01, 0x0e, 0x00, 0x00, 0x53, 0x56, 0x5f, 0x54, // ............SV_T
	0x41, 0x52, 0x47, 0x45, 0x54, 0x00, 0x53, 0x56, 0x5f, 0x44, 0x45, 0x50, 0x54, 0x48, 0x00, 0xab, // ARGET.SV_DEPTH..
	0x53, 0x48, 0x45, 0x58, 0xf4, 0x05, 0x00, 0x00, 0x50, 0x00, 0x00, 0x00, 0x7d, 0x01, 0x00, 0x00, // SHEX....P...}...
	0x6a, 0x08, 0x00, 0x01, 0x59, 0x00, 0x00, 0x04, 0x46, 0x8e, 0x20, 0x00, 0x00, 0x00, 0x00, 0x00, // j...Y...F. .....
	0x03, 0x00, 0x00, 0x00, 0x5a, 0x00, 0x00, 0x03, 0x00, 0x60, 0x10, 0x00, 0x00, 0x00, 0x00, 0x00, // ....Z....`......
	0x58, 0x18, 0x00, 0x04, 0x00, 0x70, 0x10, 0x00, 0x00, 0x00, 0x00, 0x00, 0x55, 0x55, 0x00, 0x00, // X....p......UU..
	0x64, 0x20, 0x00, 0x04, 0x42, 0x10, 0x10, 0x00, 0x00, 0x00, 0x00, 0x00, 0x01, 0x00, 0x00, 0x00, // d ..B...........
	0x62, 0x10, 0x00, 0x03, 0xf2, 0x10, 0x10, 0x00, 0x01, 0x00, 0x00, 0x00, 0x62, 0x10, 0x00, 0x03, // b...........b...
	0x72, 0x10, 0x10, 0x00, 0x02, 0x00, 0x00, 0x00, 0x62, 0x10, 0x00, 0x03, 0x32, 0x10, 0x10, 0x00, // r.......b...2...
	0x03, 0x00, 0x00, 0x00, 0x62, 0x10, 0x00, 0x03, 0x42, 0x10, 0x10, 0x00, 0x03, 0x00, 0x00, 0x00, // ....b...B.......
	0x62, 0x10, 0x00, 0x03, 0x72, 0x10, 0x10, 0x00, 0x04, 0x00, 0x00, 0x00, 0x65, 0x00, 0x00, 0x03, // b...r.......e...
	0xf2, 0x20, 0x10, 0x00, 0x00, 0x00, 0x00, 0x00, 0x65, 0x00, 0x00, 0x02, 0x01, 0xc0, 0x00, 0x00, // . ......e.......
	0x68, 0x00, 0x00, 0x02, 0x03, 0x00, 0x00, 0x00, 0x1d, 0x00, 0x00, 0x08, 0x12, 0x00, 0x10, 0x00, // h...............
	0x00, 0x00, 0x00, 0x00, 0x0a, 0x80, 0x20, 0x00, 0x00, 0x00, 0x00, 0x00, 0x00, 0x00, 0x00, 0x00, // ...... .........
	0x01, 0x40, 0x00, 0x00, 0x00, 0x00, 0x00, 0x3f, 0x31, 0x00, 0x00, 0x08, 0x22, 0x00, 0x10, 0x00, // .@.....?1..."...
	0x00, 0x00, 0x00, 0x00, 0x2a, 0x10, 0x10, 0x00, 0x03, 0x00, 0x00, 0x00, 0x1a, 0x80, 0x20, 0x00, // ....*......... .
	0x00, 0x00, 0x00, 0x00, 0x00, 0x00, 0x00, 0x00, 0x31, 0x00, 0x00, 0x08, 0x42, 0x00, 0x10, 0x00, // ........1...B...
	0x00, 0x00, 0x00, 0x00, 0x2a, 0x80, 0x20, 0x00, 0x00, 0x00, 0x00, 0x00, 0x00, 0x00, 0x00, 0x00, // ....*. .........
	0x2a, 0x10, 0x10, 0x00, 0x03, 0x00, 0x00, 0x00, 0x3c, 0x00, 0x00, 0x07, 0x22, 0x00, 0x10, 0x00, // *.......<..."...
	0x00, 0x00, 0x00, 0x00, 0x2a, 0x00, 0x10, 0x00, 0x00, 0x00, 0x00, 0x00, 0x1a, 0x00, 0x10, 0x00, // ....*...........
	0x00, 0x00, 0x00, 0x00, 0x01, 0x00, 0x00, 0x07, 0x22, 0x00, 0x10, 0x00, 0x00, 0x00, 0x00, 0x00, // ........".......
	0x1a, 0x00, 0x10, 0x00, 0x00, 0x00, 0x00, 0x00, 0x0a, 0x00, 0x10, 0x00, 0x00, 0x00, 0x00, 0x00, // ................
	0x0d, 0x00, 0x04, 0x03, 0x1a, 0x00, 0x10, 0x00, 0x00, 0x00, 0x00, 0x00, 0x0e, 0x00, 0x00, 0x08, // ................
	0x22, 0x00, 0x10, 0x00, 0x00, 0x00, 0x00, 0x00, 0x2a, 0x10, 0x10, 0x00, 0x03, 0x00, 0x00, 0x00, // ".......*.......
	0x1a, 0x80, 0x20, 0x00, 0x00, 0x00, 0x00, 0x00, 0x00, 0x00, 0x00, 0x00, 0x34, 0x00, 0x00, 0x07, // .. .........4...
	0x22, 0x00, 0x10, 0x00, 0x00, 0x00, 0x00, 0x00, 0x1a, 0x00, 0x10, 0x00, 0x00, 0x00, 0x00, 0x00, // "...............
	0x01, 0x40, 0x00, 0x00, 0x00, 0x00, 0x80, 0x3f, 0x2f, 0x00, 0x00, 0x05, 0x22, 0x00, 0x10, 0x00, // .@.....?/..."...
	0x00, 0x00, 0x00, 0x00, 0x1a, 0x00, 0x10, 0x00, 0x00, 0x00, 0x00, 0x00, 0x0e, 0x00, 0x00, 0x09, // ................
	0x42, 0x00, 0x10, 0x00, 0x00, 0x00, 0x00, 0x00, 0x2a, 0x80, 0x20, 0x00, 0x00, 0x00, 0x00, 0x00, // B.......*. .....
	0x00, 0x00, 0x00, 0x00, 0x1a, 0x80, 0x20, 0x00, 0x00, 0x00, 0x00, 0x00, 0x00, 0x00, 0x00, 0x00, // ...... .........
	0x34, 0x00, 0x00, 0x07, 0x42, 0x00, 0x10, 0x00, 0x00, 0x00, 0x00, 0x00, 0x2a, 0x00, 0x10, 0x00, // 4...B.......*...
	0x00, 0x00, 0x00, 0x00, 0x01, 0x40, 0x00, 0x00, 0x08, 0x00, 0x80, 0x3f, 0x2f, 0x00, 0x00, 0x05, // .....@.....?/...
	0x42, 0x00, 0x10, 0x00, 0x00, 0x00, 0x00, 0x00, 0x2a, 0x00, 0x10, 0x00, 0x00, 0x00, 0x00, 0x00, // B.......*.......
	0x0e, 0x00, 0x00, 0x07, 0x22, 0x00, 0x10, 0x00, 0x00, 0x00, 0x00, 0x00, 0x1a, 0x00, 0x10, 0x00, // ...."...........
	0x00, 0x00, 0x00, 0x00, 0x2a, 0x00, 0x10, 0x00, 0x00, 0x00, 0x00, 0x00, 0x33, 0x00, 0x00, 0x07, // ....*.......3...
	0x22, 0x00, 0x10, 0x00, 0x00, 0x00, 0x00, 0x00, 0x1a, 0x00, 0x10, 0x00, 0x00, 0x00, 0x00, 0x00, // "...............
	0x01, 0x40, 0x00, 0x00, 0x00, 0x00, 0x80, 0x3f, 0x10, 0x00, 0x00, 0x07, 0x42, 0x00, 0x10, 0x00, // .@.....?....B...
	0x00, 0x00, 0x00, 0x00, 0x46, 0x12, 0x10, 0x00, 0x02, 0x00, 0x00, 0x00, 0x46, 0x12, 0x10, 0x00, // ....F.......F...
	0x02, 0x00, 0x00, 0x00, 0x44, 0x00, 0x00, 0x05, 0x42, 0x00, 0x10, 0x00, 0x00, 0x00, 0x00, 0x00, // ....D...B.......
	0x2a, 0x00, 0x10, 0x00, 0x00, 0x00, 0x00, 0x00, 0x38, 0x00, 0x00, 0x07, 0x72, 0x00, 0x10, 0x00, // *.......8...r...
	0x01, 0x00, 0x00, 0x00, 0xa6, 0x0a, 0x10, 0x00, 0x00, 0x00, 0x00, 0x00, 0x46, 0x12, 0x10, 0x00, // ............F...
	0x02, 0x00, 0x00, 0x00, 0x10, 0x00, 0x00, 0x0a, 0x42, 0x00, 0x10, 0x00, 0x00, 0x00, 0x00, 0x00, // ........B.......
	0x46, 0x02, 0x10, 0x00, 0x01, 0x00, 0x00, 0x00, 0x02, 0x40, 0x00, 0x00, 0x31, 0x0c, 0xc3, 0x3e, // F........@..1..>
	0x31, 0x0c, 0x43, 0x3f, 0x62, 0x18, 0x06, 0x3f, 0x00, 0x00, 0x00, 0x00, 0x34, 0x00, 0x00, 0x07, // 1.C?b..?....4...
	0x42, 0x00, 0x10, 0x00, 0x00, 0x00, 0x00, 0x00, 0x2a, 0x00, 0x10, 0x00, 0x00, 0x00, 0x00, 0x00, // B.......*.......
	0x01, 0x40, 0x00, 0x00, 0x00, 0x00, 0x00, 0x00, 0x38, 0x00, 0x00, 0x0b, 0x72, 0x00, 0x10, 0x00, // .@......8...r...
	0x02, 0x00, 0x00, 0x00, 0x46, 0x12, 0x10, 0x80, 0x81, 0x00, 0x00, 0x00, 0x04, 0x00, 0x00, 0x00, // ....F...........
	0x02, 0x40, 0x00, 0x00, 0x0a, 0xd7, 0x23, 0x3c, 0x0a, 0xd7, 0x23, 0x3c, 0x0a, 0xd7, 0x23, 0x3c, // .@....#<..#<..#<
	0x00, 0x00, 0x00, 0x00, 0x34, 0x00, 0x00, 0x09, 0x82, 0x00, 0x10, 0x00, 0x00, 0x00, 0x00, 0x00, // ....4...........
	0x1a, 0x00, 0x10, 0x80, 0x81, 0x00, 0x00, 0x00, 0x01, 0x00, 0x00, 0x00, 0x0a, 0x00, 0x10, 0x80, // ................
	0x81, 0x00, 0x00, 0x00, 0x01, 0x00, 0x00, 0x00, 0x1d, 0x00, 0x00, 0x08, 0x82, 0x00, 0x10, 0x00, // ................
	0x00, 0x00, 0x00, 0x00, 0x3a, 0x00, 0x10, 0x00, 0x00, 0x00, 0x00, 0x00, 0x2a, 0x00, 0x10, 0x80, // ....:.......*...
	0x81, 0x00, 0x00, 0x00, 0x01, 0x00, 0x00, 0x00, 0x01, 0x00, 0x00, 0x07, 0x42, 0x00, 0x10, 0x00, // ............B...
	0x01, 0x00, 0x00, 0x00, 0x3a, 0x00, 0x10, 0x00, 0x00, 0x00, 0x00, 0x00, 0x01, 0x40, 0x00, 0x00, // ....:........@..
	0x00, 0x00, 0x80, 0x3f, 0x1d, 0x00, 0x00, 0x09, 0x12, 0x00, 0x10, 0x00, 0x01, 0x00, 0x00, 0x00, // ...?............
	0x1a, 0x00, 0x10, 0x80, 0x81, 0x00, 0x00, 0x00, 0x01, 0x00, 0x00, 0x00, 0x0a, 0x00, 0x10, 0x80, // ................
	0x81, 0x00, 0x00, 0x00, 0x01, 0x00, 0x00, 0x00, 0x37, 0x00, 0x00, 0x09, 0x22, 0x00, 0x10, 0x00, // ........7..."...
	0x01, 0x00, 0x00, 0x00, 0x3a, 0x00, 0x10, 0x00, 0x00, 0x00, 0x00, 0x00, 0x01, 0x40, 0x00, 0x00, // ....:........@..
	0x00, 0x00, 0x80, 0xbf, 0x01, 0x40, 0x00, 0x00, 0x00, 0x00, 0x00, 0x80, 0x01, 0x00, 0x00, 0x07, // .....@..........
	0x12, 0x00, 0x10, 0x00, 0x01, 0x00, 0x00, 0x00, 0x0a, 0x00, 0x10, 0x00, 0x01, 0x00, 0x00, 0x00, // ................
	0x01, 0x40, 0x00, 0x00, 0x00, 0x00, 0x80, 0x3f, 0x37, 0x00, 0x00, 0x09, 0x82, 0x00, 0x10, 0x00, // .@.....?7.......
	0x00, 0x00, 0x00, 0x00, 0x3a, 0x00, 0x10, 0x00, 0x00, 0x00, 0x00, 0x00, 0x01, 0x40, 0x00, 0x00, // ....:........@..
	0x00, 0x00, 0x00, 0x00, 0x0a, 0x00, 0x10, 0x00, 0x01, 0x00, 0x00, 0x00, 0x00, 0x00, 0x00, 0x08, // ................
	0x12, 0x00, 0x10, 0x00, 0x01, 0x00, 0x00, 0x00, 0x3a, 0x00, 0x10, 0x80, 0x41, 0x00, 0x00, 0x00, // ........:...A...
	0x00, 0x00, 0x00, 0x00, 0x1a, 0x00, 0x10, 0x00, 0x01, 0x00, 0x00, 0x00, 0x00, 0x00, 0x00, 0x07, // ................
	0x12, 0x00, 0x10, 0x00, 0x01, 0x00, 0x00, 0x00, 0x0a, 0x00, 0x10, 0x00, 0x01, 0x00, 0x00, 0x00, // ................
	0x01, 0x40, 0x00, 0x00, 0x00, 0x00, 0x80, 0x3f, 0x38, 0x00, 0x00, 0x07, 0xa2, 0x00, 0x10, 0x00, // .@.....?8.......
	0x01, 0x00, 0x00, 0x00, 0xf6, 0x0f, 0x10, 0x00, 0x00, 0x00, 0x00, 0x00, 0xa6, 0x06, 0x10, 0x00, // ................
	0x02, 0x00, 0x00, 0x00, 0x32, 0x00, 0x00, 0x09, 0x62, 0x00, 0x10, 0x00, 0x01, 0x00, 0x00, 0x00, // ....2...b.......
	0x06, 0x01, 0x10, 0x00, 0x02, 0x00, 0x00, 0x00, 0xa6, 0x0a, 0x10, 0x00, 0x01, 0x00, 0x00, 0x00, // ................
	0x56, 0x07, 0x10, 0x00, 0x01, 0x00, 0x00, 0x00, 0x32, 0x00, 0x00, 0x09, 0x32, 0x00, 0x10, 0x00, // V.......2...2...
	0x01, 0x00, 0x00, 0x00, 0x86, 0x00, 0x10, 0x00, 0x02, 0x00, 0x00, 0x00, 0x06, 0x00, 0x10, 0x00, // ................
	0x01, 0x00, 0x00, 0x00, 0x96, 0x05, 0x10, 0x00, 0x01, 0x00, 0x00, 0x00, 0x36, 0x20, 0x00, 0x06, // ............6 ..
	0xc2, 0x00, 0x10, 0x00, 0x01, 0x00, 0x00, 0x00, 0x56, 0x81, 0x20, 0x00, 0x00, 0x00, 0x00, 0x00, // ........V. .....
	0x02, 0x00, 0x00, 0x00, 0x00, 0x00, 0x00, 0x08, 0x32, 0x00, 0x10, 0x00, 0x01, 0x00, 0x00, 0x00, // ........2.......
	0x46, 0x00, 0x10, 0x00, 0x01, 0x00, 0x00, 0x00, 0x46, 0x10, 0x10, 0x80, 0x41, 0x00, 0x00, 0x00, // F.......F...A...
	0x03, 0x00, 0x00, 0x00, 0x32, 0x00, 0x00, 0x09, 0x32, 0x00, 0x10, 0x00, 0x01, 0x00, 0x00, 0x00, // ....2...2.......
	0xa6, 0x0a, 0x10, 0x00, 0x01, 0x00, 0x00, 0x00, 0x46, 0x00, 0x10, 0x00, 0x01, 0x00, 0x00, 0x00, // ........F.......
	0x46, 0x10, 0x10, 0x00, 0x03, 0x00, 0x00, 0x00, 0x45, 0x00, 0x00, 0x8b, 0xc2, 0x00, 0x00, 0x80, // F.......E.......
	0x43, 0x55, 0x15, 0x00, 0x72, 0x00, 0x10, 0x00, 0x01, 0x00, 0x00, 0x00, 0x46, 0x00, 0x10, 0x00, // CU..r.......F...
	0x01, 0x00, 0x00, 0x00, 0x46, 0x7e, 0x10, 0x00, 0x00, 0x00, 0x00, 0x00, 0x00, 0x60, 0x10, 0x00, // ....F~.......`..
	0x00, 0x00, 0x00, 0x00, 0x32, 0x00, 0x00, 0x09, 0x42, 0x00, 0x10, 0x00, 0x00, 0x00, 0x00, 0x00, // ....2...B.......
	0x2a, 0x00, 0x10, 0x00, 0x00, 0x00, 0x00, 0x00, 0x01, 0x40, 0x00, 0x00, 0x00, 0x00, 0x40, 0x3f, // *........@....@?
	0x01, 0x40, 0x00, 0x00, 0xcd, 0xcc, 0x0c, 0xbf, 0x32, 0x00, 0x00, 0x09, 0x42, 0x00, 0x10, 0x00, // .@......2...B...
	0x00, 0x00, 0x00, 0x00, 0x3a, 0x00, 0x10, 0x00, 0x01, 0x00, 0x00, 0x00, 0x2a, 0x00, 0x10, 0x00, // ....:.......*...
	0x00, 0x00, 0x00, 0x00, 0x01, 0x40, 0x00, 0x00, 0x00, 0x00, 0x80, 0x3f, 0x38, 0x00, 0x00, 0x07, // .....@.....?8...
	0x72, 0x00, 0x10, 0x00, 0x01, 0x00, 0x00, 0x00, 0x46, 0x02, 0x10, 0x00, 0x01, 0x00, 0x00, 0x00, // r.......F.......
	0x46, 0x12, 0x10, 0x00, 0x01, 0x00, 0x00, 0x00, 0x38, 0x00, 0x00, 0x07, 0x72, 0x00, 0x10, 0x00, // F.......8...r...
	0x01, 0x00, 0x00, 0x00, 0xa6, 0x0a, 0x10, 0x00, 0x00, 0x00, 0x00, 0x00, 0x46, 0x02, 0x10, 0x00, // ............F...
	0x01, 0x00, 0x00, 0x00, 0x31, 0x00, 0x00, 0x08, 0x42, 0x00, 0x10, 0x00, 0x00, 0x00, 0x00, 0x00, // ....1...B.......
	0x01, 0x40, 0x00, 0x00, 0x00, 0x00, 0x00, 0x3f, 0x0a, 0x80, 0x20, 0x00, 0x00, 0x00, 0x00, 0x00, // .@.....?.. .....
	0x01, 0x00, 0x00, 0x00, 0x36, 0x00, 0x00, 0x05, 0x82, 0x00, 0x10, 0x00, 0x01, 0x00, 0x00, 0x00, // ....6...........
	0x3a, 0x10, 0x10, 0x00, 0x01, 0x00, 0x00, 0x00, 0x37, 0x00, 0x00, 0x0c, 0xf2, 0x20, 0x10, 0x00, // :.......7.... ..
	0x00, 0x00, 0x00, 0x00, 0xa6, 0x0a, 0x10, 0x00, 0x00, 0x00, 0x00, 0x00, 0x02, 0x40, 0x00, 0x00, // .............@..
	0x33, 0x33, 0x73, 0x3f, 0xd7, 0xa3, 0x70, 0x3f, 0x1f, 0x85, 0x6b, 0x3f, 0x00, 0x00, 0x80, 0x3f, // 33s?..p?..k?...?
	0x46, 0x0e, 0x10, 0x00, 0x01, 0x00, 0x00, 0x00, 0x37, 0x00, 0x00, 0x08, 0x01, 0xc0, 0x00, 0x00, // F.......7.......
	0x0a, 0x00, 0x10, 0x00, 0x00, 0x00, 0x00, 0x00, 0x1a, 0x00, 0x10, 0x00, 0x00, 0x00, 0x00, 0x00, // ................
	0x2a, 0x10, 0x10, 0x00, 0x00, 0x00, 0x00, 0x00, 0x3e, 0x00, 0x00, 0x01, 0x00, 0x00, 0x30, 0x00, // *.......>.....0.
};

static const uint8_t frag_glsl[1698] =
{
	0x46, 0x53, 0x48, 0x0b, 0xc2, 0x9b, 0x15, 0x81, 0x00, 0x00, 0x00, 0x00, 0x04, 0x00, 0x08, 0x73, // FSH............s
	0x5f, 0x61, 0x6c, 0x62, 0x65, 0x64, 0x6f, 0x00, 0x01, 0x00, 0x00, 0x01, 0x00, 0x00, 0x00, 0x00, // _albedo.........
	0x00, 0x09, 0x75, 0x4c, 0x6f, 0x67, 0x44, 0x65, 0x70, 0x74, 0x68, 0x02, 0x01, 0x00, 0x00, 0x01, // ..uLogDepth.....
	0x00, 0x00, 0x00, 0x00, 0x00, 0x0d, 0x75, 0x45, 0x64, 0x67, 0x65, 0x4f, 0x76, 0x65, 0x72, 0x72, // ......uEdgeOverr
	0x69, 0x64, 0x65, 0x02, 0x01, 0x00, 0x00, 0x01, 0x00, 0x00, 0x00, 0x00, 0x00, 0x0c, 0x75, 0x4d, // ide...........uM
	0x65, 0x73, 0x68, 0x53, 0x75, 0x72, 0x66, 0x61, 0x63, 0x65, 0x02, 0x01, 0x00, 0x00, 0x01, 0x00, // eshSurface......
	0x00, 0x00, 0x00, 0x00, 0x39, 0x06, 0x00, 0x00, 0x76, 0x61, 0x72, 0x79, 0x69, 0x6e, 0x67, 0x20, // ....9...varying 
	0x76, 0x65, 0x63, 0x34, 0x20, 0x76, 0x5f, 0x63, 0x6f, 0x6c, 0x6f, 0x72, 0x3b, 0x0a, 0x76, 0x61, // vec4 v_color;.va
	0x72, 0x79, 0x69, 0x6e, 0x67, 0x20, 0x76, 0x65, 0x63, 0x33, 0x20, 0x76, 0x5f, 0x6e, 0x6f, 0x72, // rying vec3 v_nor
	0x6d, 0x61, 0x6c, 0x3b, 0x0a, 0x76, 0x61, 0x72, 0x79, 0x69, 0x6e, 0x67, 0x20, 0x76, 0x65, 0x63, // mal;.varying vec
	0x32, 0x20, 0x76, 0x5f, 0x75, 0x76, 0x3b, 0x0a, 0x76, 0x61, 0x72, 0x79, 0x69, 0x6e, 0x67, 0x20, // 2 v_uv;.varying 
	0x66, 0x6c, 0x6f, 0x61, 0x74, 0x20, 0x76, 0x5f, 0x76, 0x69, 0x65, 0x77, 0x44, 0x65, 0x70, 0x74, // float v_viewDept
	0x68, 0x3b, 0x0a, 0x76, 0x61, 0x72, 0x79, 0x69, 0x6e, 0x67, 0x20, 0x76, 0x65, 0x63, 0x33, 0x20, // h;.varying vec3 
	0x76, 0x5f, 0x77, 0x6f, 0x72, 0x6c, 0x64, 0x50, 0x6f, 0x73, 0x3b, 0x0a, 0x75, 0x6e, 0x69, 0x66, // v_worldPos;.unif
	0x6f, 0x72, 0x6d, 0x20, 0x73, 0x61, 0x6d, 0x70, 0x6c, 0x65, 0x72, 0x32, 0x44, 0x20, 0x73, 0x5f, // orm sampler2D s_
	0x61, 0x6c, 0x62, 0x65, 0x64, 0x6f, 0x3b, 0x0a, 0x75, 0x6e, 0x69, 0x66, 0x6f, 0x72, 0x6d, 0x20, // albedo;.uniform 
	0x76, 0x65, 0x63, 0x34, 0x20, 0x75, 0x4c, 0x6f, 0x67, 0x44, 0x65, 0x70, 0x74, 0x68, 0x3b, 0x0a, // vec4 uLogDepth;.
	0x75, 0x6e, 0x69, 0x66, 0x6f, 0x72, 0x6d, 0x20, 0x76, 0x65, 0x63, 0x34, 0x20, 0x75, 0x45, 0x64, // uniform vec4 uEd
	0x67, 0x65, 0x4f, 0x76, 0x65, 0x72, 0x72, 0x69, 0x64, 0x65, 0x3b, 0x0a, 0x75, 0x6e, 0x69, 0x66, // geOverride;.unif
	0x6f, 0x72, 0x6d, 0x20, 0x76, 0x65, 0x63, 0x34, 0x20, 0x75, 0x4d, 0x65, 0x73, 0x68, 0x53, 0x75, // orm vec4 uMeshSu
	0x72, 0x66, 0x61, 0x63, 0x65, 0x3b, 0x0a, 0x76, 0x6f, 0x69, 0x64, 0x20, 0x6d, 0x61, 0x69, 0x6e, // rface;.void main
	0x20, 0x28, 0x29, 0x0a, 0x7b, 0x0a, 0x20, 0x20, 0x66, 0x6c, 0x6f, 0x61, 0x74, 0x20, 0x61, 0x6c, //  ().{.  float al
	0x70, 0x68, 0x61, 0x5f, 0x31, 0x3b, 0x0a, 0x20, 0x20, 0x76, 0x65, 0x63, 0x33, 0x20, 0x63, 0x6f, // pha_1;.  vec3 co
	0x6c, 0x6f, 0x72, 0x5f, 0x32, 0x3b, 0x0a, 0x20, 0x20, 0x66, 0x6c, 0x6f, 0x61, 0x74, 0x20, 0x72, // lor_2;.  float r
	0x61, 0x77, 0x44, 0x65, 0x70, 0x74, 0x68, 0x5f, 0x33, 0x3b, 0x0a, 0x20, 0x20, 0x72, 0x61, 0x77, // awDepth_3;.  raw
	0x44, 0x65, 0x70, 0x74, 0x68, 0x5f, 0x33, 0x20, 0x3d, 0x20, 0x67, 0x6c, 0x5f, 0x46, 0x72, 0x61, // Depth_3 = gl_Fra
	0x67, 0x43, 0x6f, 0x6f, 0x72, 0x64, 0x2e, 0x7a, 0x3b, 0x0a, 0x20, 0x20, 0x66, 0x6c, 0x6f, 0x61, // gCoord.z;.  floa
	0x74, 0x20, 0x74, 0x6d, 0x70, 0x76, 0x61, 0x72, 0x5f, 0x34, 0x3b, 0x0a, 0x20, 0x20, 0x69, 0x66, // t tmpvar_4;.  if
	0x20, 0x28, 0x28, 0x75, 0x4c, 0x6f, 0x67, 0x44, 0x65, 0x70, 0x74, 0x68, 0x2e, 0x78, 0x20, 0x3c, //  ((uLogDepth.x <
	0x20, 0x30, 0x2e, 0x35, 0x29, 0x29, 0x20, 0x7b, 0x0a, 0x20, 0x20, 0x20, 0x20, 0x74, 0x6d, 0x70, //  0.5)) {.    tmp
	0x76, 0x61, 0x72, 0x5f, 0x34, 0x20, 0x3d, 0x20, 0x72, 0x61, 0x77, 0x44, 0x65, 0x70, 0x74, 0x68, // var_4 = rawDepth
	0x5f, 0x33, 0x3b, 0x0a, 0x20, 0x20, 0x7d, 0x20, 0x65, 0x6c, 0x73, 0x65, 0x20, 0x7b, 0x0a, 0x20, // _3;.  } else {. 
	0x20, 0x20, 0x20, 0x69, 0x66, 0x20, 0x28, 0x28, 0x28, 0x76, 0x5f, 0x76, 0x69, 0x65, 0x77, 0x44, //    if (((v_viewD
	0x65, 0x70, 0x74, 0x68, 0x20, 0x3c, 0x20, 0x75, 0x4c, 0x6f, 0x67, 0x44, 0x65, 0x70, 0x74, 0x68, // epth < uLogDepth
	0x2e, 0x79, 0x29, 0x20, 0x7c, 0x7c, 0x20, 0x28, 0x76, 0x5f, 0x76, 0x69, 0x65, 0x77, 0x44, 0x65, // .y) || (v_viewDe
	0x70, 0x74, 0x68, 0x20, 0x3e, 0x20, 0x75, 0x4c, 0x6f, 0x67, 0x44, 0x65, 0x70, 0x74, 0x68, 0x2e, // pth > uLogDepth.
	0x7a, 0x29, 0x29, 0x29, 0x20, 0x7b, 0x0a, 0x20, 0x20, 0x20, 0x20, 0x20, 0x20, 0x64, 0x69, 0x73, // z))) {.      dis
	0x63, 0x61, 0x72, 0x64, 0x3b, 0x0a, 0x20, 0x20, 0x20, 0x20, 0x7d, 0x3b, 0x0a, 0x20, 0x20, 0x20, // card;.    };.   
	0x20, 0x74, 0x6d, 0x70, 0x76, 0x61, 0x72, 0x5f, 0x34, 0x20, 0x3d, 0x20, 0x63, 0x6c, 0x61, 0x6d, //  tmpvar_4 = clam
	0x70, 0x20, 0x28, 0x28, 0x6c, 0x6f, 0x67, 0x32, 0x28, 0x0a, 0x20, 0x20, 0x20, 0x20, 0x20, 0x20, // p ((log2(.      
	0x6d, 0x61, 0x78, 0x20, 0x28, 0x28, 0x76, 0x5f, 0x76, 0x69, 0x65, 0x77, 0x44, 0x65, 0x70, 0x74, // max ((v_viewDept
	0x68, 0x20, 0x2f, 0x20, 0x75, 0x4c, 0x6f, 0x67, 0x44, 0x65, 0x70, 0x74, 0x68, 0x2e, 0x79, 0x29, // h / uLogDepth.y)
	0x2c, 0x20, 0x31, 0x2e, 0x30, 0x29, 0x0a, 0x20, 0x20, 0x20, 0x20, 0x29, 0x20, 0x2f, 0x20, 0x6c, // , 1.0).    ) / l
	0x6f, 0x67, 0x32, 0x28, 0x0a, 0x20, 0x20, 0x20, 0x20, 0x20, 0x20, 0x6d, 0x61, 0x78, 0x20, 0x28, // og2(.      max (
	0x28, 0x75, 0x4c, 0x6f, 0x67, 0x44, 0x65, 0x70, 0x74, 0x68, 0x2e, 0x7a, 0x20, 0x2f, 0x20, 0x75, // (uLogDepth.z / u
	0x4c, 0x6f, 0x67, 0x44, 0x65, 0x70, 0x74, 0x68, 0x2e, 0x79, 0x29, 0x2c, 0x20, 0x31, 0x2e, 0x30, // LogDepth.y), 1.0
	0x30, 0x30, 0x30, 0x30, 0x31, 0x29, 0x0a, 0x20, 0x20, 0x20, 0x20, 0x29, 0x29, 0x2c, 0x20, 0x30, // 00001).    )), 0
	0x2e, 0x30, 0x2c, 0x20, 0x31, 0x2e, 0x30, 0x29, 0x3b, 0x0a, 0x20, 0x20, 0x7d, 0x3b, 0x0a, 0x20, // .0, 1.0);.  };. 
	0x20, 0x67, 0x6c, 0x5f, 0x46, 0x72, 0x61, 0x67, 0x44, 0x65, 0x70, 0x74, 0x68, 0x20, 0x3d, 0x20, //  gl_FragDepth = 
	0x74, 0x6d, 0x70, 0x76, 0x61, 0x72, 0x5f, 0x34, 0x3b, 0x0a, 0x20, 0x20, 0x76, 0x65, 0x63, 0x33, // tmpvar_4;.  vec3
	0x20, 0x74, 0x6d, 0x70, 0x76, 0x61, 0x72, 0x5f, 0x35, 0x3b, 0x0a, 0x20, 0x20, 0x74, 0x6d, 0x70, //  tmpvar_5;.  tmp
	0x76, 0x61, 0x72, 0x5f, 0x35, 0x20, 0x3d, 0x20, 0x6e, 0x6f, 0x72, 0x6d, 0x61, 0x6c, 0x69, 0x7a, // var_5 = normaliz
	0x65, 0x28, 0x76, 0x5f, 0x6e, 0x6f, 0x72, 0x6d, 0x61, 0x6c, 0x29, 0x3b, 0x0a, 0x20, 0x20, 0x76, // e(v_normal);.  v
	0x65, 0x63, 0x33, 0x20, 0x74, 0x6d, 0x70, 0x76, 0x61, 0x72, 0x5f, 0x36, 0x3b, 0x0a, 0x20, 0x20, // ec3 tmpvar_6;.  
	0x74, 0x6d, 0x70, 0x76, 0x61, 0x72, 0x5f, 0x36, 0x20, 0x3d, 0x20, 0x28, 0x61, 0x62, 0x73, 0x28, // tmpvar_6 = (abs(
	0x76, 0x5f, 0x77, 0x6f, 0x72, 0x6c, 0x64, 0x50, 0x6f, 0x73, 0x29, 0x20, 0x2a, 0x20, 0x30, 0x2e, // v_worldPos) * 0.
	0x30, 0x31, 0x29, 0x3b, 0x0a, 0x20, 0x20, 0x76, 0x65, 0x63, 0x33, 0x20, 0x74, 0x6d, 0x70, 0x76, // 01);.  vec3 tmpv
	0x61, 0x72, 0x5f, 0x37, 0x3b, 0x0a, 0x20, 0x20, 0x74, 0x6d, 0x70, 0x76, 0x61, 0x72, 0x5f, 0x37, // ar_7;.  tmpvar_7
	0x20, 0x3d, 0x20, 0x61, 0x62, 0x73, 0x28, 0x74, 0x6d, 0x70, 0x76, 0x61, 0x72, 0x5f, 0x35, 0x29, //  = abs(tmpvar_5)
	0x3b, 0x0a, 0x20, 0x20, 0x66, 0x6c, 0x6f, 0x61, 0x74, 0x20, 0x74, 0x6d, 0x70, 0x76, 0x61, 0x72, // ;.  float tmpvar
	0x5f, 0x38, 0x3b, 0x0a, 0x20, 0x20, 0x74, 0x6d, 0x70, 0x76, 0x61, 0x72, 0x5f, 0x38, 0x20, 0x3d, // _8;.  tmpvar_8 =
	0x20, 0x66, 0x6c, 0x6f, 0x61, 0x74, 0x28, 0x28, 0x6d, 0x61, 0x78, 0x20, 0x28, 0x74, 0x6d, 0x70, //  float((max (tmp
	0x76, 0x61, 0x72, 0x5f, 0x37, 0x2e, 0x78, 0x2c, 0x20, 0x74, 0x6d, 0x70, 0x76, 0x61, 0x72, 0x5f, // var_7.x, tmpvar_
	0x37, 0x2e, 0x79, 0x29, 0x20, 0x3e, 0x3d, 0x20, 0x74, 0x6d, 0x70, 0x76, 0x61, 0x72, 0x5f, 0x37, // 7.y) >= tmpvar_7
	0x2e, 0x7a, 0x29, 0x29, 0x3b, 0x0a, 0x20, 0x20, 0x66, 0x6c, 0x6f, 0x61, 0x74, 0x20, 0x74, 0x6d, // .z));.  float tm
	0x70, 0x76, 0x61, 0x72, 0x5f, 0x39, 0x3b, 0x0a, 0x20, 0x20, 0x74, 0x6d, 0x70, 0x76, 0x61, 0x72, // pvar_9;.  tmpvar
	0x5f, 0x39, 0x20, 0x3d, 0x20, 0x28, 0x66, 0x6c, 0x6f, 0x61, 0x74, 0x28, 0x28, 0x74, 0x6d, 0x70, // _9 = (float((tmp
	0x76, 0x61, 0x72, 0x5f, 0x37, 0x2e, 0x79, 0x20, 0x3e, 0x3d, 0x20, 0x74, 0x6d, 0x70, 0x76, 0x61, // var_7.y >= tmpva
	0x72, 0x5f, 0x37, 0x2e, 0x78, 0x29, 0x29, 0x20, 0x2a, 0x20, 0x28, 0x31, 0x2e, 0x30, 0x20, 0x2d, // r_7.x)) * (1.0 -
	0x20, 0x74, 0x6d, 0x70, 0x76, 0x61, 0x72, 0x5f, 0x38, 0x29, 0x29, 0x3b, 0x0a, 0x20, 0x20, 0x63, //  tmpvar_8));.  c
	0x6f, 0x6c, 0x6f, 0x72, 0x5f, 0x32, 0x20, 0x3d, 0x20, 0x28, 0x28, 0x74, 0x65, 0x78, 0x74, 0x75, // olor_2 = ((textu
	0x72, 0x65, 0x32, 0x44, 0x20, 0x28, 0x73, 0x5f, 0x61, 0x6c, 0x62, 0x65, 0x64, 0x6f, 0x2c, 0x20, // re2D (s_albedo, 
	0x6d, 0x69, 0x78, 0x20, 0x28, 0x76, 0x5f, 0x75, 0x76, 0x2c, 0x20, 0x0a, 0x20, 0x20, 0x20, 0x20, // mix (v_uv, .    
	0x28, 0x28, 0x28, 0x74, 0x6d, 0x70, 0x76, 0x61, 0x72, 0x5f, 0x36, 0x2e, 0x78, 0x79, 0x20, 0x2a, // (((tmpvar_6.xy *
	0x20, 0x74, 0x6d, 0x70, 0x76, 0x61, 0x72, 0x5f, 0x38, 0x29, 0x20, 0x2b, 0x20, 0x28, 0x74, 0x6d, //  tmpvar_8) + (tm
	0x70, 0x76, 0x61, 0x72, 0x5f, 0x36, 0x2e, 0x7a, 0x79, 0x20, 0x2a, 0x20, 0x74, 0x6d, 0x70, 0x76, // pvar_6.zy * tmpv
	0x61, 0x72, 0x5f, 0x39, 0x29, 0x29, 0x20, 0x2b, 0x20, 0x28, 0x74, 0x6d, 0x70, 0x76, 0x61, 0x72, // ar_9)) + (tmpvar
	0x5f, 0x36, 0x2e, 0x78, 0x7a, 0x20, 0x2a, 0x20, 0x28, 0x28, 0x31, 0x2e, 0x30, 0x20, 0x2d, 0x20, // _6.xz * ((1.0 - 
	0x74, 0x6d, 0x70, 0x76, 0x61, 0x72, 0x5f, 0x39, 0x29, 0x20, 0x2d, 0x20, 0x74, 0x6d, 0x70, 0x76, // tmpvar_9) - tmpv
	0x61, 0x72, 0x5f, 0x38, 0x29, 0x29, 0x29, 0x0a, 0x20, 0x20, 0x2c, 0x20, 0x0a, 0x20, 0x20, 0x20, // ar_8))).  , .   
	0x20, 0x63, 0x6c, 0x61, 0x6d, 0x70, 0x20, 0x28, 0x75, 0x4d, 0x65, 0x73, 0x68, 0x53, 0x75, 0x72, //  clamp (uMeshSur
	0x66, 0x61, 0x63, 0x65, 0x2e, 0x79, 0x2c, 0x20, 0x30, 0x2e, 0x30, 0x2c, 0x20, 0x31, 0x2e, 0x30, // face.y, 0.0, 1.0
	0x29, 0x0a, 0x20, 0x20, 0x29, 0x29, 0x2e, 0x78, 0x79, 0x7a, 0x20, 0x2a, 0x20, 0x76, 0x5f, 0x63, // ).  )).xyz * v_c
	0x6f, 0x6c, 0x6f, 0x72, 0x2e, 0x78, 0x79, 0x7a, 0x29, 0x20, 0x2a, 0x20, 0x6d, 0x69, 0x78, 0x20, // olor.xyz) * mix 
	0x28, 0x31, 0x2e, 0x30, 0x2c, 0x20, 0x28, 0x30, 0x2e, 0x34, 0x35, 0x20, 0x2b, 0x20, 0x0a, 0x20, // (1.0, (0.45 + . 
	0x20, 0x20, 0x20, 0x28, 0x30, 0x2e, 0x37, 0x35, 0x20, 0x2a, 0x20, 0x6d, 0x61, 0x78, 0x20, 0x28, //    (0.75 * max (
	0x64, 0x6f, 0x74, 0x20, 0x28, 0x74, 0x6d, 0x70, 0x76, 0x61, 0x72, 0x5f, 0x35, 0x2c, 0x20, 0x76, // dot (tmpvar_5, v
	0x65, 0x63, 0x33, 0x28, 0x30, 0x2e, 0x33, 0x38, 0x30, 0x39, 0x35, 0x32, 0x34, 0x2c, 0x20, 0x30, // ec3(0.3809524, 0
	0x2e, 0x37, 0x36, 0x31, 0x39, 0x30, 0x34, 0x37, 0x2c, 0x20, 0x30, 0x2e, 0x35, 0x32, 0x33, 0x38, // .7619047, 0.5238
	0x30, 0x39, 0x35, 0x29, 0x29, 0x2c, 0x20, 0x30, 0x2e, 0x30, 0x29, 0x29, 0x0a, 0x20, 0x20, 0x29, // 095)), 0.0)).  )
	0x2c, 0x20, 0x63, 0x6c, 0x61, 0x6d, 0x70, 0x20, 0x28, 0x75, 0x4d, 0x65, 0x73, 0x68, 0x53, 0x75, // , clamp (uMeshSu
	0x72, 0x66, 0x61, 0x63, 0x65, 0x2e, 0x78, 0x2c, 0x20, 0x30, 0x2e, 0x30, 0x2c, 0x20, 0x31, 0x2e, // rface.x, 0.0, 1.
	0x30, 0x29, 0x29, 0x29, 0x3b, 0x0a, 0x20, 0x20, 0x61, 0x6c, 0x70, 0x68, 0x61, 0x5f, 0x31, 0x20, // 0)));.  alpha_1 
	0x3d, 0x20, 0x76, 0x5f, 0x63, 0x6f, 0x6c, 0x6f, 0x72, 0x2e, 0x77, 0x3b, 0x0a, 0x20, 0x20, 0x69, // = v_color.w;.  i
	0x66, 0x20, 0x28, 0x28, 0x75, 0x45, 0x64, 0x67, 0x65, 0x4f, 0x76, 0x65, 0x72, 0x72, 0x69, 0x64, // f ((uEdgeOverrid
	0x65, 0x2e, 0x78, 0x20, 0x3e, 0x20, 0x30, 0x2e, 0x35, 0x29, 0x29, 0x20, 0x7b, 0x0a, 0x20, 0x20, // e.x > 0.5)) {.  
	0x20, 0x20, 0x63, 0x6f, 0x6c, 0x6f, 0x72, 0x5f, 0x32, 0x20, 0x3d, 0x20, 0x76, 0x65, 0x63, 0x33, //   color_2 = vec3
	0x28, 0x30, 0x2e, 0x39, 0x35, 0x2c, 0x20, 0x30, 0x2e, 0x39, 0x34, 0x2c, 0x20, 0x30, 0x2e, 0x39, // (0.95, 0.94, 0.9
	0x32, 0x29, 0x3b, 0x0a, 0x20, 0x20, 0x20, 0x20, 0x61, 0x6c, 0x70, 0x68, 0x61, 0x5f, 0x31, 0x20, // 2);.    alpha_1 
	0x3d, 0x20, 0x31, 0x2e, 0x30, 0x3b, 0x0a, 0x20, 0x20, 0x7d, 0x3b, 0x0a, 0x20, 0x20, 0x76, 0x65, // = 1.0;.  };.  ve
	0x63, 0x34, 0x20, 0x74, 0x6d, 0x70, 0x76, 0x61, 0x72, 0x5f, 0x31, 0x30, 0x3b, 0x0a, 0x20, 0x20, // c4 tmpvar_10;.  
	0x74, 0x6d, 0x70, 0x76, 0x61, 0x72, 0x5f, 0x31, 0x30, 0x2e, 0x78, 0x79, 0x7a, 0x20, 0x3d, 0x20, // tmpvar_10.xyz = 
	0x63, 0x6f, 0x6c, 0x6f, 0x72, 0x5f, 0x32, 0x3b, 0x0a, 0x20, 0x20, 0x74, 0x6d, 0x70, 0x76, 0x61, // color_2;.  tmpva
	0x72, 0x5f, 0x31, 0x30, 0x2e, 0x77, 0x20, 0x3d, 0x20, 0x61, 0x6c, 0x70, 0x68, 0x61, 0x5f, 0x31, // r_10.w = alpha_1
	0x3b, 0x0a, 0x20, 0x20, 0x67, 0x6c, 0x5f, 0x46, 0x72, 0x61, 0x67, 0x43, 0x6f, 0x6c, 0x6f, 0x72, // ;.  gl_FragColor
	0x20, 0x3d, 0x20, 0x74, 0x6d, 0x70, 0x76, 0x61, 0x72, 0x5f, 0x31, 0x30, 0x3b, 0x0a, 0x7d, 0x0a, //  = tmpvar_10;.}.
	0x0a, 0x00,                                                                                     // ..
};

static const uint8_t frag_mtl[2387] =
{
	0x46, 0x53, 0x48, 0x0b, 0xc2, 0x9b, 0x15, 0x81, 0x00, 0x00, 0x00, 0x00, 0x06, 0x00, 0x0f, 0x73, // FSH............s
	0x5f, 0x61, 0x6c, 0x62, 0x65, 0x64, 0x6f, 0x53, 0x61, 0x6d, 0x70, 0x6c, 0x65, 0x72, 0x11, 0x01, // _albedoSampler..
	0xff, 0xff, 0x01, 0x00, 0x00, 0x00, 0x00, 0x00, 0x0f, 0x73, 0x5f, 0x61, 0x6c, 0x62, 0x65, 0x64, // .........s_albed
	0x6f, 0x54, 0x65, 0x78, 0x74, 0x75, 0x72, 0x65, 0x11, 0x01, 0xff, 0xff, 0x01, 0x00, 0x00, 0x00, // oTexture........
	0x00, 0x00, 0x09, 0x75, 0x4c, 0x6f, 0x67, 0x44, 0x65, 0x70, 0x74, 0x68, 0x12, 0x01, 0x00, 0x00, // ...uLogDepth....
	0x01, 0x00, 0x00, 0x00, 0x00, 0x00, 0x0c, 0x75, 0x4d, 0x65, 0x73, 0x68, 0x53, 0x75, 0x72, 0x66, // .......uMeshSurf
	0x61, 0x63, 0x65, 0x12, 0x01, 0x20, 0x00, 0x01, 0x00, 0x00, 0x00, 0x00, 0x00, 0x0d, 0x75, 0x45, // ace.. ........uE
	0x64, 0x67, 0x65, 0x4f, 0x76, 0x65, 0x72, 0x72, 0x69, 0x64, 0x65, 0x12, 0x01, 0x10, 0x00, 0x01, // dgeOverride.....
	0x00, 0x00, 0x00, 0x00, 0x00, 0x08, 0x73, 0x5f, 0x61, 0x6c, 0x62, 0x65, 0x64, 0x6f, 0x10, 0x00, // ......s_albedo..
	0x00, 0x00, 0x00, 0x00, 0x00, 0x00, 0x00, 0x00, 0xb3, 0x08, 0x00, 0x00, 0x23, 0x69, 0x6e, 0x63, // ............#inc
	0x6c, 0x75, 0x64, 0x65, 0x20, 0x3c, 0x6d, 0x65, 0x74, 0x61, 0x6c, 0x5f, 0x73, 0x74, 0x64, 0x6c, // lude <metal_stdl
	0x69, 0x62, 0x3e, 0x0a, 0x23, 0x69, 0x6e, 0x63, 0x6c, 0x75, 0x64, 0x65, 0x20, 0x3c, 0x73, 0x69, // ib>.#include <si
	0x6d, 0x64, 0x2f, 0x73, 0x69, 0x6d, 0x64, 0x2e, 0x68, 0x3e, 0x0a, 0x0a, 0x75, 0x73, 0x69, 0x6e, // md/simd.h>..usin
	0x67, 0x20, 0x6e, 0x61, 0x6d, 0x65, 0x73, 0x70, 0x61, 0x63, 0x65, 0x20, 0x6d, 0x65, 0x74, 0x61, // g namespace meta
	0x6c, 0x3b, 0x0a, 0x0a, 0x73, 0x74, 0x72, 0x75, 0x63, 0x74, 0x20, 0x5f, 0x47, 0x6c, 0x6f, 0x62, // l;..struct _Glob
	0x61, 0x6c, 0x0a, 0x7b, 0x0a, 0x20, 0x20, 0x20, 0x20, 0x66, 0x6c, 0x6f, 0x61, 0x74, 0x34, 0x20, // al.{.    float4 
	0x75, 0x4c, 0x6f, 0x67, 0x44, 0x65, 0x70, 0x74, 0x68, 0x3b, 0x0a, 0x20, 0x20, 0x20, 0x20, 0x66, // uLogDepth;.    f
	0x6c, 0x6f, 0x61, 0x74, 0x34, 0x20, 0x75, 0x45, 0x64, 0x67, 0x65, 0x4f, 0x76, 0x65, 0x72, 0x72, // loat4 uEdgeOverr
	0x69, 0x64, 0x65, 0x3b, 0x0a, 0x20, 0x20, 0x20, 0x20, 0x66, 0x6c, 0x6f, 0x61, 0x74, 0x34, 0x20, // ide;.    float4 
	0x75, 0x4d, 0x65, 0x73, 0x68, 0x53, 0x75, 0x72, 0x66, 0x61, 0x63, 0x65, 0x3b, 0x0a, 0x7d, 0x3b, // uMeshSurface;.};
	0x0a, 0x0a, 0x73, 0x74, 0x72, 0x75, 0x63, 0x74, 0x20, 0x78, 0x6c, 0x61, 0x74, 0x4d, 0x74, 0x6c, // ..struct xlatMtl
	0x4d, 0x61, 0x69, 0x6e, 0x5f, 0x6f, 0x75, 0x74, 0x0a, 0x7b, 0x0a, 0x20, 0x20, 0x20, 0x20, 0x66, // Main_out.{.    f
	0x6c, 0x6f, 0x61, 0x74, 0x34, 0x20, 0x62, 0x67, 0x66, 0x78, 0x5f, 0x46, 0x72, 0x61, 0x67, 0x44, // loat4 bgfx_FragD
	0x61, 0x74, 0x61, 0x30, 0x20, 0x5b, 0x5b, 0x63, 0x6f, 0x6c, 0x6f, 0x72, 0x28, 0x30, 0x29, 0x5d, // ata0 [[color(0)]
	0x5d, 0x3b, 0x0a, 0x20, 0x20, 0x20, 0x20, 0x66, 0x6c, 0x6f, 0x61, 0x74, 0x20, 0x67, 0x6c, 0x5f, // ];.    float gl_
	0x46, 0x72, 0x61, 0x67, 0x44, 0x65, 0x70, 0x74, 0x68, 0x20, 0x5b, 0x5b, 0x64, 0x65, 0x70, 0x74, // FragDepth [[dept
	0x68, 0x28, 0x61, 0x6e, 0x79, 0x29, 0x5d, 0x5d, 0x3b, 0x0a, 0x7d, 0x3b, 0x0a, 0x0a, 0x73, 0x74, // h(any)]];.};..st
	0x72, 0x75, 0x63, 0x74, 0x20, 0x78, 0x6c, 0x61, 0x74, 0x4d, 0x74, 0x6c, 0x4d, 0x61, 0x69, 0x6e, // ruct xlatMtlMain
	0x5f, 0x69, 0x6e, 0x0a, 0x7b, 0x0a, 0x20, 0x20, 0x20, 0x20, 0x66, 0x6c, 0x6f, 0x61, 0x74, 0x34, // _in.{.    float4
	0x20, 0x76, 0x5f, 0x63, 0x6f, 0x6c, 0x6f, 0x72, 0x20, 0x5b, 0x5b, 0x75, 0x73, 0x65, 0x72, 0x28, //  v_color [[user(
	0x6c, 0x6f, 0x63, 0x6e, 0x30, 0x29, 0x5d, 0x5d, 0x3b, 0x0a, 0x20, 0x20, 0x20, 0x20, 0x66, 0x6c, // locn0)]];.    fl
	0x6f, 0x61, 0x74, 0x33, 0x20, 0x76, 0x5f, 0x6e, 0x6f, 0x72, 0x6d, 0x61, 0x6c, 0x20, 0x5b, 0x5b, // oat3 v_normal [[
	0x75, 0x73, 0x65, 0x72, 0x28, 0x6c, 0x6f, 0x63, 0x6e, 0x31, 0x29, 0x5d, 0x5d, 0x3b, 0x0a, 0x20, // user(locn1)]];. 
	0x20, 0x20, 0x20, 0x66, 0x6c, 0x6f, 0x61, 0x74, 0x32, 0x20, 0x76, 0x5f, 0x75, 0x76, 0x20, 0x5b, //    float2 v_uv [
	0x5b, 0x75, 0x73, 0x65, 0x72, 0x28, 0x6c, 0x6f, 0x63, 0x6e, 0x32, 0x29, 0x5d, 0x5d, 0x3b, 0x0a, // [user(locn2)]];.
	0x20, 0x20, 0x20, 0x20, 0x66, 0x6c, 0x6f, 0x61, 0x74, 0x20, 0x76, 0x5f, 0x76, 0x69, 0x65, 0x77, //     float v_view
	0x44, 0x65, 0x70, 0x74, 0x68, 0x20, 0x5b, 0x5b, 0x75, 0x73, 0x65, 0x72, 0x28, 0x6c, 0x6f, 0x63, // Depth [[user(loc
	0x6e, 0x33, 0x29, 0x5d, 0x5d, 0x3b, 0x0a, 0x20, 0x20, 0x20, 0x20, 0x66, 0x6c, 0x6f, 0x61, 0x74, // n3)]];.    float
	0x33, 0x20, 0x76, 0x5f, 0x77, 0x6f, 0x72, 0x6c, 0x64, 0x50, 0x6f, 0x73, 0x20, 0x5b, 0x5b, 0x75, // 3 v_worldPos [[u
	0x73, 0x65, 0x72, 0x28, 0x6c, 0x6f, 0x63, 0x6e, 0x34, 0x29, 0x5d, 0x5d, 0x3b, 0x0a, 0x7d, 0x3b, // ser(locn4)]];.};
	0x0a, 0x0a, 0x66, 0x72, 0x61, 0x67, 0x6d, 0x65, 0x6e, 0x74, 0x20, 0x78, 0x6c, 0x61, 0x74, 0x4d, // ..fragment xlatM
	0x74, 0x6c, 0x4d, 0x61, 0x69, 0x6e, 0x5f, 0x6f, 0x75, 0x74, 0x20, 0x78, 0x6c, 0x61, 0x74, 0x4d, // tlMain_out xlatM
	0x74, 0x6c, 0x4d, 0x61, 0x69, 0x6e, 0x28, 0x78, 0x6c, 0x61, 0x74, 0x4d, 0x74, 0x6c, 0x4d, 0x61, // tlMain(xlatMtlMa
	0x69, 0x6e, 0x5f, 0x69, 0x6e, 0x20, 0x69, 0x6e, 0x20, 0x5b, 0x5b, 0x73, 0x74, 0x61, 0x67, 0x65, // in_in in [[stage
	0x5f, 0x69, 0x6e, 0x5d, 0x5d, 0x2c, 0x20, 0x63, 0x6f, 0x6e, 0x73, 0x74, 0x61, 0x6e, 0x74, 0x20, // _in]], constant 
	0x5f, 0x47, 0x6c, 0x6f, 0x62, 0x61, 0x6c, 0x26, 0x20, 0x5f, 0x6d, 0x74, 0x6c, 0x5f, 0x75, 0x20, // _Global& _mtl_u 
	0x5b, 0x5b, 0x62, 0x75, 0x66, 0x66, 0x65, 0x72, 0x28, 0x30, 0x29, 0x5d, 0x5d, 0x2c, 0x20, 0x74, // [[buffer(0)]], t
	0x65, 0x78, 0x74, 0x75, 0x72, 0x65, 0x32, 0x64, 0x3c, 0x66, 0x6c, 0x6f, 0x61, 0x74, 0x3e, 0x20, // exture2d<float> 
	0x73, 0x5f, 0x61, 0x6c, 0x62, 0x65, 0x64, 0x6f, 0x20, 0x5b, 0x5b, 0x74, 0x65, 0x78, 0x74, 0x75, // s_albedo [[textu
	0x72, 0x65, 0x28, 0x30, 0x29, 0x5d, 0x5d, 0x2c, 0x20, 0x73, 0x61, 0x6d, 0x70, 0x6c, 0x65, 0x72, // re(0)]], sampler
	0x20, 0x73, 0x5f, 0x61, 0x6c, 0x62, 0x65, 0x64, 0x6f, 0x53, 0x61, 0x6d, 0x70, 0x6c, 0x65, 0x72, //  s_albedoSampler
	0x20, 0x5b, 0x5b, 0x73, 0x61, 0x6d, 0x70, 0x6c, 0x65, 0x72, 0x28, 0x30, 0x29, 0x5d, 0x5d, 0x2c, //  [[sampler(0)]],
	0x20, 0x66, 0x6c, 0x6f, 0x61, 0x74, 0x34, 0x20, 0x67, 0x6c, 0x5f, 0x46, 0x72, 0x61, 0x67, 0x43, //  float4 gl_FragC
	0x6f, 0x6f, 0x72, 0x64, 0x20, 0x5b, 0x5b, 0x70, 0x6f, 0x73, 0x69, 0x74, 0x69, 0x6f, 0x6e, 0x5d, // oord [[position]
	0x5d, 0x29, 0x0a, 0x7b, 0x0a, 0x20, 0x20, 0x20, 0x20, 0x78, 0x6c, 0x61, 0x74, 0x4d, 0x74, 0x6c, // ]).{.    xlatMtl
	0x4d, 0x61, 0x69, 0x6e, 0x5f, 0x6f, 0x75, 0x74, 0x20, 0x6f, 0x75, 0x74, 0x20, 0x3d, 0x20, 0x7b, // Main_out out = {
	0x7d, 0x3b, 0x0a, 0x20, 0x20, 0x20, 0x20, 0x66, 0x6c, 0x6f, 0x61, 0x74, 0x20, 0x5f, 0x35, 0x35, // };.    float _55
	0x38, 0x3b, 0x0a, 0x20, 0x20, 0x20, 0x20, 0x64, 0x6f, 0x0a, 0x20, 0x20, 0x20, 0x20, 0x7b, 0x0a, // 8;.    do.    {.
	0x20, 0x20, 0x20, 0x20, 0x20, 0x20, 0x20, 0x20, 0x69, 0x66, 0x20, 0x28, 0x5f, 0x6d, 0x74, 0x6c, //         if (_mtl
	0x5f, 0x75, 0x2e, 0x75, 0x4c, 0x6f, 0x67, 0x44, 0x65, 0x70, 0x74, 0x68, 0x2e, 0x78, 0x20, 0x3c, // _u.uLogDepth.x <
	0x20, 0x30, 0x2e, 0x35, 0x29, 0x0a, 0x20, 0x20, 0x20, 0x20, 0x20, 0x20, 0x20, 0x20, 0x7b, 0x0a, //  0.5).        {.
	0x20, 0x20, 0x20, 0x20, 0x20, 0x20, 0x20, 0x20, 0x20, 0x20, 0x20, 0x20, 0x5f, 0x35, 0x35, 0x38, //             _558
	0x20, 0x3d, 0x20, 0x67, 0x6c, 0x5f, 0x46, 0x72, 0x61, 0x67, 0x43, 0x6f, 0x6f, 0x72, 0x64, 0x2e, //  = gl_FragCoord.
	0x7a, 0x3b, 0x0a, 0x20, 0x20, 0x20, 0x20, 0x20, 0x20, 0x20, 0x20, 0x20, 0x20, 0x20, 0x20, 0x62, // z;.            b
	0x72, 0x65, 0x61, 0x6b, 0x3b, 0x0a, 0x20, 0x20, 0x20, 0x20, 0x20, 0x20, 0x20, 0x20, 0x7d, 0x0a, // reak;.        }.
	0x20, 0x20, 0x20, 0x20, 0x20, 0x20, 0x20, 0x20, 0x69, 0x66, 0x20, 0x28, 0x28, 0x69, 0x6e, 0x2e, //         if ((in.
	0x76, 0x5f, 0x76, 0x69, 0x65, 0x77, 0x44, 0x65, 0x70, 0x74, 0x68, 0x20, 0x3c, 0x20, 0x5f, 0x6d, // v_viewDepth < _m
	0x74, 0x6c, 0x5f, 0x75, 0x2e, 0x75, 0x4c, 0x6f, 0x67, 0x44, 0x65, 0x70, 0x74, 0x68, 0x2e, 0x79, // tl_u.uLogDepth.y
	0x29, 0x20, 0x7c, 0x7c, 0x20, 0x28, 0x69, 0x6e, 0x2e, 0x76, 0x5f, 0x76, 0x69, 0x65, 0x77, 0x44, // ) || (in.v_viewD
	0x65, 0x70, 0x74, 0x68, 0x20, 0x3e, 0x20, 0x5f, 0x6d, 0x74, 0x6c, 0x5f, 0x75, 0x2e, 0x75, 0x4c, // epth > _mtl_u.uL
	0x6f, 0x67, 0x44, 0x65, 0x70, 0x74, 0x68, 0x2e, 0x7a, 0x29, 0x29, 0x0a, 0x20, 0x20, 0x20, 0x20, // ogDepth.z)).    
	0x20, 0x20, 0x20, 0x20, 0x7b, 0x0a, 0x20, 0x20, 0x20, 0x20, 0x20, 0x20, 0x20, 0x20, 0x20, 0x20, //     {.          
	0x20, 0x20, 0x64, 0x69, 0x73, 0x63, 0x61, 0x72, 0x64, 0x5f, 0x66, 0x72, 0x61, 0x67, 0x6d, 0x65, //   discard_fragme
	0x6e, 0x74, 0x28, 0x29, 0x3b, 0x0a, 0x20, 0x20, 0x20, 0x20, 0x20, 0x20, 0x20, 0x20, 0x7d, 0x0a, // nt();.        }.
	0x20, 0x20, 0x20, 0x20, 0x20, 0x20, 0x20, 0x20, 0x5f, 0x35, 0x35, 0x38, 0x20, 0x3d, 0x20, 0x66, //         _558 = f
	0x61, 0x73, 0x74, 0x3a, 0x3a, 0x63, 0x6c, 0x61, 0x6d, 0x70, 0x28, 0x6c, 0x6f, 0x67, 0x32, 0x28, // ast::clamp(log2(
	0x66, 0x61, 0x73, 0x74, 0x3a, 0x3a, 0x6d, 0x61, 0x78, 0x28, 0x69, 0x6e, 0x2e, 0x76, 0x5f, 0x76, // fast::max(in.v_v
	0x69, 0x65, 0x77, 0x44, 0x65, 0x70, 0x74, 0x68, 0x20, 0x2f, 0x20, 0x5f, 0x6d, 0x74, 0x6c, 0x5f, // iewDepth / _mtl_
	0x75, 0x2e, 0x75, 0x4c, 0x6f, 0x67, 0x44, 0x65, 0x70, 0x74, 0x68, 0x2e, 0x79, 0x2c, 0x20, 0x31, // u.uLogDepth.y, 1
	0x2e, 0x30, 0x29, 0x29, 0x20, 0x2f, 0x20, 0x6c, 0x6f, 0x67, 0x32, 0x28, 0x66, 0x61, 0x73, 0x74, // .0)) / log2(fast
	0x3a, 0x3a, 0x6d, 0x61, 0x78, 0x28, 0x5f, 0x6d, 0x74, 0x6c, 0x5f, 0x75, 0x2e, 0x75, 0x4c, 0x6f, // ::max(_mtl_u.uLo
	0x67, 0x44, 0x65, 0x70, 0x74, 0x68, 0x2e, 0x7a, 0x20, 0x2f, 0x20, 0x5f, 0x6d, 0x74, 0x6c, 0x5f, // gDepth.z / _mtl_
	0x75, 0x2e, 0x75, 0x4c, 0x6f, 0x67, 0x44, 0x65, 0x70, 0x74, 0x68, 0x2e, 0x79, 0x2c, 0x20, 0x31, // u.uLogDepth.y, 1
	0x2e, 0x30, 0x30, 0x30, 0x30, 0x30, 0x30, 0x39, 0x35, 0x33, 0x36, 0x37, 0x34, 0x33, 0x31, 0x36, // .000000953674316
	0x34, 0x30, 0x36, 0x32, 0x35, 0x29, 0x29, 0x2c, 0x20, 0x30, 0x2e, 0x30, 0x2c, 0x20, 0x31, 0x2e, // 40625)), 0.0, 1.
	0x30, 0x29, 0x3b, 0x0a, 0x20, 0x20, 0x20, 0x20, 0x20, 0x20, 0x20, 0x20, 0x62, 0x72, 0x65, 0x61, // 0);.        brea
	0x6b, 0x3b, 0x0a, 0x20, 0x20, 0x20, 0x20, 0x7d, 0x20, 0x77, 0x68, 0x69, 0x6c, 0x65, 0x28, 0x66, // k;.    } while(f
	0x61, 0x6c, 0x73, 0x65, 0x29, 0x3b, 0x0a, 0x20, 0x20, 0x20, 0x20, 0x66, 0x6c, 0x6f, 0x61, 0x74, // alse);.    float
	0x33, 0x20, 0x5f, 0x33, 0x38, 0x37, 0x20, 0x3d, 0x20, 0x66, 0x61, 0x73, 0x74, 0x3a, 0x3a, 0x6e, // 3 _387 = fast::n
	0x6f, 0x72, 0x6d, 0x61, 0x6c, 0x69, 0x7a, 0x65, 0x28, 0x69, 0x6e, 0x2e, 0x76, 0x5f, 0x6e, 0x6f, // ormalize(in.v_no
	0x72, 0x6d, 0x61, 0x6c, 0x29, 0x3b, 0x0a, 0x20, 0x20, 0x20, 0x20, 0x66, 0x6c, 0x6f, 0x61, 0x74, // rmal);.    float
	0x33, 0x20, 0x5f, 0x34, 0x38, 0x38, 0x20, 0x3d, 0x20, 0x61, 0x62, 0x73, 0x28, 0x69, 0x6e, 0x2e, // 3 _488 = abs(in.
	0x76, 0x5f, 0x77, 0x6f, 0x72, 0x6c, 0x64, 0x50, 0x6f, 0x73, 0x29, 0x20, 0x2a, 0x20, 0x30, 0x2e, // v_worldPos) * 0.
	0x30, 0x30, 0x39, 0x39, 0x39, 0x39, 0x39, 0x39, 0x39, 0x37, 0x37, 0x36, 0x34, 0x38, 0x32, 0x35, // 0099999997764825
	0x38, 0x32, 0x30, 0x39, 0x32, 0x32, 0x38, 0x35, 0x31, 0x35, 0x36, 0x32, 0x35, 0x3b, 0x0a, 0x20, // 8209228515625;. 
	0x20, 0x20, 0x20, 0x66, 0x6c, 0x6f, 0x61, 0x74, 0x33, 0x20, 0x5f, 0x34, 0x39, 0x30, 0x20, 0x3d, //    float3 _490 =
	0x20, 0x61, 0x62, 0x73, 0x28, 0x5f, 0x33, 0x38, 0x37, 0x29, 0x3b, 0x0a, 0x20, 0x20, 0x20, 0x20, //  abs(_387);.    
	0x66, 0x6c, 0x6f, 0x61, 0x74, 0x20, 0x5f, 0x34, 0x39, 0x34, 0x20, 0x3d, 0x20, 0x5f, 0x34, 0x39, // float _494 = _49
	0x30, 0x2e, 0x78, 0x3b, 0x0a, 0x20, 0x20, 0x20, 0x20, 0x66, 0x6c, 0x6f, 0x61, 0x74, 0x20, 0x5f, // 0.x;.    float _
	0x34, 0x39, 0x36, 0x20, 0x3d, 0x20, 0x5f, 0x34, 0x39, 0x30, 0x2e, 0x79, 0x3b, 0x0a, 0x20, 0x20, // 496 = _490.y;.  
	0x20, 0x20, 0x66, 0x6c, 0x6f, 0x61, 0x74, 0x20, 0x5f, 0x34, 0x39, 0x38, 0x20, 0x3d, 0x20, 0x73, //   float _498 = s
	0x74, 0x65, 0x70, 0x28, 0x5f, 0x34, 0x39, 0x30, 0x2e, 0x7a, 0x2c, 0x20, 0x66, 0x61, 0x73, 0x74, // tep(_490.z, fast
	0x3a, 0x3a, 0x6d, 0x61, 0x78, 0x28, 0x5f, 0x34, 0x39, 0x34, 0x2c, 0x20, 0x5f, 0x34, 0x39, 0x36, // ::max(_494, _496
	0x29, 0x29, 0x3b, 0x0a, 0x20, 0x20, 0x20, 0x20, 0x66, 0x6c, 0x6f, 0x61, 0x74, 0x20, 0x5f, 0x35, // ));.    float _5
	0x30, 0x36, 0x20, 0x3d, 0x20, 0x73, 0x74, 0x65, 0x70, 0x28, 0x5f, 0x34, 0x39, 0x34, 0x2c, 0x20, // 06 = step(_494, 
	0x5f, 0x34, 0x39, 0x36, 0x29, 0x20, 0x2a, 0x20, 0x28, 0x31, 0x2e, 0x30, 0x20, 0x2d, 0x20, 0x5f, // _496) * (1.0 - _
	0x34, 0x39, 0x38, 0x29, 0x3b, 0x0a, 0x20, 0x20, 0x20, 0x20, 0x62, 0x6f, 0x6f, 0x6c, 0x20, 0x5f, // 498);.    bool _
	0x34, 0x32, 0x32, 0x20, 0x3d, 0x20, 0x5f, 0x6d, 0x74, 0x6c, 0x5f, 0x75, 0x2e, 0x75, 0x45, 0x64, // 422 = _mtl_u.uEd
	0x67, 0x65, 0x4f, 0x76, 0x65, 0x72, 0x72, 0x69, 0x64, 0x65, 0x2e, 0x78, 0x20, 0x3e, 0x20, 0x30, // geOverride.x > 0
	0x2e, 0x35, 0x3b, 0x0a, 0x20, 0x20, 0x20, 0x20, 0x6f, 0x75, 0x74, 0x2e, 0x62, 0x67, 0x66, 0x78, // .5;.    out.bgfx
	0x5f, 0x46, 0x72, 0x61, 0x67, 0x44, 0x61, 0x74, 0x61, 0x30, 0x20, 0x3d, 0x20, 0x66, 0x6c, 0x6f, // _FragData0 = flo
	0x61, 0x74, 0x34, 0x28, 0x73, 0x65, 0x6c, 0x65, 0x63, 0x74, 0x28, 0x28, 0x73, 0x5f, 0x61, 0x6c, // at4(select((s_al
	0x62, 0x65, 0x64, 0x6f, 0x2e, 0x73, 0x61, 0x6d, 0x70, 0x6c, 0x65, 0x28, 0x73, 0x5f, 0x61, 0x6c, // bedo.sample(s_al
	0x62, 0x65, 0x64, 0x6f, 0x53, 0x61, 0x6d, 0x70, 0x6c, 0x65, 0x72, 0x2c, 0x20, 0x6d, 0x69, 0x78, // bedoSampler, mix
	0x28, 0x69, 0x6e, 0x2e, 0x76, 0x5f, 0x75, 0x76, 0x2c, 0x20, 0x28, 0x28, 0x5f, 0x34, 0x38, 0x38, // (in.v_uv, ((_488
	0x2e, 0x78, 0x79, 0x20, 0x2a, 0x20, 0x5f, 0x34, 0x39, 0x38, 0x29, 0x20, 0x2b, 0x20, 0x28, 0x5f, // .xy * _498) + (_
	0x34, 0x38, 0x38, 0x2e, 0x7a, 0x79, 0x20, 0x2a, 0x20, 0x5f, 0x35, 0x30, 0x36, 0x29, 0x29, 0x20, // 488.zy * _506)) 
	0x2b, 0x20, 0x28, 0x5f, 0x34, 0x38, 0x38, 0x2e, 0x78, 0x7a, 0x20, 0x2a, 0x20, 0x28, 0x28, 0x31, // + (_488.xz * ((1
	0x2e, 0x30, 0x20, 0x2d, 0x20, 0x5f, 0x35, 0x30, 0x36, 0x29, 0x20, 0x2d, 0x20, 0x5f, 0x34, 0x39, // .0 - _506) - _49
	0x38, 0x29, 0x29, 0x2c, 0x20, 0x66, 0x6c, 0x6f, 0x61, 0x74, 0x32, 0x28, 0x66, 0x61, 0x73, 0x74, // 8)), float2(fast
	0x3a, 0x3a, 0x63, 0x6c, 0x61, 0x6d, 0x70, 0x28, 0x5f, 0x6d, 0x74, 0x6c, 0x5f, 0x75, 0x2e, 0x75, // ::clamp(_mtl_u.u
	0x4d, 0x65, 0x73, 0x68, 0x53, 0x75, 0x72, 0x66, 0x61, 0x63, 0x65, 0x2e, 0x79, 0x2c, 0x20, 0x30, // MeshSurface.y, 0
	0x2e, 0x30, 0x2c, 0x20, 0x31, 0x2e, 0x30, 0x29, 0x29, 0x29, 0x29, 0x2e, 0x78, 0x79, 0x7a, 0x20, // .0, 1.0)))).xyz 
	0x2a, 0x20, 0x69, 0x6e, 0x2e, 0x76, 0x5f, 0x63, 0x6f, 0x6c, 0x6f, 0x72, 0x2e, 0x78, 0x79, 0x7a, // * in.v_color.xyz
	0x29, 0x20, 0x2a, 0x20, 0x6d, 0x69, 0x78, 0x28, 0x31, 0x2e, 0x30, 0x2c, 0x20, 0x30, 0x2e, 0x34, // ) * mix(1.0, 0.4
	0x34, 0x39, 0x39, 0x39, 0x39, 0x39, 0x38, 0x38, 0x30, 0x37, 0x39, 0x30, 0x37, 0x31, 0x30, 0x34, // 4999998807907104
	0x34, 0x39, 0x32, 0x31, 0x38, 0x37, 0x35, 0x20, 0x2b, 0x20, 0x28, 0x30, 0x2e, 0x37, 0x35, 0x20, // 4921875 + (0.75 
	0x2a, 0x20, 0x66, 0x61, 0x73, 0x74, 0x3a, 0x3a, 0x6d, 0x61, 0x78, 0x28, 0x64, 0x6f, 0x74, 0x28, // * fast::max(dot(
	0x5f, 0x33, 0x38, 0x37, 0x2c, 0x20, 0x66, 0x6c, 0x6f, 0x61, 0x74, 0x33, 0x28, 0x30, 0x2e, 0x33, // _387, float3(0.3
	0x38, 0x30, 0x39, 0x35, 0x32, 0x33, 0x38, 0x38, 0x30, 0x34, 0x38, 0x31, 0x37, 0x31, 0x39, 0x39, // 8095238804817199
	0x37, 0x30, 0x37, 0x30, 0x33, 0x31, 0x32, 0x35, 0x2c, 0x20, 0x30, 0x2e, 0x37, 0x36, 0x31, 0x39, // 70703125, 0.7619
	0x30, 0x34, 0x37, 0x37, 0x36, 0x30, 0x39, 0x36, 0x33, 0x34, 0x33, 0x39, 0x39, 0x34, 0x31, 0x34, // 0477609634399414
	0x30, 0x36, 0x32, 0x35, 0x2c, 0x20, 0x30, 0x2e, 0x35, 0x32, 0x33, 0x38, 0x30, 0x39, 0x35, 0x35, // 0625, 0.52380955
	0x32, 0x31, 0x39, 0x32, 0x36, 0x38, 0x37, 0x39, 0x38, 0x38, 0x32, 0x38, 0x31, 0x32, 0x35, 0x29, // 219268798828125)
	0x29, 0x2c, 0x20, 0x30, 0x2e, 0x30, 0x29, 0x29, 0x2c, 0x20, 0x66, 0x61, 0x73, 0x74, 0x3a, 0x3a, // ), 0.0)), fast::
	0x63, 0x6c, 0x61, 0x6d, 0x70, 0x28, 0x5f, 0x6d, 0x74, 0x6c, 0x5f, 0x75, 0x2e, 0x75, 0x4d, 0x65, // clamp(_mtl_u.uMe
	0x73, 0x68, 0x53, 0x75, 0x72, 0x66, 0x61, 0x63, 0x65, 0x2e, 0x78, 0x2c, 0x20, 0x30, 0x2e, 0x30, // shSurface.x, 0.0
	0x2c, 0x20, 0x31, 0x2e, 0x30, 0x29, 0x29, 0x2c, 0x20, 0x66, 0x6c, 0x6f, 0x61, 0x74, 0x33, 0x28, // , 1.0)), float3(
	0x30, 0x2e, 0x39, 0x34, 0x39, 0x39, 0x39, 0x39, 0x39, 0x38, 0x38, 0x30, 0x37, 0x39, 0x30, 0x37, // 0.94999998807907
	0x31, 0x30, 0x34, 0x34, 0x39, 0x32, 0x31, 0x38, 0x37, 0x35, 0x2c, 0x20, 0x30, 0x2e, 0x39, 0x33, // 1044921875, 0.93
	0x39, 0x39, 0x39, 0x39, 0x39, 0x39, 0x37, 0x36, 0x31, 0x35, 0x38, 0x31, 0x34, 0x32, 0x30, 0x38, // 9999997615814208
	0x39, 0x38, 0x34, 0x33, 0x37, 0x35, 0x2c, 0x20, 0x30, 0x2e, 0x39, 0x32, 0x30, 0x30, 0x30, 0x30, // 984375, 0.920000
	0x30, 0x31, 0x36, 0x36, 0x38, 0x39, 0x33, 0x30, 0x30, 0x35, 0x33, 0x37, 0x31, 0x30, 0x39, 0x33, // 0166893005371093
	0x37, 0x35, 0x29, 0x2c, 0x20, 0x62, 0x6f, 0x6f, 0x6c, 0x33, 0x28, 0x5f, 0x34, 0x32, 0x32, 0x29, // 75), bool3(_422)
	0x29, 0x2c, 0x20, 0x5f, 0x34, 0x32, 0x32, 0x20, 0x3f, 0x20, 0x31, 0x2e, 0x30, 0x20, 0x3a, 0x20, // ), _422 ? 1.0 : 
	0x69, 0x6e, 0x2e, 0x76, 0x5f, 0x63, 0x6f, 0x6c, 0x6f, 0x72, 0x2e, 0x77, 0x29, 0x3b, 0x0a, 0x20, // in.v_color.w);. 
	0x20, 0x20, 0x20, 0x6f, 0x75, 0x74, 0x2e, 0x67, 0x6c, 0x5f, 0x46, 0x72, 0x61, 0x67, 0x44, 0x65, //    out.gl_FragDe
	0x70, 0x74, 0x68, 0x20, 0x3d, 0x20, 0x5f, 0x35, 0x35, 0x38, 0x3b, 0x0a, 0x20, 0x20, 0x20, 0x20, // pth = _558;.    
	0x72, 0x65, 0x74, 0x75, 0x72, 0x6e, 0x20, 0x6f, 0x75, 0x74, 0x3b, 0x0a, 0x7d, 0x0a, 0x0a, 0x00, // return out;.}...
	0x00, 0x50, 0x00,                                                                               // .P.
};

static const uint8_t frag_essl[3254] =
{
	0x46, 0x53, 0x48, 0x0b, 0xc2, 0x9b, 0x15, 0x81, 0x00, 0x00, 0x00, 0x00, 0x00, 0x00, 0xa3, 0x0c, // FSH.............
	0x00, 0x00, 0x23, 0x76, 0x65, 0x72, 0x73, 0x69, 0x6f, 0x6e, 0x20, 0x33, 0x32, 0x30, 0x20, 0x65, // ..#version 320 e
	0x73, 0x0a, 0x23, 0x64, 0x65, 0x66, 0x69, 0x6e, 0x65, 0x20, 0x61, 0x74, 0x74, 0x72, 0x69, 0x62, // s.#define attrib
	0x75, 0x74, 0x65, 0x20, 0x69, 0x6e, 0x0a, 0x23, 0x64, 0x65, 0x66, 0x69, 0x6e, 0x65, 0x20, 0x76, // ute in.#define v
	0x61, 0x72, 0x79, 0x69, 0x6e, 0x67, 0x20, 0x69, 0x6e, 0x0a, 0x70, 0x72, 0x65, 0x63, 0x69, 0x73, // arying in.precis
	0x69, 0x6f, 0x6e, 0x20, 0x68, 0x69, 0x67, 0x68, 0x70, 0x20, 0x66, 0x6c, 0x6f, 0x61, 0x74, 0x3b, // ion highp float;
	0x0a, 0x70, 0x72, 0x65, 0x63, 0x69, 0x73, 0x69, 0x6f, 0x6e, 0x20, 0x68, 0x69, 0x67, 0x68, 0x70, // .precision highp
	0x20, 0x69, 0x6e, 0x74, 0x3b, 0x0a, 0x23, 0x64, 0x65, 0x66, 0x69, 0x6e, 0x65, 0x20, 0x73, 0x68, //  int;.#define sh
	0x61, 0x64, 0x6f, 0x77, 0x32, 0x44, 0x28, 0x5f, 0x73, 0x61, 0x6d, 0x70, 0x6c, 0x65, 0x72, 0x2c, // adow2D(_sampler,
	0x20, 0x5f, 0x63, 0x6f, 0x6f, 0x72, 0x64, 0x29, 0x20, 0x74, 0x65, 0x78, 0x74, 0x75, 0x72, 0x65, //  _coord) texture
	0x28, 0x5f, 0x73, 0x61, 0x6d, 0x70, 0x6c, 0x65, 0x72, 0x2c, 0x20, 0x5f, 0x63, 0x6f, 0x6f, 0x72, // (_sampler, _coor
	0x64, 0x29, 0x0a, 0x23, 0x64, 0x65, 0x66, 0x69, 0x6e, 0x65, 0x20, 0x73, 0x68, 0x61, 0x64, 0x6f, // d).#define shado
	0x77, 0x32, 0x44, 0x50, 0x72, 0x6f, 0x6a, 0x28, 0x5f, 0x73, 0x61, 0x6d, 0x70, 0x6c, 0x65, 0x72, // w2DProj(_sampler
	0x2c, 0x20, 0x5f, 0x63, 0x6f, 0x6f, 0x72, 0x64, 0x29, 0x20, 0x74, 0x65, 0x78, 0x74, 0x75, 0x72, // , _coord) textur
	0x65, 0x50, 0x72, 0x6f, 0x6a, 0x28, 0x5f, 0x73, 0x61, 0x6d, 0x70, 0x6c, 0x65, 0x72, 0x2c, 0x20, // eProj(_sampler, 
	0x5f, 0x63, 0x6f, 0x6f, 0x72, 0x64, 0x29, 0x0a, 0x6f, 0x75, 0x74, 0x20, 0x6d, 0x65, 0x64, 0x69, // _coord).out medi
	0x75, 0x6d, 0x70, 0x20, 0x76, 0x65, 0x63, 0x34, 0x20, 0x62, 0x67, 0x66, 0x78, 0x5f, 0x46, 0x72, // ump vec4 bgfx_Fr
	0x61, 0x67, 0x43, 0x6f, 0x6c, 0x6f, 0x72, 0x3b, 0x0a, 0x76, 0x61, 0x72, 0x79, 0x69, 0x6e, 0x67, // agColor;.varying
	0x20, 0x76, 0x65, 0x63, 0x34, 0x20, 0x76, 0x5f, 0x63, 0x6f, 0x6c, 0x6f, 0x72, 0x3b, 0x0a, 0x76, //  vec4 v_color;.v
	0x61, 0x72, 0x79, 0x69, 0x6e, 0x67, 0x20, 0x76, 0x65, 0x63, 0x33, 0x20, 0x76, 0x5f, 0x6e, 0x6f, // arying vec3 v_no
	0x72, 0x6d, 0x61, 0x6c, 0x3b, 0x0a, 0x76, 0x61, 0x72, 0x79, 0x69, 0x6e, 0x67, 0x20, 0x76, 0x65, // rmal;.varying ve
	0x63, 0x32, 0x20, 0x76, 0x5f, 0x75, 0x76, 0x3b, 0x0a, 0x76, 0x61, 0x72, 0x79, 0x69, 0x6e, 0x67, // c2 v_uv;.varying
	0x20, 0x66, 0x6c, 0x6f, 0x61, 0x74, 0x20, 0x76, 0x5f, 0x76, 0x69, 0x65, 0x77, 0x44, 0x65, 0x70, //  float v_viewDep
	0x74, 0x68, 0x3b, 0x0a, 0x76, 0x61, 0x72, 0x79, 0x69, 0x6e, 0x67, 0x20, 0x76, 0x65, 0x63, 0x33, // th;.varying vec3
	0x20, 0x76, 0x5f, 0x77, 0x6f, 0x72, 0x6c, 0x64, 0x50, 0x6f, 0x73, 0x3b, 0x0a, 0x76, 0x65, 0x63, //  v_worldPos;.vec
	0x33, 0x20, 0x69, 0x6e, 0x73, 0x74, 0x4d, 0x75, 0x6c, 0x28, 0x76, 0x65, 0x63, 0x33, 0x20, 0x5f, // 3 instMul(vec3 _
	0x76, 0x65, 0x63, 0x2c, 0x20, 0x6d, 0x61, 0x74, 0x33, 0x20, 0x5f, 0x6d, 0x74, 0x78, 0x29, 0x20, // vec, mat3 _mtx) 
	0x7b, 0x20, 0x72, 0x65, 0x74, 0x75, 0x72, 0x6e, 0x20, 0x28, 0x20, 0x28, 0x5f, 0x76, 0x65, 0x63, // { return ( (_vec
	0x29, 0x20, 0x2a, 0x20, 0x28, 0x5f, 0x6d, 0x74, 0x78, 0x29, 0x20, 0x29, 0x3b, 0x20, 0x7d, 0x0a, // ) * (_mtx) ); }.
	0x76, 0x65, 0x63, 0x33, 0x20, 0x69, 0x6e, 0x73, 0x74, 0x4d, 0x75, 0x6c, 0x28, 0x6d, 0x61, 0x74, // vec3 instMul(mat
	0x33, 0x20, 0x5f, 0x6d, 0x74, 0x78, 0x2c, 0x20, 0x76, 0x65, 0x63, 0x33, 0x20, 0x5f, 0x76, 0x65, // 3 _mtx, vec3 _ve
	0x63, 0x29, 0x20, 0x7b, 0x20, 0x72, 0x65, 0x74, 0x75, 0x72, 0x6e, 0x20, 0x28, 0x20, 0x28, 0x5f, // c) { return ( (_
	0x6d, 0x74, 0x78, 0x29, 0x20, 0x2a, 0x20, 0x28, 0x5f, 0x76, 0x65, 0x63, 0x29, 0x20, 0x29, 0x3b, // mtx) * (_vec) );
	0x20, 0x7d, 0x0a, 0x76, 0x65, 0x63, 0x34, 0x20, 0x69, 0x6e, 0x73, 0x74, 0x4d, 0x75, 0x6c, 0x28, //  }.vec4 instMul(
	0x76, 0x65, 0x63, 0x34, 0x20, 0x5f, 0x76, 0x65, 0x63, 0x2c, 0x20, 0x6d, 0x61, 0x74, 0x34, 0x20, // vec4 _vec, mat4 
	0x5f, 0x6d, 0x74, 0x78, 0x29, 0x20, 0x7b, 0x20, 0x72, 0x65, 0x74, 0x75, 0x72, 0x6e, 0x20, 0x28, // _mtx) { return (
	0x20, 0x28, 0x5f, 0x76, 0x65, 0x63, 0x29, 0x20, 0x2a, 0x20, 0x28, 0x5f, 0x6d, 0x74, 0x78, 0x29, //  (_vec) * (_mtx)
	0x20, 0x29, 0x3b, 0x20, 0x7d, 0x0a, 0x76, 0x65, 0x63, 0x34, 0x20, 0x69, 0x6e, 0x73, 0x74, 0x4d, //  ); }.vec4 instM
	0x75, 0x6c, 0x28, 0x6d, 0x61, 0x74, 0x34, 0x20, 0x5f, 0x6d, 0x74, 0x78, 0x2c, 0x20, 0x76, 0x65, // ul(mat4 _mtx, ve
	0x63, 0x34, 0x20, 0x5f, 0x76, 0x65, 0x63, 0x29, 0x20, 0x7b, 0x20, 0x72, 0x65, 0x74, 0x75, 0x72, // c4 _vec) { retur
	0x6e, 0x20, 0x28, 0x20, 0x28, 0x5f, 0x6d, 0x74, 0x78, 0x29, 0x20, 0x2a, 0x20, 0x28, 0x5f, 0x76, // n ( (_mtx) * (_v
	0x65, 0x63, 0x29, 0x20, 0x29, 0x3b, 0x20, 0x7d, 0x0a, 0x66, 0x6c, 0x6f, 0x61, 0x74, 0x20, 0x72, // ec) ); }.float r
	0x63, 0x70, 0x28, 0x66, 0x6c, 0x6f, 0x61, 0x74, 0x20, 0x5f, 0x61, 0x29, 0x20, 0x7b, 0x20, 0x72, // cp(float _a) { r
	0x65, 0x74, 0x75, 0x72, 0x6e, 0x20, 0x31, 0x2e, 0x30, 0x2f, 0x5f, 0x61, 0x3b, 0x20, 0x7d, 0x0a, // eturn 1.0/_a; }.
	0x76, 0x65, 0x63, 0x32, 0x20, 0x72, 0x63, 0x70, 0x28, 0x76, 0x65, 0x63, 0x32, 0x20, 0x5f, 0x61, // vec2 rcp(vec2 _a
	0x29, 0x20, 0x7b, 0x20, 0x72, 0x65, 0x74, 0x75, 0x72, 0x6e, 0x20, 0x76, 0x65, 0x63, 0x32, 0x28, // ) { return vec2(
	0x31, 0x2e, 0x30, 0x29, 0x2f, 0x5f, 0x61, 0x3b, 0x20, 0x7d, 0x0a, 0x76, 0x65, 0x63, 0x33, 0x20, // 1.0)/_a; }.vec3 
	0x72, 0x63, 0x70, 0x28, 0x76, 0x65, 0x63, 0x33, 0x20, 0x5f, 0x61, 0x29, 0x20, 0x7b, 0x20, 0x72, // rcp(vec3 _a) { r
	0x65, 0x74, 0x75, 0x72, 0x6e, 0x20, 0x76, 0x65, 0x63, 0x33, 0x28, 0x31, 0x2e, 0x30, 0x29, 0x2f, // eturn vec3(1.0)/
	0x5f, 0x61, 0x3b, 0x20, 0x7d, 0x0a, 0x76, 0x65, 0x63, 0x34, 0x20, 0x72, 0x63, 0x70, 0x28, 0x76, // _a; }.vec4 rcp(v
	0x65, 0x63, 0x34, 0x20, 0x5f, 0x61, 0x29, 0x20, 0x7b, 0x20, 0x72, 0x65, 0x74, 0x75, 0x72, 0x6e, // ec4 _a) { return
	0x20, 0x76, 0x65, 0x63, 0x34, 0x28, 0x31, 0x2e, 0x30, 0x29, 0x2f, 0x5f, 0x61, 0x3b, 0x20, 0x7d, //  vec4(1.0)/_a; }
	0x0a, 0x76, 0x65, 0x63, 0x32, 0x20, 0x76, 0x65, 0x63, 0x32, 0x5f, 0x73, 0x70, 0x6c, 0x61, 0x74, // .vec2 vec2_splat
	0x28, 0x66, 0x6c, 0x6f, 0x61, 0x74, 0x20, 0x5f, 0x78, 0x29, 0x20, 0x7b, 0x20, 0x72, 0x65, 0x74, // (float _x) { ret
	0x75, 0x72, 0x6e, 0x20, 0x76, 0x65, 0x63, 0x32, 0x28, 0x5f, 0x78, 0x2c, 0x20, 0x5f, 0x78, 0x29, // urn vec2(_x, _x)
	0x3b, 0x20, 0x7d, 0x0a, 0x76, 0x65, 0x63, 0x33, 0x20, 0x76, 0x65, 0x63, 0x33, 0x5f, 0x73, 0x70, // ; }.vec3 vec3_sp
	0x6c, 0x61, 0x74, 0x28, 0x66, 0x6c, 0x6f, 0x61, 0x74, 0x20, 0x5f, 0x78, 0x29, 0x20, 0x7b, 0x20, // lat(float _x) { 
	0x72, 0x65, 0x74, 0x75, 0x72, 0x6e, 0x20, 0x76, 0x65, 0x63, 0x33, 0x28, 0x5f, 0x78, 0x2c, 0x20, // return vec3(_x, 
	0x5f, 0x78, 0x2c, 0x20, 0x5f, 0x78, 0x29, 0x3b, 0x20, 0x7d, 0x0a, 0x76, 0x65, 0x63, 0x34, 0x20, // _x, _x); }.vec4 
	0x76, 0x65, 0x63, 0x34, 0x5f, 0x73, 0x70, 0x6c, 0x61, 0x74, 0x28, 0x66, 0x6c, 0x6f, 0x61, 0x74, // vec4_splat(float
	0x20, 0x5f, 0x78, 0x29, 0x20, 0x7b, 0x20, 0x72, 0x65, 0x74, 0x75, 0x72, 0x6e, 0x20, 0x76, 0x65, //  _x) { return ve
	0x63, 0x34, 0x28, 0x5f, 0x78, 0x2c, 0x20, 0x5f, 0x78, 0x2c, 0x20, 0x5f, 0x78, 0x2c, 0x20, 0x5f, // c4(_x, _x, _x, _
	0x78, 0x29, 0x3b, 0x20, 0x7d, 0x0a, 0x75, 0x76, 0x65, 0x63, 0x32, 0x20, 0x75, 0x76, 0x65, 0x63, // x); }.uvec2 uvec
	0x32, 0x5f, 0x73, 0x70, 0x6c, 0x61, 0x74, 0x28, 0x75, 0x69, 0x6e, 0x74, 0x20, 0x5f, 0x78, 0x29, // 2_splat(uint _x)
	0x20, 0x7b, 0x20, 0x72, 0x65, 0x74, 0x75, 0x72, 0x6e, 0x20, 0x75, 0x76, 0x65, 0x63, 0x32, 0x28, //  { return uvec2(
	0x5f, 0x78, 0x2c, 0x20, 0x5f, 0x78, 0x29, 0x3b, 0x20, 0x7d, 0x0a, 0x75, 0x76, 0x65, 0x63, 0x33, // _x, _x); }.uvec3
	0x20, 0x75, 0x76, 0x65, 0x63, 0x33, 0x5f, 0x73, 0x70, 0x6c, 0x61, 0x74, 0x28, 0x75, 0x69, 0x6e, //  uvec3_splat(uin
	0x74, 0x20, 0x5f, 0x78, 0x29, 0x20, 0x7b, 0x20, 0x72, 0x65, 0x74, 0x75, 0x72, 0x6e, 0x20, 0x75, // t _x) { return u
	0x76, 0x65, 0x63, 0x33, 0x28, 0x5f, 0x78, 0x2c, 0x20, 0x5f, 0x78, 0x2c, 0x20, 0x5f, 0x78, 0x29, // vec3(_x, _x, _x)
	0x3b, 0x20, 0x7d, 0x0a, 0x75, 0x76, 0x65, 0x63, 0x34, 0x20, 0x75, 0x76, 0x65, 0x63, 0x34, 0x5f, // ; }.uvec4 uvec4_
	0x73, 0x70, 0x6c, 0x61, 0x74, 0x28, 0x75, 0x69, 0x6e, 0x74, 0x20, 0x5f, 0x78, 0x29, 0x20, 0x7b, // splat(uint _x) {
	0x20, 0x72, 0x65, 0x74, 0x75, 0x72, 0x6e, 0x20, 0x75, 0x76, 0x65, 0x63, 0x34, 0x28, 0x5f, 0x78, //  return uvec4(_x
	0x2c, 0x20, 0x5f, 0x78, 0x2c, 0x20, 0x5f, 0x78, 0x2c, 0x20, 0x5f, 0x78, 0x29, 0x3b, 0x20, 0x7d, // , _x, _x, _x); }
	0x0a, 0x6d, 0x61, 0x74, 0x34, 0x20, 0x6d, 0x74, 0x78, 0x46, 0x72, 0x6f, 0x6d, 0x52, 0x6f, 0x77, // .mat4 mtxFromRow
	0x73, 0x28, 0x76, 0x65, 0x63, 0x34, 0x20, 0x5f, 0x30, 0x2c, 0x20, 0x76, 0x65, 0x63, 0x34, 0x20, // s(vec4 _0, vec4 
	0x5f, 0x31, 0x2c, 0x20, 0x76, 0x65, 0x63, 0x34, 0x20, 0x5f, 0x32, 0x2c, 0x20, 0x76, 0x65, 0x63, // _1, vec4 _2, vec
	0x34, 0x20, 0x5f, 0x33, 0x29, 0x0a, 0x7b, 0x0a, 0x72, 0x65, 0x74, 0x75, 0x72, 0x6e, 0x20, 0x74, // 4 _3).{.return t
	0x72, 0x61, 0x6e, 0x73, 0x70, 0x6f, 0x73, 0x65, 0x28, 0x6d, 0x61, 0x74, 0x34, 0x28, 0x5f, 0x30, // ranspose(mat4(_0
	0x2c, 0x20, 0x5f, 0x31, 0x2c, 0x20, 0x5f, 0x32, 0x2c, 0x20, 0x5f, 0x33, 0x29, 0x20, 0x29, 0x3b, // , _1, _2, _3) );
	0x0a, 0x7d, 0x0a, 0x6d, 0x61, 0x74, 0x34, 0x20, 0x6d, 0x74, 0x78, 0x46, 0x72, 0x6f, 0x6d, 0x43, // .}.mat4 mtxFromC
	0x6f, 0x6c, 0x73, 0x28, 0x76, 0x65, 0x63, 0x34, 0x20, 0x5f, 0x30, 0x2c, 0x20, 0x76, 0x65, 0x63, // ols(vec4 _0, vec
	0x34, 0x20, 0x5f, 0x31, 0x2c, 0x20, 0x76, 0x65, 0x63, 0x34, 0x20, 0x5f, 0x32, 0x2c, 0x20, 0x76, // 4 _1, vec4 _2, v
	0x65, 0x63, 0x34, 0x20, 0x5f, 0x33, 0x29, 0x0a, 0x7b, 0x0a, 0x72, 0x65, 0x74, 0x75, 0x72, 0x6e, // ec4 _3).{.return
	0x20, 0x6d, 0x61, 0x74, 0x34, 0x28, 0x5f, 0x30, 0x2c, 0x20, 0x5f, 0x31, 0x2c, 0x20, 0x5f, 0x32, //  mat4(_0, _1, _2
	0x2c, 0x20, 0x5f, 0x33, 0x29, 0x3b, 0x0a, 0x7d, 0x0a, 0x6d, 0x61, 0x74, 0x33, 0x20, 0x6d, 0x74, // , _3);.}.mat3 mt
	0x78, 0x46, 0x72, 0x6f, 0x6d, 0x52, 0x6f, 0x77, 0x73, 0x28, 0x76, 0x65, 0x63, 0x33, 0x20, 0x5f, // xFromRows(vec3 _
	0x30, 0x2c, 0x20, 0x76, 0x65, 0x63, 0x33, 0x20, 0x5f, 0x31, 0x2c, 0x20, 0x76, 0x65, 0x63, 0x33, // 0, vec3 _1, vec3
	0x20, 0x5f, 0x32, 0x29, 0x0a, 0x7b, 0x0a, 0x72, 0x65, 0x74, 0x75, 0x72, 0x6e, 0x20, 0x74, 0x72, //  _2).{.return tr
	0x61, 0x6e, 0x73, 0x70, 0x6f, 0x73, 0x65, 0x28, 0x6d, 0x61, 0x74, 0x33, 0x28, 0x5f, 0x30, 0x2c, // anspose(mat3(_0,
	0x20, 0x5f, 0x31, 0x2c, 0x20, 0x5f, 0x32, 0x29, 0x20, 0x29, 0x3b, 0x0a, 0x7d, 0x0a, 0x6d, 0x61, //  _1, _2) );.}.ma
	0x74, 0x33, 0x20, 0x6d, 0x74, 0x78, 0x46, 0x72, 0x6f, 0x6d, 0x43, 0x6f, 0x6c, 0x73, 0x28, 0x76, // t3 mtxFromCols(v
	0x65, 0x63, 0x33, 0x20, 0x5f, 0x30, 0x2c, 0x20, 0x76, 0x65, 0x63, 0x33, 0x20, 0x5f, 0x31, 0x2c, // ec3 _0, vec3 _1,
	0x20, 0x76, 0x65, 0x63, 0x33, 0x20, 0x5f, 0x32, 0x29, 0x0a, 0x7b, 0x0a, 0x72, 0x65, 0x74, 0x75, //  vec3 _2).{.retu
	0x72, 0x6e, 0x20, 0x6d, 0x61, 0x74, 0x33, 0x28, 0x5f, 0x30, 0x2c, 0x20, 0x5f, 0x31, 0x2c, 0x20, // rn mat3(_0, _1, 
	0x5f, 0x32, 0x29, 0x3b, 0x0a, 0x7d, 0x0a, 0x75, 0x6e, 0x69, 0x66, 0x6f, 0x72, 0x6d, 0x20, 0x76, // _2);.}.uniform v
	0x65, 0x63, 0x34, 0x20, 0x75, 0x5f, 0x76, 0x69, 0x65, 0x77, 0x52, 0x65, 0x63, 0x74, 0x3b, 0x0a, // ec4 u_viewRect;.
	0x75, 0x6e, 0x69, 0x66, 0x6f, 0x72, 0x6d, 0x20, 0x76, 0x65, 0x63, 0x34, 0x20, 0x75, 0x5f, 0x76, // uniform vec4 u_v
	0x69, 0x65, 0x77, 0x54, 0x65, 0x78, 0x65, 0x6c, 0x3b, 0x0a, 0x75, 0x6e, 0x69, 0x66, 0x6f, 0x72, // iewTexel;.unifor
	0x6d, 0x20, 0x6d, 0x61, 0x74, 0x34, 0x20, 0x75, 0x5f, 0x76, 0x69, 0x65, 0x77, 0x3b, 0x0a, 0x75, // m mat4 u_view;.u
	0x6e, 0x69, 0x66, 0x6f, 0x72, 0x6d, 0x20, 0x6d, 0x61, 0x74, 0x34, 0x20, 0x75, 0x5f, 0x69, 0x6e, // niform mat4 u_in
	0x76, 0x56, 0x69, 0x65, 0x77, 0x3b, 0x0a, 0x75, 0x6e, 0x69, 0x66, 0x6f, 0x72, 0x6d, 0x20, 0x6d, // vView;.uniform m
	0x61, 0x74, 0x34, 0x20, 0x75, 0x5f, 0x70, 0x72, 0x6f, 0x6a, 0x3b, 0x0a, 0x75, 0x6e, 0x69, 0x66, // at4 u_proj;.unif
	0x6f, 0x72, 0x6d, 0x20, 0x6d, 0x61, 0x74, 0x34, 0x20, 0x75, 0x5f, 0x69, 0x6e, 0x76, 0x50, 0x72, // orm mat4 u_invPr
	0x6f, 0x6a, 0x3b, 0x0a, 0x75, 0x6e, 0x69, 0x66, 0x6f, 0x72, 0x6d, 0x20, 0x6d, 0x61, 0x74, 0x34, // oj;.uniform mat4
	0x20, 0x75, 0x5f, 0x76, 0x69, 0x65, 0x77, 0x50, 0x72, 0x6f, 0x6a, 0x3b, 0x0a, 0x75, 0x6e, 0x69, //  u_viewProj;.uni
	0x66, 0x6f, 0x72, 0x6d, 0x20, 0x6d, 0x61, 0x74, 0x34, 0x20, 0x75, 0x5f, 0x69, 0x6e, 0x76, 0x56, // form mat4 u_invV
	0x69, 0x65, 0x77, 0x50, 0x72, 0x6f, 0x6a, 0x3b, 0x0a, 0x75, 0x6e, 0x69, 0x66, 0x6f, 0x72, 0x6d, // iewProj;.uniform
	0x20, 0x6d, 0x61, 0x74, 0x34, 0x20, 0x75, 0x5f, 0x6d, 0x6f, 0x64, 0x65, 0x6c, 0x5b, 0x33, 0x32, //  mat4 u_model[32
	0x5d, 0x3b, 0x0a, 0x75, 0x6e, 0x69, 0x66, 0x6f, 0x72, 0x6d, 0x20, 0x6d, 0x61, 0x74, 0x34, 0x20, // ];.uniform mat4 
	0x75, 0x5f, 0x6d, 0x6f, 0x64, 0x65, 0x6c, 0x56, 0x69, 0x65, 0x77, 0x3b, 0x0a, 0x75, 0x6e, 0x69, // u_modelView;.uni
	0x66, 0x6f, 0x72, 0x6d, 0x20, 0x6d, 0x61, 0x74, 0x34, 0x20, 0x75, 0x5f, 0x6d, 0x6f, 0x64, 0x65, // form mat4 u_mode
	0x6c, 0x56, 0x69, 0x65, 0x77, 0x50, 0x72, 0x6f, 0x6a, 0x3b, 0x0a, 0x75, 0x6e, 0x69, 0x66, 0x6f, // lViewProj;.unifo
	0x72, 0x6d, 0x20, 0x76, 0x65, 0x63, 0x34, 0x20, 0x75, 0x5f, 0x61, 0x6c, 0x70, 0x68, 0x61, 0x52, // rm vec4 u_alphaR
	0x65, 0x66, 0x34, 0x3b, 0x0a, 0x75, 0x6e, 0x69, 0x66, 0x6f, 0x72, 0x6d, 0x20, 0x73, 0x61, 0x6d, // ef4;.uniform sam
	0x70, 0x6c, 0x65, 0x72, 0x32, 0x44, 0x20, 0x73, 0x5f, 0x61, 0x6c, 0x62, 0x65, 0x64, 0x6f, 0x3b, // pler2D s_albedo;
	0x0a, 0x75, 0x6e, 0x69, 0x66, 0x6f, 0x72, 0x6d, 0x20, 0x76, 0x65, 0x63, 0x34, 0x20, 0x75, 0x4c, // .uniform vec4 uL
	0x6f, 0x67, 0x44, 0x65, 0x70, 0x74, 0x68, 0x3b, 0x0a, 0x75, 0x6e, 0x69, 0x66, 0x6f, 0x72, 0x6d, // ogDepth;.uniform
	0x20, 0x76, 0x65, 0x63, 0x34, 0x20, 0x75, 0x45, 0x64, 0x67, 0x65, 0x4f, 0x76, 0x65, 0x72, 0x72, //  vec4 uEdgeOverr
	0x69, 0x64, 0x65, 0x3b, 0x0a, 0x75, 0x6e, 0x69, 0x66, 0x6f, 0x72, 0x6d, 0x20, 0x76, 0x65, 0x63, // ide;.uniform vec
	0x34, 0x20, 0x75, 0x50, 0x72, 0x69, 0x6d, 0x50, 0x61, 0x72, 0x61, 0x6d, 0x73, 0x3b, 0x0a, 0x75, // 4 uPrimParams;.u
	0x6e, 0x69, 0x66, 0x6f, 0x72, 0x6d, 0x20, 0x76, 0x65, 0x63, 0x34, 0x20, 0x75, 0x4d, 0x65, 0x73, // niform vec4 uMes
	0x68, 0x53, 0x75, 0x72, 0x66, 0x61, 0x63, 0x65, 0x3b, 0x0a, 0x66, 0x6c, 0x6f, 0x61, 0x74, 0x20, // hSurface;.float 
	0x6f, 0x75, 0x74, 0x70, 0x75, 0x74, 0x44, 0x65, 0x70, 0x74, 0x68, 0x28, 0x66, 0x6c, 0x6f, 0x61, // outputDepth(floa
	0x74, 0x20, 0x72, 0x61, 0x77, 0x44, 0x65, 0x70, 0x74, 0x68, 0x2c, 0x20, 0x66, 0x6c, 0x6f, 0x61, // t rawDepth, floa
	0x74, 0x20, 0x76, 0x69, 0x65, 0x77, 0x44, 0x65, 0x70, 0x74, 0x68, 0x29, 0x0a, 0x7b, 0x0a, 0x69, // t viewDepth).{.i
	0x66, 0x20, 0x28, 0x75, 0x4c, 0x6f, 0x67, 0x44, 0x65, 0x70, 0x74, 0x68, 0x2e, 0x78, 0x20, 0x3c, // f (uLogDepth.x <
	0x20, 0x30, 0x2e, 0x35, 0x29, 0x0a, 0x72, 0x65, 0x74, 0x75, 0x72, 0x6e, 0x20, 0x72, 0x61, 0x77, //  0.5).return raw
	0x44, 0x65, 0x70, 0x74, 0x68, 0x3b, 0x0a, 0x69, 0x66, 0x20, 0x28, 0x76, 0x69, 0x65, 0x77, 0x44, // Depth;.if (viewD
	0x65, 0x70, 0x74, 0x68, 0x20, 0x3c, 0x20, 0x75, 0x4c, 0x6f, 0x67, 0x44, 0x65, 0x70, 0x74, 0x68, // epth < uLogDepth
	0x2e, 0x79, 0x20, 0x7c, 0x7c, 0x20, 0x76, 0x69, 0x65, 0x77, 0x44, 0x65, 0x70, 0x74, 0x68, 0x20, // .y || viewDepth 
	0x3e, 0x20, 0x75, 0x4c, 0x6f, 0x67, 0x44, 0x65, 0x70, 0x74, 0x68, 0x2e, 0x7a, 0x29, 0x0a, 0x64, // > uLogDepth.z).d
	0x69, 0x73, 0x63, 0x61, 0x72, 0x64, 0x3b, 0x0a, 0x66, 0x6c, 0x6f, 0x61, 0x74, 0x20, 0x6e, 0x75, // iscard;.float nu
	0x6d, 0x65, 0x72, 0x61, 0x74, 0x6f, 0x72, 0x20, 0x3d, 0x20, 0x6c, 0x6f, 0x67, 0x32, 0x28, 0x6d, // merator = log2(m
	0x61, 0x78, 0x28, 0x76, 0x69, 0x65, 0x77, 0x44, 0x65, 0x70, 0x74, 0x68, 0x20, 0x2f, 0x20, 0x75, // ax(viewDepth / u
	0x4c, 0x6f, 0x67, 0x44, 0x65, 0x70, 0x74, 0x68, 0x2e, 0x79, 0x2c, 0x20, 0x31, 0x2e, 0x30, 0x29, // LogDepth.y, 1.0)
	0x29, 0x3b, 0x0a, 0x66, 0x6c, 0x6f, 0x61, 0x74, 0x20, 0x64, 0x65, 0x6e, 0x6f, 0x6d, 0x69, 0x6e, // );.float denomin
	0x61, 0x74, 0x6f, 0x72, 0x20, 0x3d, 0x20, 0x6c, 0x6f, 0x67, 0x32, 0x28, 0x6d, 0x61, 0x78, 0x28, // ator = log2(max(
	0x75, 0x4c, 0x6f, 0x67, 0x44, 0x65, 0x70, 0x74, 0x68, 0x2e, 0x7a, 0x20, 0x2f, 0x20, 0x75, 0x4c, // uLogDepth.z / uL
	0x6f, 0x67, 0x44, 0x65, 0x70, 0x74, 0x68, 0x2e, 0x79, 0x2c, 0x20, 0x31, 0x2e, 0x30, 0x30, 0x30, // ogDepth.y, 1.000
	0x30, 0x30, 0x31, 0x29, 0x29, 0x3b, 0x0a, 0x72, 0x65, 0x74, 0x75, 0x72, 0x6e, 0x20, 0x63, 0x6c, // 001));.return cl
	0x61, 0x6d, 0x70, 0x28, 0x6e, 0x75, 0x6d, 0x65, 0x72, 0x61, 0x74, 0x6f, 0x72, 0x20, 0x2f, 0x20, // amp(numerator / 
	0x64, 0x65, 0x6e, 0x6f, 0x6d, 0x69, 0x6e, 0x61, 0x74, 0x6f, 0x72, 0x2c, 0x20, 0x30, 0x2e, 0x30, // denominator, 0.0
	0x2c, 0x20, 0x31, 0x2e, 0x30, 0x29, 0x3b, 0x0a, 0x7d, 0x0a, 0x76, 0x65, 0x63, 0x32, 0x20, 0x74, // , 1.0);.}.vec2 t
	0x72, 0x69, 0x70, 0x6c, 0x61, 0x6e, 0x61, 0x72, 0x55, 0x76, 0x28, 0x76, 0x65, 0x63, 0x33, 0x20, // riplanarUv(vec3 
	0x70, 0x6f, 0x73, 0x69, 0x74, 0x69, 0x6f, 0x6e, 0x2c, 0x20, 0x76, 0x65, 0x63, 0x33, 0x20, 0x6e, // position, vec3 n
	0x6f, 0x72, 0x6d, 0x61, 0x6c, 0x29, 0x0a, 0x7b, 0x0a, 0x76, 0x65, 0x63, 0x33, 0x20, 0x73, 0x63, // ormal).{.vec3 sc
	0x61, 0x6c, 0x65, 0x64, 0x20, 0x3d, 0x20, 0x61, 0x62, 0x73, 0x28, 0x70, 0x6f, 0x73, 0x69, 0x74, // aled = abs(posit
	0x69, 0x6f, 0x6e, 0x29, 0x20, 0x2a, 0x20, 0x30, 0x2e, 0x30, 0x31, 0x3b, 0x0a, 0x76, 0x65, 0x63, // ion) * 0.01;.vec
	0x33, 0x20, 0x77, 0x65, 0x69, 0x67, 0x68, 0x74, 0x20, 0x3d, 0x20, 0x61, 0x62, 0x73, 0x28, 0x6e, // 3 weight = abs(n
	0x6f, 0x72, 0x6d, 0x61, 0x6c, 0x29, 0x3b, 0x0a, 0x66, 0x6c, 0x6f, 0x61, 0x74, 0x20, 0x73, 0x65, // ormal);.float se
	0x6c, 0x65, 0x63, 0x74, 0x65, 0x64, 0x5a, 0x20, 0x3d, 0x20, 0x73, 0x74, 0x65, 0x70, 0x28, 0x77, // lectedZ = step(w
	0x65, 0x69, 0x67, 0x68, 0x74, 0x2e, 0x7a, 0x2c, 0x20, 0x6d, 0x61, 0x78, 0x28, 0x77, 0x65, 0x69, // eight.z, max(wei
	0x67, 0x68, 0x74, 0x2e, 0x78, 0x2c, 0x20, 0x77, 0x65, 0x69, 0x67, 0x68, 0x74, 0x2e, 0x79, 0x29, // ght.x, weight.y)
	0x29, 0x3b, 0x0a, 0x66, 0x6c, 0x6f, 0x61, 0x74, 0x20, 0x73, 0x65, 0x6c, 0x65, 0x63, 0x74, 0x65, // );.float selecte
	0x64, 0x58, 0x20, 0x3d, 0x20, 0x73, 0x74, 0x65, 0x70, 0x28, 0x77, 0x65, 0x69, 0x67, 0x68, 0x74, // dX = step(weight
	0x2e, 0x78, 0x2c, 0x20, 0x77, 0x65, 0x69, 0x67, 0x68, 0x74, 0x2e, 0x79, 0x29, 0x20, 0x2a, 0x20, // .x, weight.y) * 
	0x28, 0x31, 0x2e, 0x30, 0x20, 0x2d, 0x20, 0x73, 0x65, 0x6c, 0x65, 0x63, 0x74, 0x65, 0x64, 0x5a, // (1.0 - selectedZ
	0x29, 0x3b, 0x0a, 0x66, 0x6c, 0x6f, 0x61, 0x74, 0x20, 0x73, 0x65, 0x6c, 0x65, 0x63, 0x74, 0x65, // );.float selecte
	0x64, 0x59, 0x20, 0x3d, 0x20, 0x31, 0x2e, 0x30, 0x20, 0x2d, 0x20, 0x73, 0x65, 0x6c, 0x65, 0x63, // dY = 1.0 - selec
	0x74, 0x65, 0x64, 0x58, 0x20, 0x2d, 0x20, 0x73, 0x65, 0x6c, 0x65, 0x63, 0x74, 0x65, 0x64, 0x5a, // tedX - selectedZ
	0x3b, 0x0a, 0x72, 0x65, 0x74, 0x75, 0x72, 0x6e, 0x20, 0x73, 0x63, 0x61, 0x6c, 0x65, 0x64, 0x2e, // ;.return scaled.
	0x78, 0x79, 0x20, 0x2a, 0x20, 0x73, 0x65, 0x6c, 0x65, 0x63, 0x74, 0x65, 0x64, 0x5a, 0x20, 0x2b, // xy * selectedZ +
	0x20, 0x73, 0x63, 0x61, 0x6c, 0x65, 0x64, 0x2e, 0x7a, 0x79, 0x20, 0x2a, 0x20, 0x73, 0x65, 0x6c, //  scaled.zy * sel
	0x65, 0x63, 0x74, 0x65, 0x64, 0x58, 0x20, 0x2b, 0x20, 0x73, 0x63, 0x61, 0x6c, 0x65, 0x64, 0x2e, // ectedX + scaled.
	0x78, 0x7a, 0x20, 0x2a, 0x20, 0x73, 0x65, 0x6c, 0x65, 0x63, 0x74, 0x65, 0x64, 0x59, 0x3b, 0x0a, // xz * selectedY;.
	0x7d, 0x0a, 0x76, 0x6f, 0x69, 0x64, 0x20, 0x6d, 0x61, 0x69, 0x6e, 0x28, 0x29, 0x0a, 0x7b, 0x0a, // }.void main().{.
	0x67, 0x6c, 0x5f, 0x46, 0x72, 0x61, 0x67, 0x44, 0x65, 0x70, 0x74, 0x68, 0x20, 0x3d, 0x20, 0x6f, // gl_FragDepth = o
	0x75, 0x74, 0x70, 0x75, 0x74, 0x44, 0x65, 0x70, 0x74, 0x68, 0x28, 0x67, 0x6c, 0x5f, 0x46, 0x72, // utputDepth(gl_Fr
	0x61, 0x67, 0x43, 0x6f, 0x6f, 0x72, 0x64, 0x2e, 0x7a, 0x2c, 0x20, 0x76, 0x5f, 0x76, 0x69, 0x65, // agCoord.z, v_vie
	0x77, 0x44, 0x65, 0x70, 0x74, 0x68, 0x29, 0x3b, 0x0a, 0x76, 0x65, 0x63, 0x33, 0x20, 0x6e, 0x6f, // wDepth);.vec3 no
	0x72, 0x6d, 0x61, 0x6c, 0x20, 0x3d, 0x20, 0x6e, 0x6f, 0x72, 0x6d, 0x61, 0x6c, 0x69, 0x7a, 0x65, // rmal = normalize
	0x28, 0x76, 0x5f, 0x6e, 0x6f, 0x72, 0x6d, 0x61, 0x6c, 0x29, 0x3b, 0x0a, 0x76, 0x65, 0x63, 0x33, // (v_normal);.vec3
	0x20, 0x6c, 0x69, 0x67, 0x68, 0x74, 0x44, 0x69, 0x72, 0x65, 0x63, 0x74, 0x69, 0x6f, 0x6e, 0x20, //  lightDirection 
	0x3d, 0x20, 0x6e, 0x6f, 0x72, 0x6d, 0x61, 0x6c, 0x69, 0x7a, 0x65, 0x28, 0x76, 0x65, 0x63, 0x33, // = normalize(vec3
	0x28, 0x30, 0x2e, 0x34, 0x2c, 0x20, 0x30, 0x2e, 0x38, 0x2c, 0x20, 0x30, 0x2e, 0x35, 0x35, 0x29, // (0.4, 0.8, 0.55)
	0x29, 0x3b, 0x0a, 0x66, 0x6c, 0x6f, 0x61, 0x74, 0x20, 0x64, 0x69, 0x66, 0x66, 0x75, 0x73, 0x65, // );.float diffuse
	0x20, 0x3d, 0x20, 0x6d, 0x61, 0x78, 0x28, 0x64, 0x6f, 0x74, 0x28, 0x6e, 0x6f, 0x72, 0x6d, 0x61, //  = max(dot(norma
	0x6c, 0x2c, 0x20, 0x6c, 0x69, 0x67, 0x68, 0x74, 0x44, 0x69, 0x72, 0x65, 0x63, 0x74, 0x69, 0x6f, // l, lightDirectio
	0x6e, 0x29, 0x2c, 0x20, 0x30, 0x2e, 0x30, 0x29, 0x3b, 0x0a, 0x76, 0x65, 0x63, 0x32, 0x20, 0x75, // n), 0.0);.vec2 u
	0x76, 0x20, 0x3d, 0x20, 0x6d, 0x69, 0x78, 0x28, 0x76, 0x5f, 0x75, 0x76, 0x2c, 0x20, 0x74, 0x72, // v = mix(v_uv, tr
	0x69, 0x70, 0x6c, 0x61, 0x6e, 0x61, 0x72, 0x55, 0x76, 0x28, 0x76, 0x5f, 0x77, 0x6f, 0x72, 0x6c, // iplanarUv(v_worl
	0x64, 0x50, 0x6f, 0x73, 0x2c, 0x20, 0x6e, 0x6f, 0x72, 0x6d, 0x61, 0x6c, 0x29, 0x2c, 0x0a, 0x63, // dPos, normal),.c
	0x6c, 0x61, 0x6d, 0x70, 0x28, 0x75, 0x4d, 0x65, 0x73, 0x68, 0x53, 0x75, 0x72, 0x66, 0x61, 0x63, // lamp(uMeshSurfac
	0x65, 0x2e, 0x79, 0x2c, 0x20, 0x30, 0x2e, 0x30, 0x2c, 0x20, 0x31, 0x2e, 0x30, 0x29, 0x29, 0x3b, // e.y, 0.0, 1.0));
	0x0a, 0x76, 0x65, 0x63, 0x33, 0x20, 0x61, 0x6c, 0x62, 0x65, 0x64, 0x6f, 0x20, 0x3d, 0x20, 0x74, // .vec3 albedo = t
	0x65, 0x78, 0x74, 0x75, 0x72, 0x65, 0x28, 0x73, 0x5f, 0x61, 0x6c, 0x62, 0x65, 0x64, 0x6f, 0x2c, // exture(s_albedo,
	0x20, 0x75, 0x76, 0x29, 0x2e, 0x72, 0x67, 0x62, 0x3b, 0x0a, 0x66, 0x6c, 0x6f, 0x61, 0x74, 0x20, //  uv).rgb;.float 
	0x73, 0x68, 0x61, 0x64, 0x69, 0x6e, 0x67, 0x20, 0x3d, 0x20, 0x6d, 0x69, 0x78, 0x28, 0x31, 0x2e, // shading = mix(1.
	0x30, 0x2c, 0x20, 0x30, 0x2e, 0x34, 0x35, 0x20, 0x2b, 0x20, 0x30, 0x2e, 0x37, 0x35, 0x20, 0x2a, // 0, 0.45 + 0.75 *
	0x20, 0x64, 0x69, 0x66, 0x66, 0x75, 0x73, 0x65, 0x2c, 0x0a, 0x63, 0x6c, 0x61, 0x6d, 0x70, 0x28, //  diffuse,.clamp(
	0x75, 0x4d, 0x65, 0x73, 0x68, 0x53, 0x75, 0x72, 0x66, 0x61, 0x63, 0x65, 0x2e, 0x78, 0x2c, 0x20, // uMeshSurface.x, 
	0x30, 0x2e, 0x30, 0x2c, 0x20, 0x31, 0x2e, 0x30, 0x29, 0x29, 0x3b, 0x0a, 0x76, 0x65, 0x63, 0x33, // 0.0, 1.0));.vec3
	0x20, 0x63, 0x6f, 0x6c, 0x6f, 0x72, 0x20, 0x3d, 0x20, 0x61, 0x6c, 0x62, 0x65, 0x64, 0x6f, 0x20, //  color = albedo 
	0x2a, 0x20, 0x76, 0x5f, 0x63, 0x6f, 0x6c, 0x6f, 0x72, 0x2e, 0x78, 0x79, 0x7a, 0x20, 0x2a, 0x20, // * v_color.xyz * 
	0x73, 0x68, 0x61, 0x64, 0x69, 0x6e, 0x67, 0x3b, 0x0a, 0x66, 0x6c, 0x6f, 0x61, 0x74, 0x20, 0x61, // shading;.float a
	0x6c, 0x70, 0x68, 0x61, 0x20, 0x3d, 0x20, 0x76, 0x5f, 0x63, 0x6f, 0x6c, 0x6f, 0x72, 0x2e, 0x77, // lpha = v_color.w
	0x3b, 0x0a, 0x69, 0x66, 0x20, 0x28, 0x75, 0x45, 0x64, 0x67, 0x65, 0x4f, 0x76, 0x65, 0x72, 0x72, // ;.if (uEdgeOverr
	0x69, 0x64, 0x65, 0x2e, 0x78, 0x20, 0x3e, 0x20, 0x30, 0x2e, 0x35, 0x29, 0x0a, 0x7b, 0x0a, 0x63, // ide.x > 0.5).{.c
	0x6f, 0x6c, 0x6f, 0x72, 0x20, 0x3d, 0x20, 0x76, 0x65, 0x63, 0x33, 0x28, 0x30, 0x2e, 0x39, 0x35, // olor = vec3(0.95
	0x2c, 0x20, 0x30, 0x2e, 0x39, 0x34, 0x2c, 0x20, 0x30, 0x2e, 0x39, 0x32, 0x29, 0x3b, 0x0a, 0x61, // , 0.94, 0.92);.a
	0x6c, 0x70, 0x68, 0x61, 0x20, 0x3d, 0x20, 0x31, 0x2e, 0x30, 0x3b, 0x0a, 0x7d, 0x0a, 0x62, 0x67, // lpha = 1.0;.}.bg
	0x66, 0x78, 0x5f, 0x46, 0x72, 0x61, 0x67, 0x43, 0x6f, 0x6c, 0x6f, 0x72, 0x20, 0x3d, 0x20, 0x76, // fx_FragColor = v
	0x65, 0x63, 0x34, 0x28, 0x63, 0x6f, 0x6c, 0x6f, 0x72, 0x2c, 0x20, 0x61, 0x6c, 0x70, 0x68, 0x61, // ec4(color, alpha
	0x29, 0x3b, 0x0a, 0x7d, 0x0a, 0x00,                                                             // );.}..
};
