// Auto-generated shader header. Do not edit.
// Source: vs_curve.sc
#pragma once
#include <cstdint>

static const uint8_t vs_curve_spv[9868] =
{
	0x56, 0x53, 0x48, 0x0b, 0x00, 0x00, 0x00, 0x00, 0x16, 0x75, 0x06, 0xff, 0x08, 0x00, 0x08, 0x75, // VSH......u.....u
	0x43, 0x75, 0x72, 0x76, 0x65, 0x43, 0x50, 0x02, 0x10, 0x90, 0x00, 0x10, 0x00, 0x00, 0x00, 0x00, // CurveCP.........
	0x00, 0x0a, 0x75, 0x43, 0x75, 0x72, 0x76, 0x65, 0x4b, 0x6e, 0x6f, 0x74, 0x02, 0x04, 0x90, 0x01, // ..uCurveKnot....
	0x04, 0x00, 0x00, 0x00, 0x00, 0x00, 0x0c, 0x75, 0x43, 0x75, 0x72, 0x76, 0x65, 0x50, 0x61, 0x72, // .......uCurvePar
	0x61, 0x6d, 0x73, 0x02, 0x01, 0xd0, 0x01, 0x01, 0x00, 0x00, 0x00, 0x00, 0x00, 0x04, 0x75, 0x41, // ams...........uA
	0x72, 0x63, 0x02, 0x01, 0xf0, 0x01, 0x01, 0x00, 0x00, 0x00, 0x00, 0x00, 0x05, 0x75, 0x56, 0x69, // rc...........uVi
	0x65, 0x77, 0x04, 0x01, 0x00, 0x00, 0x04, 0x00, 0x00, 0x00, 0x00, 0x00, 0x0c, 0x75, 0x4c, 0x61, // ew...........uLa
	0x79, 0x65, 0x72, 0x4f, 0x66, 0x66, 0x73, 0x65, 0x74, 0x02, 0x01, 0x80, 0x00, 0x01, 0x00, 0x00, // yerOffset.......
	0x00, 0x00, 0x00, 0x0b, 0x75, 0x43, 0x75, 0x72, 0x76, 0x65, 0x43, 0x6f, 0x6c, 0x6f, 0x72, 0x02, // ....uCurveColor.
	0x01, 0xe0, 0x01, 0x01, 0x00, 0x00, 0x00, 0x00, 0x00, 0x0a, 0x70, 0x72, 0x6f, 0x6a, 0x65, 0x63, // ..........projec
	0x74, 0x69, 0x6f, 0x6e, 0x04, 0x01, 0x40, 0x00, 0x04, 0x00, 0x00, 0x00, 0x00, 0x00, 0xd4, 0x25, // tion..@........%
	0x00, 0x00, 0x03, 0x02, 0x23, 0x07, 0x00, 0x00, 0x01, 0x00, 0x0b, 0x00, 0x08, 0x00, 0x94, 0x06, // ....#...........
	0x00, 0x00, 0x00, 0x00, 0x00, 0x00, 0x11, 0x00, 0x02, 0x00, 0x01, 0x00, 0x00, 0x00, 0x0b, 0x00, // ................
	0x06, 0x00, 0x01, 0x00, 0x00, 0x00, 0x47, 0x4c, 0x53, 0x4c, 0x2e, 0x73, 0x74, 0x64, 0x2e, 0x34, // ......GLSL.std.4
	0x35, 0x30, 0x00, 0x00, 0x00, 0x00, 0x0e, 0x00, 0x03, 0x00, 0x00, 0x00, 0x00, 0x00, 0x01, 0x00, // 50..............
	0x00, 0x00, 0x0f, 0x00, 0x09, 0x00, 0x00, 0x00, 0x00, 0x00, 0x04, 0x00, 0x00, 0x00, 0x6d, 0x61, // ..............ma
	0x69, 0x6e, 0x00, 0x00, 0x00, 0x00, 0x9d, 0x02, 0x00, 0x00, 0xa4, 0x02, 0x00, 0x00, 0xa7, 0x02, // in..............
	0x00, 0x00, 0xab, 0x02, 0x00, 0x00, 0x03, 0x00, 0x03, 0x00, 0x05, 0x00, 0x00, 0x00, 0xf4, 0x01, // ................
	0x00, 0x00, 0x05, 0x00, 0x04, 0x00, 0x04, 0x00, 0x00, 0x00, 0x6d, 0x61, 0x69, 0x6e, 0x00, 0x00, // ..........main..
	0x00, 0x00, 0x05, 0x00, 0x06, 0x00, 0xfd, 0x01, 0x00, 0x00, 0x55, 0x6e, 0x69, 0x66, 0x6f, 0x72, // ..........Unifor
	0x6d, 0x42, 0x6c, 0x6f, 0x63, 0x6b, 0x00, 0x00, 0x00, 0x00, 0x06, 0x00, 0x05, 0x00, 0xfd, 0x01, // mBlock..........
	0x00, 0x00, 0x00, 0x00, 0x00, 0x00, 0x75, 0x56, 0x69, 0x65, 0x77, 0x00, 0x00, 0x00, 0x06, 0x00, // ......uView.....
	0x06, 0x00, 0xfd, 0x01, 0x00, 0x00, 0x01, 0x00, 0x00, 0x00, 0x70, 0x72, 0x6f, 0x6a, 0x65, 0x63, // ..........projec
	0x74, 0x69, 0x6f, 0x6e, 0x00, 0x00, 0x06, 0x00, 0x07, 0x00, 0xfd, 0x01, 0x00, 0x00, 0x02, 0x00, // tion............
	0x00, 0x00, 0x75, 0x4c, 0x61, 0x79, 0x65, 0x72, 0x4f, 0x66, 0x66, 0x73, 0x65, 0x74, 0x00, 0x00, // ..uLayerOffset..
	0x00, 0x00, 0x06, 0x00, 0x06, 0x00, 0xfd, 0x01, 0x00, 0x00, 0x03, 0x00, 0x00, 0x00, 0x75, 0x43, // ..............uC
	0x75, 0x72, 0x76, 0x65, 0x43, 0x50, 0x00, 0x00, 0x00, 0x00, 0x06, 0x00, 0x06, 0x00, 0xfd, 0x01, // urveCP..........
	0x00, 0x00, 0x04, 0x00, 0x00, 0x00, 0x75, 0x43, 0x75, 0x72, 0x76, 0x65, 0x4b, 0x6e, 0x6f, 0x74, // ......uCurveKnot
	0x00, 0x00, 0x06, 0x00, 0x07, 0x00, 0xfd, 0x01, 0x00, 0x00, 0x05, 0x00, 0x00, 0x00, 0x75, 0x43, // ..............uC
	0x75, 0x72, 0x76, 0x65, 0x50, 0x61, 0x72, 0x61, 0x6d, 0x73, 0x00, 0x00, 0x00, 0x00, 0x06, 0x00, // urveParams......
	0x06, 0x00, 0xfd, 0x01, 0x00, 0x00, 0x06, 0x00, 0x00, 0x00, 0x75, 0x43, 0x75, 0x72, 0x76, 0x65, // ..........uCurve
	0x43, 0x6f, 0x6c, 0x6f, 0x72, 0x00, 0x06, 0x00, 0x05, 0x00, 0xfd, 0x01, 0x00, 0x00, 0x07, 0x00, // Color...........
	0x00, 0x00, 0x75, 0x41, 0x72, 0x63, 0x00, 0x00, 0x00, 0x00, 0x05, 0x00, 0x03, 0x00, 0xff, 0x01, // ..uArc..........
	0x00, 0x00, 0x00, 0x00, 0x00, 0x00, 0x05, 0x00, 0x05, 0x00, 0x9d, 0x02, 0x00, 0x00, 0x61, 0x5f, // ..............a_
	0x70, 0x6f, 0x73, 0x69, 0x74, 0x69, 0x6f, 0x6e, 0x00, 0x00, 0x05, 0x00, 0x0a, 0x00, 0xa4, 0x02, // position........
	0x00, 0x00, 0x40, 0x65, 0x6e, 0x74, 0x72, 0x79, 0x50, 0x6f, 0x69, 0x6e, 0x74, 0x4f, 0x75, 0x74, // ..@entryPointOut
	0x70, 0x75, 0x74, 0x2e, 0x67, 0x6c, 0x5f, 0x50, 0x6f, 0x73, 0x69, 0x74, 0x69, 0x6f, 0x6e, 0x00, // put.gl_Position.
	0x00, 0x00, 0x05, 0x00, 0x09, 0x00, 0xa7, 0x02, 0x00, 0x00, 0x40, 0x65, 0x6e, 0x74, 0x72, 0x79, // ..........@entry
	0x50, 0x6f, 0x69, 0x6e, 0x74, 0x4f, 0x75, 0x74, 0x70, 0x75, 0x74, 0x2e, 0x76, 0x5f, 0x63, 0x6f, // PointOutput.v_co
	0x6c, 0x6f, 0x72, 0x00, 0x00, 0x00, 0x05, 0x00, 0x09, 0x00, 0xab, 0x02, 0x00, 0x00, 0x40, 0x65, // lor...........@e
	0x6e, 0x74, 0x72, 0x79, 0x50, 0x6f, 0x69, 0x6e, 0x74, 0x4f, 0x75, 0x74, 0x70, 0x75, 0x74, 0x2e, // ntryPointOutput.
	0x76, 0x5f, 0x64, 0x65, 0x70, 0x74, 0x68, 0x00, 0x00, 0x00, 0x47, 0x00, 0x04, 0x00, 0xfa, 0x01, // v_depth...G.....
	0x00, 0x00, 0x06, 0x00, 0x00, 0x00, 0x10, 0x00, 0x00, 0x00, 0x47, 0x00, 0x04, 0x00, 0xfc, 0x01, // ..........G.....
	0x00, 0x00, 0x06, 0x00, 0x00, 0x00, 0x10, 0x00, 0x00, 0x00, 0x47, 0x00, 0x03, 0x00, 0xfd, 0x01, // ..........G.....
	0x00, 0x00, 0x02, 0x00, 0x00, 0x00, 0x48, 0x00, 0x04, 0x00, 0xfd, 0x01, 0x00, 0x00, 0x00, 0x00, // ......H.........
	0x00, 0x00, 0x04, 0x00, 0x00, 0x00, 0x48, 0x00, 0x05, 0x00, 0xfd, 0x01, 0x00, 0x00, 0x00, 0x00, // ......H.........
	0x00, 0x00, 0x07, 0x00, 0x00, 0x00, 0x10, 0x00, 0x00, 0x00, 0x48, 0x00, 0x05, 0x00, 0xfd, 0x01, // ..........H.....
	0x00, 0x00, 0x00, 0x00, 0x00, 0x00, 0x23, 0x00, 0x00, 0x00, 0x00, 0x00, 0x00, 0x00, 0x48, 0x00, // ......#.......H.
	0x04, 0x00, 0xfd, 0x01, 0x00, 0x00, 0x01, 0x00, 0x00, 0x00, 0x04, 0x00, 0x00, 0x00, 0x48, 0x00, // ..............H.
	0x05, 0x00, 0xfd, 0x01, 0x00, 0x00, 0x01, 0x00, 0x00, 0x00, 0x07, 0x00, 0x00, 0x00, 0x10, 0x00, // ................
	0x00, 0x00, 0x48, 0x00, 0x05, 0x00, 0xfd, 0x01, 0x00, 0x00, 0x01, 0x00, 0x00, 0x00, 0x23, 0x00, // ..H...........#.
	0x00, 0x00, 0x40, 0x00, 0x00, 0x00, 0x48, 0x00, 0x05, 0x00, 0xfd, 0x01, 0x00, 0x00, 0x02, 0x00, // ..@...H.........
	0x00, 0x00, 0x23, 0x00, 0x00, 0x00, 0x80, 0x00, 0x00, 0x00, 0x48, 0x00, 0x05, 0x00, 0xfd, 0x01, // ..#.......H.....
	0x00, 0x00, 0x03, 0x00, 0x00, 0x00, 0x23, 0x00, 0x00, 0x00, 0x90, 0x00, 0x00, 0x00, 0x48, 0x00, // ......#.......H.
	0x05, 0x00, 0xfd, 0x01, 0x00, 0x00, 0x04, 0x00, 0x00, 0x00, 0x23, 0x00, 0x00, 0x00, 0x90, 0x01, // ..........#.....
	0x00, 0x00, 0x48, 0x00, 0x05, 0x00, 0xfd, 0x01, 0x00, 0x00, 0x05, 0x00, 0x00, 0x00, 0x23, 0x00, // ..H...........#.
	0x00, 0x00, 0xd0, 0x01, 0x00, 0x00, 0x48, 0x00, 0x05, 0x00, 0xfd, 0x01, 0x00, 0x00, 0x06, 0x00, // ......H.........
	0x00, 0x00, 0x23, 0x00, 0x00, 0x00, 0xe0, 0x01, 0x00, 0x00, 0x48, 0x00, 0x05, 0x00, 0xfd, 0x01, // ..#.......H.....
	0x00, 0x00, 0x07, 0x00, 0x00, 0x00, 0x23, 0x00, 0x00, 0x00, 0xf0, 0x01, 0x00, 0x00, 0x47, 0x00, // ......#.......G.
	0x04, 0x00, 0xff, 0x01, 0x00, 0x00, 0x21, 0x00, 0x00, 0x00, 0x00, 0x00, 0x00, 0x00, 0x47, 0x00, // ......!.......G.
	0x04, 0x00, 0xff, 0x01, 0x00, 0x00, 0x22, 0x00, 0x00, 0x00, 0x00, 0x00, 0x00, 0x00, 0x47, 0x00, // ......".......G.
	0x04, 0x00, 0x9d, 0x02, 0x00, 0x00, 0x1e, 0x00, 0x00, 0x00, 0x00, 0x00, 0x00, 0x00, 0x47, 0x00, // ..............G.
	0x04, 0x00, 0xa4, 0x02, 0x00, 0x00, 0x0b, 0x00, 0x00, 0x00, 0x00, 0x00, 0x00, 0x00, 0x47, 0x00, // ..............G.
	0x04, 0x00, 0xa7, 0x02, 0x00, 0x00, 0x1e, 0x00, 0x00, 0x00, 0x00, 0x00, 0x00, 0x00, 0x47, 0x00, // ..............G.
	0x04, 0x00, 0xab, 0x02, 0x00, 0x00, 0x1e, 0x00, 0x00, 0x00, 0x01, 0x00, 0x00, 0x00, 0x13, 0x00, // ................
	0x02, 0x00, 0x02, 0x00, 0x00, 0x00, 0x21, 0x00, 0x03, 0x00, 0x03, 0x00, 0x00, 0x00, 0x02, 0x00, // ......!.........
	0x00, 0x00, 0x16, 0x00, 0x03, 0x00, 0x06, 0x00, 0x00, 0x00, 0x20, 0x00, 0x00, 0x00, 0x20, 0x00, // .......... ... .
	0x04, 0x00, 0x07, 0x00, 0x00, 0x00, 0x07, 0x00, 0x00, 0x00, 0x06, 0x00, 0x00, 0x00, 0x17, 0x00, // ................
	0x04, 0x00, 0x08, 0x00, 0x00, 0x00, 0x06, 0x00, 0x00, 0x00, 0x03, 0x00, 0x00, 0x00, 0x15, 0x00, // ................
	0x04, 0x00, 0x0d, 0x00, 0x00, 0x00, 0x20, 0x00, 0x00, 0x00, 0x00, 0x00, 0x00, 0x00, 0x2b, 0x00, // ...... .......+.
	0x04, 0x00, 0x0d, 0x00, 0x00, 0x00, 0x0e, 0x00, 0x00, 0x00, 0x10, 0x00, 0x00, 0x00, 0x1c, 0x00, // ................
	0x04, 0x00, 0x0f, 0x00, 0x00, 0x00, 0x08, 0x00, 0x00, 0x00, 0x0e, 0x00, 0x00, 0x00, 0x20, 0x00, // .............. .
	0x04, 0x00, 0x10, 0x00, 0x00, 0x00, 0x07, 0x00, 0x00, 0x00, 0x0f, 0x00, 0x00, 0x00, 0x15, 0x00, // ................
	0x04, 0x00, 0x11, 0x00, 0x00, 0x00, 0x20, 0x00, 0x00, 0x00, 0x01, 0x00, 0x00, 0x00, 0x1c, 0x00, // ...... .........
	0x04, 0x00, 0x19, 0x00, 0x00, 0x00, 0x06, 0x00, 0x00, 0x00, 0x0e, 0x00, 0x00, 0x00, 0x20, 0x00, // .............. .
	0x04, 0x00, 0x1a, 0x00, 0x00, 0x00, 0x07, 0x00, 0x00, 0x00, 0x19, 0x00, 0x00, 0x00, 0x20, 0x00, // .............. .
	0x04, 0x00, 0x3b, 0x00, 0x00, 0x00, 0x07, 0x00, 0x00, 0x00, 0x08, 0x00, 0x00, 0x00, 0x17, 0x00, // ..;.............
	0x04, 0x00, 0x46, 0x00, 0x00, 0x00, 0x06, 0x00, 0x00, 0x00, 0x02, 0x00, 0x00, 0x00, 0x17, 0x00, // ..F.............
	0x04, 0x00, 0x48, 0x00, 0x00, 0x00, 0x06, 0x00, 0x00, 0x00, 0x04, 0x00, 0x00, 0x00, 0x2b, 0x00, // ..H...........+.
	0x04, 0x00, 0x06, 0x00, 0x00, 0x00, 0x53, 0x00, 0x00, 0x00, 0x00, 0x00, 0x80, 0x3f, 0x2b, 0x00, // ......S......?+.
	0x04, 0x00, 0x11, 0x00, 0x00, 0x00, 0x57, 0x00, 0x00, 0x00, 0x00, 0x00, 0x00, 0x00, 0x14, 0x00, // ......W.........
	0x02, 0x00, 0x5f, 0x00, 0x00, 0x00, 0x2b, 0x00, 0x04, 0x00, 0x11, 0x00, 0x00, 0x00, 0x68, 0x00, // .._...+.......h.
	0x00, 0x00, 0x01, 0x00, 0x00, 0x00, 0x2b, 0x00, 0x04, 0x00, 0x11, 0x00, 0x00, 0x00, 0x9a, 0x00, // ......+.........
	0x00, 0x00, 0x0f, 0x00, 0x00, 0x00, 0x2b, 0x00, 0x04, 0x00, 0x06, 0x00, 0x00, 0x00, 0xf6, 0x00, // ......+.........
	0x00, 0x00, 0x00, 0x00, 0x00, 0x00, 0x17, 0x00, 0x04, 0x00, 0xcf, 0x01, 0x00, 0x00, 0x5f, 0x00, // .............._.
	0x00, 0x00, 0x03, 0x00, 0x00, 0x00, 0x2b, 0x00, 0x04, 0x00, 0x11, 0x00, 0x00, 0x00, 0xed, 0x01, // ......+.........
	0x00, 0x00, 0x02, 0x00, 0x00, 0x00, 0x2b, 0x00, 0x04, 0x00, 0x11, 0x00, 0x00, 0x00, 0xf5, 0x01, // ......+.........
	0x00, 0x00, 0x10, 0x00, 0x00, 0x00, 0x18, 0x00, 0x04, 0x00, 0xf9, 0x01, 0x00, 0x00, 0x48, 0x00, // ..............H.
	0x00, 0x00, 0x04, 0x00, 0x00, 0x00, 0x1c, 0x00, 0x04, 0x00, 0xfa, 0x01, 0x00, 0x00, 0x48, 0x00, // ..............H.
	0x00, 0x00, 0x0e, 0x00, 0x00, 0x00, 0x2b, 0x00, 0x04, 0x00, 0x0d, 0x00, 0x00, 0x00, 0xfb, 0x01, // ......+.........
	0x00, 0x00, 0x04, 0x00, 0x00, 0x00, 0x1c, 0x00, 0x04, 0x00, 0xfc, 0x01, 0x00, 0x00, 0x48, 0x00, // ..............H.
	0x00, 0x00, 0xfb, 0x01, 0x00, 0x00, 0x1e, 0x00, 0x0a, 0x00, 0xfd, 0x01, 0x00, 0x00, 0xf9, 0x01, // ................
	0x00, 0x00, 0xf9, 0x01, 0x00, 0x00, 0x48, 0x00, 0x00, 0x00, 0xfa, 0x01, 0x00, 0x00, 0xfc, 0x01, // ......H.........
	0x00, 0x00, 0x48, 0x00, 0x00, 0x00, 0x48, 0x00, 0x00, 0x00, 0x48, 0x00, 0x00, 0x00, 0x20, 0x00, // ..H...H...H... .
	0x04, 0x00, 0xfe, 0x01, 0x00, 0x00, 0x02, 0x00, 0x00, 0x00, 0xfd, 0x01, 0x00, 0x00, 0x3b, 0x00, // ..............;.
	0x04, 0x00, 0xfe, 0x01, 0x00, 0x00, 0xff, 0x01, 0x00, 0x00, 0x02, 0x00, 0x00, 0x00, 0x2b, 0x00, // ..............+.
	0x04, 0x00, 0x11, 0x00, 0x00, 0x00, 0x00, 0x02, 0x00, 0x00, 0x03, 0x00, 0x00, 0x00, 0x20, 0x00, // .............. .
	0x04, 0x00, 0x02, 0x02, 0x00, 0x00, 0x02, 0x00, 0x00, 0x00, 0x48, 0x00, 0x00, 0x00, 0x2b, 0x00, // ..........H...+.
	0x04, 0x00, 0x0d, 0x00, 0x00, 0x00, 0x0a, 0x02, 0x00, 0x00, 0x03, 0x00, 0x00, 0x00, 0x20, 0x00, // .............. .
	0x04, 0x00, 0x0b, 0x02, 0x00, 0x00, 0x02, 0x00, 0x00, 0x00, 0x06, 0x00, 0x00, 0x00, 0x2b, 0x00, // ..............+.
	0x04, 0x00, 0x06, 0x00, 0x00, 0x00, 0x0e, 0x02, 0x00, 0x00, 0x6f, 0x12, 0x83, 0x3a, 0x2b, 0x00, // ..........o..:+.
	0x04, 0x00, 0x11, 0x00, 0x00, 0x00, 0x13, 0x02, 0x00, 0x00, 0x04, 0x00, 0x00, 0x00, 0x2b, 0x00, // ..............+.
	0x04, 0x00, 0x11, 0x00, 0x00, 0x00, 0x21, 0x02, 0x00, 0x00, 0x05, 0x00, 0x00, 0x00, 0x2b, 0x00, // ......!.......+.
	0x04, 0x00, 0x0d, 0x00, 0x00, 0x00, 0x22, 0x02, 0x00, 0x00, 0x00, 0x00, 0x00, 0x00, 0x2b, 0x00, // ......".......+.
	0x04, 0x00, 0x0d, 0x00, 0x00, 0x00, 0x27, 0x02, 0x00, 0x00, 0x01, 0x00, 0x00, 0x00, 0x2b, 0x00, // ......'.......+.
	0x04, 0x00, 0x0d, 0x00, 0x00, 0x00, 0x2c, 0x02, 0x00, 0x00, 0x02, 0x00, 0x00, 0x00, 0x2b, 0x00, // ......,.......+.
	0x04, 0x00, 0x11, 0x00, 0x00, 0x00, 0x64, 0x02, 0x00, 0x00, 0x07, 0x00, 0x00, 0x00, 0x20, 0x00, // ......d....... .
	0x04, 0x00, 0x81, 0x02, 0x00, 0x00, 0x02, 0x00, 0x00, 0x00, 0xf9, 0x01, 0x00, 0x00, 0x2b, 0x00, // ..............+.
	0x04, 0x00, 0x11, 0x00, 0x00, 0x00, 0x8b, 0x02, 0x00, 0x00, 0x06, 0x00, 0x00, 0x00, 0x20, 0x00, // .............. .
	0x04, 0x00, 0x9c, 0x02, 0x00, 0x00, 0x01, 0x00, 0x00, 0x00, 0x46, 0x00, 0x00, 0x00, 0x3b, 0x00, // ..........F...;.
	0x04, 0x00, 0x9c, 0x02, 0x00, 0x00, 0x9d, 0x02, 0x00, 0x00, 0x01, 0x00, 0x00, 0x00, 0x20, 0x00, // .............. .
	0x04, 0x00, 0xa3, 0x02, 0x00, 0x00, 0x03, 0x00, 0x00, 0x00, 0x48, 0x00, 0x00, 0x00, 0x3b, 0x00, // ..........H...;.
	0x04, 0x00, 0xa3, 0x02, 0x00, 0x00, 0xa4, 0x02, 0x00, 0x00, 0x03, 0x00, 0x00, 0x00, 0x3b, 0x00, // ..............;.
	0x04, 0x00, 0xa3, 0x02, 0x00, 0x00, 0xa7, 0x02, 0x00, 0x00, 0x03, 0x00, 0x00, 0x00, 0x20, 0x00, // .............. .
	0x04, 0x00, 0xaa, 0x02, 0x00, 0x00, 0x03, 0x00, 0x00, 0x00, 0x06, 0x00, 0x00, 0x00, 0x3b, 0x00, // ..............;.
	0x04, 0x00, 0xaa, 0x02, 0x00, 0x00, 0xab, 0x02, 0x00, 0x00, 0x03, 0x00, 0x00, 0x00, 0x2a, 0x00, // ..............*.
	0x03, 0x00, 0x5f, 0x00, 0x00, 0x00, 0xc3, 0x02, 0x00, 0x00, 0x29, 0x00, 0x03, 0x00, 0x5f, 0x00, // .._.......)..._.
	0x00, 0x00, 0xc6, 0x02, 0x00, 0x00, 0x2c, 0x00, 0x06, 0x00, 0x08, 0x00, 0x00, 0x00, 0x43, 0x06, // ......,.......C.
	0x00, 0x00, 0xf6, 0x00, 0x00, 0x00, 0xf6, 0x00, 0x00, 0x00, 0xf6, 0x00, 0x00, 0x00, 0x01, 0x00, // ................
	0x03, 0x00, 0x11, 0x00, 0x00, 0x00, 0x55, 0x06, 0x00, 0x00, 0x36, 0x00, 0x05, 0x00, 0x02, 0x00, // ......U...6.....
	0x00, 0x00, 0x04, 0x00, 0x00, 0x00, 0x00, 0x00, 0x00, 0x00, 0x03, 0x00, 0x00, 0x00, 0xf8, 0x00, // ................
	0x02, 0x00, 0x05, 0x00, 0x00, 0x00, 0x3b, 0x00, 0x04, 0x00, 0x1a, 0x00, 0x00, 0x00, 0x33, 0x05, // ......;.......3.
	0x00, 0x00, 0x07, 0x00, 0x00, 0x00, 0x3b, 0x00, 0x04, 0x00, 0x1a, 0x00, 0x00, 0x00, 0x34, 0x05, // ......;.......4.
	0x00, 0x00, 0x07, 0x00, 0x00, 0x00, 0x3b, 0x00, 0x04, 0x00, 0x1a, 0x00, 0x00, 0x00, 0x8e, 0x04, // ......;.........
	0x00, 0x00, 0x07, 0x00, 0x00, 0x00, 0x3b, 0x00, 0x04, 0x00, 0x1a, 0x00, 0x00, 0x00, 0x95, 0x04, // ......;.........
	0x00, 0x00, 0x07, 0x00, 0x00, 0x00, 0x3b, 0x00, 0x04, 0x00, 0x1a, 0x00, 0x00, 0x00, 0x96, 0x04, // ......;.........
	0x00, 0x00, 0x07, 0x00, 0x00, 0x00, 0x3b, 0x00, 0x04, 0x00, 0x1a, 0x00, 0x00, 0x00, 0x9a, 0x04, // ......;.........
	0x00, 0x00, 0x07, 0x00, 0x00, 0x00, 0x3b, 0x00, 0x04, 0x00, 0x1a, 0x00, 0x00, 0x00, 0x36, 0x04, // ......;.......6.
	0x00, 0x00, 0x07, 0x00, 0x00, 0x00, 0x3b, 0x00, 0x04, 0x00, 0x1a, 0x00, 0x00, 0x00, 0x37, 0x04, // ......;.......7.
	0x00, 0x00, 0x07, 0x00, 0x00, 0x00, 0x3b, 0x00, 0x04, 0x00, 0x1a, 0x00, 0x00, 0x00, 0xa6, 0x03, // ......;.........
	0x00, 0x00, 0x07, 0x00, 0x00, 0x00, 0x3b, 0x00, 0x04, 0x00, 0x1a, 0x00, 0x00, 0x00, 0xac, 0x03, // ......;.........
	0x00, 0x00, 0x07, 0x00, 0x00, 0x00, 0x3b, 0x00, 0x04, 0x00, 0x1a, 0x00, 0x00, 0x00, 0xad, 0x03, // ......;.........
	0x00, 0x00, 0x07, 0x00, 0x00, 0x00, 0x3b, 0x00, 0x04, 0x00, 0x1a, 0x00, 0x00, 0x00, 0xb1, 0x03, // ......;.........
	0x00, 0x00, 0x07, 0x00, 0x00, 0x00, 0x3b, 0x00, 0x04, 0x00, 0x10, 0x00, 0x00, 0x00, 0x67, 0x03, // ......;.......g.
	0x00, 0x00, 0x07, 0x00, 0x00, 0x00, 0x3b, 0x00, 0x04, 0x00, 0x10, 0x00, 0x00, 0x00, 0xcb, 0x02, // ......;.........
	0x00, 0x00, 0x07, 0x00, 0x00, 0x00, 0x3b, 0x00, 0x04, 0x00, 0x1a, 0x00, 0x00, 0x00, 0xcc, 0x02, // ......;.........
	0x00, 0x00, 0x07, 0x00, 0x00, 0x00, 0x3b, 0x00, 0x04, 0x00, 0x1a, 0x00, 0x00, 0x00, 0xcd, 0x02, // ......;.........
	0x00, 0x00, 0x07, 0x00, 0x00, 0x00, 0x3b, 0x00, 0x04, 0x00, 0x10, 0x00, 0x00, 0x00, 0xd4, 0x02, // ......;.........
	0x00, 0x00, 0x07, 0x00, 0x00, 0x00, 0x3b, 0x00, 0x04, 0x00, 0x10, 0x00, 0x00, 0x00, 0xd7, 0x02, // ......;.........
	0x00, 0x00, 0x07, 0x00, 0x00, 0x00, 0x3b, 0x00, 0x04, 0x00, 0x10, 0x00, 0x00, 0x00, 0xdc, 0x02, // ......;.........
	0x00, 0x00, 0x07, 0x00, 0x00, 0x00, 0x3b, 0x00, 0x04, 0x00, 0x1a, 0x00, 0x00, 0x00, 0xde, 0x02, // ......;.........
	0x00, 0x00, 0x07, 0x00, 0x00, 0x00, 0x3d, 0x00, 0x04, 0x00, 0x46, 0x00, 0x00, 0x00, 0x9e, 0x02, // ......=...F.....
	0x00, 0x00, 0x9d, 0x02, 0x00, 0x00, 0xf9, 0x00, 0x02, 0x00, 0xec, 0x02, 0x00, 0x00, 0xf8, 0x00, // ................
	0x02, 0x00, 0xec, 0x02, 0x00, 0x00, 0xf5, 0x00, 0x07, 0x00, 0x11, 0x00, 0x00, 0x00, 0x44, 0x06, // ..............D.
	0x00, 0x00, 0x57, 0x00, 0x00, 0x00, 0x05, 0x00, 0x00, 0x00, 0x0a, 0x03, 0x00, 0x00, 0xf0, 0x02, // ..W.............
	0x00, 0x00, 0xb1, 0x00, 0x05, 0x00, 0x5f, 0x00, 0x00, 0x00, 0xef, 0x02, 0x00, 0x00, 0x44, 0x06, // ......_.......D.
	0x00, 0x00, 0xf5, 0x01, 0x00, 0x00, 0xf6, 0x00, 0x04, 0x00, 0x0b, 0x03, 0x00, 0x00, 0xf0, 0x02, // ................
	0x00, 0x00, 0x00, 0x00, 0x00, 0x00, 0xfa, 0x00, 0x04, 0x00, 0xef, 0x02, 0x00, 0x00, 0xf0, 0x02, // ................
	0x00, 0x00, 0x0b, 0x03, 0x00, 0x00, 0xf8, 0x00, 0x02, 0x00, 0xf0, 0x02, 0x00, 0x00, 0x41, 0x00, // ..............A.
	0x06, 0x00, 0x02, 0x02, 0x00, 0x00, 0xf3, 0x02, 0x00, 0x00, 0xff, 0x01, 0x00, 0x00, 0x00, 0x02, // ................
	0x00, 0x00, 0x44, 0x06, 0x00, 0x00, 0x3d, 0x00, 0x04, 0x00, 0x48, 0x00, 0x00, 0x00, 0xf4, 0x02, // ..D...=...H.....
	0x00, 0x00, 0xf3, 0x02, 0x00, 0x00, 0x4f, 0x00, 0x08, 0x00, 0x08, 0x00, 0x00, 0x00, 0xf5, 0x02, // ......O.........
	0x00, 0x00, 0xf4, 0x02, 0x00, 0x00, 0xf4, 0x02, 0x00, 0x00, 0x00, 0x00, 0x00, 0x00, 0x01, 0x00, // ................
	0x00, 0x00, 0x02, 0x00, 0x00, 0x00, 0x41, 0x00, 0x05, 0x00, 0x3b, 0x00, 0x00, 0x00, 0xf6, 0x02, // ......A...;.....
	0x00, 0x00, 0xcb, 0x02, 0x00, 0x00, 0x44, 0x06, 0x00, 0x00, 0x3e, 0x00, 0x03, 0x00, 0xf6, 0x02, // ......D...>.....
	0x00, 0x00, 0xf5, 0x02, 0x00, 0x00, 0x41, 0x00, 0x07, 0x00, 0x0b, 0x02, 0x00, 0x00, 0xf9, 0x02, // ......A.........
	0x00, 0x00, 0xff, 0x01, 0x00, 0x00, 0x00, 0x02, 0x00, 0x00, 0x44, 0x06, 0x00, 0x00, 0x0a, 0x02, // ..........D.....
	0x00, 0x00, 0x3d, 0x00, 0x04, 0x00, 0x06, 0x00, 0x00, 0x00, 0xfa, 0x02, 0x00, 0x00, 0xf9, 0x02, // ..=.............
	0x00, 0x00, 0x0c, 0x00, 0x07, 0x00, 0x06, 0x00, 0x00, 0x00, 0xfb, 0x02, 0x00, 0x00, 0x01, 0x00, // ................
	0x00, 0x00, 0x28, 0x00, 0x00, 0x00, 0xfa, 0x02, 0x00, 0x00, 0x0e, 0x02, 0x00, 0x00, 0x41, 0x00, // ..(...........A.
	0x05, 0x00, 0x07, 0x00, 0x00, 0x00, 0xfc, 0x02, 0x00, 0x00, 0xcc, 0x02, 0x00, 0x00, 0x44, 0x06, // ..............D.
	0x00, 0x00, 0x3e, 0x00, 0x03, 0x00, 0xfc, 0x02, 0x00, 0x00, 0xfb, 0x02, 0x00, 0x00, 0x87, 0x00, // ..>.............
	0x05, 0x00, 0x11, 0x00, 0x00, 0x00, 0xff, 0x02, 0x00, 0x00, 0x44, 0x06, 0x00, 0x00, 0x13, 0x02, // ..........D.....
	0x00, 0x00, 0x84, 0x00, 0x05, 0x00, 0x11, 0x00, 0x00, 0x00, 0x03, 0x03, 0x00, 0x00, 0x13, 0x02, // ................
	0x00, 0x00, 0xff, 0x02, 0x00, 0x00, 0x82, 0x00, 0x05, 0x00, 0x11, 0x00, 0x00, 0x00, 0x04, 0x03, // ................
	0x00, 0x00, 0x44, 0x06, 0x00, 0x00, 0x03, 0x03, 0x00, 0x00, 0x41, 0x00, 0x07, 0x00, 0x0b, 0x02, // ..D.......A.....
	0x00, 0x00, 0x05, 0x03, 0x00, 0x00, 0xff, 0x01, 0x00, 0x00, 0x13, 0x02, 0x00, 0x00, 0xff, 0x02, // ................
	0x00, 0x00, 0x04, 0x03, 0x00, 0x00, 0x3d, 0x00, 0x04, 0x00, 0x06, 0x00, 0x00, 0x00, 0x06, 0x03, // ......=.........
	0x00, 0x00, 0x05, 0x03, 0x00, 0x00, 0x41, 0x00, 0x05, 0x00, 0x07, 0x00, 0x00, 0x00, 0x07, 0x03, // ......A.........
	0x00, 0x00, 0xcd, 0x02, 0x00, 0x00, 0x44, 0x06, 0x00, 0x00, 0x3e, 0x00, 0x03, 0x00, 0x07, 0x03, // ......D...>.....
	0x00, 0x00, 0x06, 0x03, 0x00, 0x00, 0x80, 0x00, 0x05, 0x00, 0x11, 0x00, 0x00, 0x00, 0x0a, 0x03, // ................
	0x00, 0x00, 0x44, 0x06, 0x00, 0x00, 0x68, 0x00, 0x00, 0x00, 0xf9, 0x00, 0x02, 0x00, 0xec, 0x02, // ..D...h.........
	0x00, 0x00, 0xf8, 0x00, 0x02, 0x00, 0x0b, 0x03, 0x00, 0x00, 0x41, 0x00, 0x06, 0x00, 0x0b, 0x02, // ..........A.....
	0x00, 0x00, 0x0c, 0x03, 0x00, 0x00, 0xff, 0x01, 0x00, 0x00, 0x21, 0x02, 0x00, 0x00, 0x22, 0x02, // ..........!...".
	0x00, 0x00, 0x3d, 0x00, 0x04, 0x00, 0x06, 0x00, 0x00, 0x00, 0x0d, 0x03, 0x00, 0x00, 0x0c, 0x03, // ..=.............
	0x00, 0x00, 0x6e, 0x00, 0x04, 0x00, 0x11, 0x00, 0x00, 0x00, 0x0e, 0x03, 0x00, 0x00, 0x0d, 0x03, // ..n.............
	0x00, 0x00, 0x41, 0x00, 0x06, 0x00, 0x0b, 0x02, 0x00, 0x00, 0x0f, 0x03, 0x00, 0x00, 0xff, 0x01, // ..A.............
	0x00, 0x00, 0x21, 0x02, 0x00, 0x00, 0x27, 0x02, 0x00, 0x00, 0x3d, 0x00, 0x04, 0x00, 0x06, 0x00, // ..!...'...=.....
	0x00, 0x00, 0x10, 0x03, 0x00, 0x00, 0x0f, 0x03, 0x00, 0x00, 0x6e, 0x00, 0x04, 0x00, 0x11, 0x00, // ..........n.....
	0x00, 0x00, 0x11, 0x03, 0x00, 0x00, 0x10, 0x03, 0x00, 0x00, 0x41, 0x00, 0x06, 0x00, 0x0b, 0x02, // ..........A.....
	0x00, 0x00, 0x12, 0x03, 0x00, 0x00, 0xff, 0x01, 0x00, 0x00, 0x21, 0x02, 0x00, 0x00, 0x2c, 0x02, // ..........!...,.
	0x00, 0x00, 0x3d, 0x00, 0x04, 0x00, 0x06, 0x00, 0x00, 0x00, 0x13, 0x03, 0x00, 0x00, 0x12, 0x03, // ..=.............
	0x00, 0x00, 0x6e, 0x00, 0x04, 0x00, 0x11, 0x00, 0x00, 0x00, 0x14, 0x03, 0x00, 0x00, 0x13, 0x03, // ..n.............
	0x00, 0x00, 0x51, 0x00, 0x05, 0x00, 0x06, 0x00, 0x00, 0x00, 0x16, 0x03, 0x00, 0x00, 0x9e, 0x02, // ..Q.............
	0x00, 0x00, 0x00, 0x00, 0x00, 0x00, 0xaa, 0x00, 0x05, 0x00, 0x5f, 0x00, 0x00, 0x00, 0x19, 0x03, // .........._.....
	0x00, 0x00, 0x0e, 0x03, 0x00, 0x00, 0x57, 0x00, 0x00, 0x00, 0xf7, 0x00, 0x03, 0x00, 0x45, 0x03, // ......W.......E.
	0x00, 0x00, 0x00, 0x00, 0x00, 0x00, 0xfa, 0x00, 0x04, 0x00, 0x19, 0x03, 0x00, 0x00, 0x1a, 0x03, // ................
	0x00, 0x00, 0x1f, 0x03, 0x00, 0x00, 0xf8, 0x00, 0x02, 0x00, 0x1a, 0x03, 0x00, 0x00, 0x3d, 0x00, // ..............=.
	0x04, 0x00, 0x0f, 0x00, 0x00, 0x00, 0x1b, 0x03, 0x00, 0x00, 0xcb, 0x02, 0x00, 0x00, 0x3e, 0x00, // ..............>.
	0x03, 0x00, 0xd4, 0x02, 0x00, 0x00, 0x1b, 0x03, 0x00, 0x00, 0x83, 0x00, 0x05, 0x00, 0x06, 0x00, // ................
	0x00, 0x00, 0x6d, 0x03, 0x00, 0x00, 0x53, 0x00, 0x00, 0x00, 0x16, 0x03, 0x00, 0x00, 0xf9, 0x00, // ..m...S.........
	0x02, 0x00, 0x6e, 0x03, 0x00, 0x00, 0xf8, 0x00, 0x02, 0x00, 0x6e, 0x03, 0x00, 0x00, 0xf5, 0x00, // ..n.......n.....
	0x07, 0x00, 0x11, 0x00, 0x00, 0x00, 0x82, 0x06, 0x00, 0x00, 0x57, 0x00, 0x00, 0x00, 0x1a, 0x03, // ..........W.....
	0x00, 0x00, 0x7b, 0x03, 0x00, 0x00, 0x73, 0x03, 0x00, 0x00, 0xb3, 0x00, 0x05, 0x00, 0x5f, 0x00, // ..{...s......._.
	0x00, 0x00, 0x72, 0x03, 0x00, 0x00, 0x82, 0x06, 0x00, 0x00, 0x11, 0x03, 0x00, 0x00, 0xf6, 0x00, // ..r.............
	0x04, 0x00, 0x7c, 0x03, 0x00, 0x00, 0x73, 0x03, 0x00, 0x00, 0x00, 0x00, 0x00, 0x00, 0xfa, 0x00, // ..|...s.........
	0x04, 0x00, 0x72, 0x03, 0x00, 0x00, 0x73, 0x03, 0x00, 0x00, 0x7c, 0x03, 0x00, 0x00, 0xf8, 0x00, // ..r...s...|.....
	0x02, 0x00, 0x73, 0x03, 0x00, 0x00, 0x41, 0x00, 0x05, 0x00, 0x3b, 0x00, 0x00, 0x00, 0x76, 0x03, // ..s...A...;...v.
	0x00, 0x00, 0xd4, 0x02, 0x00, 0x00, 0x82, 0x06, 0x00, 0x00, 0x3d, 0x00, 0x04, 0x00, 0x08, 0x00, // ..........=.....
	0x00, 0x00, 0x77, 0x03, 0x00, 0x00, 0x76, 0x03, 0x00, 0x00, 0x41, 0x00, 0x05, 0x00, 0x3b, 0x00, // ..w...v...A...;.
	0x00, 0x00, 0x78, 0x03, 0x00, 0x00, 0x67, 0x03, 0x00, 0x00, 0x82, 0x06, 0x00, 0x00, 0x3e, 0x00, // ..x...g.......>.
	0x03, 0x00, 0x78, 0x03, 0x00, 0x00, 0x77, 0x03, 0x00, 0x00, 0x80, 0x00, 0x05, 0x00, 0x11, 0x00, // ..x...w.........
	0x00, 0x00, 0x7b, 0x03, 0x00, 0x00, 0x82, 0x06, 0x00, 0x00, 0x68, 0x00, 0x00, 0x00, 0xf9, 0x00, // ..{.......h.....
	0x02, 0x00, 0x6e, 0x03, 0x00, 0x00, 0xf8, 0x00, 0x02, 0x00, 0x7c, 0x03, 0x00, 0x00, 0xf9, 0x00, // ..n.......|.....
	0x02, 0x00, 0x7d, 0x03, 0x00, 0x00, 0xf8, 0x00, 0x02, 0x00, 0x7d, 0x03, 0x00, 0x00, 0xf5, 0x00, // ..}.......}.....
	0x07, 0x00, 0x11, 0x00, 0x00, 0x00, 0x83, 0x06, 0x00, 0x00, 0x68, 0x00, 0x00, 0x00, 0x7c, 0x03, // ..........h...|.
	0x00, 0x00, 0x9f, 0x03, 0x00, 0x00, 0x9d, 0x03, 0x00, 0x00, 0xb3, 0x00, 0x05, 0x00, 0x5f, 0x00, // .............._.
	0x00, 0x00, 0x81, 0x03, 0x00, 0x00, 0x83, 0x06, 0x00, 0x00, 0x11, 0x03, 0x00, 0x00, 0xf6, 0x00, // ................
	0x04, 0x00, 0xa0, 0x03, 0x00, 0x00, 0x9d, 0x03, 0x00, 0x00, 0x00, 0x00, 0x00, 0x00, 0xfa, 0x00, // ................
	0x04, 0x00, 0x81, 0x03, 0x00, 0x00, 0x82, 0x03, 0x00, 0x00, 0xa0, 0x03, 0x00, 0x00, 0xf8, 0x00, // ................
	0x02, 0x00, 0x82, 0x03, 0x00, 0x00, 0xf9, 0x00, 0x02, 0x00, 0x83, 0x03, 0x00, 0x00, 0xf8, 0x00, // ................
	0x02, 0x00, 0x83, 0x03, 0x00, 0x00, 0xf5, 0x00, 0x07, 0x00, 0x11, 0x00, 0x00, 0x00, 0x87, 0x06, // ................
	0x00, 0x00, 0x57, 0x00, 0x00, 0x00, 0x82, 0x03, 0x00, 0x00, 0x93, 0x03, 0x00, 0x00, 0x8a, 0x03, // ..W.............
	0x00, 0x00, 0x82, 0x00, 0x05, 0x00, 0x11, 0x00, 0x00, 0x00, 0x88, 0x03, 0x00, 0x00, 0x11, 0x03, // ................
	0x00, 0x00, 0x83, 0x06, 0x00, 0x00, 0xb3, 0x00, 0x05, 0x00, 0x5f, 0x00, 0x00, 0x00, 0x89, 0x03, // .........._.....
	0x00, 0x00, 0x87, 0x06, 0x00, 0x00, 0x88, 0x03, 0x00, 0x00, 0xf6, 0x00, 0x04, 0x00, 0x9c, 0x03, // ................
	0x00, 0x00, 0x8a, 0x03, 0x00, 0x00, 0x00, 0x00, 0x00, 0x00, 0xfa, 0x00, 0x04, 0x00, 0x89, 0x03, // ................
	0x00, 0x00, 0x8a, 0x03, 0x00, 0x00, 0x9c, 0x03, 0x00, 0x00, 0xf8, 0x00, 0x02, 0x00, 0x8a, 0x03, // ................
	0x00, 0x00, 0x41, 0x00, 0x05, 0x00, 0x3b, 0x00, 0x00, 0x00, 0x8e, 0x03, 0x00, 0x00, 0x67, 0x03, // ..A...;.......g.
	0x00, 0x00, 0x87, 0x06, 0x00, 0x00, 0x3d, 0x00, 0x04, 0x00, 0x08, 0x00, 0x00, 0x00, 0x8f, 0x03, // ......=.........
	0x00, 0x00, 0x8e, 0x03, 0x00, 0x00, 0x8e, 0x00, 0x05, 0x00, 0x08, 0x00, 0x00, 0x00, 0x90, 0x03, // ................
	0x00, 0x00, 0x8f, 0x03, 0x00, 0x00, 0x6d, 0x03, 0x00, 0x00, 0x80, 0x00, 0x05, 0x00, 0x11, 0x00, // ......m.........
	0x00, 0x00, 0x93, 0x03, 0x00, 0x00, 0x87, 0x06, 0x00, 0x00, 0x68, 0x00, 0x00, 0x00, 0x41, 0x00, // ..........h...A.
	0x05, 0x00, 0x3b, 0x00, 0x00, 0x00, 0x94, 0x03, 0x00, 0x00, 0x67, 0x03, 0x00, 0x00, 0x93, 0x03, // ..;.......g.....
	0x00, 0x00, 0x3d, 0x00, 0x04, 0x00, 0x08, 0x00, 0x00, 0x00, 0x95, 0x03, 0x00, 0x00, 0x94, 0x03, // ..=.............
	0x00, 0x00, 0x8e, 0x00, 0x05, 0x00, 0x08, 0x00, 0x00, 0x00, 0x96, 0x03, 0x00, 0x00, 0x95, 0x03, // ................
	0x00, 0x00, 0x16, 0x03, 0x00, 0x00, 0x81, 0x00, 0x05, 0x00, 0x08, 0x00, 0x00, 0x00, 0x97, 0x03, // ................
	0x00, 0x00, 0x90, 0x03, 0x00, 0x00, 0x96, 0x03, 0x00, 0x00, 0x3e, 0x00, 0x03, 0x00, 0x8e, 0x03, // ..........>.....
	0x00, 0x00, 0x97, 0x03, 0x00, 0x00, 0xf9, 0x00, 0x02, 0x00, 0x83, 0x03, 0x00, 0x00, 0xf8, 0x00, // ................
	0x02, 0x00, 0x9c, 0x03, 0x00, 0x00, 0xf9, 0x00, 0x02, 0x00, 0x9d, 0x03, 0x00, 0x00, 0xf8, 0x00, // ................
	0x02, 0x00, 0x9d, 0x03, 0x00, 0x00, 0x80, 0x00, 0x05, 0x00, 0x11, 0x00, 0x00, 0x00, 0x9f, 0x03, // ................
	0x00, 0x00, 0x83, 0x06, 0x00, 0x00, 0x68, 0x00, 0x00, 0x00, 0xf9, 0x00, 0x02, 0x00, 0x7d, 0x03, // ......h.......}.
	0x00, 0x00, 0xf8, 0x00, 0x02, 0x00, 0xa0, 0x03, 0x00, 0x00, 0x41, 0x00, 0x05, 0x00, 0x3b, 0x00, // ..........A...;.
	0x00, 0x00, 0xa1, 0x03, 0x00, 0x00, 0x67, 0x03, 0x00, 0x00, 0x57, 0x00, 0x00, 0x00, 0x3d, 0x00, // ......g...W...=.
	0x04, 0x00, 0x08, 0x00, 0x00, 0x00, 0xa2, 0x03, 0x00, 0x00, 0xa1, 0x03, 0x00, 0x00, 0xf9, 0x00, // ................
	0x02, 0x00, 0x45, 0x03, 0x00, 0x00, 0xf8, 0x00, 0x02, 0x00, 0x1f, 0x03, 0x00, 0x00, 0xaa, 0x00, // ..E.............
	0x05, 0x00, 0x5f, 0x00, 0x00, 0x00, 0x21, 0x03, 0x00, 0x00, 0x0e, 0x03, 0x00, 0x00, 0x68, 0x00, // .._...!.......h.
	0x00, 0x00, 0xf7, 0x00, 0x03, 0x00, 0x44, 0x03, 0x00, 0x00, 0x00, 0x00, 0x00, 0x00, 0xfa, 0x00, // ......D.........
	0x04, 0x00, 0x21, 0x03, 0x00, 0x00, 0x22, 0x03, 0x00, 0x00, 0x29, 0x03, 0x00, 0x00, 0xf8, 0x00, // ..!..."...).....
	0x02, 0x00, 0x22, 0x03, 0x00, 0x00, 0x3d, 0x00, 0x04, 0x00, 0x0f, 0x00, 0x00, 0x00, 0x23, 0x03, // .."...=.......#.
	0x00, 0x00, 0xcb, 0x02, 0x00, 0x00, 0x3e, 0x00, 0x03, 0x00, 0xd7, 0x02, 0x00, 0x00, 0x23, 0x03, // ......>.......#.
	0x00, 0x00, 0x3d, 0x00, 0x04, 0x00, 0x19, 0x00, 0x00, 0x00, 0x24, 0x03, 0x00, 0x00, 0xcd, 0x02, // ..=.......$.....
	0x00, 0x00, 0x82, 0x00, 0x05, 0x00, 0x11, 0x00, 0x00, 0x00, 0xb6, 0x03, 0x00, 0x00, 0x14, 0x03, // ................
	0x00, 0x00, 0x68, 0x00, 0x00, 0x00, 0x82, 0x00, 0x05, 0x00, 0x11, 0x00, 0x00, 0x00, 0xb8, 0x03, // ..h.............
	0x00, 0x00, 0x9a, 0x00, 0x00, 0x00, 0x11, 0x03, 0x00, 0x00, 0xad, 0x00, 0x05, 0x00, 0x5f, 0x00, // .............._.
	0x00, 0x00, 0xbb, 0x03, 0x00, 0x00, 0xb6, 0x03, 0x00, 0x00, 0xb8, 0x03, 0x00, 0x00, 0xa9, 0x00, // ................
	0x06, 0x00, 0x11, 0x00, 0x00, 0x00, 0x8c, 0x06, 0x00, 0x00, 0xbb, 0x03, 0x00, 0x00, 0xb8, 0x03, // ................
	0x00, 0x00, 0xb6, 0x03, 0x00, 0x00, 0xb1, 0x00, 0x05, 0x00, 0x5f, 0x00, 0x00, 0x00, 0xc1, 0x03, // .........._.....
	0x00, 0x00, 0x8c, 0x06, 0x00, 0x00, 0x11, 0x03, 0x00, 0x00, 0xa9, 0x00, 0x06, 0x00, 0x11, 0x00, // ................
	0x00, 0x00, 0x8d, 0x06, 0x00, 0x00, 0xc1, 0x03, 0x00, 0x00, 0x11, 0x03, 0x00, 0x00, 0x8c, 0x06, // ................
	0x00, 0x00, 0x3e, 0x00, 0x03, 0x00, 0xa6, 0x03, 0x00, 0x00, 0x24, 0x03, 0x00, 0x00, 0xf7, 0x00, // ..>.......$.....
	0x03, 0x00, 0x2f, 0x04, 0x00, 0x00, 0x00, 0x00, 0x00, 0x00, 0xfb, 0x00, 0x03, 0x00, 0x22, 0x02, // ../...........".
	0x00, 0x00, 0xf4, 0x03, 0x00, 0x00, 0xf8, 0x00, 0x02, 0x00, 0xf4, 0x03, 0x00, 0x00, 0x0c, 0x00, // ................
	0x08, 0x00, 0x11, 0x00, 0x00, 0x00, 0xf9, 0x03, 0x00, 0x00, 0x01, 0x00, 0x00, 0x00, 0x2d, 0x00, // ..............-.
	0x00, 0x00, 0x11, 0x03, 0x00, 0x00, 0x57, 0x00, 0x00, 0x00, 0x9a, 0x00, 0x00, 0x00, 0x0c, 0x00, // ......W.........
	0x08, 0x00, 0x11, 0x00, 0x00, 0x00, 0xfc, 0x03, 0x00, 0x00, 0x01, 0x00, 0x00, 0x00, 0x2d, 0x00, // ..............-.
	0x00, 0x00, 0xb6, 0x03, 0x00, 0x00, 0xf9, 0x03, 0x00, 0x00, 0x9a, 0x00, 0x00, 0x00, 0x80, 0x00, // ................
	0x05, 0x00, 0x11, 0x00, 0x00, 0x00, 0xff, 0x03, 0x00, 0x00, 0x14, 0x03, 0x00, 0x00, 0x11, 0x03, // ................
	0x00, 0x00, 0xad, 0x00, 0x05, 0x00, 0x5f, 0x00, 0x00, 0x00, 0x01, 0x04, 0x00, 0x00, 0xff, 0x03, // ......_.........
	0x00, 0x00, 0x9a, 0x00, 0x00, 0x00, 0xa9, 0x00, 0x06, 0x00, 0x11, 0x00, 0x00, 0x00, 0x8e, 0x06, // ................
	0x00, 0x00, 0x01, 0x04, 0x00, 0x00, 0x9a, 0x00, 0x00, 0x00, 0xff, 0x03, 0x00, 0x00, 0xb1, 0x00, // ................
	0x05, 0x00, 0x5f, 0x00, 0x00, 0x00, 0x05, 0x04, 0x00, 0x00, 0x8e, 0x06, 0x00, 0x00, 0x57, 0x00, // .._...........W.
	0x00, 0x00, 0xa9, 0x00, 0x06, 0x00, 0x11, 0x00, 0x00, 0x00, 0x8f, 0x06, 0x00, 0x00, 0x05, 0x04, // ................
	0x00, 0x00, 0x57, 0x00, 0x00, 0x00, 0x8e, 0x06, 0x00, 0x00, 0x41, 0x00, 0x05, 0x00, 0x07, 0x00, // ..W.......A.....
	0x00, 0x00, 0x0a, 0x04, 0x00, 0x00, 0xa6, 0x03, 0x00, 0x00, 0x8f, 0x06, 0x00, 0x00, 0x3d, 0x00, // ..............=.
	0x04, 0x00, 0x06, 0x00, 0x00, 0x00, 0x0b, 0x04, 0x00, 0x00, 0x0a, 0x04, 0x00, 0x00, 0xbe, 0x00, // ................
	0x05, 0x00, 0x5f, 0x00, 0x00, 0x00, 0x0c, 0x04, 0x00, 0x00, 0x16, 0x03, 0x00, 0x00, 0x0b, 0x04, // .._.............
	0x00, 0x00, 0xf7, 0x00, 0x03, 0x00, 0x0f, 0x04, 0x00, 0x00, 0x00, 0x00, 0x00, 0x00, 0xfa, 0x00, // ................
	0x04, 0x00, 0x0c, 0x04, 0x00, 0x00, 0x0d, 0x04, 0x00, 0x00, 0x0f, 0x04, 0x00, 0x00, 0xf8, 0x00, // ................
	0x02, 0x00, 0x0d, 0x04, 0x00, 0x00, 0xf9, 0x00, 0x02, 0x00, 0x2f, 0x04, 0x00, 0x00, 0xf8, 0x00, // ........../.....
	0x02, 0x00, 0x0f, 0x04, 0x00, 0x00, 0x41, 0x00, 0x05, 0x00, 0x07, 0x00, 0x00, 0x00, 0x12, 0x04, // ......A.........
	0x00, 0x00, 0xa6, 0x03, 0x00, 0x00, 0x11, 0x03, 0x00, 0x00, 0x3d, 0x00, 0x04, 0x00, 0x06, 0x00, // ..........=.....
	0x00, 0x00, 0x13, 0x04, 0x00, 0x00, 0x12, 0x04, 0x00, 0x00, 0xbc, 0x00, 0x05, 0x00, 0x5f, 0x00, // .............._.
	0x00, 0x00, 0x14, 0x04, 0x00, 0x00, 0x16, 0x03, 0x00, 0x00, 0x13, 0x04, 0x00, 0x00, 0xf7, 0x00, // ................
	0x03, 0x00, 0x17, 0x04, 0x00, 0x00, 0x00, 0x00, 0x00, 0x00, 0xfa, 0x00, 0x04, 0x00, 0x14, 0x04, // ................
	0x00, 0x00, 0x15, 0x04, 0x00, 0x00, 0x17, 0x04, 0x00, 0x00, 0xf8, 0x00, 0x02, 0x00, 0x15, 0x04, // ................
	0x00, 0x00, 0xf9, 0x00, 0x02, 0x00, 0x2f, 0x04, 0x00, 0x00, 0xf8, 0x00, 0x02, 0x00, 0x17, 0x04, // ....../.........
	0x00, 0x00, 0xf9, 0x00, 0x02, 0x00, 0x19, 0x04, 0x00, 0x00, 0xf8, 0x00, 0x02, 0x00, 0x19, 0x04, // ................
	0x00, 0x00, 0xf5, 0x00, 0x07, 0x00, 0x11, 0x00, 0x00, 0x00, 0x68, 0x06, 0x00, 0x00, 0xf9, 0x03, // ..........h.....
	0x00, 0x00, 0x17, 0x04, 0x00, 0x00, 0x21, 0x04, 0x00, 0x00, 0x28, 0x04, 0x00, 0x00, 0xb1, 0x00, // ......!...(.....
	0x05, 0x00, 0x5f, 0x00, 0x00, 0x00, 0x1d, 0x04, 0x00, 0x00, 0x68, 0x06, 0x00, 0x00, 0xfc, 0x03, // .._.......h.....
	0x00, 0x00, 0xf6, 0x00, 0x04, 0x00, 0x2b, 0x04, 0x00, 0x00, 0x28, 0x04, 0x00, 0x00, 0x00, 0x00, // ......+...(.....
	0x00, 0x00, 0xfa, 0x00, 0x04, 0x00, 0x1d, 0x04, 0x00, 0x00, 0x1e, 0x04, 0x00, 0x00, 0x2b, 0x04, // ..............+.
	0x00, 0x00, 0xf8, 0x00, 0x02, 0x00, 0x1e, 0x04, 0x00, 0x00, 0x80, 0x00, 0x05, 0x00, 0x11, 0x00, // ................
	0x00, 0x00, 0x21, 0x04, 0x00, 0x00, 0x68, 0x06, 0x00, 0x00, 0x68, 0x00, 0x00, 0x00, 0x41, 0x00, // ..!...h...h...A.
	0x05, 0x00, 0x07, 0x00, 0x00, 0x00, 0x22, 0x04, 0x00, 0x00, 0xa6, 0x03, 0x00, 0x00, 0x21, 0x04, // ......".......!.
	0x00, 0x00, 0x3d, 0x00, 0x04, 0x00, 0x06, 0x00, 0x00, 0x00, 0x23, 0x04, 0x00, 0x00, 0x22, 0x04, // ..=.......#...".
	0x00, 0x00, 0xb8, 0x00, 0x05, 0x00, 0x5f, 0x00, 0x00, 0x00, 0x24, 0x04, 0x00, 0x00, 0x16, 0x03, // ......_...$.....
	0x00, 0x00, 0x23, 0x04, 0x00, 0x00, 0xf7, 0x00, 0x03, 0x00, 0x27, 0x04, 0x00, 0x00, 0x00, 0x00, // ..#.......'.....
	0x00, 0x00, 0xfa, 0x00, 0x04, 0x00, 0x24, 0x04, 0x00, 0x00, 0x25, 0x04, 0x00, 0x00, 0x27, 0x04, // ......$...%...'.
	0x00, 0x00, 0xf8, 0x00, 0x02, 0x00, 0x25, 0x04, 0x00, 0x00, 0xf9, 0x00, 0x02, 0x00, 0x2b, 0x04, // ......%.......+.
	0x00, 0x00, 0xf8, 0x00, 0x02, 0x00, 0x27, 0x04, 0x00, 0x00, 0xf9, 0x00, 0x02, 0x00, 0x28, 0x04, // ......'.......(.
	0x00, 0x00, 0xf8, 0x00, 0x02, 0x00, 0x28, 0x04, 0x00, 0x00, 0xf9, 0x00, 0x02, 0x00, 0x19, 0x04, // ......(.........
	0x00, 0x00, 0xf8, 0x00, 0x02, 0x00, 0x2b, 0x04, 0x00, 0x00, 0xf5, 0x00, 0x07, 0x00, 0x11, 0x00, // ......+.........
	0x00, 0x00, 0x6e, 0x06, 0x00, 0x00, 0x55, 0x06, 0x00, 0x00, 0x19, 0x04, 0x00, 0x00, 0x68, 0x06, // ..n...U.......h.
	0x00, 0x00, 0x25, 0x04, 0x00, 0x00, 0xf5, 0x00, 0x07, 0x00, 0x5f, 0x00, 0x00, 0x00, 0x69, 0x06, // ..%......._...i.
	0x00, 0x00, 0xc3, 0x02, 0x00, 0x00, 0x19, 0x04, 0x00, 0x00, 0xc6, 0x02, 0x00, 0x00, 0x25, 0x04, // ..............%.
	0x00, 0x00, 0xf7, 0x00, 0x03, 0x00, 0x2d, 0x04, 0x00, 0x00, 0x00, 0x00, 0x00, 0x00, 0xfa, 0x00, // ......-.........
	0x04, 0x00, 0x69, 0x06, 0x00, 0x00, 0x2f, 0x04, 0x00, 0x00, 0x2d, 0x04, 0x00, 0x00, 0xf8, 0x00, // ..i.../...-.....
	0x02, 0x00, 0x2d, 0x04, 0x00, 0x00, 0xf9, 0x00, 0x02, 0x00, 0x2f, 0x04, 0x00, 0x00, 0xf8, 0x00, // ..-......./.....
	0x02, 0x00, 0x2f, 0x04, 0x00, 0x00, 0xf5, 0x00, 0x0b, 0x00, 0x11, 0x00, 0x00, 0x00, 0x6d, 0x06, // ../...........m.
	0x00, 0x00, 0xfc, 0x03, 0x00, 0x00, 0x0d, 0x04, 0x00, 0x00, 0xf9, 0x03, 0x00, 0x00, 0x15, 0x04, // ................
	0x00, 0x00, 0x6e, 0x06, 0x00, 0x00, 0x2b, 0x04, 0x00, 0x00, 0xfc, 0x03, 0x00, 0x00, 0x2d, 0x04, // ..n...+.......-.
	0x00, 0x00, 0x0c, 0x00, 0x08, 0x00, 0x11, 0x00, 0x00, 0x00, 0xcc, 0x03, 0x00, 0x00, 0x01, 0x00, // ................
	0x00, 0x00, 0x2d, 0x00, 0x00, 0x00, 0x6d, 0x06, 0x00, 0x00, 0x11, 0x03, 0x00, 0x00, 0x8d, 0x06, // ..-...m.........
	0x00, 0x00, 0x3e, 0x00, 0x03, 0x00, 0xad, 0x03, 0x00, 0x00, 0x24, 0x03, 0x00, 0x00, 0x41, 0x00, // ..>.......$...A.
	0x05, 0x00, 0x07, 0x00, 0x00, 0x00, 0x3d, 0x04, 0x00, 0x00, 0xb1, 0x03, 0x00, 0x00, 0x57, 0x00, // ......=.......W.
	0x00, 0x00, 0x3e, 0x00, 0x03, 0x00, 0x3d, 0x04, 0x00, 0x00, 0x53, 0x00, 0x00, 0x00, 0xf9, 0x00, // ..>...=...S.....
	0x02, 0x00, 0x3e, 0x04, 0x00, 0x00, 0xf8, 0x00, 0x02, 0x00, 0x3e, 0x04, 0x00, 0x00, 0xf5, 0x00, // ..>.......>.....
	0x07, 0x00, 0x11, 0x00, 0x00, 0x00, 0x7b, 0x06, 0x00, 0x00, 0x68, 0x00, 0x00, 0x00, 0x2f, 0x04, // ......{...h.../.
	0x00, 0x00, 0x89, 0x04, 0x00, 0x00, 0x87, 0x04, 0x00, 0x00, 0xb3, 0x00, 0x05, 0x00, 0x5f, 0x00, // .............._.
	0x00, 0x00, 0x42, 0x04, 0x00, 0x00, 0x7b, 0x06, 0x00, 0x00, 0x11, 0x03, 0x00, 0x00, 0xf6, 0x00, // ..B...{.........
	0x04, 0x00, 0x8a, 0x04, 0x00, 0x00, 0x87, 0x04, 0x00, 0x00, 0x00, 0x00, 0x00, 0x00, 0xfa, 0x00, // ................
	0x04, 0x00, 0x42, 0x04, 0x00, 0x00, 0x43, 0x04, 0x00, 0x00, 0x8a, 0x04, 0x00, 0x00, 0xf8, 0x00, // ..B...C.........
	0x02, 0x00, 0x43, 0x04, 0x00, 0x00, 0x80, 0x00, 0x05, 0x00, 0x11, 0x00, 0x00, 0x00, 0x47, 0x04, // ..C...........G.
	0x00, 0x00, 0xcc, 0x03, 0x00, 0x00, 0x68, 0x00, 0x00, 0x00, 0x82, 0x00, 0x05, 0x00, 0x11, 0x00, // ......h.........
	0x00, 0x00, 0x49, 0x04, 0x00, 0x00, 0x47, 0x04, 0x00, 0x00, 0x7b, 0x06, 0x00, 0x00, 0x41, 0x00, // ..I...G...{...A.
	0x05, 0x00, 0x07, 0x00, 0x00, 0x00, 0x4a, 0x04, 0x00, 0x00, 0xad, 0x03, 0x00, 0x00, 0x49, 0x04, // ......J.......I.
	0x00, 0x00, 0x3d, 0x00, 0x04, 0x00, 0x06, 0x00, 0x00, 0x00, 0x4b, 0x04, 0x00, 0x00, 0x4a, 0x04, // ..=.......K...J.
	0x00, 0x00, 0x83, 0x00, 0x05, 0x00, 0x06, 0x00, 0x00, 0x00, 0x4c, 0x04, 0x00, 0x00, 0x16, 0x03, // ..........L.....
	0x00, 0x00, 0x4b, 0x04, 0x00, 0x00, 0x41, 0x00, 0x05, 0x00, 0x07, 0x00, 0x00, 0x00, 0x4d, 0x04, // ..K...A.......M.
	0x00, 0x00, 0x36, 0x04, 0x00, 0x00, 0x7b, 0x06, 0x00, 0x00, 0x3e, 0x00, 0x03, 0x00, 0x4d, 0x04, // ..6...{...>...M.
	0x00, 0x00, 0x4c, 0x04, 0x00, 0x00, 0x80, 0x00, 0x05, 0x00, 0x11, 0x00, 0x00, 0x00, 0x51, 0x04, // ..L...........Q.
	0x00, 0x00, 0xcc, 0x03, 0x00, 0x00, 0x7b, 0x06, 0x00, 0x00, 0x41, 0x00, 0x05, 0x00, 0x07, 0x00, // ......{...A.....
	0x00, 0x00, 0x52, 0x04, 0x00, 0x00, 0xad, 0x03, 0x00, 0x00, 0x51, 0x04, 0x00, 0x00, 0x3d, 0x00, // ..R.......Q...=.
	0x04, 0x00, 0x06, 0x00, 0x00, 0x00, 0x53, 0x04, 0x00, 0x00, 0x52, 0x04, 0x00, 0x00, 0x83, 0x00, // ......S...R.....
	0x05, 0x00, 0x06, 0x00, 0x00, 0x00, 0x55, 0x04, 0x00, 0x00, 0x53, 0x04, 0x00, 0x00, 0x16, 0x03, // ......U...S.....
	0x00, 0x00, 0x41, 0x00, 0x05, 0x00, 0x07, 0x00, 0x00, 0x00, 0x56, 0x04, 0x00, 0x00, 0x37, 0x04, // ..A.......V...7.
	0x00, 0x00, 0x7b, 0x06, 0x00, 0x00, 0x3e, 0x00, 0x03, 0x00, 0x56, 0x04, 0x00, 0x00, 0x55, 0x04, // ..{...>...V...U.
	0x00, 0x00, 0xf9, 0x00, 0x02, 0x00, 0x57, 0x04, 0x00, 0x00, 0xf8, 0x00, 0x02, 0x00, 0x57, 0x04, // ......W.......W.
	0x00, 0x00, 0xf5, 0x00, 0x07, 0x00, 0x06, 0x00, 0x00, 0x00, 0x81, 0x06, 0x00, 0x00, 0xf6, 0x00, // ................
	0x00, 0x00, 0x43, 0x04, 0x00, 0x00, 0x7f, 0x04, 0x00, 0x00, 0x5c, 0x04, 0x00, 0x00, 0xf5, 0x00, // ..C.............
	0x07, 0x00, 0x11, 0x00, 0x00, 0x00, 0x7f, 0x06, 0x00, 0x00, 0x57, 0x00, 0x00, 0x00, 0x43, 0x04, // ..........W...C.
	0x00, 0x00, 0x5e, 0x04, 0x00, 0x00, 0x5c, 0x04, 0x00, 0x00, 0xb1, 0x00, 0x05, 0x00, 0x5f, 0x00, // ..^..........._.
	0x00, 0x00, 0x5b, 0x04, 0x00, 0x00, 0x7f, 0x06, 0x00, 0x00, 0x7b, 0x06, 0x00, 0x00, 0xf6, 0x00, // ..[.......{.....
	0x04, 0x00, 0x83, 0x04, 0x00, 0x00, 0x5c, 0x04, 0x00, 0x00, 0x00, 0x00, 0x00, 0x00, 0xfa, 0x00, // ................
	0x04, 0x00, 0x5b, 0x04, 0x00, 0x00, 0x5c, 0x04, 0x00, 0x00, 0x83, 0x04, 0x00, 0x00, 0xf8, 0x00, // ..[.............
	0x02, 0x00, 0x5c, 0x04, 0x00, 0x00, 0x80, 0x00, 0x05, 0x00, 0x11, 0x00, 0x00, 0x00, 0x5e, 0x04, // ..............^.
	0x00, 0x00, 0x7f, 0x06, 0x00, 0x00, 0x68, 0x00, 0x00, 0x00, 0x41, 0x00, 0x05, 0x00, 0x07, 0x00, // ......h...A.....
	0x00, 0x00, 0x5f, 0x04, 0x00, 0x00, 0x37, 0x04, 0x00, 0x00, 0x5e, 0x04, 0x00, 0x00, 0x3d, 0x00, // .._...7...^...=.
	0x04, 0x00, 0x06, 0x00, 0x00, 0x00, 0x60, 0x04, 0x00, 0x00, 0x5f, 0x04, 0x00, 0x00, 0x82, 0x00, // ......`..._.....
	0x05, 0x00, 0x11, 0x00, 0x00, 0x00, 0x63, 0x04, 0x00, 0x00, 0x7b, 0x06, 0x00, 0x00, 0x7f, 0x06, // ......c...{.....
	0x00, 0x00, 0x41, 0x00, 0x05, 0x00, 0x07, 0x00, 0x00, 0x00, 0x64, 0x04, 0x00, 0x00, 0x36, 0x04, // ..A.......d...6.
	0x00, 0x00, 0x63, 0x04, 0x00, 0x00, 0x3d, 0x00, 0x04, 0x00, 0x06, 0x00, 0x00, 0x00, 0x65, 0x04, // ..c...=.......e.
	0x00, 0x00, 0x64, 0x04, 0x00, 0x00, 0x81, 0x00, 0x05, 0x00, 0x06, 0x00, 0x00, 0x00, 0x66, 0x04, // ..d...........f.
	0x00, 0x00, 0x60, 0x04, 0x00, 0x00, 0x65, 0x04, 0x00, 0x00, 0xb7, 0x00, 0x05, 0x00, 0x5f, 0x00, // ..`...e......._.
	0x00, 0x00, 0x68, 0x04, 0x00, 0x00, 0x66, 0x04, 0x00, 0x00, 0xf6, 0x00, 0x00, 0x00, 0x41, 0x00, // ..h...f.......A.
	0x05, 0x00, 0x07, 0x00, 0x00, 0x00, 0x6a, 0x04, 0x00, 0x00, 0xb1, 0x03, 0x00, 0x00, 0x7f, 0x06, // ......j.........
	0x00, 0x00, 0x3d, 0x00, 0x04, 0x00, 0x06, 0x00, 0x00, 0x00, 0x6b, 0x04, 0x00, 0x00, 0x6a, 0x04, // ..=.......k...j.
	0x00, 0x00, 0x88, 0x00, 0x05, 0x00, 0x06, 0x00, 0x00, 0x00, 0x6d, 0x04, 0x00, 0x00, 0x6b, 0x04, // ..........m...k.
	0x00, 0x00, 0x66, 0x04, 0x00, 0x00, 0xa9, 0x00, 0x06, 0x00, 0x06, 0x00, 0x00, 0x00, 0x6e, 0x04, // ..f...........n.
	0x00, 0x00, 0x68, 0x04, 0x00, 0x00, 0x6d, 0x04, 0x00, 0x00, 0xf6, 0x00, 0x00, 0x00, 0x3d, 0x00, // ..h...m.......=.
	0x04, 0x00, 0x06, 0x00, 0x00, 0x00, 0x74, 0x04, 0x00, 0x00, 0x5f, 0x04, 0x00, 0x00, 0x85, 0x00, // ......t..._.....
	0x05, 0x00, 0x06, 0x00, 0x00, 0x00, 0x76, 0x04, 0x00, 0x00, 0x74, 0x04, 0x00, 0x00, 0x6e, 0x04, // ......v...t...n.
	0x00, 0x00, 0x81, 0x00, 0x05, 0x00, 0x06, 0x00, 0x00, 0x00, 0x77, 0x04, 0x00, 0x00, 0x81, 0x06, // ..........w.....
	0x00, 0x00, 0x76, 0x04, 0x00, 0x00, 0x3e, 0x00, 0x03, 0x00, 0x6a, 0x04, 0x00, 0x00, 0x77, 0x04, // ..v...>...j...w.
	0x00, 0x00, 0x3d, 0x00, 0x04, 0x00, 0x06, 0x00, 0x00, 0x00, 0x7d, 0x04, 0x00, 0x00, 0x64, 0x04, // ..=.......}...d.
	0x00, 0x00, 0x85, 0x00, 0x05, 0x00, 0x06, 0x00, 0x00, 0x00, 0x7f, 0x04, 0x00, 0x00, 0x7d, 0x04, // ..............}.
	0x00, 0x00, 0x6e, 0x04, 0x00, 0x00, 0xf9, 0x00, 0x02, 0x00, 0x57, 0x04, 0x00, 0x00, 0xf8, 0x00, // ..n.......W.....
	0x02, 0x00, 0x83, 0x04, 0x00, 0x00, 0x41, 0x00, 0x05, 0x00, 0x07, 0x00, 0x00, 0x00, 0x86, 0x04, // ......A.........
	0x00, 0x00, 0xb1, 0x03, 0x00, 0x00, 0x7b, 0x06, 0x00, 0x00, 0x3e, 0x00, 0x03, 0x00, 0x86, 0x04, // ......{...>.....
	0x00, 0x00, 0x81, 0x06, 0x00, 0x00, 0xf9, 0x00, 0x02, 0x00, 0x87, 0x04, 0x00, 0x00, 0xf8, 0x00, // ................
	0x02, 0x00, 0x87, 0x04, 0x00, 0x00, 0x80, 0x00, 0x05, 0x00, 0x11, 0x00, 0x00, 0x00, 0x89, 0x04, // ................
	0x00, 0x00, 0x7b, 0x06, 0x00, 0x00, 0x68, 0x00, 0x00, 0x00, 0xf9, 0x00, 0x02, 0x00, 0x3e, 0x04, // ..{...h.......>.
	0x00, 0x00, 0xf8, 0x00, 0x02, 0x00, 0x8a, 0x04, 0x00, 0x00, 0x3d, 0x00, 0x04, 0x00, 0x19, 0x00, // ..........=.....
	0x00, 0x00, 0xd3, 0x03, 0x00, 0x00, 0xb1, 0x03, 0x00, 0x00, 0x3e, 0x00, 0x03, 0x00, 0xac, 0x03, // ..........>.....
	0x00, 0x00, 0xd3, 0x03, 0x00, 0x00, 0xf9, 0x00, 0x02, 0x00, 0xd4, 0x03, 0x00, 0x00, 0xf8, 0x00, // ................
	0x02, 0x00, 0xd4, 0x03, 0x00, 0x00, 0xf5, 0x00, 0x07, 0x00, 0x08, 0x00, 0x00, 0x00, 0x7d, 0x06, // ..............}.
	0x00, 0x00, 0x43, 0x06, 0x00, 0x00, 0x8a, 0x04, 0x00, 0x00, 0xe6, 0x03, 0x00, 0x00, 0xd9, 0x03, // ..C.............
	0x00, 0x00, 0xf5, 0x00, 0x07, 0x00, 0x11, 0x00, 0x00, 0x00, 0x7c, 0x06, 0x00, 0x00, 0x57, 0x00, // ..........|...W.
	0x00, 0x00, 0x8a, 0x04, 0x00, 0x00, 0xe9, 0x03, 0x00, 0x00, 0xd9, 0x03, 0x00, 0x00, 0xb3, 0x00, // ................
	0x05, 0x00, 0x5f, 0x00, 0x00, 0x00, 0xd8, 0x03, 0x00, 0x00, 0x7c, 0x06, 0x00, 0x00, 0x11, 0x03, // .._.......|.....
	0x00, 0x00, 0xf6, 0x00, 0x04, 0x00, 0xea, 0x03, 0x00, 0x00, 0xd9, 0x03, 0x00, 0x00, 0x00, 0x00, // ................
	0x00, 0x00, 0xfa, 0x00, 0x04, 0x00, 0xd8, 0x03, 0x00, 0x00, 0xd9, 0x03, 0x00, 0x00, 0xea, 0x03, // ................
	0x00, 0x00, 0xf8, 0x00, 0x02, 0x00, 0xd9, 0x03, 0x00, 0x00, 0x41, 0x00, 0x05, 0x00, 0x07, 0x00, // ..........A.....
	0x00, 0x00, 0xdb, 0x03, 0x00, 0x00, 0xac, 0x03, 0x00, 0x00, 0x7c, 0x06, 0x00, 0x00, 0x3d, 0x00, // ..........|...=.
	0x04, 0x00, 0x06, 0x00, 0x00, 0x00, 0xdc, 0x03, 0x00, 0x00, 0xdb, 0x03, 0x00, 0x00, 0x82, 0x00, // ................
	0x05, 0x00, 0x11, 0x00, 0x00, 0x00, 0xdf, 0x03, 0x00, 0x00, 0xcc, 0x03, 0x00, 0x00, 0x11, 0x03, // ................
	0x00, 0x00, 0x80, 0x00, 0x05, 0x00, 0x11, 0x00, 0x00, 0x00, 0xe1, 0x03, 0x00, 0x00, 0xdf, 0x03, // ................
	0x00, 0x00, 0x7c, 0x06, 0x00, 0x00, 0x41, 0x00, 0x05, 0x00, 0x3b, 0x00, 0x00, 0x00, 0xe2, 0x03, // ..|...A...;.....
	0x00, 0x00, 0xd7, 0x02, 0x00, 0x00, 0xe1, 0x03, 0x00, 0x00, 0x3d, 0x00, 0x04, 0x00, 0x08, 0x00, // ..........=.....
	0x00, 0x00, 0xe3, 0x03, 0x00, 0x00, 0xe2, 0x03, 0x00, 0x00, 0x8e, 0x00, 0x05, 0x00, 0x08, 0x00, // ................
	0x00, 0x00, 0xe4, 0x03, 0x00, 0x00, 0xe3, 0x03, 0x00, 0x00, 0xdc, 0x03, 0x00, 0x00, 0x81, 0x00, // ................
	0x05, 0x00, 0x08, 0x00, 0x00, 0x00, 0xe6, 0x03, 0x00, 0x00, 0x7d, 0x06, 0x00, 0x00, 0xe4, 0x03, // ..........}.....
	0x00, 0x00, 0x80, 0x00, 0x05, 0x00, 0x11, 0x00, 0x00, 0x00, 0xe9, 0x03, 0x00, 0x00, 0x7c, 0x06, // ..............|.
	0x00, 0x00, 0x68, 0x00, 0x00, 0x00, 0xf9, 0x00, 0x02, 0x00, 0xd4, 0x03, 0x00, 0x00, 0xf8, 0x00, // ..h.............
	0x02, 0x00, 0xea, 0x03, 0x00, 0x00, 0xf9, 0x00, 0x02, 0x00, 0x44, 0x03, 0x00, 0x00, 0xf8, 0x00, // ..........D.....
	0x02, 0x00, 0x29, 0x03, 0x00, 0x00, 0xaa, 0x00, 0x05, 0x00, 0x5f, 0x00, 0x00, 0x00, 0x2b, 0x03, // ..)......._...+.
	0x00, 0x00, 0x0e, 0x03, 0x00, 0x00, 0xed, 0x01, 0x00, 0x00, 0xf7, 0x00, 0x03, 0x00, 0x43, 0x03, // ..............C.
	0x00, 0x00, 0x00, 0x00, 0x00, 0x00, 0xfa, 0x00, 0x04, 0x00, 0x2b, 0x03, 0x00, 0x00, 0x2c, 0x03, // ..........+...,.
	0x00, 0x00, 0x34, 0x03, 0x00, 0x00, 0xf8, 0x00, 0x02, 0x00, 0x2c, 0x03, 0x00, 0x00, 0x3d, 0x00, // ..4.......,...=.
	0x04, 0x00, 0x0f, 0x00, 0x00, 0x00, 0x2d, 0x03, 0x00, 0x00, 0xcb, 0x02, 0x00, 0x00, 0x3e, 0x00, // ......-.......>.
	0x03, 0x00, 0xdc, 0x02, 0x00, 0x00, 0x2d, 0x03, 0x00, 0x00, 0x3d, 0x00, 0x04, 0x00, 0x19, 0x00, // ......-...=.....
	0x00, 0x00, 0x2e, 0x03, 0x00, 0x00, 0xcd, 0x02, 0x00, 0x00, 0x3d, 0x00, 0x04, 0x00, 0x19, 0x00, // ..........=.....
	0x00, 0x00, 0x2f, 0x03, 0x00, 0x00, 0xcc, 0x02, 0x00, 0x00, 0x3e, 0x00, 0x03, 0x00, 0xde, 0x02, // ../.......>.....
	0x00, 0x00, 0x2f, 0x03, 0x00, 0x00, 0x82, 0x00, 0x05, 0x00, 0x11, 0x00, 0x00, 0x00, 0xa2, 0x04, // ../.............
	0x00, 0x00, 0x14, 0x03, 0x00, 0x00, 0x68, 0x00, 0x00, 0x00, 0x82, 0x00, 0x05, 0x00, 0x11, 0x00, // ......h.........
	0x00, 0x00, 0xa4, 0x04, 0x00, 0x00, 0x9a, 0x00, 0x00, 0x00, 0x11, 0x03, 0x00, 0x00, 0xad, 0x00, // ................
	0x05, 0x00, 0x5f, 0x00, 0x00, 0x00, 0xa7, 0x04, 0x00, 0x00, 0xa2, 0x04, 0x00, 0x00, 0xa4, 0x04, // .._.............
	0x00, 0x00, 0xa9, 0x00, 0x06, 0x00, 0x11, 0x00, 0x00, 0x00, 0x90, 0x06, 0x00, 0x00, 0xa7, 0x04, // ................
	0x00, 0x00, 0xa4, 0x04, 0x00, 0x00, 0xa2, 0x04, 0x00, 0x00, 0xb1, 0x00, 0x05, 0x00, 0x5f, 0x00, // .............._.
	0x00, 0x00, 0xad, 0x04, 0x00, 0x00, 0x90, 0x06, 0x00, 0x00, 0x11, 0x03, 0x00, 0x00, 0xa9, 0x00, // ................
	0x06, 0x00, 0x11, 0x00, 0x00, 0x00, 0x91, 0x06, 0x00, 0x00, 0xad, 0x04, 0x00, 0x00, 0x11, 0x03, // ................
	0x00, 0x00, 0x90, 0x06, 0x00, 0x00, 0x3e, 0x00, 0x03, 0x00, 0x8e, 0x04, 0x00, 0x00, 0x2e, 0x03, // ......>.........
	0x00, 0x00, 0xf7, 0x00, 0x03, 0x00, 0x2c, 0x05, 0x00, 0x00, 0x00, 0x00, 0x00, 0x00, 0xfb, 0x00, // ......,.........
	0x03, 0x00, 0x22, 0x02, 0x00, 0x00, 0xf1, 0x04, 0x00, 0x00, 0xf8, 0x00, 0x02, 0x00, 0xf1, 0x04, // ..".............
	0x00, 0x00, 0x0c, 0x00, 0x08, 0x00, 0x11, 0x00, 0x00, 0x00, 0xf6, 0x04, 0x00, 0x00, 0x01, 0x00, // ................
	0x00, 0x00, 0x2d, 0x00, 0x00, 0x00, 0x11, 0x03, 0x00, 0x00, 0x57, 0x00, 0x00, 0x00, 0x9a, 0x00, // ..-.......W.....
	0x00, 0x00, 0x0c, 0x00, 0x08, 0x00, 0x11, 0x00, 0x00, 0x00, 0xf9, 0x04, 0x00, 0x00, 0x01, 0x00, // ................
	0x00, 0x00, 0x2d, 0x00, 0x00, 0x00, 0xa2, 0x04, 0x00, 0x00, 0xf6, 0x04, 0x00, 0x00, 0x9a, 0x00, // ..-.............
	0x00, 0x00, 0x80, 0x00, 0x05, 0x00, 0x11, 0x00, 0x00, 0x00, 0xfc, 0x04, 0x00, 0x00, 0x14, 0x03, // ................
	0x00, 0x00, 0x11, 0x03, 0x00, 0x00, 0xad, 0x00, 0x05, 0x00, 0x5f, 0x00, 0x00, 0x00, 0xfe, 0x04, // .........._.....
	0x00, 0x00, 0xfc, 0x04, 0x00, 0x00, 0x9a, 0x00, 0x00, 0x00, 0xa9, 0x00, 0x06, 0x00, 0x11, 0x00, // ................
	0x00, 0x00, 0x92, 0x06, 0x00, 0x00, 0xfe, 0x04, 0x00, 0x00, 0x9a, 0x00, 0x00, 0x00, 0xfc, 0x04, // ................
	0x00, 0x00, 0xb1, 0x00, 0x05, 0x00, 0x5f, 0x00, 0x00, 0x00, 0x02, 0x05, 0x00, 0x00, 0x92, 0x06, // ......_.........
	0x00, 0x00, 0x57, 0x00, 0x00, 0x00, 0xa9, 0x00, 0x06, 0x00, 0x11, 0x00, 0x00, 0x00, 0x93, 0x06, // ..W.............
	0x00, 0x00, 0x02, 0x05, 0x00, 0x00, 0x57, 0x00, 0x00, 0x00, 0x92, 0x06, 0x00, 0x00, 0x41, 0x00, // ......W.......A.
	0x05, 0x00, 0x07, 0x00, 0x00, 0x00, 0x07, 0x05, 0x00, 0x00, 0x8e, 0x04, 0x00, 0x00, 0x93, 0x06, // ................
	0x00, 0x00, 0x3d, 0x00, 0x04, 0x00, 0x06, 0x00, 0x00, 0x00, 0x08, 0x05, 0x00, 0x00, 0x07, 0x05, // ..=.............
	0x00, 0x00, 0xbe, 0x00, 0x05, 0x00, 0x5f, 0x00, 0x00, 0x00, 0x09, 0x05, 0x00, 0x00, 0x16, 0x03, // ......_.........
	0x00, 0x00, 0x08, 0x05, 0x00, 0x00, 0xf7, 0x00, 0x03, 0x00, 0x0c, 0x05, 0x00, 0x00, 0x00, 0x00, // ................
	0x00, 0x00, 0xfa, 0x00, 0x04, 0x00, 0x09, 0x05, 0x00, 0x00, 0x0a, 0x05, 0x00, 0x00, 0x0c, 0x05, // ................
	0x00, 0x00, 0xf8, 0x00, 0x02, 0x00, 0x0a, 0x05, 0x00, 0x00, 0xf9, 0x00, 0x02, 0x00, 0x2c, 0x05, // ..............,.
	0x00, 0x00, 0xf8, 0x00, 0x02, 0x00, 0x0c, 0x05, 0x00, 0x00, 0x41, 0x00, 0x05, 0x00, 0x07, 0x00, // ..........A.....
	0x00, 0x00, 0x0f, 0x05, 0x00, 0x00, 0x8e, 0x04, 0x00, 0x00, 0x11, 0x03, 0x00, 0x00, 0x3d, 0x00, // ..............=.
	0x04, 0x00, 0x06, 0x00, 0x00, 0x00, 0x10, 0x05, 0x00, 0x00, 0x0f, 0x05, 0x00, 0x00, 0xbc, 0x00, // ................
	0x05, 0x00, 0x5f, 0x00, 0x00, 0x00, 0x11, 0x05, 0x00, 0x00, 0x16, 0x03, 0x00, 0x00, 0x10, 0x05, // .._.............
	0x00, 0x00, 0xf7, 0x00, 0x03, 0x00, 0x14, 0x05, 0x00, 0x00, 0x00, 0x00, 0x00, 0x00, 0xfa, 0x00, // ................
	0x04, 0x00, 0x11, 0x05, 0x00, 0x00, 0x12, 0x05, 0x00, 0x00, 0x14, 0x05, 0x00, 0x00, 0xf8, 0x00, // ................
	0x02, 0x00, 0x12, 0x05, 0x00, 0x00, 0xf9, 0x00, 0x02, 0x00, 0x2c, 0x05, 0x00, 0x00, 0xf8, 0x00, // ..........,.....
	0x02, 0x00, 0x14, 0x05, 0x00, 0x00, 0xf9, 0x00, 0x02, 0x00, 0x16, 0x05, 0x00, 0x00, 0xf8, 0x00, // ................
	0x02, 0x00, 0x16, 0x05, 0x00, 0x00, 0xf5, 0x00, 0x07, 0x00, 0x11, 0x00, 0x00, 0x00, 0x48, 0x06, // ..............H.
	0x00, 0x00, 0xf6, 0x04, 0x00, 0x00, 0x14, 0x05, 0x00, 0x00, 0x1e, 0x05, 0x00, 0x00, 0x25, 0x05, // ..............%.
	0x00, 0x00, 0xb1, 0x00, 0x05, 0x00, 0x5f, 0x00, 0x00, 0x00, 0x1a, 0x05, 0x00, 0x00, 0x48, 0x06, // ......_.......H.
	0x00, 0x00, 0xf9, 0x04, 0x00, 0x00, 0xf6, 0x00, 0x04, 0x00, 0x28, 0x05, 0x00, 0x00, 0x25, 0x05, // ..........(...%.
	0x00, 0x00, 0x00, 0x00, 0x00, 0x00, 0xfa, 0x00, 0x04, 0x00, 0x1a, 0x05, 0x00, 0x00, 0x1b, 0x05, // ................
	0x00, 0x00, 0x28, 0x05, 0x00, 0x00, 0xf8, 0x00, 0x02, 0x00, 0x1b, 0x05, 0x00, 0x00, 0x80, 0x00, // ..(.............
	0x05, 0x00, 0x11, 0x00, 0x00, 0x00, 0x1e, 0x05, 0x00, 0x00, 0x48, 0x06, 0x00, 0x00, 0x68, 0x00, // ..........H...h.
	0x00, 0x00, 0x41, 0x00, 0x05, 0x00, 0x07, 0x00, 0x00, 0x00, 0x1f, 0x05, 0x00, 0x00, 0x8e, 0x04, // ..A.............
	0x00, 0x00, 0x1e, 0x05, 0x00, 0x00, 0x3d, 0x00, 0x04, 0x00, 0x06, 0x00, 0x00, 0x00, 0x20, 0x05, // ......=....... .
	0x00, 0x00, 0x1f, 0x05, 0x00, 0x00, 0xb8, 0x00, 0x05, 0x00, 0x5f, 0x00, 0x00, 0x00, 0x21, 0x05, // .........._...!.
	0x00, 0x00, 0x16, 0x03, 0x00, 0x00, 0x20, 0x05, 0x00, 0x00, 0xf7, 0x00, 0x03, 0x00, 0x24, 0x05, // ...... .......$.
	0x00, 0x00, 0x00, 0x00, 0x00, 0x00, 0xfa, 0x00, 0x04, 0x00, 0x21, 0x05, 0x00, 0x00, 0x22, 0x05, // ..........!...".
	0x00, 0x00, 0x24, 0x05, 0x00, 0x00, 0xf8, 0x00, 0x02, 0x00, 0x22, 0x05, 0x00, 0x00, 0xf9, 0x00, // ..$.......".....
	0x02, 0x00, 0x28, 0x05, 0x00, 0x00, 0xf8, 0x00, 0x02, 0x00, 0x24, 0x05, 0x00, 0x00, 0xf9, 0x00, // ..(.......$.....
	0x02, 0x00, 0x25, 0x05, 0x00, 0x00, 0xf8, 0x00, 0x02, 0x00, 0x25, 0x05, 0x00, 0x00, 0xf9, 0x00, // ..%.......%.....
	0x02, 0x00, 0x16, 0x05, 0x00, 0x00, 0xf8, 0x00, 0x02, 0x00, 0x28, 0x05, 0x00, 0x00, 0xf5, 0x00, // ..........(.....
	0x07, 0x00, 0x11, 0x00, 0x00, 0x00, 0x4e, 0x06, 0x00, 0x00, 0x55, 0x06, 0x00, 0x00, 0x16, 0x05, // ......N...U.....
	0x00, 0x00, 0x48, 0x06, 0x00, 0x00, 0x22, 0x05, 0x00, 0x00, 0xf5, 0x00, 0x07, 0x00, 0x5f, 0x00, // ..H..."......._.
	0x00, 0x00, 0x49, 0x06, 0x00, 0x00, 0xc3, 0x02, 0x00, 0x00, 0x16, 0x05, 0x00, 0x00, 0xc6, 0x02, // ..I.............
	0x00, 0x00, 0x22, 0x05, 0x00, 0x00, 0xf7, 0x00, 0x03, 0x00, 0x2a, 0x05, 0x00, 0x00, 0x00, 0x00, // ..".......*.....
	0x00, 0x00, 0xfa, 0x00, 0x04, 0x00, 0x49, 0x06, 0x00, 0x00, 0x2c, 0x05, 0x00, 0x00, 0x2a, 0x05, // ......I...,...*.
	0x00, 0x00, 0xf8, 0x00, 0x02, 0x00, 0x2a, 0x05, 0x00, 0x00, 0xf9, 0x00, 0x02, 0x00, 0x2c, 0x05, // ......*.......,.
	0x00, 0x00, 0xf8, 0x00, 0x02, 0x00, 0x2c, 0x05, 0x00, 0x00, 0xf5, 0x00, 0x0b, 0x00, 0x11, 0x00, // ......,.........
	0x00, 0x00, 0x4d, 0x06, 0x00, 0x00, 0xf9, 0x04, 0x00, 0x00, 0x0a, 0x05, 0x00, 0x00, 0xf6, 0x04, // ..M.............
	0x00, 0x00, 0x12, 0x05, 0x00, 0x00, 0x4e, 0x06, 0x00, 0x00, 0x28, 0x05, 0x00, 0x00, 0xf9, 0x04, // ......N...(.....
	0x00, 0x00, 0x2a, 0x05, 0x00, 0x00, 0x0c, 0x00, 0x08, 0x00, 0x11, 0x00, 0x00, 0x00, 0xb8, 0x04, // ..*.............
	0x00, 0x00, 0x01, 0x00, 0x00, 0x00, 0x2d, 0x00, 0x00, 0x00, 0x4d, 0x06, 0x00, 0x00, 0x11, 0x03, // ......-...M.....
	0x00, 0x00, 0x91, 0x06, 0x00, 0x00, 0x3e, 0x00, 0x03, 0x00, 0x96, 0x04, 0x00, 0x00, 0x2e, 0x03, // ......>.........
	0x00, 0x00, 0x41, 0x00, 0x05, 0x00, 0x07, 0x00, 0x00, 0x00, 0x3a, 0x05, 0x00, 0x00, 0x9a, 0x04, // ..A.......:.....
	0x00, 0x00, 0x57, 0x00, 0x00, 0x00, 0x3e, 0x00, 0x03, 0x00, 0x3a, 0x05, 0x00, 0x00, 0x53, 0x00, // ..W...>...:...S.
	0x00, 0x00, 0xf9, 0x00, 0x02, 0x00, 0x3b, 0x05, 0x00, 0x00, 0xf8, 0x00, 0x02, 0x00, 0x3b, 0x05, // ......;.......;.
	0x00, 0x00, 0xf5, 0x00, 0x07, 0x00, 0x11, 0x00, 0x00, 0x00, 0x5c, 0x06, 0x00, 0x00, 0x68, 0x00, // ..............h.
	0x00, 0x00, 0x2c, 0x05, 0x00, 0x00, 0x86, 0x05, 0x00, 0x00, 0x84, 0x05, 0x00, 0x00, 0xb3, 0x00, // ..,.............
	0x05, 0x00, 0x5f, 0x00, 0x00, 0x00, 0x3f, 0x05, 0x00, 0x00, 0x5c, 0x06, 0x00, 0x00, 0x11, 0x03, // .._...?.........
	0x00, 0x00, 0xf6, 0x00, 0x04, 0x00, 0x87, 0x05, 0x00, 0x00, 0x84, 0x05, 0x00, 0x00, 0x00, 0x00, // ................
	0x00, 0x00, 0xfa, 0x00, 0x04, 0x00, 0x3f, 0x05, 0x00, 0x00, 0x40, 0x05, 0x00, 0x00, 0x87, 0x05, // ......?...@.....
	0x00, 0x00, 0xf8, 0x00, 0x02, 0x00, 0x40, 0x05, 0x00, 0x00, 0x80, 0x00, 0x05, 0x00, 0x11, 0x00, // ......@.........
	0x00, 0x00, 0x44, 0x05, 0x00, 0x00, 0xb8, 0x04, 0x00, 0x00, 0x68, 0x00, 0x00, 0x00, 0x82, 0x00, // ..D.......h.....
	0x05, 0x00, 0x11, 0x00, 0x00, 0x00, 0x46, 0x05, 0x00, 0x00, 0x44, 0x05, 0x00, 0x00, 0x5c, 0x06, // ......F...D.....
	0x00, 0x00, 0x41, 0x00, 0x05, 0x00, 0x07, 0x00, 0x00, 0x00, 0x47, 0x05, 0x00, 0x00, 0x96, 0x04, // ..A.......G.....
	0x00, 0x00, 0x46, 0x05, 0x00, 0x00, 0x3d, 0x00, 0x04, 0x00, 0x06, 0x00, 0x00, 0x00, 0x48, 0x05, // ..F...=.......H.
	0x00, 0x00, 0x47, 0x05, 0x00, 0x00, 0x83, 0x00, 0x05, 0x00, 0x06, 0x00, 0x00, 0x00, 0x49, 0x05, // ..G...........I.
	0x00, 0x00, 0x16, 0x03, 0x00, 0x00, 0x48, 0x05, 0x00, 0x00, 0x41, 0x00, 0x05, 0x00, 0x07, 0x00, // ......H...A.....
	0x00, 0x00, 0x4a, 0x05, 0x00, 0x00, 0x33, 0x05, 0x00, 0x00, 0x5c, 0x06, 0x00, 0x00, 0x3e, 0x00, // ..J...3.......>.
	0x03, 0x00, 0x4a, 0x05, 0x00, 0x00, 0x49, 0x05, 0x00, 0x00, 0x80, 0x00, 0x05, 0x00, 0x11, 0x00, // ..J...I.........
	0x00, 0x00, 0x4e, 0x05, 0x00, 0x00, 0xb8, 0x04, 0x00, 0x00, 0x5c, 0x06, 0x00, 0x00, 0x41, 0x00, // ..N...........A.
	0x05, 0x00, 0x07, 0x00, 0x00, 0x00, 0x4f, 0x05, 0x00, 0x00, 0x96, 0x04, 0x00, 0x00, 0x4e, 0x05, // ......O.......N.
	0x00, 0x00, 0x3d, 0x00, 0x04, 0x00, 0x06, 0x00, 0x00, 0x00, 0x50, 0x05, 0x00, 0x00, 0x4f, 0x05, // ..=.......P...O.
	0x00, 0x00, 0x83, 0x00, 0x05, 0x00, 0x06, 0x00, 0x00, 0x00, 0x52, 0x05, 0x00, 0x00, 0x50, 0x05, // ..........R...P.
	0x00, 0x00, 0x16, 0x03, 0x00, 0x00, 0x41, 0x00, 0x05, 0x00, 0x07, 0x00, 0x00, 0x00, 0x53, 0x05, // ......A.......S.
	0x00, 0x00, 0x34, 0x05, 0x00, 0x00, 0x5c, 0x06, 0x00, 0x00, 0x3e, 0x00, 0x03, 0x00, 0x53, 0x05, // ..4.......>...S.
	0x00, 0x00, 0x52, 0x05, 0x00, 0x00, 0xf9, 0x00, 0x02, 0x00, 0x54, 0x05, 0x00, 0x00, 0xf8, 0x00, // ..R.......T.....
	0x02, 0x00, 0x54, 0x05, 0x00, 0x00, 0xf5, 0x00, 0x07, 0x00, 0x06, 0x00, 0x00, 0x00, 0x64, 0x06, // ..T...........d.
	0x00, 0x00, 0xf6, 0x00, 0x00, 0x00, 0x40, 0x05, 0x00, 0x00, 0x7c, 0x05, 0x00, 0x00, 0x59, 0x05, // ......@...|...Y.
	0x00, 0x00, 0xf5, 0x00, 0x07, 0x00, 0x11, 0x00, 0x00, 0x00, 0x62, 0x06, 0x00, 0x00, 0x57, 0x00, // ..........b...W.
	0x00, 0x00, 0x40, 0x05, 0x00, 0x00, 0x5b, 0x05, 0x00, 0x00, 0x59, 0x05, 0x00, 0x00, 0xb1, 0x00, // ..@...[...Y.....
	0x05, 0x00, 0x5f, 0x00, 0x00, 0x00, 0x58, 0x05, 0x00, 0x00, 0x62, 0x06, 0x00, 0x00, 0x5c, 0x06, // .._...X...b.....
	0x00, 0x00, 0xf6, 0x00, 0x04, 0x00, 0x80, 0x05, 0x00, 0x00, 0x59, 0x05, 0x00, 0x00, 0x00, 0x00, // ..........Y.....
	0x00, 0x00, 0xfa, 0x00, 0x04, 0x00, 0x58, 0x05, 0x00, 0x00, 0x59, 0x05, 0x00, 0x00, 0x80, 0x05, // ......X...Y.....
	0x00, 0x00, 0xf8, 0x00, 0x02, 0x00, 0x59, 0x05, 0x00, 0x00, 0x80, 0x00, 0x05, 0x00, 0x11, 0x00, // ......Y.........
	0x00, 0x00, 0x5b, 0x05, 0x00, 0x00, 0x62, 0x06, 0x00, 0x00, 0x68, 0x00, 0x00, 0x00, 0x41, 0x00, // ..[...b...h...A.
	0x05, 0x00, 0x07, 0x00, 0x00, 0x00, 0x5c, 0x05, 0x00, 0x00, 0x34, 0x05, 0x00, 0x00, 0x5b, 0x05, // ..........4...[.
	0x00, 0x00, 0x3d, 0x00, 0x04, 0x00, 0x06, 0x00, 0x00, 0x00, 0x5d, 0x05, 0x00, 0x00, 0x5c, 0x05, // ..=.......].....
	0x00, 0x00, 0x82, 0x00, 0x05, 0x00, 0x11, 0x00, 0x00, 0x00, 0x60, 0x05, 0x00, 0x00, 0x5c, 0x06, // ..........`.....
	0x00, 0x00, 0x62, 0x06, 0x00, 0x00, 0x41, 0x00, 0x05, 0x00, 0x07, 0x00, 0x00, 0x00, 0x61, 0x05, // ..b...A.......a.
	0x00, 0x00, 0x33, 0x05, 0x00, 0x00, 0x60, 0x05, 0x00, 0x00, 0x3d, 0x00, 0x04, 0x00, 0x06, 0x00, // ..3...`...=.....
	0x00, 0x00, 0x62, 0x05, 0x00, 0x00, 0x61, 0x05, 0x00, 0x00, 0x81, 0x00, 0x05, 0x00, 0x06, 0x00, // ..b...a.........
	0x00, 0x00, 0x63, 0x05, 0x00, 0x00, 0x5d, 0x05, 0x00, 0x00, 0x62, 0x05, 0x00, 0x00, 0xb7, 0x00, // ..c...]...b.....
	0x05, 0x00, 0x5f, 0x00, 0x00, 0x00, 0x65, 0x05, 0x00, 0x00, 0x63, 0x05, 0x00, 0x00, 0xf6, 0x00, // .._...e...c.....
	0x00, 0x00, 0x41, 0x00, 0x05, 0x00, 0x07, 0x00, 0x00, 0x00, 0x67, 0x05, 0x00, 0x00, 0x9a, 0x04, // ..A.......g.....
	0x00, 0x00, 0x62, 0x06, 0x00, 0x00, 0x3d, 0x00, 0x04, 0x00, 0x06, 0x00, 0x00, 0x00, 0x68, 0x05, // ..b...=.......h.
	0x00, 0x00, 0x67, 0x05, 0x00, 0x00, 0x88, 0x00, 0x05, 0x00, 0x06, 0x00, 0x00, 0x00, 0x6a, 0x05, // ..g...........j.
	0x00, 0x00, 0x68, 0x05, 0x00, 0x00, 0x63, 0x05, 0x00, 0x00, 0xa9, 0x00, 0x06, 0x00, 0x06, 0x00, // ..h...c.........
	0x00, 0x00, 0x6b, 0x05, 0x00, 0x00, 0x65, 0x05, 0x00, 0x00, 0x6a, 0x05, 0x00, 0x00, 0xf6, 0x00, // ..k...e...j.....
	0x00, 0x00, 0x3d, 0x00, 0x04, 0x00, 0x06, 0x00, 0x00, 0x00, 0x71, 0x05, 0x00, 0x00, 0x5c, 0x05, // ..=.......q.....
	0x00, 0x00, 0x85, 0x00, 0x05, 0x00, 0x06, 0x00, 0x00, 0x00, 0x73, 0x05, 0x00, 0x00, 0x71, 0x05, // ..........s...q.
	0x00, 0x00, 0x6b, 0x05, 0x00, 0x00, 0x81, 0x00, 0x05, 0x00, 0x06, 0x00, 0x00, 0x00, 0x74, 0x05, // ..k...........t.
	0x00, 0x00, 0x64, 0x06, 0x00, 0x00, 0x73, 0x05, 0x00, 0x00, 0x3e, 0x00, 0x03, 0x00, 0x67, 0x05, // ..d...s...>...g.
	0x00, 0x00, 0x74, 0x05, 0x00, 0x00, 0x3d, 0x00, 0x04, 0x00, 0x06, 0x00, 0x00, 0x00, 0x7a, 0x05, // ..t...=.......z.
	0x00, 0x00, 0x61, 0x05, 0x00, 0x00, 0x85, 0x00, 0x05, 0x00, 0x06, 0x00, 0x00, 0x00, 0x7c, 0x05, // ..a...........|.
	0x00, 0x00, 0x7a, 0x05, 0x00, 0x00, 0x6b, 0x05, 0x00, 0x00, 0xf9, 0x00, 0x02, 0x00, 0x54, 0x05, // ..z...k.......T.
	0x00, 0x00, 0xf8, 0x00, 0x02, 0x00, 0x80, 0x05, 0x00, 0x00, 0x41, 0x00, 0x05, 0x00, 0x07, 0x00, // ..........A.....
	0x00, 0x00, 0x83, 0x05, 0x00, 0x00, 0x9a, 0x04, 0x00, 0x00, 0x5c, 0x06, 0x00, 0x00, 0x3e, 0x00, // ..............>.
	0x03, 0x00, 0x83, 0x05, 0x00, 0x00, 0x64, 0x06, 0x00, 0x00, 0xf9, 0x00, 0x02, 0x00, 0x84, 0x05, // ......d.........
	0x00, 0x00, 0xf8, 0x00, 0x02, 0x00, 0x84, 0x05, 0x00, 0x00, 0x80, 0x00, 0x05, 0x00, 0x11, 0x00, // ................
	0x00, 0x00, 0x86, 0x05, 0x00, 0x00, 0x5c, 0x06, 0x00, 0x00, 0x68, 0x00, 0x00, 0x00, 0xf9, 0x00, // ..........h.....
	0x02, 0x00, 0x3b, 0x05, 0x00, 0x00, 0xf8, 0x00, 0x02, 0x00, 0x87, 0x05, 0x00, 0x00, 0x3d, 0x00, // ..;...........=.
	0x04, 0x00, 0x19, 0x00, 0x00, 0x00, 0xbf, 0x04, 0x00, 0x00, 0x9a, 0x04, 0x00, 0x00, 0x3e, 0x00, // ..............>.
	0x03, 0x00, 0x95, 0x04, 0x00, 0x00, 0xbf, 0x04, 0x00, 0x00, 0xf9, 0x00, 0x02, 0x00, 0xc0, 0x04, // ................
	0x00, 0x00, 0xf8, 0x00, 0x02, 0x00, 0xc0, 0x04, 0x00, 0x00, 0xf5, 0x00, 0x07, 0x00, 0x08, 0x00, // ................
	0x00, 0x00, 0x60, 0x06, 0x00, 0x00, 0x43, 0x06, 0x00, 0x00, 0x87, 0x05, 0x00, 0x00, 0xd8, 0x04, // ..`...C.........
	0x00, 0x00, 0xc5, 0x04, 0x00, 0x00, 0xf5, 0x00, 0x07, 0x00, 0x06, 0x00, 0x00, 0x00, 0x5e, 0x06, // ..............^.
	0x00, 0x00, 0xf6, 0x00, 0x00, 0x00, 0x87, 0x05, 0x00, 0x00, 0xdb, 0x04, 0x00, 0x00, 0xc5, 0x04, // ................
	0x00, 0x00, 0xf5, 0x00, 0x07, 0x00, 0x11, 0x00, 0x00, 0x00, 0x5d, 0x06, 0x00, 0x00, 0x57, 0x00, // ..........]...W.
	0x00, 0x00, 0x87, 0x05, 0x00, 0x00, 0xde, 0x04, 0x00, 0x00, 0xc5, 0x04, 0x00, 0x00, 0xb3, 0x00, // ................
	0x05, 0x00, 0x5f, 0x00, 0x00, 0x00, 0xc4, 0x04, 0x00, 0x00, 0x5d, 0x06, 0x00, 0x00, 0x11, 0x03, // .._.......].....
	0x00, 0x00, 0xf6, 0x00, 0x04, 0x00, 0xdf, 0x04, 0x00, 0x00, 0xc5, 0x04, 0x00, 0x00, 0x00, 0x00, // ................
	0x00, 0x00, 0xfa, 0x00, 0x04, 0x00, 0xc4, 0x04, 0x00, 0x00, 0xc5, 0x04, 0x00, 0x00, 0xdf, 0x04, // ................
	0x00, 0x00, 0xf8, 0x00, 0x02, 0x00, 0xc5, 0x04, 0x00, 0x00, 0x82, 0x00, 0x05, 0x00, 0x11, 0x00, // ................
	0x00, 0x00, 0xc8, 0x04, 0x00, 0x00, 0xb8, 0x04, 0x00, 0x00, 0x11, 0x03, 0x00, 0x00, 0x80, 0x00, // ................
	0x05, 0x00, 0x11, 0x00, 0x00, 0x00, 0xca, 0x04, 0x00, 0x00, 0xc8, 0x04, 0x00, 0x00, 0x5d, 0x06, // ..............].
	0x00, 0x00, 0x41, 0x00, 0x05, 0x00, 0x07, 0x00, 0x00, 0x00, 0xcc, 0x04, 0x00, 0x00, 0x95, 0x04, // ..A.............
	0x00, 0x00, 0x5d, 0x06, 0x00, 0x00, 0x3d, 0x00, 0x04, 0x00, 0x06, 0x00, 0x00, 0x00, 0xcd, 0x04, // ..]...=.........
	0x00, 0x00, 0xcc, 0x04, 0x00, 0x00, 0x41, 0x00, 0x05, 0x00, 0x07, 0x00, 0x00, 0x00, 0xcf, 0x04, // ......A.........
	0x00, 0x00, 0xde, 0x02, 0x00, 0x00, 0xca, 0x04, 0x00, 0x00, 0x3d, 0x00, 0x04, 0x00, 0x06, 0x00, // ..........=.....
	0x00, 0x00, 0xd0, 0x04, 0x00, 0x00, 0xcf, 0x04, 0x00, 0x00, 0x85, 0x00, 0x05, 0x00, 0x06, 0x00, // ................
	0x00, 0x00, 0xd1, 0x04, 0x00, 0x00, 0xcd, 0x04, 0x00, 0x00, 0xd0, 0x04, 0x00, 0x00, 0x41, 0x00, // ..............A.
	0x05, 0x00, 0x3b, 0x00, 0x00, 0x00, 0xd4, 0x04, 0x00, 0x00, 0xdc, 0x02, 0x00, 0x00, 0xca, 0x04, // ..;.............
	0x00, 0x00, 0x3d, 0x00, 0x04, 0x00, 0x08, 0x00, 0x00, 0x00, 0xd5, 0x04, 0x00, 0x00, 0xd4, 0x04, // ..=.............
	0x00, 0x00, 0x8e, 0x00, 0x05, 0x00, 0x08, 0x00, 0x00, 0x00, 0xd6, 0x04, 0x00, 0x00, 0xd5, 0x04, // ................
	0x00, 0x00, 0xd1, 0x04, 0x00, 0x00, 0x81, 0x00, 0x05, 0x00, 0x08, 0x00, 0x00, 0x00, 0xd8, 0x04, // ................
	0x00, 0x00, 0x60, 0x06, 0x00, 0x00, 0xd6, 0x04, 0x00, 0x00, 0x81, 0x00, 0x05, 0x00, 0x06, 0x00, // ..`.............
	0x00, 0x00, 0xdb, 0x04, 0x00, 0x00, 0x5e, 0x06, 0x00, 0x00, 0xd1, 0x04, 0x00, 0x00, 0x80, 0x00, // ......^.........
	0x05, 0x00, 0x11, 0x00, 0x00, 0x00, 0xde, 0x04, 0x00, 0x00, 0x5d, 0x06, 0x00, 0x00, 0x68, 0x00, // ..........]...h.
	0x00, 0x00, 0xf9, 0x00, 0x02, 0x00, 0xc0, 0x04, 0x00, 0x00, 0xf8, 0x00, 0x02, 0x00, 0xdf, 0x04, // ................
	0x00, 0x00, 0xba, 0x00, 0x05, 0x00, 0x5f, 0x00, 0x00, 0x00, 0xe1, 0x04, 0x00, 0x00, 0x5e, 0x06, // ......_.......^.
	0x00, 0x00, 0xf6, 0x00, 0x00, 0x00, 0x50, 0x00, 0x06, 0x00, 0x08, 0x00, 0x00, 0x00, 0xe4, 0x04, // ......P.........
	0x00, 0x00, 0x5e, 0x06, 0x00, 0x00, 0x5e, 0x06, 0x00, 0x00, 0x5e, 0x06, 0x00, 0x00, 0x88, 0x00, // ..^...^...^.....
	0x05, 0x00, 0x08, 0x00, 0x00, 0x00, 0xe5, 0x04, 0x00, 0x00, 0x60, 0x06, 0x00, 0x00, 0xe4, 0x04, // ..........`.....
	0x00, 0x00, 0x50, 0x00, 0x06, 0x00, 0xcf, 0x01, 0x00, 0x00, 0xe7, 0x04, 0x00, 0x00, 0xe1, 0x04, // ..P.............
	0x00, 0x00, 0xe1, 0x04, 0x00, 0x00, 0xe1, 0x04, 0x00, 0x00, 0xa9, 0x00, 0x06, 0x00, 0x08, 0x00, // ................
	0x00, 0x00, 0xe8, 0x04, 0x00, 0x00, 0xe7, 0x04, 0x00, 0x00, 0xe5, 0x04, 0x00, 0x00, 0x43, 0x06, // ..............C.
	0x00, 0x00, 0xf9, 0x00, 0x02, 0x00, 0x43, 0x03, 0x00, 0x00, 0xf8, 0x00, 0x02, 0x00, 0x34, 0x03, // ......C.......4.
	0x00, 0x00, 0x41, 0x00, 0x05, 0x00, 0x3b, 0x00, 0x00, 0x00, 0x35, 0x03, 0x00, 0x00, 0xcb, 0x02, // ..A...;...5.....
	0x00, 0x00, 0x57, 0x00, 0x00, 0x00, 0x3d, 0x00, 0x04, 0x00, 0x08, 0x00, 0x00, 0x00, 0x36, 0x03, // ..W...=.......6.
	0x00, 0x00, 0x35, 0x03, 0x00, 0x00, 0x41, 0x00, 0x05, 0x00, 0x3b, 0x00, 0x00, 0x00, 0x37, 0x03, // ..5...A...;...7.
	0x00, 0x00, 0xcb, 0x02, 0x00, 0x00, 0x68, 0x00, 0x00, 0x00, 0x3d, 0x00, 0x04, 0x00, 0x08, 0x00, // ......h...=.....
	0x00, 0x00, 0x38, 0x03, 0x00, 0x00, 0x37, 0x03, 0x00, 0x00, 0x41, 0x00, 0x05, 0x00, 0x3b, 0x00, // ..8...7...A...;.
	0x00, 0x00, 0x39, 0x03, 0x00, 0x00, 0xcb, 0x02, 0x00, 0x00, 0xed, 0x01, 0x00, 0x00, 0x3d, 0x00, // ..9...........=.
	0x04, 0x00, 0x08, 0x00, 0x00, 0x00, 0x3a, 0x03, 0x00, 0x00, 0x39, 0x03, 0x00, 0x00, 0x41, 0x00, // ......:...9...A.
	0x06, 0x00, 0x0b, 0x02, 0x00, 0x00, 0x3b, 0x03, 0x00, 0x00, 0xff, 0x01, 0x00, 0x00, 0x64, 0x02, // ......;.......d.
	0x00, 0x00, 0x22, 0x02, 0x00, 0x00, 0x3d, 0x00, 0x04, 0x00, 0x06, 0x00, 0x00, 0x00, 0x3c, 0x03, // .."...=.......<.
	0x00, 0x00, 0x3b, 0x03, 0x00, 0x00, 0x41, 0x00, 0x06, 0x00, 0x0b, 0x02, 0x00, 0x00, 0x3d, 0x03, // ..;...A.......=.
	0x00, 0x00, 0xff, 0x01, 0x00, 0x00, 0x64, 0x02, 0x00, 0x00, 0x27, 0x02, 0x00, 0x00, 0x3d, 0x00, // ......d...'...=.
	0x04, 0x00, 0x06, 0x00, 0x00, 0x00, 0x3e, 0x03, 0x00, 0x00, 0x3d, 0x03, 0x00, 0x00, 0x41, 0x00, // ......>...=...A.
	0x06, 0x00, 0x0b, 0x02, 0x00, 0x00, 0x3f, 0x03, 0x00, 0x00, 0xff, 0x01, 0x00, 0x00, 0x64, 0x02, // ......?.......d.
	0x00, 0x00, 0x2c, 0x02, 0x00, 0x00, 0x3d, 0x00, 0x04, 0x00, 0x06, 0x00, 0x00, 0x00, 0x40, 0x03, // ..,...=.......@.
	0x00, 0x00, 0x3f, 0x03, 0x00, 0x00, 0x85, 0x00, 0x05, 0x00, 0x06, 0x00, 0x00, 0x00, 0x92, 0x05, // ..?.............
	0x00, 0x00, 0x40, 0x03, 0x00, 0x00, 0x16, 0x03, 0x00, 0x00, 0x81, 0x00, 0x05, 0x00, 0x06, 0x00, // ..@.............
	0x00, 0x00, 0x93, 0x05, 0x00, 0x00, 0x3e, 0x03, 0x00, 0x00, 0x92, 0x05, 0x00, 0x00, 0x0c, 0x00, // ......>.........
	0x06, 0x00, 0x06, 0x00, 0x00, 0x00, 0x97, 0x05, 0x00, 0x00, 0x01, 0x00, 0x00, 0x00, 0x0e, 0x00, // ................
	0x00, 0x00, 0x93, 0x05, 0x00, 0x00, 0x0c, 0x00, 0x06, 0x00, 0x08, 0x00, 0x00, 0x00, 0x99, 0x05, // ................
	0x00, 0x00, 0x01, 0x00, 0x00, 0x00, 0x45, 0x00, 0x00, 0x00, 0x38, 0x03, 0x00, 0x00, 0x8e, 0x00, // ......E...8.....
	0x05, 0x00, 0x08, 0x00, 0x00, 0x00, 0x9a, 0x05, 0x00, 0x00, 0x99, 0x05, 0x00, 0x00, 0x97, 0x05, // ................
	0x00, 0x00, 0x0c, 0x00, 0x06, 0x00, 0x06, 0x00, 0x00, 0x00, 0x9c, 0x05, 0x00, 0x00, 0x01, 0x00, // ................
	0x00, 0x00, 0x0d, 0x00, 0x00, 0x00, 0x93, 0x05, 0x00, 0x00, 0x0c, 0x00, 0x06, 0x00, 0x08, 0x00, // ................
	0x00, 0x00, 0x9e, 0x05, 0x00, 0x00, 0x01, 0x00, 0x00, 0x00, 0x45, 0x00, 0x00, 0x00, 0x3a, 0x03, // ..........E...:.
	0x00, 0x00, 0x8e, 0x00, 0x05, 0x00, 0x08, 0x00, 0x00, 0x00, 0x9f, 0x05, 0x00, 0x00, 0x9e, 0x05, // ................
	0x00, 0x00, 0x9c, 0x05, 0x00, 0x00, 0x81, 0x00, 0x05, 0x00, 0x08, 0x00, 0x00, 0x00, 0xa0, 0x05, // ................
	0x00, 0x00, 0x9a, 0x05, 0x00, 0x00, 0x9f, 0x05, 0x00, 0x00, 0x8e, 0x00, 0x05, 0x00, 0x08, 0x00, // ................
	0x00, 0x00, 0xa1, 0x05, 0x00, 0x00, 0xa0, 0x05, 0x00, 0x00, 0x3c, 0x03, 0x00, 0x00, 0x81, 0x00, // ..........<.....
	0x05, 0x00, 0x08, 0x00, 0x00, 0x00, 0xa2, 0x05, 0x00, 0x00, 0x36, 0x03, 0x00, 0x00, 0xa1, 0x05, // ..........6.....
	0x00, 0x00, 0xf9, 0x00, 0x02, 0x00, 0x43, 0x03, 0x00, 0x00, 0xf8, 0x00, 0x02, 0x00, 0x43, 0x03, // ......C.......C.
	0x00, 0x00, 0xf5, 0x00, 0x07, 0x00, 0x08, 0x00, 0x00, 0x00, 0x86, 0x06, 0x00, 0x00, 0xe8, 0x04, // ................
	0x00, 0x00, 0xdf, 0x04, 0x00, 0x00, 0xa2, 0x05, 0x00, 0x00, 0x34, 0x03, 0x00, 0x00, 0xf9, 0x00, // ..........4.....
	0x02, 0x00, 0x44, 0x03, 0x00, 0x00, 0xf8, 0x00, 0x02, 0x00, 0x44, 0x03, 0x00, 0x00, 0xf5, 0x00, // ..D.......D.....
	0x07, 0x00, 0x08, 0x00, 0x00, 0x00, 0x85, 0x06, 0x00, 0x00, 0x7d, 0x06, 0x00, 0x00, 0xea, 0x03, // ..........}.....
	0x00, 0x00, 0x86, 0x06, 0x00, 0x00, 0x43, 0x03, 0x00, 0x00, 0xf9, 0x00, 0x02, 0x00, 0x45, 0x03, // ......C.......E.
	0x00, 0x00, 0xf8, 0x00, 0x02, 0x00, 0x45, 0x03, 0x00, 0x00, 0xf5, 0x00, 0x07, 0x00, 0x08, 0x00, // ......E.........
	0x00, 0x00, 0x84, 0x06, 0x00, 0x00, 0xa2, 0x03, 0x00, 0x00, 0xa0, 0x03, 0x00, 0x00, 0x85, 0x06, // ................
	0x00, 0x00, 0x44, 0x03, 0x00, 0x00, 0x51, 0x00, 0x05, 0x00, 0x06, 0x00, 0x00, 0x00, 0x47, 0x03, // ..D...Q.......G.
	0x00, 0x00, 0x84, 0x06, 0x00, 0x00, 0x00, 0x00, 0x00, 0x00, 0x51, 0x00, 0x05, 0x00, 0x06, 0x00, // ..........Q.....
	0x00, 0x00, 0x48, 0x03, 0x00, 0x00, 0x84, 0x06, 0x00, 0x00, 0x01, 0x00, 0x00, 0x00, 0x51, 0x00, // ..H...........Q.
	0x05, 0x00, 0x06, 0x00, 0x00, 0x00, 0x49, 0x03, 0x00, 0x00, 0x84, 0x06, 0x00, 0x00, 0x02, 0x00, // ......I.........
	0x00, 0x00, 0x50, 0x00, 0x07, 0x00, 0x48, 0x00, 0x00, 0x00, 0x4a, 0x03, 0x00, 0x00, 0x47, 0x03, // ..P...H...J...G.
	0x00, 0x00, 0x48, 0x03, 0x00, 0x00, 0x49, 0x03, 0x00, 0x00, 0x53, 0x00, 0x00, 0x00, 0x41, 0x00, // ..H...I...S...A.
	0x05, 0x00, 0x81, 0x02, 0x00, 0x00, 0x4b, 0x03, 0x00, 0x00, 0xff, 0x01, 0x00, 0x00, 0x57, 0x00, // ......K.......W.
	0x00, 0x00, 0x3d, 0x00, 0x04, 0x00, 0xf9, 0x01, 0x00, 0x00, 0x4c, 0x03, 0x00, 0x00, 0x4b, 0x03, // ..=.......L...K.
	0x00, 0x00, 0x90, 0x00, 0x05, 0x00, 0x48, 0x00, 0x00, 0x00, 0x4d, 0x03, 0x00, 0x00, 0x4a, 0x03, // ......H...M...J.
	0x00, 0x00, 0x4c, 0x03, 0x00, 0x00, 0x41, 0x00, 0x06, 0x00, 0x0b, 0x02, 0x00, 0x00, 0x4e, 0x03, // ..L...A.......N.
	0x00, 0x00, 0xff, 0x01, 0x00, 0x00, 0xed, 0x01, 0x00, 0x00, 0x22, 0x02, 0x00, 0x00, 0x3d, 0x00, // .........."...=.
	0x04, 0x00, 0x06, 0x00, 0x00, 0x00, 0x4f, 0x03, 0x00, 0x00, 0x4e, 0x03, 0x00, 0x00, 0x51, 0x00, // ......O...N...Q.
	0x05, 0x00, 0x06, 0x00, 0x00, 0x00, 0x51, 0x03, 0x00, 0x00, 0x4d, 0x03, 0x00, 0x00, 0x02, 0x00, // ......Q...M.....
	0x00, 0x00, 0x81, 0x00, 0x05, 0x00, 0x06, 0x00, 0x00, 0x00, 0x52, 0x03, 0x00, 0x00, 0x51, 0x03, // ..........R...Q.
	0x00, 0x00, 0x4f, 0x03, 0x00, 0x00, 0x52, 0x00, 0x06, 0x00, 0x48, 0x00, 0x00, 0x00, 0x41, 0x06, // ..O...R...H...A.
	0x00, 0x00, 0x52, 0x03, 0x00, 0x00, 0x4d, 0x03, 0x00, 0x00, 0x02, 0x00, 0x00, 0x00, 0x41, 0x00, // ..R...M.......A.
	0x05, 0x00, 0x02, 0x02, 0x00, 0x00, 0x54, 0x03, 0x00, 0x00, 0xff, 0x01, 0x00, 0x00, 0x8b, 0x02, // ......T.........
	0x00, 0x00, 0x3d, 0x00, 0x04, 0x00, 0x48, 0x00, 0x00, 0x00, 0x55, 0x03, 0x00, 0x00, 0x54, 0x03, // ..=...H...U...T.
	0x00, 0x00, 0x7f, 0x00, 0x04, 0x00, 0x06, 0x00, 0x00, 0x00, 0x59, 0x03, 0x00, 0x00, 0x52, 0x03, // ..........Y...R.
	0x00, 0x00, 0x41, 0x00, 0x05, 0x00, 0x81, 0x02, 0x00, 0x00, 0x5c, 0x03, 0x00, 0x00, 0xff, 0x01, // ..A.............
	0x00, 0x00, 0x68, 0x00, 0x00, 0x00, 0x3d, 0x00, 0x04, 0x00, 0xf9, 0x01, 0x00, 0x00, 0x5d, 0x03, // ..h...=.......].
	0x00, 0x00, 0x5c, 0x03, 0x00, 0x00, 0x90, 0x00, 0x05, 0x00, 0x48, 0x00, 0x00, 0x00, 0x5e, 0x03, // ..........H...^.
	0x00, 0x00, 0x41, 0x06, 0x00, 0x00, 0x5d, 0x03, 0x00, 0x00, 0x3e, 0x00, 0x03, 0x00, 0xa4, 0x02, // ..A...]...>.....
	0x00, 0x00, 0x5e, 0x03, 0x00, 0x00, 0x3e, 0x00, 0x03, 0x00, 0xa7, 0x02, 0x00, 0x00, 0x55, 0x03, // ..^...>.......U.
	0x00, 0x00, 0x3e, 0x00, 0x03, 0x00, 0xab, 0x02, 0x00, 0x00, 0x59, 0x03, 0x00, 0x00, 0xfd, 0x00, // ..>.......Y.....
	0x01, 0x00, 0x38, 0x00, 0x01, 0x00, 0x00, 0x01, 0x01, 0x00, 0x00, 0x02,                         // ..8.........
};

static const uint8_t vs_curve_dx11[10640] =
{
	0x56, 0x53, 0x48, 0x0b, 0x00, 0x00, 0x00, 0x00, 0x16, 0x75, 0x06, 0xff, 0x08, 0x00, 0x05, 0x75, // VSH......u.....u
	0x56, 0x69, 0x65, 0x77, 0x04, 0x00, 0x00, 0x00, 0x04, 0x00, 0x00, 0x00, 0x00, 0x00, 0x0a, 0x70, // View...........p
	0x72, 0x6f, 0x6a, 0x65, 0x63, 0x74, 0x69, 0x6f, 0x6e, 0x04, 0x00, 0x40, 0x00, 0x04, 0x00, 0x00, // rojection..@....
	0x00, 0x00, 0x00, 0x0c, 0x75, 0x4c, 0x61, 0x79, 0x65, 0x72, 0x4f, 0x66, 0x66, 0x73, 0x65, 0x74, // ....uLayerOffset
	0x02, 0x00, 0x80, 0x00, 0x01, 0x00, 0x00, 0x00, 0x00, 0x00, 0x08, 0x75, 0x43, 0x75, 0x72, 0x76, // ...........uCurv
	0x65, 0x43, 0x50, 0x02, 0x10, 0x90, 0x00, 0x10, 0x00, 0x00, 0x00, 0x00, 0x00, 0x0a, 0x75, 0x43, // eCP...........uC
	0x75, 0x72, 0x76, 0x65, 0x4b, 0x6e, 0x6f, 0x74, 0x02, 0x04, 0x90, 0x01, 0x04, 0x00, 0x00, 0x00, // urveKnot........
	0x00, 0x00, 0x0c, 0x75, 0x43, 0x75, 0x72, 0x76, 0x65, 0x50, 0x61, 0x72, 0x61, 0x6d, 0x73, 0x02, // ...uCurveParams.
	0x00, 0xd0, 0x01, 0x01, 0x00, 0x00, 0x00, 0x00, 0x00, 0x0b, 0x75, 0x43, 0x75, 0x72, 0x76, 0x65, // ..........uCurve
	0x43, 0x6f, 0x6c, 0x6f, 0x72, 0x02, 0x00, 0xe0, 0x01, 0x01, 0x00, 0x00, 0x00, 0x00, 0x00, 0x04, // Color...........
	0x75, 0x41, 0x72, 0x63, 0x02, 0x00, 0xf0, 0x01, 0x01, 0x00, 0x00, 0x00, 0x00, 0x00, 0xd8, 0x28, // uArc...........(
	0x00, 0x00, 0x44, 0x58, 0x42, 0x43, 0xce, 0xcb, 0x3e, 0x96, 0x1d, 0x56, 0x53, 0xab, 0x56, 0x1b, // ..DXBC..>..VS.V.
	0x6c, 0xbb, 0x0d, 0x9f, 0x89, 0x8b, 0x01, 0x00, 0x00, 0x00, 0xd8, 0x28, 0x00, 0x00, 0x03, 0x00, // l..........(....
	0x00, 0x00, 0x2c, 0x00, 0x00, 0x00, 0x60, 0x00, 0x00, 0x00, 0xd4, 0x00, 0x00, 0x00, 0x49, 0x53, // ..,...`.......IS
	0x47, 0x4e, 0x2c, 0x00, 0x00, 0x00, 0x01, 0x00, 0x00, 0x00, 0x08, 0x00, 0x00, 0x00, 0x20, 0x00, // GN,........... .
	0x00, 0x00, 0x00, 0x00, 0x00, 0x00, 0x00, 0x00, 0x00, 0x00, 0x03, 0x00, 0x00, 0x00, 0x00, 0x00, // ................
	0x00, 0x00, 0x03, 0x01, 0x00, 0x00, 0x50, 0x4f, 0x53, 0x49, 0x54, 0x49, 0x4f, 0x4e, 0x00, 0xab, // ......POSITION..
	0xab, 0xab, 0x4f, 0x53, 0x47, 0x4e, 0x6c, 0x00, 0x00, 0x00, 0x03, 0x00, 0x00, 0x00, 0x08, 0x00, // ..OSGNl.........
	0x00, 0x00, 0x50, 0x00, 0x00, 0x00, 0x00, 0x00, 0x00, 0x00, 0x01, 0x00, 0x00, 0x00, 0x03, 0x00, // ..P.............
	0x00, 0x00, 0x00, 0x00, 0x00, 0x00, 0x0f, 0x00, 0x00, 0x00, 0x5c, 0x00, 0x00, 0x00, 0x00, 0x00, // ................
	0x00, 0x00, 0x00, 0x00, 0x00, 0x00, 0x03, 0x00, 0x00, 0x00, 0x01, 0x00, 0x00, 0x00, 0x0f, 0x00, // ................
	0x00, 0x00, 0x62, 0x00, 0x00, 0x00, 0x00, 0x00, 0x00, 0x00, 0x00, 0x00, 0x00, 0x00, 0x03, 0x00, // ..b.............
	0x00, 0x00, 0x02, 0x00, 0x00, 0x00, 0x01, 0x0e, 0x00, 0x00, 0x53, 0x56, 0x5f, 0x50, 0x4f, 0x53, // ..........SV_POS
	0x49, 0x54, 0x49, 0x4f, 0x4e, 0x00, 0x43, 0x4f, 0x4c, 0x4f, 0x52, 0x00, 0x54, 0x45, 0x58, 0x43, // ITION.COLOR.TEXC
	0x4f, 0x4f, 0x52, 0x44, 0x00, 0xab, 0x53, 0x48, 0x44, 0x52, 0xfc, 0x27, 0x00, 0x00, 0x40, 0x00, // OORD..SHDR.'..@.
	0x01, 0x00, 0xff, 0x09, 0x00, 0x00, 0x59, 0x08, 0x00, 0x04, 0x46, 0x8e, 0x20, 0x00, 0x00, 0x00, // ......Y...F. ...
	0x00, 0x00, 0x20, 0x00, 0x00, 0x00, 0x5f, 0x00, 0x00, 0x03, 0x12, 0x10, 0x10, 0x00, 0x00, 0x00, // .. ..._.........
	0x00, 0x00, 0x67, 0x00, 0x00, 0x04, 0xf2, 0x20, 0x10, 0x00, 0x00, 0x00, 0x00, 0x00, 0x01, 0x00, // ..g.... ........
	0x00, 0x00, 0x65, 0x00, 0x00, 0x03, 0xf2, 0x20, 0x10, 0x00, 0x01, 0x00, 0x00, 0x00, 0x65, 0x00, // ..e.... ......e.
	0x00, 0x03, 0x12, 0x20, 0x10, 0x00, 0x02, 0x00, 0x00, 0x00, 0x68, 0x00, 0x00, 0x02, 0x06, 0x00, // ... ......h.....
	0x00, 0x00, 0x69, 0x00, 0x00, 0x04, 0x00, 0x00, 0x00, 0x00, 0x10, 0x00, 0x00, 0x00, 0x04, 0x00, // ..i.............
	0x00, 0x00, 0x69, 0x00, 0x00, 0x04, 0x01, 0x00, 0x00, 0x00, 0x10, 0x00, 0x00, 0x00, 0x04, 0x00, // ..i.............
	0x00, 0x00, 0x69, 0x00, 0x00, 0x04, 0x02, 0x00, 0x00, 0x00, 0x10, 0x00, 0x00, 0x00, 0x04, 0x00, // ..i.............
	0x00, 0x00, 0x69, 0x00, 0x00, 0x04, 0x03, 0x00, 0x00, 0x00, 0x10, 0x00, 0x00, 0x00, 0x04, 0x00, // ..i.............
	0x00, 0x00, 0x69, 0x00, 0x00, 0x04, 0x04, 0x00, 0x00, 0x00, 0x10, 0x00, 0x00, 0x00, 0x04, 0x00, // ..i.............
	0x00, 0x00, 0x69, 0x00, 0x00, 0x04, 0x05, 0x00, 0x00, 0x00, 0x10, 0x00, 0x00, 0x00, 0x04, 0x00, // ..i.............
	0x00, 0x00, 0x69, 0x00, 0x00, 0x04, 0x06, 0x00, 0x00, 0x00, 0x10, 0x00, 0x00, 0x00, 0x04, 0x00, // ..i.............
	0x00, 0x00, 0x69, 0x00, 0x00, 0x04, 0x07, 0x00, 0x00, 0x00, 0x10, 0x00, 0x00, 0x00, 0x04, 0x00, // ..i.............
	0x00, 0x00, 0x69, 0x00, 0x00, 0x04, 0x08, 0x00, 0x00, 0x00, 0x10, 0x00, 0x00, 0x00, 0x04, 0x00, // ..i.............
	0x00, 0x00, 0x69, 0x00, 0x00, 0x04, 0x09, 0x00, 0x00, 0x00, 0x10, 0x00, 0x00, 0x00, 0x04, 0x00, // ..i.............
	0x00, 0x00, 0x69, 0x00, 0x00, 0x04, 0x0a, 0x00, 0x00, 0x00, 0x10, 0x00, 0x00, 0x00, 0x04, 0x00, // ..i.............
	0x00, 0x00, 0x69, 0x00, 0x00, 0x04, 0x0b, 0x00, 0x00, 0x00, 0x10, 0x00, 0x00, 0x00, 0x04, 0x00, // ..i.............
	0x00, 0x00, 0x69, 0x00, 0x00, 0x04, 0x0c, 0x00, 0x00, 0x00, 0x10, 0x00, 0x00, 0x00, 0x04, 0x00, // ..i.............
	0x00, 0x00, 0x69, 0x00, 0x00, 0x04, 0x0d, 0x00, 0x00, 0x00, 0x10, 0x00, 0x00, 0x00, 0x04, 0x00, // ..i.............
	0x00, 0x00, 0x1b, 0x00, 0x00, 0x06, 0x32, 0x00, 0x10, 0x00, 0x00, 0x00, 0x00, 0x00, 0x46, 0x80, // ......2.......F.
	0x20, 0x00, 0x00, 0x00, 0x00, 0x00, 0x1d, 0x00, 0x00, 0x00, 0x1f, 0x00, 0x00, 0x03, 0x0a, 0x00, //  ...............
	0x10, 0x00, 0x00, 0x00, 0x00, 0x00, 0x00, 0x00, 0x00, 0x08, 0x42, 0x00, 0x10, 0x00, 0x00, 0x00, // ..........B.....
	0x00, 0x00, 0x0a, 0x10, 0x10, 0x80, 0x41, 0x00, 0x00, 0x00, 0x00, 0x00, 0x00, 0x00, 0x01, 0x40, // ......A........@
	0x00, 0x00, 0x00, 0x00, 0x80, 0x3f, 0x36, 0x00, 0x00, 0x05, 0x82, 0x00, 0x10, 0x00, 0x00, 0x00, // .....?6.........
	0x00, 0x00, 0x01, 0x40, 0x00, 0x00, 0x00, 0x00, 0x00, 0x00, 0x30, 0x00, 0x00, 0x01, 0x22, 0x00, // ...@......0...".
	0x00, 0x07, 0x12, 0x00, 0x10, 0x00, 0x01, 0x00, 0x00, 0x00, 0x1a, 0x00, 0x10, 0x00, 0x00, 0x00, // ................
	0x00, 0x00, 0x3a, 0x00, 0x10, 0x00, 0x00, 0x00, 0x00, 0x00, 0x03, 0x00, 0x04, 0x03, 0x0a, 0x00, // ..:.............
	0x10, 0x00, 0x01, 0x00, 0x00, 0x00, 0x36, 0x00, 0x00, 0x0a, 0x72, 0x30, 0x20, 0x04, 0x00, 0x00, // ......6...r0 ...
	0x00, 0x00, 0x3a, 0x00, 0x10, 0x00, 0x00, 0x00, 0x00, 0x00, 0x46, 0x82, 0x20, 0x06, 0x00, 0x00, // ..:.......F. ...
	0x00, 0x00, 0x09, 0x00, 0x00, 0x00, 0x3a, 0x00, 0x10, 0x00, 0x00, 0x00, 0x00, 0x00, 0x1e, 0x00, // ......:.........
	0x00, 0x07, 0x82, 0x00, 0x10, 0x00, 0x00, 0x00, 0x00, 0x00, 0x3a, 0x00, 0x10, 0x00, 0x00, 0x00, // ..........:.....
	0x00, 0x00, 0x01, 0x40, 0x00, 0x00, 0x01, 0x00, 0x00, 0x00, 0x16, 0x00, 0x00, 0x01, 0x36, 0x00, // ...@..........6.
	0x00, 0x05, 0x82, 0x00, 0x10, 0x00, 0x00, 0x00, 0x00, 0x00, 0x01, 0x40, 0x00, 0x00, 0x01, 0x00, // ...........@....
	0x00, 0x00, 0x30, 0x00, 0x00, 0x01, 0x22, 0x00, 0x00, 0x07, 0x12, 0x00, 0x10, 0x00, 0x01, 0x00, // ..0...".........
	0x00, 0x00, 0x1a, 0x00, 0x10, 0x00, 0x00, 0x00, 0x00, 0x00, 0x3a, 0x00, 0x10, 0x00, 0x00, 0x00, // ..........:.....
	0x00, 0x00, 0x03, 0x00, 0x04, 0x03, 0x0a, 0x00, 0x10, 0x00, 0x01, 0x00, 0x00, 0x00, 0x1e, 0x00, // ................
	0x00, 0x08, 0x12, 0x00, 0x10, 0x00, 0x01, 0x00, 0x00, 0x00, 0x3a, 0x00, 0x10, 0x80, 0x41, 0x00, // ..........:...A.
	0x00, 0x00, 0x00, 0x00, 0x00, 0x00, 0x1a, 0x00, 0x10, 0x00, 0x00, 0x00, 0x00, 0x00, 0x36, 0x00, // ..............6.
	0x00, 0x05, 0x22, 0x00, 0x10, 0x00, 0x01, 0x00, 0x00, 0x00, 0x01, 0x40, 0x00, 0x00, 0x00, 0x00, // .."........@....
	0x00, 0x00, 0x30, 0x00, 0x00, 0x01, 0x22, 0x00, 0x00, 0x07, 0x42, 0x00, 0x10, 0x00, 0x01, 0x00, // ..0..."...B.....
	0x00, 0x00, 0x0a, 0x00, 0x10, 0x00, 0x01, 0x00, 0x00, 0x00, 0x1a, 0x00, 0x10, 0x00, 0x01, 0x00, // ................
	0x00, 0x00, 0x03, 0x00, 0x04, 0x03, 0x2a, 0x00, 0x10, 0x00, 0x01, 0x00, 0x00, 0x00, 0x36, 0x00, // ......*.......6.
	0x00, 0x07, 0x72, 0x00, 0x10, 0x00, 0x02, 0x00, 0x00, 0x00, 0x46, 0x32, 0x20, 0x04, 0x00, 0x00, // ..r.......F2 ...
	0x00, 0x00, 0x1a, 0x00, 0x10, 0x00, 0x01, 0x00, 0x00, 0x00, 0x1e, 0x00, 0x00, 0x07, 0x42, 0x00, // ..............B.
	0x10, 0x00, 0x01, 0x00, 0x00, 0x00, 0x1a, 0x00, 0x10, 0x00, 0x01, 0x00, 0x00, 0x00, 0x01, 0x40, // ...............@
	0x00, 0x00, 0x01, 0x00, 0x00, 0x00, 0x36, 0x00, 0x00, 0x07, 0x72, 0x00, 0x10, 0x00, 0x03, 0x00, // ......6...r.....
	0x00, 0x00, 0x46, 0x32, 0x20, 0x04, 0x00, 0x00, 0x00, 0x00, 0x2a, 0x00, 0x10, 0x00, 0x01, 0x00, // ..F2 .....*.....
	0x00, 0x00, 0x38, 0x00, 0x00, 0x07, 0x72, 0x00, 0x10, 0x00, 0x03, 0x00, 0x00, 0x00, 0x46, 0x02, // ..8...r.......F.
	0x10, 0x00, 0x03, 0x00, 0x00, 0x00, 0x06, 0x10, 0x10, 0x00, 0x00, 0x00, 0x00, 0x00, 0x32, 0x00, // ..............2.
	0x00, 0x09, 0x72, 0x00, 0x10, 0x00, 0x02, 0x00, 0x00, 0x00, 0xa6, 0x0a, 0x10, 0x00, 0x00, 0x00, // ..r.............
	0x00, 0x00, 0x46, 0x02, 0x10, 0x00, 0x02, 0x00, 0x00, 0x00, 0x46, 0x02, 0x10, 0x00, 0x03, 0x00, // ..F.......F.....
	0x00, 0x00, 0x36, 0x00, 0x00, 0x07, 0x72, 0x30, 0x20, 0x04, 0x00, 0x00, 0x00, 0x00, 0x1a, 0x00, // ..6...r0 .......
	0x10, 0x00, 0x01, 0x00, 0x00, 0x00, 0x46, 0x02, 0x10, 0x00, 0x02, 0x00, 0x00, 0x00, 0x36, 0x00, // ......F.......6.
	0x00, 0x05, 0x22, 0x00, 0x10, 0x00, 0x01, 0x00, 0x00, 0x00, 0x2a, 0x00, 0x10, 0x00, 0x01, 0x00, // ..".......*.....
	0x00, 0x00, 0x16, 0x00, 0x00, 0x01, 0x1e, 0x00, 0x00, 0x07, 0x82, 0x00, 0x10, 0x00, 0x00, 0x00, // ................
	0x00, 0x00, 0x3a, 0x00, 0x10, 0x00, 0x00, 0x00, 0x00, 0x00, 0x01, 0x40, 0x00, 0x00, 0x01, 0x00, // ..:........@....
	0x00, 0x00, 0x16, 0x00, 0x00, 0x01, 0x36, 0x00, 0x00, 0x06, 0x72, 0x00, 0x10, 0x00, 0x01, 0x00, // ......6...r.....
	0x00, 0x00, 0x46, 0x32, 0x20, 0x00, 0x00, 0x00, 0x00, 0x00, 0x00, 0x00, 0x00, 0x00, 0x12, 0x00, // ..F2 ...........
	0x00, 0x01, 0x1b, 0x00, 0x00, 0x06, 0x42, 0x00, 0x10, 0x00, 0x00, 0x00, 0x00, 0x00, 0x2a, 0x80, // ......B.......*.
	0x20, 0x00, 0x00, 0x00, 0x00, 0x00, 0x1d, 0x00, 0x00, 0x00, 0x20, 0x00, 0x00, 0x07, 0x82, 0x00, //  ......... .....
	0x10, 0x00, 0x00, 0x00, 0x00, 0x00, 0x0a, 0x00, 0x10, 0x00, 0x00, 0x00, 0x00, 0x00, 0x01, 0x40, // ...............@
	0x00, 0x00, 0x01, 0x00, 0x00, 0x00, 0x1f, 0x00, 0x04, 0x03, 0x3a, 0x00, 0x10, 0x00, 0x00, 0x00, // ..........:.....
	0x00, 0x00, 0x1e, 0x00, 0x00, 0x07, 0x82, 0x00, 0x10, 0x00, 0x00, 0x00, 0x00, 0x00, 0x2a, 0x00, // ..............*.
	0x10, 0x00, 0x00, 0x00, 0x00, 0x00, 0x01, 0x40, 0x00, 0x00, 0xff, 0xff, 0xff, 0xff, 0x1e, 0x00, // .......@........
	0x00, 0x08, 0x82, 0x00, 0x10, 0x00, 0x01, 0x00, 0x00, 0x00, 0x1a, 0x00, 0x10, 0x80, 0x41, 0x00, // ..............A.
	0x00, 0x00, 0x00, 0x00, 0x00, 0x00, 0x01, 0x40, 0x00, 0x00, 0x0f, 0x00, 0x00, 0x00, 0x25, 0x00, // .......@......%.
	0x00, 0x07, 0x82, 0x00, 0x10, 0x00, 0x01, 0x00, 0x00, 0x00, 0x3a, 0x00, 0x10, 0x00, 0x00, 0x00, // ..........:.....
	0x00, 0x00, 0x3a, 0x00, 0x10, 0x00, 0x01, 0x00, 0x00, 0x00, 0x24, 0x00, 0x00, 0x07, 0x82, 0x00, // ..:.......$.....
	0x10, 0x00, 0x01, 0x00, 0x00, 0x00, 0x1a, 0x00, 0x10, 0x00, 0x00, 0x00, 0x00, 0x00, 0x3a, 0x00, // ..............:.
	0x10, 0x00, 0x01, 0x00, 0x00, 0x00, 0x36, 0x00, 0x00, 0x07, 0x12, 0x30, 0x20, 0x00, 0x01, 0x00, // ......6....0 ...
	0x00, 0x00, 0x00, 0x00, 0x00, 0x00, 0x0a, 0x80, 0x20, 0x00, 0x00, 0x00, 0x00, 0x00, 0x19, 0x00, // ........ .......
	0x00, 0x00, 0x36, 0x00, 0x00, 0x07, 0x12, 0x30, 0x20, 0x00, 0x01, 0x00, 0x00, 0x00, 0x01, 0x00, // ..6....0 .......
	0x00, 0x00, 0x1a, 0x80, 0x20, 0x00, 0x00, 0x00, 0x00, 0x00, 0x19, 0x00, 0x00, 0x00, 0x36, 0x00, // .... .........6.
	0x00, 0x07, 0x12, 0x30, 0x20, 0x00, 0x01, 0x00, 0x00, 0x00, 0x02, 0x00, 0x00, 0x00, 0x2a, 0x80, // ...0 .........*.
	0x20, 0x00, 0x00, 0x00, 0x00, 0x00, 0x19, 0x00, 0x00, 0x00, 0x36, 0x00, 0x00, 0x07, 0x12, 0x30, //  .........6....0
	0x20, 0x00, 0x01, 0x00, 0x00, 0x00, 0x03, 0x00, 0x00, 0x00, 0x3a, 0x80, 0x20, 0x00, 0x00, 0x00, //  .........:. ...
	0x00, 0x00, 0x19, 0x00, 0x00, 0x00, 0x36, 0x00, 0x00, 0x07, 0x12, 0x30, 0x20, 0x00, 0x01, 0x00, // ......6....0 ...
	0x00, 0x00, 0x04, 0x00, 0x00, 0x00, 0x0a, 0x80, 0x20, 0x00, 0x00, 0x00, 0x00, 0x00, 0x1a, 0x00, // ........ .......
	0x00, 0x00, 0x36, 0x00, 0x00, 0x07, 0x12, 0x30, 0x20, 0x00, 0x01, 0x00, 0x00, 0x00, 0x05, 0x00, // ..6....0 .......
	0x00, 0x00, 0x1a, 0x80, 0x20, 0x00, 0x00, 0x00, 0x00, 0x00, 0x1a, 0x00, 0x00, 0x00, 0x36, 0x00, // .... .........6.
	0x00, 0x07, 0x12, 0x30, 0x20, 0x00, 0x01, 0x00, 0x00, 0x00, 0x06, 0x00, 0x00, 0x00, 0x2a, 0x80, // ...0 .........*.
	0x20, 0x00, 0x00, 0x00, 0x00, 0x00, 0x1a, 0x00, 0x00, 0x00, 0x36, 0x00, 0x00, 0x07, 0x12, 0x30, //  .........6....0
	0x20, 0x00, 0x01, 0x00, 0x00, 0x00, 0x07, 0x00, 0x00, 0x00, 0x3a, 0x80, 0x20, 0x00, 0x00, 0x00, //  .........:. ...
	0x00, 0x00, 0x1a, 0x00, 0x00, 0x00, 0x36, 0x00, 0x00, 0x07, 0x12, 0x30, 0x20, 0x00, 0x01, 0x00, // ......6....0 ...
	0x00, 0x00, 0x08, 0x00, 0x00, 0x00, 0x0a, 0x80, 0x20, 0x00, 0x00, 0x00, 0x00, 0x00, 0x1b, 0x00, // ........ .......
	0x00, 0x00, 0x36, 0x00, 0x00, 0x07, 0x12, 0x30, 0x20, 0x00, 0x01, 0x00, 0x00, 0x00, 0x09, 0x00, // ..6....0 .......
	0x00, 0x00, 0x1a, 0x80, 0x20, 0x00, 0x00, 0x00, 0x00, 0x00, 0x1b, 0x00, 0x00, 0x00, 0x36, 0x00, // .... .........6.
	0x00, 0x07, 0x12, 0x30, 0x20, 0x00, 0x01, 0x00, 0x00, 0x00, 0x0a, 0x00, 0x00, 0x00, 0x2a, 0x80, // ...0 .........*.
	0x20, 0x00, 0x00, 0x00, 0x00, 0x00, 0x1b, 0x00, 0x00, 0x00, 0x36, 0x00, 0x00, 0x07, 0x12, 0x30, //  .........6....0
	0x20, 0x00, 0x01, 0x00, 0x00, 0x00, 0x0b, 0x00, 0x00, 0x00, 0x3a, 0x80, 0x20, 0x00, 0x00, 0x00, //  .........:. ...
	0x00, 0x00, 0x1b, 0x00, 0x00, 0x00, 0x36, 0x00, 0x00, 0x07, 0x12, 0x30, 0x20, 0x00, 0x01, 0x00, // ......6....0 ...
	0x00, 0x00, 0x0c, 0x00, 0x00, 0x00, 0x0a, 0x80, 0x20, 0x00, 0x00, 0x00, 0x00, 0x00, 0x1c, 0x00, // ........ .......
	0x00, 0x00, 0x36, 0x00, 0x00, 0x07, 0x12, 0x30, 0x20, 0x00, 0x01, 0x00, 0x00, 0x00, 0x0d, 0x00, // ..6....0 .......
	0x00, 0x00, 0x1a, 0x80, 0x20, 0x00, 0x00, 0x00, 0x00, 0x00, 0x1c, 0x00, 0x00, 0x00, 0x36, 0x00, // .... .........6.
	0x00, 0x07, 0x12, 0x30, 0x20, 0x00, 0x01, 0x00, 0x00, 0x00, 0x0e, 0x00, 0x00, 0x00, 0x2a, 0x80, // ...0 .........*.
	0x20, 0x00, 0x00, 0x00, 0x00, 0x00, 0x1c, 0x00, 0x00, 0x00, 0x36, 0x00, 0x00, 0x07, 0x12, 0x30, //  .........6....0
	0x20, 0x00, 0x01, 0x00, 0x00, 0x00, 0x0f, 0x00, 0x00, 0x00, 0x3a, 0x80, 0x20, 0x00, 0x00, 0x00, //  .........:. ...
	0x00, 0x00, 0x1c, 0x00, 0x00, 0x00, 0x24, 0x00, 0x00, 0x07, 0x12, 0x00, 0x10, 0x00, 0x02, 0x00, // ......$.........
	0x00, 0x00, 0x1a, 0x00, 0x10, 0x00, 0x00, 0x00, 0x00, 0x00, 0x01, 0x40, 0x00, 0x00, 0x00, 0x00, // ...........@....
	0x00, 0x00, 0x25, 0x00, 0x00, 0x07, 0x12, 0x00, 0x10, 0x00, 0x02, 0x00, 0x00, 0x00, 0x0a, 0x00, // ..%.............
	0x10, 0x00, 0x02, 0x00, 0x00, 0x00, 0x01, 0x40, 0x00, 0x00, 0x0f, 0x00, 0x00, 0x00, 0x24, 0x00, // .......@......$.
	0x00, 0x07, 0x82, 0x00, 0x10, 0x00, 0x00, 0x00, 0x00, 0x00, 0x3a, 0x00, 0x10, 0x00, 0x00, 0x00, // ..........:.....
	0x00, 0x00, 0x0a, 0x00, 0x10, 0x00, 0x02, 0x00, 0x00, 0x00, 0x25, 0x00, 0x00, 0x07, 0x82, 0x00, // ..........%.....
	0x10, 0x00, 0x00, 0x00, 0x00, 0x00, 0x3a, 0x00, 0x10, 0x00, 0x00, 0x00, 0x00, 0x00, 0x01, 0x40, // ......:........@
	0x00, 0x00, 0x0f, 0x00, 0x00, 0x00, 0x1e, 0x00, 0x00, 0x07, 0x22, 0x00, 0x10, 0x00, 0x02, 0x00, // ..........".....
	0x00, 0x00, 0x1a, 0x00, 0x10, 0x00, 0x00, 0x00, 0x00, 0x00, 0x2a, 0x00, 0x10, 0x00, 0x00, 0x00, // ..........*.....
	0x00, 0x00, 0x25, 0x00, 0x00, 0x07, 0x22, 0x00, 0x10, 0x00, 0x02, 0x00, 0x00, 0x00, 0x1a, 0x00, // ..%...".........
	0x10, 0x00, 0x02, 0x00, 0x00, 0x00, 0x01, 0x40, 0x00, 0x00, 0x0f, 0x00, 0x00, 0x00, 0x24, 0x00, // .......@......$.
	0x00, 0x07, 0x22, 0x00, 0x10, 0x00, 0x02, 0x00, 0x00, 0x00, 0x1a, 0x00, 0x10, 0x00, 0x02, 0x00, // ..".............
	0x00, 0x00, 0x01, 0x40, 0x00, 0x00, 0x00, 0x00, 0x00, 0x00, 0x36, 0x00, 0x00, 0x07, 0x22, 0x00, // ...@......6...".
	0x10, 0x00, 0x02, 0x00, 0x00, 0x00, 0x0a, 0x30, 0x20, 0x04, 0x01, 0x00, 0x00, 0x00, 0x1a, 0x00, // .......0 .......
	0x10, 0x00, 0x02, 0x00, 0x00, 0x00, 0x31, 0x00, 0x00, 0x07, 0x22, 0x00, 0x10, 0x00, 0x02, 0x00, // ......1...".....
	0x00, 0x00, 0x0a, 0x10, 0x10, 0x00, 0x00, 0x00, 0x00, 0x00, 0x1a, 0x00, 0x10, 0x00, 0x02, 0x00, // ................
	0x00, 0x00, 0x1f, 0x00, 0x04, 0x03, 0x1a, 0x00, 0x10, 0x00, 0x02, 0x00, 0x00, 0x00, 0x36, 0x00, // ..............6.
	0x00, 0x07, 0x22, 0x00, 0x10, 0x00, 0x02, 0x00, 0x00, 0x00, 0x0a, 0x30, 0x20, 0x04, 0x01, 0x00, // .."........0 ...
	0x00, 0x00, 0x1a, 0x00, 0x10, 0x00, 0x00, 0x00, 0x00, 0x00, 0x1d, 0x00, 0x00, 0x07, 0x22, 0x00, // ..............".
	0x10, 0x00, 0x02, 0x00, 0x00, 0x00, 0x1a, 0x00, 0x10, 0x00, 0x02, 0x00, 0x00, 0x00, 0x0a, 0x10, // ................
	0x10, 0x00, 0x00, 0x00, 0x00, 0x00, 0x37, 0x00, 0x00, 0x09, 0x42, 0x00, 0x10, 0x00, 0x02, 0x00, // ......7...B.....
	0x00, 0x00, 0x1a, 0x00, 0x10, 0x00, 0x02, 0x00, 0x00, 0x00, 0x0a, 0x00, 0x10, 0x00, 0x02, 0x00, // ................
	0x00, 0x00, 0x3a, 0x00, 0x10, 0x00, 0x00, 0x00, 0x00, 0x00, 0x1f, 0x00, 0x00, 0x03, 0x1a, 0x00, // ..:.............
	0x10, 0x00, 0x02, 0x00, 0x00, 0x00, 0x36, 0x00, 0x00, 0x05, 0x82, 0x00, 0x10, 0x00, 0x02, 0x00, // ......6.........
	0x00, 0x00, 0x2a, 0x00, 0x10, 0x00, 0x02, 0x00, 0x00, 0x00, 0x36, 0x00, 0x00, 0x05, 0x22, 0x00, // ..*.......6...".
	0x10, 0x00, 0x02, 0x00, 0x00, 0x00, 0x0a, 0x00, 0x10, 0x00, 0x02, 0x00, 0x00, 0x00, 0x36, 0x00, // ..............6.
	0x00, 0x05, 0x12, 0x00, 0x10, 0x00, 0x03, 0x00, 0x00, 0x00, 0x01, 0x40, 0x00, 0x00, 0x00, 0x00, // ...........@....
	0x00, 0x00, 0x30, 0x00, 0x00, 0x01, 0x21, 0x00, 0x00, 0x07, 0x22, 0x00, 0x10, 0x00, 0x03, 0x00, // ..0...!...".....
	0x00, 0x00, 0x1a, 0x00, 0x10, 0x00, 0x02, 0x00, 0x00, 0x00, 0x3a, 0x00, 0x10, 0x00, 0x00, 0x00, // ..........:.....
	0x00, 0x00, 0x36, 0x00, 0x00, 0x05, 0x12, 0x00, 0x10, 0x00, 0x03, 0x00, 0x00, 0x00, 0x01, 0x40, // ..6............@
	0x00, 0x00, 0x00, 0x00, 0x00, 0x00, 0x03, 0x00, 0x04, 0x03, 0x1a, 0x00, 0x10, 0x00, 0x03, 0x00, // ................
	0x00, 0x00, 0x1e, 0x00, 0x00, 0x07, 0x22, 0x00, 0x10, 0x00, 0x03, 0x00, 0x00, 0x00, 0x1a, 0x00, // ......".........
	0x10, 0x00, 0x02, 0x00, 0x00, 0x00, 0x01, 0x40, 0x00, 0x00, 0x01, 0x00, 0x00, 0x00, 0x36, 0x00, // .......@......6.
	0x00, 0x07, 0x42, 0x00, 0x10, 0x00, 0x03, 0x00, 0x00, 0x00, 0x0a, 0x30, 0x20, 0x04, 0x01, 0x00, // ..B........0 ...
	0x00, 0x00, 0x1a, 0x00, 0x10, 0x00, 0x03, 0x00, 0x00, 0x00, 0x31, 0x00, 0x00, 0x07, 0x42, 0x00, // ..........1...B.
	0x10, 0x00, 0x03, 0x00, 0x00, 0x00, 0x0a, 0x10, 0x10, 0x00, 0x00, 0x00, 0x00, 0x00, 0x2a, 0x00, // ..............*.
	0x10, 0x00, 0x03, 0x00, 0x00, 0x00, 0x1f, 0x00, 0x04, 0x03, 0x2a, 0x00, 0x10, 0x00, 0x03, 0x00, // ..........*.....
	0x00, 0x00, 0x36, 0x00, 0x00, 0x05, 0x12, 0x00, 0x10, 0x00, 0x03, 0x00, 0x00, 0x00, 0x01, 0x40, // ..6............@
	0x00, 0x00, 0xff, 0xff, 0xff, 0xff, 0x36, 0x00, 0x00, 0x05, 0x82, 0x00, 0x10, 0x00, 0x02, 0x00, // ......6.........
	0x00, 0x00, 0x1a, 0x00, 0x10, 0x00, 0x02, 0x00, 0x00, 0x00, 0x02, 0x00, 0x00, 0x01, 0x15, 0x00, // ................
	0x00, 0x01, 0x36, 0x00, 0x00, 0x05, 0x22, 0x00, 0x10, 0x00, 0x02, 0x00, 0x00, 0x00, 0x1a, 0x00, // ..6...".........
	0x10, 0x00, 0x03, 0x00, 0x00, 0x00, 0x36, 0x00, 0x00, 0x05, 0x12, 0x00, 0x10, 0x00, 0x03, 0x00, // ......6.........
	0x00, 0x00, 0x2a, 0x00, 0x10, 0x00, 0x03, 0x00, 0x00, 0x00, 0x16, 0x00, 0x00, 0x01, 0x37, 0x00, // ..*...........7.
	0x00, 0x09, 0x82, 0x00, 0x10, 0x00, 0x00, 0x00, 0x00, 0x00, 0x0a, 0x00, 0x10, 0x00, 0x03, 0x00, // ................
	0x00, 0x00, 0x3a, 0x00, 0x10, 0x00, 0x02, 0x00, 0x00, 0x00, 0x3a, 0x00, 0x10, 0x00, 0x00, 0x00, // ..:.......:.....
	0x00, 0x00, 0x12, 0x00, 0x00, 0x01, 0x36, 0x00, 0x00, 0x05, 0x82, 0x00, 0x10, 0x00, 0x00, 0x00, // ......6.........
	0x00, 0x00, 0x2a, 0x00, 0x10, 0x00, 0x02, 0x00, 0x00, 0x00, 0x15, 0x00, 0x00, 0x01, 0x15, 0x00, // ..*.............
	0x00, 0x01, 0x24, 0x00, 0x00, 0x07, 0x82, 0x00, 0x10, 0x00, 0x00, 0x00, 0x00, 0x00, 0x1a, 0x00, // ..$.............
	0x10, 0x00, 0x00, 0x00, 0x00, 0x00, 0x3a, 0x00, 0x10, 0x00, 0x00, 0x00, 0x00, 0x00, 0x25, 0x00, // ......:.......%.
	0x00, 0x07, 0x82, 0x00, 0x10, 0x00, 0x00, 0x00, 0x00, 0x00, 0x3a, 0x00, 0x10, 0x00, 0x01, 0x00, // ..........:.....
	0x00, 0x00, 0x3a, 0x00, 0x10, 0x00, 0x00, 0x00, 0x00, 0x00, 0x36, 0x00, 0x00, 0x07, 0x12, 0x30, // ..:.......6....0
	0x20, 0x00, 0x03, 0x00, 0x00, 0x00, 0x00, 0x00, 0x00, 0x00, 0x0a, 0x80, 0x20, 0x00, 0x00, 0x00, //  ........... ...
	0x00, 0x00, 0x19, 0x00, 0x00, 0x00, 0x36, 0x00, 0x00, 0x07, 0x12, 0x30, 0x20, 0x00, 0x03, 0x00, // ......6....0 ...
	0x00, 0x00, 0x01, 0x00, 0x00, 0x00, 0x1a, 0x80, 0x20, 0x00, 0x00, 0x00, 0x00, 0x00, 0x19, 0x00, // ........ .......
	0x00, 0x00, 0x36, 0x00, 0x00, 0x07, 0x12, 0x30, 0x20, 0x00, 0x03, 0x00, 0x00, 0x00, 0x02, 0x00, // ..6....0 .......
	0x00, 0x00, 0x2a, 0x80, 0x20, 0x00, 0x00, 0x00, 0x00, 0x00, 0x19, 0x00, 0x00, 0x00, 0x36, 0x00, // ..*. .........6.
	0x00, 0x07, 0x12, 0x30, 0x20, 0x00, 0x03, 0x00, 0x00, 0x00, 0x03, 0x00, 0x00, 0x00, 0x3a, 0x80, // ...0 .........:.
	0x20, 0x00, 0x00, 0x00, 0x00, 0x00, 0x19, 0x00, 0x00, 0x00, 0x36, 0x00, 0x00, 0x07, 0x12, 0x30, //  .........6....0
	0x20, 0x00, 0x03, 0x00, 0x00, 0x00, 0x04, 0x00, 0x00, 0x00, 0x0a, 0x80, 0x20, 0x00, 0x00, 0x00, //  ........... ...
	0x00, 0x00, 0x1a, 0x00, 0x00, 0x00, 0x36, 0x00, 0x00, 0x07, 0x12, 0x30, 0x20, 0x00, 0x03, 0x00, // ......6....0 ...
	0x00, 0x00, 0x05, 0x00, 0x00, 0x00, 0x1a, 0x80, 0x20, 0x00, 0x00, 0x00, 0x00, 0x00, 0x1a, 0x00, // ........ .......
	0x00, 0x00, 0x36, 0x00, 0x00, 0x07, 0x12, 0x30, 0x20, 0x00, 0x03, 0x00, 0x00, 0x00, 0x06, 0x00, // ..6....0 .......
	0x00, 0x00, 0x2a, 0x80, 0x20, 0x00, 0x00, 0x00, 0x00, 0x00, 0x1a, 0x00, 0x00, 0x00, 0x36, 0x00, // ..*. .........6.
	0x00, 0x07, 0x12, 0x30, 0x20, 0x00, 0x03, 0x00, 0x00, 0x00, 0x07, 0x00, 0x00, 0x00, 0x3a, 0x80, // ...0 .........:.
	0x20, 0x00, 0x00, 0x00, 0x00, 0x00, 0x1a, 0x00, 0x00, 0x00, 0x36, 0x00, 0x00, 0x07, 0x12, 0x30, //  .........6....0
	0x20, 0x00, 0x03, 0x00, 0x00, 0x00, 0x08, 0x00, 0x00, 0x00, 0x0a, 0x80, 0x20, 0x00, 0x00, 0x00, //  ........... ...
	0x00, 0x00, 0x1b, 0x00, 0x00, 0x00, 0x36, 0x00, 0x00, 0x07, 0x12, 0x30, 0x20, 0x00, 0x03, 0x00, // ......6....0 ...
	0x00, 0x00, 0x09, 0x00, 0x00, 0x00, 0x1a, 0x80, 0x20, 0x00, 0x00, 0x00, 0x00, 0x00, 0x1b, 0x00, // ........ .......
	0x00, 0x00, 0x36, 0x00, 0x00, 0x07, 0x12, 0x30, 0x20, 0x00, 0x03, 0x00, 0x00, 0x00, 0x0a, 0x00, // ..6....0 .......
	0x00, 0x00, 0x2a, 0x80, 0x20, 0x00, 0x00, 0x00, 0x00, 0x00, 0x1b, 0x00, 0x00, 0x00, 0x36, 0x00, // ..*. .........6.
	0x00, 0x07, 0x12, 0x30, 0x20, 0x00, 0x03, 0x00, 0x00, 0x00, 0x0b, 0x00, 0x00, 0x00, 0x3a, 0x80, // ...0 .........:.
	0x20, 0x00, 0x00, 0x00, 0x00, 0x00, 0x1b, 0x00, 0x00, 0x00, 0x36, 0x00, 0x00, 0x07, 0x12, 0x30, //  .........6....0
	0x20, 0x00, 0x03, 0x00, 0x00, 0x00, 0x0c, 0x00, 0x00, 0x00, 0x0a, 0x80, 0x20, 0x00, 0x00, 0x00, //  ........... ...
	0x00, 0x00, 0x1c, 0x00, 0x00, 0x00, 0x36, 0x00, 0x00, 0x07, 0x12, 0x30, 0x20, 0x00, 0x03, 0x00, // ......6....0 ...
	0x00, 0x00, 0x0d, 0x00, 0x00, 0x00, 0x1a, 0x80, 0x20, 0x00, 0x00, 0x00, 0x00, 0x00, 0x1c, 0x00, // ........ .......
	0x00, 0x00, 0x36, 0x00, 0x00, 0x07, 0x12, 0x30, 0x20, 0x00, 0x03, 0x00, 0x00, 0x00, 0x0e, 0x00, // ..6....0 .......
	0x00, 0x00, 0x2a, 0x80, 0x20, 0x00, 0x00, 0x00, 0x00, 0x00, 0x1c, 0x00, 0x00, 0x00, 0x36, 0x00, // ..*. .........6.
	0x00, 0x07, 0x12, 0x30, 0x20, 0x00, 0x03, 0x00, 0x00, 0x00, 0x0f, 0x00, 0x00, 0x00, 0x3a, 0x80, // ...0 .........:.
	0x20, 0x00, 0x00, 0x00, 0x00, 0x00, 0x1c, 0x00, 0x00, 0x00, 0x36, 0x00, 0x00, 0x06, 0x12, 0x30, //  .........6....0
	0x20, 0x00, 0x04, 0x00, 0x00, 0x00, 0x00, 0x00, 0x00, 0x00, 0x01, 0x40, 0x00, 0x00, 0x00, 0x00, //  ..........@....
	0x80, 0x3f, 0x1e, 0x00, 0x00, 0x07, 0x82, 0x00, 0x10, 0x00, 0x01, 0x00, 0x00, 0x00, 0x3a, 0x00, // .?............:.
	0x10, 0x00, 0x00, 0x00, 0x00, 0x00, 0x01, 0x40, 0x00, 0x00, 0x01, 0x00, 0x00, 0x00, 0x36, 0x00, // .......@......6.
	0x00, 0x05, 0x12, 0x00, 0x10, 0x00, 0x02, 0x00, 0x00, 0x00, 0x01, 0x40, 0x00, 0x00, 0x01, 0x00, // ...........@....
	0x00, 0x00, 0x30, 0x00, 0x00, 0x01, 0x22, 0x00, 0x00, 0x07, 0x22, 0x00, 0x10, 0x00, 0x02, 0x00, // ..0..."...".....
	0x00, 0x00, 0x1a, 0x00, 0x10, 0x00, 0x00, 0x00, 0x00, 0x00, 0x0a, 0x00, 0x10, 0x00, 0x02, 0x00, // ................
	0x00, 0x00, 0x03, 0x00, 0x04, 0x03, 0x1a, 0x00, 0x10, 0x00, 0x02, 0x00, 0x00, 0x00, 0x1e, 0x00, // ................
	0x00, 0x08, 0x22, 0x00, 0x10, 0x00, 0x02, 0x00, 0x00, 0x00, 0x3a, 0x00, 0x10, 0x00, 0x01, 0x00, // ..".......:.....
	0x00, 0x00, 0x0a, 0x00, 0x10, 0x80, 0x41, 0x00, 0x00, 0x00, 0x02, 0x00, 0x00, 0x00, 0x36, 0x00, // ......A.......6.
	0x00, 0x07, 0x22, 0x00, 0x10, 0x00, 0x02, 0x00, 0x00, 0x00, 0x0a, 0x30, 0x20, 0x04, 0x03, 0x00, // .."........0 ...
	0x00, 0x00, 0x1a, 0x00, 0x10, 0x00, 0x02, 0x00, 0x00, 0x00, 0x00, 0x00, 0x00, 0x08, 0x22, 0x00, // ..............".
	0x10, 0x00, 0x02, 0x00, 0x00, 0x00, 0x1a, 0x00, 0x10, 0x80, 0x41, 0x00, 0x00, 0x00, 0x02, 0x00, // ..........A.....
	0x00, 0x00, 0x0a, 0x10, 0x10, 0x00, 0x00, 0x00, 0x00, 0x00, 0x36, 0x00, 0x00, 0x07, 0x12, 0x30, // ..........6....0
	0x20, 0x04, 0x05, 0x00, 0x00, 0x00, 0x0a, 0x00, 0x10, 0x00, 0x02, 0x00, 0x00, 0x00, 0x1a, 0x00, //  ...............
	0x10, 0x00, 0x02, 0x00, 0x00, 0x00, 0x1e, 0x00, 0x00, 0x07, 0x22, 0x00, 0x10, 0x00, 0x02, 0x00, // ..........".....
	0x00, 0x00, 0x3a, 0x00, 0x10, 0x00, 0x00, 0x00, 0x00, 0x00, 0x0a, 0x00, 0x10, 0x00, 0x02, 0x00, // ..:.............
	0x00, 0x00, 0x36, 0x00, 0x00, 0x07, 0x22, 0x00, 0x10, 0x00, 0x02, 0x00, 0x00, 0x00, 0x0a, 0x30, // ..6..."........0
	0x20, 0x04, 0x03, 0x00, 0x00, 0x00, 0x1a, 0x00, 0x10, 0x00, 0x02, 0x00, 0x00, 0x00, 0x00, 0x00, //  ...............
	0x00, 0x08, 0x22, 0x00, 0x10, 0x00, 0x02, 0x00, 0x00, 0x00, 0x1a, 0x00, 0x10, 0x00, 0x02, 0x00, // ..".............
	0x00, 0x00, 0x0a, 0x10, 0x10, 0x80, 0x41, 0x00, 0x00, 0x00, 0x00, 0x00, 0x00, 0x00, 0x36, 0x00, // ......A.......6.
	0x00, 0x07, 0x12, 0x30, 0x20, 0x04, 0x06, 0x00, 0x00, 0x00, 0x0a, 0x00, 0x10, 0x00, 0x02, 0x00, // ...0 ...........
	0x00, 0x00, 0x1a, 0x00, 0x10, 0x00, 0x02, 0x00, 0x00, 0x00, 0x36, 0x00, 0x00, 0x08, 0x62, 0x00, // ..........6...b.
	0x10, 0x00, 0x02, 0x00, 0x00, 0x00, 0x02, 0x40, 0x00, 0x00, 0x00, 0x00, 0x00, 0x00, 0x00, 0x00, // .......@........
	0x00, 0x00, 0x00, 0x00, 0x00, 0x00, 0x00, 0x00, 0x00, 0x00, 0x30, 0x00, 0x00, 0x01, 0x21, 0x00, // ..........0...!.
	0x00, 0x07, 0x82, 0x00, 0x10, 0x00, 0x02, 0x00, 0x00, 0x00, 0x2a, 0x00, 0x10, 0x00, 0x02, 0x00, // ..........*.....
	0x00, 0x00, 0x0a, 0x00, 0x10, 0x00, 0x02, 0x00, 0x00, 0x00, 0x03, 0x00, 0x04, 0x03, 0x3a, 0x00, // ..............:.
	0x10, 0x00, 0x02, 0x00, 0x00, 0x00, 0x1e, 0x00, 0x00, 0x07, 0x82, 0x00, 0x10, 0x00, 0x02, 0x00, // ................
	0x00, 0x00, 0x2a, 0x00, 0x10, 0x00, 0x02, 0x00, 0x00, 0x00, 0x01, 0x40, 0x00, 0x00, 0x01, 0x00, // ..*........@....
	0x00, 0x00, 0x36, 0x00, 0x00, 0x07, 0x12, 0x00, 0x10, 0x00, 0x03, 0x00, 0x00, 0x00, 0x0a, 0x30, // ..6............0
	0x20, 0x04, 0x06, 0x00, 0x00, 0x00, 0x3a, 0x00, 0x10, 0x00, 0x02, 0x00, 0x00, 0x00, 0x1e, 0x00, //  .....:.........
	0x00, 0x08, 0x22, 0x00, 0x10, 0x00, 0x03, 0x00, 0x00, 0x00, 0x2a, 0x00, 0x10, 0x80, 0x41, 0x00, // ..".......*...A.
	0x00, 0x00, 0x02, 0x00, 0x00, 0x00, 0x0a, 0x00, 0x10, 0x00, 0x02, 0x00, 0x00, 0x00, 0x36, 0x00, // ..............6.
	0x00, 0x07, 0x22, 0x00, 0x10, 0x00, 0x03, 0x00, 0x00, 0x00, 0x0a, 0x30, 0x20, 0x04, 0x05, 0x00, // .."........0 ...
	0x00, 0x00, 0x1a, 0x00, 0x10, 0x00, 0x03, 0x00, 0x00, 0x00, 0x00, 0x00, 0x00, 0x07, 0x42, 0x00, // ..............B.
	0x10, 0x00, 0x03, 0x00, 0x00, 0x00, 0x1a, 0x00, 0x10, 0x00, 0x03, 0x00, 0x00, 0x00, 0x0a, 0x00, // ................
	0x10, 0x00, 0x03, 0x00, 0x00, 0x00, 0x39, 0x00, 0x00, 0x07, 0x82, 0x00, 0x10, 0x00, 0x03, 0x00, // ......9.........
	0x00, 0x00, 0x2a, 0x00, 0x10, 0x00, 0x03, 0x00, 0x00, 0x00, 0x01, 0x40, 0x00, 0x00, 0x00, 0x00, // ..*........@....
	0x00, 0x00, 0x36, 0x00, 0x00, 0x07, 0x12, 0x00, 0x10, 0x00, 0x04, 0x00, 0x00, 0x00, 0x0a, 0x30, // ..6............0
	0x20, 0x04, 0x04, 0x00, 0x00, 0x00, 0x2a, 0x00, 0x10, 0x00, 0x02, 0x00, 0x00, 0x00, 0x0e, 0x00, //  .....*.........
	0x00, 0x07, 0x42, 0x00, 0x10, 0x00, 0x03, 0x00, 0x00, 0x00, 0x0a, 0x00, 0x10, 0x00, 0x04, 0x00, // ..B.............
	0x00, 0x00, 0x2a, 0x00, 0x10, 0x00, 0x03, 0x00, 0x00, 0x00, 0x01, 0x00, 0x00, 0x07, 0x42, 0x00, // ..*...........B.
	0x10, 0x00, 0x03, 0x00, 0x00, 0x00, 0x2a, 0x00, 0x10, 0x00, 0x03, 0x00, 0x00, 0x00, 0x3a, 0x00, // ......*.......:.
	0x10, 0x00, 0x03, 0x00, 0x00, 0x00, 0x32, 0x00, 0x00, 0x09, 0x12, 0x00, 0x10, 0x00, 0x03, 0x00, // ......2.........
	0x00, 0x00, 0x0a, 0x00, 0x10, 0x00, 0x03, 0x00, 0x00, 0x00, 0x2a, 0x00, 0x10, 0x00, 0x03, 0x00, // ..........*.....
	0x00, 0x00, 0x1a, 0x00, 0x10, 0x00, 0x02, 0x00, 0x00, 0x00, 0x36, 0x00, 0x00, 0x07, 0x12, 0x30, // ..........6....0
	0x20, 0x04, 0x04, 0x00, 0x00, 0x00, 0x2a, 0x00, 0x10, 0x00, 0x02, 0x00, 0x00, 0x00, 0x0a, 0x00, //  .....*.........
	0x10, 0x00, 0x03, 0x00, 0x00, 0x00, 0x38, 0x00, 0x00, 0x07, 0x22, 0x00, 0x10, 0x00, 0x02, 0x00, // ......8...".....
	0x00, 0x00, 0x2a, 0x00, 0x10, 0x00, 0x03, 0x00, 0x00, 0x00, 0x1a, 0x00, 0x10, 0x00, 0x03, 0x00, // ..*.............
	0x00, 0x00, 0x36, 0x00, 0x00, 0x05, 0x62, 0x00, 0x10, 0x00, 0x02, 0x00, 0x00, 0x00, 0x56, 0x07, // ..6...b.......V.
	0x10, 0x00, 0x02, 0x00, 0x00, 0x00, 0x16, 0x00, 0x00, 0x01, 0x36, 0x00, 0x00, 0x07, 0x12, 0x30, // ..........6....0
	0x20, 0x04, 0x04, 0x00, 0x00, 0x00, 0x0a, 0x00, 0x10, 0x00, 0x02, 0x00, 0x00, 0x00, 0x1a, 0x00, //  ...............
	0x10, 0x00, 0x02, 0x00, 0x00, 0x00, 0x1e, 0x00, 0x00, 0x07, 0x12, 0x00, 0x10, 0x00, 0x02, 0x00, // ................
	0x00, 0x00, 0x0a, 0x00, 0x10, 0x00, 0x02, 0x00, 0x00, 0x00, 0x01, 0x40, 0x00, 0x00, 0x01, 0x00, // ...........@....
	0x00, 0x00, 0x16, 0x00, 0x00, 0x01, 0x36, 0x00, 0x00, 0x06, 0x82, 0x00, 0x10, 0x00, 0x01, 0x00, // ......6.........
	0x00, 0x00, 0x0a, 0x30, 0x20, 0x00, 0x04, 0x00, 0x00, 0x00, 0x00, 0x00, 0x00, 0x00, 0x36, 0x00, // ...0 .........6.
	0x00, 0x06, 0x12, 0x00, 0x10, 0x00, 0x02, 0x00, 0x00, 0x00, 0x0a, 0x30, 0x20, 0x00, 0x04, 0x00, // ...........0 ...
	0x00, 0x00, 0x01, 0x00, 0x00, 0x00, 0x36, 0x00, 0x00, 0x06, 0x22, 0x00, 0x10, 0x00, 0x02, 0x00, // ......6...".....
	0x00, 0x00, 0x0a, 0x30, 0x20, 0x00, 0x04, 0x00, 0x00, 0x00, 0x02, 0x00, 0x00, 0x00, 0x36, 0x00, // ...0 .........6.
	0x00, 0x06, 0x42, 0x00, 0x10, 0x00, 0x02, 0x00, 0x00, 0x00, 0x0a, 0x30, 0x20, 0x00, 0x04, 0x00, // ..B........0 ...
	0x00, 0x00, 0x03, 0x00, 0x00, 0x00, 0x36, 0x00, 0x00, 0x06, 0x82, 0x00, 0x10, 0x00, 0x02, 0x00, // ......6.........
	0x00, 0x00, 0x0a, 0x30, 0x20, 0x00, 0x04, 0x00, 0x00, 0x00, 0x04, 0x00, 0x00, 0x00, 0x36, 0x00, // ...0 .........6.
	0x00, 0x06, 0x12, 0x00, 0x10, 0x00, 0x03, 0x00, 0x00, 0x00, 0x0a, 0x30, 0x20, 0x00, 0x04, 0x00, // ...........0 ...
	0x00, 0x00, 0x05, 0x00, 0x00, 0x00, 0x36, 0x00, 0x00, 0x06, 0x22, 0x00, 0x10, 0x00, 0x03, 0x00, // ......6...".....
	0x00, 0x00, 0x0a, 0x30, 0x20, 0x00, 0x04, 0x00, 0x00, 0x00, 0x06, 0x00, 0x00, 0x00, 0x36, 0x00, // ...0 .........6.
	0x00, 0x06, 0x42, 0x00, 0x10, 0x00, 0x03, 0x00, 0x00, 0x00, 0x0a, 0x30, 0x20, 0x00, 0x04, 0x00, // ..B........0 ...
	0x00, 0x00, 0x07, 0x00, 0x00, 0x00, 0x36, 0x00, 0x00, 0x06, 0x82, 0x00, 0x10, 0x00, 0x03, 0x00, // ......6.........
	0x00, 0x00, 0x0a, 0x30, 0x20, 0x00, 0x04, 0x00, 0x00, 0x00, 0x08, 0x00, 0x00, 0x00, 0x36, 0x00, // ...0 .........6.
	0x00, 0x06, 0x12, 0x00, 0x10, 0x00, 0x04, 0x00, 0x00, 0x00, 0x0a, 0x30, 0x20, 0x00, 0x04, 0x00, // ...........0 ...
	0x00, 0x00, 0x09, 0x00, 0x00, 0x00, 0x36, 0x00, 0x00, 0x06, 0x22, 0x00, 0x10, 0x00, 0x04, 0x00, // ......6...".....
	0x00, 0x00, 0x0a, 0x30, 0x20, 0x00, 0x04, 0x00, 0x00, 0x00, 0x0a, 0x00, 0x00, 0x00, 0x36, 0x00, // ...0 .........6.
	0x00, 0x06, 0x42, 0x00, 0x10, 0x00, 0x04, 0x00, 0x00, 0x00, 0x0a, 0x30, 0x20, 0x00, 0x04, 0x00, // ..B........0 ...
	0x00, 0x00, 0x0b, 0x00, 0x00, 0x00, 0x36, 0x00, 0x00, 0x06, 0x82, 0x00, 0x10, 0x00, 0x04, 0x00, // ......6.........
	0x00, 0x00, 0x0a, 0x30, 0x20, 0x00, 0x04, 0x00, 0x00, 0x00, 0x0c, 0x00, 0x00, 0x00, 0x36, 0x00, // ...0 .........6.
	0x00, 0x06, 0x12, 0x00, 0x10, 0x00, 0x05, 0x00, 0x00, 0x00, 0x0a, 0x30, 0x20, 0x00, 0x04, 0x00, // ...........0 ...
	0x00, 0x00, 0x0d, 0x00, 0x00, 0x00, 0x36, 0x00, 0x00, 0x06, 0x22, 0x00, 0x10, 0x00, 0x05, 0x00, // ......6...".....
	0x00, 0x00, 0x0a, 0x30, 0x20, 0x00, 0x04, 0x00, 0x00, 0x00, 0x0e, 0x00, 0x00, 0x00, 0x36, 0x00, // ...0 .........6.
	0x00, 0x06, 0x42, 0x00, 0x10, 0x00, 0x05, 0x00, 0x00, 0x00, 0x0a, 0x30, 0x20, 0x00, 0x04, 0x00, // ..B........0 ...
	0x00, 0x00, 0x0f, 0x00, 0x00, 0x00, 0x36, 0x00, 0x00, 0x06, 0x12, 0x30, 0x20, 0x00, 0x02, 0x00, // ......6....0 ...
	0x00, 0x00, 0x00, 0x00, 0x00, 0x00, 0x3a, 0x00, 0x10, 0x00, 0x01, 0x00, 0x00, 0x00, 0x36, 0x00, // ......:.......6.
	0x00, 0x06, 0x12, 0x30, 0x20, 0x00, 0x02, 0x00, 0x00, 0x00, 0x01, 0x00, 0x00, 0x00, 0x0a, 0x00, // ...0 ...........
	0x10, 0x00, 0x02, 0x00, 0x00, 0x00, 0x36, 0x00, 0x00, 0x06, 0x12, 0x30, 0x20, 0x00, 0x02, 0x00, // ......6....0 ...
	0x00, 0x00, 0x02, 0x00, 0x00, 0x00, 0x1a, 0x00, 0x10, 0x00, 0x02, 0x00, 0x00, 0x00, 0x36, 0x00, // ..............6.
	0x00, 0x06, 0x12, 0x30, 0x20, 0x00, 0x02, 0x00, 0x00, 0x00, 0x03, 0x00, 0x00, 0x00, 0x2a, 0x00, // ...0 .........*.
	0x10, 0x00, 0x02, 0x00, 0x00, 0x00, 0x36, 0x00, 0x00, 0x06, 0x12, 0x30, 0x20, 0x00, 0x02, 0x00, // ......6....0 ...
	0x00, 0x00, 0x04, 0x00, 0x00, 0x00, 0x3a, 0x00, 0x10, 0x00, 0x02, 0x00, 0x00, 0x00, 0x36, 0x00, // ......:.......6.
	0x00, 0x06, 0x12, 0x30, 0x20, 0x00, 0x02, 0x00, 0x00, 0x00, 0x05, 0x00, 0x00, 0x00, 0x0a, 0x00, // ...0 ...........
	0x10, 0x00, 0x03, 0x00, 0x00, 0x00, 0x36, 0x00, 0x00, 0x06, 0x12, 0x30, 0x20, 0x00, 0x02, 0x00, // ......6....0 ...
	0x00, 0x00, 0x06, 0x00, 0x00, 0x00, 0x1a, 0x00, 0x10, 0x00, 0x03, 0x00, 0x00, 0x00, 0x36, 0x00, // ..............6.
	0x00, 0x06, 0x12, 0x30, 0x20, 0x00, 0x02, 0x00, 0x00, 0x00, 0x07, 0x00, 0x00, 0x00, 0x2a, 0x00, // ...0 .........*.
	0x10, 0x00, 0x03, 0x00, 0x00, 0x00, 0x36, 0x00, 0x00, 0x06, 0x12, 0x30, 0x20, 0x00, 0x02, 0x00, // ......6....0 ...
	0x00, 0x00, 0x08, 0x00, 0x00, 0x00, 0x3a, 0x00, 0x10, 0x00, 0x03, 0x00, 0x00, 0x00, 0x36, 0x00, // ......:.......6.
	0x00, 0x06, 0x12, 0x30, 0x20, 0x00, 0x02, 0x00, 0x00, 0x00, 0x09, 0x00, 0x00, 0x00, 0x0a, 0x00, // ...0 ...........
	0x10, 0x00, 0x04, 0x00, 0x00, 0x00, 0x36, 0x00, 0x00, 0x06, 0x12, 0x30, 0x20, 0x00, 0x02, 0x00, // ......6....0 ...
	0x00, 0x00, 0x0a, 0x00, 0x00, 0x00, 0x1a, 0x00, 0x10, 0x00, 0x04, 0x00, 0x00, 0x00, 0x36, 0x00, // ..............6.
	0x00, 0x06, 0x12, 0x30, 0x20, 0x00, 0x02, 0x00, 0x00, 0x00, 0x0b, 0x00, 0x00, 0x00, 0x2a, 0x00, // ...0 .........*.
	0x10, 0x00, 0x04, 0x00, 0x00, 0x00, 0x36, 0x00, 0x00, 0x06, 0x12, 0x30, 0x20, 0x00, 0x02, 0x00, // ......6....0 ...
	0x00, 0x00, 0x0c, 0x00, 0x00, 0x00, 0x3a, 0x00, 0x10, 0x00, 0x04, 0x00, 0x00, 0x00, 0x36, 0x00, // ......:.......6.
	0x00, 0x06, 0x12, 0x30, 0x20, 0x00, 0x02, 0x00, 0x00, 0x00, 0x0d, 0x00, 0x00, 0x00, 0x0a, 0x00, // ...0 ...........
	0x10, 0x00, 0x05, 0x00, 0x00, 0x00, 0x36, 0x00, 0x00, 0x06, 0x12, 0x30, 0x20, 0x00, 0x02, 0x00, // ......6....0 ...
	0x00, 0x00, 0x0e, 0x00, 0x00, 0x00, 0x1a, 0x00, 0x10, 0x00, 0x05, 0x00, 0x00, 0x00, 0x36, 0x00, // ..............6.
	0x00, 0x06, 0x12, 0x30, 0x20, 0x00, 0x02, 0x00, 0x00, 0x00, 0x0f, 0x00, 0x00, 0x00, 0x2a, 0x00, // ...0 .........*.
	0x10, 0x00, 0x05, 0x00, 0x00, 0x00, 0x1e, 0x00, 0x00, 0x08, 0x82, 0x00, 0x10, 0x00, 0x00, 0x00, // ................
	0x00, 0x00, 0x1a, 0x00, 0x10, 0x80, 0x41, 0x00, 0x00, 0x00, 0x00, 0x00, 0x00, 0x00, 0x3a, 0x00, // ......A.......:.
	0x10, 0x00, 0x00, 0x00, 0x00, 0x00, 0x36, 0x00, 0x00, 0x08, 0xf2, 0x00, 0x10, 0x00, 0x01, 0x00, // ......6.........
	0x00, 0x00, 0x02, 0x40, 0x00, 0x00, 0x00, 0x00, 0x00, 0x00, 0x00, 0x00, 0x00, 0x00, 0x00, 0x00, // ...@............
	0x00, 0x00, 0x00, 0x00, 0x00, 0x00, 0x30, 0x00, 0x00, 0x01, 0x22, 0x00, 0x00, 0x07, 0x12, 0x00, // ......0...".....
	0x10, 0x00, 0x02, 0x00, 0x00, 0x00, 0x1a, 0x00, 0x10, 0x00, 0x00, 0x00, 0x00, 0x00, 0x3a, 0x00, // ..............:.
	0x10, 0x00, 0x01, 0x00, 0x00, 0x00, 0x03, 0x00, 0x04, 0x03, 0x0a, 0x00, 0x10, 0x00, 0x02, 0x00, // ................
	0x00, 0x00, 0x36, 0x00, 0x00, 0x07, 0x12, 0x00, 0x10, 0x00, 0x02, 0x00, 0x00, 0x00, 0x0a, 0x30, // ..6............0
	0x20, 0x04, 0x02, 0x00, 0x00, 0x00, 0x3a, 0x00, 0x10, 0x00, 0x01, 0x00, 0x00, 0x00, 0x1e, 0x00, //  .....:.........
	0x00, 0x07, 0x22, 0x00, 0x10, 0x00, 0x02, 0x00, 0x00, 0x00, 0x3a, 0x00, 0x10, 0x00, 0x00, 0x00, // ..".......:.....
	0x00, 0x00, 0x3a, 0x00, 0x10, 0x00, 0x01, 0x00, 0x00, 0x00, 0x32, 0x00, 0x00, 0x0c, 0x72, 0x00, // ..:.......2...r.
	0x10, 0x00, 0x01, 0x00, 0x00, 0x00, 0x06, 0x00, 0x10, 0x00, 0x02, 0x00, 0x00, 0x00, 0x46, 0x82, // ..............F.
	0x20, 0x06, 0x00, 0x00, 0x00, 0x00, 0x09, 0x00, 0x00, 0x00, 0x1a, 0x00, 0x10, 0x00, 0x02, 0x00, //  ...............
	0x00, 0x00, 0x46, 0x02, 0x10, 0x00, 0x01, 0x00, 0x00, 0x00, 0x1e, 0x00, 0x00, 0x07, 0x82, 0x00, // ..F.............
	0x10, 0x00, 0x01, 0x00, 0x00, 0x00, 0x3a, 0x00, 0x10, 0x00, 0x01, 0x00, 0x00, 0x00, 0x01, 0x40, // ......:........@
	0x00, 0x00, 0x01, 0x00, 0x00, 0x00, 0x16, 0x00, 0x00, 0x01, 0x12, 0x00, 0x00, 0x01, 0x20, 0x00, // .............. .
	0x00, 0x07, 0x12, 0x00, 0x10, 0x00, 0x00, 0x00, 0x00, 0x00, 0x0a, 0x00, 0x10, 0x00, 0x00, 0x00, // ................
	0x00, 0x00, 0x01, 0x40, 0x00, 0x00, 0x02, 0x00, 0x00, 0x00, 0x1f, 0x00, 0x04, 0x03, 0x0a, 0x00, // ...@............
	0x10, 0x00, 0x00, 0x00, 0x00, 0x00, 0x34, 0x00, 0x00, 0x08, 0x12, 0x00, 0x10, 0x00, 0x00, 0x00, // ......4.........
	0x00, 0x00, 0x01, 0x40, 0x00, 0x00, 0x6f, 0x12, 0x83, 0x3a, 0x3a, 0x80, 0x20, 0x00, 0x00, 0x00, // ...@..o..::. ...
	0x00, 0x00, 0x09, 0x00, 0x00, 0x00, 0x34, 0x00, 0x00, 0x08, 0x82, 0x00, 0x10, 0x00, 0x00, 0x00, // ......4.........
	0x00, 0x00, 0x01, 0x40, 0x00, 0x00, 0x6f, 0x12, 0x83, 0x3a, 0x3a, 0x80, 0x20, 0x00, 0x00, 0x00, // ...@..o..::. ...
	0x00, 0x00, 0x0a, 0x00, 0x00, 0x00, 0x34, 0x00, 0x00, 0x08, 0x82, 0x00, 0x10, 0x00, 0x01, 0x00, // ......4.........
	0x00, 0x00, 0x01, 0x40, 0x00, 0x00, 0x6f, 0x12, 0x83, 0x3a, 0x3a, 0x80, 0x20, 0x00, 0x00, 0x00, // ...@..o..::. ...
	0x00, 0x00, 0x0b, 0x00, 0x00, 0x00, 0x34, 0x00, 0x00, 0x08, 0x12, 0x00, 0x10, 0x00, 0x02, 0x00, // ......4.........
	0x00, 0x00, 0x01, 0x40, 0x00, 0x00, 0x6f, 0x12, 0x83, 0x3a, 0x3a, 0x80, 0x20, 0x00, 0x00, 0x00, // ...@..o..::. ...
	0x00, 0x00, 0x0c, 0x00, 0x00, 0x00, 0x34, 0x00, 0x00, 0x08, 0x22, 0x00, 0x10, 0x00, 0x02, 0x00, // ......4...".....
	0x00, 0x00, 0x01, 0x40, 0x00, 0x00, 0x6f, 0x12, 0x83, 0x3a, 0x3a, 0x80, 0x20, 0x00, 0x00, 0x00, // ...@..o..::. ...
	0x00, 0x00, 0x0d, 0x00, 0x00, 0x00, 0x34, 0x00, 0x00, 0x08, 0x42, 0x00, 0x10, 0x00, 0x02, 0x00, // ......4...B.....
	0x00, 0x00, 0x01, 0x40, 0x00, 0x00, 0x6f, 0x12, 0x83, 0x3a, 0x3a, 0x80, 0x20, 0x00, 0x00, 0x00, // ...@..o..::. ...
	0x00, 0x00, 0x0e, 0x00, 0x00, 0x00, 0x34, 0x00, 0x00, 0x08, 0x82, 0x00, 0x10, 0x00, 0x02, 0x00, // ......4.........
	0x00, 0x00, 0x01, 0x40, 0x00, 0x00, 0x6f, 0x12, 0x83, 0x3a, 0x3a, 0x80, 0x20, 0x00, 0x00, 0x00, // ...@..o..::. ...
	0x00, 0x00, 0x0f, 0x00, 0x00, 0x00, 0x34, 0x00, 0x00, 0x08, 0x12, 0x00, 0x10, 0x00, 0x03, 0x00, // ......4.........
	0x00, 0x00, 0x01, 0x40, 0x00, 0x00, 0x6f, 0x12, 0x83, 0x3a, 0x3a, 0x80, 0x20, 0x00, 0x00, 0x00, // ...@..o..::. ...
	0x00, 0x00, 0x10, 0x00, 0x00, 0x00, 0x34, 0x00, 0x00, 0x08, 0x22, 0x00, 0x10, 0x00, 0x03, 0x00, // ......4...".....
	0x00, 0x00, 0x01, 0x40, 0x00, 0x00, 0x6f, 0x12, 0x83, 0x3a, 0x3a, 0x80, 0x20, 0x00, 0x00, 0x00, // ...@..o..::. ...
	0x00, 0x00, 0x11, 0x00, 0x00, 0x00, 0x34, 0x00, 0x00, 0x08, 0x42, 0x00, 0x10, 0x00, 0x03, 0x00, // ......4...B.....
	0x00, 0x00, 0x01, 0x40, 0x00, 0x00, 0x6f, 0x12, 0x83, 0x3a, 0x3a, 0x80, 0x20, 0x00, 0x00, 0x00, // ...@..o..::. ...
	0x00, 0x00, 0x12, 0x00, 0x00, 0x00, 0x34, 0x00, 0x00, 0x08, 0x82, 0x00, 0x10, 0x00, 0x03, 0x00, // ......4.........
	0x00, 0x00, 0x01, 0x40, 0x00, 0x00, 0x6f, 0x12, 0x83, 0x3a, 0x3a, 0x80, 0x20, 0x00, 0x00, 0x00, // ...@..o..::. ...
	0x00, 0x00, 0x13, 0x00, 0x00, 0x00, 0x34, 0x00, 0x00, 0x08, 0x12, 0x00, 0x10, 0x00, 0x04, 0x00, // ......4.........
	0x00, 0x00, 0x01, 0x40, 0x00, 0x00, 0x6f, 0x12, 0x83, 0x3a, 0x3a, 0x80, 0x20, 0x00, 0x00, 0x00, // ...@..o..::. ...
	0x00, 0x00, 0x14, 0x00, 0x00, 0x00, 0x34, 0x00, 0x00, 0x08, 0x22, 0x00, 0x10, 0x00, 0x04, 0x00, // ......4...".....
	0x00, 0x00, 0x01, 0x40, 0x00, 0x00, 0x6f, 0x12, 0x83, 0x3a, 0x3a, 0x80, 0x20, 0x00, 0x00, 0x00, // ...@..o..::. ...
	0x00, 0x00, 0x15, 0x00, 0x00, 0x00, 0x34, 0x00, 0x00, 0x08, 0x42, 0x00, 0x10, 0x00, 0x04, 0x00, // ......4...B.....
	0x00, 0x00, 0x01, 0x40, 0x00, 0x00, 0x6f, 0x12, 0x83, 0x3a, 0x3a, 0x80, 0x20, 0x00, 0x00, 0x00, // ...@..o..::. ...
	0x00, 0x00, 0x16, 0x00, 0x00, 0x00, 0x34, 0x00, 0x00, 0x08, 0x82, 0x00, 0x10, 0x00, 0x04, 0x00, // ......4.........
	0x00, 0x00, 0x01, 0x40, 0x00, 0x00, 0x6f, 0x12, 0x83, 0x3a, 0x3a, 0x80, 0x20, 0x00, 0x00, 0x00, // ...@..o..::. ...
	0x00, 0x00, 0x17, 0x00, 0x00, 0x00, 0x34, 0x00, 0x00, 0x08, 0x12, 0x00, 0x10, 0x00, 0x05, 0x00, // ......4.........
	0x00, 0x00, 0x01, 0x40, 0x00, 0x00, 0x6f, 0x12, 0x83, 0x3a, 0x3a, 0x80, 0x20, 0x00, 0x00, 0x00, // ...@..o..::. ...
	0x00, 0x00, 0x18, 0x00, 0x00, 0x00, 0x36, 0x00, 0x00, 0x06, 0x12, 0x30, 0x20, 0x00, 0x07, 0x00, // ......6....0 ...
	0x00, 0x00, 0x00, 0x00, 0x00, 0x00, 0x0a, 0x00, 0x10, 0x00, 0x00, 0x00, 0x00, 0x00, 0x36, 0x00, // ..............6.
	0x00, 0x06, 0x12, 0x30, 0x20, 0x00, 0x07, 0x00, 0x00, 0x00, 0x01, 0x00, 0x00, 0x00, 0x3a, 0x00, // ...0 .........:.
	0x10, 0x00, 0x00, 0x00, 0x00, 0x00, 0x36, 0x00, 0x00, 0x06, 0x12, 0x30, 0x20, 0x00, 0x07, 0x00, // ......6....0 ...
	0x00, 0x00, 0x02, 0x00, 0x00, 0x00, 0x3a, 0x00, 0x10, 0x00, 0x01, 0x00, 0x00, 0x00, 0x36, 0x00, // ......:.......6.
	0x00, 0x06, 0x12, 0x30, 0x20, 0x00, 0x07, 0x00, 0x00, 0x00, 0x03, 0x00, 0x00, 0x00, 0x0a, 0x00, // ...0 ...........
	0x10, 0x00, 0x02, 0x00, 0x00, 0x00, 0x36, 0x00, 0x00, 0x06, 0x12, 0x30, 0x20, 0x00, 0x07, 0x00, // ......6....0 ...
	0x00, 0x00, 0x04, 0x00, 0x00, 0x00, 0x1a, 0x00, 0x10, 0x00, 0x02, 0x00, 0x00, 0x00, 0x36, 0x00, // ..............6.
	0x00, 0x06, 0x12, 0x30, 0x20, 0x00, 0x07, 0x00, 0x00, 0x00, 0x05, 0x00, 0x00, 0x00, 0x2a, 0x00, // ...0 .........*.
	0x10, 0x00, 0x02, 0x00, 0x00, 0x00, 0x36, 0x00, 0x00, 0x06, 0x12, 0x30, 0x20, 0x00, 0x07, 0x00, // ......6....0 ...
	0x00, 0x00, 0x06, 0x00, 0x00, 0x00, 0x3a, 0x00, 0x10, 0x00, 0x02, 0x00, 0x00, 0x00, 0x36, 0x00, // ......:.......6.
	0x00, 0x06, 0x12, 0x30, 0x20, 0x00, 0x07, 0x00, 0x00, 0x00, 0x07, 0x00, 0x00, 0x00, 0x0a, 0x00, // ...0 ...........
	0x10, 0x00, 0x03, 0x00, 0x00, 0x00, 0x36, 0x00, 0x00, 0x06, 0x12, 0x30, 0x20, 0x00, 0x07, 0x00, // ......6....0 ...
	0x00, 0x00, 0x08, 0x00, 0x00, 0x00, 0x1a, 0x00, 0x10, 0x00, 0x03, 0x00, 0x00, 0x00, 0x36, 0x00, // ..............6.
	0x00, 0x06, 0x12, 0x30, 0x20, 0x00, 0x07, 0x00, 0x00, 0x00, 0x09, 0x00, 0x00, 0x00, 0x2a, 0x00, // ...0 .........*.
	0x10, 0x00, 0x03, 0x00, 0x00, 0x00, 0x36, 0x00, 0x00, 0x06, 0x12, 0x30, 0x20, 0x00, 0x07, 0x00, // ......6....0 ...
	0x00, 0x00, 0x0a, 0x00, 0x00, 0x00, 0x3a, 0x00, 0x10, 0x00, 0x03, 0x00, 0x00, 0x00, 0x36, 0x00, // ......:.......6.
	0x00, 0x06, 0x12, 0x30, 0x20, 0x00, 0x07, 0x00, 0x00, 0x00, 0x0b, 0x00, 0x00, 0x00, 0x0a, 0x00, // ...0 ...........
	0x10, 0x00, 0x04, 0x00, 0x00, 0x00, 0x36, 0x00, 0x00, 0x06, 0x12, 0x30, 0x20, 0x00, 0x07, 0x00, // ......6....0 ...
	0x00, 0x00, 0x0c, 0x00, 0x00, 0x00, 0x1a, 0x00, 0x10, 0x00, 0x04, 0x00, 0x00, 0x00, 0x36, 0x00, // ..............6.
	0x00, 0x06, 0x12, 0x30, 0x20, 0x00, 0x07, 0x00, 0x00, 0x00, 0x0d, 0x00, 0x00, 0x00, 0x2a, 0x00, // ...0 .........*.
	0x10, 0x00, 0x04, 0x00, 0x00, 0x00, 0x36, 0x00, 0x00, 0x06, 0x12, 0x30, 0x20, 0x00, 0x07, 0x00, // ......6....0 ...
	0x00, 0x00, 0x0e, 0x00, 0x00, 0x00, 0x3a, 0x00, 0x10, 0x00, 0x04, 0x00, 0x00, 0x00, 0x36, 0x00, // ......:.......6.
	0x00, 0x06, 0x12, 0x30, 0x20, 0x00, 0x07, 0x00, 0x00, 0x00, 0x0f, 0x00, 0x00, 0x00, 0x0a, 0x00, // ...0 ...........
	0x10, 0x00, 0x05, 0x00, 0x00, 0x00, 0x1e, 0x00, 0x00, 0x07, 0x12, 0x00, 0x10, 0x00, 0x00, 0x00, // ................
	0x00, 0x00, 0x2a, 0x00, 0x10, 0x00, 0x00, 0x00, 0x00, 0x00, 0x01, 0x40, 0x00, 0x00, 0xff, 0xff, // ..*........@....
	0xff, 0xff, 0x1e, 0x00, 0x00, 0x08, 0x82, 0x00, 0x10, 0x00, 0x00, 0x00, 0x00, 0x00, 0x1a, 0x00, // ................
	0x10, 0x80, 0x41, 0x00, 0x00, 0x00, 0x00, 0x00, 0x00, 0x00, 0x01, 0x40, 0x00, 0x00, 0x0f, 0x00, // ..A........@....
	0x00, 0x00, 0x25, 0x00, 0x00, 0x07, 0x82, 0x00, 0x10, 0x00, 0x00, 0x00, 0x00, 0x00, 0x3a, 0x00, // ..%...........:.
	0x10, 0x00, 0x00, 0x00, 0x00, 0x00, 0x0a, 0x00, 0x10, 0x00, 0x00, 0x00, 0x00, 0x00, 0x36, 0x00, // ..............6.
	0x00, 0x07, 0x12, 0x30, 0x20, 0x00, 0x08, 0x00, 0x00, 0x00, 0x00, 0x00, 0x00, 0x00, 0x0a, 0x80, // ...0 ...........
	0x20, 0x00, 0x00, 0x00, 0x00, 0x00, 0x19, 0x00, 0x00, 0x00, 0x36, 0x00, 0x00, 0x07, 0x12, 0x30, //  .........6....0
	0x20, 0x00, 0x08, 0x00, 0x00, 0x00, 0x01, 0x00, 0x00, 0x00, 0x1a, 0x80, 0x20, 0x00, 0x00, 0x00, //  ........... ...
	0x00, 0x00, 0x19, 0x00, 0x00, 0x00, 0x36, 0x00, 0x00, 0x07, 0x12, 0x30, 0x20, 0x00, 0x08, 0x00, // ......6....0 ...
	0x00, 0x00, 0x02, 0x00, 0x00, 0x00, 0x2a, 0x80, 0x20, 0x00, 0x00, 0x00, 0x00, 0x00, 0x19, 0x00, // ......*. .......
	0x00, 0x00, 0x36, 0x00, 0x00, 0x07, 0x12, 0x30, 0x20, 0x00, 0x08, 0x00, 0x00, 0x00, 0x03, 0x00, // ..6....0 .......
	0x00, 0x00, 0x3a, 0x80, 0x20, 0x00, 0x00, 0x00, 0x00, 0x00, 0x19, 0x00, 0x00, 0x00, 0x36, 0x00, // ..:. .........6.
	0x00, 0x07, 0x12, 0x30, 0x20, 0x00, 0x08, 0x00, 0x00, 0x00, 0x04, 0x00, 0x00, 0x00, 0x0a, 0x80, // ...0 ...........
	0x20, 0x00, 0x00, 0x00, 0x00, 0x00, 0x1a, 0x00, 0x00, 0x00, 0x36, 0x00, 0x00, 0x07, 0x12, 0x30, //  .........6....0
	0x20, 0x00, 0x08, 0x00, 0x00, 0x00, 0x05, 0x00, 0x00, 0x00, 0x1a, 0x80, 0x20, 0x00, 0x00, 0x00, //  ........... ...
	0x00, 0x00, 0x1a, 0x00, 0x00, 0x00, 0x36, 0x00, 0x00, 0x07, 0x12, 0x30, 0x20, 0x00, 0x08, 0x00, // ......6....0 ...
	0x00, 0x00, 0x06, 0x00, 0x00, 0x00, 0x2a, 0x80, 0x20, 0x00, 0x00, 0x00, 0x00, 0x00, 0x1a, 0x00, // ......*. .......
	0x00, 0x00, 0x36, 0x00, 0x00, 0x07, 0x12, 0x30, 0x20, 0x00, 0x08, 0x00, 0x00, 0x00, 0x07, 0x00, // ..6....0 .......
	0x00, 0x00, 0x3a, 0x80, 0x20, 0x00, 0x00, 0x00, 0x00, 0x00, 0x1a, 0x00, 0x00, 0x00, 0x36, 0x00, // ..:. .........6.
	0x00, 0x07, 0x12, 0x30, 0x20, 0x00, 0x08, 0x00, 0x00, 0x00, 0x08, 0x00, 0x00, 0x00, 0x0a, 0x80, // ...0 ...........
	0x20, 0x00, 0x00, 0x00, 0x00, 0x00, 0x1b, 0x00, 0x00, 0x00, 0x36, 0x00, 0x00, 0x07, 0x12, 0x30, //  .........6....0
	0x20, 0x00, 0x08, 0x00, 0x00, 0x00, 0x09, 0x00, 0x00, 0x00, 0x1a, 0x80, 0x20, 0x00, 0x00, 0x00, //  ........... ...
	0x00, 0x00, 0x1b, 0x00, 0x00, 0x00, 0x36, 0x00, 0x00, 0x07, 0x12, 0x30, 0x20, 0x00, 0x08, 0x00, // ......6....0 ...
	0x00, 0x00, 0x0a, 0x00, 0x00, 0x00, 0x2a, 0x80, 0x20, 0x00, 0x00, 0x00, 0x00, 0x00, 0x1b, 0x00, // ......*. .......
	0x00, 0x00, 0x36, 0x00, 0x00, 0x07, 0x12, 0x30, 0x20, 0x00, 0x08, 0x00, 0x00, 0x00, 0x0b, 0x00, // ..6....0 .......
	0x00, 0x00, 0x3a, 0x80, 0x20, 0x00, 0x00, 0x00, 0x00, 0x00, 0x1b, 0x00, 0x00, 0x00, 0x36, 0x00, // ..:. .........6.
	0x00, 0x07, 0x12, 0x30, 0x20, 0x00, 0x08, 0x00, 0x00, 0x00, 0x0c, 0x00, 0x00, 0x00, 0x0a, 0x80, // ...0 ...........
	0x20, 0x00, 0x00, 0x00, 0x00, 0x00, 0x1c, 0x00, 0x00, 0x00, 0x36, 0x00, 0x00, 0x07, 0x12, 0x30, //  .........6....0
	0x20, 0x00, 0x08, 0x00, 0x00, 0x00, 0x0d, 0x00, 0x00, 0x00, 0x1a, 0x80, 0x20, 0x00, 0x00, 0x00, //  ........... ...
	0x00, 0x00, 0x1c, 0x00, 0x00, 0x00, 0x36, 0x00, 0x00, 0x07, 0x12, 0x30, 0x20, 0x00, 0x08, 0x00, // ......6....0 ...
	0x00, 0x00, 0x0e, 0x00, 0x00, 0x00, 0x2a, 0x80, 0x20, 0x00, 0x00, 0x00, 0x00, 0x00, 0x1c, 0x00, // ......*. .......
	0x00, 0x00, 0x36, 0x00, 0x00, 0x07, 0x12, 0x30, 0x20, 0x00, 0x08, 0x00, 0x00, 0x00, 0x0f, 0x00, // ..6....0 .......
	0x00, 0x00, 0x3a, 0x80, 0x20, 0x00, 0x00, 0x00, 0x00, 0x00, 0x1c, 0x00, 0x00, 0x00, 0x24, 0x00, // ..:. .........$.
	0x00, 0x07, 0x82, 0x00, 0x10, 0x00, 0x01, 0x00, 0x00, 0x00, 0x1a, 0x00, 0x10, 0x00, 0x00, 0x00, // ................
	0x00, 0x00, 0x01, 0x40, 0x00, 0x00, 0x00, 0x00, 0x00, 0x00, 0x25, 0x00, 0x00, 0x07, 0x82, 0x00, // ...@......%.....
	0x10, 0x00, 0x01, 0x00, 0x00, 0x00, 0x3a, 0x00, 0x10, 0x00, 0x01, 0x00, 0x00, 0x00, 0x01, 0x40, // ......:........@
	0x00, 0x00, 0x0f, 0x00, 0x00, 0x00, 0x24, 0x00, 0x00, 0x07, 0x12, 0x00, 0x10, 0x00, 0x00, 0x00, // ......$.........
	0x00, 0x00, 0x0a, 0x00, 0x10, 0x00, 0x00, 0x00, 0x00, 0x00, 0x3a, 0x00, 0x10, 0x00, 0x01, 0x00, // ..........:.....
	0x00, 0x00, 0x1e, 0x00, 0x00, 0x07, 0x42, 0x00, 0x10, 0x00, 0x00, 0x00, 0x00, 0x00, 0x1a, 0x00, // ......B.........
	0x10, 0x00, 0x00, 0x00, 0x00, 0x00, 0x2a, 0x00, 0x10, 0x00, 0x00, 0x00, 0x00, 0x00, 0x25, 0x00, // ......*.......%.
	0x00, 0x0a, 0x52, 0x00, 0x10, 0x00, 0x00, 0x00, 0x00, 0x00, 0x06, 0x02, 0x10, 0x00, 0x00, 0x00, // ..R.............
	0x00, 0x00, 0x02, 0x40, 0x00, 0x00, 0x0f, 0x00, 0x00, 0x00, 0x00, 0x00, 0x00, 0x00, 0x0f, 0x00, // ...@............
	0x00, 0x00, 0x00, 0x00, 0x00, 0x00, 0x24, 0x00, 0x00, 0x07, 0x42, 0x00, 0x10, 0x00, 0x00, 0x00, // ......$...B.....
	0x00, 0x00, 0x2a, 0x00, 0x10, 0x00, 0x00, 0x00, 0x00, 0x00, 0x01, 0x40, 0x00, 0x00, 0x00, 0x00, // ..*........@....
	0x00, 0x00, 0x36, 0x00, 0x00, 0x07, 0x42, 0x00, 0x10, 0x00, 0x00, 0x00, 0x00, 0x00, 0x0a, 0x30, // ..6...B........0
	0x20, 0x04, 0x08, 0x00, 0x00, 0x00, 0x2a, 0x00, 0x10, 0x00, 0x00, 0x00, 0x00, 0x00, 0x31, 0x00, //  .....*.......1.
	0x00, 0x07, 0x42, 0x00, 0x10, 0x00, 0x00, 0x00, 0x00, 0x00, 0x0a, 0x10, 0x10, 0x00, 0x00, 0x00, // ..B.............
	0x00, 0x00, 0x2a, 0x00, 0x10, 0x00, 0x00, 0x00, 0x00, 0x00, 0x1f, 0x00, 0x04, 0x03, 0x2a, 0x00, // ..*...........*.
	0x10, 0x00, 0x00, 0x00, 0x00, 0x00, 0x36, 0x00, 0x00, 0x07, 0x42, 0x00, 0x10, 0x00, 0x00, 0x00, // ......6...B.....
	0x00, 0x00, 0x0a, 0x30, 0x20, 0x04, 0x08, 0x00, 0x00, 0x00, 0x1a, 0x00, 0x10, 0x00, 0x00, 0x00, // ...0 ...........
	0x00, 0x00, 0x1d, 0x00, 0x00, 0x07, 0x42, 0x00, 0x10, 0x00, 0x00, 0x00, 0x00, 0x00, 0x2a, 0x00, // ......B.......*.
	0x10, 0x00, 0x00, 0x00, 0x00, 0x00, 0x0a, 0x10, 0x10, 0x00, 0x00, 0x00, 0x00, 0x00, 0x37, 0x00, // ..............7.
	0x00, 0x09, 0x12, 0x00, 0x10, 0x00, 0x02, 0x00, 0x00, 0x00, 0x2a, 0x00, 0x10, 0x00, 0x00, 0x00, // ..........*.....
	0x00, 0x00, 0x3a, 0x00, 0x10, 0x00, 0x01, 0x00, 0x00, 0x00, 0x0a, 0x00, 0x10, 0x00, 0x00, 0x00, // ..:.............
	0x00, 0x00, 0x1f, 0x00, 0x00, 0x03, 0x2a, 0x00, 0x10, 0x00, 0x00, 0x00, 0x00, 0x00, 0x36, 0x00, // ......*.......6.
	0x00, 0x05, 0x42, 0x00, 0x10, 0x00, 0x02, 0x00, 0x00, 0x00, 0x0a, 0x00, 0x10, 0x00, 0x02, 0x00, // ..B.............
	0x00, 0x00, 0x36, 0x00, 0x00, 0x05, 0x22, 0x00, 0x10, 0x00, 0x02, 0x00, 0x00, 0x00, 0x3a, 0x00, // ..6...".......:.
	0x10, 0x00, 0x01, 0x00, 0x00, 0x00, 0x36, 0x00, 0x00, 0x05, 0x42, 0x00, 0x10, 0x00, 0x00, 0x00, // ......6...B.....
	0x00, 0x00, 0x01, 0x40, 0x00, 0x00, 0x00, 0x00, 0x00, 0x00, 0x30, 0x00, 0x00, 0x01, 0x21, 0x00, // ...@......0...!.
	0x00, 0x07, 0x82, 0x00, 0x10, 0x00, 0x02, 0x00, 0x00, 0x00, 0x1a, 0x00, 0x10, 0x00, 0x02, 0x00, // ................
	0x00, 0x00, 0x0a, 0x00, 0x10, 0x00, 0x00, 0x00, 0x00, 0x00, 0x36, 0x00, 0x00, 0x05, 0x42, 0x00, // ..........6...B.
	0x10, 0x00, 0x00, 0x00, 0x00, 0x00, 0x01, 0x40, 0x00, 0x00, 0x00, 0x00, 0x00, 0x00, 0x03, 0x00, // .......@........
	0x04, 0x03, 0x3a, 0x00, 0x10, 0x00, 0x02, 0x00, 0x00, 0x00, 0x1e, 0x00, 0x00, 0x07, 0x82, 0x00, // ..:.............
	0x10, 0x00, 0x02, 0x00, 0x00, 0x00, 0x1a, 0x00, 0x10, 0x00, 0x02, 0x00, 0x00, 0x00, 0x01, 0x40, // ...............@
	0x00, 0x00, 0x01, 0x00, 0x00, 0x00, 0x36, 0x00, 0x00, 0x07, 0x12, 0x00, 0x10, 0x00, 0x03, 0x00, // ......6.........
	0x00, 0x00, 0x0a, 0x30, 0x20, 0x04, 0x08, 0x00, 0x00, 0x00, 0x3a, 0x00, 0x10, 0x00, 0x02, 0x00, // ...0 .....:.....
	0x00, 0x00, 0x31, 0x00, 0x00, 0x07, 0x12, 0x00, 0x10, 0x00, 0x03, 0x00, 0x00, 0x00, 0x0a, 0x10, // ..1.............
	0x10, 0x00, 0x00, 0x00, 0x00, 0x00, 0x0a, 0x00, 0x10, 0x00, 0x03, 0x00, 0x00, 0x00, 0x1f, 0x00, // ................
	0x04, 0x03, 0x0a, 0x00, 0x10, 0x00, 0x03, 0x00, 0x00, 0x00, 0x36, 0x00, 0x00, 0x05, 0x42, 0x00, // ..........6...B.
	0x10, 0x00, 0x00, 0x00, 0x00, 0x00, 0x01, 0x40, 0x00, 0x00, 0xff, 0xff, 0xff, 0xff, 0x36, 0x00, // .......@......6.
	0x00, 0x05, 0x42, 0x00, 0x10, 0x00, 0x02, 0x00, 0x00, 0x00, 0x1a, 0x00, 0x10, 0x00, 0x02, 0x00, // ..B.............
	0x00, 0x00, 0x02, 0x00, 0x00, 0x01, 0x15, 0x00, 0x00, 0x01, 0x36, 0x00, 0x00, 0x05, 0x22, 0x00, // ..........6...".
	0x10, 0x00, 0x02, 0x00, 0x00, 0x00, 0x3a, 0x00, 0x10, 0x00, 0x02, 0x00, 0x00, 0x00, 0x36, 0x00, // ......:.......6.
	0x00, 0x05, 0x42, 0x00, 0x10, 0x00, 0x00, 0x00, 0x00, 0x00, 0x0a, 0x00, 0x10, 0x00, 0x03, 0x00, // ..B.............
	0x00, 0x00, 0x16, 0x00, 0x00, 0x01, 0x37, 0x00, 0x00, 0x09, 0x12, 0x00, 0x10, 0x00, 0x00, 0x00, // ......7.........
	0x00, 0x00, 0x2a, 0x00, 0x10, 0x00, 0x00, 0x00, 0x00, 0x00, 0x2a, 0x00, 0x10, 0x00, 0x02, 0x00, // ..*.......*.....
	0x00, 0x00, 0x0a, 0x00, 0x10, 0x00, 0x00, 0x00, 0x00, 0x00, 0x12, 0x00, 0x00, 0x01, 0x36, 0x00, // ..............6.
	0x00, 0x05, 0x12, 0x00, 0x10, 0x00, 0x00, 0x00, 0x00, 0x00, 0x0a, 0x00, 0x10, 0x00, 0x02, 0x00, // ................
	0x00, 0x00, 0x15, 0x00, 0x00, 0x01, 0x15, 0x00, 0x00, 0x01, 0x24, 0x00, 0x00, 0x07, 0x92, 0x00, // ..........$.....
	0x10, 0x00, 0x00, 0x00, 0x00, 0x00, 0x56, 0x05, 0x10, 0x00, 0x00, 0x00, 0x00, 0x00, 0x06, 0x0c, // ......V.........
	0x10, 0x00, 0x00, 0x00, 0x00, 0x00, 0x25, 0x00, 0x00, 0x07, 0x12, 0x00, 0x10, 0x00, 0x00, 0x00, // ......%.........
	0x00, 0x00, 0x3a, 0x00, 0x10, 0x00, 0x00, 0x00, 0x00, 0x00, 0x0a, 0x00, 0x10, 0x00, 0x00, 0x00, // ..:.............
	0x00, 0x00, 0x36, 0x00, 0x00, 0x07, 0x12, 0x30, 0x20, 0x00, 0x0a, 0x00, 0x00, 0x00, 0x00, 0x00, // ..6....0 .......
	0x00, 0x00, 0x0a, 0x80, 0x20, 0x00, 0x00, 0x00, 0x00, 0x00, 0x19, 0x00, 0x00, 0x00, 0x36, 0x00, // .... .........6.
	0x00, 0x07, 0x12, 0x30, 0x20, 0x00, 0x0a, 0x00, 0x00, 0x00, 0x01, 0x00, 0x00, 0x00, 0x1a, 0x80, // ...0 ...........
	0x20, 0x00, 0x00, 0x00, 0x00, 0x00, 0x19, 0x00, 0x00, 0x00, 0x36, 0x00, 0x00, 0x07, 0x12, 0x30, //  .........6....0
	0x20, 0x00, 0x0a, 0x00, 0x00, 0x00, 0x02, 0x00, 0x00, 0x00, 0x2a, 0x80, 0x20, 0x00, 0x00, 0x00, //  .........*. ...
	0x00, 0x00, 0x19, 0x00, 0x00, 0x00, 0x36, 0x00, 0x00, 0x07, 0x12, 0x30, 0x20, 0x00, 0x0a, 0x00, // ......6....0 ...
	0x00, 0x00, 0x03, 0x00, 0x00, 0x00, 0x3a, 0x80, 0x20, 0x00, 0x00, 0x00, 0x00, 0x00, 0x19, 0x00, // ......:. .......
	0x00, 0x00, 0x36, 0x00, 0x00, 0x07, 0x12, 0x30, 0x20, 0x00, 0x0a, 0x00, 0x00, 0x00, 0x04, 0x00, // ..6....0 .......
	0x00, 0x00, 0x0a, 0x80, 0x20, 0x00, 0x00, 0x00, 0x00, 0x00, 0x1a, 0x00, 0x00, 0x00, 0x36, 0x00, // .... .........6.
	0x00, 0x07, 0x12, 0x30, 0x20, 0x00, 0x0a, 0x00, 0x00, 0x00, 0x05, 0x00, 0x00, 0x00, 0x1a, 0x80, // ...0 ...........
	0x20, 0x00, 0x00, 0x00, 0x00, 0x00, 0x1a, 0x00, 0x00, 0x00, 0x36, 0x00, 0x00, 0x07, 0x12, 0x30, //  .........6....0
	0x20, 0x00, 0x0a, 0x00, 0x00, 0x00, 0x06, 0x00, 0x00, 0x00, 0x2a, 0x80, 0x20, 0x00, 0x00, 0x00, //  .........*. ...
	0x00, 0x00, 0x1a, 0x00, 0x00, 0x00, 0x36, 0x00, 0x00, 0x07, 0x12, 0x30, 0x20, 0x00, 0x0a, 0x00, // ......6....0 ...
	0x00, 0x00, 0x07, 0x00, 0x00, 0x00, 0x3a, 0x80, 0x20, 0x00, 0x00, 0x00, 0x00, 0x00, 0x1a, 0x00, // ......:. .......
	0x00, 0x00, 0x36, 0x00, 0x00, 0x07, 0x12, 0x30, 0x20, 0x00, 0x0a, 0x00, 0x00, 0x00, 0x08, 0x00, // ..6....0 .......
	0x00, 0x00, 0x0a, 0x80, 0x20, 0x00, 0x00, 0x00, 0x00, 0x00, 0x1b, 0x00, 0x00, 0x00, 0x36, 0x00, // .... .........6.
	0x00, 0x07, 0x12, 0x30, 0x20, 0x00, 0x0a, 0x00, 0x00, 0x00, 0x09, 0x00, 0x00, 0x00, 0x1a, 0x80, // ...0 ...........
	0x20, 0x00, 0x00, 0x00, 0x00, 0x00, 0x1b, 0x00, 0x00, 0x00, 0x36, 0x00, 0x00, 0x07, 0x12, 0x30, //  .........6....0
	0x20, 0x00, 0x0a, 0x00, 0x00, 0x00, 0x0a, 0x00, 0x00, 0x00, 0x2a, 0x80, 0x20, 0x00, 0x00, 0x00, //  .........*. ...
	0x00, 0x00, 0x1b, 0x00, 0x00, 0x00, 0x36, 0x00, 0x00, 0x07, 0x12, 0x30, 0x20, 0x00, 0x0a, 0x00, // ......6....0 ...
	0x00, 0x00, 0x0b, 0x00, 0x00, 0x00, 0x3a, 0x80, 0x20, 0x00, 0x00, 0x00, 0x00, 0x00, 0x1b, 0x00, // ......:. .......
	0x00, 0x00, 0x36, 0x00, 0x00, 0x07, 0x12, 0x30, 0x20, 0x00, 0x0a, 0x00, 0x00, 0x00, 0x0c, 0x00, // ..6....0 .......
	0x00, 0x00, 0x0a, 0x80, 0x20, 0x00, 0x00, 0x00, 0x00, 0x00, 0x1c, 0x00, 0x00, 0x00, 0x36, 0x00, // .... .........6.
	0x00, 0x07, 0x12, 0x30, 0x20, 0x00, 0x0a, 0x00, 0x00, 0x00, 0x0d, 0x00, 0x00, 0x00, 0x1a, 0x80, // ...0 ...........
	0x20, 0x00, 0x00, 0x00, 0x00, 0x00, 0x1c, 0x00, 0x00, 0x00, 0x36, 0x00, 0x00, 0x07, 0x12, 0x30, //  .........6....0
	0x20, 0x00, 0x0a, 0x00, 0x00, 0x00, 0x0e, 0x00, 0x00, 0x00, 0x2a, 0x80, 0x20, 0x00, 0x00, 0x00, //  .........*. ...
	0x00, 0x00, 0x1c, 0x00, 0x00, 0x00, 0x36, 0x00, 0x00, 0x07, 0x12, 0x30, 0x20, 0x00, 0x0a, 0x00, // ......6....0 ...
	0x00, 0x00, 0x0f, 0x00, 0x00, 0x00, 0x3a, 0x80, 0x20, 0x00, 0x00, 0x00, 0x00, 0x00, 0x1c, 0x00, // ......:. .......
	0x00, 0x00, 0x36, 0x00, 0x00, 0x06, 0x12, 0x30, 0x20, 0x00, 0x0b, 0x00, 0x00, 0x00, 0x00, 0x00, // ..6....0 .......
	0x00, 0x00, 0x01, 0x40, 0x00, 0x00, 0x00, 0x00, 0x80, 0x3f, 0x1e, 0x00, 0x00, 0x07, 0x42, 0x00, // ...@.....?....B.
	0x10, 0x00, 0x00, 0x00, 0x00, 0x00, 0x0a, 0x00, 0x10, 0x00, 0x00, 0x00, 0x00, 0x00, 0x01, 0x40, // ...............@
	0x00, 0x00, 0x01, 0x00, 0x00, 0x00, 0x36, 0x00, 0x00, 0x05, 0x82, 0x00, 0x10, 0x00, 0x00, 0x00, // ......6.........
	0x00, 0x00, 0x01, 0x40, 0x00, 0x00, 0x01, 0x00, 0x00, 0x00, 0x30, 0x00, 0x00, 0x01, 0x22, 0x00, // ...@......0...".
	0x00, 0x07, 0x82, 0x00, 0x10, 0x00, 0x01, 0x00, 0x00, 0x00, 0x1a, 0x00, 0x10, 0x00, 0x00, 0x00, // ................
	0x00, 0x00, 0x3a, 0x00, 0x10, 0x00, 0x00, 0x00, 0x00, 0x00, 0x03, 0x00, 0x04, 0x03, 0x3a, 0x00, // ..:...........:.
	0x10, 0x00, 0x01, 0x00, 0x00, 0x00, 0x1e, 0x00, 0x00, 0x08, 0x82, 0x00, 0x10, 0x00, 0x01, 0x00, // ................
	0x00, 0x00, 0x3a, 0x00, 0x10, 0x80, 0x41, 0x00, 0x00, 0x00, 0x00, 0x00, 0x00, 0x00, 0x2a, 0x00, // ..:...A.......*.
	0x10, 0x00, 0x00, 0x00, 0x00, 0x00, 0x36, 0x00, 0x00, 0x07, 0x82, 0x00, 0x10, 0x00, 0x01, 0x00, // ......6.........
	0x00, 0x00, 0x0a, 0x30, 0x20, 0x04, 0x0a, 0x00, 0x00, 0x00, 0x3a, 0x00, 0x10, 0x00, 0x01, 0x00, // ...0 .....:.....
	0x00, 0x00, 0x00, 0x00, 0x00, 0x08, 0x82, 0x00, 0x10, 0x00, 0x01, 0x00, 0x00, 0x00, 0x3a, 0x00, // ..............:.
	0x10, 0x80, 0x41, 0x00, 0x00, 0x00, 0x01, 0x00, 0x00, 0x00, 0x0a, 0x10, 0x10, 0x00, 0x00, 0x00, // ..A.............
	0x00, 0x00, 0x36, 0x00, 0x00, 0x07, 0x12, 0x30, 0x20, 0x04, 0x0c, 0x00, 0x00, 0x00, 0x3a, 0x00, // ..6....0 .....:.
	0x10, 0x00, 0x00, 0x00, 0x00, 0x00, 0x3a, 0x00, 0x10, 0x00, 0x01, 0x00, 0x00, 0x00, 0x1e, 0x00, // ......:.........
	0x00, 0x07, 0x82, 0x00, 0x10, 0x00, 0x01, 0x00, 0x00, 0x00, 0x3a, 0x00, 0x10, 0x00, 0x00, 0x00, // ..........:.....
	0x00, 0x00, 0x0a, 0x00, 0x10, 0x00, 0x00, 0x00, 0x00, 0x00, 0x36, 0x00, 0x00, 0x07, 0x82, 0x00, // ..........6.....
	0x10, 0x00, 0x01, 0x00, 0x00, 0x00, 0x0a, 0x30, 0x20, 0x04, 0x0a, 0x00, 0x00, 0x00, 0x3a, 0x00, // .......0 .....:.
	0x10, 0x00, 0x01, 0x00, 0x00, 0x00, 0x00, 0x00, 0x00, 0x08, 0x82, 0x00, 0x10, 0x00, 0x01, 0x00, // ................
	0x00, 0x00, 0x3a, 0x00, 0x10, 0x00, 0x01, 0x00, 0x00, 0x00, 0x0a, 0x10, 0x10, 0x80, 0x41, 0x00, // ..:...........A.
	0x00, 0x00, 0x00, 0x00, 0x00, 0x00, 0x36, 0x00, 0x00, 0x07, 0x12, 0x30, 0x20, 0x04, 0x0d, 0x00, // ......6....0 ...
	0x00, 0x00, 0x3a, 0x00, 0x10, 0x00, 0x00, 0x00, 0x00, 0x00, 0x3a, 0x00, 0x10, 0x00, 0x01, 0x00, // ..:.......:.....
	0x00, 0x00, 0x36, 0x00, 0x00, 0x05, 0x82, 0x00, 0x10, 0x00, 0x01, 0x00, 0x00, 0x00, 0x01, 0x40, // ..6............@
	0x00, 0x00, 0x00, 0x00, 0x00, 0x00, 0x36, 0x00, 0x00, 0x05, 0x12, 0x00, 0x10, 0x00, 0x02, 0x00, // ......6.........
	0x00, 0x00, 0x01, 0x40, 0x00, 0x00, 0x00, 0x00, 0x00, 0x00, 0x30, 0x00, 0x00, 0x01, 0x21, 0x00, // ...@......0...!.
	0x00, 0x07, 0x22, 0x00, 0x10, 0x00, 0x02, 0x00, 0x00, 0x00, 0x0a, 0x00, 0x10, 0x00, 0x02, 0x00, // ..".............
	0x00, 0x00, 0x3a, 0x00, 0x10, 0x00, 0x00, 0x00, 0x00, 0x00, 0x03, 0x00, 0x04, 0x03, 0x1a, 0x00, // ..:.............
	0x10, 0x00, 0x02, 0x00, 0x00, 0x00, 0x1e, 0x00, 0x00, 0x07, 0x22, 0x00, 0x10, 0x00, 0x02, 0x00, // ..........".....
	0x00, 0x00, 0x0a, 0x00, 0x10, 0x00, 0x02, 0x00, 0x00, 0x00, 0x01, 0x40, 0x00, 0x00, 0x01, 0x00, // ...........@....
	0x00, 0x00, 0x36, 0x00, 0x00, 0x07, 0x42, 0x00, 0x10, 0x00, 0x02, 0x00, 0x00, 0x00, 0x0a, 0x30, // ..6...B........0
	0x20, 0x04, 0x0d, 0x00, 0x00, 0x00, 0x1a, 0x00, 0x10, 0x00, 0x02, 0x00, 0x00, 0x00, 0x1e, 0x00, //  ...............
	0x00, 0x08, 0x82, 0x00, 0x10, 0x00, 0x02, 0x00, 0x00, 0x00, 0x3a, 0x00, 0x10, 0x00, 0x00, 0x00, // ..........:.....
	0x00, 0x00, 0x0a, 0x00, 0x10, 0x80, 0x41, 0x00, 0x00, 0x00, 0x02, 0x00, 0x00, 0x00, 0x36, 0x00, // ......A.......6.
	0x00, 0x07, 0x82, 0x00, 0x10, 0x00, 0x02, 0x00, 0x00, 0x00, 0x0a, 0x30, 0x20, 0x04, 0x0c, 0x00, // ...........0 ...
	0x00, 0x00, 0x3a, 0x00, 0x10, 0x00, 0x02, 0x00, 0x00, 0x00, 0x00, 0x00, 0x00, 0x07, 0x12, 0x00, // ..:.............
	0x10, 0x00, 0x03, 0x00, 0x00, 0x00, 0x3a, 0x00, 0x10, 0x00, 0x02, 0x00, 0x00, 0x00, 0x2a, 0x00, // ......:.......*.
	0x10, 0x00, 0x02, 0x00, 0x00, 0x00, 0x39, 0x00, 0x00, 0x07, 0x22, 0x00, 0x10, 0x00, 0x03, 0x00, // ......9...".....
	0x00, 0x00, 0x0a, 0x00, 0x10, 0x00, 0x03, 0x00, 0x00, 0x00, 0x01, 0x40, 0x00, 0x00, 0x00, 0x00, // ...........@....
	0x00, 0x00, 0x36, 0x00, 0x00, 0x07, 0x42, 0x00, 0x10, 0x00, 0x03, 0x00, 0x00, 0x00, 0x0a, 0x30, // ..6...B........0
	0x20, 0x04, 0x0b, 0x00, 0x00, 0x00, 0x0a, 0x00, 0x10, 0x00, 0x02, 0x00, 0x00, 0x00, 0x0e, 0x00, //  ...............
	0x00, 0x07, 0x12, 0x00, 0x10, 0x00, 0x03, 0x00, 0x00, 0x00, 0x2a, 0x00, 0x10, 0x00, 0x03, 0x00, // ..........*.....
	0x00, 0x00, 0x0a, 0x00, 0x10, 0x00, 0x03, 0x00, 0x00, 0x00, 0x01, 0x00, 0x00, 0x07, 0x12, 0x00, // ................
	0x10, 0x00, 0x03, 0x00, 0x00, 0x00, 0x0a, 0x00, 0x10, 0x00, 0x03, 0x00, 0x00, 0x00, 0x1a, 0x00, // ................
	0x10, 0x00, 0x03, 0x00, 0x00, 0x00, 0x32, 0x00, 0x00, 0x09, 0x42, 0x00, 0x10, 0x00, 0x02, 0x00, // ......2...B.....
	0x00, 0x00, 0x2a, 0x00, 0x10, 0x00, 0x02, 0x00, 0x00, 0x00, 0x0a, 0x00, 0x10, 0x00, 0x03, 0x00, // ..*.............
	0x00, 0x00, 0x3a, 0x00, 0x10, 0x00, 0x01, 0x00, 0x00, 0x00, 0x36, 0x00, 0x00, 0x07, 0x12, 0x30, // ..:.......6....0
	0x20, 0x04, 0x0b, 0x00, 0x00, 0x00, 0x0a, 0x00, 0x10, 0x00, 0x02, 0x00, 0x00, 0x00, 0x2a, 0x00, //  .............*.
	0x10, 0x00, 0x02, 0x00, 0x00, 0x00, 0x38, 0x00, 0x00, 0x07, 0x82, 0x00, 0x10, 0x00, 0x01, 0x00, // ......8.........
	0x00, 0x00, 0x3a, 0x00, 0x10, 0x00, 0x02, 0x00, 0x00, 0x00, 0x0a, 0x00, 0x10, 0x00, 0x03, 0x00, // ..:.............
	0x00, 0x00, 0x36, 0x00, 0x00, 0x05, 0x12, 0x00, 0x10, 0x00, 0x02, 0x00, 0x00, 0x00, 0x1a, 0x00, // ..6.............
	0x10, 0x00, 0x02, 0x00, 0x00, 0x00, 0x16, 0x00, 0x00, 0x01, 0x36, 0x00, 0x00, 0x07, 0x12, 0x30, // ..........6....0
	0x20, 0x04, 0x0b, 0x00, 0x00, 0x00, 0x3a, 0x00, 0x10, 0x00, 0x00, 0x00, 0x00, 0x00, 0x3a, 0x00, //  .....:.......:.
	0x10, 0x00, 0x01, 0x00, 0x00, 0x00, 0x1e, 0x00, 0x00, 0x07, 0x82, 0x00, 0x10, 0x00, 0x00, 0x00, // ................
	0x00, 0x00, 0x3a, 0x00, 0x10, 0x00, 0x00, 0x00, 0x00, 0x00, 0x01, 0x40, 0x00, 0x00, 0x01, 0x00, // ..:........@....
	0x00, 0x00, 0x16, 0x00, 0x00, 0x01, 0x36, 0x00, 0x00, 0x06, 0x42, 0x00, 0x10, 0x00, 0x00, 0x00, // ......6...B.....
	0x00, 0x00, 0x0a, 0x30, 0x20, 0x00, 0x0b, 0x00, 0x00, 0x00, 0x00, 0x00, 0x00, 0x00, 0x36, 0x00, // ...0 .........6.
	0x00, 0x06, 0x82, 0x00, 0x10, 0x00, 0x00, 0x00, 0x00, 0x00, 0x0a, 0x30, 0x20, 0x00, 0x0b, 0x00, // ...........0 ...
	0x00, 0x00, 0x01, 0x00, 0x00, 0x00, 0x36, 0x00, 0x00, 0x06, 0x82, 0x00, 0x10, 0x00, 0x01, 0x00, // ......6.........
	0x00, 0x00, 0x0a, 0x30, 0x20, 0x00, 0x0b, 0x00, 0x00, 0x00, 0x02, 0x00, 0x00, 0x00, 0x36, 0x00, // ...0 .........6.
	0x00, 0x06, 0x12, 0x00, 0x10, 0x00, 0x02, 0x00, 0x00, 0x00, 0x0a, 0x30, 0x20, 0x00, 0x0b, 0x00, // ...........0 ...
	0x00, 0x00, 0x03, 0x00, 0x00, 0x00, 0x36, 0x00, 0x00, 0x06, 0x22, 0x00, 0x10, 0x00, 0x02, 0x00, // ......6...".....
	0x00, 0x00, 0x0a, 0x30, 0x20, 0x00, 0x0b, 0x00, 0x00, 0x00, 0x04, 0x00, 0x00, 0x00, 0x36, 0x00, // ...0 .........6.
	0x00, 0x06, 0x42, 0x00, 0x10, 0x00, 0x02, 0x00, 0x00, 0x00, 0x0a, 0x30, 0x20, 0x00, 0x0b, 0x00, // ..B........0 ...
	0x00, 0x00, 0x05, 0x00, 0x00, 0x00, 0x36, 0x00, 0x00, 0x06, 0x82, 0x00, 0x10, 0x00, 0x02, 0x00, // ......6.........
	0x00, 0x00, 0x0a, 0x30, 0x20, 0x00, 0x0b, 0x00, 0x00, 0x00, 0x06, 0x00, 0x00, 0x00, 0x36, 0x00, // ...0 .........6.
	0x00, 0x06, 0x12, 0x00, 0x10, 0x00, 0x03, 0x00, 0x00, 0x00, 0x0a, 0x30, 0x20, 0x00, 0x0b, 0x00, // ...........0 ...
	0x00, 0x00, 0x07, 0x00, 0x00, 0x00, 0x36, 0x00, 0x00, 0x06, 0x22, 0x00, 0x10, 0x00, 0x03, 0x00, // ......6...".....
	0x00, 0x00, 0x0a, 0x30, 0x20, 0x00, 0x0b, 0x00, 0x00, 0x00, 0x08, 0x00, 0x00, 0x00, 0x36, 0x00, // ...0 .........6.
	0x00, 0x06, 0x42, 0x00, 0x10, 0x00, 0x03, 0x00, 0x00, 0x00, 0x0a, 0x30, 0x20, 0x00, 0x0b, 0x00, // ..B........0 ...
	0x00, 0x00, 0x09, 0x00, 0x00, 0x00, 0x36, 0x00, 0x00, 0x06, 0x82, 0x00, 0x10, 0x00, 0x03, 0x00, // ......6.........
	0x00, 0x00, 0x0a, 0x30, 0x20, 0x00, 0x0b, 0x00, 0x00, 0x00, 0x0a, 0x00, 0x00, 0x00, 0x36, 0x00, // ...0 .........6.
	0x00, 0x06, 0x12, 0x00, 0x10, 0x00, 0x04, 0x00, 0x00, 0x00, 0x0a, 0x30, 0x20, 0x00, 0x0b, 0x00, // ...........0 ...
	0x00, 0x00, 0x0b, 0x00, 0x00, 0x00, 0x36, 0x00, 0x00, 0x06, 0x22, 0x00, 0x10, 0x00, 0x04, 0x00, // ......6...".....
	0x00, 0x00, 0x0a, 0x30, 0x20, 0x00, 0x0b, 0x00, 0x00, 0x00, 0x0c, 0x00, 0x00, 0x00, 0x36, 0x00, // ...0 .........6.
	0x00, 0x06, 0x42, 0x00, 0x10, 0x00, 0x04, 0x00, 0x00, 0x00, 0x0a, 0x30, 0x20, 0x00, 0x0b, 0x00, // ..B........0 ...
	0x00, 0x00, 0x0d, 0x00, 0x00, 0x00, 0x36, 0x00, 0x00, 0x06, 0x82, 0x00, 0x10, 0x00, 0x04, 0x00, // ......6.........
	0x00, 0x00, 0x0a, 0x30, 0x20, 0x00, 0x0b, 0x00, 0x00, 0x00, 0x0e, 0x00, 0x00, 0x00, 0x36, 0x00, // ...0 .........6.
	0x00, 0x06, 0x12, 0x00, 0x10, 0x00, 0x05, 0x00, 0x00, 0x00, 0x0a, 0x30, 0x20, 0x00, 0x0b, 0x00, // ...........0 ...
	0x00, 0x00, 0x0f, 0x00, 0x00, 0x00, 0x36, 0x00, 0x00, 0x06, 0x12, 0x30, 0x20, 0x00, 0x09, 0x00, // ......6....0 ...
	0x00, 0x00, 0x00, 0x00, 0x00, 0x00, 0x2a, 0x00, 0x10, 0x00, 0x00, 0x00, 0x00, 0x00, 0x36, 0x00, // ......*.......6.
	0x00, 0x06, 0x12, 0x30, 0x20, 0x00, 0x09, 0x00, 0x00, 0x00, 0x01, 0x00, 0x00, 0x00, 0x3a, 0x00, // ...0 .........:.
	0x10, 0x00, 0x00, 0x00, 0x00, 0x00, 0x36, 0x00, 0x00, 0x06, 0x12, 0x30, 0x20, 0x00, 0x09, 0x00, // ......6....0 ...
	0x00, 0x00, 0x02, 0x00, 0x00, 0x00, 0x3a, 0x00, 0x10, 0x00, 0x01, 0x00, 0x00, 0x00, 0x36, 0x00, // ......:.......6.
	0x00, 0x06, 0x12, 0x30, 0x20, 0x00, 0x09, 0x00, 0x00, 0x00, 0x03, 0x00, 0x00, 0x00, 0x0a, 0x00, // ...0 ...........
	0x10, 0x00, 0x02, 0x00, 0x00, 0x00, 0x36, 0x00, 0x00, 0x06, 0x12, 0x30, 0x20, 0x00, 0x09, 0x00, // ......6....0 ...
	0x00, 0x00, 0x04, 0x00, 0x00, 0x00, 0x1a, 0x00, 0x10, 0x00, 0x02, 0x00, 0x00, 0x00, 0x36, 0x00, // ..............6.
	0x00, 0x06, 0x12, 0x30, 0x20, 0x00, 0x09, 0x00, 0x00, 0x00, 0x05, 0x00, 0x00, 0x00, 0x2a, 0x00, // ...0 .........*.
	0x10, 0x00, 0x02, 0x00, 0x00, 0x00, 0x36, 0x00, 0x00, 0x06, 0x12, 0x30, 0x20, 0x00, 0x09, 0x00, // ......6....0 ...
	0x00, 0x00, 0x06, 0x00, 0x00, 0x00, 0x3a, 0x00, 0x10, 0x00, 0x02, 0x00, 0x00, 0x00, 0x36, 0x00, // ......:.......6.
	0x00, 0x06, 0x12, 0x30, 0x20, 0x00, 0x09, 0x00, 0x00, 0x00, 0x07, 0x00, 0x00, 0x00, 0x0a, 0x00, // ...0 ...........
	0x10, 0x00, 0x03, 0x00, 0x00, 0x00, 0x36, 0x00, 0x00, 0x06, 0x12, 0x30, 0x20, 0x00, 0x09, 0x00, // ......6....0 ...
	0x00, 0x00, 0x08, 0x00, 0x00, 0x00, 0x1a, 0x00, 0x10, 0x00, 0x03, 0x00, 0x00, 0x00, 0x36, 0x00, // ..............6.
	0x00, 0x06, 0x12, 0x30, 0x20, 0x00, 0x09, 0x00, 0x00, 0x00, 0x09, 0x00, 0x00, 0x00, 0x2a, 0x00, // ...0 .........*.
	0x10, 0x00, 0x03, 0x00, 0x00, 0x00, 0x36, 0x00, 0x00, 0x06, 0x12, 0x30, 0x20, 0x00, 0x09, 0x00, // ......6....0 ...
	0x00, 0x00, 0x0a, 0x00, 0x00, 0x00, 0x3a, 0x00, 0x10, 0x00, 0x03, 0x00, 0x00, 0x00, 0x36, 0x00, // ......:.......6.
	0x00, 0x06, 0x12, 0x30, 0x20, 0x00, 0x09, 0x00, 0x00, 0x00, 0x0b, 0x00, 0x00, 0x00, 0x0a, 0x00, // ...0 ...........
	0x10, 0x00, 0x04, 0x00, 0x00, 0x00, 0x36, 0x00, 0x00, 0x06, 0x12, 0x30, 0x20, 0x00, 0x09, 0x00, // ......6....0 ...
	0x00, 0x00, 0x0c, 0x00, 0x00, 0x00, 0x1a, 0x00, 0x10, 0x00, 0x04, 0x00, 0x00, 0x00, 0x36, 0x00, // ..............6.
	0x00, 0x06, 0x12, 0x30, 0x20, 0x00, 0x09, 0x00, 0x00, 0x00, 0x0d, 0x00, 0x00, 0x00, 0x2a, 0x00, // ...0 .........*.
	0x10, 0x00, 0x04, 0x00, 0x00, 0x00, 0x36, 0x00, 0x00, 0x06, 0x12, 0x30, 0x20, 0x00, 0x09, 0x00, // ......6....0 ...
	0x00, 0x00, 0x0e, 0x00, 0x00, 0x00, 0x3a, 0x00, 0x10, 0x00, 0x04, 0x00, 0x00, 0x00, 0x36, 0x00, // ......:.......6.
	0x00, 0x06, 0x12, 0x30, 0x20, 0x00, 0x09, 0x00, 0x00, 0x00, 0x0f, 0x00, 0x00, 0x00, 0x0a, 0x00, // ...0 ...........
	0x10, 0x00, 0x05, 0x00, 0x00, 0x00, 0x1e, 0x00, 0x00, 0x08, 0x12, 0x00, 0x10, 0x00, 0x00, 0x00, // ................
	0x00, 0x00, 0x1a, 0x00, 0x10, 0x80, 0x41, 0x00, 0x00, 0x00, 0x00, 0x00, 0x00, 0x00, 0x0a, 0x00, // ......A.........
	0x10, 0x00, 0x00, 0x00, 0x00, 0x00, 0x36, 0x00, 0x00, 0x08, 0x72, 0x00, 0x10, 0x00, 0x02, 0x00, // ......6...r.....
	0x00, 0x00, 0x02, 0x40, 0x00, 0x00, 0x00, 0x00, 0x00, 0x00, 0x00, 0x00, 0x00, 0x00, 0x00, 0x00, // ...@............
	0x00, 0x00, 0x00, 0x00, 0x00, 0x00, 0x36, 0x00, 0x00, 0x08, 0xc2, 0x00, 0x10, 0x00, 0x00, 0x00, // ......6.........
	0x00, 0x00, 0x02, 0x40, 0x00, 0x00, 0x00, 0x00, 0x00, 0x00, 0x00, 0x00, 0x00, 0x00, 0x00, 0x00, // ...@............
	0x00, 0x00, 0x00, 0x00, 0x00, 0x00, 0x30, 0x00, 0x00, 0x01, 0x22, 0x00, 0x00, 0x07, 0x82, 0x00, // ......0...".....
	0x10, 0x00, 0x01, 0x00, 0x00, 0x00, 0x1a, 0x00, 0x10, 0x00, 0x00, 0x00, 0x00, 0x00, 0x3a, 0x00, // ..............:.
	0x10, 0x00, 0x00, 0x00, 0x00, 0x00, 0x03, 0x00, 0x04, 0x03, 0x3a, 0x00, 0x10, 0x00, 0x01, 0x00, // ..........:.....
	0x00, 0x00, 0x1e, 0x00, 0x00, 0x07, 0x82, 0x00, 0x10, 0x00, 0x01, 0x00, 0x00, 0x00, 0x3a, 0x00, // ..............:.
	0x10, 0x00, 0x00, 0x00, 0x00, 0x00, 0x0a, 0x00, 0x10, 0x00, 0x00, 0x00, 0x00, 0x00, 0x36, 0x00, // ..............6.
	0x00, 0x07, 0x82, 0x00, 0x10, 0x00, 0x02, 0x00, 0x00, 0x00, 0x0a, 0x30, 0x20, 0x04, 0x09, 0x00, // ...........0 ...
	0x00, 0x00, 0x3a, 0x00, 0x10, 0x00, 0x00, 0x00, 0x00, 0x00, 0x36, 0x00, 0x00, 0x07, 0x12, 0x00, // ..:.......6.....
	0x10, 0x00, 0x03, 0x00, 0x00, 0x00, 0x0a, 0x30, 0x20, 0x04, 0x07, 0x00, 0x00, 0x00, 0x3a, 0x00, // .......0 .....:.
	0x10, 0x00, 0x01, 0x00, 0x00, 0x00, 0x38, 0x00, 0x00, 0x07, 0x22, 0x00, 0x10, 0x00, 0x03, 0x00, // ......8...".....
	0x00, 0x00, 0x3a, 0x00, 0x10, 0x00, 0x02, 0x00, 0x00, 0x00, 0x0a, 0x00, 0x10, 0x00, 0x03, 0x00, // ..:.............
	0x00, 0x00, 0x32, 0x00, 0x00, 0x0c, 0x72, 0x00, 0x10, 0x00, 0x02, 0x00, 0x00, 0x00, 0x56, 0x05, // ..2...r.......V.
	0x10, 0x00, 0x03, 0x00, 0x00, 0x00, 0x46, 0x82, 0x20, 0x06, 0x00, 0x00, 0x00, 0x00, 0x09, 0x00, // ......F. .......
	0x00, 0x00, 0x3a, 0x00, 0x10, 0x00, 0x01, 0x00, 0x00, 0x00, 0x46, 0x02, 0x10, 0x00, 0x02, 0x00, // ..:.......F.....
	0x00, 0x00, 0x32, 0x00, 0x00, 0x09, 0x42, 0x00, 0x10, 0x00, 0x00, 0x00, 0x00, 0x00, 0x3a, 0x00, // ..2...B.......:.
	0x10, 0x00, 0x02, 0x00, 0x00, 0x00, 0x0a, 0x00, 0x10, 0x00, 0x03, 0x00, 0x00, 0x00, 0x2a, 0x00, // ..............*.
	0x10, 0x00, 0x00, 0x00, 0x00, 0x00, 0x1e, 0x00, 0x00, 0x07, 0x82, 0x00, 0x10, 0x00, 0x00, 0x00, // ................
	0x00, 0x00, 0x3a, 0x00, 0x10, 0x00, 0x00, 0x00, 0x00, 0x00, 0x01, 0x40, 0x00, 0x00, 0x01, 0x00, // ..:........@....
	0x00, 0x00, 0x16, 0x00, 0x00, 0x01, 0x31, 0x00, 0x00, 0x07, 0x12, 0x00, 0x10, 0x00, 0x00, 0x00, // ......1.........
	0x00, 0x00, 0x01, 0x40, 0x00, 0x00, 0x00, 0x00, 0x00, 0x00, 0x2a, 0x00, 0x10, 0x00, 0x00, 0x00, // ...@......*.....
	0x00, 0x00, 0x0e, 0x00, 0x00, 0x07, 0xe2, 0x00, 0x10, 0x00, 0x00, 0x00, 0x00, 0x00, 0x06, 0x09, // ................
	0x10, 0x00, 0x02, 0x00, 0x00, 0x00, 0xa6, 0x0a, 0x10, 0x00, 0x00, 0x00, 0x00, 0x00, 0x01, 0x00, // ................
	0x00, 0x07, 0x72, 0x00, 0x10, 0x00, 0x01, 0x00, 0x00, 0x00, 0x96, 0x07, 0x10, 0x00, 0x00, 0x00, // ..r.............
	0x00, 0x00, 0x06, 0x00, 0x10, 0x00, 0x00, 0x00, 0x00, 0x00, 0x12, 0x00, 0x00, 0x01, 0x32, 0x00, // ..............2.
	0x00, 0x0b, 0x12, 0x00, 0x10, 0x00, 0x00, 0x00, 0x00, 0x00, 0x2a, 0x80, 0x20, 0x00, 0x00, 0x00, // ..........*. ...
	0x00, 0x00, 0x1f, 0x00, 0x00, 0x00, 0x0a, 0x10, 0x10, 0x00, 0x00, 0x00, 0x00, 0x00, 0x1a, 0x80, // ................
	0x20, 0x00, 0x00, 0x00, 0x00, 0x00, 0x1f, 0x00, 0x00, 0x00, 0x4d, 0x00, 0x00, 0x07, 0x12, 0x00, //  .........M.....
	0x10, 0x00, 0x00, 0x00, 0x00, 0x00, 0x12, 0x00, 0x10, 0x00, 0x02, 0x00, 0x00, 0x00, 0x0a, 0x00, // ................
	0x10, 0x00, 0x00, 0x00, 0x00, 0x00, 0x10, 0x00, 0x00, 0x09, 0x22, 0x00, 0x10, 0x00, 0x00, 0x00, // ..........".....
	0x00, 0x00, 0x46, 0x82, 0x20, 0x00, 0x00, 0x00, 0x00, 0x00, 0x0a, 0x00, 0x00, 0x00, 0x46, 0x82, // ..F. .........F.
	0x20, 0x00, 0x00, 0x00, 0x00, 0x00, 0x0a, 0x00, 0x00, 0x00, 0x44, 0x00, 0x00, 0x05, 0x22, 0x00, //  .........D...".
	0x10, 0x00, 0x00, 0x00, 0x00, 0x00, 0x1a, 0x00, 0x10, 0x00, 0x00, 0x00, 0x00, 0x00, 0x38, 0x00, // ..............8.
	0x00, 0x08, 0xe2, 0x00, 0x10, 0x00, 0x00, 0x00, 0x00, 0x00, 0x56, 0x05, 0x10, 0x00, 0x00, 0x00, // ..........V.....
	0x00, 0x00, 0x06, 0x89, 0x20, 0x00, 0x00, 0x00, 0x00, 0x00, 0x0a, 0x00, 0x00, 0x00, 0x10, 0x00, // .... ...........
	0x00, 0x09, 0x82, 0x00, 0x10, 0x00, 0x01, 0x00, 0x00, 0x00, 0x46, 0x82, 0x20, 0x00, 0x00, 0x00, // ..........F. ...
	0x00, 0x00, 0x0b, 0x00, 0x00, 0x00, 0x46, 0x82, 0x20, 0x00, 0x00, 0x00, 0x00, 0x00, 0x0b, 0x00, // ......F. .......
	0x00, 0x00, 0x44, 0x00, 0x00, 0x05, 0x82, 0x00, 0x10, 0x00, 0x01, 0x00, 0x00, 0x00, 0x3a, 0x00, // ..D...........:.
	0x10, 0x00, 0x01, 0x00, 0x00, 0x00, 0x38, 0x00, 0x00, 0x08, 0xe2, 0x00, 0x10, 0x00, 0x02, 0x00, // ......8.........
	0x00, 0x00, 0xf6, 0x0f, 0x10, 0x00, 0x01, 0x00, 0x00, 0x00, 0x06, 0x89, 0x20, 0x00, 0x00, 0x00, // ............ ...
	0x00, 0x00, 0x0b, 0x00, 0x00, 0x00, 0x38, 0x00, 0x00, 0x07, 0xe2, 0x00, 0x10, 0x00, 0x02, 0x00, // ......8.........
	0x00, 0x00, 0x06, 0x00, 0x10, 0x00, 0x00, 0x00, 0x00, 0x00, 0x56, 0x0e, 0x10, 0x00, 0x02, 0x00, // ..........V.....
	0x00, 0x00, 0x32, 0x00, 0x00, 0x09, 0x72, 0x00, 0x10, 0x00, 0x00, 0x00, 0x00, 0x00, 0x06, 0x00, // ..2...r.........
	0x10, 0x00, 0x02, 0x00, 0x00, 0x00, 0x96, 0x07, 0x10, 0x00, 0x00, 0x00, 0x00, 0x00, 0x96, 0x07, // ................
	0x10, 0x00, 0x02, 0x00, 0x00, 0x00, 0x32, 0x00, 0x00, 0x0b, 0x72, 0x00, 0x10, 0x00, 0x01, 0x00, // ......2...r.....
	0x00, 0x00, 0x06, 0x80, 0x20, 0x00, 0x00, 0x00, 0x00, 0x00, 0x1f, 0x00, 0x00, 0x00, 0x46, 0x02, // .... .........F.
	0x10, 0x00, 0x00, 0x00, 0x00, 0x00, 0x46, 0x82, 0x20, 0x00, 0x00, 0x00, 0x00, 0x00, 0x09, 0x00, // ......F. .......
	0x00, 0x00, 0x15, 0x00, 0x00, 0x01, 0x15, 0x00, 0x00, 0x01, 0x15, 0x00, 0x00, 0x01, 0x38, 0x00, // ..............8.
	0x00, 0x08, 0xf2, 0x00, 0x10, 0x00, 0x00, 0x00, 0x00, 0x00, 0x56, 0x05, 0x10, 0x00, 0x01, 0x00, // ..........V.....
	0x00, 0x00, 0x46, 0x8e, 0x20, 0x00, 0x00, 0x00, 0x00, 0x00, 0x01, 0x00, 0x00, 0x00, 0x32, 0x00, // ..F. .........2.
	0x00, 0x0a, 0xf2, 0x00, 0x10, 0x00, 0x00, 0x00, 0x00, 0x00, 0x46, 0x8e, 0x20, 0x00, 0x00, 0x00, // ..........F. ...
	0x00, 0x00, 0x00, 0x00, 0x00, 0x00, 0x06, 0x00, 0x10, 0x00, 0x01, 0x00, 0x00, 0x00, 0x46, 0x0e, // ..............F.
	0x10, 0x00, 0x00, 0x00, 0x00, 0x00, 0x32, 0x00, 0x00, 0x0a, 0xf2, 0x00, 0x10, 0x00, 0x00, 0x00, // ......2.........
	0x00, 0x00, 0x46, 0x8e, 0x20, 0x00, 0x00, 0x00, 0x00, 0x00, 0x02, 0x00, 0x00, 0x00, 0xa6, 0x0a, // ..F. ...........
	0x10, 0x00, 0x01, 0x00, 0x00, 0x00, 0x46, 0x0e, 0x10, 0x00, 0x00, 0x00, 0x00, 0x00, 0x00, 0x00, // ......F.........
	0x00, 0x08, 0xf2, 0x00, 0x10, 0x00, 0x00, 0x00, 0x00, 0x00, 0x46, 0x0e, 0x10, 0x00, 0x00, 0x00, // ..........F.....
	0x00, 0x00, 0x46, 0x8e, 0x20, 0x00, 0x00, 0x00, 0x00, 0x00, 0x03, 0x00, 0x00, 0x00, 0x00, 0x00, // ..F. ...........
	0x00, 0x08, 0x42, 0x00, 0x10, 0x00, 0x00, 0x00, 0x00, 0x00, 0x2a, 0x00, 0x10, 0x00, 0x00, 0x00, // ..B.......*.....
	0x00, 0x00, 0x0a, 0x80, 0x20, 0x00, 0x00, 0x00, 0x00, 0x00, 0x08, 0x00, 0x00, 0x00, 0x36, 0x00, // .... .........6.
	0x00, 0x06, 0x12, 0x20, 0x10, 0x00, 0x02, 0x00, 0x00, 0x00, 0x2a, 0x00, 0x10, 0x80, 0x41, 0x00, // ... ......*...A.
	0x00, 0x00, 0x00, 0x00, 0x00, 0x00, 0x38, 0x00, 0x00, 0x08, 0xf2, 0x00, 0x10, 0x00, 0x01, 0x00, // ......8.........
	0x00, 0x00, 0x56, 0x05, 0x10, 0x00, 0x00, 0x00, 0x00, 0x00, 0x46, 0x8e, 0x20, 0x00, 0x00, 0x00, // ..V.......F. ...
	0x00, 0x00, 0x05, 0x00, 0x00, 0x00, 0x32, 0x00, 0x00, 0x0a, 0xf2, 0x00, 0x10, 0x00, 0x01, 0x00, // ......2.........
	0x00, 0x00, 0x46, 0x8e, 0x20, 0x00, 0x00, 0x00, 0x00, 0x00, 0x04, 0x00, 0x00, 0x00, 0x06, 0x00, // ..F. ...........
	0x10, 0x00, 0x00, 0x00, 0x00, 0x00, 0x46, 0x0e, 0x10, 0x00, 0x01, 0x00, 0x00, 0x00, 0x32, 0x00, // ......F.......2.
	0x00, 0x0a, 0xf2, 0x00, 0x10, 0x00, 0x01, 0x00, 0x00, 0x00, 0x46, 0x8e, 0x20, 0x00, 0x00, 0x00, // ..........F. ...
	0x00, 0x00, 0x06, 0x00, 0x00, 0x00, 0xa6, 0x0a, 0x10, 0x00, 0x00, 0x00, 0x00, 0x00, 0x46, 0x0e, // ..............F.
	0x10, 0x00, 0x01, 0x00, 0x00, 0x00, 0x32, 0x00, 0x00, 0x0a, 0xf2, 0x20, 0x10, 0x00, 0x00, 0x00, // ......2.... ....
	0x00, 0x00, 0x46, 0x8e, 0x20, 0x00, 0x00, 0x00, 0x00, 0x00, 0x07, 0x00, 0x00, 0x00, 0xf6, 0x0f, // ..F. ...........
	0x10, 0x00, 0x00, 0x00, 0x00, 0x00, 0x46, 0x0e, 0x10, 0x00, 0x01, 0x00, 0x00, 0x00, 0x36, 0x00, // ......F.......6.
	0x00, 0x06, 0xf2, 0x20, 0x10, 0x00, 0x01, 0x00, 0x00, 0x00, 0x46, 0x8e, 0x20, 0x00, 0x00, 0x00, // ... ......F. ...
	0x00, 0x00, 0x1e, 0x00, 0x00, 0x00, 0x3e, 0x00, 0x00, 0x01, 0x00, 0x01, 0x01, 0x00, 0x00, 0x02, // ......>.........
};

static const uint8_t vs_curve_dx12[10644] =
{
	0x56, 0x53, 0x48, 0x0b, 0x00, 0x00, 0x00, 0x00, 0x16, 0x75, 0x06, 0xff, 0x08, 0x00, 0x05, 0x75, // VSH......u.....u
	0x56, 0x69, 0x65, 0x77, 0x04, 0x00, 0x00, 0x00, 0x04, 0x00, 0x00, 0x00, 0x00, 0x00, 0x0a, 0x70, // View...........p
	0x72, 0x6f, 0x6a, 0x65, 0x63, 0x74, 0x69, 0x6f, 0x6e, 0x04, 0x00, 0x40, 0x00, 0x04, 0x00, 0x00, // rojection..@....
	0x00, 0x00, 0x00, 0x0c, 0x75, 0x4c, 0x61, 0x79, 0x65, 0x72, 0x4f, 0x66, 0x66, 0x73, 0x65, 0x74, // ....uLayerOffset
	0x02, 0x00, 0x80, 0x00, 0x01, 0x00, 0x00, 0x00, 0x00, 0x00, 0x08, 0x75, 0x43, 0x75, 0x72, 0x76, // ...........uCurv
	0x65, 0x43, 0x50, 0x02, 0x10, 0x90, 0x00, 0x10, 0x00, 0x00, 0x00, 0x00, 0x00, 0x0a, 0x75, 0x43, // eCP...........uC
	0x75, 0x72, 0x76, 0x65, 0x4b, 0x6e, 0x6f, 0x74, 0x02, 0x04, 0x90, 0x01, 0x04, 0x00, 0x00, 0x00, // urveKnot........
	0x00, 0x00, 0x0c, 0x75, 0x43, 0x75, 0x72, 0x76, 0x65, 0x50, 0x61, 0x72, 0x61, 0x6d, 0x73, 0x02, // ...uCurveParams.
	0x00, 0xd0, 0x01, 0x01, 0x00, 0x00, 0x00, 0x00, 0x00, 0x0b, 0x75, 0x43, 0x75, 0x72, 0x76, 0x65, // ..........uCurve
	0x43, 0x6f, 0x6c, 0x6f, 0x72, 0x02, 0x00, 0xe0, 0x01, 0x01, 0x00, 0x00, 0x00, 0x00, 0x00, 0x04, // Color...........
	0x75, 0x41, 0x72, 0x63, 0x02, 0x00, 0xf0, 0x01, 0x01, 0x00, 0x00, 0x00, 0x00, 0x00, 0xdc, 0x28, // uArc...........(
	0x00, 0x00, 0x44, 0x58, 0x42, 0x43, 0x27, 0x17, 0x20, 0xae, 0x47, 0x35, 0xdd, 0x39, 0x67, 0x3b, // ..DXBC'. .G5.9g;
	0x54, 0x0d, 0x6a, 0xd0, 0xde, 0xb1, 0x01, 0x00, 0x00, 0x00, 0xdc, 0x28, 0x00, 0x00, 0x03, 0x00, // T.j........(....
	0x00, 0x00, 0x2c, 0x00, 0x00, 0x00, 0x60, 0x00, 0x00, 0x00, 0xd4, 0x00, 0x00, 0x00, 0x49, 0x53, // ..,...`.......IS
	0x47, 0x4e, 0x2c, 0x00, 0x00, 0x00, 0x01, 0x00, 0x00, 0x00, 0x08, 0x00, 0x00, 0x00, 0x20, 0x00, // GN,........... .
	0x00, 0x00, 0x00, 0x00, 0x00, 0x00, 0x00, 0x00, 0x00, 0x00, 0x03, 0x00, 0x00, 0x00, 0x00, 0x00, // ................
	0x00, 0x00, 0x03, 0x01, 0x00, 0x00, 0x50, 0x4f, 0x53, 0x49, 0x54, 0x49, 0x4f, 0x4e, 0x00, 0xab, // ......POSITION..
	0xab, 0xab, 0x4f, 0x53, 0x47, 0x4e, 0x6c, 0x00, 0x00, 0x00, 0x03, 0x00, 0x00, 0x00, 0x08, 0x00, // ..OSGNl.........
	0x00, 0x00, 0x50, 0x00, 0x00, 0x00, 0x00, 0x00, 0x00, 0x00, 0x01, 0x00, 0x00, 0x00, 0x03, 0x00, // ..P.............
	0x00, 0x00, 0x00, 0x00, 0x00, 0x00, 0x0f, 0x00, 0x00, 0x00, 0x5c, 0x00, 0x00, 0x00, 0x00, 0x00, // ................
	0x00, 0x00, 0x00, 0x00, 0x00, 0x00, 0x03, 0x00, 0x00, 0x00, 0x01, 0x00, 0x00, 0x00, 0x0f, 0x00, // ................
	0x00, 0x00, 0x62, 0x00, 0x00, 0x00, 0x00, 0x00, 0x00, 0x00, 0x00, 0x00, 0x00, 0x00, 0x03, 0x00, // ..b.............
	0x00, 0x00, 0x02, 0x00, 0x00, 0x00, 0x01, 0x0e, 0x00, 0x00, 0x53, 0x56, 0x5f, 0x50, 0x4f, 0x53, // ..........SV_POS
	0x49, 0x54, 0x49, 0x4f, 0x4e, 0x00, 0x43, 0x4f, 0x4c, 0x4f, 0x52, 0x00, 0x54, 0x45, 0x58, 0x43, // ITION.COLOR.TEXC
	0x4f, 0x4f, 0x52, 0x44, 0x00, 0xab, 0x53, 0x48, 0x45, 0x58, 0x00, 0x28, 0x00, 0x00, 0x50, 0x00, // OORD..SHEX.(..P.
	0x01, 0x00, 0x00, 0x0a, 0x00, 0x00, 0x6a, 0x08, 0x00, 0x01, 0x59, 0x08, 0x00, 0x04, 0x46, 0x8e, // ......j...Y...F.
	0x20, 0x00, 0x00, 0x00, 0x00, 0x00, 0x20, 0x00, 0x00, 0x00, 0x5f, 0x00, 0x00, 0x03, 0x12, 0x10, //  ..... ..._.....
	0x10, 0x00, 0x00, 0x00, 0x00, 0x00, 0x67, 0x00, 0x00, 0x04, 0xf2, 0x20, 0x10, 0x00, 0x00, 0x00, // ......g.... ....
	0x00, 0x00, 0x01, 0x00, 0x00, 0x00, 0x65, 0x00, 0x00, 0x03, 0xf2, 0x20, 0x10, 0x00, 0x01, 0x00, // ......e.... ....
	0x00, 0x00, 0x65, 0x00, 0x00, 0x03, 0x12, 0x20, 0x10, 0x00, 0x02, 0x00, 0x00, 0x00, 0x68, 0x00, // ..e.... ......h.
	0x00, 0x02, 0x06, 0x00, 0x00, 0x00, 0x69, 0x00, 0x00, 0x04, 0x00, 0x00, 0x00, 0x00, 0x10, 0x00, // ......i.........
	0x00, 0x00, 0x04, 0x00, 0x00, 0x00, 0x69, 0x00, 0x00, 0x04, 0x01, 0x00, 0x00, 0x00, 0x10, 0x00, // ......i.........
	0x00, 0x00, 0x04, 0x00, 0x00, 0x00, 0x69, 0x00, 0x00, 0x04, 0x02, 0x00, 0x00, 0x00, 0x10, 0x00, // ......i.........
	0x00, 0x00, 0x04, 0x00, 0x00, 0x00, 0x69, 0x00, 0x00, 0x04, 0x03, 0x00, 0x00, 0x00, 0x10, 0x00, // ......i.........
	0x00, 0x00, 0x04, 0x00, 0x00, 0x00, 0x69, 0x00, 0x00, 0x04, 0x04, 0x00, 0x00, 0x00, 0x10, 0x00, // ......i.........
	0x00, 0x00, 0x04, 0x00, 0x00, 0x00, 0x69, 0x00, 0x00, 0x04, 0x05, 0x00, 0x00, 0x00, 0x10, 0x00, // ......i.........
	0x00, 0x00, 0x04, 0x00, 0x00, 0x00, 0x69, 0x00, 0x00, 0x04, 0x06, 0x00, 0x00, 0x00, 0x10, 0x00, // ......i.........
	0x00, 0x00, 0x04, 0x00, 0x00, 0x00, 0x69, 0x00, 0x00, 0x04, 0x07, 0x00, 0x00, 0x00, 0x10, 0x00, // ......i.........
	0x00, 0x00, 0x04, 0x00, 0x00, 0x00, 0x69, 0x00, 0x00, 0x04, 0x08, 0x00, 0x00, 0x00, 0x10, 0x00, // ......i.........
	0x00, 0x00, 0x04, 0x00, 0x00, 0x00, 0x69, 0x00, 0x00, 0x04, 0x09, 0x00, 0x00, 0x00, 0x10, 0x00, // ......i.........
	0x00, 0x00, 0x04, 0x00, 0x00, 0x00, 0x69, 0x00, 0x00, 0x04, 0x0a, 0x00, 0x00, 0x00, 0x10, 0x00, // ......i.........
	0x00, 0x00, 0x04, 0x00, 0x00, 0x00, 0x69, 0x00, 0x00, 0x04, 0x0b, 0x00, 0x00, 0x00, 0x10, 0x00, // ......i.........
	0x00, 0x00, 0x04, 0x00, 0x00, 0x00, 0x69, 0x00, 0x00, 0x04, 0x0c, 0x00, 0x00, 0x00, 0x10, 0x00, // ......i.........
	0x00, 0x00, 0x04, 0x00, 0x00, 0x00, 0x69, 0x00, 0x00, 0x04, 0x0d, 0x00, 0x00, 0x00, 0x10, 0x00, // ......i.........
	0x00, 0x00, 0x04, 0x00, 0x00, 0x00, 0x1b, 0x00, 0x00, 0x06, 0x32, 0x00, 0x10, 0x00, 0x00, 0x00, // ..........2.....
	0x00, 0x00, 0x46, 0x80, 0x20, 0x00, 0x00, 0x00, 0x00, 0x00, 0x1d, 0x00, 0x00, 0x00, 0x1f, 0x00, // ..F. ...........
	0x00, 0x03, 0x0a, 0x00, 0x10, 0x00, 0x00, 0x00, 0x00, 0x00, 0x00, 0x00, 0x00, 0x08, 0x42, 0x00, // ..............B.
	0x10, 0x00, 0x00, 0x00, 0x00, 0x00, 0x0a, 0x10, 0x10, 0x80, 0x41, 0x00, 0x00, 0x00, 0x00, 0x00, // ..........A.....
	0x00, 0x00, 0x01, 0x40, 0x00, 0x00, 0x00, 0x00, 0x80, 0x3f, 0x36, 0x00, 0x00, 0x05, 0x82, 0x00, // ...@.....?6.....
	0x10, 0x00, 0x00, 0x00, 0x00, 0x00, 0x01, 0x40, 0x00, 0x00, 0x00, 0x00, 0x00, 0x00, 0x30, 0x00, // .......@......0.
	0x00, 0x01, 0x22, 0x00, 0x00, 0x07, 0x12, 0x00, 0x10, 0x00, 0x01, 0x00, 0x00, 0x00, 0x1a, 0x00, // ..".............
	0x10, 0x00, 0x00, 0x00, 0x00, 0x00, 0x3a, 0x00, 0x10, 0x00, 0x00, 0x00, 0x00, 0x00, 0x03, 0x00, // ......:.........
	0x04, 0x03, 0x0a, 0x00, 0x10, 0x00, 0x01, 0x00, 0x00, 0x00, 0x36, 0x00, 0x00, 0x0a, 0x72, 0x30, // ..........6...r0
	0x20, 0x04, 0x00, 0x00, 0x00, 0x00, 0x3a, 0x00, 0x10, 0x00, 0x00, 0x00, 0x00, 0x00, 0x46, 0x82, //  .....:.......F.
	0x20, 0x06, 0x00, 0x00, 0x00, 0x00, 0x09, 0x00, 0x00, 0x00, 0x3a, 0x00, 0x10, 0x00, 0x00, 0x00, //  .........:.....
	0x00, 0x00, 0x1e, 0x00, 0x00, 0x07, 0x82, 0x00, 0x10, 0x00, 0x00, 0x00, 0x00, 0x00, 0x3a, 0x00, // ..............:.
	0x10, 0x00, 0x00, 0x00, 0x00, 0x00, 0x01, 0x40, 0x00, 0x00, 0x01, 0x00, 0x00, 0x00, 0x16, 0x00, // .......@........
	0x00, 0x01, 0x36, 0x00, 0x00, 0x05, 0x82, 0x00, 0x10, 0x00, 0x00, 0x00, 0x00, 0x00, 0x01, 0x40, // ..6............@
	0x00, 0x00, 0x01, 0x00, 0x00, 0x00, 0x30, 0x00, 0x00, 0x01, 0x22, 0x00, 0x00, 0x07, 0x12, 0x00, // ......0...".....
	0x10, 0x00, 0x01, 0x00, 0x00, 0x00, 0x1a, 0x00, 0x10, 0x00, 0x00, 0x00, 0x00, 0x00, 0x3a, 0x00, // ..............:.
	0x10, 0x00, 0x00, 0x00, 0x00, 0x00, 0x03, 0x00, 0x04, 0x03, 0x0a, 0x00, 0x10, 0x00, 0x01, 0x00, // ................
	0x00, 0x00, 0x1e, 0x00, 0x00, 0x08, 0x12, 0x00, 0x10, 0x00, 0x01, 0x00, 0x00, 0x00, 0x3a, 0x00, // ..............:.
	0x10, 0x80, 0x41, 0x00, 0x00, 0x00, 0x00, 0x00, 0x00, 0x00, 0x1a, 0x00, 0x10, 0x00, 0x00, 0x00, // ..A.............
	0x00, 0x00, 0x36, 0x00, 0x00, 0x05, 0x22, 0x00, 0x10, 0x00, 0x01, 0x00, 0x00, 0x00, 0x01, 0x40, // ..6..."........@
	0x00, 0x00, 0x00, 0x00, 0x00, 0x00, 0x30, 0x00, 0x00, 0x01, 0x22, 0x00, 0x00, 0x07, 0x42, 0x00, // ......0..."...B.
	0x10, 0x00, 0x01, 0x00, 0x00, 0x00, 0x0a, 0x00, 0x10, 0x00, 0x01, 0x00, 0x00, 0x00, 0x1a, 0x00, // ................
	0x10, 0x00, 0x01, 0x00, 0x00, 0x00, 0x03, 0x00, 0x04, 0x03, 0x2a, 0x00, 0x10, 0x00, 0x01, 0x00, // ..........*.....
	0x00, 0x00, 0x36, 0x00, 0x00, 0x07, 0x72, 0x00, 0x10, 0x00, 0x02, 0x00, 0x00, 0x00, 0x46, 0x32, // ..6...r.......F2
	0x20, 0x04, 0x00, 0x00, 0x00, 0x00, 0x1a, 0x00, 0x10, 0x00, 0x01, 0x00, 0x00, 0x00, 0x1e, 0x00, //  ...............
	0x00, 0x07, 0x42, 0x00, 0x10, 0x00, 0x01, 0x00, 0x00, 0x00, 0x1a, 0x00, 0x10, 0x00, 0x01, 0x00, // ..B.............
	0x00, 0x00, 0x01, 0x40, 0x00, 0x00, 0x01, 0x00, 0x00, 0x00, 0x36, 0x00, 0x00, 0x07, 0x72, 0x00, // ...@......6...r.
	0x10, 0x00, 0x03, 0x00, 0x00, 0x00, 0x46, 0x32, 0x20, 0x04, 0x00, 0x00, 0x00, 0x00, 0x2a, 0x00, // ......F2 .....*.
	0x10, 0x00, 0x01, 0x00, 0x00, 0x00, 0x38, 0x00, 0x00, 0x07, 0x72, 0x00, 0x10, 0x00, 0x03, 0x00, // ......8...r.....
	0x00, 0x00, 0x46, 0x02, 0x10, 0x00, 0x03, 0x00, 0x00, 0x00, 0x06, 0x10, 0x10, 0x00, 0x00, 0x00, // ..F.............
	0x00, 0x00, 0x32, 0x00, 0x00, 0x09, 0x72, 0x00, 0x10, 0x00, 0x02, 0x00, 0x00, 0x00, 0xa6, 0x0a, // ..2...r.........
	0x10, 0x00, 0x00, 0x00, 0x00, 0x00, 0x46, 0x02, 0x10, 0x00, 0x02, 0x00, 0x00, 0x00, 0x46, 0x02, // ......F.......F.
	0x10, 0x00, 0x03, 0x00, 0x00, 0x00, 0x36, 0x00, 0x00, 0x07, 0x72, 0x30, 0x20, 0x04, 0x00, 0x00, // ......6...r0 ...
	0x00, 0x00, 0x1a, 0x00, 0x10, 0x00, 0x01, 0x00, 0x00, 0x00, 0x46, 0x02, 0x10, 0x00, 0x02, 0x00, // ..........F.....
	0x00, 0x00, 0x36, 0x00, 0x00, 0x05, 0x22, 0x00, 0x10, 0x00, 0x01, 0x00, 0x00, 0x00, 0x2a, 0x00, // ..6...".......*.
	0x10, 0x00, 0x01, 0x00, 0x00, 0x00, 0x16, 0x00, 0x00, 0x01, 0x1e, 0x00, 0x00, 0x07, 0x82, 0x00, // ................
	0x10, 0x00, 0x00, 0x00, 0x00, 0x00, 0x3a, 0x00, 0x10, 0x00, 0x00, 0x00, 0x00, 0x00, 0x01, 0x40, // ......:........@
	0x00, 0x00, 0x01, 0x00, 0x00, 0x00, 0x16, 0x00, 0x00, 0x01, 0x36, 0x00, 0x00, 0x06, 0x72, 0x00, // ..........6...r.
	0x10, 0x00, 0x01, 0x00, 0x00, 0x00, 0x46, 0x32, 0x20, 0x00, 0x00, 0x00, 0x00, 0x00, 0x00, 0x00, // ......F2 .......
	0x00, 0x00, 0x12, 0x00, 0x00, 0x01, 0x1b, 0x00, 0x00, 0x06, 0x42, 0x00, 0x10, 0x00, 0x00, 0x00, // ..........B.....
	0x00, 0x00, 0x2a, 0x80, 0x20, 0x00, 0x00, 0x00, 0x00, 0x00, 0x1d, 0x00, 0x00, 0x00, 0x20, 0x00, // ..*. ......... .
	0x00, 0x07, 0x82, 0x00, 0x10, 0x00, 0x00, 0x00, 0x00, 0x00, 0x0a, 0x00, 0x10, 0x00, 0x00, 0x00, // ................
	0x00, 0x00, 0x01, 0x40, 0x00, 0x00, 0x01, 0x00, 0x00, 0x00, 0x1f, 0x00, 0x04, 0x03, 0x3a, 0x00, // ...@..........:.
	0x10, 0x00, 0x00, 0x00, 0x00, 0x00, 0x1e, 0x00, 0x00, 0x07, 0x82, 0x00, 0x10, 0x00, 0x00, 0x00, // ................
	0x00, 0x00, 0x2a, 0x00, 0x10, 0x00, 0x00, 0x00, 0x00, 0x00, 0x01, 0x40, 0x00, 0x00, 0xff, 0xff, // ..*........@....
	0xff, 0xff, 0x1e, 0x00, 0x00, 0x08, 0x82, 0x00, 0x10, 0x00, 0x01, 0x00, 0x00, 0x00, 0x1a, 0x00, // ................
	0x10, 0x80, 0x41, 0x00, 0x00, 0x00, 0x00, 0x00, 0x00, 0x00, 0x01, 0x40, 0x00, 0x00, 0x0f, 0x00, // ..A........@....
	0x00, 0x00, 0x25, 0x00, 0x00, 0x07, 0x82, 0x00, 0x10, 0x00, 0x01, 0x00, 0x00, 0x00, 0x3a, 0x00, // ..%...........:.
	0x10, 0x00, 0x00, 0x00, 0x00, 0x00, 0x3a, 0x00, 0x10, 0x00, 0x01, 0x00, 0x00, 0x00, 0x24, 0x00, // ......:.......$.
	0x00, 0x07, 0x82, 0x00, 0x10, 0x00, 0x01, 0x00, 0x00, 0x00, 0x1a, 0x00, 0x10, 0x00, 0x00, 0x00, // ................
	0x00, 0x00, 0x3a, 0x00, 0x10, 0x00, 0x01, 0x00, 0x00, 0x00, 0x36, 0x00, 0x00, 0x07, 0x12, 0x30, // ..:.......6....0
	0x20, 0x00, 0x01, 0x00, 0x00, 0x00, 0x00, 0x00, 0x00, 0x00, 0x0a, 0x80, 0x20, 0x00, 0x00, 0x00, //  ........... ...
	0x00, 0x00, 0x19, 0x00, 0x00, 0x00, 0x36, 0x00, 0x00, 0x07, 0x12, 0x30, 0x20, 0x00, 0x01, 0x00, // ......6....0 ...
	0x00, 0x00, 0x01, 0x00, 0x00, 0x00, 0x1a, 0x80, 0x20, 0x00, 0x00, 0x00, 0x00, 0x00, 0x19, 0x00, // ........ .......
	0x00, 0x00, 0x36, 0x00, 0x00, 0x07, 0x12, 0x30, 0x20, 0x00, 0x01, 0x00, 0x00, 0x00, 0x02, 0x00, // ..6....0 .......
	0x00, 0x00, 0x2a, 0x80, 0x20, 0x00, 0x00, 0x00, 0x00, 0x00, 0x19, 0x00, 0x00, 0x00, 0x36, 0x00, // ..*. .........6.
	0x00, 0x07, 0x12, 0x30, 0x20, 0x00, 0x01, 0x00, 0x00, 0x00, 0x03, 0x00, 0x00, 0x00, 0x3a, 0x80, // ...0 .........:.
	0x20, 0x00, 0x00, 0x00, 0x00, 0x00, 0x19, 0x00, 0x00, 0x00, 0x36, 0x00, 0x00, 0x07, 0x12, 0x30, //  .........6....0
	0x20, 0x00, 0x01, 0x00, 0x00, 0x00, 0x04, 0x00, 0x00, 0x00, 0x0a, 0x80, 0x20, 0x00, 0x00, 0x00, //  ........... ...
	0x00, 0x00, 0x1a, 0x00, 0x00, 0x00, 0x36, 0x00, 0x00, 0x07, 0x12, 0x30, 0x20, 0x00, 0x01, 0x00, // ......6....0 ...
	0x00, 0x00, 0x05, 0x00, 0x00, 0x00, 0x1a, 0x80, 0x20, 0x00, 0x00, 0x00, 0x00, 0x00, 0x1a, 0x00, // ........ .......
	0x00, 0x00, 0x36, 0x00, 0x00, 0x07, 0x12, 0x30, 0x20, 0x00, 0x01, 0x00, 0x00, 0x00, 0x06, 0x00, // ..6....0 .......
	0x00, 0x00, 0x2a, 0x80, 0x20, 0x00, 0x00, 0x00, 0x00, 0x00, 0x1a, 0x00, 0x00, 0x00, 0x36, 0x00, // ..*. .........6.
	0x00, 0x07, 0x12, 0x30, 0x20, 0x00, 0x01, 0x00, 0x00, 0x00, 0x07, 0x00, 0x00, 0x00, 0x3a, 0x80, // ...0 .........:.
	0x20, 0x00, 0x00, 0x00, 0x00, 0x00, 0x1a, 0x00, 0x00, 0x00, 0x36, 0x00, 0x00, 0x07, 0x12, 0x30, //  .........6....0
	0x20, 0x00, 0x01, 0x00, 0x00, 0x00, 0x08, 0x00, 0x00, 0x00, 0x0a, 0x80, 0x20, 0x00, 0x00, 0x00, //  ........... ...
	0x00, 0x00, 0x1b, 0x00, 0x00, 0x00, 0x36, 0x00, 0x00, 0x07, 0x12, 0x30, 0x20, 0x00, 0x01, 0x00, // ......6....0 ...
	0x00, 0x00, 0x09, 0x00, 0x00, 0x00, 0x1a, 0x80, 0x20, 0x00, 0x00, 0x00, 0x00, 0x00, 0x1b, 0x00, // ........ .......
	0x00, 0x00, 0x36, 0x00, 0x00, 0x07, 0x12, 0x30, 0x20, 0x00, 0x01, 0x00, 0x00, 0x00, 0x0a, 0x00, // ..6....0 .......
	0x00, 0x00, 0x2a, 0x80, 0x20, 0x00, 0x00, 0x00, 0x00, 0x00, 0x1b, 0x00, 0x00, 0x00, 0x36, 0x00, // ..*. .........6.
	0x00, 0x07, 0x12, 0x30, 0x20, 0x00, 0x01, 0x00, 0x00, 0x00, 0x0b, 0x00, 0x00, 0x00, 0x3a, 0x80, // ...0 .........:.
	0x20, 0x00, 0x00, 0x00, 0x00, 0x00, 0x1b, 0x00, 0x00, 0x00, 0x36, 0x00, 0x00, 0x07, 0x12, 0x30, //  .........6....0
	0x20, 0x00, 0x01, 0x00, 0x00, 0x00, 0x0c, 0x00, 0x00, 0x00, 0x0a, 0x80, 0x20, 0x00, 0x00, 0x00, //  ........... ...
	0x00, 0x00, 0x1c, 0x00, 0x00, 0x00, 0x36, 0x00, 0x00, 0x07, 0x12, 0x30, 0x20, 0x00, 0x01, 0x00, // ......6....0 ...
	0x00, 0x00, 0x0d, 0x00, 0x00, 0x00, 0x1a, 0x80, 0x20, 0x00, 0x00, 0x00, 0x00, 0x00, 0x1c, 0x00, // ........ .......
	0x00, 0x00, 0x36, 0x00, 0x00, 0x07, 0x12, 0x30, 0x20, 0x00, 0x01, 0x00, 0x00, 0x00, 0x0e, 0x00, // ..6....0 .......
	0x00, 0x00, 0x2a, 0x80, 0x20, 0x00, 0x00, 0x00, 0x00, 0x00, 0x1c, 0x00, 0x00, 0x00, 0x36, 0x00, // ..*. .........6.
	0x00, 0x07, 0x12, 0x30, 0x20, 0x00, 0x01, 0x00, 0x00, 0x00, 0x0f, 0x00, 0x00, 0x00, 0x3a, 0x80, // ...0 .........:.
	0x20, 0x00, 0x00, 0x00, 0x00, 0x00, 0x1c, 0x00, 0x00, 0x00, 0x24, 0x00, 0x00, 0x07, 0x12, 0x00, //  .........$.....
	0x10, 0x00, 0x02, 0x00, 0x00, 0x00, 0x1a, 0x00, 0x10, 0x00, 0x00, 0x00, 0x00, 0x00, 0x01, 0x40, // ...............@
	0x00, 0x00, 0x00, 0x00, 0x00, 0x00, 0x25, 0x00, 0x00, 0x07, 0x12, 0x00, 0x10, 0x00, 0x02, 0x00, // ......%.........
	0x00, 0x00, 0x0a, 0x00, 0x10, 0x00, 0x02, 0x00, 0x00, 0x00, 0x01, 0x40, 0x00, 0x00, 0x0f, 0x00, // ...........@....
	0x00, 0x00, 0x24, 0x00, 0x00, 0x07, 0x82, 0x00, 0x10, 0x00, 0x00, 0x00, 0x00, 0x00, 0x3a, 0x00, // ..$...........:.
	0x10, 0x00, 0x00, 0x00, 0x00, 0x00, 0x0a, 0x00, 0x10, 0x00, 0x02, 0x00, 0x00, 0x00, 0x25, 0x00, // ..............%.
	0x00, 0x07, 0x82, 0x00, 0x10, 0x00, 0x00, 0x00, 0x00, 0x00, 0x3a, 0x00, 0x10, 0x00, 0x00, 0x00, // ..........:.....
	0x00, 0x00, 0x01, 0x40, 0x00, 0x00, 0x0f, 0x00, 0x00, 0x00, 0x1e, 0x00, 0x00, 0x07, 0x22, 0x00, // ...@..........".
	0x10, 0x00, 0x02, 0x00, 0x00, 0x00, 0x1a, 0x00, 0x10, 0x00, 0x00, 0x00, 0x00, 0x00, 0x2a, 0x00, // ..............*.
	0x10, 0x00, 0x00, 0x00, 0x00, 0x00, 0x25, 0x00, 0x00, 0x07, 0x22, 0x00, 0x10, 0x00, 0x02, 0x00, // ......%...".....
	0x00, 0x00, 0x1a, 0x00, 0x10, 0x00, 0x02, 0x00, 0x00, 0x00, 0x01, 0x40, 0x00, 0x00, 0x0f, 0x00, // ...........@....
	0x00, 0x00, 0x24, 0x00, 0x00, 0x07, 0x22, 0x00, 0x10, 0x00, 0x02, 0x00, 0x00, 0x00, 0x1a, 0x00, // ..$...".........
	0x10, 0x00, 0x02, 0x00, 0x00, 0x00, 0x01, 0x40, 0x00, 0x00, 0x00, 0x00, 0x00, 0x00, 0x36, 0x00, // .......@......6.
	0x00, 0x07, 0x22, 0x00, 0x10, 0x00, 0x02, 0x00, 0x00, 0x00, 0x0a, 0x30, 0x20, 0x04, 0x01, 0x00, // .."........0 ...
	0x00, 0x00, 0x1a, 0x00, 0x10, 0x00, 0x02, 0x00, 0x00, 0x00, 0x31, 0x00, 0x00, 0x07, 0x22, 0x00, // ..........1...".
	0x10, 0x00, 0x02, 0x00, 0x00, 0x00, 0x0a, 0x10, 0x10, 0x00, 0x00, 0x00, 0x00, 0x00, 0x1a, 0x00, // ................
	0x10, 0x00, 0x02, 0x00, 0x00, 0x00, 0x1f, 0x00, 0x04, 0x03, 0x1a, 0x00, 0x10, 0x00, 0x02, 0x00, // ................
	0x00, 0x00, 0x36, 0x00, 0x00, 0x07, 0x22, 0x00, 0x10, 0x00, 0x02, 0x00, 0x00, 0x00, 0x0a, 0x30, // ..6..."........0
	0x20, 0x04, 0x01, 0x00, 0x00, 0x00, 0x1a, 0x00, 0x10, 0x00, 0x00, 0x00, 0x00, 0x00, 0x1d, 0x00, //  ...............
	0x00, 0x07, 0x22, 0x00, 0x10, 0x00, 0x02, 0x00, 0x00, 0x00, 0x1a, 0x00, 0x10, 0x00, 0x02, 0x00, // ..".............
	0x00, 0x00, 0x0a, 0x10, 0x10, 0x00, 0x00, 0x00, 0x00, 0x00, 0x37, 0x00, 0x00, 0x09, 0x42, 0x00, // ..........7...B.
	0x10, 0x00, 0x02, 0x00, 0x00, 0x00, 0x1a, 0x00, 0x10, 0x00, 0x02, 0x00, 0x00, 0x00, 0x0a, 0x00, // ................
	0x10, 0x00, 0x02, 0x00, 0x00, 0x00, 0x3a, 0x00, 0x10, 0x00, 0x00, 0x00, 0x00, 0x00, 0x1f, 0x00, // ......:.........
	0x00, 0x03, 0x1a, 0x00, 0x10, 0x00, 0x02, 0x00, 0x00, 0x00, 0x36, 0x00, 0x00, 0x05, 0x82, 0x00, // ..........6.....
	0x10, 0x00, 0x02, 0x00, 0x00, 0x00, 0x2a, 0x00, 0x10, 0x00, 0x02, 0x00, 0x00, 0x00, 0x36, 0x00, // ......*.......6.
	0x00, 0x05, 0x22, 0x00, 0x10, 0x00, 0x02, 0x00, 0x00, 0x00, 0x0a, 0x00, 0x10, 0x00, 0x02, 0x00, // ..".............
	0x00, 0x00, 0x36, 0x00, 0x00, 0x05, 0x12, 0x00, 0x10, 0x00, 0x03, 0x00, 0x00, 0x00, 0x01, 0x40, // ..6............@
	0x00, 0x00, 0x00, 0x00, 0x00, 0x00, 0x30, 0x00, 0x00, 0x01, 0x21, 0x00, 0x00, 0x07, 0x22, 0x00, // ......0...!...".
	0x10, 0x00, 0x03, 0x00, 0x00, 0x00, 0x1a, 0x00, 0x10, 0x00, 0x02, 0x00, 0x00, 0x00, 0x3a, 0x00, // ..............:.
	0x10, 0x00, 0x00, 0x00, 0x00, 0x00, 0x36, 0x00, 0x00, 0x05, 0x12, 0x00, 0x10, 0x00, 0x03, 0x00, // ......6.........
	0x00, 0x00, 0x01, 0x40, 0x00, 0x00, 0x00, 0x00, 0x00, 0x00, 0x03, 0x00, 0x04, 0x03, 0x1a, 0x00, // ...@............
	0x10, 0x00, 0x03, 0x00, 0x00, 0x00, 0x1e, 0x00, 0x00, 0x07, 0x22, 0x00, 0x10, 0x00, 0x03, 0x00, // ..........".....
	0x00, 0x00, 0x1a, 0x00, 0x10, 0x00, 0x02, 0x00, 0x00, 0x00, 0x01, 0x40, 0x00, 0x00, 0x01, 0x00, // ...........@....
	0x00, 0x00, 0x36, 0x00, 0x00, 0x07, 0x42, 0x00, 0x10, 0x00, 0x03, 0x00, 0x00, 0x00, 0x0a, 0x30, // ..6...B........0
	0x20, 0x04, 0x01, 0x00, 0x00, 0x00, 0x1a, 0x00, 0x10, 0x00, 0x03, 0x00, 0x00, 0x00, 0x31, 0x00, //  .............1.
	0x00, 0x07, 0x42, 0x00, 0x10, 0x00, 0x03, 0x00, 0x00, 0x00, 0x0a, 0x10, 0x10, 0x00, 0x00, 0x00, // ..B.............
	0x00, 0x00, 0x2a, 0x00, 0x10, 0x00, 0x03, 0x00, 0x00, 0x00, 0x1f, 0x00, 0x04, 0x03, 0x2a, 0x00, // ..*...........*.
	0x10, 0x00, 0x03, 0x00, 0x00, 0x00, 0x36, 0x00, 0x00, 0x05, 0x12, 0x00, 0x10, 0x00, 0x03, 0x00, // ......6.........
	0x00, 0x00, 0x01, 0x40, 0x00, 0x00, 0xff, 0xff, 0xff, 0xff, 0x36, 0x00, 0x00, 0x05, 0x82, 0x00, // ...@......6.....
	0x10, 0x00, 0x02, 0x00, 0x00, 0x00, 0x1a, 0x00, 0x10, 0x00, 0x02, 0x00, 0x00, 0x00, 0x02, 0x00, // ................
	0x00, 0x01, 0x15, 0x00, 0x00, 0x01, 0x36, 0x00, 0x00, 0x05, 0x22, 0x00, 0x10, 0x00, 0x02, 0x00, // ......6...".....
	0x00, 0x00, 0x1a, 0x00, 0x10, 0x00, 0x03, 0x00, 0x00, 0x00, 0x36, 0x00, 0x00, 0x05, 0x12, 0x00, // ..........6.....
	0x10, 0x00, 0x03, 0x00, 0x00, 0x00, 0x2a, 0x00, 0x10, 0x00, 0x03, 0x00, 0x00, 0x00, 0x16, 0x00, // ......*.........
	0x00, 0x01, 0x37, 0x00, 0x00, 0x09, 0x82, 0x00, 0x10, 0x00, 0x00, 0x00, 0x00, 0x00, 0x0a, 0x00, // ..7.............
	0x10, 0x00, 0x03, 0x00, 0x00, 0x00, 0x3a, 0x00, 0x10, 0x00, 0x02, 0x00, 0x00, 0x00, 0x3a, 0x00, // ......:.......:.
	0x10, 0x00, 0x00, 0x00, 0x00, 0x00, 0x12, 0x00, 0x00, 0x01, 0x36, 0x00, 0x00, 0x05, 0x82, 0x00, // ..........6.....
	0x10, 0x00, 0x00, 0x00, 0x00, 0x00, 0x2a, 0x00, 0x10, 0x00, 0x02, 0x00, 0x00, 0x00, 0x15, 0x00, // ......*.........
	0x00, 0x01, 0x15, 0x00, 0x00, 0x01, 0x24, 0x00, 0x00, 0x07, 0x82, 0x00, 0x10, 0x00, 0x00, 0x00, // ......$.........
	0x00, 0x00, 0x1a, 0x00, 0x10, 0x00, 0x00, 0x00, 0x00, 0x00, 0x3a, 0x00, 0x10, 0x00, 0x00, 0x00, // ..........:.....
	0x00, 0x00, 0x25, 0x00, 0x00, 0x07, 0x82, 0x00, 0x10, 0x00, 0x00, 0x00, 0x00, 0x00, 0x3a, 0x00, // ..%...........:.
	0x10, 0x00, 0x01, 0x00, 0x00, 0x00, 0x3a, 0x00, 0x10, 0x00, 0x00, 0x00, 0x00, 0x00, 0x36, 0x00, // ......:.......6.
	0x00, 0x07, 0x12, 0x30, 0x20, 0x00, 0x03, 0x00, 0x00, 0x00, 0x00, 0x00, 0x00, 0x00, 0x0a, 0x80, // ...0 ...........
	0x20, 0x00, 0x00, 0x00, 0x00, 0x00, 0x19, 0x00, 0x00, 0x00, 0x36, 0x00, 0x00, 0x07, 0x12, 0x30, //  .........6....0
	0x20, 0x00, 0x03, 0x00, 0x00, 0x00, 0x01, 0x00, 0x00, 0x00, 0x1a, 0x80, 0x20, 0x00, 0x00, 0x00, //  ........... ...
	0x00, 0x00, 0x19, 0x00, 0x00, 0x00, 0x36, 0x00, 0x00, 0x07, 0x12, 0x30, 0x20, 0x00, 0x03, 0x00, // ......6....0 ...
	0x00, 0x00, 0x02, 0x00, 0x00, 0x00, 0x2a, 0x80, 0x20, 0x00, 0x00, 0x00, 0x00, 0x00, 0x19, 0x00, // ......*. .......
	0x00, 0x00, 0x36, 0x00, 0x00, 0x07, 0x12, 0x30, 0x20, 0x00, 0x03, 0x00, 0x00, 0x00, 0x03, 0x00, // ..6....0 .......
	0x00, 0x00, 0x3a, 0x80, 0x20, 0x00, 0x00, 0x00, 0x00, 0x00, 0x19, 0x00, 0x00, 0x00, 0x36, 0x00, // ..:. .........6.
	0x00, 0x07, 0x12, 0x30, 0x20, 0x00, 0x03, 0x00, 0x00, 0x00, 0x04, 0x00, 0x00, 0x00, 0x0a, 0x80, // ...0 ...........
	0x20, 0x00, 0x00, 0x00, 0x00, 0x00, 0x1a, 0x00, 0x00, 0x00, 0x36, 0x00, 0x00, 0x07, 0x12, 0x30, //  .........6....0
	0x20, 0x00, 0x03, 0x00, 0x00, 0x00, 0x05, 0x00, 0x00, 0x00, 0x1a, 0x80, 0x20, 0x00, 0x00, 0x00, //  ........... ...
	0x00, 0x00, 0x1a, 0x00, 0x00, 0x00, 0x36, 0x00, 0x00, 0x07, 0x12, 0x30, 0x20, 0x00, 0x03, 0x00, // ......6....0 ...
	0x00, 0x00, 0x06, 0x00, 0x00, 0x00, 0x2a, 0x80, 0x20, 0x00, 0x00, 0x00, 0x00, 0x00, 0x1a, 0x00, // ......*. .......
	0x00, 0x00, 0x36, 0x00, 0x00, 0x07, 0x12, 0x30, 0x20, 0x00, 0x03, 0x00, 0x00, 0x00, 0x07, 0x00, // ..6....0 .......
	0x00, 0x00, 0x3a, 0x80, 0x20, 0x00, 0x00, 0x00, 0x00, 0x00, 0x1a, 0x00, 0x00, 0x00, 0x36, 0x00, // ..:. .........6.
	0x00, 0x07, 0x12, 0x30, 0x20, 0x00, 0x03, 0x00, 0x00, 0x00, 0x08, 0x00, 0x00, 0x00, 0x0a, 0x80, // ...0 ...........
	0x20, 0x00, 0x00, 0x00, 0x00, 0x00, 0x1b, 0x00, 0x00, 0x00, 0x36, 0x00, 0x00, 0x07, 0x12, 0x30, //  .........6....0
	0x20, 0x00, 0x03, 0x00, 0x00, 0x00, 0x09, 0x00, 0x00, 0x00, 0x1a, 0x80, 0x20, 0x00, 0x00, 0x00, //  ........... ...
	0x00, 0x00, 0x1b, 0x00, 0x00, 0x00, 0x36, 0x00, 0x00, 0x07, 0x12, 0x30, 0x20, 0x00, 0x03, 0x00, // ......6....0 ...
	0x00, 0x00, 0x0a, 0x00, 0x00, 0x00, 0x2a, 0x80, 0x20, 0x00, 0x00, 0x00, 0x00, 0x00, 0x1b, 0x00, // ......*. .......
	0x00, 0x00, 0x36, 0x00, 0x00, 0x07, 0x12, 0x30, 0x20, 0x00, 0x03, 0x00, 0x00, 0x00, 0x0b, 0x00, // ..6....0 .......
	0x00, 0x00, 0x3a, 0x80, 0x20, 0x00, 0x00, 0x00, 0x00, 0x00, 0x1b, 0x00, 0x00, 0x00, 0x36, 0x00, // ..:. .........6.
	0x00, 0x07, 0x12, 0x30, 0x20, 0x00, 0x03, 0x00, 0x00, 0x00, 0x0c, 0x00, 0x00, 0x00, 0x0a, 0x80, // ...0 ...........
	0x20, 0x00, 0x00, 0x00, 0x00, 0x00, 0x1c, 0x00, 0x00, 0x00, 0x36, 0x00, 0x00, 0x07, 0x12, 0x30, //  .........6....0
	0x20, 0x00, 0x03, 0x00, 0x00, 0x00, 0x0d, 0x00, 0x00, 0x00, 0x1a, 0x80, 0x20, 0x00, 0x00, 0x00, //  ........... ...
	0x00, 0x00, 0x1c, 0x00, 0x00, 0x00, 0x36, 0x00, 0x00, 0x07, 0x12, 0x30, 0x20, 0x00, 0x03, 0x00, // ......6....0 ...
	0x00, 0x00, 0x0e, 0x00, 0x00, 0x00, 0x2a, 0x80, 0x20, 0x00, 0x00, 0x00, 0x00, 0x00, 0x1c, 0x00, // ......*. .......
	0x00, 0x00, 0x36, 0x00, 0x00, 0x07, 0x12, 0x30, 0x20, 0x00, 0x03, 0x00, 0x00, 0x00, 0x0f, 0x00, // ..6....0 .......
	0x00, 0x00, 0x3a, 0x80, 0x20, 0x00, 0x00, 0x00, 0x00, 0x00, 0x1c, 0x00, 0x00, 0x00, 0x36, 0x00, // ..:. .........6.
	0x00, 0x06, 0x12, 0x30, 0x20, 0x00, 0x04, 0x00, 0x00, 0x00, 0x00, 0x00, 0x00, 0x00, 0x01, 0x40, // ...0 ..........@
	0x00, 0x00, 0x00, 0x00, 0x80, 0x3f, 0x1e, 0x00, 0x00, 0x07, 0x82, 0x00, 0x10, 0x00, 0x01, 0x00, // .....?..........
	0x00, 0x00, 0x3a, 0x00, 0x10, 0x00, 0x00, 0x00, 0x00, 0x00, 0x01, 0x40, 0x00, 0x00, 0x01, 0x00, // ..:........@....
	0x00, 0x00, 0x36, 0x00, 0x00, 0x05, 0x12, 0x00, 0x10, 0x00, 0x02, 0x00, 0x00, 0x00, 0x01, 0x40, // ..6............@
	0x00, 0x00, 0x01, 0x00, 0x00, 0x00, 0x30, 0x00, 0x00, 0x01, 0x22, 0x00, 0x00, 0x07, 0x22, 0x00, // ......0..."...".
	0x10, 0x00, 0x02, 0x00, 0x00, 0x00, 0x1a, 0x00, 0x10, 0x00, 0x00, 0x00, 0x00, 0x00, 0x0a, 0x00, // ................
	0x10, 0x00, 0x02, 0x00, 0x00, 0x00, 0x03, 0x00, 0x04, 0x03, 0x1a, 0x00, 0x10, 0x00, 0x02, 0x00, // ................
	0x00, 0x00, 0x1e, 0x00, 0x00, 0x08, 0x22, 0x00, 0x10, 0x00, 0x02, 0x00, 0x00, 0x00, 0x3a, 0x00, // ......".......:.
	0x10, 0x00, 0x01, 0x00, 0x00, 0x00, 0x0a, 0x00, 0x10, 0x80, 0x41, 0x00, 0x00, 0x00, 0x02, 0x00, // ..........A.....
	0x00, 0x00, 0x36, 0x00, 0x00, 0x07, 0x22, 0x00, 0x10, 0x00, 0x02, 0x00, 0x00, 0x00, 0x0a, 0x30, // ..6..."........0
	0x20, 0x04, 0x03, 0x00, 0x00, 0x00, 0x1a, 0x00, 0x10, 0x00, 0x02, 0x00, 0x00, 0x00, 0x00, 0x00, //  ...............
	0x00, 0x08, 0x22, 0x00, 0x10, 0x00, 0x02, 0x00, 0x00, 0x00, 0x1a, 0x00, 0x10, 0x80, 0x41, 0x00, // .."...........A.
	0x00, 0x00, 0x02, 0x00, 0x00, 0x00, 0x0a, 0x10, 0x10, 0x00, 0x00, 0x00, 0x00, 0x00, 0x36, 0x00, // ..............6.
	0x00, 0x07, 0x12, 0x30, 0x20, 0x04, 0x05, 0x00, 0x00, 0x00, 0x0a, 0x00, 0x10, 0x00, 0x02, 0x00, // ...0 ...........
	0x00, 0x00, 0x1a, 0x00, 0x10, 0x00, 0x02, 0x00, 0x00, 0x00, 0x1e, 0x00, 0x00, 0x07, 0x22, 0x00, // ..............".
	0x10, 0x00, 0x02, 0x00, 0x00, 0x00, 0x3a, 0x00, 0x10, 0x00, 0x00, 0x00, 0x00, 0x00, 0x0a, 0x00, // ......:.........
	0x10, 0x00, 0x02, 0x00, 0x00, 0x00, 0x36, 0x00, 0x00, 0x07, 0x22, 0x00, 0x10, 0x00, 0x02, 0x00, // ......6...".....
	0x00, 0x00, 0x0a, 0x30, 0x20, 0x04, 0x03, 0x00, 0x00, 0x00, 0x1a, 0x00, 0x10, 0x00, 0x02, 0x00, // ...0 ...........
	0x00, 0x00, 0x00, 0x00, 0x00, 0x08, 0x22, 0x00, 0x10, 0x00, 0x02, 0x00, 0x00, 0x00, 0x1a, 0x00, // ......".........
	0x10, 0x00, 0x02, 0x00, 0x00, 0x00, 0x0a, 0x10, 0x10, 0x80, 0x41, 0x00, 0x00, 0x00, 0x00, 0x00, // ..........A.....
	0x00, 0x00, 0x36, 0x00, 0x00, 0x07, 0x12, 0x30, 0x20, 0x04, 0x06, 0x00, 0x00, 0x00, 0x0a, 0x00, // ..6....0 .......
	0x10, 0x00, 0x02, 0x00, 0x00, 0x00, 0x1a, 0x00, 0x10, 0x00, 0x02, 0x00, 0x00, 0x00, 0x36, 0x00, // ..............6.
	0x00, 0x08, 0x62, 0x00, 0x10, 0x00, 0x02, 0x00, 0x00, 0x00, 0x02, 0x40, 0x00, 0x00, 0x00, 0x00, // ..b........@....
	0x00, 0x00, 0x00, 0x00, 0x00, 0x00, 0x00, 0x00, 0x00, 0x00, 0x00, 0x00, 0x00, 0x00, 0x30, 0x00, // ..............0.
	0x00, 0x01, 0x21, 0x00, 0x00, 0x07, 0x82, 0x00, 0x10, 0x00, 0x02, 0x00, 0x00, 0x00, 0x2a, 0x00, // ..!...........*.
	0x10, 0x00, 0x02, 0x00, 0x00, 0x00, 0x0a, 0x00, 0x10, 0x00, 0x02, 0x00, 0x00, 0x00, 0x03, 0x00, // ................
	0x04, 0x03, 0x3a, 0x00, 0x10, 0x00, 0x02, 0x00, 0x00, 0x00, 0x1e, 0x00, 0x00, 0x07, 0x82, 0x00, // ..:.............
	0x10, 0x00, 0x02, 0x00, 0x00, 0x00, 0x2a, 0x00, 0x10, 0x00, 0x02, 0x00, 0x00, 0x00, 0x01, 0x40, // ......*........@
	0x00, 0x00, 0x01, 0x00, 0x00, 0x00, 0x36, 0x00, 0x00, 0x07, 0x12, 0x00, 0x10, 0x00, 0x03, 0x00, // ......6.........
	0x00, 0x00, 0x0a, 0x30, 0x20, 0x04, 0x06, 0x00, 0x00, 0x00, 0x3a, 0x00, 0x10, 0x00, 0x02, 0x00, // ...0 .....:.....
	0x00, 0x00, 0x1e, 0x00, 0x00, 0x08, 0x22, 0x00, 0x10, 0x00, 0x03, 0x00, 0x00, 0x00, 0x2a, 0x00, // ......".......*.
	0x10, 0x80, 0x41, 0x00, 0x00, 0x00, 0x02, 0x00, 0x00, 0x00, 0x0a, 0x00, 0x10, 0x00, 0x02, 0x00, // ..A.............
	0x00, 0x00, 0x36, 0x00, 0x00, 0x07, 0x22, 0x00, 0x10, 0x00, 0x03, 0x00, 0x00, 0x00, 0x0a, 0x30, // ..6..."........0
	0x20, 0x04, 0x05, 0x00, 0x00, 0x00, 0x1a, 0x00, 0x10, 0x00, 0x03, 0x00, 0x00, 0x00, 0x00, 0x00, //  ...............
	0x00, 0x07, 0x42, 0x00, 0x10, 0x00, 0x03, 0x00, 0x00, 0x00, 0x1a, 0x00, 0x10, 0x00, 0x03, 0x00, // ..B.............
	0x00, 0x00, 0x0a, 0x00, 0x10, 0x00, 0x03, 0x00, 0x00, 0x00, 0x39, 0x00, 0x00, 0x07, 0x82, 0x00, // ..........9.....
	0x10, 0x00, 0x03, 0x00, 0x00, 0x00, 0x2a, 0x00, 0x10, 0x00, 0x03, 0x00, 0x00, 0x00, 0x01, 0x40, // ......*........@
	0x00, 0x00, 0x00, 0x00, 0x00, 0x00, 0x36, 0x00, 0x00, 0x07, 0x12, 0x00, 0x10, 0x00, 0x04, 0x00, // ......6.........
	0x00, 0x00, 0x0a, 0x30, 0x20, 0x04, 0x04, 0x00, 0x00, 0x00, 0x2a, 0x00, 0x10, 0x00, 0x02, 0x00, // ...0 .....*.....
	0x00, 0x00, 0x0e, 0x00, 0x00, 0x07, 0x42, 0x00, 0x10, 0x00, 0x03, 0x00, 0x00, 0x00, 0x0a, 0x00, // ......B.........
	0x10, 0x00, 0x04, 0x00, 0x00, 0x00, 0x2a, 0x00, 0x10, 0x00, 0x03, 0x00, 0x00, 0x00, 0x01, 0x00, // ......*.........
	0x00, 0x07, 0x42, 0x00, 0x10, 0x00, 0x03, 0x00, 0x00, 0x00, 0x2a, 0x00, 0x10, 0x00, 0x03, 0x00, // ..B.......*.....
	0x00, 0x00, 0x3a, 0x00, 0x10, 0x00, 0x03, 0x00, 0x00, 0x00, 0x32, 0x00, 0x00, 0x09, 0x12, 0x00, // ..:.......2.....
	0x10, 0x00, 0x03, 0x00, 0x00, 0x00, 0x0a, 0x00, 0x10, 0x00, 0x03, 0x00, 0x00, 0x00, 0x2a, 0x00, // ..............*.
	0x10, 0x00, 0x03, 0x00, 0x00, 0x00, 0x1a, 0x00, 0x10, 0x00, 0x02, 0x00, 0x00, 0x00, 0x36, 0x00, // ..............6.
	0x00, 0x07, 0x12, 0x30, 0x20, 0x04, 0x04, 0x00, 0x00, 0x00, 0x2a, 0x00, 0x10, 0x00, 0x02, 0x00, // ...0 .....*.....
	0x00, 0x00, 0x0a, 0x00, 0x10, 0x00, 0x03, 0x00, 0x00, 0x00, 0x38, 0x00, 0x00, 0x07, 0x22, 0x00, // ..........8...".
	0x10, 0x00, 0x02, 0x00, 0x00, 0x00, 0x2a, 0x00, 0x10, 0x00, 0x03, 0x00, 0x00, 0x00, 0x1a, 0x00, // ......*.........
	0x10, 0x00, 0x03, 0x00, 0x00, 0x00, 0x36, 0x00, 0x00, 0x05, 0x62, 0x00, 0x10, 0x00, 0x02, 0x00, // ......6...b.....
	0x00, 0x00, 0x56, 0x07, 0x10, 0x00, 0x02, 0x00, 0x00, 0x00, 0x16, 0x00, 0x00, 0x01, 0x36, 0x00, // ..V...........6.
	0x00, 0x07, 0x12, 0x30, 0x20, 0x04, 0x04, 0x00, 0x00, 0x00, 0x0a, 0x00, 0x10, 0x00, 0x02, 0x00, // ...0 ...........
	0x00, 0x00, 0x1a, 0x00, 0x10, 0x00, 0x02, 0x00, 0x00, 0x00, 0x1e, 0x00, 0x00, 0x07, 0x12, 0x00, // ................
	0x10, 0x00, 0x02, 0x00, 0x00, 0x00, 0x0a, 0x00, 0x10, 0x00, 0x02, 0x00, 0x00, 0x00, 0x01, 0x40, // ...............@
	0x00, 0x00, 0x01, 0x00, 0x00, 0x00, 0x16, 0x00, 0x00, 0x01, 0x36, 0x00, 0x00, 0x06, 0x82, 0x00, // ..........6.....
	0x10, 0x00, 0x01, 0x00, 0x00, 0x00, 0x0a, 0x30, 0x20, 0x00, 0x04, 0x00, 0x00, 0x00, 0x00, 0x00, // .......0 .......
	0x00, 0x00, 0x36, 0x00, 0x00, 0x06, 0x12, 0x00, 0x10, 0x00, 0x02, 0x00, 0x00, 0x00, 0x0a, 0x30, // ..6............0
	0x20, 0x00, 0x04, 0x00, 0x00, 0x00, 0x01, 0x00, 0x00, 0x00, 0x36, 0x00, 0x00, 0x06, 0x22, 0x00, //  .........6...".
	0x10, 0x00, 0x02, 0x00, 0x00, 0x00, 0x0a, 0x30, 0x20, 0x00, 0x04, 0x00, 0x00, 0x00, 0x02, 0x00, // .......0 .......
	0x00, 0x00, 0x36, 0x00, 0x00, 0x06, 0x42, 0x00, 0x10, 0x00, 0x02, 0x00, 0x00, 0x00, 0x0a, 0x30, // ..6...B........0
	0x20, 0x00, 0x04, 0x00, 0x00, 0x00, 0x03, 0x00, 0x00, 0x00, 0x36, 0x00, 0x00, 0x06, 0x82, 0x00, //  .........6.....
	0x10, 0x00, 0x02, 0x00, 0x00, 0x00, 0x0a, 0x30, 0x20, 0x00, 0x04, 0x00, 0x00, 0x00, 0x04, 0x00, // .......0 .......
	0x00, 0x00, 0x36, 0x00, 0x00, 0x06, 0x12, 0x00, 0x10, 0x00, 0x03, 0x00, 0x00, 0x00, 0x0a, 0x30, // ..6............0
	0x20, 0x00, 0x04, 0x00, 0x00, 0x00, 0x05, 0x00, 0x00, 0x00, 0x36, 0x00, 0x00, 0x06, 0x22, 0x00, //  .........6...".
	0x10, 0x00, 0x03, 0x00, 0x00, 0x00, 0x0a, 0x30, 0x20, 0x00, 0x04, 0x00, 0x00, 0x00, 0x06, 0x00, // .......0 .......
	0x00, 0x00, 0x36, 0x00, 0x00, 0x06, 0x42, 0x00, 0x10, 0x00, 0x03, 0x00, 0x00, 0x00, 0x0a, 0x30, // ..6...B........0
	0x20, 0x00, 0x04, 0x00, 0x00, 0x00, 0x07, 0x00, 0x00, 0x00, 0x36, 0x00, 0x00, 0x06, 0x82, 0x00, //  .........6.....
	0x10, 0x00, 0x03, 0x00, 0x00, 0x00, 0x0a, 0x30, 0x20, 0x00, 0x04, 0x00, 0x00, 0x00, 0x08, 0x00, // .......0 .......
	0x00, 0x00, 0x36, 0x00, 0x00, 0x06, 0x12, 0x00, 0x10, 0x00, 0x04, 0x00, 0x00, 0x00, 0x0a, 0x30, // ..6............0
	0x20, 0x00, 0x04, 0x00, 0x00, 0x00, 0x09, 0x00, 0x00, 0x00, 0x36, 0x00, 0x00, 0x06, 0x22, 0x00, //  .........6...".
	0x10, 0x00, 0x04, 0x00, 0x00, 0x00, 0x0a, 0x30, 0x20, 0x00, 0x04, 0x00, 0x00, 0x00, 0x0a, 0x00, // .......0 .......
	0x00, 0x00, 0x36, 0x00, 0x00, 0x06, 0x42, 0x00, 0x10, 0x00, 0x04, 0x00, 0x00, 0x00, 0x0a, 0x30, // ..6...B........0
	0x20, 0x00, 0x04, 0x00, 0x00, 0x00, 0x0b, 0x00, 0x00, 0x00, 0x36, 0x00, 0x00, 0x06, 0x82, 0x00, //  .........6.....
	0x10, 0x00, 0x04, 0x00, 0x00, 0x00, 0x0a, 0x30, 0x20, 0x00, 0x04, 0x00, 0x00, 0x00, 0x0c, 0x00, // .......0 .......
	0x00, 0x00, 0x36, 0x00, 0x00, 0x06, 0x12, 0x00, 0x10, 0x00, 0x05, 0x00, 0x00, 0x00, 0x0a, 0x30, // ..6............0
	0x20, 0x00, 0x04, 0x00, 0x00, 0x00, 0x0d, 0x00, 0x00, 0x00, 0x36, 0x00, 0x00, 0x06, 0x22, 0x00, //  .........6...".
	0x10, 0x00, 0x05, 0x00, 0x00, 0x00, 0x0a, 0x30, 0x20, 0x00, 0x04, 0x00, 0x00, 0x00, 0x0e, 0x00, // .......0 .......
	0x00, 0x00, 0x36, 0x00, 0x00, 0x06, 0x42, 0x00, 0x10, 0x00, 0x05, 0x00, 0x00, 0x00, 0x0a, 0x30, // ..6...B........0
	0x20, 0x00, 0x04, 0x00, 0x00, 0x00, 0x0f, 0x00, 0x00, 0x00, 0x36, 0x00, 0x00, 0x06, 0x12, 0x30, //  .........6....0
	0x20, 0x00, 0x02, 0x00, 0x00, 0x00, 0x00, 0x00, 0x00, 0x00, 0x3a, 0x00, 0x10, 0x00, 0x01, 0x00, //  .........:.....
	0x00, 0x00, 0x36, 0x00, 0x00, 0x06, 0x12, 0x30, 0x20, 0x00, 0x02, 0x00, 0x00, 0x00, 0x01, 0x00, // ..6....0 .......
	0x00, 0x00, 0x0a, 0x00, 0x10, 0x00, 0x02, 0x00, 0x00, 0x00, 0x36, 0x00, 0x00, 0x06, 0x12, 0x30, // ..........6....0
	0x20, 0x00, 0x02, 0x00, 0x00, 0x00, 0x02, 0x00, 0x00, 0x00, 0x1a, 0x00, 0x10, 0x00, 0x02, 0x00, //  ...............
	0x00, 0x00, 0x36, 0x00, 0x00, 0x06, 0x12, 0x30, 0x20, 0x00, 0x02, 0x00, 0x00, 0x00, 0x03, 0x00, // ..6....0 .......
	0x00, 0x00, 0x2a, 0x00, 0x10, 0x00, 0x02, 0x00, 0x00, 0x00, 0x36, 0x00, 0x00, 0x06, 0x12, 0x30, // ..*.......6....0
	0x20, 0x00, 0x02, 0x00, 0x00, 0x00, 0x04, 0x00, 0x00, 0x00, 0x3a, 0x00, 0x10, 0x00, 0x02, 0x00, //  .........:.....
	0x00, 0x00, 0x36, 0x00, 0x00, 0x06, 0x12, 0x30, 0x20, 0x00, 0x02, 0x00, 0x00, 0x00, 0x05, 0x00, // ..6....0 .......
	0x00, 0x00, 0x0a, 0x00, 0x10, 0x00, 0x03, 0x00, 0x00, 0x00, 0x36, 0x00, 0x00, 0x06, 0x12, 0x30, // ..........6....0
	0x20, 0x00, 0x02, 0x00, 0x00, 0x00, 0x06, 0x00, 0x00, 0x00, 0x1a, 0x00, 0x10, 0x00, 0x03, 0x00, //  ...............
	0x00, 0x00, 0x36, 0x00, 0x00, 0x06, 0x12, 0x30, 0x20, 0x00, 0x02, 0x00, 0x00, 0x00, 0x07, 0x00, // ..6....0 .......
	0x00, 0x00, 0x2a, 0x00, 0x10, 0x00, 0x03, 0x00, 0x00, 0x00, 0x36, 0x00, 0x00, 0x06, 0x12, 0x30, // ..*.......6....0
	0x20, 0x00, 0x02, 0x00, 0x00, 0x00, 0x08, 0x00, 0x00, 0x00, 0x3a, 0x00, 0x10, 0x00, 0x03, 0x00, //  .........:.....
	0x00, 0x00, 0x36, 0x00, 0x00, 0x06, 0x12, 0x30, 0x20, 0x00, 0x02, 0x00, 0x00, 0x00, 0x09, 0x00, // ..6....0 .......
	0x00, 0x00, 0x0a, 0x00, 0x10, 0x00, 0x04, 0x00, 0x00, 0x00, 0x36, 0x00, 0x00, 0x06, 0x12, 0x30, // ..........6....0
	0x20, 0x00, 0x02, 0x00, 0x00, 0x00, 0x0a, 0x00, 0x00, 0x00, 0x1a, 0x00, 0x10, 0x00, 0x04, 0x00, //  ...............
	0x00, 0x00, 0x36, 0x00, 0x00, 0x06, 0x12, 0x30, 0x20, 0x00, 0x02, 0x00, 0x00, 0x00, 0x0b, 0x00, // ..6....0 .......
	0x00, 0x00, 0x2a, 0x00, 0x10, 0x00, 0x04, 0x00, 0x00, 0x00, 0x36, 0x00, 0x00, 0x06, 0x12, 0x30, // ..*.......6....0
	0x20, 0x00, 0x02, 0x00, 0x00, 0x00, 0x0c, 0x00, 0x00, 0x00, 0x3a, 0x00, 0x10, 0x00, 0x04, 0x00, //  .........:.....
	0x00, 0x00, 0x36, 0x00, 0x00, 0x06, 0x12, 0x30, 0x20, 0x00, 0x02, 0x00, 0x00, 0x00, 0x0d, 0x00, // ..6....0 .......
	0x00, 0x00, 0x0a, 0x00, 0x10, 0x00, 0x05, 0x00, 0x00, 0x00, 0x36, 0x00, 0x00, 0x06, 0x12, 0x30, // ..........6....0
	0x20, 0x00, 0x02, 0x00, 0x00, 0x00, 0x0e, 0x00, 0x00, 0x00, 0x1a, 0x00, 0x10, 0x00, 0x05, 0x00, //  ...............
	0x00, 0x00, 0x36, 0x00, 0x00, 0x06, 0x12, 0x30, 0x20, 0x00, 0x02, 0x00, 0x00, 0x00, 0x0f, 0x00, // ..6....0 .......
	0x00, 0x00, 0x2a, 0x00, 0x10, 0x00, 0x05, 0x00, 0x00, 0x00, 0x1e, 0x00, 0x00, 0x08, 0x82, 0x00, // ..*.............
	0x10, 0x00, 0x00, 0x00, 0x00, 0x00, 0x1a, 0x00, 0x10, 0x80, 0x41, 0x00, 0x00, 0x00, 0x00, 0x00, // ..........A.....
	0x00, 0x00, 0x3a, 0x00, 0x10, 0x00, 0x00, 0x00, 0x00, 0x00, 0x36, 0x00, 0x00, 0x08, 0xf2, 0x00, // ..:.......6.....
	0x10, 0x00, 0x01, 0x00, 0x00, 0x00, 0x02, 0x40, 0x00, 0x00, 0x00, 0x00, 0x00, 0x00, 0x00, 0x00, // .......@........
	0x00, 0x00, 0x00, 0x00, 0x00, 0x00, 0x00, 0x00, 0x00, 0x00, 0x30, 0x00, 0x00, 0x01, 0x22, 0x00, // ..........0...".
	0x00, 0x07, 0x12, 0x00, 0x10, 0x00, 0x02, 0x00, 0x00, 0x00, 0x1a, 0x00, 0x10, 0x00, 0x00, 0x00, // ................
	0x00, 0x00, 0x3a, 0x00, 0x10, 0x00, 0x01, 0x00, 0x00, 0x00, 0x03, 0x00, 0x04, 0x03, 0x0a, 0x00, // ..:.............
	0x10, 0x00, 0x02, 0x00, 0x00, 0x00, 0x36, 0x00, 0x00, 0x07, 0x12, 0x00, 0x10, 0x00, 0x02, 0x00, // ......6.........
	0x00, 0x00, 0x0a, 0x30, 0x20, 0x04, 0x02, 0x00, 0x00, 0x00, 0x3a, 0x00, 0x10, 0x00, 0x01, 0x00, // ...0 .....:.....
	0x00, 0x00, 0x1e, 0x00, 0x00, 0x07, 0x22, 0x00, 0x10, 0x00, 0x02, 0x00, 0x00, 0x00, 0x3a, 0x00, // ......".......:.
	0x10, 0x00, 0x00, 0x00, 0x00, 0x00, 0x3a, 0x00, 0x10, 0x00, 0x01, 0x00, 0x00, 0x00, 0x32, 0x00, // ......:.......2.
	0x00, 0x0c, 0x72, 0x00, 0x10, 0x00, 0x01, 0x00, 0x00, 0x00, 0x06, 0x00, 0x10, 0x00, 0x02, 0x00, // ..r.............
	0x00, 0x00, 0x46, 0x82, 0x20, 0x06, 0x00, 0x00, 0x00, 0x00, 0x09, 0x00, 0x00, 0x00, 0x1a, 0x00, // ..F. ...........
	0x10, 0x00, 0x02, 0x00, 0x00, 0x00, 0x46, 0x02, 0x10, 0x00, 0x01, 0x00, 0x00, 0x00, 0x1e, 0x00, // ......F.........
	0x00, 0x07, 0x82, 0x00, 0x10, 0x00, 0x01, 0x00, 0x00, 0x00, 0x3a, 0x00, 0x10, 0x00, 0x01, 0x00, // ..........:.....
	0x00, 0x00, 0x01, 0x40, 0x00, 0x00, 0x01, 0x00, 0x00, 0x00, 0x16, 0x00, 0x00, 0x01, 0x12, 0x00, // ...@............
	0x00, 0x01, 0x20, 0x00, 0x00, 0x07, 0x12, 0x00, 0x10, 0x00, 0x00, 0x00, 0x00, 0x00, 0x0a, 0x00, // .. .............
	0x10, 0x00, 0x00, 0x00, 0x00, 0x00, 0x01, 0x40, 0x00, 0x00, 0x02, 0x00, 0x00, 0x00, 0x1f, 0x00, // .......@........
	0x04, 0x03, 0x0a, 0x00, 0x10, 0x00, 0x00, 0x00, 0x00, 0x00, 0x34, 0x00, 0x00, 0x08, 0x12, 0x00, // ..........4.....
	0x10, 0x00, 0x00, 0x00, 0x00, 0x00, 0x01, 0x40, 0x00, 0x00, 0x6f, 0x12, 0x83, 0x3a, 0x3a, 0x80, // .......@..o..::.
	0x20, 0x00, 0x00, 0x00, 0x00, 0x00, 0x09, 0x00, 0x00, 0x00, 0x34, 0x00, 0x00, 0x08, 0x82, 0x00, //  .........4.....
	0x10, 0x00, 0x00, 0x00, 0x00, 0x00, 0x01, 0x40, 0x00, 0x00, 0x6f, 0x12, 0x83, 0x3a, 0x3a, 0x80, // .......@..o..::.
	0x20, 0x00, 0x00, 0x00, 0x00, 0x00, 0x0a, 0x00, 0x00, 0x00, 0x34, 0x00, 0x00, 0x08, 0x82, 0x00, //  .........4.....
	0x10, 0x00, 0x01, 0x00, 0x00, 0x00, 0x01, 0x40, 0x00, 0x00, 0x6f, 0x12, 0x83, 0x3a, 0x3a, 0x80, // .......@..o..::.
	0x20, 0x00, 0x00, 0x00, 0x00, 0x00, 0x0b, 0x00, 0x00, 0x00, 0x34, 0x00, 0x00, 0x08, 0x12, 0x00, //  .........4.....
	0x10, 0x00, 0x02, 0x00, 0x00, 0x00, 0x01, 0x40, 0x00, 0x00, 0x6f, 0x12, 0x83, 0x3a, 0x3a, 0x80, // .......@..o..::.
	0x20, 0x00, 0x00, 0x00, 0x00, 0x00, 0x0c, 0x00, 0x00, 0x00, 0x34, 0x00, 0x00, 0x08, 0x22, 0x00, //  .........4...".
	0x10, 0x00, 0x02, 0x00, 0x00, 0x00, 0x01, 0x40, 0x00, 0x00, 0x6f, 0x12, 0x83, 0x3a, 0x3a, 0x80, // .......@..o..::.
	0x20, 0x00, 0x00, 0x00, 0x00, 0x00, 0x0d, 0x00, 0x00, 0x00, 0x34, 0x00, 0x00, 0x08, 0x42, 0x00, //  .........4...B.
	0x10, 0x00, 0x02, 0x00, 0x00, 0x00, 0x01, 0x40, 0x00, 0x00, 0x6f, 0x12, 0x83, 0x3a, 0x3a, 0x80, // .......@..o..::.
	0x20, 0x00, 0x00, 0x00, 0x00, 0x00, 0x0e, 0x00, 0x00, 0x00, 0x34, 0x00, 0x00, 0x08, 0x82, 0x00, //  .........4.....
	0x10, 0x00, 0x02, 0x00, 0x00, 0x00, 0x01, 0x40, 0x00, 0x00, 0x6f, 0x12, 0x83, 0x3a, 0x3a, 0x80, // .......@..o..::.
	0x20, 0x00, 0x00, 0x00, 0x00, 0x00, 0x0f, 0x00, 0x00, 0x00, 0x34, 0x00, 0x00, 0x08, 0x12, 0x00, //  .........4.....
	0x10, 0x00, 0x03, 0x00, 0x00, 0x00, 0x01, 0x40, 0x00, 0x00, 0x6f, 0x12, 0x83, 0x3a, 0x3a, 0x80, // .......@..o..::.
	0x20, 0x00, 0x00, 0x00, 0x00, 0x00, 0x10, 0x00, 0x00, 0x00, 0x34, 0x00, 0x00, 0x08, 0x22, 0x00, //  .........4...".
	0x10, 0x00, 0x03, 0x00, 0x00, 0x00, 0x01, 0x40, 0x00, 0x00, 0x6f, 0x12, 0x83, 0x3a, 0x3a, 0x80, // .......@..o..::.
	0x20, 0x00, 0x00, 0x00, 0x00, 0x00, 0x11, 0x00, 0x00, 0x00, 0x34, 0x00, 0x00, 0x08, 0x42, 0x00, //  .........4...B.
	0x10, 0x00, 0x03, 0x00, 0x00, 0x00, 0x01, 0x40, 0x00, 0x00, 0x6f, 0x12, 0x83, 0x3a, 0x3a, 0x80, // .......@..o..::.
	0x20, 0x00, 0x00, 0x00, 0x00, 0x00, 0x12, 0x00, 0x00, 0x00, 0x34, 0x00, 0x00, 0x08, 0x82, 0x00, //  .........4.....
	0x10, 0x00, 0x03, 0x00, 0x00, 0x00, 0x01, 0x40, 0x00, 0x00, 0x6f, 0x12, 0x83, 0x3a, 0x3a, 0x80, // .......@..o..::.
	0x20, 0x00, 0x00, 0x00, 0x00, 0x00, 0x13, 0x00, 0x00, 0x00, 0x34, 0x00, 0x00, 0x08, 0x12, 0x00, //  .........4.....
	0x10, 0x00, 0x04, 0x00, 0x00, 0x00, 0x01, 0x40, 0x00, 0x00, 0x6f, 0x12, 0x83, 0x3a, 0x3a, 0x80, // .......@..o..::.
	0x20, 0x00, 0x00, 0x00, 0x00, 0x00, 0x14, 0x00, 0x00, 0x00, 0x34, 0x00, 0x00, 0x08, 0x22, 0x00, //  .........4...".
	0x10, 0x00, 0x04, 0x00, 0x00, 0x00, 0x01, 0x40, 0x00, 0x00, 0x6f, 0x12, 0x83, 0x3a, 0x3a, 0x80, // .......@..o..::.
	0x20, 0x00, 0x00, 0x00, 0x00, 0x00, 0x15, 0x00, 0x00, 0x00, 0x34, 0x00, 0x00, 0x08, 0x42, 0x00, //  .........4...B.
	0x10, 0x00, 0x04, 0x00, 0x00, 0x00, 0x01, 0x40, 0x00, 0x00, 0x6f, 0x12, 0x83, 0x3a, 0x3a, 0x80, // .......@..o..::.
	0x20, 0x00, 0x00, 0x00, 0x00, 0x00, 0x16, 0x00, 0x00, 0x00, 0x34, 0x00, 0x00, 0x08, 0x82, 0x00, //  .........4.....
	0x10, 0x00, 0x04, 0x00, 0x00, 0x00, 0x01, 0x40, 0x00, 0x00, 0x6f, 0x12, 0x83, 0x3a, 0x3a, 0x80, // .......@..o..::.
	0x20, 0x00, 0x00, 0x00, 0x00, 0x00, 0x17, 0x00, 0x00, 0x00, 0x34, 0x00, 0x00, 0x08, 0x12, 0x00, //  .........4.....
	0x10, 0x00, 0x05, 0x00, 0x00, 0x00, 0x01, 0x40, 0x00, 0x00, 0x6f, 0x12, 0x83, 0x3a, 0x3a, 0x80, // .......@..o..::.
	0x20, 0x00, 0x00, 0x00, 0x00, 0x00, 0x18, 0x00, 0x00, 0x00, 0x36, 0x00, 0x00, 0x06, 0x12, 0x30, //  .........6....0
	0x20, 0x00, 0x07, 0x00, 0x00, 0x00, 0x00, 0x00, 0x00, 0x00, 0x0a, 0x00, 0x10, 0x00, 0x00, 0x00, //  ...............
	0x00, 0x00, 0x36, 0x00, 0x00, 0x06, 0x12, 0x30, 0x20, 0x00, 0x07, 0x00, 0x00, 0x00, 0x01, 0x00, // ..6....0 .......
	0x00, 0x00, 0x3a, 0x00, 0x10, 0x00, 0x00, 0x00, 0x00, 0x00, 0x36, 0x00, 0x00, 0x06, 0x12, 0x30, // ..:.......6....0
	0x20, 0x00, 0x07, 0x00, 0x00, 0x00, 0x02, 0x00, 0x00, 0x00, 0x3a, 0x00, 0x10, 0x00, 0x01, 0x00, //  .........:.....
	0x00, 0x00, 0x36, 0x00, 0x00, 0x06, 0x12, 0x30, 0x20, 0x00, 0x07, 0x00, 0x00, 0x00, 0x03, 0x00, // ..6....0 .......
	0x00, 0x00, 0x0a, 0x00, 0x10, 0x00, 0x02, 0x00, 0x00, 0x00, 0x36, 0x00, 0x00, 0x06, 0x12, 0x30, // ..........6....0
	0x20, 0x00, 0x07, 0x00, 0x00, 0x00, 0x04, 0x00, 0x00, 0x00, 0x1a, 0x00, 0x10, 0x00, 0x02, 0x00, //  ...............
	0x00, 0x00, 0x36, 0x00, 0x00, 0x06, 0x12, 0x30, 0x20, 0x00, 0x07, 0x00, 0x00, 0x00, 0x05, 0x00, // ..6....0 .......
	0x00, 0x00, 0x2a, 0x00, 0x10, 0x00, 0x02, 0x00, 0x00, 0x00, 0x36, 0x00, 0x00, 0x06, 0x12, 0x30, // ..*.......6....0
	0x20, 0x00, 0x07, 0x00, 0x00, 0x00, 0x06, 0x00, 0x00, 0x00, 0x3a, 0x00, 0x10, 0x00, 0x02, 0x00, //  .........:.....
	0x00, 0x00, 0x36, 0x00, 0x00, 0x06, 0x12, 0x30, 0x20, 0x00, 0x07, 0x00, 0x00, 0x00, 0x07, 0x00, // ..6....0 .......
	0x00, 0x00, 0x0a, 0x00, 0x10, 0x00, 0x03, 0x00, 0x00, 0x00, 0x36, 0x00, 0x00, 0x06, 0x12, 0x30, // ..........6....0
	0x20, 0x00, 0x07, 0x00, 0x00, 0x00, 0x08, 0x00, 0x00, 0x00, 0x1a, 0x00, 0x10, 0x00, 0x03, 0x00, //  ...............
	0x00, 0x00, 0x36, 0x00, 0x00, 0x06, 0x12, 0x30, 0x20, 0x00, 0x07, 0x00, 0x00, 0x00, 0x09, 0x00, // ..6....0 .......
	0x00, 0x00, 0x2a, 0x00, 0x10, 0x00, 0x03, 0x00, 0x00, 0x00, 0x36, 0x00, 0x00, 0x06, 0x12, 0x30, // ..*.......6....0
	0x20, 0x00, 0x07, 0x00, 0x00, 0x00, 0x0a, 0x00, 0x00, 0x00, 0x3a, 0x00, 0x10, 0x00, 0x03, 0x00, //  .........:.....
	0x00, 0x00, 0x36, 0x00, 0x00, 0x06, 0x12, 0x30, 0x20, 0x00, 0x07, 0x00, 0x00, 0x00, 0x0b, 0x00, // ..6....0 .......
	0x00, 0x00, 0x0a, 0x00, 0x10, 0x00, 0x04, 0x00, 0x00, 0x00, 0x36, 0x00, 0x00, 0x06, 0x12, 0x30, // ..........6....0
	0x20, 0x00, 0x07, 0x00, 0x00, 0x00, 0x0c, 0x00, 0x00, 0x00, 0x1a, 0x00, 0x10, 0x00, 0x04, 0x00, //  ...............
	0x00, 0x00, 0x36, 0x00, 0x00, 0x06, 0x12, 0x30, 0x20, 0x00, 0x07, 0x00, 0x00, 0x00, 0x0d, 0x00, // ..6....0 .......
	0x00, 0x00, 0x2a, 0x00, 0x10, 0x00, 0x04, 0x00, 0x00, 0x00, 0x36, 0x00, 0x00, 0x06, 0x12, 0x30, // ..*.......6....0
	0x20, 0x00, 0x07, 0x00, 0x00, 0x00, 0x0e, 0x00, 0x00, 0x00, 0x3a, 0x00, 0x10, 0x00, 0x04, 0x00, //  .........:.....
	0x00, 0x00, 0x36, 0x00, 0x00, 0x06, 0x12, 0x30, 0x20, 0x00, 0x07, 0x00, 0x00, 0x00, 0x0f, 0x00, // ..6....0 .......
	0x00, 0x00, 0x0a, 0x00, 0x10, 0x00, 0x05, 0x00, 0x00, 0x00, 0x1e, 0x00, 0x00, 0x07, 0x12, 0x00, // ................
	0x10, 0x00, 0x00, 0x00, 0x00, 0x00, 0x2a, 0x00, 0x10, 0x00, 0x00, 0x00, 0x00, 0x00, 0x01, 0x40, // ......*........@
	0x00, 0x00, 0xff, 0xff, 0xff, 0xff, 0x1e, 0x00, 0x00, 0x08, 0x82, 0x00, 0x10, 0x00, 0x00, 0x00, // ................
	0x00, 0x00, 0x1a, 0x00, 0x10, 0x80, 0x41, 0x00, 0x00, 0x00, 0x00, 0x00, 0x00, 0x00, 0x01, 0x40, // ......A........@
	0x00, 0x00, 0x0f, 0x00, 0x00, 0x00, 0x25, 0x00, 0x00, 0x07, 0x82, 0x00, 0x10, 0x00, 0x00, 0x00, // ......%.........
	0x00, 0x00, 0x3a, 0x00, 0x10, 0x00, 0x00, 0x00, 0x00, 0x00, 0x0a, 0x00, 0x10, 0x00, 0x00, 0x00, // ..:.............
	0x00, 0x00, 0x36, 0x00, 0x00, 0x07, 0x12, 0x30, 0x20, 0x00, 0x08, 0x00, 0x00, 0x00, 0x00, 0x00, // ..6....0 .......
	0x00, 0x00, 0x0a, 0x80, 0x20, 0x00, 0x00, 0x00, 0x00, 0x00, 0x19, 0x00, 0x00, 0x00, 0x36, 0x00, // .... .........6.
	0x00, 0x07, 0x12, 0x30, 0x20, 0x00, 0x08, 0x00, 0x00, 0x00, 0x01, 0x00, 0x00, 0x00, 0x1a, 0x80, // ...0 ...........
	0x20, 0x00, 0x00, 0x00, 0x00, 0x00, 0x19, 0x00, 0x00, 0x00, 0x36, 0x00, 0x00, 0x07, 0x12, 0x30, //  .........6....0
	0x20, 0x00, 0x08, 0x00, 0x00, 0x00, 0x02, 0x00, 0x00, 0x00, 0x2a, 0x80, 0x20, 0x00, 0x00, 0x00, //  .........*. ...
	0x00, 0x00, 0x19, 0x00, 0x00, 0x00, 0x36, 0x00, 0x00, 0x07, 0x12, 0x30, 0x20, 0x00, 0x08, 0x00, // ......6....0 ...
	0x00, 0x00, 0x03, 0x00, 0x00, 0x00, 0x3a, 0x80, 0x20, 0x00, 0x00, 0x00, 0x00, 0x00, 0x19, 0x00, // ......:. .......
	0x00, 0x00, 0x36, 0x00, 0x00, 0x07, 0x12, 0x30, 0x20, 0x00, 0x08, 0x00, 0x00, 0x00, 0x04, 0x00, // ..6....0 .......
	0x00, 0x00, 0x0a, 0x80, 0x20, 0x00, 0x00, 0x00, 0x00, 0x00, 0x1a, 0x00, 0x00, 0x00, 0x36, 0x00, // .... .........6.
	0x00, 0x07, 0x12, 0x30, 0x20, 0x00, 0x08, 0x00, 0x00, 0x00, 0x05, 0x00, 0x00, 0x00, 0x1a, 0x80, // ...0 ...........
	0x20, 0x00, 0x00, 0x00, 0x00, 0x00, 0x1a, 0x00, 0x00, 0x00, 0x36, 0x00, 0x00, 0x07, 0x12, 0x30, //  .........6....0
	0x20, 0x00, 0x08, 0x00, 0x00, 0x00, 0x06, 0x00, 0x00, 0x00, 0x2a, 0x80, 0x20, 0x00, 0x00, 0x00, //  .........*. ...
	0x00, 0x00, 0x1a, 0x00, 0x00, 0x00, 0x36, 0x00, 0x00, 0x07, 0x12, 0x30, 0x20, 0x00, 0x08, 0x00, // ......6....0 ...
	0x00, 0x00, 0x07, 0x00, 0x00, 0x00, 0x3a, 0x80, 0x20, 0x00, 0x00, 0x00, 0x00, 0x00, 0x1a, 0x00, // ......:. .......
	0x00, 0x00, 0x36, 0x00, 0x00, 0x07, 0x12, 0x30, 0x20, 0x00, 0x08, 0x00, 0x00, 0x00, 0x08, 0x00, // ..6....0 .......
	0x00, 0x00, 0x0a, 0x80, 0x20, 0x00, 0x00, 0x00, 0x00, 0x00, 0x1b, 0x00, 0x00, 0x00, 0x36, 0x00, // .... .........6.
	0x00, 0x07, 0x12, 0x30, 0x20, 0x00, 0x08, 0x00, 0x00, 0x00, 0x09, 0x00, 0x00, 0x00, 0x1a, 0x80, // ...0 ...........
	0x20, 0x00, 0x00, 0x00, 0x00, 0x00, 0x1b, 0x00, 0x00, 0x00, 0x36, 0x00, 0x00, 0x07, 0x12, 0x30, //  .........6....0
	0x20, 0x00, 0x08, 0x00, 0x00, 0x00, 0x0a, 0x00, 0x00, 0x00, 0x2a, 0x80, 0x20, 0x00, 0x00, 0x00, //  .........*. ...
	0x00, 0x00, 0x1b, 0x00, 0x00, 0x00, 0x36, 0x00, 0x00, 0x07, 0x12, 0x30, 0x20, 0x00, 0x08, 0x00, // ......6....0 ...
	0x00, 0x00, 0x0b, 0x00, 0x00, 0x00, 0x3a, 0x80, 0x20, 0x00, 0x00, 0x00, 0x00, 0x00, 0x1b, 0x00, // ......:. .......
	0x00, 0x00, 0x36, 0x00, 0x00, 0x07, 0x12, 0x30, 0x20, 0x00, 0x08, 0x00, 0x00, 0x00, 0x0c, 0x00, // ..6....0 .......
	0x00, 0x00, 0x0a, 0x80, 0x20, 0x00, 0x00, 0x00, 0x00, 0x00, 0x1c, 0x00, 0x00, 0x00, 0x36, 0x00, // .... .........6.
	0x00, 0x07, 0x12, 0x30, 0x20, 0x00, 0x08, 0x00, 0x00, 0x00, 0x0d, 0x00, 0x00, 0x00, 0x1a, 0x80, // ...0 ...........
	0x20, 0x00, 0x00, 0x00, 0x00, 0x00, 0x1c, 0x00, 0x00, 0x00, 0x36, 0x00, 0x00, 0x07, 0x12, 0x30, //  .........6....0
	0x20, 0x00, 0x08, 0x00, 0x00, 0x00, 0x0e, 0x00, 0x00, 0x00, 0x2a, 0x80, 0x20, 0x00, 0x00, 0x00, //  .........*. ...
	0x00, 0x00, 0x1c, 0x00, 0x00, 0x00, 0x36, 0x00, 0x00, 0x07, 0x12, 0x30, 0x20, 0x00, 0x08, 0x00, // ......6....0 ...
	0x00, 0x00, 0x0f, 0x00, 0x00, 0x00, 0x3a, 0x80, 0x20, 0x00, 0x00, 0x00, 0x00, 0x00, 0x1c, 0x00, // ......:. .......
	0x00, 0x00, 0x24, 0x00, 0x00, 0x07, 0x82, 0x00, 0x10, 0x00, 0x01, 0x00, 0x00, 0x00, 0x1a, 0x00, // ..$.............
	0x10, 0x00, 0x00, 0x00, 0x00, 0x00, 0x01, 0x40, 0x00, 0x00, 0x00, 0x00, 0x00, 0x00, 0x25, 0x00, // .......@......%.
	0x00, 0x07, 0x82, 0x00, 0x10, 0x00, 0x01, 0x00, 0x00, 0x00, 0x3a, 0x00, 0x10, 0x00, 0x01, 0x00, // ..........:.....
	0x00, 0x00, 0x01, 0x40, 0x00, 0x00, 0x0f, 0x00, 0x00, 0x00, 0x24, 0x00, 0x00, 0x07, 0x12, 0x00, // ...@......$.....
	0x10, 0x00, 0x00, 0x00, 0x00, 0x00, 0x0a, 0x00, 0x10, 0x00, 0x00, 0x00, 0x00, 0x00, 0x3a, 0x00, // ..............:.
	0x10, 0x00, 0x01, 0x00, 0x00, 0x00, 0x1e, 0x00, 0x00, 0x07, 0x42, 0x00, 0x10, 0x00, 0x00, 0x00, // ..........B.....
	0x00, 0x00, 0x1a, 0x00, 0x10, 0x00, 0x00, 0x00, 0x00, 0x00, 0x2a, 0x00, 0x10, 0x00, 0x00, 0x00, // ..........*.....
	0x00, 0x00, 0x25, 0x00, 0x00, 0x0a, 0x52, 0x00, 0x10, 0x00, 0x00, 0x00, 0x00, 0x00, 0x06, 0x02, // ..%...R.........
	0x10, 0x00, 0x00, 0x00, 0x00, 0x00, 0x02, 0x40, 0x00, 0x00, 0x0f, 0x00, 0x00, 0x00, 0x00, 0x00, // .......@........
	0x00, 0x00, 0x0f, 0x00, 0x00, 0x00, 0x00, 0x00, 0x00, 0x00, 0x24, 0x00, 0x00, 0x07, 0x42, 0x00, // ..........$...B.
	0x10, 0x00, 0x00, 0x00, 0x00, 0x00, 0x2a, 0x00, 0x10, 0x00, 0x00, 0x00, 0x00, 0x00, 0x01, 0x40, // ......*........@
	0x00, 0x00, 0x00, 0x00, 0x00, 0x00, 0x36, 0x00, 0x00, 0x07, 0x42, 0x00, 0x10, 0x00, 0x00, 0x00, // ......6...B.....
	0x00, 0x00, 0x0a, 0x30, 0x20, 0x04, 0x08, 0x00, 0x00, 0x00, 0x2a, 0x00, 0x10, 0x00, 0x00, 0x00, // ...0 .....*.....
	0x00, 0x00, 0x31, 0x00, 0x00, 0x07, 0x42, 0x00, 0x10, 0x00, 0x00, 0x00, 0x00, 0x00, 0x0a, 0x10, // ..1...B.........
	0x10, 0x00, 0x00, 0x00, 0x00, 0x00, 0x2a, 0x00, 0x10, 0x00, 0x00, 0x00, 0x00, 0x00, 0x1f, 0x00, // ......*.........
	0x04, 0x03, 0x2a, 0x00, 0x10, 0x00, 0x00, 0x00, 0x00, 0x00, 0x36, 0x00, 0x00, 0x07, 0x42, 0x00, // ..*.......6...B.
	0x10, 0x00, 0x00, 0x00, 0x00, 0x00, 0x0a, 0x30, 0x20, 0x04, 0x08, 0x00, 0x00, 0x00, 0x1a, 0x00, // .......0 .......
	0x10, 0x00, 0x00, 0x00, 0x00, 0x00, 0x1d, 0x00, 0x00, 0x07, 0x42, 0x00, 0x10, 0x00, 0x00, 0x00, // ..........B.....
	0x00, 0x00, 0x2a, 0x00, 0x10, 0x00, 0x00, 0x00, 0x00, 0x00, 0x0a, 0x10, 0x10, 0x00, 0x00, 0x00, // ..*.............
	0x00, 0x00, 0x37, 0x00, 0x00, 0x09, 0x12, 0x00, 0x10, 0x00, 0x02, 0x00, 0x00, 0x00, 0x2a, 0x00, // ..7...........*.
	0x10, 0x00, 0x00, 0x00, 0x00, 0x00, 0x3a, 0x00, 0x10, 0x00, 0x01, 0x00, 0x00, 0x00, 0x0a, 0x00, // ......:.........
	0x10, 0x00, 0x00, 0x00, 0x00, 0x00, 0x1f, 0x00, 0x00, 0x03, 0x2a, 0x00, 0x10, 0x00, 0x00, 0x00, // ..........*.....
	0x00, 0x00, 0x36, 0x00, 0x00, 0x05, 0x42, 0x00, 0x10, 0x00, 0x02, 0x00, 0x00, 0x00, 0x0a, 0x00, // ..6...B.........
	0x10, 0x00, 0x02, 0x00, 0x00, 0x00, 0x36, 0x00, 0x00, 0x05, 0x22, 0x00, 0x10, 0x00, 0x02, 0x00, // ......6...".....
	0x00, 0x00, 0x3a, 0x00, 0x10, 0x00, 0x01, 0x00, 0x00, 0x00, 0x36, 0x00, 0x00, 0x05, 0x42, 0x00, // ..:.......6...B.
	0x10, 0x00, 0x00, 0x00, 0x00, 0x00, 0x01, 0x40, 0x00, 0x00, 0x00, 0x00, 0x00, 0x00, 0x30, 0x00, // .......@......0.
	0x00, 0x01, 0x21, 0x00, 0x00, 0x07, 0x82, 0x00, 0x10, 0x00, 0x02, 0x00, 0x00, 0x00, 0x1a, 0x00, // ..!.............
	0x10, 0x00, 0x02, 0x00, 0x00, 0x00, 0x0a, 0x00, 0x10, 0x00, 0x00, 0x00, 0x00, 0x00, 0x36, 0x00, // ..............6.
	0x00, 0x05, 0x42, 0x00, 0x10, 0x00, 0x00, 0x00, 0x00, 0x00, 0x01, 0x40, 0x00, 0x00, 0x00, 0x00, // ..B........@....
	0x00, 0x00, 0x03, 0x00, 0x04, 0x03, 0x3a, 0x00, 0x10, 0x00, 0x02, 0x00, 0x00, 0x00, 0x1e, 0x00, // ......:.........
	0x00, 0x07, 0x82, 0x00, 0x10, 0x00, 0x02, 0x00, 0x00, 0x00, 0x1a, 0x00, 0x10, 0x00, 0x02, 0x00, // ................
	0x00, 0x00, 0x01, 0x40, 0x00, 0x00, 0x01, 0x00, 0x00, 0x00, 0x36, 0x00, 0x00, 0x07, 0x12, 0x00, // ...@......6.....
	0x10, 0x00, 0x03, 0x00, 0x00, 0x00, 0x0a, 0x30, 0x20, 0x04, 0x08, 0x00, 0x00, 0x00, 0x3a, 0x00, // .......0 .....:.
	0x10, 0x00, 0x02, 0x00, 0x00, 0x00, 0x31, 0x00, 0x00, 0x07, 0x12, 0x00, 0x10, 0x00, 0x03, 0x00, // ......1.........
	0x00, 0x00, 0x0a, 0x10, 0x10, 0x00, 0x00, 0x00, 0x00, 0x00, 0x0a, 0x00, 0x10, 0x00, 0x03, 0x00, // ................
	0x00, 0x00, 0x1f, 0x00, 0x04, 0x03, 0x0a, 0x00, 0x10, 0x00, 0x03, 0x00, 0x00, 0x00, 0x36, 0x00, // ..............6.
	0x00, 0x05, 0x42, 0x00, 0x10, 0x00, 0x00, 0x00, 0x00, 0x00, 0x01, 0x40, 0x00, 0x00, 0xff, 0xff, // ..B........@....
	0xff, 0xff, 0x36, 0x00, 0x00, 0x05, 0x42, 0x00, 0x10, 0x00, 0x02, 0x00, 0x00, 0x00, 0x1a, 0x00, // ..6...B.........
	0x10, 0x00, 0x02, 0x00, 0x00, 0x00, 0x02, 0x00, 0x00, 0x01, 0x15, 0x00, 0x00, 0x01, 0x36, 0x00, // ..............6.
	0x00, 0x05, 0x22, 0x00, 0x10, 0x00, 0x02, 0x00, 0x00, 0x00, 0x3a, 0x00, 0x10, 0x00, 0x02, 0x00, // ..".......:.....
	0x00, 0x00, 0x36, 0x00, 0x00, 0x05, 0x42, 0x00, 0x10, 0x00, 0x00, 0x00, 0x00, 0x00, 0x0a, 0x00, // ..6...B.........
	0x10, 0x00, 0x03, 0x00, 0x00, 0x00, 0x16, 0x00, 0x00, 0x01, 0x37, 0x00, 0x00, 0x09, 0x12, 0x00, // ..........7.....
	0x10, 0x00, 0x00, 0x00, 0x00, 0x00, 0x2a, 0x00, 0x10, 0x00, 0x00, 0x00, 0x00, 0x00, 0x2a, 0x00, // ......*.......*.
	0x10, 0x00, 0x02, 0x00, 0x00, 0x00, 0x0a, 0x00, 0x10, 0x00, 0x00, 0x00, 0x00, 0x00, 0x12, 0x00, // ................
	0x00, 0x01, 0x36, 0x00, 0x00, 0x05, 0x12, 0x00, 0x10, 0x00, 0x00, 0x00, 0x00, 0x00, 0x0a, 0x00, // ..6.............
	0x10, 0x00, 0x02, 0x00, 0x00, 0x00, 0x15, 0x00, 0x00, 0x01, 0x15, 0x00, 0x00, 0x01, 0x24, 0x00, // ..............$.
	0x00, 0x07, 0x92, 0x00, 0x10, 0x00, 0x00, 0x00, 0x00, 0x00, 0x56, 0x05, 0x10, 0x00, 0x00, 0x00, // ..........V.....
	0x00, 0x00, 0x06, 0x0c, 0x10, 0x00, 0x00, 0x00, 0x00, 0x00, 0x25, 0x00, 0x00, 0x07, 0x12, 0x00, // ..........%.....
	0x10, 0x00, 0x00, 0x00, 0x00, 0x00, 0x3a, 0x00, 0x10, 0x00, 0x00, 0x00, 0x00, 0x00, 0x0a, 0x00, // ......:.........
	0x10, 0x00, 0x00, 0x00, 0x00, 0x00, 0x36, 0x00, 0x00, 0x07, 0x12, 0x30, 0x20, 0x00, 0x0a, 0x00, // ......6....0 ...
	0x00, 0x00, 0x00, 0x00, 0x00, 0x00, 0x0a, 0x80, 0x20, 0x00, 0x00, 0x00, 0x00, 0x00, 0x19, 0x00, // ........ .......
	0x00, 0x00, 0x36, 0x00, 0x00, 0x07, 0x12, 0x30, 0x20, 0x00, 0x0a, 0x00, 0x00, 0x00, 0x01, 0x00, // ..6....0 .......
	0x00, 0x00, 0x1a, 0x80, 0x20, 0x00, 0x00, 0x00, 0x00, 0x00, 0x19, 0x00, 0x00, 0x00, 0x36, 0x00, // .... .........6.
	0x00, 0x07, 0x12, 0x30, 0x20, 0x00, 0x0a, 0x00, 0x00, 0x00, 0x02, 0x00, 0x00, 0x00, 0x2a, 0x80, // ...0 .........*.
	0x20, 0x00, 0x00, 0x00, 0x00, 0x00, 0x19, 0x00, 0x00, 0x00, 0x36, 0x00, 0x00, 0x07, 0x12, 0x30, //  .........6....0
	0x20, 0x00, 0x0a, 0x00, 0x00, 0x00, 0x03, 0x00, 0x00, 0x00, 0x3a, 0x80, 0x20, 0x00, 0x00, 0x00, //  .........:. ...
	0x00, 0x00, 0x19, 0x00, 0x00, 0x00, 0x36, 0x00, 0x00, 0x07, 0x12, 0x30, 0x20, 0x00, 0x0a, 0x00, // ......6....0 ...
	0x00, 0x00, 0x04, 0x00, 0x00, 0x00, 0x0a, 0x80, 0x20, 0x00, 0x00, 0x00, 0x00, 0x00, 0x1a, 0x00, // ........ .......
	0x00, 0x00, 0x36, 0x00, 0x00, 0x07, 0x12, 0x30, 0x20, 0x00, 0x0a, 0x00, 0x00, 0x00, 0x05, 0x00, // ..6....0 .......
	0x00, 0x00, 0x1a, 0x80, 0x20, 0x00, 0x00, 0x00, 0x00, 0x00, 0x1a, 0x00, 0x00, 0x00, 0x36, 0x00, // .... .........6.
	0x00, 0x07, 0x12, 0x30, 0x20, 0x00, 0x0a, 0x00, 0x00, 0x00, 0x06, 0x00, 0x00, 0x00, 0x2a, 0x80, // ...0 .........*.
	0x20, 0x00, 0x00, 0x00, 0x00, 0x00, 0x1a, 0x00, 0x00, 0x00, 0x36, 0x00, 0x00, 0x07, 0x12, 0x30, //  .........6....0
	0x20, 0x00, 0x0a, 0x00, 0x00, 0x00, 0x07, 0x00, 0x00, 0x00, 0x3a, 0x80, 0x20, 0x00, 0x00, 0x00, //  .........:. ...
	0x00, 0x00, 0x1a, 0x00, 0x00, 0x00, 0x36, 0x00, 0x00, 0x07, 0x12, 0x30, 0x20, 0x00, 0x0a, 0x00, // ......6....0 ...
	0x00, 0x00, 0x08, 0x00, 0x00, 0x00, 0x0a, 0x80, 0x20, 0x00, 0x00, 0x00, 0x00, 0x00, 0x1b, 0x00, // ........ .......
	0x00, 0x00, 0x36, 0x00, 0x00, 0x07, 0x12, 0x30, 0x20, 0x00, 0x0a, 0x00, 0x00, 0x00, 0x09, 0x00, // ..6....0 .......
	0x00, 0x00, 0x1a, 0x80, 0x20, 0x00, 0x00, 0x00, 0x00, 0x00, 0x1b, 0x00, 0x00, 0x00, 0x36, 0x00, // .... .........6.
	0x00, 0x07, 0x12, 0x30, 0x20, 0x00, 0x0a, 0x00, 0x00, 0x00, 0x0a, 0x00, 0x00, 0x00, 0x2a, 0x80, // ...0 .........*.
	0x20, 0x00, 0x00, 0x00, 0x00, 0x00, 0x1b, 0x00, 0x00, 0x00, 0x36, 0x00, 0x00, 0x07, 0x12, 0x30, //  .........6....0
	0x20, 0x00, 0x0a, 0x00, 0x00, 0x00, 0x0b, 0x00, 0x00, 0x00, 0x3a, 0x80, 0x20, 0x00, 0x00, 0x00, //  .........:. ...
	0x00, 0x00, 0x1b, 0x00, 0x00, 0x00, 0x36, 0x00, 0x00, 0x07, 0x12, 0x30, 0x20, 0x00, 0x0a, 0x00, // ......6....0 ...
	0x00, 0x00, 0x0c, 0x00, 0x00, 0x00, 0x0a, 0x80, 0x20, 0x00, 0x00, 0x00, 0x00, 0x00, 0x1c, 0x00, // ........ .......
	0x00, 0x00, 0x36, 0x00, 0x00, 0x07, 0x12, 0x30, 0x20, 0x00, 0x0a, 0x00, 0x00, 0x00, 0x0d, 0x00, // ..6....0 .......
	0x00, 0x00, 0x1a, 0x80, 0x20, 0x00, 0x00, 0x00, 0x00, 0x00, 0x1c, 0x00, 0x00, 0x00, 0x36, 0x00, // .... .........6.
	0x00, 0x07, 0x12, 0x30, 0x20, 0x00, 0x0a, 0x00, 0x00, 0x00, 0x0e, 0x00, 0x00, 0x00, 0x2a, 0x80, // ...0 .........*.
	0x20, 0x00, 0x00, 0x00, 0x00, 0x00, 0x1c, 0x00, 0x00, 0x00, 0x36, 0x00, 0x00, 0x07, 0x12, 0x30, //  .........6....0
	0x20, 0x00, 0x0a, 0x00, 0x00, 0x00, 0x0f, 0x00, 0x00, 0x00, 0x3a, 0x80, 0x20, 0x00, 0x00, 0x00, //  .........:. ...
	0x00, 0x00, 0x1c, 0x00, 0x00, 0x00, 0x36, 0x00, 0x00, 0x06, 0x12, 0x30, 0x20, 0x00, 0x0b, 0x00, // ......6....0 ...
	0x00, 0x00, 0x00, 0x00, 0x00, 0x00, 0x01, 0x40, 0x00, 0x00, 0x00, 0x00, 0x80, 0x3f, 0x1e, 0x00, // .......@.....?..
	0x00, 0x07, 0x42, 0x00, 0x10, 0x00, 0x00, 0x00, 0x00, 0x00, 0x0a, 0x00, 0x10, 0x00, 0x00, 0x00, // ..B.............
	0x00, 0x00, 0x01, 0x40, 0x00, 0x00, 0x01, 0x00, 0x00, 0x00, 0x36, 0x00, 0x00, 0x05, 0x82, 0x00, // ...@......6.....
	0x10, 0x00, 0x00, 0x00, 0x00, 0x00, 0x01, 0x40, 0x00, 0x00, 0x01, 0x00, 0x00, 0x00, 0x30, 0x00, // .......@......0.
	0x00, 0x01, 0x22, 0x00, 0x00, 0x07, 0x82, 0x00, 0x10, 0x00, 0x01, 0x00, 0x00, 0x00, 0x1a, 0x00, // ..".............
	0x10, 0x00, 0x00, 0x00, 0x00, 0x00, 0x3a, 0x00, 0x10, 0x00, 0x00, 0x00, 0x00, 0x00, 0x03, 0x00, // ......:.........
	0x04, 0x03, 0x3a, 0x00, 0x10, 0x00, 0x01, 0x00, 0x00, 0x00, 0x1e, 0x00, 0x00, 0x08, 0x82, 0x00, // ..:.............
	0x10, 0x00, 0x01, 0x00, 0x00, 0x00, 0x3a, 0x00, 0x10, 0x80, 0x41, 0x00, 0x00, 0x00, 0x00, 0x00, // ......:...A.....
	0x00, 0x00, 0x2a, 0x00, 0x10, 0x00, 0x00, 0x00, 0x00, 0x00, 0x36, 0x00, 0x00, 0x07, 0x82, 0x00, // ..*.......6.....
	0x10, 0x00, 0x01, 0x00, 0x00, 0x00, 0x0a, 0x30, 0x20, 0x04, 0x0a, 0x00, 0x00, 0x00, 0x3a, 0x00, // .......0 .....:.
	0x10, 0x00, 0x01, 0x00, 0x00, 0x00, 0x00, 0x00, 0x00, 0x08, 0x82, 0x00, 0x10, 0x00, 0x01, 0x00, // ................
	0x00, 0x00, 0x3a, 0x00, 0x10, 0x80, 0x41, 0x00, 0x00, 0x00, 0x01, 0x00, 0x00, 0x00, 0x0a, 0x10, // ..:...A.........
	0x10, 0x00, 0x00, 0x00, 0x00, 0x00, 0x36, 0x00, 0x00, 0x07, 0x12, 0x30, 0x20, 0x04, 0x0c, 0x00, // ......6....0 ...
	0x00, 0x00, 0x3a, 0x00, 0x10, 0x00, 0x00, 0x00, 0x00, 0x00, 0x3a, 0x00, 0x10, 0x00, 0x01, 0x00, // ..:.......:.....
	0x00, 0x00, 0x1e, 0x00, 0x00, 0x07, 0x82, 0x00, 0x10, 0x00, 0x01, 0x00, 0x00, 0x00, 0x3a, 0x00, // ..............:.
	0x10, 0x00, 0x00, 0x00, 0x00, 0x00, 0x0a, 0x00, 0x10, 0x00, 0x00, 0x00, 0x00, 0x00, 0x36, 0x00, // ..............6.
	0x00, 0x07, 0x82, 0x00, 0x10, 0x00, 0x01, 0x00, 0x00, 0x00, 0x0a, 0x30, 0x20, 0x04, 0x0a, 0x00, // ...........0 ...
	0x00, 0x00, 0x3a, 0x00, 0x10, 0x00, 0x01, 0x00, 0x00, 0x00, 0x00, 0x00, 0x00, 0x08, 0x82, 0x00, // ..:.............
	0x10, 0x00, 0x01, 0x00, 0x00, 0x00, 0x3a, 0x00, 0x10, 0x00, 0x01, 0x00, 0x00, 0x00, 0x0a, 0x10, // ......:.........
	0x10, 0x80, 0x41, 0x00, 0x00, 0x00, 0x00, 0x00, 0x00, 0x00, 0x36, 0x00, 0x00, 0x07, 0x12, 0x30, // ..A.......6....0
	0x20, 0x04, 0x0d, 0x00, 0x00, 0x00, 0x3a, 0x00, 0x10, 0x00, 0x00, 0x00, 0x00, 0x00, 0x3a, 0x00, //  .....:.......:.
	0x10, 0x00, 0x01, 0x00, 0x00, 0x00, 0x36, 0x00, 0x00, 0x05, 0x82, 0x00, 0x10, 0x00, 0x01, 0x00, // ......6.........
	0x00, 0x00, 0x01, 0x40, 0x00, 0x00, 0x00, 0x00, 0x00, 0x00, 0x36, 0x00, 0x00, 0x05, 0x12, 0x00, // ...@......6.....
	0x10, 0x00, 0x02, 0x00, 0x00, 0x00, 0x01, 0x40, 0x00, 0x00, 0x00, 0x00, 0x00, 0x00, 0x30, 0x00, // .......@......0.
	0x00, 0x01, 0x21, 0x00, 0x00, 0x07, 0x22, 0x00, 0x10, 0x00, 0x02, 0x00, 0x00, 0x00, 0x0a, 0x00, // ..!...".........
	0x10, 0x00, 0x02, 0x00, 0x00, 0x00, 0x3a, 0x00, 0x10, 0x00, 0x00, 0x00, 0x00, 0x00, 0x03, 0x00, // ......:.........
	0x04, 0x03, 0x1a, 0x00, 0x10, 0x00, 0x02, 0x00, 0x00, 0x00, 0x1e, 0x00, 0x00, 0x07, 0x22, 0x00, // ..............".
	0x10, 0x00, 0x02, 0x00, 0x00, 0x00, 0x0a, 0x00, 0x10, 0x00, 0x02, 0x00, 0x00, 0x00, 0x01, 0x40, // ...............@
	0x00, 0x00, 0x01, 0x00, 0x00, 0x00, 0x36, 0x00, 0x00, 0x07, 0x42, 0x00, 0x10, 0x00, 0x02, 0x00, // ......6...B.....
	0x00, 0x00, 0x0a, 0x30, 0x20, 0x04, 0x0d, 0x00, 0x00, 0x00, 0x1a, 0x00, 0x10, 0x00, 0x02, 0x00, // ...0 ...........
	0x00, 0x00, 0x1e, 0x00, 0x00, 0x08, 0x82, 0x00, 0x10, 0x00, 0x02, 0x00, 0x00, 0x00, 0x3a, 0x00, // ..............:.
	0x10, 0x00, 0x00, 0x00, 0x00, 0x00, 0x0a, 0x00, 0x10, 0x80, 0x41, 0x00, 0x00, 0x00, 0x02, 0x00, // ..........A.....
	0x00, 0x00, 0x36, 0x00, 0x00, 0x07, 0x82, 0x00, 0x10, 0x00, 0x02, 0x00, 0x00, 0x00, 0x0a, 0x30, // ..6............0
	0x20, 0x04, 0x0c, 0x00, 0x00, 0x00, 0x3a, 0x00, 0x10, 0x00, 0x02, 0x00, 0x00, 0x00, 0x00, 0x00, //  .....:.........
	0x00, 0x07, 0x12, 0x00, 0x10, 0x00, 0x03, 0x00, 0x00, 0x00, 0x3a, 0x00, 0x10, 0x00, 0x02, 0x00, // ..........:.....
	0x00, 0x00, 0x2a, 0x00, 0x10, 0x00, 0x02, 0x00, 0x00, 0x00, 0x39, 0x00, 0x00, 0x07, 0x22, 0x00, // ..*.......9...".
	0x10, 0x00, 0x03, 0x00, 0x00, 0x00, 0x0a, 0x00, 0x10, 0x00, 0x03, 0x00, 0x00, 0x00, 0x01, 0x40, // ...............@
	0x00, 0x00, 0x00, 0x00, 0x00, 0x00, 0x36, 0x00, 0x00, 0x07, 0x42, 0x00, 0x10, 0x00, 0x03, 0x00, // ......6...B.....
	0x00, 0x00, 0x0a, 0x30, 0x20, 0x04, 0x0b, 0x00, 0x00, 0x00, 0x0a, 0x00, 0x10, 0x00, 0x02, 0x00, // ...0 ...........
	0x00, 0x00, 0x0e, 0x00, 0x00, 0x07, 0x12, 0x00, 0x10, 0x00, 0x03, 0x00, 0x00, 0x00, 0x2a, 0x00, // ..............*.
	0x10, 0x00, 0x03, 0x00, 0x00, 0x00, 0x0a, 0x00, 0x10, 0x00, 0x03, 0x00, 0x00, 0x00, 0x01, 0x00, // ................
	0x00, 0x07, 0x12, 0x00, 0x10, 0x00, 0x03, 0x00, 0x00, 0x00, 0x0a, 0x00, 0x10, 0x00, 0x03, 0x00, // ................
	0x00, 0x00, 0x1a, 0x00, 0x10, 0x00, 0x03, 0x00, 0x00, 0x00, 0x32, 0x00, 0x00, 0x09, 0x42, 0x00, // ..........2...B.
	0x10, 0x00, 0x02, 0x00, 0x00, 0x00, 0x2a, 0x00, 0x10, 0x00, 0x02, 0x00, 0x00, 0x00, 0x0a, 0x00, // ......*.........
	0x10, 0x00, 0x03, 0x00, 0x00, 0x00, 0x3a, 0x00, 0x10, 0x00, 0x01, 0x00, 0x00, 0x00, 0x36, 0x00, // ......:.......6.
	0x00, 0x07, 0x12, 0x30, 0x20, 0x04, 0x0b, 0x00, 0x00, 0x00, 0x0a, 0x00, 0x10, 0x00, 0x02, 0x00, // ...0 ...........
	0x00, 0x00, 0x2a, 0x00, 0x10, 0x00, 0x02, 0x00, 0x00, 0x00, 0x38, 0x00, 0x00, 0x07, 0x82, 0x00, // ..*.......8.....
	0x10, 0x00, 0x01, 0x00, 0x00, 0x00, 0x3a, 0x00, 0x10, 0x00, 0x02, 0x00, 0x00, 0x00, 0x0a, 0x00, // ......:.........
	0x10, 0x00, 0x03, 0x00, 0x00, 0x00, 0x36, 0x00, 0x00, 0x05, 0x12, 0x00, 0x10, 0x00, 0x02, 0x00, // ......6.........
	0x00, 0x00, 0x1a, 0x00, 0x10, 0x00, 0x02, 0x00, 0x00, 0x00, 0x16, 0x00, 0x00, 0x01, 0x36, 0x00, // ..............6.
	0x00, 0x07, 0x12, 0x30, 0x20, 0x04, 0x0b, 0x00, 0x00, 0x00, 0x3a, 0x00, 0x10, 0x00, 0x00, 0x00, // ...0 .....:.....
	0x00, 0x00, 0x3a, 0x00, 0x10, 0x00, 0x01, 0x00, 0x00, 0x00, 0x1e, 0x00, 0x00, 0x07, 0x82, 0x00, // ..:.............
	0x10, 0x00, 0x00, 0x00, 0x00, 0x00, 0x3a, 0x00, 0x10, 0x00, 0x00, 0x00, 0x00, 0x00, 0x01, 0x40, // ......:........@
	0x00, 0x00, 0x01, 0x00, 0x00, 0x00, 0x16, 0x00, 0x00, 0x01, 0x36, 0x00, 0x00, 0x06, 0x42, 0x00, // ..........6...B.
	0x10, 0x00, 0x00, 0x00, 0x00, 0x00, 0x0a, 0x30, 0x20, 0x00, 0x0b, 0x00, 0x00, 0x00, 0x00, 0x00, // .......0 .......
	0x00, 0x00, 0x36, 0x00, 0x00, 0x06, 0x82, 0x00, 0x10, 0x00, 0x00, 0x00, 0x00, 0x00, 0x0a, 0x30, // ..6............0
	0x20, 0x00, 0x0b, 0x00, 0x00, 0x00, 0x01, 0x00, 0x00, 0x00, 0x36, 0x00, 0x00, 0x06, 0x82, 0x00, //  .........6.....
	0x10, 0x00, 0x01, 0x00, 0x00, 0x00, 0x0a, 0x30, 0x20, 0x00, 0x0b, 0x00, 0x00, 0x00, 0x02, 0x00, // .......0 .......
	0x00, 0x00, 0x36, 0x00, 0x00, 0x06, 0x12, 0x00, 0x10, 0x00, 0x02, 0x00, 0x00, 0x00, 0x0a, 0x30, // ..6............0
	0x20, 0x00, 0x0b, 0x00, 0x00, 0x00, 0x03, 0x00, 0x00, 0x00, 0x36, 0x00, 0x00, 0x06, 0x22, 0x00, //  .........6...".
	0x10, 0x00, 0x02, 0x00, 0x00, 0x00, 0x0a, 0x30, 0x20, 0x00, 0x0b, 0x00, 0x00, 0x00, 0x04, 0x00, // .......0 .......
	0x00, 0x00, 0x36, 0x00, 0x00, 0x06, 0x42, 0x00, 0x10, 0x00, 0x02, 0x00, 0x00, 0x00, 0x0a, 0x30, // ..6...B........0
	0x20, 0x00, 0x0b, 0x00, 0x00, 0x00, 0x05, 0x00, 0x00, 0x00, 0x36, 0x00, 0x00, 0x06, 0x82, 0x00, //  .........6.....
	0x10, 0x00, 0x02, 0x00, 0x00, 0x00, 0x0a, 0x30, 0x20, 0x00, 0x0b, 0x00, 0x00, 0x00, 0x06, 0x00, // .......0 .......
	0x00, 0x00, 0x36, 0x00, 0x00, 0x06, 0x12, 0x00, 0x10, 0x00, 0x03, 0x00, 0x00, 0x00, 0x0a, 0x30, // ..6............0
	0x20, 0x00, 0x0b, 0x00, 0x00, 0x00, 0x07, 0x00, 0x00, 0x00, 0x36, 0x00, 0x00, 0x06, 0x22, 0x00, //  .........6...".
	0x10, 0x00, 0x03, 0x00, 0x00, 0x00, 0x0a, 0x30, 0x20, 0x00, 0x0b, 0x00, 0x00, 0x00, 0x08, 0x00, // .......0 .......
	0x00, 0x00, 0x36, 0x00, 0x00, 0x06, 0x42, 0x00, 0x10, 0x00, 0x03, 0x00, 0x00, 0x00, 0x0a, 0x30, // ..6...B........0
	0x20, 0x00, 0x0b, 0x00, 0x00, 0x00, 0x09, 0x00, 0x00, 0x00, 0x36, 0x00, 0x00, 0x06, 0x82, 0x00, //  .........6.....
	0x10, 0x00, 0x03, 0x00, 0x00, 0x00, 0x0a, 0x30, 0x20, 0x00, 0x0b, 0x00, 0x00, 0x00, 0x0a, 0x00, // .......0 .......
	0x00, 0x00, 0x36, 0x00, 0x00, 0x06, 0x12, 0x00, 0x10, 0x00, 0x04, 0x00, 0x00, 0x00, 0x0a, 0x30, // ..6............0
	0x20, 0x00, 0x0b, 0x00, 0x00, 0x00, 0x0b, 0x00, 0x00, 0x00, 0x36, 0x00, 0x00, 0x06, 0x22, 0x00, //  .........6...".
	0x10, 0x00, 0x04, 0x00, 0x00, 0x00, 0x0a, 0x30, 0x20, 0x00, 0x0b, 0x00, 0x00, 0x00, 0x0c, 0x00, // .......0 .......
	0x00, 0x00, 0x36, 0x00, 0x00, 0x06, 0x42, 0x00, 0x10, 0x00, 0x04, 0x00, 0x00, 0x00, 0x0a, 0x30, // ..6...B........0
	0x20, 0x00, 0x0b, 0x00, 0x00, 0x00, 0x0d, 0x00, 0x00, 0x00, 0x36, 0x00, 0x00, 0x06, 0x82, 0x00, //  .........6.....
	0x10, 0x00, 0x04, 0x00, 0x00, 0x00, 0x0a, 0x30, 0x20, 0x00, 0x0b, 0x00, 0x00, 0x00, 0x0e, 0x00, // .......0 .......
	0x00, 0x00, 0x36, 0x00, 0x00, 0x06, 0x12, 0x00, 0x10, 0x00, 0x05, 0x00, 0x00, 0x00, 0x0a, 0x30, // ..6............0
	0x20, 0x00, 0x0b, 0x00, 0x00, 0x00, 0x0f, 0x00, 0x00, 0x00, 0x36, 0x00, 0x00, 0x06, 0x12, 0x30, //  .........6....0
	0x20, 0x00, 0x09, 0x00, 0x00, 0x00, 0x00, 0x00, 0x00, 0x00, 0x2a, 0x00, 0x10, 0x00, 0x00, 0x00, //  .........*.....
	0x00, 0x00, 0x36, 0x00, 0x00, 0x06, 0x12, 0x30, 0x20, 0x00, 0x09, 0x00, 0x00, 0x00, 0x01, 0x00, // ..6....0 .......
	0x00, 0x00, 0x3a, 0x00, 0x10, 0x00, 0x00, 0x00, 0x00, 0x00, 0x36, 0x00, 0x00, 0x06, 0x12, 0x30, // ..:.......6....0
	0x20, 0x00, 0x09, 0x00, 0x00, 0x00, 0x02, 0x00, 0x00, 0x00, 0x3a, 0x00, 0x10, 0x00, 0x01, 0x00, //  .........:.....
	0x00, 0x00, 0x36, 0x00, 0x00, 0x06, 0x12, 0x30, 0x20, 0x00, 0x09, 0x00, 0x00, 0x00, 0x03, 0x00, // ..6....0 .......
	0x00, 0x00, 0x0a, 0x00, 0x10, 0x00, 0x02, 0x00, 0x00, 0x00, 0x36, 0x00, 0x00, 0x06, 0x12, 0x30, // ..........6....0
	0x20, 0x00, 0x09, 0x00, 0x00, 0x00, 0x04, 0x00, 0x00, 0x00, 0x1a, 0x00, 0x10, 0x00, 0x02, 0x00, //  ...............
	0x00, 0x00, 0x36, 0x00, 0x00, 0x06, 0x12, 0x30, 0x20, 0x00, 0x09, 0x00, 0x00, 0x00, 0x05, 0x00, // ..6....0 .......
	0x00, 0x00, 0x2a, 0x00, 0x10, 0x00, 0x02, 0x00, 0x00, 0x00, 0x36, 0x00, 0x00, 0x06, 0x12, 0x30, // ..*.......6....0
	0x20, 0x00, 0x09, 0x00, 0x00, 0x00, 0x06, 0x00, 0x00, 0x00, 0x3a, 0x00, 0x10, 0x00, 0x02, 0x00, //  .........:.....
	0x00, 0x00, 0x36, 0x00, 0x00, 0x06, 0x12, 0x30, 0x20, 0x00, 0x09, 0x00, 0x00, 0x00, 0x07, 0x00, // ..6....0 .......
	0x00, 0x00, 0x0a, 0x00, 0x10, 0x00, 0x03, 0x00, 0x00, 0x00, 0x36, 0x00, 0x00, 0x06, 0x12, 0x30, // ..........6....0
	0x20, 0x00, 0x09, 0x00, 0x00, 0x00, 0x08, 0x00, 0x00, 0x00, 0x1a, 0x00, 0x10, 0x00, 0x03, 0x00, //  ...............
	0x00, 0x00, 0x36, 0x00, 0x00, 0x06, 0x12, 0x30, 0x20, 0x00, 0x09, 0x00, 0x00, 0x00, 0x09, 0x00, // ..6....0 .......
	0x00, 0x00, 0x2a, 0x00, 0x10, 0x00, 0x03, 0x00, 0x00, 0x00, 0x36, 0x00, 0x00, 0x06, 0x12, 0x30, // ..*.......6....0
	0x20, 0x00, 0x09, 0x00, 0x00, 0x00, 0x0a, 0x00, 0x00, 0x00, 0x3a, 0x00, 0x10, 0x00, 0x03, 0x00, //  .........:.....
	0x00, 0x00, 0x36, 0x00, 0x00, 0x06, 0x12, 0x30, 0x20, 0x00, 0x09, 0x00, 0x00, 0x00, 0x0b, 0x00, // ..6....0 .......
	0x00, 0x00, 0x0a, 0x00, 0x10, 0x00, 0x04, 0x00, 0x00, 0x00, 0x36, 0x00, 0x00, 0x06, 0x12, 0x30, // ..........6....0
	0x20, 0x00, 0x09, 0x00, 0x00, 0x00, 0x0c, 0x00, 0x00, 0x00, 0x1a, 0x00, 0x10, 0x00, 0x04, 0x00, //  ...............
	0x00, 0x00, 0x36, 0x00, 0x00, 0x06, 0x12, 0x30, 0x20, 0x00, 0x09, 0x00, 0x00, 0x00, 0x0d, 0x00, // ..6....0 .......
	0x00, 0x00, 0x2a, 0x00, 0x10, 0x00, 0x04, 0x00, 0x00, 0x00, 0x36, 0x00, 0x00, 0x06, 0x12, 0x30, // ..*.......6....0
	0x20, 0x00, 0x09, 0x00, 0x00, 0x00, 0x0e, 0x00, 0x00, 0x00, 0x3a, 0x00, 0x10, 0x00, 0x04, 0x00, //  .........:.....
	0x00, 0x00, 0x36, 0x00, 0x00, 0x06, 0x12, 0x30, 0x20, 0x00, 0x09, 0x00, 0x00, 0x00, 0x0f, 0x00, // ..6....0 .......
	0x00, 0x00, 0x0a, 0x00, 0x10, 0x00, 0x05, 0x00, 0x00, 0x00, 0x1e, 0x00, 0x00, 0x08, 0x12, 0x00, // ................
	0x10, 0x00, 0x00, 0x00, 0x00, 0x00, 0x1a, 0x00, 0x10, 0x80, 0x41, 0x00, 0x00, 0x00, 0x00, 0x00, // ..........A.....
	0x00, 0x00, 0x0a, 0x00, 0x10, 0x00, 0x00, 0x00, 0x00, 0x00, 0x36, 0x00, 0x00, 0x08, 0x72, 0x00, // ..........6...r.
	0x10, 0x00, 0x02, 0x00, 0x00, 0x00, 0x02, 0x40, 0x00, 0x00, 0x00, 0x00, 0x00, 0x00, 0x00, 0x00, // .......@........
	0x00, 0x00, 0x00, 0x00, 0x00, 0x00, 0x00, 0x00, 0x00, 0x00, 0x36, 0x00, 0x00, 0x08, 0xc2, 0x00, // ..........6.....
	0x10, 0x00, 0x00, 0x00, 0x00, 0x00, 0x02, 0x40, 0x00, 0x00, 0x00, 0x00, 0x00, 0x00, 0x00, 0x00, // .......@........
	0x00, 0x00, 0x00, 0x00, 0x00, 0x00, 0x00, 0x00, 0x00, 0x00, 0x30, 0x00, 0x00, 0x01, 0x22, 0x00, // ..........0...".
	0x00, 0x07, 0x82, 0x00, 0x10, 0x00, 0x01, 0x00, 0x00, 0x00, 0x1a, 0x00, 0x10, 0x00, 0x00, 0x00, // ................
	0x00, 0x00, 0x3a, 0x00, 0x10, 0x00, 0x00, 0x00, 0x00, 0x00, 0x03, 0x00, 0x04, 0x03, 0x3a, 0x00, // ..:...........:.
	0x10, 0x00, 0x01, 0x00, 0x00, 0x00, 0x1e, 0x00, 0x00, 0x07, 0x82, 0x00, 0x10, 0x00, 0x01, 0x00, // ................
	0x00, 0x00, 0x3a, 0x00, 0x10, 0x00, 0x00, 0x00, 0x00, 0x00, 0x0a, 0x00, 0x10, 0x00, 0x00, 0x00, // ..:.............
	0x00, 0x00, 0x36, 0x00, 0x00, 0x07, 0x82, 0x00, 0x10, 0x00, 0x02, 0x00, 0x00, 0x00, 0x0a, 0x30, // ..6............0
	0x20, 0x04, 0x09, 0x00, 0x00, 0x00, 0x3a, 0x00, 0x10, 0x00, 0x00, 0x00, 0x00, 0x00, 0x36, 0x00, //  .....:.......6.
	0x00, 0x07, 0x12, 0x00, 0x10, 0x00, 0x03, 0x00, 0x00, 0x00, 0x0a, 0x30, 0x20, 0x04, 0x07, 0x00, // ...........0 ...
	0x00, 0x00, 0x3a, 0x00, 0x10, 0x00, 0x01, 0x00, 0x00, 0x00, 0x38, 0x00, 0x00, 0x07, 0x22, 0x00, // ..:.......8...".
	0x10, 0x00, 0x03, 0x00, 0x00, 0x00, 0x3a, 0x00, 0x10, 0x00, 0x02, 0x00, 0x00, 0x00, 0x0a, 0x00, // ......:.........
	0x10, 0x00, 0x03, 0x00, 0x00, 0x00, 0x32, 0x00, 0x00, 0x0c, 0x72, 0x00, 0x10, 0x00, 0x02, 0x00, // ......2...r.....
	0x00, 0x00, 0x56, 0x05, 0x10, 0x00, 0x03, 0x00, 0x00, 0x00, 0x46, 0x82, 0x20, 0x06, 0x00, 0x00, // ..V.......F. ...
	0x00, 0x00, 0x09, 0x00, 0x00, 0x00, 0x3a, 0x00, 0x10, 0x00, 0x01, 0x00, 0x00, 0x00, 0x46, 0x02, // ......:.......F.
	0x10, 0x00, 0x02, 0x00, 0x00, 0x00, 0x32, 0x00, 0x00, 0x09, 0x42, 0x00, 0x10, 0x00, 0x00, 0x00, // ......2...B.....
	0x00, 0x00, 0x3a, 0x00, 0x10, 0x00, 0x02, 0x00, 0x00, 0x00, 0x0a, 0x00, 0x10, 0x00, 0x03, 0x00, // ..:.............
	0x00, 0x00, 0x2a, 0x00, 0x10, 0x00, 0x00, 0x00, 0x00, 0x00, 0x1e, 0x00, 0x00, 0x07, 0x82, 0x00, // ..*.............
	0x10, 0x00, 0x00, 0x00, 0x00, 0x00, 0x3a, 0x00, 0x10, 0x00, 0x00, 0x00, 0x00, 0x00, 0x01, 0x40, // ......:........@
	0x00, 0x00, 0x01, 0x00, 0x00, 0x00, 0x16, 0x00, 0x00, 0x01, 0x31, 0x00, 0x00, 0x07, 0x12, 0x00, // ..........1.....
	0x10, 0x00, 0x00, 0x00, 0x00, 0x00, 0x01, 0x40, 0x00, 0x00, 0x00, 0x00, 0x00, 0x00, 0x2a, 0x00, // .......@......*.
	0x10, 0x00, 0x00, 0x00, 0x00, 0x00, 0x0e, 0x00, 0x00, 0x07, 0xe2, 0x00, 0x10, 0x00, 0x00, 0x00, // ................
	0x00, 0x00, 0x06, 0x09, 0x10, 0x00, 0x02, 0x00, 0x00, 0x00, 0xa6, 0x0a, 0x10, 0x00, 0x00, 0x00, // ................
	0x00, 0x00, 0x01, 0x00, 0x00, 0x07, 0x72, 0x00, 0x10, 0x00, 0x01, 0x00, 0x00, 0x00, 0x96, 0x07, // ......r.........
	0x10, 0x00, 0x00, 0x00, 0x00, 0x00, 0x06, 0x00, 0x10, 0x00, 0x00, 0x00, 0x00, 0x00, 0x12, 0x00, // ................
	0x00, 0x01, 0x32, 0x00, 0x00, 0x0b, 0x12, 0x00, 0x10, 0x00, 0x00, 0x00, 0x00, 0x00, 0x2a, 0x80, // ..2...........*.
	0x20, 0x00, 0x00, 0x00, 0x00, 0x00, 0x1f, 0x00, 0x00, 0x00, 0x0a, 0x10, 0x10, 0x00, 0x00, 0x00, //  ...............
	0x00, 0x00, 0x1a, 0x80, 0x20, 0x00, 0x00, 0x00, 0x00, 0x00, 0x1f, 0x00, 0x00, 0x00, 0x4d, 0x00, // .... .........M.
	0x00, 0x07, 0x12, 0x00, 0x10, 0x00, 0x00, 0x00, 0x00, 0x00, 0x12, 0x00, 0x10, 0x00, 0x02, 0x00, // ................
	0x00, 0x00, 0x0a, 0x00, 0x10, 0x00, 0x00, 0x00, 0x00, 0x00, 0x10, 0x00, 0x00, 0x09, 0x22, 0x00, // ..............".
	0x10, 0x00, 0x00, 0x00, 0x00, 0x00, 0x46, 0x82, 0x20, 0x00, 0x00, 0x00, 0x00, 0x00, 0x0a, 0x00, // ......F. .......
	0x00, 0x00, 0x46, 0x82, 0x20, 0x00, 0x00, 0x00, 0x00, 0x00, 0x0a, 0x00, 0x00, 0x00, 0x44, 0x00, // ..F. .........D.
	0x00, 0x05, 0x22, 0x00, 0x10, 0x00, 0x00, 0x00, 0x00, 0x00, 0x1a, 0x00, 0x10, 0x00, 0x00, 0x00, // ..".............
	0x00, 0x00, 0x38, 0x00, 0x00, 0x08, 0xe2, 0x00, 0x10, 0x00, 0x00, 0x00, 0x00, 0x00, 0x56, 0x05, // ..8...........V.
	0x10, 0x00, 0x00, 0x00, 0x00, 0x00, 0x06, 0x89, 0x20, 0x00, 0x00, 0x00, 0x00, 0x00, 0x0a, 0x00, // ........ .......
	0x00, 0x00, 0x10, 0x00, 0x00, 0x09, 0x82, 0x00, 0x10, 0x00, 0x01, 0x00, 0x00, 0x00, 0x46, 0x82, // ..............F.
	0x20, 0x00, 0x00, 0x00, 0x00, 0x00, 0x0b, 0x00, 0x00, 0x00, 0x46, 0x82, 0x20, 0x00, 0x00, 0x00, //  .........F. ...
	0x00, 0x00, 0x0b, 0x00, 0x00, 0x00, 0x44, 0x00, 0x00, 0x05, 0x82, 0x00, 0x10, 0x00, 0x01, 0x00, // ......D.........
	0x00, 0x00, 0x3a, 0x00, 0x10, 0x00, 0x01, 0x00, 0x00, 0x00, 0x38, 0x00, 0x00, 0x08, 0xe2, 0x00, // ..:.......8.....
	0x10, 0x00, 0x02, 0x00, 0x00, 0x00, 0xf6, 0x0f, 0x10, 0x00, 0x01, 0x00, 0x00, 0x00, 0x06, 0x89, // ................
	0x20, 0x00, 0x00, 0x00, 0x00, 0x00, 0x0b, 0x00, 0x00, 0x00, 0x38, 0x00, 0x00, 0x07, 0xe2, 0x00, //  .........8.....
	0x10, 0x00, 0x02, 0x00, 0x00, 0x00, 0x06, 0x00, 0x10, 0x00, 0x00, 0x00, 0x00, 0x00, 0x56, 0x0e, // ..............V.
	0x10, 0x00, 0x02, 0x00, 0x00, 0x00, 0x32, 0x00, 0x00, 0x09, 0x72, 0x00, 0x10, 0x00, 0x00, 0x00, // ......2...r.....
	0x00, 0x00, 0x06, 0x00, 0x10, 0x00, 0x02, 0x00, 0x00, 0x00, 0x96, 0x07, 0x10, 0x00, 0x00, 0x00, // ................
	0x00, 0x00, 0x96, 0x07, 0x10, 0x00, 0x02, 0x00, 0x00, 0x00, 0x32, 0x00, 0x00, 0x0b, 0x72, 0x00, // ..........2...r.
	0x10, 0x00, 0x01, 0x00, 0x00, 0x00, 0x06, 0x80, 0x20, 0x00, 0x00, 0x00, 0x00, 0x00, 0x1f, 0x00, // ........ .......
	0x00, 0x00, 0x46, 0x02, 0x10, 0x00, 0x00, 0x00, 0x00, 0x00, 0x46, 0x82, 0x20, 0x00, 0x00, 0x00, // ..F.......F. ...
	0x00, 0x00, 0x09, 0x00, 0x00, 0x00, 0x15, 0x00, 0x00, 0x01, 0x15, 0x00, 0x00, 0x01, 0x15, 0x00, // ................
	0x00, 0x01, 0x38, 0x00, 0x00, 0x08, 0xf2, 0x00, 0x10, 0x00, 0x00, 0x00, 0x00, 0x00, 0x56, 0x05, // ..8...........V.
	0x10, 0x00, 0x01, 0x00, 0x00, 0x00, 0x46, 0x8e, 0x20, 0x00, 0x00, 0x00, 0x00, 0x00, 0x01, 0x00, // ......F. .......
	0x00, 0x00, 0x32, 0x00, 0x00, 0x0a, 0xf2, 0x00, 0x10, 0x00, 0x00, 0x00, 0x00, 0x00, 0x46, 0x8e, // ..2...........F.
	0x20, 0x00, 0x00, 0x00, 0x00, 0x00, 0x00, 0x00, 0x00, 0x00, 0x06, 0x00, 0x10, 0x00, 0x01, 0x00, //  ...............
	0x00, 0x00, 0x46, 0x0e, 0x10, 0x00, 0x00, 0x00, 0x00, 0x00, 0x32, 0x00, 0x00, 0x0a, 0xf2, 0x00, // ..F.......2.....
	0x10, 0x00, 0x00, 0x00, 0x00, 0x00, 0x46, 0x8e, 0x20, 0x00, 0x00, 0x00, 0x00, 0x00, 0x02, 0x00, // ......F. .......
	0x00, 0x00, 0xa6, 0x0a, 0x10, 0x00, 0x01, 0x00, 0x00, 0x00, 0x46, 0x0e, 0x10, 0x00, 0x00, 0x00, // ..........F.....
	0x00, 0x00, 0x00, 0x00, 0x00, 0x08, 0xf2, 0x00, 0x10, 0x00, 0x00, 0x00, 0x00, 0x00, 0x46, 0x0e, // ..............F.
	0x10, 0x00, 0x00, 0x00, 0x00, 0x00, 0x46, 0x8e, 0x20, 0x00, 0x00, 0x00, 0x00, 0x00, 0x03, 0x00, // ......F. .......
	0x00, 0x00, 0x00, 0x00, 0x00, 0x08, 0x42, 0x00, 0x10, 0x00, 0x00, 0x00, 0x00, 0x00, 0x2a, 0x00, // ......B.......*.
	0x10, 0x00, 0x00, 0x00, 0x00, 0x00, 0x0a, 0x80, 0x20, 0x00, 0x00, 0x00, 0x00, 0x00, 0x08, 0x00, // ........ .......
	0x00, 0x00, 0x36, 0x00, 0x00, 0x06, 0x12, 0x20, 0x10, 0x00, 0x02, 0x00, 0x00, 0x00, 0x2a, 0x00, // ..6.... ......*.
	0x10, 0x80, 0x41, 0x00, 0x00, 0x00, 0x00, 0x00, 0x00, 0x00, 0x38, 0x00, 0x00, 0x08, 0xf2, 0x00, // ..A.......8.....
	0x10, 0x00, 0x01, 0x00, 0x00, 0x00, 0x56, 0x05, 0x10, 0x00, 0x00, 0x00, 0x00, 0x00, 0x46, 0x8e, // ......V.......F.
	0x20, 0x00, 0x00, 0x00, 0x00, 0x00, 0x05, 0x00, 0x00, 0x00, 0x32, 0x00, 0x00, 0x0a, 0xf2, 0x00, //  .........2.....
	0x10, 0x00, 0x01, 0x00, 0x00, 0x00, 0x46, 0x8e, 0x20, 0x00, 0x00, 0x00, 0x00, 0x00, 0x04, 0x00, // ......F. .......
	0x00, 0x00, 0x06, 0x00, 0x10, 0x00, 0x00, 0x00, 0x00, 0x00, 0x46, 0x0e, 0x10, 0x00, 0x01, 0x00, // ..........F.....
	0x00, 0x00, 0x32, 0x00, 0x00, 0x0a, 0xf2, 0x00, 0x10, 0x00, 0x01, 0x00, 0x00, 0x00, 0x46, 0x8e, // ..2...........F.
	0x20, 0x00, 0x00, 0x00, 0x00, 0x00, 0x06, 0x00, 0x00, 0x00, 0xa6, 0x0a, 0x10, 0x00, 0x00, 0x00, //  ...............
	0x00, 0x00, 0x46, 0x0e, 0x10, 0x00, 0x01, 0x00, 0x00, 0x00, 0x32, 0x00, 0x00, 0x0a, 0xf2, 0x20, // ..F.......2.... 
	0x10, 0x00, 0x00, 0x00, 0x00, 0x00, 0x46, 0x8e, 0x20, 0x00, 0x00, 0x00, 0x00, 0x00, 0x07, 0x00, // ......F. .......
	0x00, 0x00, 0xf6, 0x0f, 0x10, 0x00, 0x00, 0x00, 0x00, 0x00, 0x46, 0x0e, 0x10, 0x00, 0x01, 0x00, // ..........F.....
	0x00, 0x00, 0x36, 0x00, 0x00, 0x06, 0xf2, 0x20, 0x10, 0x00, 0x01, 0x00, 0x00, 0x00, 0x46, 0x8e, // ..6.... ......F.
	0x20, 0x00, 0x00, 0x00, 0x00, 0x00, 0x1e, 0x00, 0x00, 0x00, 0x3e, 0x00, 0x00, 0x01, 0x00, 0x01, //  .........>.....
	0x01, 0x00, 0x00, 0x02,                                                                         // ....
};

static const uint8_t vs_curve_glsl[9692] =
{
	0x56, 0x53, 0x48, 0x0b, 0x00, 0x00, 0x00, 0x00, 0x16, 0x75, 0x06, 0xff, 0x08, 0x00, 0x05, 0x75, // VSH......u.....u
	0x56, 0x69, 0x65, 0x77, 0x04, 0x01, 0x00, 0x00, 0x04, 0x00, 0x00, 0x00, 0x00, 0x00, 0x0a, 0x70, // View...........p
	0x72, 0x6f, 0x6a, 0x65, 0x63, 0x74, 0x69, 0x6f, 0x6e, 0x04, 0x01, 0x00, 0x00, 0x04, 0x00, 0x00, // rojection.......
	0x00, 0x00, 0x00, 0x0c, 0x75, 0x4c, 0x61, 0x79, 0x65, 0x72, 0x4f, 0x66, 0x66, 0x73, 0x65, 0x74, // ....uLayerOffset
	0x02, 0x01, 0x00, 0x00, 0x01, 0x00, 0x00, 0x00, 0x00, 0x00, 0x08, 0x75, 0x43, 0x75, 0x72, 0x76, // ...........uCurv
	0x65, 0x43, 0x50, 0x02, 0x10, 0x00, 0x00, 0x10, 0x00, 0x00, 0x00, 0x00, 0x00, 0x0a, 0x75, 0x43, // eCP...........uC
	0x75, 0x72, 0x76, 0x65, 0x4b, 0x6e, 0x6f, 0x74, 0x02, 0x04, 0x00, 0x00, 0x04, 0x00, 0x00, 0x00, // urveKnot........
	0x00, 0x00, 0x0c, 0x75, 0x43, 0x75, 0x72, 0x76, 0x65, 0x50, 0x61, 0x72, 0x61, 0x6d, 0x73, 0x02, // ...uCurveParams.
	0x01, 0x00, 0x00, 0x01, 0x00, 0x00, 0x00, 0x00, 0x00, 0x0b, 0x75, 0x43, 0x75, 0x72, 0x76, 0x65, // ..........uCurve
	0x43, 0x6f, 0x6c, 0x6f, 0x72, 0x02, 0x01, 0x00, 0x00, 0x01, 0x00, 0x00, 0x00, 0x00, 0x00, 0x04, // Color...........
	0x75, 0x41, 0x72, 0x63, 0x02, 0x01, 0x00, 0x00, 0x01, 0x00, 0x00, 0x00, 0x00, 0x00, 0x29, 0x25, // uArc..........)%
	0x00, 0x00, 0x61, 0x74, 0x74, 0x72, 0x69, 0x62, 0x75, 0x74, 0x65, 0x20, 0x76, 0x65, 0x63, 0x32, // ..attribute vec2
	0x20, 0x61, 0x5f, 0x70, 0x6f, 0x73, 0x69, 0x74, 0x69, 0x6f, 0x6e, 0x3b, 0x0a, 0x76, 0x61, 0x72, //  a_position;.var
	0x79, 0x69, 0x6e, 0x67, 0x20, 0x76, 0x65, 0x63, 0x34, 0x20, 0x76, 0x5f, 0x63, 0x6f, 0x6c, 0x6f, // ying vec4 v_colo
	0x72, 0x3b, 0x0a, 0x76, 0x61, 0x72, 0x79, 0x69, 0x6e, 0x67, 0x20, 0x66, 0x6c, 0x6f, 0x61, 0x74, // r;.varying float
	0x20, 0x76, 0x5f, 0x64, 0x65, 0x70, 0x74, 0x68, 0x3b, 0x0a, 0x75, 0x6e, 0x69, 0x66, 0x6f, 0x72, //  v_depth;.unifor
	0x6d, 0x20, 0x6d, 0x61, 0x74, 0x34, 0x20, 0x75, 0x56, 0x69, 0x65, 0x77, 0x3b, 0x0a, 0x75, 0x6e, // m mat4 uView;.un
	0x69, 0x66, 0x6f, 0x72, 0x6d, 0x20, 0x6d, 0x61, 0x74, 0x34, 0x20, 0x70, 0x72, 0x6f, 0x6a, 0x65, // iform mat4 proje
	0x63, 0x74, 0x69, 0x6f, 0x6e, 0x3b, 0x0a, 0x75, 0x6e, 0x69, 0x66, 0x6f, 0x72, 0x6d, 0x20, 0x76, // ction;.uniform v
	0x65, 0x63, 0x34, 0x20, 0x75, 0x4c, 0x61, 0x79, 0x65, 0x72, 0x4f, 0x66, 0x66, 0x73, 0x65, 0x74, // ec4 uLayerOffset
	0x3b, 0x0a, 0x75, 0x6e, 0x69, 0x66, 0x6f, 0x72, 0x6d, 0x20, 0x76, 0x65, 0x63, 0x34, 0x20, 0x75, // ;.uniform vec4 u
	0x43, 0x75, 0x72, 0x76, 0x65, 0x43, 0x50, 0x5b, 0x31, 0x36, 0x5d, 0x3b, 0x0a, 0x75, 0x6e, 0x69, // CurveCP[16];.uni
	0x66, 0x6f, 0x72, 0x6d, 0x20, 0x76, 0x65, 0x63, 0x34, 0x20, 0x75, 0x43, 0x75, 0x72, 0x76, 0x65, // form vec4 uCurve
	0x4b, 0x6e, 0x6f, 0x74, 0x5b, 0x34, 0x5d, 0x3b, 0x0a, 0x75, 0x6e, 0x69, 0x66, 0x6f, 0x72, 0x6d, // Knot[4];.uniform
	0x20, 0x76, 0x65, 0x63, 0x34, 0x20, 0x75, 0x43, 0x75, 0x72, 0x76, 0x65, 0x50, 0x61, 0x72, 0x61, //  vec4 uCurvePara
	0x6d, 0x73, 0x3b, 0x0a, 0x75, 0x6e, 0x69, 0x66, 0x6f, 0x72, 0x6d, 0x20, 0x76, 0x65, 0x63, 0x34, // ms;.uniform vec4
	0x20, 0x75, 0x43, 0x75, 0x72, 0x76, 0x65, 0x43, 0x6f, 0x6c, 0x6f, 0x72, 0x3b, 0x0a, 0x75, 0x6e, //  uCurveColor;.un
	0x69, 0x66, 0x6f, 0x72, 0x6d, 0x20, 0x76, 0x65, 0x63, 0x34, 0x20, 0x75, 0x41, 0x72, 0x63, 0x3b, // iform vec4 uArc;
	0x0a, 0x76, 0x6f, 0x69, 0x64, 0x20, 0x6d, 0x61, 0x69, 0x6e, 0x20, 0x28, 0x29, 0x0a, 0x7b, 0x0a, // .void main ().{.
	0x20, 0x20, 0x76, 0x65, 0x63, 0x34, 0x20, 0x76, 0x69, 0x65, 0x77, 0x50, 0x6f, 0x73, 0x69, 0x74, //   vec4 viewPosit
	0x69, 0x6f, 0x6e, 0x5f, 0x31, 0x3b, 0x0a, 0x20, 0x20, 0x76, 0x65, 0x63, 0x33, 0x20, 0x70, 0x6f, // ion_1;.  vec3 po
	0x73, 0x69, 0x74, 0x69, 0x6f, 0x6e, 0x5f, 0x32, 0x3b, 0x0a, 0x20, 0x20, 0x66, 0x6c, 0x6f, 0x61, // sition_2;.  floa
	0x74, 0x20, 0x77, 0x65, 0x69, 0x67, 0x68, 0x74, 0x73, 0x5f, 0x34, 0x5b, 0x31, 0x36, 0x5d, 0x3b, // t weights_4[16];
	0x0a, 0x20, 0x20, 0x66, 0x6c, 0x6f, 0x61, 0x74, 0x20, 0x6b, 0x6e, 0x6f, 0x74, 0x73, 0x5f, 0x35, // .  float knots_5
	0x5b, 0x31, 0x36, 0x5d, 0x3b, 0x0a, 0x20, 0x20, 0x76, 0x65, 0x63, 0x33, 0x20, 0x63, 0x70, 0x5f, // [16];.  vec3 cp_
	0x36, 0x5b, 0x31, 0x36, 0x5d, 0x3b, 0x0a, 0x20, 0x20, 0x66, 0x6f, 0x72, 0x20, 0x28, 0x69, 0x6e, // 6[16];.  for (in
	0x74, 0x20, 0x69, 0x5f, 0x33, 0x20, 0x3d, 0x20, 0x30, 0x3b, 0x20, 0x69, 0x5f, 0x33, 0x20, 0x3c, // t i_3 = 0; i_3 <
	0x20, 0x31, 0x36, 0x3b, 0x20, 0x69, 0x5f, 0x33, 0x2b, 0x2b, 0x29, 0x20, 0x7b, 0x0a, 0x20, 0x20, //  16; i_3++) {.  
	0x20, 0x20, 0x63, 0x70, 0x5f, 0x36, 0x5b, 0x69, 0x5f, 0x33, 0x5d, 0x20, 0x3d, 0x20, 0x75, 0x43, //   cp_6[i_3] = uC
	0x75, 0x72, 0x76, 0x65, 0x43, 0x50, 0x5b, 0x69, 0x5f, 0x33, 0x5d, 0x2e, 0x78, 0x79, 0x7a, 0x3b, // urveCP[i_3].xyz;
	0x0a, 0x20, 0x20, 0x20, 0x20, 0x77, 0x65, 0x69, 0x67, 0x68, 0x74, 0x73, 0x5f, 0x34, 0x5b, 0x69, // .    weights_4[i
	0x5f, 0x33, 0x5d, 0x20, 0x3d, 0x20, 0x6d, 0x61, 0x78, 0x20, 0x28, 0x75, 0x43, 0x75, 0x72, 0x76, // _3] = max (uCurv
	0x65, 0x43, 0x50, 0x5b, 0x69, 0x5f, 0x33, 0x5d, 0x2e, 0x77, 0x2c, 0x20, 0x30, 0x2e, 0x30, 0x30, // eCP[i_3].w, 0.00
	0x31, 0x29, 0x3b, 0x0a, 0x20, 0x20, 0x20, 0x20, 0x6b, 0x6e, 0x6f, 0x74, 0x73, 0x5f, 0x35, 0x5b, // 1);.    knots_5[
	0x69, 0x5f, 0x33, 0x5d, 0x20, 0x3d, 0x20, 0x75, 0x43, 0x75, 0x72, 0x76, 0x65, 0x4b, 0x6e, 0x6f, // i_3] = uCurveKno
	0x74, 0x5b, 0x28, 0x69, 0x5f, 0x33, 0x20, 0x2f, 0x20, 0x34, 0x29, 0x5d, 0x5b, 0x28, 0x69, 0x5f, // t[(i_3 / 4)][(i_
	0x33, 0x20, 0x2d, 0x20, 0x28, 0x34, 0x20, 0x2a, 0x20, 0x0a, 0x20, 0x20, 0x20, 0x20, 0x20, 0x20, // 3 - (4 * .      
	0x28, 0x69, 0x5f, 0x33, 0x20, 0x2f, 0x20, 0x34, 0x29, 0x0a, 0x20, 0x20, 0x20, 0x20, 0x29, 0x29, // (i_3 / 4).    ))
	0x5d, 0x3b, 0x0a, 0x20, 0x20, 0x7d, 0x3b, 0x0a, 0x20, 0x20, 0x69, 0x6e, 0x74, 0x20, 0x74, 0x6d, // ];.  };.  int tm
	0x70, 0x76, 0x61, 0x72, 0x5f, 0x37, 0x3b, 0x0a, 0x20, 0x20, 0x74, 0x6d, 0x70, 0x76, 0x61, 0x72, // pvar_7;.  tmpvar
	0x5f, 0x37, 0x20, 0x3d, 0x20, 0x69, 0x6e, 0x74, 0x28, 0x75, 0x43, 0x75, 0x72, 0x76, 0x65, 0x50, // _7 = int(uCurveP
	0x61, 0x72, 0x61, 0x6d, 0x73, 0x2e, 0x78, 0x29, 0x3b, 0x0a, 0x20, 0x20, 0x69, 0x6e, 0x74, 0x20, // arams.x);.  int 
	0x74, 0x6d, 0x70, 0x76, 0x61, 0x72, 0x5f, 0x38, 0x3b, 0x0a, 0x20, 0x20, 0x74, 0x6d, 0x70, 0x76, // tmpvar_8;.  tmpv
	0x61, 0x72, 0x5f, 0x38, 0x20, 0x3d, 0x20, 0x69, 0x6e, 0x74, 0x28, 0x75, 0x43, 0x75, 0x72, 0x76, // ar_8 = int(uCurv
	0x65, 0x50, 0x61, 0x72, 0x61, 0x6d, 0x73, 0x2e, 0x79, 0x29, 0x3b, 0x0a, 0x20, 0x20, 0x69, 0x6e, // eParams.y);.  in
	0x74, 0x20, 0x74, 0x6d, 0x70, 0x76, 0x61, 0x72, 0x5f, 0x39, 0x3b, 0x0a, 0x20, 0x20, 0x74, 0x6d, // t tmpvar_9;.  tm
	0x70, 0x76, 0x61, 0x72, 0x5f, 0x39, 0x20, 0x3d, 0x20, 0x69, 0x6e, 0x74, 0x28, 0x75, 0x43, 0x75, // pvar_9 = int(uCu
	0x72, 0x76, 0x65, 0x50, 0x61, 0x72, 0x61, 0x6d, 0x73, 0x2e, 0x7a, 0x29, 0x3b, 0x0a, 0x20, 0x20, // rveParams.z);.  
	0x66, 0x6c, 0x6f, 0x61, 0x74, 0x20, 0x74, 0x6d, 0x70, 0x76, 0x61, 0x72, 0x5f, 0x31, 0x30, 0x3b, // float tmpvar_10;
	0x0a, 0x20, 0x20, 0x74, 0x6d, 0x70, 0x76, 0x61, 0x72, 0x5f, 0x31, 0x30, 0x20, 0x3d, 0x20, 0x61, // .  tmpvar_10 = a
	0x5f, 0x70, 0x6f, 0x73, 0x69, 0x74, 0x69, 0x6f, 0x6e, 0x2e, 0x78, 0x3b, 0x0a, 0x20, 0x20, 0x76, // _position.x;.  v
	0x65, 0x63, 0x33, 0x20, 0x74, 0x6d, 0x70, 0x76, 0x61, 0x72, 0x5f, 0x31, 0x31, 0x3b, 0x0a, 0x20, // ec3 tmpvar_11;. 
	0x20, 0x74, 0x6d, 0x70, 0x76, 0x61, 0x72, 0x5f, 0x31, 0x31, 0x2e, 0x78, 0x20, 0x3d, 0x20, 0x30, //  tmpvar_11.x = 0
	0x2e, 0x30, 0x3b, 0x0a, 0x20, 0x20, 0x74, 0x6d, 0x70, 0x76, 0x61, 0x72, 0x5f, 0x31, 0x31, 0x2e, // .0;.  tmpvar_11.
	0x79, 0x20, 0x3d, 0x20, 0x30, 0x2e, 0x30, 0x3b, 0x0a, 0x20, 0x20, 0x74, 0x6d, 0x70, 0x76, 0x61, // y = 0.0;.  tmpva
	0x72, 0x5f, 0x31, 0x31, 0x2e, 0x7a, 0x20, 0x3d, 0x20, 0x30, 0x2e, 0x30, 0x3b, 0x0a, 0x20, 0x20, // r_11.z = 0.0;.  
	0x70, 0x6f, 0x73, 0x69, 0x74, 0x69, 0x6f, 0x6e, 0x5f, 0x32, 0x20, 0x3d, 0x20, 0x74, 0x6d, 0x70, // position_2 = tmp
	0x76, 0x61, 0x72, 0x5f, 0x31, 0x31, 0x3b, 0x0a, 0x20, 0x20, 0x69, 0x66, 0x20, 0x28, 0x28, 0x74, // var_11;.  if ((t
	0x6d, 0x70, 0x76, 0x61, 0x72, 0x5f, 0x37, 0x20, 0x3d, 0x3d, 0x20, 0x30, 0x29, 0x29, 0x20, 0x7b, // mpvar_7 == 0)) {
	0x0a, 0x20, 0x20, 0x20, 0x20, 0x76, 0x65, 0x63, 0x33, 0x20, 0x63, 0x70, 0x5f, 0x31, 0x32, 0x5b, // .    vec3 cp_12[
	0x31, 0x36, 0x5d, 0x3b, 0x0a, 0x20, 0x20, 0x20, 0x20, 0x63, 0x70, 0x5f, 0x31, 0x32, 0x20, 0x3d, // 16];.    cp_12 =
	0x20, 0x63, 0x70, 0x5f, 0x36, 0x3b, 0x0a, 0x20, 0x20, 0x20, 0x20, 0x69, 0x6e, 0x74, 0x20, 0x64, //  cp_6;.    int d
	0x65, 0x67, 0x72, 0x65, 0x65, 0x5f, 0x31, 0x33, 0x3b, 0x0a, 0x20, 0x20, 0x20, 0x20, 0x64, 0x65, // egree_13;.    de
	0x67, 0x72, 0x65, 0x65, 0x5f, 0x31, 0x33, 0x20, 0x3d, 0x20, 0x74, 0x6d, 0x70, 0x76, 0x61, 0x72, // gree_13 = tmpvar
	0x5f, 0x38, 0x3b, 0x0a, 0x20, 0x20, 0x20, 0x20, 0x66, 0x6c, 0x6f, 0x61, 0x74, 0x20, 0x74, 0x5f, // _8;.    float t_
	0x31, 0x34, 0x3b, 0x0a, 0x20, 0x20, 0x20, 0x20, 0x74, 0x5f, 0x31, 0x34, 0x20, 0x3d, 0x20, 0x74, // 14;.    t_14 = t
	0x6d, 0x70, 0x76, 0x61, 0x72, 0x5f, 0x31, 0x30, 0x3b, 0x0a, 0x20, 0x20, 0x20, 0x20, 0x66, 0x6c, // mpvar_10;.    fl
	0x6f, 0x61, 0x74, 0x20, 0x75, 0x5f, 0x31, 0x37, 0x3b, 0x0a, 0x20, 0x20, 0x20, 0x20, 0x76, 0x65, // oat u_17;.    ve
	0x63, 0x33, 0x20, 0x77, 0x6f, 0x72, 0x6b, 0x5f, 0x31, 0x38, 0x5b, 0x31, 0x36, 0x5d, 0x3b, 0x0a, // c3 work_18[16];.
	0x20, 0x20, 0x20, 0x20, 0x75, 0x5f, 0x31, 0x37, 0x20, 0x3d, 0x20, 0x28, 0x31, 0x2e, 0x30, 0x20, //     u_17 = (1.0 
	0x2d, 0x20, 0x61, 0x5f, 0x70, 0x6f, 0x73, 0x69, 0x74, 0x69, 0x6f, 0x6e, 0x2e, 0x78, 0x29, 0x3b, // - a_position.x);
	0x0a, 0x20, 0x20, 0x20, 0x20, 0x66, 0x6f, 0x72, 0x20, 0x28, 0x69, 0x6e, 0x74, 0x20, 0x69, 0x5f, // .    for (int i_
	0x31, 0x36, 0x20, 0x3d, 0x20, 0x30, 0x3b, 0x20, 0x69, 0x5f, 0x31, 0x36, 0x20, 0x3c, 0x3d, 0x20, // 16 = 0; i_16 <= 
	0x64, 0x65, 0x67, 0x72, 0x65, 0x65, 0x5f, 0x31, 0x33, 0x3b, 0x20, 0x69, 0x5f, 0x31, 0x36, 0x2b, // degree_13; i_16+
	0x2b, 0x29, 0x20, 0x7b, 0x0a, 0x20, 0x20, 0x20, 0x20, 0x20, 0x20, 0x77, 0x6f, 0x72, 0x6b, 0x5f, // +) {.      work_
	0x31, 0x38, 0x5b, 0x69, 0x5f, 0x31, 0x36, 0x5d, 0x20, 0x3d, 0x20, 0x63, 0x70, 0x5f, 0x31, 0x32, // 18[i_16] = cp_12
	0x5b, 0x69, 0x5f, 0x31, 0x36, 0x5d, 0x3b, 0x0a, 0x20, 0x20, 0x20, 0x20, 0x7d, 0x3b, 0x0a, 0x20, // [i_16];.    };. 
	0x20, 0x20, 0x20, 0x66, 0x6f, 0x72, 0x20, 0x28, 0x69, 0x6e, 0x74, 0x20, 0x6c, 0x65, 0x76, 0x65, //    for (int leve
	0x6c, 0x5f, 0x31, 0x35, 0x20, 0x3d, 0x20, 0x31, 0x3b, 0x20, 0x6c, 0x65, 0x76, 0x65, 0x6c, 0x5f, // l_15 = 1; level_
	0x31, 0x35, 0x20, 0x3c, 0x3d, 0x20, 0x64, 0x65, 0x67, 0x72, 0x65, 0x65, 0x5f, 0x31, 0x33, 0x3b, // 15 <= degree_13;
	0x20, 0x6c, 0x65, 0x76, 0x65, 0x6c, 0x5f, 0x31, 0x35, 0x2b, 0x2b, 0x29, 0x20, 0x7b, 0x0a, 0x20, //  level_15++) {. 
	0x20, 0x20, 0x20, 0x20, 0x20, 0x66, 0x6f, 0x72, 0x20, 0x28, 0x69, 0x6e, 0x74, 0x20, 0x69, 0x5f, //      for (int i_
	0x31, 0x39, 0x20, 0x3d, 0x20, 0x30, 0x3b, 0x20, 0x69, 0x5f, 0x31, 0x39, 0x20, 0x3c, 0x3d, 0x20, // 19 = 0; i_19 <= 
	0x28, 0x64, 0x65, 0x67, 0x72, 0x65, 0x65, 0x5f, 0x31, 0x33, 0x20, 0x2d, 0x20, 0x6c, 0x65, 0x76, // (degree_13 - lev
	0x65, 0x6c, 0x5f, 0x31, 0x35, 0x29, 0x3b, 0x20, 0x69, 0x5f, 0x31, 0x39, 0x2b, 0x2b, 0x29, 0x20, // el_15); i_19++) 
	0x7b, 0x0a, 0x20, 0x20, 0x20, 0x20, 0x20, 0x20, 0x20, 0x20, 0x77, 0x6f, 0x72, 0x6b, 0x5f, 0x31, // {.        work_1
	0x38, 0x5b, 0x69, 0x5f, 0x31, 0x39, 0x5d, 0x20, 0x3d, 0x20, 0x28, 0x28, 0x75, 0x5f, 0x31, 0x37, // 8[i_19] = ((u_17
	0x20, 0x2a, 0x20, 0x77, 0x6f, 0x72, 0x6b, 0x5f, 0x31, 0x38, 0x5b, 0x69, 0x5f, 0x31, 0x39, 0x5d, //  * work_18[i_19]
	0x29, 0x20, 0x2b, 0x20, 0x28, 0x74, 0x5f, 0x31, 0x34, 0x20, 0x2a, 0x20, 0x77, 0x6f, 0x72, 0x6b, // ) + (t_14 * work
	0x5f, 0x31, 0x38, 0x5b, 0x28, 0x69, 0x5f, 0x31, 0x39, 0x20, 0x2b, 0x20, 0x31, 0x29, 0x5d, 0x29, // _18[(i_19 + 1)])
	0x29, 0x3b, 0x0a, 0x20, 0x20, 0x20, 0x20, 0x20, 0x20, 0x7d, 0x3b, 0x0a, 0x20, 0x20, 0x20, 0x20, // );.      };.    
	0x7d, 0x3b, 0x0a, 0x20, 0x20, 0x20, 0x20, 0x70, 0x6f, 0x73, 0x69, 0x74, 0x69, 0x6f, 0x6e, 0x5f, // };.    position_
	0x32, 0x20, 0x3d, 0x20, 0x77, 0x6f, 0x72, 0x6b, 0x5f, 0x31, 0x38, 0x5b, 0x30, 0x5d, 0x3b, 0x0a, // 2 = work_18[0];.
	0x20, 0x20, 0x7d, 0x20, 0x65, 0x6c, 0x73, 0x65, 0x20, 0x7b, 0x0a, 0x20, 0x20, 0x20, 0x20, 0x69, //   } else {.    i
	0x66, 0x20, 0x28, 0x28, 0x74, 0x6d, 0x70, 0x76, 0x61, 0x72, 0x5f, 0x37, 0x20, 0x3d, 0x3d, 0x20, // f ((tmpvar_7 == 
	0x31, 0x29, 0x29, 0x20, 0x7b, 0x0a, 0x20, 0x20, 0x20, 0x20, 0x20, 0x20, 0x76, 0x65, 0x63, 0x33, // 1)) {.      vec3
	0x20, 0x63, 0x70, 0x5f, 0x32, 0x30, 0x5b, 0x31, 0x36, 0x5d, 0x3b, 0x0a, 0x20, 0x20, 0x20, 0x20, //  cp_20[16];.    
	0x20, 0x20, 0x63, 0x70, 0x5f, 0x32, 0x30, 0x20, 0x3d, 0x20, 0x63, 0x70, 0x5f, 0x36, 0x3b, 0x0a, //   cp_20 = cp_6;.
	0x20, 0x20, 0x20, 0x20, 0x20, 0x20, 0x69, 0x6e, 0x74, 0x20, 0x64, 0x65, 0x67, 0x72, 0x65, 0x65, //       int degree
	0x5f, 0x32, 0x31, 0x3b, 0x0a, 0x20, 0x20, 0x20, 0x20, 0x20, 0x20, 0x64, 0x65, 0x67, 0x72, 0x65, // _21;.      degre
	0x65, 0x5f, 0x32, 0x31, 0x20, 0x3d, 0x20, 0x74, 0x6d, 0x70, 0x76, 0x61, 0x72, 0x5f, 0x38, 0x3b, // e_21 = tmpvar_8;
	0x0a, 0x20, 0x20, 0x20, 0x20, 0x20, 0x20, 0x66, 0x6c, 0x6f, 0x61, 0x74, 0x20, 0x62, 0x61, 0x73, // .      float bas
	0x69, 0x73, 0x5f, 0x32, 0x33, 0x5b, 0x31, 0x36, 0x5d, 0x3b, 0x0a, 0x20, 0x20, 0x20, 0x20, 0x20, // is_23[16];.     
	0x20, 0x76, 0x65, 0x63, 0x33, 0x20, 0x72, 0x65, 0x73, 0x75, 0x6c, 0x74, 0x5f, 0x32, 0x34, 0x3b, //  vec3 result_24;
	0x0a, 0x20, 0x20, 0x20, 0x20, 0x20, 0x20, 0x69, 0x6e, 0x74, 0x20, 0x73, 0x70, 0x61, 0x6e, 0x5f, // .      int span_
	0x32, 0x35, 0x3b, 0x0a, 0x20, 0x20, 0x20, 0x20, 0x20, 0x20, 0x69, 0x6e, 0x74, 0x20, 0x6d, 0x61, // 25;.      int ma
	0x78, 0x53, 0x70, 0x61, 0x6e, 0x5f, 0x32, 0x36, 0x3b, 0x0a, 0x20, 0x20, 0x20, 0x20, 0x20, 0x20, // xSpan_26;.      
	0x69, 0x6e, 0x74, 0x20, 0x74, 0x6d, 0x70, 0x76, 0x61, 0x72, 0x5f, 0x32, 0x37, 0x3b, 0x0a, 0x20, // int tmpvar_27;. 
	0x20, 0x20, 0x20, 0x20, 0x20, 0x74, 0x6d, 0x70, 0x76, 0x61, 0x72, 0x5f, 0x32, 0x37, 0x20, 0x3d, //      tmpvar_27 =
	0x20, 0x28, 0x74, 0x6d, 0x70, 0x76, 0x61, 0x72, 0x5f, 0x39, 0x20, 0x2d, 0x20, 0x31, 0x29, 0x3b, //  (tmpvar_9 - 1);
	0x0a, 0x20, 0x20, 0x20, 0x20, 0x20, 0x20, 0x6d, 0x61, 0x78, 0x53, 0x70, 0x61, 0x6e, 0x5f, 0x32, // .      maxSpan_2
	0x36, 0x20, 0x3d, 0x20, 0x74, 0x6d, 0x70, 0x76, 0x61, 0x72, 0x5f, 0x32, 0x37, 0x3b, 0x0a, 0x20, // 6 = tmpvar_27;. 
	0x20, 0x20, 0x20, 0x20, 0x20, 0x69, 0x6e, 0x74, 0x20, 0x74, 0x6d, 0x70, 0x76, 0x61, 0x72, 0x5f, //      int tmpvar_
	0x32, 0x38, 0x3b, 0x0a, 0x20, 0x20, 0x20, 0x20, 0x20, 0x20, 0x74, 0x6d, 0x70, 0x76, 0x61, 0x72, // 28;.      tmpvar
	0x5f, 0x32, 0x38, 0x20, 0x3d, 0x20, 0x28, 0x31, 0x35, 0x20, 0x2d, 0x20, 0x74, 0x6d, 0x70, 0x76, // _28 = (15 - tmpv
	0x61, 0x72, 0x5f, 0x38, 0x29, 0x3b, 0x0a, 0x20, 0x20, 0x20, 0x20, 0x20, 0x20, 0x69, 0x66, 0x20, // ar_8);.      if 
	0x28, 0x28, 0x74, 0x6d, 0x70, 0x76, 0x61, 0x72, 0x5f, 0x32, 0x37, 0x20, 0x3e, 0x20, 0x74, 0x6d, // ((tmpvar_27 > tm
	0x70, 0x76, 0x61, 0x72, 0x5f, 0x32, 0x38, 0x29, 0x29, 0x20, 0x7b, 0x0a, 0x20, 0x20, 0x20, 0x20, // pvar_28)) {.    
	0x20, 0x20, 0x20, 0x20, 0x6d, 0x61, 0x78, 0x53, 0x70, 0x61, 0x6e, 0x5f, 0x32, 0x36, 0x20, 0x3d, //     maxSpan_26 =
	0x20, 0x74, 0x6d, 0x70, 0x76, 0x61, 0x72, 0x5f, 0x32, 0x38, 0x3b, 0x0a, 0x20, 0x20, 0x20, 0x20, //  tmpvar_28;.    
	0x20, 0x20, 0x7d, 0x3b, 0x0a, 0x20, 0x20, 0x20, 0x20, 0x20, 0x20, 0x69, 0x66, 0x20, 0x28, 0x28, //   };.      if ((
	0x6d, 0x61, 0x78, 0x53, 0x70, 0x61, 0x6e, 0x5f, 0x32, 0x36, 0x20, 0x3c, 0x20, 0x74, 0x6d, 0x70, // maxSpan_26 < tmp
	0x76, 0x61, 0x72, 0x5f, 0x38, 0x29, 0x29, 0x20, 0x7b, 0x0a, 0x20, 0x20, 0x20, 0x20, 0x20, 0x20, // var_8)) {.      
	0x20, 0x20, 0x6d, 0x61, 0x78, 0x53, 0x70, 0x61, 0x6e, 0x5f, 0x32, 0x36, 0x20, 0x3d, 0x20, 0x74, //   maxSpan_26 = t
	0x6d, 0x70, 0x76, 0x61, 0x72, 0x5f, 0x38, 0x3b, 0x0a, 0x20, 0x20, 0x20, 0x20, 0x20, 0x20, 0x7d, // mpvar_8;.      }
	0x3b, 0x0a, 0x20, 0x20, 0x20, 0x20, 0x20, 0x20, 0x66, 0x6c, 0x6f, 0x61, 0x74, 0x20, 0x6b, 0x6e, // ;.      float kn
	0x6f, 0x74, 0x73, 0x5f, 0x32, 0x39, 0x5b, 0x31, 0x36, 0x5d, 0x3b, 0x0a, 0x20, 0x20, 0x20, 0x20, // ots_29[16];.    
	0x20, 0x20, 0x6b, 0x6e, 0x6f, 0x74, 0x73, 0x5f, 0x32, 0x39, 0x20, 0x3d, 0x20, 0x6b, 0x6e, 0x6f, //   knots_29 = kno
	0x74, 0x73, 0x5f, 0x35, 0x3b, 0x0a, 0x20, 0x20, 0x20, 0x20, 0x20, 0x20, 0x66, 0x6c, 0x6f, 0x61, // ts_5;.      floa
	0x74, 0x20, 0x74, 0x5f, 0x33, 0x30, 0x3b, 0x0a, 0x20, 0x20, 0x20, 0x20, 0x20, 0x20, 0x74, 0x5f, // t t_30;.      t_
	0x33, 0x30, 0x20, 0x3d, 0x20, 0x74, 0x6d, 0x70, 0x76, 0x61, 0x72, 0x5f, 0x31, 0x30, 0x3b, 0x0a, // 30 = tmpvar_10;.
	0x20, 0x20, 0x20, 0x20, 0x20, 0x20, 0x69, 0x6e, 0x74, 0x20, 0x74, 0x6d, 0x70, 0x76, 0x61, 0x72, //       int tmpvar
	0x5f, 0x33, 0x31, 0x3b, 0x0a, 0x20, 0x20, 0x20, 0x20, 0x20, 0x20, 0x62, 0x6f, 0x6f, 0x6c, 0x20, // _31;.      bool 
	0x74, 0x6d, 0x70, 0x76, 0x61, 0x72, 0x5f, 0x33, 0x32, 0x3b, 0x0a, 0x20, 0x20, 0x20, 0x20, 0x20, // tmpvar_32;.     
	0x20, 0x74, 0x6d, 0x70, 0x76, 0x61, 0x72, 0x5f, 0x33, 0x32, 0x20, 0x3d, 0x20, 0x62, 0x6f, 0x6f, //  tmpvar_32 = boo
	0x6c, 0x28, 0x30, 0x29, 0x3b, 0x0a, 0x20, 0x20, 0x20, 0x20, 0x20, 0x20, 0x69, 0x6e, 0x74, 0x20, // l(0);.      int 
	0x6c, 0x61, 0x73, 0x74, 0x4b, 0x6e, 0x6f, 0x74, 0x49, 0x6e, 0x64, 0x65, 0x78, 0x5f, 0x33, 0x34, // lastKnotIndex_34
	0x3b, 0x0a, 0x20, 0x20, 0x20, 0x20, 0x20, 0x20, 0x69, 0x6e, 0x74, 0x20, 0x6c, 0x61, 0x73, 0x74, // ;.      int last
	0x53, 0x70, 0x61, 0x6e, 0x5f, 0x33, 0x35, 0x3b, 0x0a, 0x20, 0x20, 0x20, 0x20, 0x20, 0x20, 0x69, // Span_35;.      i
	0x6e, 0x74, 0x20, 0x74, 0x6d, 0x70, 0x76, 0x61, 0x72, 0x5f, 0x33, 0x36, 0x3b, 0x0a, 0x20, 0x20, // nt tmpvar_36;.  
	0x20, 0x20, 0x20, 0x20, 0x74, 0x6d, 0x70, 0x76, 0x61, 0x72, 0x5f, 0x33, 0x36, 0x20, 0x3d, 0x20, //     tmpvar_36 = 
	0x63, 0x6c, 0x61, 0x6d, 0x70, 0x20, 0x28, 0x74, 0x6d, 0x70, 0x76, 0x61, 0x72, 0x5f, 0x38, 0x2c, // clamp (tmpvar_8,
	0x20, 0x30, 0x2c, 0x20, 0x31, 0x35, 0x29, 0x3b, 0x0a, 0x20, 0x20, 0x20, 0x20, 0x20, 0x20, 0x69, //  0, 15);.      i
	0x6e, 0x74, 0x20, 0x74, 0x6d, 0x70, 0x76, 0x61, 0x72, 0x5f, 0x33, 0x37, 0x3b, 0x0a, 0x20, 0x20, // nt tmpvar_37;.  
	0x20, 0x20, 0x20, 0x20, 0x74, 0x6d, 0x70, 0x76, 0x61, 0x72, 0x5f, 0x33, 0x37, 0x20, 0x3d, 0x20, //     tmpvar_37 = 
	0x63, 0x6c, 0x61, 0x6d, 0x70, 0x20, 0x28, 0x28, 0x74, 0x6d, 0x70, 0x76, 0x61, 0x72, 0x5f, 0x39, // clamp ((tmpvar_9
	0x20, 0x2d, 0x20, 0x31, 0x29, 0x2c, 0x20, 0x74, 0x6d, 0x70, 0x76, 0x61, 0x72, 0x5f, 0x33, 0x36, //  - 1), tmpvar_36
	0x2c, 0x20, 0x31, 0x35, 0x29, 0x3b, 0x0a, 0x20, 0x20, 0x20, 0x20, 0x20, 0x20, 0x6c, 0x61, 0x73, // , 15);.      las
	0x74, 0x53, 0x70, 0x61, 0x6e, 0x5f, 0x33, 0x35, 0x20, 0x3d, 0x20, 0x74, 0x6d, 0x70, 0x76, 0x61, // tSpan_35 = tmpva
	0x72, 0x5f, 0x33, 0x37, 0x3b, 0x0a, 0x20, 0x20, 0x20, 0x20, 0x20, 0x20, 0x69, 0x6e, 0x74, 0x20, // r_37;.      int 
	0x74, 0x6d, 0x70, 0x76, 0x61, 0x72, 0x5f, 0x33, 0x38, 0x3b, 0x0a, 0x20, 0x20, 0x20, 0x20, 0x20, // tmpvar_38;.     
	0x20, 0x74, 0x6d, 0x70, 0x76, 0x61, 0x72, 0x5f, 0x33, 0x38, 0x20, 0x3d, 0x20, 0x28, 0x74, 0x6d, //  tmpvar_38 = (tm
	0x70, 0x76, 0x61, 0x72, 0x5f, 0x39, 0x20, 0x2b, 0x20, 0x74, 0x6d, 0x70, 0x76, 0x61, 0x72, 0x5f, // pvar_9 + tmpvar_
	0x38, 0x29, 0x3b, 0x0a, 0x20, 0x20, 0x20, 0x20, 0x20, 0x20, 0x6c, 0x61, 0x73, 0x74, 0x4b, 0x6e, // 8);.      lastKn
	0x6f, 0x74, 0x49, 0x6e, 0x64, 0x65, 0x78, 0x5f, 0x33, 0x34, 0x20, 0x3d, 0x20, 0x74, 0x6d, 0x70, // otIndex_34 = tmp
	0x76, 0x61, 0x72, 0x5f, 0x33, 0x38, 0x3b, 0x0a, 0x20, 0x20, 0x20, 0x20, 0x20, 0x20, 0x69, 0x66, // var_38;.      if
	0x20, 0x28, 0x28, 0x74, 0x6d, 0x70, 0x76, 0x61, 0x72, 0x5f, 0x33, 0x38, 0x20, 0x3e, 0x20, 0x31, //  ((tmpvar_38 > 1
	0x35, 0x29, 0x29, 0x20, 0x7b, 0x0a, 0x20, 0x20, 0x20, 0x20, 0x20, 0x20, 0x20, 0x20, 0x6c, 0x61, // 5)) {.        la
	0x73, 0x74, 0x4b, 0x6e, 0x6f, 0x74, 0x49, 0x6e, 0x64, 0x65, 0x78, 0x5f, 0x33, 0x34, 0x20, 0x3d, // stKnotIndex_34 =
	0x20, 0x31, 0x35, 0x3b, 0x0a, 0x20, 0x20, 0x20, 0x20, 0x20, 0x20, 0x7d, 0x3b, 0x0a, 0x20, 0x20, //  15;.      };.  
	0x20, 0x20, 0x20, 0x20, 0x69, 0x66, 0x20, 0x28, 0x28, 0x6c, 0x61, 0x73, 0x74, 0x4b, 0x6e, 0x6f, //     if ((lastKno
	0x74, 0x49, 0x6e, 0x64, 0x65, 0x78, 0x5f, 0x33, 0x34, 0x20, 0x3c, 0x20, 0x30, 0x29, 0x29, 0x20, // tIndex_34 < 0)) 
	0x7b, 0x0a, 0x20, 0x20, 0x20, 0x20, 0x20, 0x20, 0x20, 0x20, 0x6c, 0x61, 0x73, 0x74, 0x4b, 0x6e, // {.        lastKn
	0x6f, 0x74, 0x49, 0x6e, 0x64, 0x65, 0x78, 0x5f, 0x33, 0x34, 0x20, 0x3d, 0x20, 0x30, 0x3b, 0x0a, // otIndex_34 = 0;.
	0x20, 0x20, 0x20, 0x20, 0x20, 0x20, 0x7d, 0x3b, 0x0a, 0x20, 0x20, 0x20, 0x20, 0x20, 0x20, 0x69, //       };.      i
	0x66, 0x20, 0x28, 0x28, 0x61, 0x5f, 0x70, 0x6f, 0x73, 0x69, 0x74, 0x69, 0x6f, 0x6e, 0x2e, 0x78, // f ((a_position.x
	0x20, 0x3e, 0x3d, 0x20, 0x6b, 0x6e, 0x6f, 0x74, 0x73, 0x5f, 0x35, 0x5b, 0x6c, 0x61, 0x73, 0x74, //  >= knots_5[last
	0x4b, 0x6e, 0x6f, 0x74, 0x49, 0x6e, 0x64, 0x65, 0x78, 0x5f, 0x33, 0x34, 0x5d, 0x29, 0x29, 0x20, // KnotIndex_34])) 
	0x7b, 0x0a, 0x20, 0x20, 0x20, 0x20, 0x20, 0x20, 0x20, 0x20, 0x74, 0x6d, 0x70, 0x76, 0x61, 0x72, // {.        tmpvar
	0x5f, 0x33, 0x31, 0x20, 0x3d, 0x20, 0x74, 0x6d, 0x70, 0x76, 0x61, 0x72, 0x5f, 0x33, 0x37, 0x3b, // _31 = tmpvar_37;
	0x0a, 0x20, 0x20, 0x20, 0x20, 0x20, 0x20, 0x20, 0x20, 0x74, 0x6d, 0x70, 0x76, 0x61, 0x72, 0x5f, // .        tmpvar_
	0x33, 0x32, 0x20, 0x3d, 0x20, 0x62, 0x6f, 0x6f, 0x6c, 0x28, 0x31, 0x29, 0x3b, 0x0a, 0x20, 0x20, // 32 = bool(1);.  
	0x20, 0x20, 0x20, 0x20, 0x7d, 0x20, 0x65, 0x6c, 0x73, 0x65, 0x20, 0x7b, 0x0a, 0x20, 0x20, 0x20, //     } else {.   
	0x20, 0x20, 0x20, 0x20, 0x20, 0x69, 0x66, 0x20, 0x28, 0x28, 0x61, 0x5f, 0x70, 0x6f, 0x73, 0x69, //      if ((a_posi
	0x74, 0x69, 0x6f, 0x6e, 0x2e, 0x78, 0x20, 0x3c, 0x3d, 0x20, 0x6b, 0x6e, 0x6f, 0x74, 0x73, 0x5f, // tion.x <= knots_
	0x35, 0x5b, 0x74, 0x6d, 0x70, 0x76, 0x61, 0x72, 0x5f, 0x38, 0x5d, 0x29, 0x29, 0x20, 0x7b, 0x0a, // 5[tmpvar_8])) {.
	0x20, 0x20, 0x20, 0x20, 0x20, 0x20, 0x20, 0x20, 0x20, 0x20, 0x74, 0x6d, 0x70, 0x76, 0x61, 0x72, //           tmpvar
	0x5f, 0x33, 0x31, 0x20, 0x3d, 0x20, 0x74, 0x6d, 0x70, 0x76, 0x61, 0x72, 0x5f, 0x33, 0x36, 0x3b, // _31 = tmpvar_36;
	0x0a, 0x20, 0x20, 0x20, 0x20, 0x20, 0x20, 0x20, 0x20, 0x20, 0x20, 0x74, 0x6d, 0x70, 0x76, 0x61, // .          tmpva
	0x72, 0x5f, 0x33, 0x32, 0x20, 0x3d, 0x20, 0x62, 0x6f, 0x6f, 0x6c, 0x28, 0x31, 0x29, 0x3b, 0x0a, // r_32 = bool(1);.
	0x20, 0x20, 0x20, 0x20, 0x20, 0x20, 0x20, 0x20, 0x7d, 0x20, 0x65, 0x6c, 0x73, 0x65, 0x20, 0x7b, //         } else {
	0x0a, 0x20, 0x20, 0x20, 0x20, 0x20, 0x20, 0x20, 0x20, 0x20, 0x20, 0x66, 0x6f, 0x72, 0x20, 0x28, // .          for (
	0x69, 0x6e, 0x74, 0x20, 0x73, 0x70, 0x61, 0x6e, 0x5f, 0x33, 0x33, 0x20, 0x3d, 0x20, 0x74, 0x6d, // int span_33 = tm
	0x70, 0x76, 0x61, 0x72, 0x5f, 0x33, 0x36, 0x3b, 0x20, 0x73, 0x70, 0x61, 0x6e, 0x5f, 0x33, 0x33, // pvar_36; span_33
	0x20, 0x3c, 0x20, 0x6c, 0x61, 0x73, 0x74, 0x53, 0x70, 0x61, 0x6e, 0x5f, 0x33, 0x35, 0x3b, 0x20, //  < lastSpan_35; 
	0x73, 0x70, 0x61, 0x6e, 0x5f, 0x33, 0x33, 0x2b, 0x2b, 0x29, 0x20, 0x7b, 0x0a, 0x20, 0x20, 0x20, // span_33++) {.   
	0x20, 0x20, 0x20, 0x20, 0x20, 0x20, 0x20, 0x20, 0x20, 0x69, 0x66, 0x20, 0x28, 0x28, 0x74, 0x5f, //          if ((t_
	0x33, 0x30, 0x20, 0x3c, 0x20, 0x6b, 0x6e, 0x6f, 0x74, 0x73, 0x5f, 0x32, 0x39, 0x5b, 0x28, 0x73, // 30 < knots_29[(s
	0x70, 0x61, 0x6e, 0x5f, 0x33, 0x33, 0x20, 0x2b, 0x20, 0x31, 0x29, 0x5d, 0x29, 0x29, 0x20, 0x7b, // pan_33 + 1)])) {
	0x0a, 0x20, 0x20, 0x20, 0x20, 0x20, 0x20, 0x20, 0x20, 0x20, 0x20, 0x20, 0x20, 0x20, 0x20, 0x74, // .              t
	0x6d, 0x70, 0x76, 0x61, 0x72, 0x5f, 0x33, 0x31, 0x20, 0x3d, 0x20, 0x73, 0x70, 0x61, 0x6e, 0x5f, // mpvar_31 = span_
	0x33, 0x33, 0x3b, 0x0a, 0x20, 0x20, 0x20, 0x20, 0x20, 0x20, 0x20, 0x20, 0x20, 0x20, 0x20, 0x20, // 33;.            
	0x20, 0x20, 0x74, 0x6d, 0x70, 0x76, 0x61, 0x72, 0x5f, 0x33, 0x32, 0x20, 0x3d, 0x20, 0x62, 0x6f, //   tmpvar_32 = bo
	0x6f, 0x6c, 0x28, 0x31, 0x29, 0x3b, 0x0a, 0x20, 0x20, 0x20, 0x20, 0x20, 0x20, 0x20, 0x20, 0x20, // ol(1);.         
	0x20, 0x20, 0x20, 0x20, 0x20, 0x62, 0x72, 0x65, 0x61, 0x6b, 0x3b, 0x0a, 0x20, 0x20, 0x20, 0x20, //      break;.    
	0x20, 0x20, 0x20, 0x20, 0x20, 0x20, 0x20, 0x20, 0x7d, 0x3b, 0x0a, 0x20, 0x20, 0x20, 0x20, 0x20, //         };.     
	0x20, 0x20, 0x20, 0x20, 0x20, 0x7d, 0x3b, 0x0a, 0x20, 0x20, 0x20, 0x20, 0x20, 0x20, 0x20, 0x20, //      };.        
	0x20, 0x20, 0x69, 0x66, 0x20, 0x28, 0x21, 0x28, 0x74, 0x6d, 0x70, 0x76, 0x61, 0x72, 0x5f, 0x33, //   if (!(tmpvar_3
	0x32, 0x29, 0x29, 0x20, 0x7b, 0x0a, 0x20, 0x20, 0x20, 0x20, 0x20, 0x20, 0x20, 0x20, 0x20, 0x20, // 2)) {.          
	0x20, 0x20, 0x74, 0x6d, 0x70, 0x76, 0x61, 0x72, 0x5f, 0x33, 0x31, 0x20, 0x3d, 0x20, 0x74, 0x6d, //   tmpvar_31 = tm
	0x70, 0x76, 0x61, 0x72, 0x5f, 0x33, 0x37, 0x3b, 0x0a, 0x20, 0x20, 0x20, 0x20, 0x20, 0x20, 0x20, // pvar_37;.       
	0x20, 0x20, 0x20, 0x20, 0x20, 0x74, 0x6d, 0x70, 0x76, 0x61, 0x72, 0x5f, 0x33, 0x32, 0x20, 0x3d, //      tmpvar_32 =
	0x20, 0x62, 0x6f, 0x6f, 0x6c, 0x28, 0x31, 0x29, 0x3b, 0x0a, 0x20, 0x20, 0x20, 0x20, 0x20, 0x20, //  bool(1);.      
	0x20, 0x20, 0x20, 0x20, 0x7d, 0x3b, 0x0a, 0x20, 0x20, 0x20, 0x20, 0x20, 0x20, 0x20, 0x20, 0x7d, //     };.        }
	0x3b, 0x0a, 0x20, 0x20, 0x20, 0x20, 0x20, 0x20, 0x7d, 0x3b, 0x0a, 0x20, 0x20, 0x20, 0x20, 0x20, // ;.      };.     
	0x20, 0x69, 0x6e, 0x74, 0x20, 0x74, 0x6d, 0x70, 0x76, 0x61, 0x72, 0x5f, 0x33, 0x39, 0x3b, 0x0a, //  int tmpvar_39;.
	0x20, 0x20, 0x20, 0x20, 0x20, 0x20, 0x74, 0x6d, 0x70, 0x76, 0x61, 0x72, 0x5f, 0x33, 0x39, 0x20, //       tmpvar_39 
	0x3d, 0x20, 0x63, 0x6c, 0x61, 0x6d, 0x70, 0x20, 0x28, 0x74, 0x6d, 0x70, 0x76, 0x61, 0x72, 0x5f, // = clamp (tmpvar_
	0x33, 0x31, 0x2c, 0x20, 0x74, 0x6d, 0x70, 0x76, 0x61, 0x72, 0x5f, 0x38, 0x2c, 0x20, 0x6d, 0x61, // 31, tmpvar_8, ma
	0x78, 0x53, 0x70, 0x61, 0x6e, 0x5f, 0x32, 0x36, 0x29, 0x3b, 0x0a, 0x20, 0x20, 0x20, 0x20, 0x20, // xSpan_26);.     
	0x20, 0x73, 0x70, 0x61, 0x6e, 0x5f, 0x32, 0x35, 0x20, 0x3d, 0x20, 0x74, 0x6d, 0x70, 0x76, 0x61, //  span_25 = tmpva
	0x72, 0x5f, 0x33, 0x39, 0x3b, 0x0a, 0x20, 0x20, 0x20, 0x20, 0x20, 0x20, 0x76, 0x65, 0x63, 0x33, // r_39;.      vec3
	0x20, 0x74, 0x6d, 0x70, 0x76, 0x61, 0x72, 0x5f, 0x34, 0x30, 0x3b, 0x0a, 0x20, 0x20, 0x20, 0x20, //  tmpvar_40;.    
	0x20, 0x20, 0x74, 0x6d, 0x70, 0x76, 0x61, 0x72, 0x5f, 0x34, 0x30, 0x2e, 0x78, 0x20, 0x3d, 0x20, //   tmpvar_40.x = 
	0x30, 0x2e, 0x30, 0x3b, 0x0a, 0x20, 0x20, 0x20, 0x20, 0x20, 0x20, 0x74, 0x6d, 0x70, 0x76, 0x61, // 0.0;.      tmpva
	0x72, 0x5f, 0x34, 0x30, 0x2e, 0x79, 0x20, 0x3d, 0x20, 0x30, 0x2e, 0x30, 0x3b, 0x0a, 0x20, 0x20, // r_40.y = 0.0;.  
	0x20, 0x20, 0x20, 0x20, 0x74, 0x6d, 0x70, 0x76, 0x61, 0x72, 0x5f, 0x34, 0x30, 0x2e, 0x7a, 0x20, //     tmpvar_40.z 
	0x3d, 0x20, 0x30, 0x2e, 0x30, 0x3b, 0x0a, 0x20, 0x20, 0x20, 0x20, 0x20, 0x20, 0x72, 0x65, 0x73, // = 0.0;.      res
	0x75, 0x6c, 0x74, 0x5f, 0x32, 0x34, 0x20, 0x3d, 0x20, 0x74, 0x6d, 0x70, 0x76, 0x61, 0x72, 0x5f, // ult_24 = tmpvar_
	0x34, 0x30, 0x3b, 0x0a, 0x20, 0x20, 0x20, 0x20, 0x20, 0x20, 0x66, 0x6c, 0x6f, 0x61, 0x74, 0x20, // 40;.      float 
	0x6b, 0x6e, 0x6f, 0x74, 0x73, 0x5f, 0x34, 0x31, 0x5b, 0x31, 0x36, 0x5d, 0x3b, 0x0a, 0x20, 0x20, // knots_41[16];.  
	0x20, 0x20, 0x20, 0x20, 0x6b, 0x6e, 0x6f, 0x74, 0x73, 0x5f, 0x34, 0x31, 0x20, 0x3d, 0x20, 0x6b, //     knots_41 = k
	0x6e, 0x6f, 0x74, 0x73, 0x5f, 0x35, 0x3b, 0x0a, 0x20, 0x20, 0x20, 0x20, 0x20, 0x20, 0x69, 0x6e, // nots_5;.      in
	0x74, 0x20, 0x64, 0x65, 0x67, 0x72, 0x65, 0x65, 0x5f, 0x34, 0x32, 0x3b, 0x0a, 0x20, 0x20, 0x20, // t degree_42;.   
	0x20, 0x20, 0x20, 0x64, 0x65, 0x67, 0x72, 0x65, 0x65, 0x5f, 0x34, 0x32, 0x20, 0x3d, 0x20, 0x74, //    degree_42 = t
	0x6d, 0x70, 0x76, 0x61, 0x72, 0x5f, 0x38, 0x3b, 0x0a, 0x20, 0x20, 0x20, 0x20, 0x20, 0x20, 0x69, // mpvar_8;.      i
	0x6e, 0x74, 0x20, 0x73, 0x70, 0x61, 0x6e, 0x5f, 0x34, 0x33, 0x3b, 0x0a, 0x20, 0x20, 0x20, 0x20, // nt span_43;.    
	0x20, 0x20, 0x73, 0x70, 0x61, 0x6e, 0x5f, 0x34, 0x33, 0x20, 0x3d, 0x20, 0x74, 0x6d, 0x70, 0x76, //   span_43 = tmpv
	0x61, 0x72, 0x5f, 0x33, 0x39, 0x3b, 0x0a, 0x20, 0x20, 0x20, 0x20, 0x20, 0x20, 0x66, 0x6c, 0x6f, // ar_39;.      flo
	0x61, 0x74, 0x20, 0x74, 0x5f, 0x34, 0x34, 0x3b, 0x0a, 0x20, 0x20, 0x20, 0x20, 0x20, 0x20, 0x74, // at t_44;.      t
	0x5f, 0x34, 0x34, 0x20, 0x3d, 0x20, 0x74, 0x6d, 0x70, 0x76, 0x61, 0x72, 0x5f, 0x31, 0x30, 0x3b, // _44 = tmpvar_10;
	0x0a, 0x20, 0x20, 0x20, 0x20, 0x20, 0x20, 0x66, 0x6c, 0x6f, 0x61, 0x74, 0x20, 0x6f, 0x75, 0x74, // .      float out
	0x42, 0x61, 0x73, 0x69, 0x73, 0x5f, 0x34, 0x35, 0x5b, 0x31, 0x36, 0x5d, 0x3b, 0x0a, 0x20, 0x20, // Basis_45[16];.  
	0x20, 0x20, 0x20, 0x20, 0x66, 0x6c, 0x6f, 0x61, 0x74, 0x20, 0x72, 0x69, 0x67, 0x68, 0x74, 0x5f, //     float right_
	0x34, 0x37, 0x5b, 0x31, 0x36, 0x5d, 0x3b, 0x0a, 0x20, 0x20, 0x20, 0x20, 0x20, 0x20, 0x66, 0x6c, // 47[16];.      fl
	0x6f, 0x61, 0x74, 0x20, 0x6c, 0x65, 0x66, 0x74, 0x5f, 0x34, 0x38, 0x5b, 0x31, 0x36, 0x5d, 0x3b, // oat left_48[16];
	0x0a, 0x20, 0x20, 0x20, 0x20, 0x20, 0x20, 0x6f, 0x75, 0x74, 0x42, 0x61, 0x73, 0x69, 0x73, 0x5f, // .      outBasis_
	0x34, 0x35, 0x5b, 0x30, 0x5d, 0x20, 0x3d, 0x20, 0x31, 0x2e, 0x30, 0x3b, 0x0a, 0x20, 0x20, 0x20, // 45[0] = 1.0;.   
	0x20, 0x20, 0x20, 0x66, 0x6f, 0x72, 0x20, 0x28, 0x69, 0x6e, 0x74, 0x20, 0x6a, 0x5f, 0x34, 0x36, //    for (int j_46
	0x20, 0x3d, 0x20, 0x31, 0x3b, 0x20, 0x6a, 0x5f, 0x34, 0x36, 0x20, 0x3c, 0x3d, 0x20, 0x64, 0x65, //  = 1; j_46 <= de
	0x67, 0x72, 0x65, 0x65, 0x5f, 0x34, 0x32, 0x3b, 0x20, 0x6a, 0x5f, 0x34, 0x36, 0x2b, 0x2b, 0x29, // gree_42; j_46++)
	0x20, 0x7b, 0x0a, 0x20, 0x20, 0x20, 0x20, 0x20, 0x20, 0x20, 0x20, 0x66, 0x6c, 0x6f, 0x61, 0x74, //  {.        float
	0x20, 0x73, 0x61, 0x76, 0x65, 0x64, 0x5f, 0x35, 0x30, 0x3b, 0x0a, 0x20, 0x20, 0x20, 0x20, 0x20, //  saved_50;.     
	0x20, 0x20, 0x20, 0x6c, 0x65, 0x66, 0x74, 0x5f, 0x34, 0x38, 0x5b, 0x6a, 0x5f, 0x34, 0x36, 0x5d, //    left_48[j_46]
	0x20, 0x3d, 0x20, 0x28, 0x74, 0x5f, 0x34, 0x34, 0x20, 0x2d, 0x20, 0x6b, 0x6e, 0x6f, 0x74, 0x73, //  = (t_44 - knots
	0x5f, 0x34, 0x31, 0x5b, 0x28, 0x28, 0x73, 0x70, 0x61, 0x6e, 0x5f, 0x34, 0x33, 0x20, 0x2b, 0x20, // _41[((span_43 + 
	0x31, 0x29, 0x20, 0x2d, 0x20, 0x6a, 0x5f, 0x34, 0x36, 0x29, 0x5d, 0x29, 0x3b, 0x0a, 0x20, 0x20, // 1) - j_46)]);.  
	0x20, 0x20, 0x20, 0x20, 0x20, 0x20, 0x72, 0x69, 0x67, 0x68, 0x74, 0x5f, 0x34, 0x37, 0x5b, 0x6a, //       right_47[j
	0x5f, 0x34, 0x36, 0x5d, 0x20, 0x3d, 0x20, 0x28, 0x6b, 0x6e, 0x6f, 0x74, 0x73, 0x5f, 0x34, 0x31, // _46] = (knots_41
	0x5b, 0x28, 0x73, 0x70, 0x61, 0x6e, 0x5f, 0x34, 0x33, 0x20, 0x2b, 0x20, 0x6a, 0x5f, 0x34, 0x36, // [(span_43 + j_46
	0x29, 0x5d, 0x20, 0x2d, 0x20, 0x74, 0x5f, 0x34, 0x34, 0x29, 0x3b, 0x0a, 0x20, 0x20, 0x20, 0x20, // )] - t_44);.    
	0x20, 0x20, 0x20, 0x20, 0x73, 0x61, 0x76, 0x65, 0x64, 0x5f, 0x35, 0x30, 0x20, 0x3d, 0x20, 0x30, //     saved_50 = 0
	0x2e, 0x30, 0x3b, 0x0a, 0x20, 0x20, 0x20, 0x20, 0x20, 0x20, 0x20, 0x20, 0x66, 0x6f, 0x72, 0x20, // .0;.        for 
	0x28, 0x69, 0x6e, 0x74, 0x20, 0x72, 0x5f, 0x34, 0x39, 0x20, 0x3d, 0x20, 0x30, 0x3b, 0x20, 0x72, // (int r_49 = 0; r
	0x5f, 0x34, 0x39, 0x20, 0x3c, 0x20, 0x6a, 0x5f, 0x34, 0x36, 0x3b, 0x20, 0x72, 0x5f, 0x34, 0x39, // _49 < j_46; r_49
	0x2b, 0x2b, 0x29, 0x20, 0x7b, 0x0a, 0x20, 0x20, 0x20, 0x20, 0x20, 0x20, 0x20, 0x20, 0x20, 0x20, // ++) {.          
	0x66, 0x6c, 0x6f, 0x61, 0x74, 0x20, 0x74, 0x6d, 0x70, 0x76, 0x61, 0x72, 0x5f, 0x35, 0x31, 0x3b, // float tmpvar_51;
	0x0a, 0x20, 0x20, 0x20, 0x20, 0x20, 0x20, 0x20, 0x20, 0x20, 0x20, 0x74, 0x6d, 0x70, 0x76, 0x61, // .          tmpva
	0x72, 0x5f, 0x35, 0x31, 0x20, 0x3d, 0x20, 0x28, 0x72, 0x69, 0x67, 0x68, 0x74, 0x5f, 0x34, 0x37, // r_51 = (right_47
	0x5b, 0x28, 0x72, 0x5f, 0x34, 0x39, 0x20, 0x2b, 0x20, 0x31, 0x29, 0x5d, 0x20, 0x2b, 0x20, 0x6c, // [(r_49 + 1)] + l
	0x65, 0x66, 0x74, 0x5f, 0x34, 0x38, 0x5b, 0x28, 0x6a, 0x5f, 0x34, 0x36, 0x20, 0x2d, 0x20, 0x72, // eft_48[(j_46 - r
	0x5f, 0x34, 0x39, 0x29, 0x5d, 0x29, 0x3b, 0x0a, 0x20, 0x20, 0x20, 0x20, 0x20, 0x20, 0x20, 0x20, // _49)]);.        
	0x20, 0x20, 0x66, 0x6c, 0x6f, 0x61, 0x74, 0x20, 0x74, 0x6d, 0x70, 0x76, 0x61, 0x72, 0x5f, 0x35, //   float tmpvar_5
	0x32, 0x3b, 0x0a, 0x20, 0x20, 0x20, 0x20, 0x20, 0x20, 0x20, 0x20, 0x20, 0x20, 0x69, 0x66, 0x20, // 2;.          if 
	0x28, 0x28, 0x74, 0x6d, 0x70, 0x76, 0x61, 0x72, 0x5f, 0x35, 0x31, 0x20, 0x21, 0x3d, 0x20, 0x30, // ((tmpvar_51 != 0
	0x2e, 0x30, 0x29, 0x29, 0x20, 0x7b, 0x0a, 0x20, 0x20, 0x20, 0x20, 0x20, 0x20, 0x20, 0x20, 0x20, // .0)) {.         
	0x20, 0x20, 0x20, 0x74, 0x6d, 0x70, 0x76, 0x61, 0x72, 0x5f, 0x35, 0x32, 0x20, 0x3d, 0x20, 0x28, //    tmpvar_52 = (
	0x6f, 0x75, 0x74, 0x42, 0x61, 0x73, 0x69, 0x73, 0x5f, 0x34, 0x35, 0x5b, 0x72, 0x5f, 0x34, 0x39, // outBasis_45[r_49
	0x5d, 0x20, 0x2f, 0x20, 0x74, 0x6d, 0x70, 0x76, 0x61, 0x72, 0x5f, 0x35, 0x31, 0x29, 0x3b, 0x0a, // ] / tmpvar_51);.
	0x20, 0x20, 0x20, 0x20, 0x20, 0x20, 0x20, 0x20, 0x20, 0x20, 0x7d, 0x20, 0x65, 0x6c, 0x73, 0x65, //           } else
	0x20, 0x7b, 0x0a, 0x20, 0x20, 0x20, 0x20, 0x20, 0x20, 0x20, 0x20, 0x20, 0x20, 0x20, 0x20, 0x74, //  {.            t
	0x6d, 0x70, 0x76, 0x61, 0x72, 0x5f, 0x35, 0x32, 0x20, 0x3d, 0x20, 0x30, 0x2e, 0x30, 0x3b, 0x0a, // mpvar_52 = 0.0;.
	0x20, 0x20, 0x20, 0x20, 0x20, 0x20, 0x20, 0x20, 0x20, 0x20, 0x7d, 0x3b, 0x0a, 0x20, 0x20, 0x20, //           };.   
	0x20, 0x20, 0x20, 0x20, 0x20, 0x20, 0x20, 0x6f, 0x75, 0x74, 0x42, 0x61, 0x73, 0x69, 0x73, 0x5f, //        outBasis_
	0x34, 0x35, 0x5b, 0x72, 0x5f, 0x34, 0x39, 0x5d, 0x20, 0x3d, 0x20, 0x28, 0x73, 0x61, 0x76, 0x65, // 45[r_49] = (save
	0x64, 0x5f, 0x35, 0x30, 0x20, 0x2b, 0x20, 0x28, 0x72, 0x69, 0x67, 0x68, 0x74, 0x5f, 0x34, 0x37, // d_50 + (right_47
	0x5b, 0x28, 0x72, 0x5f, 0x34, 0x39, 0x20, 0x2b, 0x20, 0x31, 0x29, 0x5d, 0x20, 0x2a, 0x20, 0x74, // [(r_49 + 1)] * t
	0x6d, 0x70, 0x76, 0x61, 0x72, 0x5f, 0x35, 0x32, 0x29, 0x29, 0x3b, 0x0a, 0x20, 0x20, 0x20, 0x20, // mpvar_52));.    
	0x20, 0x20, 0x20, 0x20, 0x20, 0x20, 0x73, 0x61, 0x76, 0x65, 0x64, 0x5f, 0x35, 0x30, 0x20, 0x3d, //       saved_50 =
	0x20, 0x28, 0x6c, 0x65, 0x66, 0x74, 0x5f, 0x34, 0x38, 0x5b, 0x28, 0x6a, 0x5f, 0x34, 0x36, 0x20, //  (left_48[(j_46 
	0x2d, 0x20, 0x72, 0x5f, 0x34, 0x39, 0x29, 0x5d, 0x20, 0x2a, 0x20, 0x74, 0x6d, 0x70, 0x76, 0x61, // - r_49)] * tmpva
	0x72, 0x5f, 0x35, 0x32, 0x29, 0x3b, 0x0a, 0x20, 0x20, 0x20, 0x20, 0x20, 0x20, 0x20, 0x20, 0x7d, // r_52);.        }
	0x3b, 0x0a, 0x20, 0x20, 0x20, 0x20, 0x20, 0x20, 0x20, 0x20, 0x6f, 0x75, 0x74, 0x42, 0x61, 0x73, // ;.        outBas
	0x69, 0x73, 0x5f, 0x34, 0x35, 0x5b, 0x6a, 0x5f, 0x34, 0x36, 0x5d, 0x20, 0x3d, 0x20, 0x73, 0x61, // is_45[j_46] = sa
	0x76, 0x65, 0x64, 0x5f, 0x35, 0x30, 0x3b, 0x0a, 0x20, 0x20, 0x20, 0x20, 0x20, 0x20, 0x7d, 0x3b, // ved_50;.      };
	0x0a, 0x20, 0x20, 0x20, 0x20, 0x20, 0x20, 0x62, 0x61, 0x73, 0x69, 0x73, 0x5f, 0x32, 0x33, 0x20, // .      basis_23 
	0x3d, 0x20, 0x6f, 0x75, 0x74, 0x42, 0x61, 0x73, 0x69, 0x73, 0x5f, 0x34, 0x35, 0x3b, 0x0a, 0x20, // = outBasis_45;. 
	0x20, 0x20, 0x20, 0x20, 0x20, 0x66, 0x6f, 0x72, 0x20, 0x28, 0x69, 0x6e, 0x74, 0x20, 0x69, 0x5f, //      for (int i_
	0x32, 0x32, 0x20, 0x3d, 0x20, 0x30, 0x3b, 0x20, 0x69, 0x5f, 0x32, 0x32, 0x20, 0x3c, 0x3d, 0x20, // 22 = 0; i_22 <= 
	0x64, 0x65, 0x67, 0x72, 0x65, 0x65, 0x5f, 0x32, 0x31, 0x3b, 0x20, 0x69, 0x5f, 0x32, 0x32, 0x2b, // degree_21; i_22+
	0x2b, 0x29, 0x20, 0x7b, 0x0a, 0x20, 0x20, 0x20, 0x20, 0x20, 0x20, 0x20, 0x20, 0x72, 0x65, 0x73, // +) {.        res
	0x75, 0x6c, 0x74, 0x5f, 0x32, 0x34, 0x20, 0x3d, 0x20, 0x28, 0x72, 0x65, 0x73, 0x75, 0x6c, 0x74, // ult_24 = (result
	0x5f, 0x32, 0x34, 0x20, 0x2b, 0x20, 0x28, 0x62, 0x61, 0x73, 0x69, 0x73, 0x5f, 0x32, 0x33, 0x5b, // _24 + (basis_23[
	0x69, 0x5f, 0x32, 0x32, 0x5d, 0x20, 0x2a, 0x20, 0x63, 0x70, 0x5f, 0x32, 0x30, 0x5b, 0x28, 0x0a, // i_22] * cp_20[(.
	0x20, 0x20, 0x20, 0x20, 0x20, 0x20, 0x20, 0x20, 0x20, 0x20, 0x28, 0x73, 0x70, 0x61, 0x6e, 0x5f, //           (span_
	0x32, 0x35, 0x20, 0x2d, 0x20, 0x64, 0x65, 0x67, 0x72, 0x65, 0x65, 0x5f, 0x32, 0x31, 0x29, 0x0a, // 25 - degree_21).
	0x20, 0x20, 0x20, 0x20, 0x20, 0x20, 0x20, 0x20, 0x20, 0x2b, 0x20, 0x69, 0x5f, 0x32, 0x32, 0x29, //          + i_22)
	0x5d, 0x29, 0x29, 0x3b, 0x0a, 0x20, 0x20, 0x20, 0x20, 0x20, 0x20, 0x7d, 0x3b, 0x0a, 0x20, 0x20, // ]));.      };.  
	0x20, 0x20, 0x20, 0x20, 0x70, 0x6f, 0x73, 0x69, 0x74, 0x69, 0x6f, 0x6e, 0x5f, 0x32, 0x20, 0x3d, //     position_2 =
	0x20, 0x72, 0x65, 0x73, 0x75, 0x6c, 0x74, 0x5f, 0x32, 0x34, 0x3b, 0x0a, 0x20, 0x20, 0x20, 0x20, //  result_24;.    
	0x7d, 0x20, 0x65, 0x6c, 0x73, 0x65, 0x20, 0x7b, 0x0a, 0x20, 0x20, 0x20, 0x20, 0x20, 0x20, 0x69, // } else {.      i
	0x66, 0x20, 0x28, 0x28, 0x74, 0x6d, 0x70, 0x76, 0x61, 0x72, 0x5f, 0x37, 0x20, 0x3d, 0x3d, 0x20, // f ((tmpvar_7 == 
	0x32, 0x29, 0x29, 0x20, 0x7b, 0x0a, 0x20, 0x20, 0x20, 0x20, 0x20, 0x20, 0x20, 0x20, 0x76, 0x65, // 2)) {.        ve
	0x63, 0x33, 0x20, 0x63, 0x70, 0x5f, 0x35, 0x33, 0x5b, 0x31, 0x36, 0x5d, 0x3b, 0x0a, 0x20, 0x20, // c3 cp_53[16];.  
	0x20, 0x20, 0x20, 0x20, 0x20, 0x20, 0x63, 0x70, 0x5f, 0x35, 0x33, 0x20, 0x3d, 0x20, 0x63, 0x70, //       cp_53 = cp
	0x5f, 0x36, 0x3b, 0x0a, 0x20, 0x20, 0x20, 0x20, 0x20, 0x20, 0x20, 0x20, 0x66, 0x6c, 0x6f, 0x61, // _6;.        floa
	0x74, 0x20, 0x77, 0x65, 0x69, 0x67, 0x68, 0x74, 0x73, 0x5f, 0x35, 0x34, 0x5b, 0x31, 0x36, 0x5d, // t weights_54[16]
	0x3b, 0x0a, 0x20, 0x20, 0x20, 0x20, 0x20, 0x20, 0x20, 0x20, 0x77, 0x65, 0x69, 0x67, 0x68, 0x74, // ;.        weight
	0x73, 0x5f, 0x35, 0x34, 0x20, 0x3d, 0x20, 0x77, 0x65, 0x69, 0x67, 0x68, 0x74, 0x73, 0x5f, 0x34, // s_54 = weights_4
	0x3b, 0x0a, 0x20, 0x20, 0x20, 0x20, 0x20, 0x20, 0x20, 0x20, 0x69, 0x6e, 0x74, 0x20, 0x64, 0x65, // ;.        int de
	0x67, 0x72, 0x65, 0x65, 0x5f, 0x35, 0x35, 0x3b, 0x0a, 0x20, 0x20, 0x20, 0x20, 0x20, 0x20, 0x20, // gree_55;.       
	0x20, 0x64, 0x65, 0x67, 0x72, 0x65, 0x65, 0x5f, 0x35, 0x35, 0x20, 0x3d, 0x20, 0x74, 0x6d, 0x70, //  degree_55 = tmp
	0x76, 0x61, 0x72, 0x5f, 0x38, 0x3b, 0x0a, 0x20, 0x20, 0x20, 0x20, 0x20, 0x20, 0x20, 0x20, 0x66, // var_8;.        f
	0x6c, 0x6f, 0x61, 0x74, 0x20, 0x62, 0x61, 0x73, 0x69, 0x73, 0x5f, 0x35, 0x37, 0x5b, 0x31, 0x36, // loat basis_57[16
	0x5d, 0x3b, 0x0a, 0x20, 0x20, 0x20, 0x20, 0x20, 0x20, 0x20, 0x20, 0x66, 0x6c, 0x6f, 0x61, 0x74, // ];.        float
	0x20, 0x64, 0x65, 0x6e, 0x6f, 0x6d, 0x69, 0x6e, 0x61, 0x74, 0x6f, 0x72, 0x5f, 0x35, 0x38, 0x3b, //  denominator_58;
	0x0a, 0x20, 0x20, 0x20, 0x20, 0x20, 0x20, 0x20, 0x20, 0x76, 0x65, 0x63, 0x33, 0x20, 0x6e, 0x75, // .        vec3 nu
	0x6d, 0x65, 0x72, 0x61, 0x74, 0x6f, 0x72, 0x5f, 0x35, 0x39, 0x3b, 0x0a, 0x20, 0x20, 0x20, 0x20, // merator_59;.    
	0x20, 0x20, 0x20, 0x20, 0x69, 0x6e, 0x74, 0x20, 0x73, 0x70, 0x61, 0x6e, 0x5f, 0x36, 0x30, 0x3b, //     int span_60;
	0x0a, 0x20, 0x20, 0x20, 0x20, 0x20, 0x20, 0x20, 0x20, 0x69, 0x6e, 0x74, 0x20, 0x6d, 0x61, 0x78, // .        int max
	0x53, 0x70, 0x61, 0x6e, 0x5f, 0x36, 0x31, 0x3b, 0x0a, 0x20, 0x20, 0x20, 0x20, 0x20, 0x20, 0x20, // Span_61;.       
	0x20, 0x69, 0x6e, 0x74, 0x20, 0x74, 0x6d, 0x70, 0x76, 0x61, 0x72, 0x5f, 0x36, 0x32, 0x3b, 0x0a, //  int tmpvar_62;.
	0x20, 0x20, 0x20, 0x20, 0x20, 0x20, 0x20, 0x20, 0x74, 0x6d, 0x70, 0x76, 0x61, 0x72, 0x5f, 0x36, //         tmpvar_6
	0x32, 0x20, 0x3d, 0x20, 0x28, 0x74, 0x6d, 0x70, 0x76, 0x61, 0x72, 0x5f, 0x39, 0x20, 0x2d, 0x20, // 2 = (tmpvar_9 - 
	0x31, 0x29, 0x3b, 0x0a, 0x20, 0x20, 0x20, 0x20, 0x20, 0x20, 0x20, 0x20, 0x6d, 0x61, 0x78, 0x53, // 1);.        maxS
	0x70, 0x61, 0x6e, 0x5f, 0x36, 0x31, 0x20, 0x3d, 0x20, 0x74, 0x6d, 0x70, 0x76, 0x61, 0x72, 0x5f, // pan_61 = tmpvar_
	0x36, 0x32, 0x3b, 0x0a, 0x20, 0x20, 0x20, 0x20, 0x20, 0x20, 0x20, 0x20, 0x69, 0x6e, 0x74, 0x20, // 62;.        int 
	0x74, 0x6d, 0x70, 0x76, 0x61, 0x72, 0x5f, 0x36, 0x33, 0x3b, 0x0a, 0x20, 0x20, 0x20, 0x20, 0x20, // tmpvar_63;.     
	0x20, 0x20, 0x20, 0x74, 0x6d, 0x70, 0x76, 0x61, 0x72, 0x5f, 0x36, 0x33, 0x20, 0x3d, 0x20, 0x28, //    tmpvar_63 = (
	0x31, 0x35, 0x20, 0x2d, 0x20, 0x74, 0x6d, 0x70, 0x76, 0x61, 0x72, 0x5f, 0x38, 0x29, 0x3b, 0x0a, // 15 - tmpvar_8);.
	0x20, 0x20, 0x20, 0x20, 0x20, 0x20, 0x20, 0x20, 0x69, 0x66, 0x20, 0x28, 0x28, 0x74, 0x6d, 0x70, //         if ((tmp
	0x76, 0x61, 0x72, 0x5f, 0x36, 0x32, 0x20, 0x3e, 0x20, 0x74, 0x6d, 0x70, 0x76, 0x61, 0x72, 0x5f, // var_62 > tmpvar_
	0x36, 0x33, 0x29, 0x29, 0x20, 0x7b, 0x0a, 0x20, 0x20, 0x20, 0x20, 0x20, 0x20, 0x20, 0x20, 0x20, // 63)) {.         
	0x20, 0x6d, 0x61, 0x78, 0x53, 0x70, 0x61, 0x6e, 0x5f, 0x36, 0x31, 0x20, 0x3d, 0x20, 0x74, 0x6d, //  maxSpan_61 = tm
	0x70, 0x76, 0x61, 0x72, 0x5f, 0x36, 0x33, 0x3b, 0x0a, 0x20, 0x20, 0x20, 0x20, 0x20, 0x20, 0x20, // pvar_63;.       
	0x20, 0x7d, 0x3b, 0x0a, 0x20, 0x20, 0x20, 0x20, 0x20, 0x20, 0x20, 0x20, 0x69, 0x66, 0x20, 0x28, //  };.        if (
	0x28, 0x6d, 0x61, 0x78, 0x53, 0x70, 0x61, 0x6e, 0x5f, 0x36, 0x31, 0x20, 0x3c, 0x20, 0x74, 0x6d, // (maxSpan_61 < tm
	0x70, 0x76, 0x61, 0x72, 0x5f, 0x38, 0x29, 0x29, 0x20, 0x7b, 0x0a, 0x20, 0x20, 0x20, 0x20, 0x20, // pvar_8)) {.     
	0x20, 0x20, 0x20, 0x20, 0x20, 0x6d, 0x61, 0x78, 0x53, 0x70, 0x61, 0x6e, 0x5f, 0x36, 0x31, 0x20, //      maxSpan_61 
	0x3d, 0x20, 0x74, 0x6d, 0x70, 0x76, 0x61, 0x72, 0x5f, 0x38, 0x3b, 0x0a, 0x20, 0x20, 0x20, 0x20, // = tmpvar_8;.    
	0x20, 0x20, 0x20, 0x20, 0x7d, 0x3b, 0x0a, 0x20, 0x20, 0x20, 0x20, 0x20, 0x20, 0x20, 0x20, 0x66, //     };.        f
	0x6c, 0x6f, 0x61, 0x74, 0x20, 0x6b, 0x6e, 0x6f, 0x74, 0x73, 0x5f, 0x36, 0x34, 0x5b, 0x31, 0x36, // loat knots_64[16
	0x5d, 0x3b, 0x0a, 0x20, 0x20, 0x20, 0x20, 0x20, 0x20, 0x20, 0x20, 0x6b, 0x6e, 0x6f, 0x74, 0x73, // ];.        knots
	0x5f, 0x36, 0x34, 0x20, 0x3d, 0x20, 0x6b, 0x6e, 0x6f, 0x74, 0x73, 0x5f, 0x35, 0x3b, 0x0a, 0x20, // _64 = knots_5;. 
	0x20, 0x20, 0x20, 0x20, 0x20, 0x20, 0x20, 0x66, 0x6c, 0x6f, 0x61, 0x74, 0x20, 0x74, 0x5f, 0x36, //        float t_6
	0x35, 0x3b, 0x0a, 0x20, 0x20, 0x20, 0x20, 0x20, 0x20, 0x20, 0x20, 0x74, 0x5f, 0x36, 0x35, 0x20, // 5;.        t_65 
	0x3d, 0x20, 0x74, 0x6d, 0x70, 0x76, 0x61, 0x72, 0x5f, 0x31, 0x30, 0x3b, 0x0a, 0x20, 0x20, 0x20, // = tmpvar_10;.   
	0x20, 0x20, 0x20, 0x20, 0x20, 0x69, 0x6e, 0x74, 0x20, 0x74, 0x6d, 0x70, 0x76, 0x61, 0x72, 0x5f, //      int tmpvar_
	0x36, 0x36, 0x3b, 0x0a, 0x20, 0x20, 0x20, 0x20, 0x20, 0x20, 0x20, 0x20, 0x62, 0x6f, 0x6f, 0x6c, // 66;.        bool
	0x20, 0x74, 0x6d, 0x70, 0x76, 0x61, 0x72, 0x5f, 0x36, 0x37, 0x3b, 0x0a, 0x20, 0x20, 0x20, 0x20, //  tmpvar_67;.    
	0x20, 0x20, 0x20, 0x20, 0x74, 0x6d, 0x70, 0x76, 0x61, 0x72, 0x5f, 0x36, 0x37, 0x20, 0x3d, 0x20, //     tmpvar_67 = 
	0x62, 0x6f, 0x6f, 0x6c, 0x28, 0x30, 0x29, 0x3b, 0x0a, 0x20, 0x20, 0x20, 0x20, 0x20, 0x20, 0x20, // bool(0);.       
	0x20, 0x69, 0x6e, 0x74, 0x20, 0x6c, 0x61, 0x73, 0x74, 0x4b, 0x6e, 0x6f, 0x74, 0x49, 0x6e, 0x64, //  int lastKnotInd
	0x65, 0x78, 0x5f, 0x36, 0x39, 0x3b, 0x0a, 0x20, 0x20, 0x20, 0x20, 0x20, 0x20, 0x20, 0x20, 0x69, // ex_69;.        i
	0x6e, 0x74, 0x20, 0x6c, 0x61, 0x73, 0x74, 0x53, 0x70, 0x61, 0x6e, 0x5f, 0x37, 0x30, 0x3b, 0x0a, // nt lastSpan_70;.
	0x20, 0x20, 0x20, 0x20, 0x20, 0x20, 0x20, 0x20, 0x69, 0x6e, 0x74, 0x20, 0x74, 0x6d, 0x70, 0x76, //         int tmpv
	0x61, 0x72, 0x5f, 0x37, 0x31, 0x3b, 0x0a, 0x20, 0x20, 0x20, 0x20, 0x20, 0x20, 0x20, 0x20, 0x74, // ar_71;.        t
	0x6d, 0x70, 0x76, 0x61, 0x72, 0x5f, 0x37, 0x31, 0x20, 0x3d, 0x20, 0x63, 0x6c, 0x61, 0x6d, 0x70, // mpvar_71 = clamp
	0x20, 0x28, 0x74, 0x6d, 0x70, 0x76, 0x61, 0x72, 0x5f, 0x38, 0x2c, 0x20, 0x30, 0x2c, 0x20, 0x31, //  (tmpvar_8, 0, 1
	0x35, 0x29, 0x3b, 0x0a, 0x20, 0x20, 0x20, 0x20, 0x20, 0x20, 0x20, 0x20, 0x69, 0x6e, 0x74, 0x20, // 5);.        int 
	0x74, 0x6d, 0x70, 0x76, 0x61, 0x72, 0x5f, 0x37, 0x32, 0x3b, 0x0a, 0x20, 0x20, 0x20, 0x20, 0x20, // tmpvar_72;.     
	0x20, 0x20, 0x20, 0x74, 0x6d, 0x70, 0x76, 0x61, 0x72, 0x5f, 0x37, 0x32, 0x20, 0x3d, 0x20, 0x63, //    tmpvar_72 = c
	0x6c, 0x61, 0x6d, 0x70, 0x20, 0x28, 0x28, 0x74, 0x6d, 0x70, 0x76, 0x61, 0x72, 0x5f, 0x39, 0x20, // lamp ((tmpvar_9 
	0x2d, 0x20, 0x31, 0x29, 0x2c, 0x20, 0x74, 0x6d, 0x70, 0x76, 0x61, 0x72, 0x5f, 0x37, 0x31, 0x2c, // - 1), tmpvar_71,
	0x20, 0x31, 0x35, 0x29, 0x3b, 0x0a, 0x20, 0x20, 0x20, 0x20, 0x20, 0x20, 0x20, 0x20, 0x6c, 0x61, //  15);.        la
	0x73, 0x74, 0x53, 0x70, 0x61, 0x6e, 0x5f, 0x37, 0x30, 0x20, 0x3d, 0x20, 0x74, 0x6d, 0x70, 0x76, // stSpan_70 = tmpv
	0x61, 0x72, 0x5f, 0x37, 0x32, 0x3b, 0x0a, 0x20, 0x20, 0x20, 0x20, 0x20, 0x20, 0x20, 0x20, 0x69, // ar_72;.        i
	0x6e, 0x74, 0x20, 0x74, 0x6d, 0x70, 0x76, 0x61, 0x72, 0x5f, 0x37, 0x33, 0x3b, 0x0a, 0x20, 0x20, // nt tmpvar_73;.  
	0x20, 0x20, 0x20, 0x20, 0x20, 0x20, 0x74, 0x6d, 0x70, 0x76, 0x61, 0x72, 0x5f, 0x37, 0x33, 0x20, //       tmpvar_73 
	0x3d, 0x20, 0x28, 0x74, 0x6d, 0x70, 0x76, 0x61, 0x72, 0x5f, 0x39, 0x20, 0x2b, 0x20, 0x74, 0x6d, // = (tmpvar_9 + tm
	0x70, 0x76, 0x61, 0x72, 0x5f, 0x38, 0x29, 0x3b, 0x0a, 0x20, 0x20, 0x20, 0x20, 0x20, 0x20, 0x20, // pvar_8);.       
	0x20, 0x6c, 0x61, 0x73, 0x74, 0x4b, 0x6e, 0x6f, 0x74, 0x49, 0x6e, 0x64, 0x65, 0x78, 0x5f, 0x36, //  lastKnotIndex_6
	0x39, 0x20, 0x3d, 0x20, 0x74, 0x6d, 0x70, 0x76, 0x61, 0x72, 0x5f, 0x37, 0x33, 0x3b, 0x0a, 0x20, // 9 = tmpvar_73;. 
	0x20, 0x20, 0x20, 0x20, 0x20, 0x20, 0x20, 0x69, 0x66, 0x20, 0x28, 0x28, 0x74, 0x6d, 0x70, 0x76, //        if ((tmpv
	0x61, 0x72, 0x5f, 0x37, 0x33, 0x20, 0x3e, 0x20, 0x31, 0x35, 0x29, 0x29, 0x20, 0x7b, 0x0a, 0x20, // ar_73 > 15)) {. 
	0x20, 0x20, 0x20, 0x20, 0x20, 0x20, 0x20, 0x20, 0x20, 0x6c, 0x61, 0x73, 0x74, 0x4b, 0x6e, 0x6f, //          lastKno
	0x74, 0x49, 0x6e, 0x64, 0x65, 0x78, 0x5f, 0x36, 0x39, 0x20, 0x3d, 0x20, 0x31, 0x35, 0x3b, 0x0a, // tIndex_69 = 15;.
	0x20, 0x20, 0x20, 0x20, 0x20, 0x20, 0x20, 0x20, 0x7d, 0x3b, 0x0a, 0x20, 0x20, 0x20, 0x20, 0x20, //         };.     
	0x20, 0x20, 0x20, 0x69, 0x66, 0x20, 0x28, 0x28, 0x6c, 0x61, 0x73, 0x74, 0x4b, 0x6e, 0x6f, 0x74, //    if ((lastKnot
	0x49, 0x6e, 0x64, 0x65, 0x78, 0x5f, 0x36, 0x39, 0x20, 0x3c, 0x20, 0x30, 0x29, 0x29, 0x20, 0x7b, // Index_69 < 0)) {
	0x0a, 0x20, 0x20, 0x20, 0x20, 0x20, 0x20, 0x20, 0x20, 0x20, 0x20, 0x6c, 0x61, 0x73, 0x74, 0x4b, // .          lastK
	0x6e, 0x6f, 0x74, 0x49, 0x6e, 0x64, 0x65, 0x78, 0x5f, 0x36, 0x39, 0x20, 0x3d, 0x20, 0x30, 0x3b, // notIndex_69 = 0;
	0x0a, 0x20, 0x20, 0x20, 0x20, 0x20, 0x20, 0x20, 0x20, 0x7d, 0x3b, 0x0a, 0x20, 0x20, 0x20, 0x20, // .        };.    
	0x20, 0x20, 0x20, 0x20, 0x69, 0x66, 0x20, 0x28, 0x28, 0x61, 0x5f, 0x70, 0x6f, 0x73, 0x69, 0x74, //     if ((a_posit
	0x69, 0x6f, 0x6e, 0x2e, 0x78, 0x20, 0x3e, 0x3d, 0x20, 0x6b, 0x6e, 0x6f, 0x74, 0x73, 0x5f, 0x35, // ion.x >= knots_5
	0x5b, 0x6c, 0x61, 0x73, 0x74, 0x4b, 0x6e, 0x6f, 0x74, 0x49, 0x6e, 0x64, 0x65, 0x78, 0x5f, 0x36, // [lastKnotIndex_6
	0x39, 0x5d, 0x29, 0x29, 0x20, 0x7b, 0x0a, 0x20, 0x20, 0x20, 0x20, 0x20, 0x20, 0x20, 0x20, 0x20, // 9])) {.         
	0x20, 0x74, 0x6d, 0x70, 0x76, 0x61, 0x72, 0x5f, 0x36, 0x36, 0x20, 0x3d, 0x20, 0x74, 0x6d, 0x70, //  tmpvar_66 = tmp
	0x76, 0x61, 0x72, 0x5f, 0x37, 0x32, 0x3b, 0x0a, 0x20, 0x20, 0x20, 0x20, 0x20, 0x20, 0x20, 0x20, // var_72;.        
	0x20, 0x20, 0x74, 0x6d, 0x70, 0x76, 0x61, 0x72, 0x5f, 0x36, 0x37, 0x20, 0x3d, 0x20, 0x62, 0x6f, //   tmpvar_67 = bo
	0x6f, 0x6c, 0x28, 0x31, 0x29, 0x3b, 0x0a, 0x20, 0x20, 0x20, 0x20, 0x20, 0x20, 0x20, 0x20, 0x7d, // ol(1);.        }
	0x20, 0x65, 0x6c, 0x73, 0x65, 0x20, 0x7b, 0x0a, 0x20, 0x20, 0x20, 0x20, 0x20, 0x20, 0x20, 0x20, //  else {.        
	0x20, 0x20, 0x69, 0x66, 0x20, 0x28, 0x28, 0x61, 0x5f, 0x70, 0x6f, 0x73, 0x69, 0x74, 0x69, 0x6f, //   if ((a_positio
	0x6e, 0x2e, 0x78, 0x20, 0x3c, 0x3d, 0x20, 0x6b, 0x6e, 0x6f, 0x74, 0x73, 0x5f, 0x35, 0x5b, 0x74, // n.x <= knots_5[t
	0x6d, 0x70, 0x76, 0x61, 0x72, 0x5f, 0x38, 0x5d, 0x29, 0x29, 0x20, 0x7b, 0x0a, 0x20, 0x20, 0x20, // mpvar_8])) {.   
	0x20, 0x20, 0x20, 0x20, 0x20, 0x20, 0x20, 0x20, 0x20, 0x74, 0x6d, 0x70, 0x76, 0x61, 0x72, 0x5f, //          tmpvar_
	0x36, 0x36, 0x20, 0x3d, 0x20, 0x74, 0x6d, 0x70, 0x76, 0x61, 0x72, 0x5f, 0x37, 0x31, 0x3b, 0x0a, // 66 = tmpvar_71;.
	0x20, 0x20, 0x20, 0x20, 0x20, 0x20, 0x20, 0x20, 0x20, 0x20, 0x20, 0x20, 0x74, 0x6d, 0x70, 0x76, //             tmpv
	0x61, 0x72, 0x5f, 0x36, 0x37, 0x20, 0x3d, 0x20, 0x62, 0x6f, 0x6f, 0x6c, 0x28, 0x31, 0x29, 0x3b, // ar_67 = bool(1);
	0x0a, 0x20, 0x20, 0x20, 0x20, 0x20, 0x20, 0x20, 0x20, 0x20, 0x20, 0x7d, 0x20, 0x65, 0x6c, 0x73, // .          } els
	0x65, 0x20, 0x7b, 0x0a, 0x20, 0x20, 0x20, 0x20, 0x20, 0x20, 0x20, 0x20, 0x20, 0x20, 0x20, 0x20, // e {.            
	0x66, 0x6f, 0x72, 0x20, 0x28, 0x69, 0x6e, 0x74, 0x20, 0x73, 0x70, 0x61, 0x6e, 0x5f, 0x36, 0x38, // for (int span_68
	0x20, 0x3d, 0x20, 0x74, 0x6d, 0x70, 0x76, 0x61, 0x72, 0x5f, 0x37, 0x31, 0x3b, 0x20, 0x73, 0x70, //  = tmpvar_71; sp
	0x61, 0x6e, 0x5f, 0x36, 0x38, 0x20, 0x3c, 0x20, 0x6c, 0x61, 0x73, 0x74, 0x53, 0x70, 0x61, 0x6e, // an_68 < lastSpan
	0x5f, 0x37, 0x30, 0x3b, 0x20, 0x73, 0x70, 0x61, 0x6e, 0x5f, 0x36, 0x38, 0x2b, 0x2b, 0x29, 0x20, // _70; span_68++) 
	0x7b, 0x0a, 0x20, 0x20, 0x20, 0x20, 0x20, 0x20, 0x20, 0x20, 0x20, 0x20, 0x20, 0x20, 0x20, 0x20, // {.              
	0x69, 0x66, 0x20, 0x28, 0x28, 0x74, 0x5f, 0x36, 0x35, 0x20, 0x3c, 0x20, 0x6b, 0x6e, 0x6f, 0x74, // if ((t_65 < knot
	0x73, 0x5f, 0x36, 0x34, 0x5b, 0x28, 0x73, 0x70, 0x61, 0x6e, 0x5f, 0x36, 0x38, 0x20, 0x2b, 0x20, // s_64[(span_68 + 
	0x31, 0x29, 0x5d, 0x29, 0x29, 0x20, 0x7b, 0x0a, 0x20, 0x20, 0x20, 0x20, 0x20, 0x20, 0x20, 0x20, // 1)])) {.        
	0x20, 0x20, 0x20, 0x20, 0x20, 0x20, 0x20, 0x20, 0x74, 0x6d, 0x70, 0x76, 0x61, 0x72, 0x5f, 0x36, //         tmpvar_6
	0x36, 0x20, 0x3d, 0x20, 0x73, 0x70, 0x61, 0x6e, 0x5f, 0x36, 0x38, 0x3b, 0x0a, 0x20, 0x20, 0x20, // 6 = span_68;.   
	0x20, 0x20, 0x20, 0x20, 0x20, 0x20, 0x20, 0x20, 0x20, 0x20, 0x20, 0x20, 0x20, 0x74, 0x6d, 0x70, //              tmp
	0x76, 0x61, 0x72, 0x5f, 0x36, 0x37, 0x20, 0x3d, 0x20, 0x62, 0x6f, 0x6f, 0x6c, 0x28, 0x31, 0x29, // var_67 = bool(1)
	0x3b, 0x0a, 0x20, 0x20, 0x20, 0x20, 0x20, 0x20, 0x20, 0x20, 0x20, 0x20, 0x20, 0x20, 0x20, 0x20, // ;.              
	0x20, 0x20, 0x62, 0x72, 0x65, 0x61, 0x6b, 0x3b, 0x0a, 0x20, 0x20, 0x20, 0x20, 0x20, 0x20, 0x20, //   break;.       
	0x20, 0x20, 0x20, 0x20, 0x20, 0x20, 0x20, 0x7d, 0x3b, 0x0a, 0x20, 0x20, 0x20, 0x20, 0x20, 0x20, //        };.      
	0x20, 0x20, 0x20, 0x20, 0x20, 0x20, 0x7d, 0x3b, 0x0a, 0x20, 0x20, 0x20, 0x20, 0x20, 0x20, 0x20, //       };.       
	0x20, 0x20, 0x20, 0x20, 0x20, 0x69, 0x66, 0x20, 0x28, 0x21, 0x28, 0x74, 0x6d, 0x70, 0x76, 0x61, //      if (!(tmpva
	0x72, 0x5f, 0x36, 0x37, 0x29, 0x29, 0x20, 0x7b, 0x0a, 0x20, 0x20, 0x20, 0x20, 0x20, 0x20, 0x20, // r_67)) {.       
	0x20, 0x20, 0x20, 0x20, 0x20, 0x20, 0x20, 0x74, 0x6d, 0x70, 0x76, 0x61, 0x72, 0x5f, 0x36, 0x36, //        tmpvar_66
	0x20, 0x3d, 0x20, 0x74, 0x6d, 0x70, 0x76, 0x61, 0x72, 0x5f, 0x37, 0x32, 0x3b, 0x0a, 0x20, 0x20, //  = tmpvar_72;.  
	0x20, 0x20, 0x20, 0x20, 0x20, 0x20, 0x20, 0x20, 0x20, 0x20, 0x20, 0x20, 0x74, 0x6d, 0x70, 0x76, //             tmpv
	0x61, 0x72, 0x5f, 0x36, 0x37, 0x20, 0x3d, 0x20, 0x62, 0x6f, 0x6f, 0x6c, 0x28, 0x31, 0x29, 0x3b, // ar_67 = bool(1);
	0x0a, 0x20, 0x20, 0x20, 0x20, 0x20, 0x20, 0x20, 0x20, 0x20, 0x20, 0x20, 0x20, 0x7d, 0x3b, 0x0a, // .            };.
	0x20, 0x20, 0x20, 0x20, 0x20, 0x20, 0x20, 0x20, 0x20, 0x20, 0x7d, 0x3b, 0x0a, 0x20, 0x20, 0x20, //           };.   
	0x20, 0x20, 0x20, 0x20, 0x20, 0x7d, 0x3b, 0x0a, 0x20, 0x20, 0x20, 0x20, 0x20, 0x20, 0x20, 0x20, //      };.        
	0x69, 0x6e, 0x74, 0x20, 0x74, 0x6d, 0x70, 0x76, 0x61, 0x72, 0x5f, 0x37, 0x34, 0x3b, 0x0a, 0x20, // int tmpvar_74;. 
	0x20, 0x20, 0x20, 0x20, 0x20, 0x20, 0x20, 0x74, 0x6d, 0x70, 0x76, 0x61, 0x72, 0x5f, 0x37, 0x34, //        tmpvar_74
	0x20, 0x3d, 0x20, 0x63, 0x6c, 0x61, 0x6d, 0x70, 0x20, 0x28, 0x74, 0x6d, 0x70, 0x76, 0x61, 0x72, //  = clamp (tmpvar
	0x5f, 0x36, 0x36, 0x2c, 0x20, 0x74, 0x6d, 0x70, 0x76, 0x61, 0x72, 0x5f, 0x38, 0x2c, 0x20, 0x6d, // _66, tmpvar_8, m
	0x61, 0x78, 0x53, 0x70, 0x61, 0x6e, 0x5f, 0x36, 0x31, 0x29, 0x3b, 0x0a, 0x20, 0x20, 0x20, 0x20, // axSpan_61);.    
	0x20, 0x20, 0x20, 0x20, 0x73, 0x70, 0x61, 0x6e, 0x5f, 0x36, 0x30, 0x20, 0x3d, 0x20, 0x74, 0x6d, //     span_60 = tm
	0x70, 0x76, 0x61, 0x72, 0x5f, 0x37, 0x34, 0x3b, 0x0a, 0x20, 0x20, 0x20, 0x20, 0x20, 0x20, 0x20, // pvar_74;.       
	0x20, 0x76, 0x65, 0x63, 0x33, 0x20, 0x74, 0x6d, 0x70, 0x76, 0x61, 0x72, 0x5f, 0x37, 0x35, 0x3b, //  vec3 tmpvar_75;
	0x0a, 0x20, 0x20, 0x20, 0x20, 0x20, 0x20, 0x20, 0x20, 0x74, 0x6d, 0x70, 0x76, 0x61, 0x72, 0x5f, // .        tmpvar_
	0x37, 0x35, 0x2e, 0x78, 0x20, 0x3d, 0x20, 0x30, 0x2e, 0x30, 0x3b, 0x0a, 0x20, 0x20, 0x20, 0x20, // 75.x = 0.0;.    
	0x20, 0x20, 0x20, 0x20, 0x74, 0x6d, 0x70, 0x76, 0x61, 0x72, 0x5f, 0x37, 0x35, 0x2e, 0x79, 0x20, //     tmpvar_75.y 
	0x3d, 0x20, 0x30, 0x2e, 0x30, 0x3b, 0x0a, 0x20, 0x20, 0x20, 0x20, 0x20, 0x20, 0x20, 0x20, 0x74, // = 0.0;.        t
	0x6d, 0x70, 0x76, 0x61, 0x72, 0x5f, 0x37, 0x35, 0x2e, 0x7a, 0x20, 0x3d, 0x20, 0x30, 0x2e, 0x30, // mpvar_75.z = 0.0
	0x3b, 0x0a, 0x20, 0x20, 0x20, 0x20, 0x20, 0x20, 0x20, 0x20, 0x6e, 0x75, 0x6d, 0x65, 0x72, 0x61, // ;.        numera
	0x74, 0x6f, 0x72, 0x5f, 0x35, 0x39, 0x20, 0x3d, 0x20, 0x74, 0x6d, 0x70, 0x76, 0x61, 0x72, 0x5f, // tor_59 = tmpvar_
	0x37, 0x35, 0x3b, 0x0a, 0x20, 0x20, 0x20, 0x20, 0x20, 0x20, 0x20, 0x20, 0x64, 0x65, 0x6e, 0x6f, // 75;.        deno
	0x6d, 0x69, 0x6e, 0x61, 0x74, 0x6f, 0x72, 0x5f, 0x35, 0x38, 0x20, 0x3d, 0x20, 0x30, 0x2e, 0x30, // minator_58 = 0.0
	0x3b, 0x0a, 0x20, 0x20, 0x20, 0x20, 0x20, 0x20, 0x20, 0x20, 0x66, 0x6c, 0x6f, 0x61, 0x74, 0x20, // ;.        float 
	0x6b, 0x6e, 0x6f, 0x74, 0x73, 0x5f, 0x37, 0x36, 0x5b, 0x31, 0x36, 0x5d, 0x3b, 0x0a, 0x20, 0x20, // knots_76[16];.  
	0x20, 0x20, 0x20, 0x20, 0x20, 0x20, 0x6b, 0x6e, 0x6f, 0x74, 0x73, 0x5f, 0x37, 0x36, 0x20, 0x3d, //       knots_76 =
	0x20, 0x6b, 0x6e, 0x6f, 0x74, 0x73, 0x5f, 0x35, 0x3b, 0x0a, 0x20, 0x20, 0x20, 0x20, 0x20, 0x20, //  knots_5;.      
	0x20, 0x20, 0x69, 0x6e, 0x74, 0x20, 0x64, 0x65, 0x67, 0x72, 0x65, 0x65, 0x5f, 0x37, 0x37, 0x3b, //   int degree_77;
	0x0a, 0x20, 0x20, 0x20, 0x20, 0x20, 0x20, 0x20, 0x20, 0x64, 0x65, 0x67, 0x72, 0x65, 0x65, 0x5f, // .        degree_
	0x37, 0x37, 0x20, 0x3d, 0x20, 0x74, 0x6d, 0x70, 0x76, 0x61, 0x72, 0x5f, 0x38, 0x3b, 0x0a, 0x20, // 77 = tmpvar_8;. 
	0x20, 0x20, 0x20, 0x20, 0x20, 0x20, 0x20, 0x69, 0x6e, 0x74, 0x20, 0x73, 0x70, 0x61, 0x6e, 0x5f, //        int span_
	0x37, 0x38, 0x3b, 0x0a, 0x20, 0x20, 0x20, 0x20, 0x20, 0x20, 0x20, 0x20, 0x73, 0x70, 0x61, 0x6e, // 78;.        span
	0x5f, 0x37, 0x38, 0x20, 0x3d, 0x20, 0x74, 0x6d, 0x70, 0x76, 0x61, 0x72, 0x5f, 0x37, 0x34, 0x3b, // _78 = tmpvar_74;
	0x0a, 0x20, 0x20, 0x20, 0x20, 0x20, 0x20, 0x20, 0x20, 0x66, 0x6c, 0x6f, 0x61, 0x74, 0x20, 0x74, // .        float t
	0x5f, 0x37, 0x39, 0x3b, 0x0a, 0x20, 0x20, 0x20, 0x20, 0x20, 0x20, 0x20, 0x20, 0x74, 0x5f, 0x37, // _79;.        t_7
	0x39, 0x20, 0x3d, 0x20, 0x74, 0x6d, 0x70, 0x76, 0x61, 0x72, 0x5f, 0x31, 0x30, 0x3b, 0x0a, 0x20, // 9 = tmpvar_10;. 
	0x20, 0x20, 0x20, 0x20, 0x20, 0x20, 0x20, 0x66, 0x6c, 0x6f, 0x61, 0x74, 0x20, 0x6f, 0x75, 0x74, //        float out
	0x42, 0x61, 0x73, 0x69, 0x73, 0x5f, 0x38, 0x30, 0x5b, 0x31, 0x36, 0x5d, 0x3b, 0x0a, 0x20, 0x20, // Basis_80[16];.  
	0x20, 0x20, 0x20, 0x20, 0x20, 0x20, 0x66, 0x6c, 0x6f, 0x61, 0x74, 0x20, 0x72, 0x69, 0x67, 0x68, //       float righ
	0x74, 0x5f, 0x38, 0x32, 0x5b, 0x31, 0x36, 0x5d, 0x3b, 0x0a, 0x20, 0x20, 0x20, 0x20, 0x20, 0x20, // t_82[16];.      
	0x20, 0x20, 0x66, 0x6c, 0x6f, 0x61, 0x74, 0x20, 0x6c, 0x65, 0x66, 0x74, 0x5f, 0x38, 0x33, 0x5b, //   float left_83[
	0x31, 0x36, 0x5d, 0x3b, 0x0a, 0x20, 0x20, 0x20, 0x20, 0x20, 0x20, 0x20, 0x20, 0x6f, 0x75, 0x74, // 16];.        out
	0x42, 0x61, 0x73, 0x69, 0x73, 0x5f, 0x38, 0x30, 0x5b, 0x30, 0x5d, 0x20, 0x3d, 0x20, 0x31, 0x2e, // Basis_80[0] = 1.
	0x30, 0x3b, 0x0a, 0x20, 0x20, 0x20, 0x20, 0x20, 0x20, 0x20, 0x20, 0x66, 0x6f, 0x72, 0x20, 0x28, // 0;.        for (
	0x69, 0x6e, 0x74, 0x20, 0x6a, 0x5f, 0x38, 0x31, 0x20, 0x3d, 0x20, 0x31, 0x3b, 0x20, 0x6a, 0x5f, // int j_81 = 1; j_
	0x38, 0x31, 0x20, 0x3c, 0x3d, 0x20, 0x64, 0x65, 0x67, 0x72, 0x65, 0x65, 0x5f, 0x37, 0x37, 0x3b, // 81 <= degree_77;
	0x20, 0x6a, 0x5f, 0x38, 0x31, 0x2b, 0x2b, 0x29, 0x20, 0x7b, 0x0a, 0x20, 0x20, 0x20, 0x20, 0x20, //  j_81++) {.     
	0x20, 0x20, 0x20, 0x20, 0x20, 0x66, 0x6c, 0x6f, 0x61, 0x74, 0x20, 0x73, 0x61, 0x76, 0x65, 0x64, //      float saved
	0x5f, 0x38, 0x35, 0x3b, 0x0a, 0x20, 0x20, 0x20, 0x20, 0x20, 0x20, 0x20, 0x20, 0x20, 0x20, 0x6c, // _85;.          l
	0x65, 0x66, 0x74, 0x5f, 0x38, 0x33, 0x5b, 0x6a, 0x5f, 0x38, 0x31, 0x5d, 0x20, 0x3d, 0x20, 0x28, // eft_83[j_81] = (
	0x74, 0x5f, 0x37, 0x39, 0x20, 0x2d, 0x20, 0x6b, 0x6e, 0x6f, 0x74, 0x73, 0x5f, 0x37, 0x36, 0x5b, // t_79 - knots_76[
	0x28, 0x28, 0x73, 0x70, 0x61, 0x6e, 0x5f, 0x37, 0x38, 0x20, 0x2b, 0x20, 0x31, 0x29, 0x20, 0x2d, // ((span_78 + 1) -
	0x20, 0x6a, 0x5f, 0x38, 0x31, 0x29, 0x5d, 0x29, 0x3b, 0x0a, 0x20, 0x20, 0x20, 0x20, 0x20, 0x20, //  j_81)]);.      
	0x20, 0x20, 0x20, 0x20, 0x72, 0x69, 0x67, 0x68, 0x74, 0x5f, 0x38, 0x32, 0x5b, 0x6a, 0x5f, 0x38, //     right_82[j_8
	0x31, 0x5d, 0x20, 0x3d, 0x20, 0x28, 0x6b, 0x6e, 0x6f, 0x74, 0x73, 0x5f, 0x37, 0x36, 0x5b, 0x28, // 1] = (knots_76[(
	0x73, 0x70, 0x61, 0x6e, 0x5f, 0x37, 0x38, 0x20, 0x2b, 0x20, 0x6a, 0x5f, 0x38, 0x31, 0x29, 0x5d, // span_78 + j_81)]
	0x20, 0x2d, 0x20, 0x74, 0x5f, 0x37, 0x39, 0x29, 0x3b, 0x0a, 0x20, 0x20, 0x20, 0x20, 0x20, 0x20, //  - t_79);.      
	0x20, 0x20, 0x20, 0x20, 0x73, 0x61, 0x76, 0x65, 0x64, 0x5f, 0x38, 0x35, 0x20, 0x3d, 0x20, 0x30, //     saved_85 = 0
	0x2e, 0x30, 0x3b, 0x0a, 0x20, 0x20, 0x20, 0x20, 0x20, 0x20, 0x20, 0x20, 0x20, 0x20, 0x66, 0x6f, // .0;.          fo
	0x72, 0x20, 0x28, 0x69, 0x6e, 0x74, 0x20, 0x72, 0x5f, 0x38, 0x34, 0x20, 0x3d, 0x20, 0x30, 0x3b, // r (int r_84 = 0;
	0x20, 0x72, 0x5f, 0x38, 0x34, 0x20, 0x3c, 0x20, 0x6a, 0x5f, 0x38, 0x31, 0x3b, 0x20, 0x72, 0x5f, //  r_84 < j_81; r_
	0x38, 0x34, 0x2b, 0x2b, 0x29, 0x20, 0x7b, 0x0a, 0x20, 0x20, 0x20, 0x20, 0x20, 0x20, 0x20, 0x20, // 84++) {.        
	0x20, 0x20, 0x20, 0x20, 0x66, 0x6c, 0x6f, 0x61, 0x74, 0x20, 0x74, 0x6d, 0x70, 0x76, 0x61, 0x72, //     float tmpvar
	0x5f, 0x38, 0x36, 0x3b, 0x0a, 0x20, 0x20, 0x20, 0x20, 0x20, 0x20, 0x20, 0x20, 0x20, 0x20, 0x20, // _86;.           
	0x20, 0x74, 0x6d, 0x70, 0x76, 0x61, 0x72, 0x5f, 0x38, 0x36, 0x20, 0x3d, 0x20, 0x28, 0x72, 0x69, //  tmpvar_86 = (ri
	0x67, 0x68, 0x74, 0x5f, 0x38, 0x32, 0x5b, 0x28, 0x72, 0x5f, 0x38, 0x34, 0x20, 0x2b, 0x20, 0x31, // ght_82[(r_84 + 1
	0x29, 0x5d, 0x20, 0x2b, 0x20, 0x6c, 0x65, 0x66, 0x74, 0x5f, 0x38, 0x33, 0x5b, 0x28, 0x6a, 0x5f, // )] + left_83[(j_
	0x38, 0x31, 0x20, 0x2d, 0x20, 0x72, 0x5f, 0x38, 0x34, 0x29, 0x5d, 0x29, 0x3b, 0x0a, 0x20, 0x20, // 81 - r_84)]);.  
	0x20, 0x20, 0x20, 0x20, 0x20, 0x20, 0x20, 0x20, 0x20, 0x20, 0x66, 0x6c, 0x6f, 0x61, 0x74, 0x20, //           float 
	0x74, 0x6d, 0x70, 0x76, 0x61, 0x72, 0x5f, 0x38, 0x37, 0x3b, 0x0a, 0x20, 0x20, 0x20, 0x20, 0x20, // tmpvar_87;.     
	0x20, 0x20, 0x20, 0x20, 0x20, 0x20, 0x20, 0x69, 0x66, 0x20, 0x28, 0x28, 0x74, 0x6d, 0x70, 0x76, //        if ((tmpv
	0x61, 0x72, 0x5f, 0x38, 0x36, 0x20, 0x21, 0x3d, 0x20, 0x30, 0x2e, 0x30, 0x29, 0x29, 0x20, 0x7b, // ar_86 != 0.0)) {
	0x0a, 0x20, 0x20, 0x20, 0x20, 0x20, 0x20, 0x20, 0x20, 0x20, 0x20, 0x20, 0x20, 0x20, 0x20, 0x74, // .              t
	0x6d, 0x70, 0x76, 0x61, 0x72, 0x5f, 0x38, 0x37, 0x20, 0x3d, 0x20, 0x28, 0x6f, 0x75, 0x74, 0x42, // mpvar_87 = (outB
	0x61, 0x73, 0x69, 0x73, 0x5f, 0x38, 0x30, 0x5b, 0x72, 0x5f, 0x38, 0x34, 0x5d, 0x20, 0x2f, 0x20, // asis_80[r_84] / 
	0x74, 0x6d, 0x70, 0x76, 0x61, 0x72, 0x5f, 0x38, 0x36, 0x29, 0x3b, 0x0a, 0x20, 0x20, 0x20, 0x20, // tmpvar_86);.    
	0x20, 0x20, 0x20, 0x20, 0x20, 0x20, 0x20, 0x20, 0x7d, 0x20, 0x65, 0x6c, 0x73, 0x65, 0x20, 0x7b, //         } else {
	0x0a, 0x20, 0x20, 0x20, 0x20, 0x20, 0x20, 0x20, 0x20, 0x20, 0x20, 0x20, 0x20, 0x20, 0x20, 0x74, // .              t
	0x6d, 0x70, 0x76, 0x61, 0x72, 0x5f, 0x38, 0x37, 0x20, 0x3d, 0x20, 0x30, 0x2e, 0x30, 0x3b, 0x0a, // mpvar_87 = 0.0;.
	0x20, 0x20, 0x20, 0x20, 0x20, 0x20, 0x20, 0x20, 0x20, 0x20, 0x20, 0x20, 0x7d, 0x3b, 0x0a, 0x20, //             };. 
	0x20, 0x20, 0x20, 0x20, 0x20, 0x20, 0x20, 0x20, 0x20, 0x20, 0x20, 0x6f, 0x75, 0x74, 0x42, 0x61, //            outBa
	0x73, 0x69, 0x73, 0x5f, 0x38, 0x30, 0x5b, 0x72, 0x5f, 0x38, 0x34, 0x5d, 0x20, 0x3d, 0x20, 0x28, // sis_80[r_84] = (
	0x73, 0x61, 0x76, 0x65, 0x64, 0x5f, 0x38, 0x35, 0x20, 0x2b, 0x20, 0x28, 0x72, 0x69, 0x67, 0x68, // saved_85 + (righ
	0x74, 0x5f, 0x38, 0x32, 0x5b, 0x28, 0x72, 0x5f, 0x38, 0x34, 0x20, 0x2b, 0x20, 0x31, 0x29, 0x5d, // t_82[(r_84 + 1)]
	0x20, 0x2a, 0x20, 0x74, 0x6d, 0x70, 0x76, 0x61, 0x72, 0x5f, 0x38, 0x37, 0x29, 0x29, 0x3b, 0x0a, //  * tmpvar_87));.
	0x20, 0x20, 0x20, 0x20, 0x20, 0x20, 0x20, 0x20, 0x20, 0x20, 0x20, 0x20, 0x73, 0x61, 0x76, 0x65, //             save
	0x64, 0x5f, 0x38, 0x35, 0x20, 0x3d, 0x20, 0x28, 0x6c, 0x65, 0x66, 0x74, 0x5f, 0x38, 0x33, 0x5b, // d_85 = (left_83[
	0x28, 0x6a, 0x5f, 0x38, 0x31, 0x20, 0x2d, 0x20, 0x72, 0x5f, 0x38, 0x34, 0x29, 0x5d, 0x20, 0x2a, // (j_81 - r_84)] *
	0x20, 0x74, 0x6d, 0x70, 0x76, 0x61, 0x72, 0x5f, 0x38, 0x37, 0x29, 0x3b, 0x0a, 0x20, 0x20, 0x20, //  tmpvar_87);.   
	0x20, 0x20, 0x20, 0x20, 0x20, 0x20, 0x20, 0x7d, 0x3b, 0x0a, 0x20, 0x20, 0x20, 0x20, 0x20, 0x20, //        };.      
	0x20, 0x20, 0x20, 0x20, 0x6f, 0x75, 0x74, 0x42, 0x61, 0x73, 0x69, 0x73, 0x5f, 0x38, 0x30, 0x5b, //     outBasis_80[
	0x6a, 0x5f, 0x38, 0x31, 0x5d, 0x20, 0x3d, 0x20, 0x73, 0x61, 0x76, 0x65, 0x64, 0x5f, 0x38, 0x35, // j_81] = saved_85
	0x3b, 0x0a, 0x20, 0x20, 0x20, 0x20, 0x20, 0x20, 0x20, 0x20, 0x7d, 0x3b, 0x0a, 0x20, 0x20, 0x20, // ;.        };.   
	0x20, 0x20, 0x20, 0x20, 0x20, 0x62, 0x61, 0x73, 0x69, 0x73, 0x5f, 0x35, 0x37, 0x20, 0x3d, 0x20, //      basis_57 = 
	0x6f, 0x75, 0x74, 0x42, 0x61, 0x73, 0x69, 0x73, 0x5f, 0x38, 0x30, 0x3b, 0x0a, 0x20, 0x20, 0x20, // outBasis_80;.   
	0x20, 0x20, 0x20, 0x20, 0x20, 0x66, 0x6f, 0x72, 0x20, 0x28, 0x69, 0x6e, 0x74, 0x20, 0x69, 0x5f, //      for (int i_
	0x35, 0x36, 0x20, 0x3d, 0x20, 0x30, 0x3b, 0x20, 0x69, 0x5f, 0x35, 0x36, 0x20, 0x3c, 0x3d, 0x20, // 56 = 0; i_56 <= 
	0x64, 0x65, 0x67, 0x72, 0x65, 0x65, 0x5f, 0x35, 0x35, 0x3b, 0x20, 0x69, 0x5f, 0x35, 0x36, 0x2b, // degree_55; i_56+
	0x2b, 0x29, 0x20, 0x7b, 0x0a, 0x20, 0x20, 0x20, 0x20, 0x20, 0x20, 0x20, 0x20, 0x20, 0x20, 0x69, // +) {.          i
	0x6e, 0x74, 0x20, 0x74, 0x6d, 0x70, 0x76, 0x61, 0x72, 0x5f, 0x38, 0x38, 0x3b, 0x0a, 0x20, 0x20, // nt tmpvar_88;.  
	0x20, 0x20, 0x20, 0x20, 0x20, 0x20, 0x20, 0x20, 0x74, 0x6d, 0x70, 0x76, 0x61, 0x72, 0x5f, 0x38, //         tmpvar_8
	0x38, 0x20, 0x3d, 0x20, 0x28, 0x28, 0x73, 0x70, 0x61, 0x6e, 0x5f, 0x36, 0x30, 0x20, 0x2d, 0x20, // 8 = ((span_60 - 
	0x64, 0x65, 0x67, 0x72, 0x65, 0x65, 0x5f, 0x35, 0x35, 0x29, 0x20, 0x2b, 0x20, 0x69, 0x5f, 0x35, // degree_55) + i_5
	0x36, 0x29, 0x3b, 0x0a, 0x20, 0x20, 0x20, 0x20, 0x20, 0x20, 0x20, 0x20, 0x20, 0x20, 0x66, 0x6c, // 6);.          fl
	0x6f, 0x61, 0x74, 0x20, 0x74, 0x6d, 0x70, 0x76, 0x61, 0x72, 0x5f, 0x38, 0x39, 0x3b, 0x0a, 0x20, // oat tmpvar_89;. 
	0x20, 0x20, 0x20, 0x20, 0x20, 0x20, 0x20, 0x20, 0x20, 0x74, 0x6d, 0x70, 0x76, 0x61, 0x72, 0x5f, //          tmpvar_
	0x38, 0x39, 0x20, 0x3d, 0x20, 0x28, 0x62, 0x61, 0x73, 0x69, 0x73, 0x5f, 0x35, 0x37, 0x5b, 0x69, // 89 = (basis_57[i
	0x5f, 0x35, 0x36, 0x5d, 0x20, 0x2a, 0x20, 0x77, 0x65, 0x69, 0x67, 0x68, 0x74, 0x73, 0x5f, 0x35, // _56] * weights_5
	0x34, 0x5b, 0x74, 0x6d, 0x70, 0x76, 0x61, 0x72, 0x5f, 0x38, 0x38, 0x5d, 0x29, 0x3b, 0x0a, 0x20, // 4[tmpvar_88]);. 
	0x20, 0x20, 0x20, 0x20, 0x20, 0x20, 0x20, 0x20, 0x20, 0x6e, 0x75, 0x6d, 0x65, 0x72, 0x61, 0x74, //          numerat
	0x6f, 0x72, 0x5f, 0x35, 0x39, 0x20, 0x3d, 0x20, 0x28, 0x6e, 0x75, 0x6d, 0x65, 0x72, 0x61, 0x74, // or_59 = (numerat
	0x6f, 0x72, 0x5f, 0x35, 0x39, 0x20, 0x2b, 0x20, 0x28, 0x74, 0x6d, 0x70, 0x76, 0x61, 0x72, 0x5f, // or_59 + (tmpvar_
	0x38, 0x39, 0x20, 0x2a, 0x20, 0x63, 0x70, 0x5f, 0x35, 0x33, 0x5b, 0x74, 0x6d, 0x70, 0x76, 0x61, // 89 * cp_53[tmpva
	0x72, 0x5f, 0x38, 0x38, 0x5d, 0x29, 0x29, 0x3b, 0x0a, 0x20, 0x20, 0x20, 0x20, 0x20, 0x20, 0x20, // r_88]));.       
	0x20, 0x20, 0x20, 0x64, 0x65, 0x6e, 0x6f, 0x6d, 0x69, 0x6e, 0x61, 0x74, 0x6f, 0x72, 0x5f, 0x35, //    denominator_5
	0x38, 0x20, 0x3d, 0x20, 0x28, 0x64, 0x65, 0x6e, 0x6f, 0x6d, 0x69, 0x6e, 0x61, 0x74, 0x6f, 0x72, // 8 = (denominator
	0x5f, 0x35, 0x38, 0x20, 0x2b, 0x20, 0x74, 0x6d, 0x70, 0x76, 0x61, 0x72, 0x5f, 0x38, 0x39, 0x29, // _58 + tmpvar_89)
	0x3b, 0x0a, 0x20, 0x20, 0x20, 0x20, 0x20, 0x20, 0x20, 0x20, 0x7d, 0x3b, 0x0a, 0x20, 0x20, 0x20, // ;.        };.   
	0x20, 0x20, 0x20, 0x20, 0x20, 0x76, 0x65, 0x63, 0x33, 0x20, 0x74, 0x6d, 0x70, 0x76, 0x61, 0x72, //      vec3 tmpvar
	0x5f, 0x39, 0x30, 0x3b, 0x0a, 0x20, 0x20, 0x20, 0x20, 0x20, 0x20, 0x20, 0x20, 0x69, 0x66, 0x20, // _90;.        if 
	0x28, 0x28, 0x64, 0x65, 0x6e, 0x6f, 0x6d, 0x69, 0x6e, 0x61, 0x74, 0x6f, 0x72, 0x5f, 0x35, 0x38, // ((denominator_58
	0x20, 0x3e, 0x20, 0x30, 0x2e, 0x30, 0x29, 0x29, 0x20, 0x7b, 0x0a, 0x20, 0x20, 0x20, 0x20, 0x20, //  > 0.0)) {.     
	0x20, 0x20, 0x20, 0x20, 0x20, 0x74, 0x6d, 0x70, 0x76, 0x61, 0x72, 0x5f, 0x39, 0x30, 0x20, 0x3d, //      tmpvar_90 =
	0x20, 0x28, 0x6e, 0x75, 0x6d, 0x65, 0x72, 0x61, 0x74, 0x6f, 0x72, 0x5f, 0x35, 0x39, 0x20, 0x2f, //  (numerator_59 /
	0x20, 0x64, 0x65, 0x6e, 0x6f, 0x6d, 0x69, 0x6e, 0x61, 0x74, 0x6f, 0x72, 0x5f, 0x35, 0x38, 0x29, //  denominator_58)
	0x3b, 0x0a, 0x20, 0x20, 0x20, 0x20, 0x20, 0x20, 0x20, 0x20, 0x7d, 0x20, 0x65, 0x6c, 0x73, 0x65, // ;.        } else
	0x20, 0x7b, 0x0a, 0x20, 0x20, 0x20, 0x20, 0x20, 0x20, 0x20, 0x20, 0x20, 0x20, 0x76, 0x65, 0x63, //  {.          vec
	0x33, 0x20, 0x74, 0x6d, 0x70, 0x76, 0x61, 0x72, 0x5f, 0x39, 0x31, 0x3b, 0x0a, 0x20, 0x20, 0x20, // 3 tmpvar_91;.   
	0x20, 0x20, 0x20, 0x20, 0x20, 0x20, 0x20, 0x74, 0x6d, 0x70, 0x76, 0x61, 0x72, 0x5f, 0x39, 0x31, //        tmpvar_91
	0x2e, 0x78, 0x20, 0x3d, 0x20, 0x30, 0x2e, 0x30, 0x3b, 0x0a, 0x20, 0x20, 0x20, 0x20, 0x20, 0x20, // .x = 0.0;.      
	0x20, 0x20, 0x20, 0x20, 0x74, 0x6d, 0x70, 0x76, 0x61, 0x72, 0x5f, 0x39, 0x31, 0x2e, 0x79, 0x20, //     tmpvar_91.y 
	0x3d, 0x20, 0x30, 0x2e, 0x30, 0x3b, 0x0a, 0x20, 0x20, 0x20, 0x20, 0x20, 0x20, 0x20, 0x20, 0x20, // = 0.0;.         
	0x20, 0x74, 0x6d, 0x70, 0x76, 0x61, 0x72, 0x5f, 0x39, 0x31, 0x2e, 0x7a, 0x20, 0x3d, 0x20, 0x30, //  tmpvar_91.z = 0
	0x2e, 0x30, 0x3b, 0x0a, 0x20, 0x20, 0x20, 0x20, 0x20, 0x20, 0x20, 0x20, 0x20, 0x20, 0x74, 0x6d, // .0;.          tm
	0x70, 0x76, 0x61, 0x72, 0x5f, 0x39, 0x30, 0x20, 0x3d, 0x20, 0x74, 0x6d, 0x70, 0x76, 0x61, 0x72, // pvar_90 = tmpvar
	0x5f, 0x39, 0x31, 0x3b, 0x0a, 0x20, 0x20, 0x20, 0x20, 0x20, 0x20, 0x20, 0x20, 0x7d, 0x3b, 0x0a, // _91;.        };.
	0x20, 0x20, 0x20, 0x20, 0x20, 0x20, 0x20, 0x20, 0x70, 0x6f, 0x73, 0x69, 0x74, 0x69, 0x6f, 0x6e, //         position
	0x5f, 0x32, 0x20, 0x3d, 0x20, 0x74, 0x6d, 0x70, 0x76, 0x61, 0x72, 0x5f, 0x39, 0x30, 0x3b, 0x0a, // _2 = tmpvar_90;.
	0x20, 0x20, 0x20, 0x20, 0x20, 0x20, 0x7d, 0x20, 0x65, 0x6c, 0x73, 0x65, 0x20, 0x7b, 0x0a, 0x20, //       } else {. 
	0x20, 0x20, 0x20, 0x20, 0x20, 0x20, 0x20, 0x66, 0x6c, 0x6f, 0x61, 0x74, 0x20, 0x74, 0x6d, 0x70, //        float tmp
	0x76, 0x61, 0x72, 0x5f, 0x39, 0x32, 0x3b, 0x0a, 0x20, 0x20, 0x20, 0x20, 0x20, 0x20, 0x20, 0x20, // var_92;.        
	0x74, 0x6d, 0x70, 0x76, 0x61, 0x72, 0x5f, 0x39, 0x32, 0x20, 0x3d, 0x20, 0x28, 0x75, 0x41, 0x72, // tmpvar_92 = (uAr
	0x63, 0x2e, 0x79, 0x20, 0x2b, 0x20, 0x28, 0x75, 0x41, 0x72, 0x63, 0x2e, 0x7a, 0x20, 0x2a, 0x20, // c.y + (uArc.z * 
	0x61, 0x5f, 0x70, 0x6f, 0x73, 0x69, 0x74, 0x69, 0x6f, 0x6e, 0x2e, 0x78, 0x29, 0x29, 0x3b, 0x0a, // a_position.x));.
	0x20, 0x20, 0x20, 0x20, 0x20, 0x20, 0x20, 0x20, 0x70, 0x6f, 0x73, 0x69, 0x74, 0x69, 0x6f, 0x6e, //         position
	0x5f, 0x32, 0x20, 0x3d, 0x20, 0x28, 0x63, 0x70, 0x5f, 0x36, 0x5b, 0x30, 0x5d, 0x20, 0x2b, 0x20, // _2 = (cp_6[0] + 
	0x28, 0x75, 0x41, 0x72, 0x63, 0x2e, 0x78, 0x20, 0x2a, 0x20, 0x28, 0x0a, 0x20, 0x20, 0x20, 0x20, // (uArc.x * (.    
	0x20, 0x20, 0x20, 0x20, 0x20, 0x20, 0x28, 0x63, 0x6f, 0x73, 0x28, 0x74, 0x6d, 0x70, 0x76, 0x61, //       (cos(tmpva
	0x72, 0x5f, 0x39, 0x32, 0x29, 0x20, 0x2a, 0x20, 0x6e, 0x6f, 0x72, 0x6d, 0x61, 0x6c, 0x69, 0x7a, // r_92) * normaliz
	0x65, 0x28, 0x63, 0x70, 0x5f, 0x36, 0x5b, 0x31, 0x5d, 0x29, 0x29, 0x0a, 0x20, 0x20, 0x20, 0x20, // e(cp_6[1])).    
	0x20, 0x20, 0x20, 0x20, 0x20, 0x2b, 0x20, 0x0a, 0x20, 0x20, 0x20, 0x20, 0x20, 0x20, 0x20, 0x20, //      + .        
	0x20, 0x20, 0x28, 0x73, 0x69, 0x6e, 0x28, 0x74, 0x6d, 0x70, 0x76, 0x61, 0x72, 0x5f, 0x39, 0x32, //   (sin(tmpvar_92
	0x29, 0x20, 0x2a, 0x20, 0x6e, 0x6f, 0x72, 0x6d, 0x61, 0x6c, 0x69, 0x7a, 0x65, 0x28, 0x63, 0x70, // ) * normalize(cp
	0x5f, 0x36, 0x5b, 0x32, 0x5d, 0x29, 0x29, 0x0a, 0x20, 0x20, 0x20, 0x20, 0x20, 0x20, 0x20, 0x20, // _6[2])).        
	0x29, 0x29, 0x29, 0x3b, 0x0a, 0x20, 0x20, 0x20, 0x20, 0x20, 0x20, 0x7d, 0x3b, 0x0a, 0x20, 0x20, // )));.      };.  
	0x20, 0x20, 0x7d, 0x3b, 0x0a, 0x20, 0x20, 0x7d, 0x3b, 0x0a, 0x20, 0x20, 0x76, 0x65, 0x63, 0x34, //   };.  };.  vec4
	0x20, 0x74, 0x6d, 0x70, 0x76, 0x61, 0x72, 0x5f, 0x39, 0x33, 0x3b, 0x0a, 0x20, 0x20, 0x74, 0x6d, //  tmpvar_93;.  tm
	0x70, 0x76, 0x61, 0x72, 0x5f, 0x39, 0x33, 0x2e, 0x77, 0x20, 0x3d, 0x20, 0x31, 0x2e, 0x30, 0x3b, // pvar_93.w = 1.0;
	0x0a, 0x20, 0x20, 0x74, 0x6d, 0x70, 0x76, 0x61, 0x72, 0x5f, 0x39, 0x33, 0x2e, 0x78, 0x79, 0x7a, // .  tmpvar_93.xyz
	0x20, 0x3d, 0x20, 0x70, 0x6f, 0x73, 0x69, 0x74, 0x69, 0x6f, 0x6e, 0x5f, 0x32, 0x3b, 0x0a, 0x20, //  = position_2;. 
	0x20, 0x76, 0x65, 0x63, 0x34, 0x20, 0x74, 0x6d, 0x70, 0x76, 0x61, 0x72, 0x5f, 0x39, 0x34, 0x3b, //  vec4 tmpvar_94;
	0x0a, 0x20, 0x20, 0x74, 0x6d, 0x70, 0x76, 0x61, 0x72, 0x5f, 0x39, 0x34, 0x20, 0x3d, 0x20, 0x28, // .  tmpvar_94 = (
	0x75, 0x56, 0x69, 0x65, 0x77, 0x20, 0x2a, 0x20, 0x74, 0x6d, 0x70, 0x76, 0x61, 0x72, 0x5f, 0x39, // uView * tmpvar_9
	0x33, 0x29, 0x3b, 0x0a, 0x20, 0x20, 0x76, 0x69, 0x65, 0x77, 0x50, 0x6f, 0x73, 0x69, 0x74, 0x69, // 3);.  viewPositi
	0x6f, 0x6e, 0x5f, 0x31, 0x2e, 0x78, 0x79, 0x77, 0x20, 0x3d, 0x20, 0x74, 0x6d, 0x70, 0x76, 0x61, // on_1.xyw = tmpva
	0x72, 0x5f, 0x39, 0x34, 0x2e, 0x78, 0x79, 0x77, 0x3b, 0x0a, 0x20, 0x20, 0x76, 0x69, 0x65, 0x77, // r_94.xyw;.  view
	0x50, 0x6f, 0x73, 0x69, 0x74, 0x69, 0x6f, 0x6e, 0x5f, 0x31, 0x2e, 0x7a, 0x20, 0x3d, 0x20, 0x28, // Position_1.z = (
	0x74, 0x6d, 0x70, 0x76, 0x61, 0x72, 0x5f, 0x39, 0x34, 0x2e, 0x7a, 0x20, 0x2b, 0x20, 0x75, 0x4c, // tmpvar_94.z + uL
	0x61, 0x79, 0x65, 0x72, 0x4f, 0x66, 0x66, 0x73, 0x65, 0x74, 0x2e, 0x78, 0x29, 0x3b, 0x0a, 0x20, // ayerOffset.x);. 
	0x20, 0x76, 0x5f, 0x63, 0x6f, 0x6c, 0x6f, 0x72, 0x20, 0x3d, 0x20, 0x75, 0x43, 0x75, 0x72, 0x76, //  v_color = uCurv
	0x65, 0x43, 0x6f, 0x6c, 0x6f, 0x72, 0x3b, 0x0a, 0x20, 0x20, 0x76, 0x5f, 0x64, 0x65, 0x70, 0x74, // eColor;.  v_dept
	0x68, 0x20, 0x3d, 0x20, 0x2d, 0x28, 0x76, 0x69, 0x65, 0x77, 0x50, 0x6f, 0x73, 0x69, 0x74, 0x69, // h = -(viewPositi
	0x6f, 0x6e, 0x5f, 0x31, 0x2e, 0x7a, 0x29, 0x3b, 0x0a, 0x20, 0x20, 0x67, 0x6c, 0x5f, 0x50, 0x6f, // on_1.z);.  gl_Po
	0x73, 0x69, 0x74, 0x69, 0x6f, 0x6e, 0x20, 0x3d, 0x20, 0x28, 0x70, 0x72, 0x6f, 0x6a, 0x65, 0x63, // sition = (projec
	0x74, 0x69, 0x6f, 0x6e, 0x20, 0x2a, 0x20, 0x76, 0x69, 0x65, 0x77, 0x50, 0x6f, 0x73, 0x69, 0x74, // tion * viewPosit
	0x69, 0x6f, 0x6e, 0x5f, 0x31, 0x29, 0x3b, 0x0a, 0x7d, 0x0a, 0x0a, 0x00,                         // ion_1);.}...
};

static const uint8_t vs_curve_mtl[11254] =
{
	0x56, 0x53, 0x48, 0x0b, 0x00, 0x00, 0x00, 0x00, 0x16, 0x75, 0x06, 0xff, 0x08, 0x00, 0x08, 0x75, // VSH......u.....u
	0x43, 0x75, 0x72, 0x76, 0x65, 0x43, 0x50, 0x02, 0x10, 0x90, 0x00, 0x10, 0x00, 0x00, 0x00, 0x00, // CurveCP.........
	0x00, 0x0a, 0x75, 0x43, 0x75, 0x72, 0x76, 0x65, 0x4b, 0x6e, 0x6f, 0x74, 0x02, 0x04, 0x90, 0x01, // ..uCurveKnot....
	0x04, 0x00, 0x00, 0x00, 0x00, 0x00, 0x0c, 0x75, 0x43, 0x75, 0x72, 0x76, 0x65, 0x50, 0x61, 0x72, // .......uCurvePar
	0x61, 0x6d, 0x73, 0x02, 0x01, 0xd0, 0x01, 0x01, 0x00, 0x00, 0x00, 0x00, 0x00, 0x04, 0x75, 0x41, // ams...........uA
	0x72, 0x63, 0x02, 0x01, 0xf0, 0x01, 0x01, 0x00, 0x00, 0x00, 0x00, 0x00, 0x05, 0x75, 0x56, 0x69, // rc...........uVi
	0x65, 0x77, 0x04, 0x01, 0x00, 0x00, 0x04, 0x00, 0x00, 0x00, 0x00, 0x00, 0x0c, 0x75, 0x4c, 0x61, // ew...........uLa
	0x79, 0x65, 0x72, 0x4f, 0x66, 0x66, 0x73, 0x65, 0x74, 0x02, 0x01, 0x80, 0x00, 0x01, 0x00, 0x00, // yerOffset.......
	0x00, 0x00, 0x00, 0x0b, 0x75, 0x43, 0x75, 0x72, 0x76, 0x65, 0x43, 0x6f, 0x6c, 0x6f, 0x72, 0x02, // ....uCurveColor.
	0x01, 0xe0, 0x01, 0x01, 0x00, 0x00, 0x00, 0x00, 0x00, 0x0a, 0x70, 0x72, 0x6f, 0x6a, 0x65, 0x63, // ..........projec
	0x74, 0x69, 0x6f, 0x6e, 0x04, 0x01, 0x40, 0x00, 0x04, 0x00, 0x00, 0x00, 0x00, 0x00, 0x3e, 0x2b, // tion..@.......>+
	0x00, 0x00, 0x23, 0x70, 0x72, 0x61, 0x67, 0x6d, 0x61, 0x20, 0x63, 0x6c, 0x61, 0x6e, 0x67, 0x20, // ..#pragma clang 
	0x64, 0x69, 0x61, 0x67, 0x6e, 0x6f, 0x73, 0x74, 0x69, 0x63, 0x20, 0x69, 0x67, 0x6e, 0x6f, 0x72, // diagnostic ignor
	0x65, 0x64, 0x20, 0x22, 0x2d, 0x57, 0x6d, 0x69, 0x73, 0x73, 0x69, 0x6e, 0x67, 0x2d, 0x70, 0x72, // ed "-Wmissing-pr
	0x6f, 0x74, 0x6f, 0x74, 0x79, 0x70, 0x65, 0x73, 0x22, 0x0a, 0x23, 0x70, 0x72, 0x61, 0x67, 0x6d, // ototypes".#pragm
	0x61, 0x20, 0x63, 0x6c, 0x61, 0x6e, 0x67, 0x20, 0x64, 0x69, 0x61, 0x67, 0x6e, 0x6f, 0x73, 0x74, // a clang diagnost
	0x69, 0x63, 0x20, 0x69, 0x67, 0x6e, 0x6f, 0x72, 0x65, 0x64, 0x20, 0x22, 0x2d, 0x57, 0x6d, 0x69, // ic ignored "-Wmi
	0x73, 0x73, 0x69, 0x6e, 0x67, 0x2d, 0x62, 0x72, 0x61, 0x63, 0x65, 0x73, 0x22, 0x0a, 0x0a, 0x23, // ssing-braces"..#
	0x69, 0x6e, 0x63, 0x6c, 0x75, 0x64, 0x65, 0x20, 0x3c, 0x6d, 0x65, 0x74, 0x61, 0x6c, 0x5f, 0x73, // include <metal_s
	0x74, 0x64, 0x6c, 0x69, 0x62, 0x3e, 0x0a, 0x23, 0x69, 0x6e, 0x63, 0x6c, 0x75, 0x64, 0x65, 0x20, // tdlib>.#include 
	0x3c, 0x73, 0x69, 0x6d, 0x64, 0x2f, 0x73, 0x69, 0x6d, 0x64, 0x2e, 0x68, 0x3e, 0x0a, 0x0a, 0x75, // <simd/simd.h>..u
	0x73, 0x69, 0x6e, 0x67, 0x20, 0x6e, 0x61, 0x6d, 0x65, 0x73, 0x70, 0x61, 0x63, 0x65, 0x20, 0x6d, // sing namespace m
	0x65, 0x74, 0x61, 0x6c, 0x3b, 0x0a, 0x0a, 0x74, 0x65, 0x6d, 0x70, 0x6c, 0x61, 0x74, 0x65, 0x3c, // etal;..template<
	0x74, 0x79, 0x70, 0x65, 0x6e, 0x61, 0x6d, 0x65, 0x20, 0x54, 0x2c, 0x20, 0x73, 0x69, 0x7a, 0x65, // typename T, size
	0x5f, 0x74, 0x20, 0x4e, 0x75, 0x6d, 0x3e, 0x0a, 0x73, 0x74, 0x72, 0x75, 0x63, 0x74, 0x20, 0x73, // _t Num>.struct s
	0x70, 0x76, 0x55, 0x6e, 0x73, 0x61, 0x66, 0x65, 0x41, 0x72, 0x72, 0x61, 0x79, 0x0a, 0x7b, 0x0a, // pvUnsafeArray.{.
	0x20, 0x20, 0x20, 0x20, 0x54, 0x20, 0x65, 0x6c, 0x65, 0x6d, 0x65, 0x6e, 0x74, 0x73, 0x5b, 0x4e, //     T elements[N
	0x75, 0x6d, 0x20, 0x3f, 0x20, 0x4e, 0x75, 0x6d, 0x20, 0x3a, 0x20, 0x31, 0x5d, 0x3b, 0x0a, 0x20, // um ? Num : 1];. 
	0x20, 0x20, 0x20, 0x0a, 0x20, 0x20, 0x20, 0x20, 0x74, 0x68, 0x72, 0x65, 0x61, 0x64, 0x20, 0x54, //    .    thread T
	0x26, 0x20, 0x6f, 0x70, 0x65, 0x72, 0x61, 0x74, 0x6f, 0x72, 0x20, 0x5b, 0x5d, 0x20, 0x28, 0x73, // & operator [] (s
	0x69, 0x7a, 0x65, 0x5f, 0x74, 0x20, 0x70, 0x6f, 0x73, 0x29, 0x20, 0x74, 0x68, 0x72, 0x65, 0x61, // ize_t pos) threa
	0x64, 0x0a, 0x20, 0x20, 0x20, 0x20, 0x7b, 0x0a, 0x20, 0x20, 0x20, 0x20, 0x20, 0x20, 0x20, 0x20, // d.    {.        
	0x72, 0x65, 0x74, 0x75, 0x72, 0x6e, 0x20, 0x65, 0x6c, 0x65, 0x6d, 0x65, 0x6e, 0x74, 0x73, 0x5b, // return elements[
	0x70, 0x6f, 0x73, 0x5d, 0x3b, 0x0a, 0x20, 0x20, 0x20, 0x20, 0x7d, 0x0a, 0x20, 0x20, 0x20, 0x20, // pos];.    }.    
	0x63, 0x6f, 0x6e, 0x73, 0x74, 0x65, 0x78, 0x70, 0x72, 0x20, 0x63, 0x6f, 0x6e, 0x73, 0x74, 0x20, // constexpr const 
	0x74, 0x68, 0x72, 0x65, 0x61, 0x64, 0x20, 0x54, 0x26, 0x20, 0x6f, 0x70, 0x65, 0x72, 0x61, 0x74, // thread T& operat
	0x6f, 0x72, 0x20, 0x5b, 0x5d, 0x20, 0x28, 0x73, 0x69, 0x7a, 0x65, 0x5f, 0x74, 0x20, 0x70, 0x6f, // or [] (size_t po
	0x73, 0x29, 0x20, 0x63, 0x6f, 0x6e, 0x73, 0x74, 0x20, 0x74, 0x68, 0x72, 0x65, 0x61, 0x64, 0x0a, // s) const thread.
	0x20, 0x20, 0x20, 0x20, 0x7b, 0x0a, 0x20, 0x20, 0x20, 0x20, 0x20, 0x20, 0x20, 0x20, 0x72, 0x65, //     {.        re
	0x74, 0x75, 0x72, 0x6e, 0x20, 0x65, 0x6c, 0x65, 0x6d, 0x65, 0x6e, 0x74, 0x73, 0x5b, 0x70, 0x6f, // turn elements[po
	0x73, 0x5d, 0x3b, 0x0a, 0x20, 0x20, 0x20, 0x20, 0x7d, 0x0a, 0x20, 0x20, 0x20, 0x20, 0x0a, 0x20, // s];.    }.    . 
	0x20, 0x20, 0x20, 0x64, 0x65, 0x76, 0x69, 0x63, 0x65, 0x20, 0x54, 0x26, 0x20, 0x6f, 0x70, 0x65, //    device T& ope
	0x72, 0x61, 0x74, 0x6f, 0x72, 0x20, 0x5b, 0x5d, 0x20, 0x28, 0x73, 0x69, 0x7a, 0x65, 0x5f, 0x74, // rator [] (size_t
	0x20, 0x70, 0x6f, 0x73, 0x29, 0x20, 0x64, 0x65, 0x76, 0x69, 0x63, 0x65, 0x0a, 0x20, 0x20, 0x20, //  pos) device.   
	0x20, 0x7b, 0x0a, 0x20, 0x20, 0x20, 0x20, 0x20, 0x20, 0x20, 0x20, 0x72, 0x65, 0x74, 0x75, 0x72, //  {.        retur
	0x6e, 0x20, 0x65, 0x6c, 0x65, 0x6d, 0x65, 0x6e, 0x74, 0x73, 0x5b, 0x70, 0x6f, 0x73, 0x5d, 0x3b, // n elements[pos];
	0x0a, 0x20, 0x20, 0x20, 0x20, 0x7d, 0x0a, 0x20, 0x20, 0x20, 0x20, 0x63, 0x6f, 0x6e, 0x73, 0x74, // .    }.    const
	0x65, 0x78, 0x70, 0x72, 0x20, 0x63, 0x6f, 0x6e, 0x73, 0x74, 0x20, 0x64, 0x65, 0x76, 0x69, 0x63, // expr const devic
	0x65, 0x20, 0x54, 0x26, 0x20, 0x6f, 0x70, 0x65, 0x72, 0x61, 0x74, 0x6f, 0x72, 0x20, 0x5b, 0x5d, // e T& operator []
	0x20, 0x28, 0x73, 0x69, 0x7a, 0x65, 0x5f, 0x74, 0x20, 0x70, 0x6f, 0x73, 0x29, 0x20, 0x63, 0x6f, //  (size_t pos) co
	0x6e, 0x73, 0x74, 0x20, 0x64, 0x65, 0x76, 0x69, 0x63, 0x65, 0x0a, 0x20, 0x20, 0x20, 0x20, 0x7b, // nst device.    {
	0x0a, 0x20, 0x20, 0x20, 0x20, 0x20, 0x20, 0x20, 0x20, 0x72, 0x65, 0x74, 0x75, 0x72, 0x6e, 0x20, // .        return 
	0x65, 0x6c, 0x65, 0x6d, 0x65, 0x6e, 0x74, 0x73, 0x5b, 0x70, 0x6f, 0x73, 0x5d, 0x3b, 0x0a, 0x20, // elements[pos];. 
	0x20, 0x20, 0x20, 0x7d, 0x0a, 0x20, 0x20, 0x20, 0x20, 0x0a, 0x20, 0x20, 0x20, 0x20, 0x63, 0x6f, //    }.    .    co
	0x6e, 0x73, 0x74, 0x65, 0x78, 0x70, 0x72, 0x20, 0x63, 0x6f, 0x6e, 0x73, 0x74, 0x20, 0x63, 0x6f, // nstexpr const co
	0x6e, 0x73, 0x74, 0x61, 0x6e, 0x74, 0x20, 0x54, 0x26, 0x20, 0x6f, 0x70, 0x65, 0x72, 0x61, 0x74, // nstant T& operat
	0x6f, 0x72, 0x20, 0x5b, 0x5d, 0x20, 0x28, 0x73, 0x69, 0x7a, 0x65, 0x5f, 0x74, 0x20, 0x70, 0x6f, // or [] (size_t po
	0x73, 0x29, 0x20, 0x63, 0x6f, 0x6e, 0x73, 0x74, 0x20, 0x63, 0x6f, 0x6e, 0x73, 0x74, 0x61, 0x6e, // s) const constan
	0x74, 0x0a, 0x20, 0x20, 0x20, 0x20, 0x7b, 0x0a, 0x20, 0x20, 0x20, 0x20, 0x20, 0x20, 0x20, 0x20, // t.    {.        
	0x72, 0x65, 0x74, 0x75, 0x72, 0x6e, 0x20, 0x65, 0x6c, 0x65, 0x6d, 0x65, 0x6e, 0x74, 0x73, 0x5b, // return elements[
	0x70, 0x6f, 0x73, 0x5d, 0x3b, 0x0a, 0x20, 0x20, 0x20, 0x20, 0x7d, 0x0a, 0x20, 0x20, 0x20, 0x20, // pos];.    }.    
	0x0a, 0x20, 0x20, 0x20, 0x20, 0x74, 0x68, 0x72, 0x65, 0x61, 0x64, 0x67, 0x72, 0x6f, 0x75, 0x70, // .    threadgroup
	0x20, 0x54, 0x26, 0x20, 0x6f, 0x70, 0x65, 0x72, 0x61, 0x74, 0x6f, 0x72, 0x20, 0x5b, 0x5d, 0x20, //  T& operator [] 
	0x28, 0x73, 0x69, 0x7a, 0x65, 0x5f, 0x74, 0x20, 0x70, 0x6f, 0x73, 0x29, 0x20, 0x74, 0x68, 0x72, // (size_t pos) thr
	0x65, 0x61, 0x64, 0x67, 0x72, 0x6f, 0x75, 0x70, 0x0a, 0x20, 0x20, 0x20, 0x20, 0x7b, 0x0a, 0x20, // eadgroup.    {. 
	0x20, 0x20, 0x20, 0x20, 0x20, 0x20, 0x20, 0x72, 0x65, 0x74, 0x75, 0x72, 0x6e, 0x20, 0x65, 0x6c, //        return el
	0x65, 0x6d, 0x65, 0x6e, 0x74, 0x73, 0x5b, 0x70, 0x6f, 0x73, 0x5d, 0x3b, 0x0a, 0x20, 0x20, 0x20, // ements[pos];.   
	0x20, 0x7d, 0x0a, 0x20, 0x20, 0x20, 0x20, 0x63, 0x6f, 0x6e, 0x73, 0x74, 0x65, 0x78, 0x70, 0x72, //  }.    constexpr
	0x20, 0x63, 0x6f, 0x6e, 0x73, 0x74, 0x20, 0x74, 0x68, 0x72, 0x65, 0x61, 0x64, 0x67, 0x72, 0x6f, //  const threadgro
	0x75, 0x70, 0x20, 0x54, 0x26, 0x20, 0x6f, 0x70, 0x65, 0x72, 0x61, 0x74, 0x6f, 0x72, 0x20, 0x5b, // up T& operator [
	0x5d, 0x20, 0x28, 0x73, 0x69, 0x7a, 0x65, 0x5f, 0x74, 0x20, 0x70, 0x6f, 0x73, 0x29, 0x20, 0x63, // ] (size_t pos) c
	0x6f, 0x6e, 0x73, 0x74, 0x20, 0x74, 0x68, 0x72, 0x65, 0x61, 0x64, 0x67, 0x72, 0x6f, 0x75, 0x70, // onst threadgroup
	0x0a, 0x20, 0x20, 0x20, 0x20, 0x7b, 0x0a, 0x20, 0x20, 0x20, 0x20, 0x20, 0x20, 0x20, 0x20, 0x72, // .    {.        r
	0x65, 0x74, 0x75, 0x72, 0x6e, 0x20, 0x65, 0x6c, 0x65, 0x6d, 0x65, 0x6e, 0x74, 0x73, 0x5b, 0x70, // eturn elements[p
	0x6f, 0x73, 0x5d, 0x3b, 0x0a, 0x20, 0x20, 0x20, 0x20, 0x7d, 0x0a, 0x7d, 0x3b, 0x0a, 0x0a, 0x73, // os];.    }.};..s
	0x74, 0x72, 0x75, 0x63, 0x74, 0x20, 0x5f, 0x47, 0x6c, 0x6f, 0x62, 0x61, 0x6c, 0x0a, 0x7b, 0x0a, // truct _Global.{.
	0x20, 0x20, 0x20, 0x20, 0x66, 0x6c, 0x6f, 0x61, 0x74, 0x34, 0x78, 0x34, 0x20, 0x75, 0x56, 0x69, //     float4x4 uVi
	0x65, 0x77, 0x3b, 0x0a, 0x20, 0x20, 0x20, 0x20, 0x66, 0x6c, 0x6f, 0x61, 0x74, 0x34, 0x78, 0x34, // ew;.    float4x4
	0x20, 0x70, 0x72, 0x6f, 0x6a, 0x65, 0x63, 0x74, 0x69, 0x6f, 0x6e, 0x3b, 0x0a, 0x20, 0x20, 0x20, //  projection;.   
	0x20, 0x66, 0x6c, 0x6f, 0x61, 0x74, 0x34, 0x20, 0x75, 0x4c, 0x61, 0x79, 0x65, 0x72, 0x4f, 0x66, //  float4 uLayerOf
	0x66, 0x73, 0x65, 0x74, 0x3b, 0x0a, 0x20, 0x20, 0x20, 0x20, 0x66, 0x6c, 0x6f, 0x61, 0x74, 0x34, // fset;.    float4
	0x20, 0x75, 0x43, 0x75, 0x72, 0x76, 0x65, 0x43, 0x50, 0x5b, 0x31, 0x36, 0x5d, 0x3b, 0x0a, 0x20, //  uCurveCP[16];. 
	0x20, 0x20, 0x20, 0x66, 0x6c, 0x6f, 0x61, 0x74, 0x34, 0x20, 0x75, 0x43, 0x75, 0x72, 0x76, 0x65, //    float4 uCurve
	0x4b, 0x6e, 0x6f, 0x74, 0x5b, 0x34, 0x5d, 0x3b, 0x0a, 0x20, 0x20, 0x20, 0x20, 0x66, 0x6c, 0x6f, // Knot[4];.    flo
	0x61, 0x74, 0x34, 0x20, 0x75, 0x43, 0x75, 0x72, 0x76, 0x65, 0x50, 0x61, 0x72, 0x61, 0x6d, 0x73, // at4 uCurveParams
	0x3b, 0x0a, 0x20, 0x20, 0x20, 0x20, 0x66, 0x6c, 0x6f, 0x61, 0x74, 0x34, 0x20, 0x75, 0x43, 0x75, // ;.    float4 uCu
	0x72, 0x76, 0x65, 0x43, 0x6f, 0x6c, 0x6f, 0x72, 0x3b, 0x0a, 0x20, 0x20, 0x20, 0x20, 0x66, 0x6c, // rveColor;.    fl
	0x6f, 0x61, 0x74, 0x34, 0x20, 0x75, 0x41, 0x72, 0x63, 0x3b, 0x0a, 0x7d, 0x3b, 0x0a, 0x0a, 0x63, // oat4 uArc;.};..c
	0x6f, 0x6e, 0x73, 0x74, 0x61, 0x6e, 0x74, 0x20, 0x69, 0x6e, 0x74, 0x20, 0x5f, 0x31, 0x36, 0x32, // onstant int _162
	0x31, 0x20, 0x3d, 0x20, 0x7b, 0x7d, 0x3b, 0x0a, 0x0a, 0x73, 0x74, 0x72, 0x75, 0x63, 0x74, 0x20, // 1 = {};..struct 
	0x78, 0x6c, 0x61, 0x74, 0x4d, 0x74, 0x6c, 0x4d, 0x61, 0x69, 0x6e, 0x5f, 0x6f, 0x75, 0x74, 0x0a, // xlatMtlMain_out.
	0x7b, 0x0a, 0x09, 0x66, 0x6c, 0x6f, 0x61, 0x74, 0x20, 0x62, 0x67, 0x66, 0x78, 0x5f, 0x6d, 0x65, // {..float bgfx_me
	0x74, 0x61, 0x6c, 0x5f, 0x70, 0x6f, 0x69, 0x6e, 0x74, 0x53, 0x69, 0x7a, 0x65, 0x20, 0x5b, 0x5b, // tal_pointSize [[
	0x70, 0x6f, 0x69, 0x6e, 0x74, 0x5f, 0x73, 0x69, 0x7a, 0x65, 0x5d, 0x5d, 0x20, 0x3d, 0x20, 0x31, // point_size]] = 1
	0x3b, 0x0a, 0x20, 0x20, 0x20, 0x20, 0x66, 0x6c, 0x6f, 0x61, 0x74, 0x34, 0x20, 0x5f, 0x65, 0x6e, // ;.    float4 _en
	0x74, 0x72, 0x79, 0x50, 0x6f, 0x69, 0x6e, 0x74, 0x4f, 0x75, 0x74, 0x70, 0x75, 0x74, 0x5f, 0x76, // tryPointOutput_v
	0x5f, 0x63, 0x6f, 0x6c, 0x6f, 0x72, 0x20, 0x5b, 0x5b, 0x75, 0x73, 0x65, 0x72, 0x28, 0x6c, 0x6f, // _color [[user(lo
	0x63, 0x6e, 0x30, 0x29, 0x5d, 0x5d, 0x3b, 0x0a, 0x20, 0x20, 0x20, 0x20, 0x66, 0x6c, 0x6f, 0x61, // cn0)]];.    floa
	0x74, 0x20, 0x5f, 0x65, 0x6e, 0x74, 0x72, 0x79, 0x50, 0x6f, 0x69, 0x6e, 0x74, 0x4f, 0x75, 0x74, // t _entryPointOut
	0x70, 0x75, 0x74, 0x5f, 0x76, 0x5f, 0x64, 0x65, 0x70, 0x74, 0x68, 0x20, 0x5b, 0x5b, 0x75, 0x73, // put_v_depth [[us
	0x65, 0x72, 0x28, 0x6c, 0x6f, 0x63, 0x6e, 0x31, 0x29, 0x5d, 0x5d, 0x3b, 0x0a, 0x20, 0x20, 0x20, // er(locn1)]];.   
	0x20, 0x66, 0x6c, 0x6f, 0x61, 0x74, 0x34, 0x20, 0x67, 0x6c, 0x5f, 0x50, 0x6f, 0x73, 0x69, 0x74, //  float4 gl_Posit
	0x69, 0x6f, 0x6e, 0x20, 0x5b, 0x5b, 0x70, 0x6f, 0x73, 0x69, 0x74, 0x69, 0x6f, 0x6e, 0x5d, 0x5d, // ion [[position]]
	0x3b, 0x0a, 0x7d, 0x3b, 0x0a, 0x0a, 0x73, 0x74, 0x72, 0x75, 0x63, 0x74, 0x20, 0x78, 0x6c, 0x61, // ;.};..struct xla
	0x74, 0x4d, 0x74, 0x6c, 0x4d, 0x61, 0x69, 0x6e, 0x5f, 0x69, 0x6e, 0x0a, 0x7b, 0x0a, 0x20, 0x20, // tMtlMain_in.{.  
	0x20, 0x20, 0x66, 0x6c, 0x6f, 0x61, 0x74, 0x32, 0x20, 0x61, 0x5f, 0x70, 0x6f, 0x73, 0x69, 0x74, //   float2 a_posit
	0x69, 0x6f, 0x6e, 0x20, 0x5b, 0x5b, 0x61, 0x74, 0x74, 0x72, 0x69, 0x62, 0x75, 0x74, 0x65, 0x28, // ion [[attribute(
	0x30, 0x29, 0x5d, 0x5d, 0x3b, 0x0a, 0x7d, 0x3b, 0x0a, 0x0a, 0x76, 0x65, 0x72, 0x74, 0x65, 0x78, // 0)]];.};..vertex
	0x20, 0x78, 0x6c, 0x61, 0x74, 0x4d, 0x74, 0x6c, 0x4d, 0x61, 0x69, 0x6e, 0x5f, 0x6f, 0x75, 0x74, //  xlatMtlMain_out
	0x20, 0x78, 0x6c, 0x61, 0x74, 0x4d, 0x74, 0x6c, 0x4d, 0x61, 0x69, 0x6e, 0x28, 0x78, 0x6c, 0x61, //  xlatMtlMain(xla
	0x74, 0x4d, 0x74, 0x6c, 0x4d, 0x61, 0x69, 0x6e, 0x5f, 0x69, 0x6e, 0x20, 0x69, 0x6e, 0x20, 0x5b, // tMtlMain_in in [
	0x5b, 0x73, 0x74, 0x61, 0x67, 0x65, 0x5f, 0x69, 0x6e, 0x5d, 0x5d, 0x2c, 0x20, 0x63, 0x6f, 0x6e, // [stage_in]], con
	0x73, 0x74, 0x61, 0x6e, 0x74, 0x20, 0x5f, 0x47, 0x6c, 0x6f, 0x62, 0x61, 0x6c, 0x26, 0x20, 0x5f, // stant _Global& _
	0x6d, 0x74, 0x6c, 0x5f, 0x75, 0x20, 0x5b, 0x5b, 0x62, 0x75, 0x66, 0x66, 0x65, 0x72, 0x28, 0x30, // mtl_u [[buffer(0
	0x29, 0x5d, 0x5d, 0x29, 0x0a, 0x7b, 0x0a, 0x20, 0x20, 0x20, 0x20, 0x78, 0x6c, 0x61, 0x74, 0x4d, // )]]).{.    xlatM
	0x74, 0x6c, 0x4d, 0x61, 0x69, 0x6e, 0x5f, 0x6f, 0x75, 0x74, 0x20, 0x6f, 0x75, 0x74, 0x20, 0x3d, // tlMain_out out =
	0x20, 0x7b, 0x7d, 0x3b, 0x0a, 0x20, 0x20, 0x20, 0x20, 0x73, 0x70, 0x76, 0x55, 0x6e, 0x73, 0x61, //  {};.    spvUnsa
	0x66, 0x65, 0x41, 0x72, 0x72, 0x61, 0x79, 0x3c, 0x66, 0x6c, 0x6f, 0x61, 0x74, 0x33, 0x2c, 0x20, // feArray<float3, 
	0x31, 0x36, 0x3e, 0x20, 0x5f, 0x37, 0x31, 0x35, 0x3b, 0x0a, 0x20, 0x20, 0x20, 0x20, 0x73, 0x70, // 16> _715;.    sp
	0x76, 0x55, 0x6e, 0x73, 0x61, 0x66, 0x65, 0x41, 0x72, 0x72, 0x61, 0x79, 0x3c, 0x66, 0x6c, 0x6f, // vUnsafeArray<flo
	0x61, 0x74, 0x2c, 0x20, 0x31, 0x36, 0x3e, 0x20, 0x5f, 0x37, 0x31, 0x36, 0x3b, 0x0a, 0x20, 0x20, // at, 16> _716;.  
	0x20, 0x20, 0x73, 0x70, 0x76, 0x55, 0x6e, 0x73, 0x61, 0x66, 0x65, 0x41, 0x72, 0x72, 0x61, 0x79, //   spvUnsafeArray
	0x3c, 0x66, 0x6c, 0x6f, 0x61, 0x74, 0x2c, 0x20, 0x31, 0x36, 0x3e, 0x20, 0x5f, 0x37, 0x31, 0x37, // <float, 16> _717
	0x3b, 0x0a, 0x20, 0x20, 0x20, 0x20, 0x66, 0x6f, 0x72, 0x20, 0x28, 0x69, 0x6e, 0x74, 0x20, 0x5f, // ;.    for (int _
	0x31, 0x36, 0x30, 0x34, 0x20, 0x3d, 0x20, 0x30, 0x3b, 0x20, 0x5f, 0x31, 0x36, 0x30, 0x34, 0x20, // 1604 = 0; _1604 
	0x3c, 0x20, 0x31, 0x36, 0x3b, 0x20, 0x29, 0x0a, 0x20, 0x20, 0x20, 0x20, 0x7b, 0x0a, 0x20, 0x20, // < 16; ).    {.  
	0x20, 0x20, 0x20, 0x20, 0x20, 0x20, 0x5f, 0x37, 0x31, 0x35, 0x5b, 0x5f, 0x31, 0x36, 0x30, 0x34, //       _715[_1604
	0x5d, 0x20, 0x3d, 0x20, 0x5f, 0x6d, 0x74, 0x6c, 0x5f, 0x75, 0x2e, 0x75, 0x43, 0x75, 0x72, 0x76, // ] = _mtl_u.uCurv
	0x65, 0x43, 0x50, 0x5b, 0x5f, 0x31, 0x36, 0x30, 0x34, 0x5d, 0x2e, 0x78, 0x79, 0x7a, 0x3b, 0x0a, // eCP[_1604].xyz;.
	0x20, 0x20, 0x20, 0x20, 0x20, 0x20, 0x20, 0x20, 0x5f, 0x37, 0x31, 0x36, 0x5b, 0x5f, 0x31, 0x36, //         _716[_16
	0x30, 0x34, 0x5d, 0x20, 0x3d, 0x20, 0x66, 0x61, 0x73, 0x74, 0x3a, 0x3a, 0x6d, 0x61, 0x78, 0x28, // 04] = fast::max(
	0x5f, 0x6d, 0x74, 0x6c, 0x5f, 0x75, 0x2e, 0x75, 0x43, 0x75, 0x72, 0x76, 0x65, 0x43, 0x50, 0x5b, // _mtl_u.uCurveCP[
	0x5f, 0x31, 0x36, 0x30, 0x34, 0x5d, 0x2e, 0x77, 0x2c, 0x20, 0x30, 0x2e, 0x30, 0x30, 0x31, 0x30, // _1604].w, 0.0010
	0x30, 0x30, 0x30, 0x30, 0x30, 0x30, 0x34, 0x37, 0x34, 0x39, 0x37, 0x34, 0x35, 0x31, 0x33, 0x30, // 0000004749745130
	0x35, 0x33, 0x38, 0x39, 0x34, 0x30, 0x34, 0x32, 0x39, 0x36, 0x38, 0x37, 0x35, 0x29, 0x3b, 0x0a, // 5389404296875);.
	0x20, 0x20, 0x20, 0x20, 0x20, 0x20, 0x20, 0x20, 0x69, 0x6e, 0x74, 0x20, 0x5f, 0x37, 0x36, 0x37, //         int _767
	0x20, 0x3d, 0x20, 0x5f, 0x31, 0x36, 0x30, 0x34, 0x20, 0x2f, 0x20, 0x34, 0x3b, 0x0a, 0x20, 0x20, //  = _1604 / 4;.  
	0x20, 0x20, 0x20, 0x20, 0x20, 0x20, 0x5f, 0x37, 0x31, 0x37, 0x5b, 0x5f, 0x31, 0x36, 0x30, 0x34, //       _717[_1604
	0x5d, 0x20, 0x3d, 0x20, 0x5f, 0x6d, 0x74, 0x6c, 0x5f, 0x75, 0x2e, 0x75, 0x43, 0x75, 0x72, 0x76, // ] = _mtl_u.uCurv
	0x65, 0x4b, 0x6e, 0x6f, 0x74, 0x5b, 0x5f, 0x37, 0x36, 0x37, 0x5d, 0x5b, 0x5f, 0x31, 0x36, 0x30, // eKnot[_767][_160
	0x34, 0x20, 0x2d, 0x20, 0x28, 0x34, 0x20, 0x2a, 0x20, 0x5f, 0x37, 0x36, 0x37, 0x29, 0x5d, 0x3b, // 4 - (4 * _767)];
	0x0a, 0x20, 0x20, 0x20, 0x20, 0x20, 0x20, 0x20, 0x20, 0x5f, 0x31, 0x36, 0x30, 0x34, 0x2b, 0x2b, // .        _1604++
	0x3b, 0x0a, 0x20, 0x20, 0x20, 0x20, 0x20, 0x20, 0x20, 0x20, 0x63, 0x6f, 0x6e, 0x74, 0x69, 0x6e, // ;.        contin
	0x75, 0x65, 0x3b, 0x0a, 0x20, 0x20, 0x20, 0x20, 0x7d, 0x0a, 0x20, 0x20, 0x20, 0x20, 0x69, 0x6e, // ue;.    }.    in
	0x74, 0x20, 0x5f, 0x37, 0x38, 0x32, 0x20, 0x3d, 0x20, 0x69, 0x6e, 0x74, 0x28, 0x5f, 0x6d, 0x74, // t _782 = int(_mt
	0x6c, 0x5f, 0x75, 0x2e, 0x75, 0x43, 0x75, 0x72, 0x76, 0x65, 0x50, 0x61, 0x72, 0x61, 0x6d, 0x73, // l_u.uCurveParams
	0x2e, 0x78, 0x29, 0x3b, 0x0a, 0x20, 0x20, 0x20, 0x20, 0x69, 0x6e, 0x74, 0x20, 0x5f, 0x37, 0x38, // .x);.    int _78
	0x35, 0x20, 0x3d, 0x20, 0x69, 0x6e, 0x74, 0x28, 0x5f, 0x6d, 0x74, 0x6c, 0x5f, 0x75, 0x2e, 0x75, // 5 = int(_mtl_u.u
	0x43, 0x75, 0x72, 0x76, 0x65, 0x50, 0x61, 0x72, 0x61, 0x6d, 0x73, 0x2e, 0x79, 0x29, 0x3b, 0x0a, // CurveParams.y);.
	0x20, 0x20, 0x20, 0x20, 0x69, 0x6e, 0x74, 0x20, 0x5f, 0x37, 0x38, 0x38, 0x20, 0x3d, 0x20, 0x69, //     int _788 = i
	0x6e, 0x74, 0x28, 0x5f, 0x6d, 0x74, 0x6c, 0x5f, 0x75, 0x2e, 0x75, 0x43, 0x75, 0x72, 0x76, 0x65, // nt(_mtl_u.uCurve
	0x50, 0x61, 0x72, 0x61, 0x6d, 0x73, 0x2e, 0x7a, 0x29, 0x3b, 0x0a, 0x20, 0x20, 0x20, 0x20, 0x66, // Params.z);.    f
	0x6c, 0x6f, 0x61, 0x74, 0x33, 0x20, 0x5f, 0x31, 0x36, 0x36, 0x38, 0x3b, 0x0a, 0x20, 0x20, 0x20, // loat3 _1668;.   
	0x20, 0x69, 0x66, 0x20, 0x28, 0x5f, 0x37, 0x38, 0x32, 0x20, 0x3d, 0x3d, 0x20, 0x30, 0x29, 0x0a, //  if (_782 == 0).
	0x20, 0x20, 0x20, 0x20, 0x7b, 0x0a, 0x20, 0x20, 0x20, 0x20, 0x20, 0x20, 0x20, 0x20, 0x73, 0x70, //     {.        sp
	0x76, 0x55, 0x6e, 0x73, 0x61, 0x66, 0x65, 0x41, 0x72, 0x72, 0x61, 0x79, 0x3c, 0x66, 0x6c, 0x6f, // vUnsafeArray<flo
	0x61, 0x74, 0x33, 0x2c, 0x20, 0x31, 0x36, 0x3e, 0x20, 0x5f, 0x37, 0x32, 0x34, 0x20, 0x3d, 0x20, // at3, 16> _724 = 
	0x5f, 0x37, 0x31, 0x35, 0x3b, 0x0a, 0x20, 0x20, 0x20, 0x20, 0x20, 0x20, 0x20, 0x20, 0x66, 0x6c, // _715;.        fl
	0x6f, 0x61, 0x74, 0x20, 0x5f, 0x38, 0x37, 0x37, 0x20, 0x3d, 0x20, 0x31, 0x2e, 0x30, 0x20, 0x2d, // oat _877 = 1.0 -
	0x20, 0x69, 0x6e, 0x2e, 0x61, 0x5f, 0x70, 0x6f, 0x73, 0x69, 0x74, 0x69, 0x6f, 0x6e, 0x2e, 0x78, //  in.a_position.x
	0x3b, 0x0a, 0x20, 0x20, 0x20, 0x20, 0x20, 0x20, 0x20, 0x20, 0x73, 0x70, 0x76, 0x55, 0x6e, 0x73, // ;.        spvUns
	0x61, 0x66, 0x65, 0x41, 0x72, 0x72, 0x61, 0x79, 0x3c, 0x66, 0x6c, 0x6f, 0x61, 0x74, 0x33, 0x2c, // afeArray<float3,
	0x20, 0x31, 0x36, 0x3e, 0x20, 0x5f, 0x38, 0x37, 0x31, 0x3b, 0x0a, 0x20, 0x20, 0x20, 0x20, 0x20, //  16> _871;.     
	0x20, 0x20, 0x20, 0x66, 0x6f, 0x72, 0x20, 0x28, 0x69, 0x6e, 0x74, 0x20, 0x5f, 0x31, 0x36, 0x36, //    for (int _166
	0x36, 0x20, 0x3d, 0x20, 0x30, 0x3b, 0x20, 0x5f, 0x31, 0x36, 0x36, 0x36, 0x20, 0x3c, 0x3d, 0x20, // 6 = 0; _1666 <= 
	0x5f, 0x37, 0x38, 0x35, 0x3b, 0x20, 0x29, 0x0a, 0x20, 0x20, 0x20, 0x20, 0x20, 0x20, 0x20, 0x20, // _785; ).        
	0x7b, 0x0a, 0x20, 0x20, 0x20, 0x20, 0x20, 0x20, 0x20, 0x20, 0x20, 0x20, 0x20, 0x20, 0x5f, 0x38, // {.            _8
	0x37, 0x31, 0x5b, 0x5f, 0x31, 0x36, 0x36, 0x36, 0x5d, 0x20, 0x3d, 0x20, 0x5f, 0x37, 0x32, 0x34, // 71[_1666] = _724
	0x5b, 0x5f, 0x31, 0x36, 0x36, 0x36, 0x5d, 0x3b, 0x0a, 0x20, 0x20, 0x20, 0x20, 0x20, 0x20, 0x20, // [_1666];.       
	0x20, 0x20, 0x20, 0x20, 0x20, 0x5f, 0x31, 0x36, 0x36, 0x36, 0x2b, 0x2b, 0x3b, 0x0a, 0x20, 0x20, //      _1666++;.  
	0x20, 0x20, 0x20, 0x20, 0x20, 0x20, 0x20, 0x20, 0x20, 0x20, 0x63, 0x6f, 0x6e, 0x74, 0x69, 0x6e, //           contin
	0x75, 0x65, 0x3b, 0x0a, 0x20, 0x20, 0x20, 0x20, 0x20, 0x20, 0x20, 0x20, 0x7d, 0x0a, 0x20, 0x20, // ue;.        }.  
	0x20, 0x20, 0x20, 0x20, 0x20, 0x20, 0x66, 0x6f, 0x72, 0x20, 0x28, 0x69, 0x6e, 0x74, 0x20, 0x5f, //       for (int _
	0x31, 0x36, 0x36, 0x37, 0x20, 0x3d, 0x20, 0x31, 0x3b, 0x20, 0x5f, 0x31, 0x36, 0x36, 0x37, 0x20, // 1667 = 1; _1667 
	0x3c, 0x3d, 0x20, 0x5f, 0x37, 0x38, 0x35, 0x3b, 0x20, 0x5f, 0x31, 0x36, 0x36, 0x37, 0x2b, 0x2b, // <= _785; _1667++
	0x29, 0x0a, 0x20, 0x20, 0x20, 0x20, 0x20, 0x20, 0x20, 0x20, 0x7b, 0x0a, 0x20, 0x20, 0x20, 0x20, // ).        {.    
	0x20, 0x20, 0x20, 0x20, 0x20, 0x20, 0x20, 0x20, 0x66, 0x6f, 0x72, 0x20, 0x28, 0x69, 0x6e, 0x74, //         for (int
	0x20, 0x5f, 0x31, 0x36, 0x37, 0x31, 0x20, 0x3d, 0x20, 0x30, 0x3b, 0x20, 0x5f, 0x31, 0x36, 0x37, //  _1671 = 0; _167
	0x31, 0x20, 0x3c, 0x3d, 0x20, 0x28, 0x5f, 0x37, 0x38, 0x35, 0x20, 0x2d, 0x20, 0x5f, 0x31, 0x36, // 1 <= (_785 - _16
	0x36, 0x37, 0x29, 0x3b, 0x20, 0x29, 0x0a, 0x20, 0x20, 0x20, 0x20, 0x20, 0x20, 0x20, 0x20, 0x20, // 67); ).         
	0x20, 0x20, 0x20, 0x7b, 0x0a, 0x20, 0x20, 0x20, 0x20, 0x20, 0x20, 0x20, 0x20, 0x20, 0x20, 0x20, //    {.           
	0x20, 0x20, 0x20, 0x20, 0x20, 0x69, 0x6e, 0x74, 0x20, 0x5f, 0x39, 0x31, 0x35, 0x20, 0x3d, 0x20, //      int _915 = 
	0x5f, 0x31, 0x36, 0x37, 0x31, 0x20, 0x2b, 0x20, 0x31, 0x3b, 0x0a, 0x20, 0x20, 0x20, 0x20, 0x20, // _1671 + 1;.     
	0x20, 0x20, 0x20, 0x20, 0x20, 0x20, 0x20, 0x20, 0x20, 0x20, 0x20, 0x5f, 0x38, 0x37, 0x31, 0x5b, //            _871[
	0x5f, 0x31, 0x36, 0x37, 0x31, 0x5d, 0x20, 0x3d, 0x20, 0x28, 0x5f, 0x38, 0x37, 0x31, 0x5b, 0x5f, // _1671] = (_871[_
	0x31, 0x36, 0x37, 0x31, 0x5d, 0x20, 0x2a, 0x20, 0x5f, 0x38, 0x37, 0x37, 0x29, 0x20, 0x2b, 0x20, // 1671] * _877) + 
	0x28, 0x5f, 0x38, 0x37, 0x31, 0x5b, 0x5f, 0x39, 0x31, 0x35, 0x5d, 0x20, 0x2a, 0x20, 0x69, 0x6e, // (_871[_915] * in
	0x2e, 0x61, 0x5f, 0x70, 0x6f, 0x73, 0x69, 0x74, 0x69, 0x6f, 0x6e, 0x2e, 0x78, 0x29, 0x3b, 0x0a, // .a_position.x);.
	0x20, 0x20, 0x20, 0x20, 0x20, 0x20, 0x20, 0x20, 0x20, 0x20, 0x20, 0x20, 0x20, 0x20, 0x20, 0x20, //                 
	0x5f, 0x31, 0x36, 0x37, 0x31, 0x20, 0x3d, 0x20, 0x5f, 0x39, 0x31, 0x35, 0x3b, 0x0a, 0x20, 0x20, // _1671 = _915;.  
	0x20, 0x20, 0x20, 0x20, 0x20, 0x20, 0x20, 0x20, 0x20, 0x20, 0x20, 0x20, 0x20, 0x20, 0x63, 0x6f, //               co
	0x6e, 0x74, 0x69, 0x6e, 0x75, 0x65, 0x3b, 0x0a, 0x20, 0x20, 0x20, 0x20, 0x20, 0x20, 0x20, 0x20, // ntinue;.        
	0x20, 0x20, 0x20, 0x20, 0x7d, 0x0a, 0x20, 0x20, 0x20, 0x20, 0x20, 0x20, 0x20, 0x20, 0x7d, 0x0a, //     }.        }.
	0x20, 0x20, 0x20, 0x20, 0x20, 0x20, 0x20, 0x20, 0x5f, 0x31, 0x36, 0x36, 0x38, 0x20, 0x3d, 0x20, //         _1668 = 
	0x5f, 0x38, 0x37, 0x31, 0x5b, 0x30, 0x5d, 0x3b, 0x0a, 0x20, 0x20, 0x20, 0x20, 0x7d, 0x0a, 0x20, // _871[0];.    }. 
	0x20, 0x20, 0x20, 0x65, 0x6c, 0x73, 0x65, 0x0a, 0x20, 0x20, 0x20, 0x20, 0x7b, 0x0a, 0x20, 0x20, //    else.    {.  
	0x20, 0x20, 0x20, 0x20, 0x20, 0x20, 0x66, 0x6c, 0x6f, 0x61, 0x74, 0x33, 0x20, 0x5f, 0x31, 0x36, //       float3 _16
	0x36, 0x39, 0x3b, 0x0a, 0x20, 0x20, 0x20, 0x20, 0x20, 0x20, 0x20, 0x20, 0x69, 0x66, 0x20, 0x28, // 69;.        if (
	0x5f, 0x37, 0x38, 0x32, 0x20, 0x3d, 0x3d, 0x20, 0x31, 0x29, 0x0a, 0x20, 0x20, 0x20, 0x20, 0x20, // _782 == 1).     
	0x20, 0x20, 0x20, 0x7b, 0x0a, 0x20, 0x20, 0x20, 0x20, 0x20, 0x20, 0x20, 0x20, 0x20, 0x20, 0x20, //    {.           
	0x20, 0x73, 0x70, 0x76, 0x55, 0x6e, 0x73, 0x61, 0x66, 0x65, 0x41, 0x72, 0x72, 0x61, 0x79, 0x3c, //  spvUnsafeArray<
	0x66, 0x6c, 0x6f, 0x61, 0x74, 0x33, 0x2c, 0x20, 0x31, 0x36, 0x3e, 0x20, 0x5f, 0x37, 0x32, 0x37, // float3, 16> _727
	0x20, 0x3d, 0x20, 0x5f, 0x37, 0x31, 0x35, 0x3b, 0x0a, 0x20, 0x20, 0x20, 0x20, 0x20, 0x20, 0x20, //  = _715;.       
	0x20, 0x20, 0x20, 0x20, 0x20, 0x69, 0x6e, 0x74, 0x20, 0x5f, 0x39, 0x35, 0x30, 0x20, 0x3d, 0x20, //      int _950 = 
	0x5f, 0x37, 0x38, 0x38, 0x20, 0x2d, 0x20, 0x31, 0x3b, 0x0a, 0x20, 0x20, 0x20, 0x20, 0x20, 0x20, // _788 - 1;.      
	0x20, 0x20, 0x20, 0x20, 0x20, 0x20, 0x69, 0x6e, 0x74, 0x20, 0x5f, 0x39, 0x35, 0x32, 0x20, 0x3d, //       int _952 =
	0x20, 0x31, 0x35, 0x20, 0x2d, 0x20, 0x5f, 0x37, 0x38, 0x35, 0x3b, 0x0a, 0x20, 0x20, 0x20, 0x20, //  15 - _785;.    
	0x20, 0x20, 0x20, 0x20, 0x20, 0x20, 0x20, 0x20, 0x69, 0x6e, 0x74, 0x20, 0x5f, 0x31, 0x36, 0x37, //         int _167
	0x36, 0x20, 0x3d, 0x20, 0x28, 0x5f, 0x39, 0x35, 0x30, 0x20, 0x3e, 0x20, 0x5f, 0x39, 0x35, 0x32, // 6 = (_950 > _952
	0x29, 0x20, 0x3f, 0x20, 0x5f, 0x39, 0x35, 0x32, 0x20, 0x3a, 0x20, 0x5f, 0x39, 0x35, 0x30, 0x3b, // ) ? _952 : _950;
	0x0a, 0x20, 0x20, 0x20, 0x20, 0x20, 0x20, 0x20, 0x20, 0x20, 0x20, 0x20, 0x20, 0x73, 0x70, 0x76, // .            spv
	0x55, 0x6e, 0x73, 0x61, 0x66, 0x65, 0x41, 0x72, 0x72, 0x61, 0x79, 0x3c, 0x66, 0x6c, 0x6f, 0x61, // UnsafeArray<floa
	0x74, 0x2c, 0x20, 0x31, 0x36, 0x3e, 0x20, 0x5f, 0x39, 0x33, 0x34, 0x20, 0x3d, 0x20, 0x5f, 0x37, // t, 16> _934 = _7
	0x31, 0x37, 0x3b, 0x0a, 0x20, 0x20, 0x20, 0x20, 0x20, 0x20, 0x20, 0x20, 0x20, 0x20, 0x20, 0x20, // 17;.            
	0x69, 0x6e, 0x74, 0x20, 0x5f, 0x31, 0x36, 0x34, 0x35, 0x3b, 0x0a, 0x20, 0x20, 0x20, 0x20, 0x20, // int _1645;.     
	0x20, 0x20, 0x20, 0x20, 0x20, 0x20, 0x20, 0x64, 0x6f, 0x0a, 0x20, 0x20, 0x20, 0x20, 0x20, 0x20, //        do.      
	0x20, 0x20, 0x20, 0x20, 0x20, 0x20, 0x7b, 0x0a, 0x20, 0x20, 0x20, 0x20, 0x20, 0x20, 0x20, 0x20, //       {.        
	0x20, 0x20, 0x20, 0x20, 0x20, 0x20, 0x20, 0x20, 0x69, 0x6e, 0x74, 0x20, 0x5f, 0x31, 0x30, 0x31, //         int _101
	0x37, 0x20, 0x3d, 0x20, 0x63, 0x6c, 0x61, 0x6d, 0x70, 0x28, 0x5f, 0x37, 0x38, 0x35, 0x2c, 0x20, // 7 = clamp(_785, 
	0x30, 0x2c, 0x20, 0x31, 0x35, 0x29, 0x3b, 0x0a, 0x20, 0x20, 0x20, 0x20, 0x20, 0x20, 0x20, 0x20, // 0, 15);.        
	0x20, 0x20, 0x20, 0x20, 0x20, 0x20, 0x20, 0x20, 0x69, 0x6e, 0x74, 0x20, 0x5f, 0x31, 0x30, 0x32, //         int _102
	0x30, 0x20, 0x3d, 0x20, 0x63, 0x6c, 0x61, 0x6d, 0x70, 0x28, 0x5f, 0x39, 0x35, 0x30, 0x2c, 0x20, // 0 = clamp(_950, 
	0x5f, 0x31, 0x30, 0x31, 0x37, 0x2c, 0x20, 0x31, 0x35, 0x29, 0x3b, 0x0a, 0x20, 0x20, 0x20, 0x20, // _1017, 15);.    
	0x20, 0x20, 0x20, 0x20, 0x20, 0x20, 0x20, 0x20, 0x20, 0x20, 0x20, 0x20, 0x69, 0x6e, 0x74, 0x20, //             int 
	0x5f, 0x31, 0x30, 0x32, 0x33, 0x20, 0x3d, 0x20, 0x5f, 0x37, 0x38, 0x38, 0x20, 0x2b, 0x20, 0x5f, // _1023 = _788 + _
	0x37, 0x38, 0x35, 0x3b, 0x0a, 0x20, 0x20, 0x20, 0x20, 0x20, 0x20, 0x20, 0x20, 0x20, 0x20, 0x20, // 785;.           
	0x20, 0x20, 0x20, 0x20, 0x20, 0x69, 0x6e, 0x74, 0x20, 0x5f, 0x31, 0x36, 0x37, 0x38, 0x20, 0x3d, //      int _1678 =
	0x20, 0x28, 0x5f, 0x31, 0x30, 0x32, 0x33, 0x20, 0x3e, 0x20, 0x31, 0x35, 0x29, 0x20, 0x3f, 0x20, //  (_1023 > 15) ? 
	0x31, 0x35, 0x20, 0x3a, 0x20, 0x5f, 0x31, 0x30, 0x32, 0x33, 0x3b, 0x0a, 0x20, 0x20, 0x20, 0x20, // 15 : _1023;.    
	0x20, 0x20, 0x20, 0x20, 0x20, 0x20, 0x20, 0x20, 0x20, 0x20, 0x20, 0x20, 0x69, 0x66, 0x20, 0x28, //             if (
	0x69, 0x6e, 0x2e, 0x61, 0x5f, 0x70, 0x6f, 0x73, 0x69, 0x74, 0x69, 0x6f, 0x6e, 0x2e, 0x78, 0x20, // in.a_position.x 
	0x3e, 0x3d, 0x20, 0x5f, 0x39, 0x33, 0x34, 0x5b, 0x28, 0x5f, 0x31, 0x36, 0x37, 0x38, 0x20, 0x3c, // >= _934[(_1678 <
	0x20, 0x30, 0x29, 0x20, 0x3f, 0x20, 0x30, 0x20, 0x3a, 0x20, 0x5f, 0x31, 0x36, 0x37, 0x38, 0x5d, //  0) ? 0 : _1678]
	0x29, 0x0a, 0x20, 0x20, 0x20, 0x20, 0x20, 0x20, 0x20, 0x20, 0x20, 0x20, 0x20, 0x20, 0x20, 0x20, // ).              
	0x20, 0x20, 0x7b, 0x0a, 0x20, 0x20, 0x20, 0x20, 0x20, 0x20, 0x20, 0x20, 0x20, 0x20, 0x20, 0x20, //   {.            
	0x20, 0x20, 0x20, 0x20, 0x20, 0x20, 0x20, 0x20, 0x5f, 0x31, 0x36, 0x34, 0x35, 0x20, 0x3d, 0x20, //         _1645 = 
	0x5f, 0x31, 0x30, 0x32, 0x30, 0x3b, 0x0a, 0x20, 0x20, 0x20, 0x20, 0x20, 0x20, 0x20, 0x20, 0x20, // _1020;.         
	0x20, 0x20, 0x20, 0x20, 0x20, 0x20, 0x20, 0x20, 0x20, 0x20, 0x20, 0x62, 0x72, 0x65, 0x61, 0x6b, //            break
	0x3b, 0x0a, 0x20, 0x20, 0x20, 0x20, 0x20, 0x20, 0x20, 0x20, 0x20, 0x20, 0x20, 0x20, 0x20, 0x20, // ;.              
	0x20, 0x20, 0x7d, 0x0a, 0x20, 0x20, 0x20, 0x20, 0x20, 0x20, 0x20, 0x20, 0x20, 0x20, 0x20, 0x20, //   }.            
	0x20, 0x20, 0x20, 0x20, 0x69, 0x66, 0x20, 0x28, 0x69, 0x6e, 0x2e, 0x61, 0x5f, 0x70, 0x6f, 0x73, //     if (in.a_pos
	0x69, 0x74, 0x69, 0x6f, 0x6e, 0x2e, 0x78, 0x20, 0x3c, 0x3d, 0x20, 0x5f, 0x39, 0x33, 0x34, 0x5b, // ition.x <= _934[
	0x5f, 0x37, 0x38, 0x35, 0x5d, 0x29, 0x0a, 0x20, 0x20, 0x20, 0x20, 0x20, 0x20, 0x20, 0x20, 0x20, // _785]).         
	0x20, 0x20, 0x20, 0x20, 0x20, 0x20, 0x20, 0x7b, 0x0a, 0x20, 0x20, 0x20, 0x20, 0x20, 0x20, 0x20, //        {.       
	0x20, 0x20, 0x20, 0x20, 0x20, 0x20, 0x20, 0x20, 0x20, 0x20, 0x20, 0x20, 0x20, 0x5f, 0x31, 0x36, //              _16
	0x34, 0x35, 0x20, 0x3d, 0x20, 0x5f, 0x31, 0x30, 0x31, 0x37, 0x3b, 0x0a, 0x20, 0x20, 0x20, 0x20, // 45 = _1017;.    
	0x20, 0x20, 0x20, 0x20, 0x20, 0x20, 0x20, 0x20, 0x20, 0x20, 0x20, 0x20, 0x20, 0x20, 0x20, 0x20, //                 
	0x62, 0x72, 0x65, 0x61, 0x6b, 0x3b, 0x0a, 0x20, 0x20, 0x20, 0x20, 0x20, 0x20, 0x20, 0x20, 0x20, // break;.         
	0x20, 0x20, 0x20, 0x20, 0x20, 0x20, 0x20, 0x7d, 0x0a, 0x20, 0x20, 0x20, 0x20, 0x20, 0x20, 0x20, //        }.       
	0x20, 0x20, 0x20, 0x20, 0x20, 0x20, 0x20, 0x20, 0x20, 0x69, 0x6e, 0x74, 0x20, 0x5f, 0x31, 0x30, //          int _10
	0x35, 0x37, 0x3b, 0x0a, 0x20, 0x20, 0x20, 0x20, 0x20, 0x20, 0x20, 0x20, 0x20, 0x20, 0x20, 0x20, // 57;.            
	0x20, 0x20, 0x20, 0x20, 0x62, 0x6f, 0x6f, 0x6c, 0x20, 0x5f, 0x31, 0x36, 0x34, 0x31, 0x3b, 0x0a, //     bool _1641;.
	0x20, 0x20, 0x20, 0x20, 0x20, 0x20, 0x20, 0x20, 0x20, 0x20, 0x20, 0x20, 0x20, 0x20, 0x20, 0x20, //                 
	0x69, 0x6e, 0x74, 0x20, 0x5f, 0x31, 0x36, 0x34, 0x36, 0x3b, 0x0a, 0x20, 0x20, 0x20, 0x20, 0x20, // int _1646;.     
	0x20, 0x20, 0x20, 0x20, 0x20, 0x20, 0x20, 0x20, 0x20, 0x20, 0x20, 0x69, 0x6e, 0x74, 0x20, 0x5f, //            int _
	0x31, 0x36, 0x34, 0x30, 0x20, 0x3d, 0x20, 0x5f, 0x31, 0x30, 0x31, 0x37, 0x3b, 0x0a, 0x20, 0x20, // 1640 = _1017;.  
	0x20, 0x20, 0x20, 0x20, 0x20, 0x20, 0x20, 0x20, 0x20, 0x20, 0x20, 0x20, 0x20, 0x20, 0x66, 0x6f, //               fo
	0x72, 0x20, 0x28, 0x3b, 0x3b, 0x29, 0x0a, 0x20, 0x20, 0x20, 0x20, 0x20, 0x20, 0x20, 0x20, 0x20, // r (;;).         
	0x20, 0x20, 0x20, 0x20, 0x20, 0x20, 0x20, 0x7b, 0x0a, 0x20, 0x20, 0x20, 0x20, 0x20, 0x20, 0x20, //        {.       
	0x20, 0x20, 0x20, 0x20, 0x20, 0x20, 0x20, 0x20, 0x20, 0x20, 0x20, 0x20, 0x20, 0x69, 0x66, 0x20, //              if 
	0x28, 0x5f, 0x31, 0x36, 0x34, 0x30, 0x20, 0x3c, 0x20, 0x5f, 0x31, 0x30, 0x32, 0x30, 0x29, 0x0a, // (_1640 < _1020).
	0x20, 0x20, 0x20, 0x20, 0x20, 0x20, 0x20, 0x20, 0x20, 0x20, 0x20, 0x20, 0x20, 0x20, 0x20, 0x20, //                 
	0x20, 0x20, 0x20, 0x20, 0x7b, 0x0a, 0x20, 0x20, 0x20, 0x20, 0x20, 0x20, 0x20, 0x20, 0x20, 0x20, //     {.          
	0x20, 0x20, 0x20, 0x20, 0x20, 0x20, 0x20, 0x20, 0x20, 0x20, 0x20, 0x20, 0x20, 0x20, 0x5f, 0x31, //               _1
	0x30, 0x35, 0x37, 0x20, 0x3d, 0x20, 0x5f, 0x31, 0x36, 0x34, 0x30, 0x20, 0x2b, 0x20, 0x31, 0x3b, // 057 = _1640 + 1;
	0x0a, 0x20, 0x20, 0x20, 0x20, 0x20, 0x20, 0x20, 0x20, 0x20, 0x20, 0x20, 0x20, 0x20, 0x20, 0x20, // .               
	0x20, 0x20, 0x20, 0x20, 0x20, 0x20, 0x20, 0x20, 0x20, 0x69, 0x66, 0x20, 0x28, 0x69, 0x6e, 0x2e, //          if (in.
	0x61, 0x5f, 0x70, 0x6f, 0x73, 0x69, 0x74, 0x69, 0x6f, 0x6e, 0x2e, 0x78, 0x20, 0x3c, 0x20, 0x5f, // a_position.x < _
	0x39, 0x33, 0x34, 0x5b, 0x5f, 0x31, 0x30, 0x35, 0x37, 0x5d, 0x29, 0x0a, 0x20, 0x20, 0x20, 0x20, // 934[_1057]).    
	0x20, 0x20, 0x20, 0x20, 0x20, 0x20, 0x20, 0x20, 0x20, 0x20, 0x20, 0x20, 0x20, 0x20, 0x20, 0x20, //                 
	0x20, 0x20, 0x20, 0x20, 0x7b, 0x0a, 0x20, 0x20, 0x20, 0x20, 0x20, 0x20, 0x20, 0x20, 0x20, 0x20, //     {.          
	0x20, 0x20, 0x20, 0x20, 0x20, 0x20, 0x20, 0x20, 0x20, 0x20, 0x20, 0x20, 0x20, 0x20, 0x20, 0x20, //                 
	0x20, 0x20, 0x5f, 0x31, 0x36, 0x34, 0x36, 0x20, 0x3d, 0x20, 0x5f, 0x31, 0x36, 0x34, 0x30, 0x3b, //   _1646 = _1640;
	0x0a, 0x20, 0x20, 0x20, 0x20, 0x20, 0x20, 0x20, 0x20, 0x20, 0x20, 0x20, 0x20, 0x20, 0x20, 0x20, // .               
	0x20, 0x20, 0x20, 0x20, 0x20, 0x20, 0x20, 0x20, 0x20, 0x20, 0x20, 0x20, 0x20, 0x5f, 0x31, 0x36, //              _16
	0x34, 0x31, 0x20, 0x3d, 0x20, 0x74, 0x72, 0x75, 0x65, 0x3b, 0x0a, 0x20, 0x20, 0x20, 0x20, 0x20, // 41 = true;.     
	0x20, 0x20, 0x20, 0x20, 0x20, 0x20, 0x20, 0x20, 0x20, 0x20, 0x20, 0x20, 0x20, 0x20, 0x20, 0x20, //                 
	0x20, 0x20, 0x20, 0x20, 0x20, 0x20, 0x20, 0x62, 0x72, 0x65, 0x61, 0x6b, 0x3b, 0x0a, 0x20, 0x20, //        break;.  
	0x20, 0x20, 0x20, 0x20, 0x20, 0x20, 0x20, 0x20, 0x20, 0x20, 0x20, 0x20, 0x20, 0x20, 0x20, 0x20, //                 
	0x20, 0x20, 0x20, 0x20, 0x20, 0x20, 0x7d, 0x0a, 0x20, 0x20, 0x20, 0x20, 0x20, 0x20, 0x20, 0x20, //       }.        
	0x20, 0x20, 0x20, 0x20, 0x20, 0x20, 0x20, 0x20, 0x20, 0x20, 0x20, 0x20, 0x20, 0x20, 0x20, 0x20, //                 
	0x5f, 0x31, 0x36, 0x34, 0x30, 0x20, 0x3d, 0x20, 0x5f, 0x31, 0x30, 0x35, 0x37, 0x3b, 0x0a, 0x20, // _1640 = _1057;. 
	0x20, 0x20, 0x20, 0x20, 0x20, 0x20, 0x20, 0x20, 0x20, 0x20, 0x20, 0x20, 0x20, 0x20, 0x20, 0x20, //                 
	0x20, 0x20, 0x20, 0x20, 0x20, 0x20, 0x20, 0x63, 0x6f, 0x6e, 0x74, 0x69, 0x6e, 0x75, 0x65, 0x3b, //        continue;
	0x0a, 0x20, 0x20, 0x20, 0x20, 0x20, 0x20, 0x20, 0x20, 0x20, 0x20, 0x20, 0x20, 0x20, 0x20, 0x20, // .               
	0x20, 0x20, 0x20, 0x20, 0x20, 0x7d, 0x0a, 0x20, 0x20, 0x20, 0x20, 0x20, 0x20, 0x20, 0x20, 0x20, //      }.         
	0x20, 0x20, 0x20, 0x20, 0x20, 0x20, 0x20, 0x20, 0x20, 0x20, 0x20, 0x65, 0x6c, 0x73, 0x65, 0x0a, //            else.
	0x20, 0x20, 0x20, 0x20, 0x20, 0x20, 0x20, 0x20, 0x20, 0x20, 0x20, 0x20, 0x20, 0x20, 0x20, 0x20, //                 
	0x20, 0x20, 0x20, 0x20, 0x7b, 0x0a, 0x20, 0x20, 0x20, 0x20, 0x20, 0x20, 0x20, 0x20, 0x20, 0x20, //     {.          
	0x20, 0x20, 0x20, 0x20, 0x20, 0x20, 0x20, 0x20, 0x20, 0x20, 0x20, 0x20, 0x20, 0x20, 0x5f, 0x31, //               _1
	0x36, 0x34, 0x36, 0x20, 0x3d, 0x20, 0x5f, 0x31, 0x36, 0x32, 0x31, 0x3b, 0x0a, 0x20, 0x20, 0x20, // 646 = _1621;.   
	0x20, 0x20, 0x20, 0x20, 0x20, 0x20, 0x20, 0x20, 0x20, 0x20, 0x20, 0x20, 0x20, 0x20, 0x20, 0x20, //                 
	0x20, 0x20, 0x20, 0x20, 0x20, 0x5f, 0x31, 0x36, 0x34, 0x31, 0x20, 0x3d, 0x20, 0x66, 0x61, 0x6c, //      _1641 = fal
	0x73, 0x65, 0x3b, 0x0a, 0x20, 0x20, 0x20, 0x20, 0x20, 0x20, 0x20, 0x20, 0x20, 0x20, 0x20, 0x20, // se;.            
	0x20, 0x20, 0x20, 0x20, 0x20, 0x20, 0x20, 0x20, 0x20, 0x20, 0x20, 0x20, 0x62, 0x72, 0x65, 0x61, //             brea
	0x6b, 0x3b, 0x0a, 0x20, 0x20, 0x20, 0x20, 0x20, 0x20, 0x20, 0x20, 0x20, 0x20, 0x20, 0x20, 0x20, // k;.             
	0x20, 0x20, 0x20, 0x20, 0x20, 0x20, 0x20, 0x7d, 0x0a, 0x20, 0x20, 0x20, 0x20, 0x20, 0x20, 0x20, //        }.       
	0x20, 0x20, 0x20, 0x20, 0x20, 0x20, 0x20, 0x20, 0x20, 0x7d, 0x0a, 0x20, 0x20, 0x20, 0x20, 0x20, //          }.     
	0x20, 0x20, 0x20, 0x20, 0x20, 0x20, 0x20, 0x20, 0x20, 0x20, 0x20, 0x69, 0x66, 0x20, 0x28, 0x5f, //            if (_
	0x31, 0x36, 0x34, 0x31, 0x29, 0x0a, 0x20, 0x20, 0x20, 0x20, 0x20, 0x20, 0x20, 0x20, 0x20, 0x20, // 1641).          
	0x20, 0x20, 0x20, 0x20, 0x20, 0x20, 0x7b, 0x0a, 0x20, 0x20, 0x20, 0x20, 0x20, 0x20, 0x20, 0x20, //       {.        
	0x20, 0x20, 0x20, 0x20, 0x20, 0x20, 0x20, 0x20, 0x20, 0x20, 0x20, 0x20, 0x5f, 0x31, 0x36, 0x34, //             _164
	0x35, 0x20, 0x3d, 0x20, 0x5f, 0x31, 0x36, 0x34, 0x36, 0x3b, 0x0a, 0x20, 0x20, 0x20, 0x20, 0x20, // 5 = _1646;.     
	0x20, 0x20, 0x20, 0x20, 0x20, 0x20, 0x20, 0x20, 0x20, 0x20, 0x20, 0x20, 0x20, 0x20, 0x20, 0x62, //                b
	0x72, 0x65, 0x61, 0x6b, 0x3b, 0x0a, 0x20, 0x20, 0x20, 0x20, 0x20, 0x20, 0x20, 0x20, 0x20, 0x20, // reak;.          
	0x20, 0x20, 0x20, 0x20, 0x20, 0x20, 0x7d, 0x0a, 0x20, 0x20, 0x20, 0x20, 0x20, 0x20, 0x20, 0x20, //       }.        
	0x20, 0x20, 0x20, 0x20, 0x20, 0x20, 0x20, 0x20, 0x5f, 0x31, 0x36, 0x34, 0x35, 0x20, 0x3d, 0x20, //         _1645 = 
	0x5f, 0x31, 0x30, 0x32, 0x30, 0x3b, 0x0a, 0x20, 0x20, 0x20, 0x20, 0x20, 0x20, 0x20, 0x20, 0x20, // _1020;.         
	0x20, 0x20, 0x20, 0x20, 0x20, 0x20, 0x20, 0x62, 0x72, 0x65, 0x61, 0x6b, 0x3b, 0x0a, 0x20, 0x20, //        break;.  
	0x20, 0x20, 0x20, 0x20, 0x20, 0x20, 0x20, 0x20, 0x20, 0x20, 0x7d, 0x20, 0x77, 0x68, 0x69, 0x6c, //           } whil
	0x65, 0x28, 0x66, 0x61, 0x6c, 0x73, 0x65, 0x29, 0x3b, 0x0a, 0x20, 0x20, 0x20, 0x20, 0x20, 0x20, // e(false);.      
	0x20, 0x20, 0x20, 0x20, 0x20, 0x20, 0x69, 0x6e, 0x74, 0x20, 0x5f, 0x39, 0x37, 0x32, 0x20, 0x3d, //       int _972 =
	0x20, 0x63, 0x6c, 0x61, 0x6d, 0x70, 0x28, 0x5f, 0x31, 0x36, 0x34, 0x35, 0x2c, 0x20, 0x5f, 0x37, //  clamp(_1645, _7
	0x38, 0x35, 0x2c, 0x20, 0x28, 0x5f, 0x31, 0x36, 0x37, 0x36, 0x20, 0x3c, 0x20, 0x5f, 0x37, 0x38, // 85, (_1676 < _78
	0x35, 0x29, 0x20, 0x3f, 0x20, 0x5f, 0x37, 0x38, 0x35, 0x20, 0x3a, 0x20, 0x5f, 0x31, 0x36, 0x37, // 5) ? _785 : _167
	0x36, 0x29, 0x3b, 0x0a, 0x20, 0x20, 0x20, 0x20, 0x20, 0x20, 0x20, 0x20, 0x20, 0x20, 0x20, 0x20, // 6);.            
	0x73, 0x70, 0x76, 0x55, 0x6e, 0x73, 0x61, 0x66, 0x65, 0x41, 0x72, 0x72, 0x61, 0x79, 0x3c, 0x66, // spvUnsafeArray<f
	0x6c, 0x6f, 0x61, 0x74, 0x2c, 0x20, 0x31, 0x36, 0x3e, 0x20, 0x5f, 0x39, 0x34, 0x31, 0x20, 0x3d, // loat, 16> _941 =
	0x20, 0x5f, 0x37, 0x31, 0x37, 0x3b, 0x0a, 0x20, 0x20, 0x20, 0x20, 0x20, 0x20, 0x20, 0x20, 0x20, //  _717;.         
	0x20, 0x20, 0x20, 0x73, 0x70, 0x76, 0x55, 0x6e, 0x73, 0x61, 0x66, 0x65, 0x41, 0x72, 0x72, 0x61, //    spvUnsafeArra
	0x79, 0x3c, 0x66, 0x6c, 0x6f, 0x61, 0x74, 0x2c, 0x20, 0x31, 0x36, 0x3e, 0x20, 0x5f, 0x39, 0x34, // y<float, 16> _94
	0x35, 0x3b, 0x0a, 0x20, 0x20, 0x20, 0x20, 0x20, 0x20, 0x20, 0x20, 0x20, 0x20, 0x20, 0x20, 0x5f, // 5;.            _
	0x39, 0x34, 0x35, 0x5b, 0x30, 0x5d, 0x20, 0x3d, 0x20, 0x31, 0x2e, 0x30, 0x3b, 0x0a, 0x20, 0x20, // 945[0] = 1.0;.  
	0x20, 0x20, 0x20, 0x20, 0x20, 0x20, 0x20, 0x20, 0x20, 0x20, 0x69, 0x6e, 0x74, 0x20, 0x5f, 0x31, //           int _1
	0x36, 0x35, 0x39, 0x3b, 0x0a, 0x20, 0x20, 0x20, 0x20, 0x20, 0x20, 0x20, 0x20, 0x20, 0x20, 0x20, // 659;.           
	0x20, 0x5f, 0x31, 0x36, 0x35, 0x39, 0x20, 0x3d, 0x20, 0x31, 0x3b, 0x0a, 0x20, 0x20, 0x20, 0x20, //  _1659 = 1;.    
	0x20, 0x20, 0x20, 0x20, 0x20, 0x20, 0x20, 0x20, 0x73, 0x70, 0x76, 0x55, 0x6e, 0x73, 0x61, 0x66, //         spvUnsaf
	0x65, 0x41, 0x72, 0x72, 0x61, 0x79, 0x3c, 0x66, 0x6c, 0x6f, 0x61, 0x74, 0x2c, 0x20, 0x31, 0x36, // eArray<float, 16
	0x3e, 0x20, 0x5f, 0x31, 0x30, 0x37, 0x38, 0x3b, 0x0a, 0x20, 0x20, 0x20, 0x20, 0x20, 0x20, 0x20, // > _1078;.       
	0x20, 0x20, 0x20, 0x20, 0x20, 0x73, 0x70, 0x76, 0x55, 0x6e, 0x73, 0x61, 0x66, 0x65, 0x41, 0x72, //      spvUnsafeAr
	0x72, 0x61, 0x79, 0x3c, 0x66, 0x6c, 0x6f, 0x61, 0x74, 0x2c, 0x20, 0x31, 0x36, 0x3e, 0x20, 0x5f, // ray<float, 16> _
	0x31, 0x30, 0x37, 0x39, 0x3b, 0x0a, 0x20, 0x20, 0x20, 0x20, 0x20, 0x20, 0x20, 0x20, 0x20, 0x20, // 1079;.          
	0x20, 0x20, 0x66, 0x6f, 0x72, 0x20, 0x28, 0x3b, 0x20, 0x5f, 0x31, 0x36, 0x35, 0x39, 0x20, 0x3c, //   for (; _1659 <
	0x3d, 0x20, 0x5f, 0x37, 0x38, 0x35, 0x3b, 0x20, 0x5f, 0x31, 0x36, 0x35, 0x39, 0x2b, 0x2b, 0x29, // = _785; _1659++)
	0x0a, 0x20, 0x20, 0x20, 0x20, 0x20, 0x20, 0x20, 0x20, 0x20, 0x20, 0x20, 0x20, 0x7b, 0x0a, 0x20, // .            {. 
	0x20, 0x20, 0x20, 0x20, 0x20, 0x20, 0x20, 0x20, 0x20, 0x20, 0x20, 0x20, 0x20, 0x20, 0x20, 0x5f, //                _
	0x31, 0x30, 0x37, 0x38, 0x5b, 0x5f, 0x31, 0x36, 0x35, 0x39, 0x5d, 0x20, 0x3d, 0x20, 0x69, 0x6e, // 1078[_1659] = in
	0x2e, 0x61, 0x5f, 0x70, 0x6f, 0x73, 0x69, 0x74, 0x69, 0x6f, 0x6e, 0x2e, 0x78, 0x20, 0x2d, 0x20, // .a_position.x - 
	0x5f, 0x39, 0x34, 0x31, 0x5b, 0x28, 0x5f, 0x39, 0x37, 0x32, 0x20, 0x2b, 0x20, 0x31, 0x29, 0x20, // _941[(_972 + 1) 
	0x2d, 0x20, 0x5f, 0x31, 0x36, 0x35, 0x39, 0x5d, 0x3b, 0x0a, 0x20, 0x20, 0x20, 0x20, 0x20, 0x20, // - _1659];.      
	0x20, 0x20, 0x20, 0x20, 0x20, 0x20, 0x20, 0x20, 0x20, 0x20, 0x5f, 0x31, 0x30, 0x37, 0x39, 0x5b, //           _1079[
	0x5f, 0x31, 0x36, 0x35, 0x39, 0x5d, 0x20, 0x3d, 0x20, 0x5f, 0x39, 0x34, 0x31, 0x5b, 0x5f, 0x39, // _1659] = _941[_9
	0x37, 0x32, 0x20, 0x2b, 0x20, 0x5f, 0x31, 0x36, 0x35, 0x39, 0x5d, 0x20, 0x2d, 0x20, 0x69, 0x6e, // 72 + _1659] - in
	0x2e, 0x61, 0x5f, 0x70, 0x6f, 0x73, 0x69, 0x74, 0x69, 0x6f, 0x6e, 0x2e, 0x78, 0x3b, 0x0a, 0x20, // .a_position.x;. 
	0x20, 0x20, 0x20, 0x20, 0x20, 0x20, 0x20, 0x20, 0x20, 0x20, 0x20, 0x20, 0x20, 0x20, 0x20, 0x66, //                f
	0x6c, 0x6f, 0x61, 0x74, 0x20, 0x5f, 0x31, 0x36, 0x36, 0x35, 0x3b, 0x0a, 0x20, 0x20, 0x20, 0x20, // loat _1665;.    
	0x20, 0x20, 0x20, 0x20, 0x20, 0x20, 0x20, 0x20, 0x20, 0x20, 0x20, 0x20, 0x5f, 0x31, 0x36, 0x36, //             _166
	0x35, 0x20, 0x3d, 0x20, 0x30, 0x2e, 0x30, 0x3b, 0x0a, 0x20, 0x20, 0x20, 0x20, 0x20, 0x20, 0x20, // 5 = 0.0;.       
	0x20, 0x20, 0x20, 0x20, 0x20, 0x20, 0x20, 0x20, 0x20, 0x66, 0x6f, 0x72, 0x20, 0x28, 0x69, 0x6e, //          for (in
	0x74, 0x20, 0x5f, 0x31, 0x36, 0x36, 0x33, 0x20, 0x3d, 0x20, 0x30, 0x3b, 0x20, 0x5f, 0x31, 0x36, // t _1663 = 0; _16
	0x36, 0x33, 0x20, 0x3c, 0x20, 0x5f, 0x31, 0x36, 0x35, 0x39, 0x3b, 0x20, 0x29, 0x0a, 0x20, 0x20, // 63 < _1659; ).  
	0x20, 0x20, 0x20, 0x20, 0x20, 0x20, 0x20, 0x20, 0x20, 0x20, 0x20, 0x20, 0x20, 0x20, 0x7b, 0x0a, //               {.
	0x20, 0x20, 0x20, 0x20, 0x20, 0x20, 0x20, 0x20, 0x20, 0x20, 0x20, 0x20, 0x20, 0x20, 0x20, 0x20, //                 
	0x20, 0x20, 0x20, 0x20, 0x69, 0x6e, 0x74, 0x20, 0x5f, 0x31, 0x31, 0x31, 0x38, 0x20, 0x3d, 0x20, //     int _1118 = 
	0x5f, 0x31, 0x36, 0x36, 0x33, 0x20, 0x2b, 0x20, 0x31, 0x3b, 0x0a, 0x20, 0x20, 0x20, 0x20, 0x20, // _1663 + 1;.     
	0x20, 0x20, 0x20, 0x20, 0x20, 0x20, 0x20, 0x20, 0x20, 0x20, 0x20, 0x20, 0x20, 0x20, 0x20, 0x69, //                i
	0x6e, 0x74, 0x20, 0x5f, 0x31, 0x31, 0x32, 0x33, 0x20, 0x3d, 0x20, 0x5f, 0x31, 0x36, 0x35, 0x39, // nt _1123 = _1659
	0x20, 0x2d, 0x20, 0x5f, 0x31, 0x36, 0x36, 0x33, 0x3b, 0x0a, 0x20, 0x20, 0x20, 0x20, 0x20, 0x20, //  - _1663;.      
	0x20, 0x20, 0x20, 0x20, 0x20, 0x20, 0x20, 0x20, 0x20, 0x20, 0x20, 0x20, 0x20, 0x20, 0x66, 0x6c, //               fl
	0x6f, 0x61, 0x74, 0x20, 0x5f, 0x31, 0x31, 0x32, 0x36, 0x20, 0x3d, 0x20, 0x5f, 0x31, 0x30, 0x37, // oat _1126 = _107
	0x39, 0x5b, 0x5f, 0x31, 0x31, 0x31, 0x38, 0x5d, 0x20, 0x2b, 0x20, 0x5f, 0x31, 0x30, 0x37, 0x38, // 9[_1118] + _1078
	0x5b, 0x5f, 0x31, 0x31, 0x32, 0x33, 0x5d, 0x3b, 0x0a, 0x20, 0x20, 0x20, 0x20, 0x20, 0x20, 0x20, // [_1123];.       
	0x20, 0x20, 0x20, 0x20, 0x20, 0x20, 0x20, 0x20, 0x20, 0x20, 0x20, 0x20, 0x20, 0x66, 0x6c, 0x6f, //              flo
	0x61, 0x74, 0x20, 0x5f, 0x31, 0x31, 0x33, 0x31, 0x20, 0x3d, 0x20, 0x5f, 0x39, 0x34, 0x35, 0x5b, // at _1131 = _945[
	0x5f, 0x31, 0x36, 0x36, 0x33, 0x5d, 0x3b, 0x0a, 0x20, 0x20, 0x20, 0x20, 0x20, 0x20, 0x20, 0x20, // _1663];.        
	0x20, 0x20, 0x20, 0x20, 0x20, 0x20, 0x20, 0x20, 0x20, 0x20, 0x20, 0x20, 0x66, 0x6c, 0x6f, 0x61, //             floa
	0x74, 0x20, 0x5f, 0x31, 0x31, 0x33, 0x34, 0x20, 0x3d, 0x20, 0x28, 0x5f, 0x31, 0x31, 0x32, 0x36, // t _1134 = (_1126
	0x20, 0x21, 0x3d, 0x20, 0x30, 0x2e, 0x30, 0x29, 0x20, 0x3f, 0x20, 0x28, 0x5f, 0x31, 0x31, 0x33, //  != 0.0) ? (_113
	0x31, 0x20, 0x2f, 0x20, 0x5f, 0x31, 0x31, 0x32, 0x36, 0x29, 0x20, 0x3a, 0x20, 0x30, 0x2e, 0x30, // 1 / _1126) : 0.0
	0x3b, 0x0a, 0x20, 0x20, 0x20, 0x20, 0x20, 0x20, 0x20, 0x20, 0x20, 0x20, 0x20, 0x20, 0x20, 0x20, // ;.              
	0x20, 0x20, 0x20, 0x20, 0x20, 0x20, 0x5f, 0x39, 0x34, 0x35, 0x5b, 0x5f, 0x31, 0x36, 0x36, 0x33, //       _945[_1663
	0x5d, 0x20, 0x3d, 0x20, 0x5f, 0x31, 0x36, 0x36, 0x35, 0x20, 0x2b, 0x20, 0x28, 0x5f, 0x31, 0x30, // ] = _1665 + (_10
	0x37, 0x39, 0x5b, 0x5f, 0x31, 0x31, 0x31, 0x38, 0x5d, 0x20, 0x2a, 0x20, 0x5f, 0x31, 0x31, 0x33, // 79[_1118] * _113
	0x34, 0x29, 0x3b, 0x0a, 0x20, 0x20, 0x20, 0x20, 0x20, 0x20, 0x20, 0x20, 0x20, 0x20, 0x20, 0x20, // 4);.            
	0x20, 0x20, 0x20, 0x20, 0x20, 0x20, 0x20, 0x20, 0x5f, 0x31, 0x36, 0x36, 0x35, 0x20, 0x3d, 0x20, //         _1665 = 
	0x5f, 0x31, 0x30, 0x37, 0x38, 0x5b, 0x5f, 0x31, 0x31, 0x32, 0x33, 0x5d, 0x20, 0x2a, 0x20, 0x5f, // _1078[_1123] * _
	0x31, 0x31, 0x33, 0x34, 0x3b, 0x0a, 0x20, 0x20, 0x20, 0x20, 0x20, 0x20, 0x20, 0x20, 0x20, 0x20, // 1134;.          
	0x20, 0x20, 0x20, 0x20, 0x20, 0x20, 0x20, 0x20, 0x20, 0x20, 0x5f, 0x31, 0x36, 0x36, 0x33, 0x20, //           _1663 
	0x3d, 0x20, 0x5f, 0x31, 0x31, 0x31, 0x38, 0x3b, 0x0a, 0x20, 0x20, 0x20, 0x20, 0x20, 0x20, 0x20, // = _1118;.       
	0x20, 0x20, 0x20, 0x20, 0x20, 0x20, 0x20, 0x20, 0x20, 0x20, 0x20, 0x20, 0x20, 0x63, 0x6f, 0x6e, //              con
	0x74, 0x69, 0x6e, 0x75, 0x65, 0x3b, 0x0a, 0x20, 0x20, 0x20, 0x20, 0x20, 0x20, 0x20, 0x20, 0x20, // tinue;.         
	0x20, 0x20, 0x20, 0x20, 0x20, 0x20, 0x20, 0x7d, 0x0a, 0x20, 0x20, 0x20, 0x20, 0x20, 0x20, 0x20, //        }.       
	0x20, 0x20, 0x20, 0x20, 0x20, 0x20, 0x20, 0x20, 0x20, 0x5f, 0x39, 0x34, 0x35, 0x5b, 0x5f, 0x31, //          _945[_1
	0x36, 0x35, 0x39, 0x5d, 0x20, 0x3d, 0x20, 0x5f, 0x31, 0x36, 0x36, 0x35, 0x3b, 0x0a, 0x20, 0x20, // 659] = _1665;.  
	0x20, 0x20, 0x20, 0x20, 0x20, 0x20, 0x20, 0x20, 0x20, 0x20, 0x7d, 0x0a, 0x20, 0x20, 0x20, 0x20, //           }.    
	0x20, 0x20, 0x20, 0x20, 0x20, 0x20, 0x20, 0x20, 0x73, 0x70, 0x76, 0x55, 0x6e, 0x73, 0x61, 0x66, //         spvUnsaf
	0x65, 0x41, 0x72, 0x72, 0x61, 0x79, 0x3c, 0x66, 0x6c, 0x6f, 0x61, 0x74, 0x2c, 0x20, 0x31, 0x36, // eArray<float, 16
	0x3e, 0x20, 0x5f, 0x39, 0x34, 0x30, 0x20, 0x3d, 0x20, 0x5f, 0x39, 0x34, 0x35, 0x3b, 0x0a, 0x20, // > _940 = _945;. 
	0x20, 0x20, 0x20, 0x20, 0x20, 0x20, 0x20, 0x20, 0x20, 0x20, 0x20, 0x66, 0x6c, 0x6f, 0x61, 0x74, //            float
	0x33, 0x20, 0x5f, 0x31, 0x36, 0x36, 0x31, 0x3b, 0x0a, 0x20, 0x20, 0x20, 0x20, 0x20, 0x20, 0x20, // 3 _1661;.       
	0x20, 0x20, 0x20, 0x20, 0x20, 0x5f, 0x31, 0x36, 0x36, 0x31, 0x20, 0x3d, 0x20, 0x66, 0x6c, 0x6f, //      _1661 = flo
	0x61, 0x74, 0x33, 0x28, 0x30, 0x2e, 0x30, 0x29, 0x3b, 0x0a, 0x20, 0x20, 0x20, 0x20, 0x20, 0x20, // at3(0.0);.      
	0x20, 0x20, 0x20, 0x20, 0x20, 0x20, 0x66, 0x6f, 0x72, 0x20, 0x28, 0x69, 0x6e, 0x74, 0x20, 0x5f, //       for (int _
	0x31, 0x36, 0x36, 0x30, 0x20, 0x3d, 0x20, 0x30, 0x3b, 0x20, 0x5f, 0x31, 0x36, 0x36, 0x30, 0x20, // 1660 = 0; _1660 
	0x3c, 0x3d, 0x20, 0x5f, 0x37, 0x38, 0x35, 0x3b, 0x20, 0x29, 0x0a, 0x20, 0x20, 0x20, 0x20, 0x20, // <= _785; ).     
	0x20, 0x20, 0x20, 0x20, 0x20, 0x20, 0x20, 0x7b, 0x0a, 0x20, 0x20, 0x20, 0x20, 0x20, 0x20, 0x20, //        {.       
	0x20, 0x20, 0x20, 0x20, 0x20, 0x20, 0x20, 0x20, 0x20, 0x5f, 0x31, 0x36, 0x36, 0x31, 0x20, 0x2b, //          _1661 +
	0x3d, 0x20, 0x28, 0x5f, 0x37, 0x32, 0x37, 0x5b, 0x28, 0x5f, 0x39, 0x37, 0x32, 0x20, 0x2d, 0x20, // = (_727[(_972 - 
	0x5f, 0x37, 0x38, 0x35, 0x29, 0x20, 0x2b, 0x20, 0x5f, 0x31, 0x36, 0x36, 0x30, 0x5d, 0x20, 0x2a, // _785) + _1660] *
	0x20, 0x5f, 0x39, 0x34, 0x30, 0x5b, 0x5f, 0x31, 0x36, 0x36, 0x30, 0x5d, 0x29, 0x3b, 0x0a, 0x20, //  _940[_1660]);. 
	0x20, 0x20, 0x20, 0x20, 0x20, 0x20, 0x20, 0x20, 0x20, 0x20, 0x20, 0x20, 0x20, 0x20, 0x20, 0x5f, //                _
	0x31, 0x36, 0x36, 0x30, 0x2b, 0x2b, 0x3b, 0x0a, 0x20, 0x20, 0x20, 0x20, 0x20, 0x20, 0x20, 0x20, // 1660++;.        
	0x20, 0x20, 0x20, 0x20, 0x20, 0x20, 0x20, 0x20, 0x63, 0x6f, 0x6e, 0x74, 0x69, 0x6e, 0x75, 0x65, //         continue
	0x3b, 0x0a, 0x20, 0x20, 0x20, 0x20, 0x20, 0x20, 0x20, 0x20, 0x20, 0x20, 0x20, 0x20, 0x7d, 0x0a, // ;.            }.
	0x20, 0x20, 0x20, 0x20, 0x20, 0x20, 0x20, 0x20, 0x20, 0x20, 0x20, 0x20, 0x5f, 0x31, 0x36, 0x36, //             _166
	0x39, 0x20, 0x3d, 0x20, 0x5f, 0x31, 0x36, 0x36, 0x31, 0x3b, 0x0a, 0x20, 0x20, 0x20, 0x20, 0x20, // 9 = _1661;.     
	0x20, 0x20, 0x20, 0x7d, 0x0a, 0x20, 0x20, 0x20, 0x20, 0x20, 0x20, 0x20, 0x20, 0x65, 0x6c, 0x73, //    }.        els
	0x65, 0x0a, 0x20, 0x20, 0x20, 0x20, 0x20, 0x20, 0x20, 0x20, 0x7b, 0x0a, 0x20, 0x20, 0x20, 0x20, // e.        {.    
	0x20, 0x20, 0x20, 0x20, 0x20, 0x20, 0x20, 0x20, 0x66, 0x6c, 0x6f, 0x61, 0x74, 0x33, 0x20, 0x5f, //         float3 _
	0x31, 0x36, 0x37, 0x30, 0x3b, 0x0a, 0x20, 0x20, 0x20, 0x20, 0x20, 0x20, 0x20, 0x20, 0x20, 0x20, // 1670;.          
	0x20, 0x20, 0x69, 0x66, 0x20, 0x28, 0x5f, 0x37, 0x38, 0x32, 0x20, 0x3d, 0x3d, 0x20, 0x32, 0x29, //   if (_782 == 2)
	0x0a, 0x20, 0x20, 0x20, 0x20, 0x20, 0x20, 0x20, 0x20, 0x20, 0x20, 0x20, 0x20, 0x7b, 0x0a, 0x20, // .            {. 
	0x20, 0x20, 0x20, 0x20, 0x20, 0x20, 0x20, 0x20, 0x20, 0x20, 0x20, 0x20, 0x20, 0x20, 0x20, 0x73, //                s
	0x70, 0x76, 0x55, 0x6e, 0x73, 0x61, 0x66, 0x65, 0x41, 0x72, 0x72, 0x61, 0x79, 0x3c, 0x66, 0x6c, // pvUnsafeArray<fl
	0x6f, 0x61, 0x74, 0x33, 0x2c, 0x20, 0x31, 0x36, 0x3e, 0x20, 0x5f, 0x37, 0x33, 0x32, 0x20, 0x3d, // oat3, 16> _732 =
	0x20, 0x5f, 0x37, 0x31, 0x35, 0x3b, 0x0a, 0x20, 0x20, 0x20, 0x20, 0x20, 0x20, 0x20, 0x20, 0x20, //  _715;.         
	0x20, 0x20, 0x20, 0x20, 0x20, 0x20, 0x20, 0x73, 0x70, 0x76, 0x55, 0x6e, 0x73, 0x61, 0x66, 0x65, //        spvUnsafe
	0x41, 0x72, 0x72, 0x61, 0x79, 0x3c, 0x66, 0x6c, 0x6f, 0x61, 0x74, 0x2c, 0x20, 0x31, 0x36, 0x3e, // Array<float, 16>
	0x20, 0x5f, 0x37, 0x33, 0x34, 0x20, 0x3d, 0x20, 0x5f, 0x37, 0x31, 0x36, 0x3b, 0x0a, 0x20, 0x20, //  _734 = _716;.  
	0x20, 0x20, 0x20, 0x20, 0x20, 0x20, 0x20, 0x20, 0x20, 0x20, 0x20, 0x20, 0x20, 0x20, 0x69, 0x6e, //               in
	0x74, 0x20, 0x5f, 0x31, 0x31, 0x38, 0x36, 0x20, 0x3d, 0x20, 0x5f, 0x37, 0x38, 0x38, 0x20, 0x2d, // t _1186 = _788 -
	0x20, 0x31, 0x3b, 0x0a, 0x20, 0x20, 0x20, 0x20, 0x20, 0x20, 0x20, 0x20, 0x20, 0x20, 0x20, 0x20, //  1;.            
	0x20, 0x20, 0x20, 0x20, 0x69, 0x6e, 0x74, 0x20, 0x5f, 0x31, 0x31, 0x38, 0x38, 0x20, 0x3d, 0x20, //     int _1188 = 
	0x31, 0x35, 0x20, 0x2d, 0x20, 0x5f, 0x37, 0x38, 0x35, 0x3b, 0x0a, 0x20, 0x20, 0x20, 0x20, 0x20, // 15 - _785;.     
	0x20, 0x20, 0x20, 0x20, 0x20, 0x20, 0x20, 0x20, 0x20, 0x20, 0x20, 0x69, 0x6e, 0x74, 0x20, 0x5f, //            int _
	0x31, 0x36, 0x38, 0x30, 0x20, 0x3d, 0x20, 0x28, 0x5f, 0x31, 0x31, 0x38, 0x36, 0x20, 0x3e, 0x20, // 1680 = (_1186 > 
	0x5f, 0x31, 0x31, 0x38, 0x38, 0x29, 0x20, 0x3f, 0x20, 0x5f, 0x31, 0x31, 0x38, 0x38, 0x20, 0x3a, // _1188) ? _1188 :
	0x20, 0x5f, 0x31, 0x31, 0x38, 0x36, 0x3b, 0x0a, 0x20, 0x20, 0x20, 0x20, 0x20, 0x20, 0x20, 0x20, //  _1186;.        
	0x20, 0x20, 0x20, 0x20, 0x20, 0x20, 0x20, 0x20, 0x73, 0x70, 0x76, 0x55, 0x6e, 0x73, 0x61, 0x66, //         spvUnsaf
	0x65, 0x41, 0x72, 0x72, 0x61, 0x79, 0x3c, 0x66, 0x6c, 0x6f, 0x61, 0x74, 0x2c, 0x20, 0x31, 0x36, // eArray<float, 16
	0x3e, 0x20, 0x5f, 0x31, 0x31, 0x36, 0x36, 0x20, 0x3d, 0x20, 0x5f, 0x37, 0x31, 0x37, 0x3b, 0x0a, // > _1166 = _717;.
	0x20, 0x20, 0x20, 0x20, 0x20, 0x20, 0x20, 0x20, 0x20, 0x20, 0x20, 0x20, 0x20, 0x20, 0x20, 0x20, //                 
	0x69, 0x6e, 0x74, 0x20, 0x5f, 0x31, 0x36, 0x31, 0x33, 0x3b, 0x0a, 0x20, 0x20, 0x20, 0x20, 0x20, // int _1613;.     
	0x20, 0x20, 0x20, 0x20, 0x20, 0x20, 0x20, 0x20, 0x20, 0x20, 0x20, 0x64, 0x6f, 0x0a, 0x20, 0x20, //            do.  
	0x20, 0x20, 0x20, 0x20, 0x20, 0x20, 0x20, 0x20, 0x20, 0x20, 0x20, 0x20, 0x20, 0x20, 0x7b, 0x0a, //               {.
	0x20, 0x20, 0x20, 0x20, 0x20, 0x20, 0x20, 0x20, 0x20, 0x20, 0x20, 0x20, 0x20, 0x20, 0x20, 0x20, //                 
	0x20, 0x20, 0x20, 0x20, 0x69, 0x6e, 0x74, 0x20, 0x5f, 0x31, 0x32, 0x37, 0x30, 0x20, 0x3d, 0x20, //     int _1270 = 
	0x63, 0x6c, 0x61, 0x6d, 0x70, 0x28, 0x5f, 0x37, 0x38, 0x35, 0x2c, 0x20, 0x30, 0x2c, 0x20, 0x31, // clamp(_785, 0, 1
	0x35, 0x29, 0x3b, 0x0a, 0x20, 0x20, 0x20, 0x20, 0x20, 0x20, 0x20, 0x20, 0x20, 0x20, 0x20, 0x20, // 5);.            
	0x20, 0x20, 0x20, 0x20, 0x20, 0x20, 0x20, 0x20, 0x69, 0x6e, 0x74, 0x20, 0x5f, 0x31, 0x32, 0x37, //         int _127
	0x33, 0x20, 0x3d, 0x20, 0x63, 0x6c, 0x61, 0x6d, 0x70, 0x28, 0x5f, 0x31, 0x31, 0x38, 0x36, 0x2c, // 3 = clamp(_1186,
	0x20, 0x5f, 0x31, 0x32, 0x37, 0x30, 0x2c, 0x20, 0x31, 0x35, 0x29, 0x3b, 0x0a, 0x20, 0x20, 0x20, //  _1270, 15);.   
	0x20, 0x20, 0x20, 0x20, 0x20, 0x20, 0x20, 0x20, 0x20, 0x20, 0x20, 0x20, 0x20, 0x20, 0x20, 0x20, //                 
	0x20, 0x69, 0x6e, 0x74, 0x20, 0x5f, 0x31, 0x32, 0x37, 0x36, 0x20, 0x3d, 0x20, 0x5f, 0x37, 0x38, //  int _1276 = _78
	0x38, 0x20, 0x2b, 0x20, 0x5f, 0x37, 0x38, 0x35, 0x3b, 0x0a, 0x20, 0x20, 0x20, 0x20, 0x20, 0x20, // 8 + _785;.      
	0x20, 0x20, 0x20, 0x20, 0x20, 0x20, 0x20, 0x20, 0x20, 0x20, 0x20, 0x20, 0x20, 0x20, 0x69, 0x6e, //               in
	0x74, 0x20, 0x5f, 0x31, 0x36, 0x38, 0x32, 0x20, 0x3d, 0x20, 0x28, 0x5f, 0x31, 0x32, 0x37, 0x36, // t _1682 = (_1276
	0x20, 0x3e, 0x20, 0x31, 0x35, 0x29, 0x20, 0x3f, 0x20, 0x31, 0x35, 0x20, 0x3a, 0x20, 0x5f, 0x31, //  > 15) ? 15 : _1
	0x32, 0x37, 0x36, 0x3b, 0x0a, 0x20, 0x20, 0x20, 0x20, 0x20, 0x20, 0x20, 0x20, 0x20, 0x20, 0x20, // 276;.           
	0x20, 0x20, 0x20, 0x20, 0x20, 0x20, 0x20, 0x20, 0x20, 0x69, 0x66, 0x20, 0x28, 0x69, 0x6e, 0x2e, //          if (in.
	0x61, 0x5f, 0x70, 0x6f, 0x73, 0x69, 0x74, 0x69, 0x6f, 0x6e, 0x2e, 0x78, 0x20, 0x3e, 0x3d, 0x20, // a_position.x >= 
	0x5f, 0x31, 0x31, 0x36, 0x36, 0x5b, 0x28, 0x5f, 0x31, 0x36, 0x38, 0x32, 0x20, 0x3c, 0x20, 0x30, // _1166[(_1682 < 0
	0x29, 0x20, 0x3f, 0x20, 0x30, 0x20, 0x3a, 0x20, 0x5f, 0x31, 0x36, 0x38, 0x32, 0x5d, 0x29, 0x0a, // ) ? 0 : _1682]).
	0x20, 0x20, 0x20, 0x20, 0x20, 0x20, 0x20, 0x20, 0x20, 0x20, 0x20, 0x20, 0x20, 0x20, 0x20, 0x20, //                 
	0x20, 0x20, 0x20, 0x20, 0x7b, 0x0a, 0x20, 0x20, 0x20, 0x20, 0x20, 0x20, 0x20, 0x20, 0x20, 0x20, //     {.          
	0x20, 0x20, 0x20, 0x20, 0x20, 0x20, 0x20, 0x20, 0x20, 0x20, 0x20, 0x20, 0x20, 0x20, 0x5f, 0x31, //               _1
	0x36, 0x31, 0x33, 0x20, 0x3d, 0x20, 0x5f, 0x31, 0x32, 0x37, 0x33, 0x3b, 0x0a, 0x20, 0x20, 0x20, // 613 = _1273;.   
	0x20, 0x20, 0x20, 0x20, 0x20, 0x20, 0x20, 0x20, 0x20, 0x20, 0x20, 0x20, 0x20, 0x20, 0x20, 0x20, //                 
	0x20, 0x20, 0x20, 0x20, 0x20, 0x62, 0x72, 0x65, 0x61, 0x6b, 0x3b, 0x0a, 0x20, 0x20, 0x20, 0x20, //      break;.    
	0x20, 0x20, 0x20, 0x20, 0x20, 0x20, 0x20, 0x20, 0x20, 0x20, 0x20, 0x20, 0x20, 0x20, 0x20, 0x20, //                 
	0x7d, 0x0a, 0x20, 0x20, 0x20, 0x20, 0x20, 0x20, 0x20, 0x20, 0x20, 0x20, 0x20, 0x20, 0x20, 0x20, // }.              
	0x20, 0x20, 0x20, 0x20, 0x20, 0x20, 0x69, 0x66, 0x20, 0x28, 0x69, 0x6e, 0x2e, 0x61, 0x5f, 0x70, //       if (in.a_p
	0x6f, 0x73, 0x69, 0x74, 0x69, 0x6f, 0x6e, 0x2e, 0x78, 0x20, 0x3c, 0x3d, 0x20, 0x5f, 0x31, 0x31, // osition.x <= _11
	0x36, 0x36, 0x5b, 0x5f, 0x37, 0x38, 0x35, 0x5d, 0x29, 0x0a, 0x20, 0x20, 0x20, 0x20, 0x20, 0x20, // 66[_785]).      
	0x20, 0x20, 0x20, 0x20, 0x20, 0x20, 0x20, 0x20, 0x20, 0x20, 0x20, 0x20, 0x20, 0x20, 0x7b, 0x0a, //               {.
	0x20, 0x20, 0x20, 0x20, 0x20, 0x20, 0x20, 0x20, 0x20, 0x20, 0x20, 0x20, 0x20, 0x20, 0x20, 0x20, //                 
	0x20, 0x20, 0x20, 0x20, 0x20, 0x20, 0x20, 0x20, 0x5f, 0x31, 0x36, 0x31, 0x33, 0x20, 0x3d, 0x20, //         _1613 = 
	0x5f, 0x31, 0x32, 0x37, 0x30, 0x3b, 0x0a, 0x20, 0x20, 0x20, 0x20, 0x20, 0x20, 0x20, 0x20, 0x20, // _1270;.         
	0x20, 0x20, 0x20, 0x20, 0x20, 0x20, 0x20, 0x20, 0x20, 0x20, 0x20, 0x20, 0x20, 0x20, 0x20, 0x62, //                b
	0x72, 0x65, 0x61, 0x6b, 0x3b, 0x0a, 0x20, 0x20, 0x20, 0x20, 0x20, 0x20, 0x20, 0x20, 0x20, 0x20, // reak;.          
	0x20, 0x20, 0x20, 0x20, 0x20, 0x20, 0x20, 0x20, 0x20, 0x20, 0x7d, 0x0a, 0x20, 0x20, 0x20, 0x20, //           }.    
	0x20, 0x20, 0x20, 0x20, 0x20, 0x20, 0x20, 0x20, 0x20, 0x20, 0x20, 0x20, 0x20, 0x20, 0x20, 0x20, //                 
	0x69, 0x6e, 0x74, 0x20, 0x5f, 0x31, 0x33, 0x31, 0x30, 0x3b, 0x0a, 0x20, 0x20, 0x20, 0x20, 0x20, // int _1310;.     
	0x20, 0x20, 0x20, 0x20, 0x20, 0x20, 0x20, 0x20, 0x20, 0x20, 0x20, 0x20, 0x20, 0x20, 0x20, 0x62, //                b
	0x6f, 0x6f, 0x6c, 0x20, 0x5f, 0x31, 0x36, 0x30, 0x39, 0x3b, 0x0a, 0x20, 0x20, 0x20, 0x20, 0x20, // ool _1609;.     
	0x20, 0x20, 0x20, 0x20, 0x20, 0x20, 0x20, 0x20, 0x20, 0x20, 0x20, 0x20, 0x20, 0x20, 0x20, 0x69, //                i
	0x6e, 0x74, 0x20, 0x5f, 0x31, 0x36, 0x31, 0x34, 0x3b, 0x0a, 0x20, 0x20, 0x20, 0x20, 0x20, 0x20, // nt _1614;.      
	0x20, 0x20, 0x20, 0x20, 0x20, 0x20, 0x20, 0x20, 0x20, 0x20, 0x20, 0x20, 0x20, 0x20, 0x69, 0x6e, //               in
	0x74, 0x20, 0x5f, 0x31, 0x36, 0x30, 0x38, 0x20, 0x3d, 0x20, 0x5f, 0x31, 0x32, 0x37, 0x30, 0x3b, // t _1608 = _1270;
	0x0a, 0x20, 0x20, 0x20, 0x20, 0x20, 0x20, 0x20, 0x20, 0x20, 0x20, 0x20, 0x20, 0x20, 0x20, 0x20, // .               
	0x20, 0x20, 0x20, 0x20, 0x20, 0x66, 0x6f, 0x72, 0x20, 0x28, 0x3b, 0x3b, 0x29, 0x0a, 0x20, 0x20, //      for (;;).  
	0x20, 0x20, 0x20, 0x20, 0x20, 0x20, 0x20, 0x20, 0x20, 0x20, 0x20, 0x20, 0x20, 0x20, 0x20, 0x20, //                 
	0x20, 0x20, 0x7b, 0x0a, 0x20, 0x20, 0x20, 0x20, 0x20, 0x20, 0x20, 0x20, 0x20, 0x20, 0x20, 0x20, //   {.            
	0x20, 0x20, 0x20, 0x20, 0x20, 0x20, 0x20, 0x20, 0x20, 0x20, 0x20, 0x20, 0x69, 0x66, 0x20, 0x28, //             if (
	0x5f, 0x31, 0x36, 0x30, 0x38, 0x20, 0x3c, 0x20, 0x5f, 0x31, 0x32, 0x37, 0x33, 0x29, 0x0a, 0x20, // _1608 < _1273). 
	0x20, 0x20, 0x20, 0x20, 0x20, 0x20, 0x20, 0x20, 0x20, 0x20, 0x20, 0x20, 0x20, 0x20, 0x20, 0x20, //                 
	0x20, 0x20, 0x20, 0x20, 0x20, 0x20, 0x20, 0x7b, 0x0a, 0x20, 0x20, 0x20, 0x20, 0x20, 0x20, 0x20, //        {.       
	0x20, 0x20, 0x20, 0x20, 0x20, 0x20, 0x20, 0x20, 0x20, 0x20, 0x20, 0x20, 0x20, 0x20, 0x20, 0x20, //                 
	0x20, 0x20, 0x20, 0x20, 0x20, 0x5f, 0x31, 0x33, 0x31, 0x30, 0x20, 0x3d, 0x20, 0x5f, 0x31, 0x36, //      _1310 = _16
	0x30, 0x38, 0x20, 0x2b, 0x20, 0x31, 0x3b, 0x0a, 0x20, 0x20, 0x20, 0x20, 0x20, 0x20, 0x20, 0x20, // 08 + 1;.        
	0x20, 0x20, 0x20, 0x20, 0x20, 0x20, 0x20, 0x20, 0x20, 0x20, 0x20, 0x20, 0x20, 0x20, 0x20, 0x20, //                 
	0x20, 0x20, 0x20, 0x20, 0x69, 0x66, 0x20, 0x28, 0x69, 0x6e, 0x2e, 0x61, 0x5f, 0x70, 0x6f, 0x73, //     if (in.a_pos
	0x69, 0x74, 0x69, 0x6f, 0x6e, 0x2e, 0x78, 0x20, 0x3c, 0x20, 0x5f, 0x31, 0x31, 0x36, 0x36, 0x5b, // ition.x < _1166[
	0x5f, 0x31, 0x33, 0x31, 0x30, 0x5d, 0x29, 0x0a, 0x20, 0x20, 0x20, 0x20, 0x20, 0x20, 0x20, 0x20, // _1310]).        
	0x20, 0x20, 0x20, 0x20, 0x20, 0x20, 0x20, 0x20, 0x20, 0x20, 0x20, 0x20, 0x20, 0x20, 0x20, 0x20, //                 
	0x20, 0x20, 0x20, 0x20, 0x7b, 0x0a, 0x20, 0x20, 0x20, 0x20, 0x20, 0x20, 0x20, 0x20, 0x20, 0x20, //     {.          
	0x20, 0x20, 0x20, 0x20, 0x20, 0x20, 0x20, 0x20, 0x20, 0x20, 0x20, 0x20, 0x20, 0x20, 0x20, 0x20, //                 
	0x20, 0x20, 0x20, 0x20, 0x20, 0x20, 0x5f, 0x31, 0x36, 0x31, 0x34, 0x20, 0x3d, 0x20, 0x5f, 0x31, //       _1614 = _1
	0x36, 0x30, 0x38, 0x3b, 0x0a, 0x20, 0x20, 0x20, 0x20, 0x20, 0x20, 0x20, 0x20, 0x20, 0x20, 0x20, // 608;.           
	0x20, 0x20, 0x20, 0x20, 0x20, 0x20, 0x20, 0x20, 0x20, 0x20, 0x20, 0x20, 0x20, 0x20, 0x20, 0x20, //                 
	0x20, 0x20, 0x20, 0x20, 0x20, 0x5f, 0x31, 0x36, 0x30, 0x39, 0x20, 0x3d, 0x20, 0x74, 0x72, 0x75, //      _1609 = tru
	0x65, 0x3b, 0x0a, 0x20, 0x20, 0x20, 0x20, 0x20, 0x20, 0x20, 0x20, 0x20, 0x20, 0x20, 0x20, 0x20, // e;.             
	0x20, 0x20, 0x20, 0x20, 0x20, 0x20, 0x20, 0x20, 0x20, 0x20, 0x20, 0x20, 0x20, 0x20, 0x20, 0x20, //                 
	0x20, 0x20, 0x20, 0x62, 0x72, 0x65, 0x61, 0x6b, 0x3b, 0x0a, 0x20, 0x20, 0x20, 0x20, 0x20, 0x20, //    break;.      
	0x20, 0x20, 0x20, 0x20, 0x20, 0x20, 0x20, 0x20, 0x20, 0x20, 0x20, 0x20, 0x20, 0x20, 0x20, 0x20, //                 
	0x20, 0x20, 0x20, 0x20, 0x20, 0x20, 0x7d, 0x0a, 0x20, 0x20, 0x20, 0x20, 0x20, 0x20, 0x20, 0x20, //       }.        
	0x20, 0x20, 0x20, 0x20, 0x20, 0x20, 0x20, 0x20, 0x20, 0x20, 0x20, 0x20, 0x20, 0x20, 0x20, 0x20, //                 
	0x20, 0x20, 0x20, 0x20, 0x5f, 0x31, 0x36, 0x30, 0x38, 0x20, 0x3d, 0x20, 0x5f, 0x31, 0x33, 0x31, //     _1608 = _131
	0x30, 0x3b, 0x0a, 0x20, 0x20, 0x20, 0x20, 0x20, 0x20, 0x20, 0x20, 0x20, 0x20, 0x20, 0x20, 0x20, // 0;.             
	0x20, 0x20, 0x20, 0x20, 0x20, 0x20, 0x20, 0x20, 0x20, 0x20, 0x20, 0x20, 0x20, 0x20, 0x20, 0x63, //                c
	0x6f, 0x6e, 0x74, 0x69, 0x6e, 0x75, 0x65, 0x3b, 0x0a, 0x20, 0x20, 0x20, 0x20, 0x20, 0x20, 0x20, // ontinue;.       
	0x20, 0x20, 0x20, 0x20, 0x20, 0x20, 0x20, 0x20, 0x20, 0x20, 0x20, 0x20, 0x20, 0x20, 0x20, 0x20, //                 
	0x20, 0x7d, 0x0a, 0x20, 0x20, 0x20, 0x20, 0x20, 0x20, 0x20, 0x20, 0x20, 0x20, 0x20, 0x20, 0x20, //  }.             
	0x20, 0x20, 0x20, 0x20, 0x20, 0x20, 0x20, 0x20, 0x20, 0x20, 0x20, 0x65, 0x6c, 0x73, 0x65, 0x0a, //            else.
	0x20, 0x20, 0x20, 0x20, 0x20, 0x20, 0x20, 0x20, 0x20, 0x20, 0x20, 0x20, 0x20, 0x20, 0x20, 0x20, //                 
	0x20, 0x20, 0x20, 0x20, 0x20, 0x20, 0x20, 0x20, 0x7b, 0x0a, 0x20, 0x20, 0x20, 0x20, 0x20, 0x20, //         {.      
	0x20, 0x20, 0x20, 0x20, 0x20, 0x20, 0x20, 0x20, 0x20, 0x20, 0x20, 0x20, 0x20, 0x20, 0x20, 0x20, //                 
	0x20, 0x20, 0x20, 0x20, 0x20, 0x20, 0x5f, 0x31, 0x36, 0x31, 0x34, 0x20, 0x3d, 0x20, 0x5f, 0x31, //       _1614 = _1
	0x36, 0x32, 0x31, 0x3b, 0x0a, 0x20, 0x20, 0x20, 0x20, 0x20, 0x20, 0x20, 0x20, 0x20, 0x20, 0x20, // 621;.           
	0x20, 0x20, 0x20, 0x20, 0x20, 0x20, 0x20, 0x20, 0x20, 0x20, 0x20, 0x20, 0x20, 0x20, 0x20, 0x20, //                 
	0x20, 0x5f, 0x31, 0x36, 0x30, 0x39, 0x20, 0x3d, 0x20, 0x66, 0x61, 0x6c, 0x73, 0x65, 0x3b, 0x0a, //  _1609 = false;.
	0x20, 0x20, 0x20, 0x20, 0x20, 0x20, 0x20, 0x20, 0x20, 0x20, 0x20, 0x20, 0x20, 0x20, 0x20, 0x20, //                 
	0x20, 0x20, 0x20, 0x20, 0x20, 0x20, 0x20, 0x20, 0x20, 0x20, 0x20, 0x20, 0x62, 0x72, 0x65, 0x61, //             brea
	0x6b, 0x3b, 0x0a, 0x20, 0x20, 0x20, 0x20, 0x20, 0x20, 0x20, 0x20, 0x20, 0x20, 0x20, 0x20, 0x20, // k;.             
	0x20, 0x20, 0x20, 0x20, 0x20, 0x20, 0x20, 0x20, 0x20, 0x20, 0x20, 0x7d, 0x0a, 0x20, 0x20, 0x20, //            }.   
	0x20, 0x20, 0x20, 0x20, 0x20, 0x20, 0x20, 0x20, 0x20, 0x20, 0x20, 0x20, 0x20, 0x20, 0x20, 0x20, //                 
	0x20, 0x7d, 0x0a, 0x20, 0x20, 0x20, 0x20, 0x20, 0x20, 0x20, 0x20, 0x20, 0x20, 0x20, 0x20, 0x20, //  }.             
	0x20, 0x20, 0x20, 0x20, 0x20, 0x20, 0x20, 0x69, 0x66, 0x20, 0x28, 0x5f, 0x31, 0x36, 0x30, 0x39, //        if (_1609
	0x29, 0x0a, 0x20, 0x20, 0x20, 0x20, 0x20, 0x20, 0x20, 0x20, 0x20, 0x20, 0x20, 0x20, 0x20, 0x20, // ).              
	0x20, 0x20, 0x20, 0x20, 0x20, 0x20, 0x7b, 0x0a, 0x20, 0x20, 0x20, 0x20, 0x20, 0x20, 0x20, 0x20, //       {.        
	0x20, 0x20, 0x20, 0x20, 0x20, 0x20, 0x20, 0x20, 0x20, 0x20, 0x20, 0x20, 0x20, 0x20, 0x20, 0x20, //                 
	0x5f, 0x31, 0x36, 0x31, 0x33, 0x20, 0x3d, 0x20, 0x5f, 0x31, 0x36, 0x31, 0x34, 0x3b, 0x0a, 0x20, // _1613 = _1614;. 
	0x20, 0x20, 0x20, 0x20, 0x20, 0x20, 0x20, 0x20, 0x20, 0x20, 0x20, 0x20, 0x20, 0x20, 0x20, 0x20, //                 
	0x20, 0x20, 0x20, 0x20, 0x20, 0x20, 0x20, 0x62, 0x72, 0x65, 0x61, 0x6b, 0x3b, 0x0a, 0x20, 0x20, //        break;.  
	0x20, 0x20, 0x20, 0x20, 0x20, 0x20, 0x20, 0x20, 0x20, 0x20, 0x20, 0x20, 0x20, 0x20, 0x20, 0x20, //                 
	0x20, 0x20, 0x7d, 0x0a, 0x20, 0x20, 0x20, 0x20, 0x20, 0x20, 0x20, 0x20, 0x20, 0x20, 0x20, 0x20, //   }.            
	0x20, 0x20, 0x20, 0x20, 0x20, 0x20, 0x20, 0x20, 0x5f, 0x31, 0x36, 0x31, 0x33, 0x20, 0x3d, 0x20, //         _1613 = 
	0x5f, 0x31, 0x32, 0x37, 0x33, 0x3b, 0x0a, 0x20, 0x20, 0x20, 0x20, 0x20, 0x20, 0x20, 0x20, 0x20, // _1273;.         
	0x20, 0x20, 0x20, 0x20, 0x20, 0x20, 0x20, 0x20, 0x20, 0x20, 0x20, 0x62, 0x72, 0x65, 0x61, 0x6b, //            break
	0x3b, 0x0a, 0x20, 0x20, 0x20, 0x20, 0x20, 0x20, 0x20, 0x20, 0x20, 0x20, 0x20, 0x20, 0x20, 0x20, // ;.              
	0x20, 0x20, 0x7d, 0x20, 0x77, 0x68, 0x69, 0x6c, 0x65, 0x28, 0x66, 0x61, 0x6c, 0x73, 0x65, 0x29, //   } while(false)
	0x3b, 0x0a, 0x20, 0x20, 0x20, 0x20, 0x20, 0x20, 0x20, 0x20, 0x20, 0x20, 0x20, 0x20, 0x20, 0x20, // ;.              
	0x20, 0x20, 0x69, 0x6e, 0x74, 0x20, 0x5f, 0x31, 0x32, 0x30, 0x38, 0x20, 0x3d, 0x20, 0x63, 0x6c, //   int _1208 = cl
	0x61, 0x6d, 0x70, 0x28, 0x5f, 0x31, 0x36, 0x31, 0x33, 0x2c, 0x20, 0x5f, 0x37, 0x38, 0x35, 0x2c, // amp(_1613, _785,
	0x20, 0x28, 0x5f, 0x31, 0x36, 0x38, 0x30, 0x20, 0x3c, 0x20, 0x5f, 0x37, 0x38, 0x35, 0x29, 0x20, //  (_1680 < _785) 
	0x3f, 0x20, 0x5f, 0x37, 0x38, 0x35, 0x20, 0x3a, 0x20, 0x5f, 0x31, 0x36, 0x38, 0x30, 0x29, 0x3b, // ? _785 : _1680);
	0x0a, 0x20, 0x20, 0x20, 0x20, 0x20, 0x20, 0x20, 0x20, 0x20, 0x20, 0x20, 0x20, 0x20, 0x20, 0x20, // .               
	0x20, 0x73, 0x70, 0x76, 0x55, 0x6e, 0x73, 0x61, 0x66, 0x65, 0x41, 0x72, 0x72, 0x61, 0x79, 0x3c, //  spvUnsafeArray<
	0x66, 0x6c, 0x6f, 0x61, 0x74, 0x2c, 0x20, 0x31, 0x36, 0x3e, 0x20, 0x5f, 0x31, 0x31, 0x37, 0x34, // float, 16> _1174
	0x20, 0x3d, 0x20, 0x5f, 0x37, 0x31, 0x37, 0x3b, 0x0a, 0x20, 0x20, 0x20, 0x20, 0x20, 0x20, 0x20, //  = _717;.       
	0x20, 0x20, 0x20, 0x20, 0x20, 0x20, 0x20, 0x20, 0x20, 0x73, 0x70, 0x76, 0x55, 0x6e, 0x73, 0x61, //          spvUnsa
	0x66, 0x65, 0x41, 0x72, 0x72, 0x61, 0x79, 0x3c, 0x66, 0x6c, 0x6f, 0x61, 0x74, 0x2c, 0x20, 0x31, // feArray<float, 1
	0x36, 0x3e, 0x20, 0x5f, 0x31, 0x31, 0x37, 0x38, 0x3b, 0x0a, 0x20, 0x20, 0x20, 0x20, 0x20, 0x20, // 6> _1178;.      
	0x20, 0x20, 0x20, 0x20, 0x20, 0x20, 0x20, 0x20, 0x20, 0x20, 0x5f, 0x31, 0x31, 0x37, 0x38, 0x5b, //           _1178[
	0x30, 0x5d, 0x20, 0x3d, 0x20, 0x31, 0x2e, 0x30, 0x3b, 0x0a, 0x20, 0x20, 0x20, 0x20, 0x20, 0x20, // 0] = 1.0;.      
	0x20, 0x20, 0x20, 0x20, 0x20, 0x20, 0x20, 0x20, 0x20, 0x20, 0x69, 0x6e, 0x74, 0x20, 0x5f, 0x31, //           int _1
	0x36, 0x32, 0x38, 0x3b, 0x0a, 0x20, 0x20, 0x20, 0x20, 0x20, 0x20, 0x20, 0x20, 0x20, 0x20, 0x20, // 628;.           
	0x20, 0x20, 0x20, 0x20, 0x20, 0x5f, 0x31, 0x36, 0x32, 0x38, 0x20, 0x3d, 0x20, 0x31, 0x3b, 0x0a, //      _1628 = 1;.
	0x20, 0x20, 0x20, 0x20, 0x20, 0x20, 0x20, 0x20, 0x20, 0x20, 0x20, 0x20, 0x20, 0x20, 0x20, 0x20, //                 
	0x73, 0x70, 0x76, 0x55, 0x6e, 0x73, 0x61, 0x66, 0x65, 0x41, 0x72, 0x72, 0x61, 0x79, 0x3c, 0x66, // spvUnsafeArray<f
	0x6c, 0x6f, 0x61, 0x74, 0x2c, 0x20, 0x31, 0x36, 0x3e, 0x20, 0x5f, 0x31, 0x33, 0x33, 0x31, 0x3b, // loat, 16> _1331;
	0x0a, 0x20, 0x20, 0x20, 0x20, 0x20, 0x20, 0x20, 0x20, 0x20, 0x20, 0x20, 0x20, 0x20, 0x20, 0x20, // .               
	0x20, 0x73, 0x70, 0x76, 0x55, 0x6e, 0x73, 0x61, 0x66, 0x65, 0x41, 0x72, 0x72, 0x61, 0x79, 0x3c, //  spvUnsafeArray<
	0x66, 0x6c, 0x6f, 0x61, 0x74, 0x2c, 0x20, 0x31, 0x36, 0x3e, 0x20, 0x5f, 0x31, 0x33, 0x33, 0x32, // float, 16> _1332
	0x3b, 0x0a, 0x20, 0x20, 0x20, 0x20, 0x20, 0x20, 0x20, 0x20, 0x20, 0x20, 0x20, 0x20, 0x20, 0x20, // ;.              
	0x20, 0x20, 0x66, 0x6f, 0x72, 0x20, 0x28, 0x3b, 0x20, 0x5f, 0x31, 0x36, 0x32, 0x38, 0x20, 0x3c, //   for (; _1628 <
	0x3d, 0x20, 0x5f, 0x37, 0x38, 0x35, 0x3b, 0x20, 0x5f, 0x31, 0x36, 0x32, 0x38, 0x2b, 0x2b, 0x29, // = _785; _1628++)
	0x0a, 0x20, 0x20, 0x20, 0x20, 0x20, 0x20, 0x20, 0x20, 0x20, 0x20, 0x20, 0x20, 0x20, 0x20, 0x20, // .               
	0x20, 0x7b, 0x0a, 0x20, 0x20, 0x20, 0x20, 0x20, 0x20, 0x20, 0x20, 0x20, 0x20, 0x20, 0x20, 0x20, //  {.             
	0x20, 0x20, 0x20, 0x20, 0x20, 0x20, 0x20, 0x5f, 0x31, 0x33, 0x33, 0x31, 0x5b, 0x5f, 0x31, 0x36, //        _1331[_16
	0x32, 0x38, 0x5d, 0x20, 0x3d, 0x20, 0x69, 0x6e, 0x2e, 0x61, 0x5f, 0x70, 0x6f, 0x73, 0x69, 0x74, // 28] = in.a_posit
	0x69, 0x6f, 0x6e, 0x2e, 0x78, 0x20, 0x2d, 0x20, 0x5f, 0x31, 0x31, 0x37, 0x34, 0x5b, 0x28, 0x5f, // ion.x - _1174[(_
	0x31, 0x32, 0x30, 0x38, 0x20, 0x2b, 0x20, 0x31, 0x29, 0x20, 0x2d, 0x20, 0x5f, 0x31, 0x36, 0x32, // 1208 + 1) - _162
	0x38, 0x5d, 0x3b, 0x0a, 0x20, 0x20, 0x20, 0x20, 0x20, 0x20, 0x20, 0x20, 0x20, 0x20, 0x20, 0x20, // 8];.            
	0x20, 0x20, 0x20, 0x20, 0x20, 0x20, 0x20, 0x20, 0x5f, 0x31, 0x33, 0x33, 0x32, 0x5b, 0x5f, 0x31, //         _1332[_1
	0x36, 0x32, 0x38, 0x5d, 0x20, 0x3d, 0x20, 0x5f, 0x31, 0x31, 0x37, 0x34, 0x5b, 0x5f, 0x31, 0x32, // 628] = _1174[_12
	0x30, 0x38, 0x20, 0x2b, 0x20, 0x5f, 0x31, 0x36, 0x32, 0x38, 0x5d, 0x20, 0x2d, 0x20, 0x69, 0x6e, // 08 + _1628] - in
	0x2e, 0x61, 0x5f, 0x70, 0x6f, 0x73, 0x69, 0x74, 0x69, 0x6f, 0x6e, 0x2e, 0x78, 0x3b, 0x0a, 0x20, // .a_position.x;. 
	0x20, 0x20, 0x20, 0x20, 0x20, 0x20, 0x20, 0x20, 0x20, 0x20, 0x20, 0x20, 0x20, 0x20, 0x20, 0x20, //                 
	0x20, 0x20, 0x20, 0x66, 0x6c, 0x6f, 0x61, 0x74, 0x20, 0x5f, 0x31, 0x36, 0x33, 0x36, 0x3b, 0x0a, //    float _1636;.
	0x20, 0x20, 0x20, 0x20, 0x20, 0x20, 0x20, 0x20, 0x20, 0x20, 0x20, 0x20, 0x20, 0x20, 0x20, 0x20, //                 
	0x20, 0x20, 0x20, 0x20, 0x5f, 0x31, 0x36, 0x33, 0x36, 0x20, 0x3d, 0x20, 0x30, 0x2e, 0x30, 0x3b, //     _1636 = 0.0;
	0x0a, 0x20, 0x20, 0x20, 0x20, 0x20, 0x20, 0x20, 0x20, 0x20, 0x20, 0x20, 0x20, 0x20, 0x20, 0x20, // .               
	0x20, 0x20, 0x20, 0x20, 0x20, 0x66, 0x6f, 0x72, 0x20, 0x28, 0x69, 0x6e, 0x74, 0x20, 0x5f, 0x31, //      for (int _1
	0x36, 0x33, 0x34, 0x20, 0x3d, 0x20, 0x30, 0x3b, 0x20, 0x5f, 0x31, 0x36, 0x33, 0x34, 0x20, 0x3c, // 634 = 0; _1634 <
	0x20, 0x5f, 0x31, 0x36, 0x32, 0x38, 0x3b, 0x20, 0x29, 0x0a, 0x20, 0x20, 0x20, 0x20, 0x20, 0x20, //  _1628; ).      
	0x20, 0x20, 0x20, 0x20, 0x20, 0x20, 0x20, 0x20, 0x20, 0x20, 0x20, 0x20, 0x20, 0x20, 0x7b, 0x0a, //               {.
	0x20, 0x20, 0x20, 0x20, 0x20, 0x20, 0x20, 0x20, 0x20, 0x20, 0x20, 0x20, 0x20, 0x20, 0x20, 0x20, //                 
	0x20, 0x20, 0x20, 0x20, 0x20, 0x20, 0x20, 0x20, 0x69, 0x6e, 0x74, 0x20, 0x5f, 0x31, 0x33, 0x37, //         int _137
	0x31, 0x20, 0x3d, 0x20, 0x5f, 0x31, 0x36, 0x33, 0x34, 0x20, 0x2b, 0x20, 0x31, 0x3b, 0x0a, 0x20, // 1 = _1634 + 1;. 
	0x20, 0x20, 0x20, 0x20, 0x20, 0x20, 0x20, 0x20, 0x20, 0x20, 0x20, 0x20, 0x20, 0x20, 0x20, 0x20, //                 
	0x20, 0x20, 0x20, 0x20, 0x20, 0x20, 0x20, 0x69, 0x6e, 0x74, 0x20, 0x5f, 0x31, 0x33, 0x37, 0x36, //        int _1376
	0x20, 0x3d, 0x20, 0x5f, 0x31, 0x36, 0x32, 0x38, 0x20, 0x2d, 0x20, 0x5f, 0x31, 0x36, 0x33, 0x34, //  = _1628 - _1634
	0x3b, 0x0a, 0x20, 0x20, 0x20, 0x20, 0x20, 0x20, 0x20, 0x20, 0x20, 0x20, 0x20, 0x20, 0x20, 0x20, // ;.              
	0x20, 0x20, 0x20, 0x20, 0x20, 0x20, 0x20, 0x20, 0x20, 0x20, 0x66, 0x6c, 0x6f, 0x61, 0x74, 0x20, //           float 
	0x5f, 0x31, 0x33, 0x37, 0x39, 0x20, 0x3d, 0x20, 0x5f, 0x31, 0x33, 0x33, 0x32, 0x5b, 0x5f, 0x31, // _1379 = _1332[_1
	0x33, 0x37, 0x31, 0x5d, 0x20, 0x2b, 0x20, 0x5f, 0x31, 0x33, 0x33, 0x31, 0x5b, 0x5f, 0x31, 0x33, // 371] + _1331[_13
	0x37, 0x36, 0x5d, 0x3b, 0x0a, 0x20, 0x20, 0x20, 0x20, 0x20, 0x20, 0x20, 0x20, 0x20, 0x20, 0x20, // 76];.           
	0x20, 0x20, 0x20, 0x20, 0x20, 0x20, 0x20, 0x20, 0x20, 0x20, 0x20, 0x20, 0x20, 0x66, 0x6c, 0x6f, //              flo
	0x61, 0x74, 0x20, 0x5f, 0x31, 0x33, 0x38, 0x34, 0x20, 0x3d, 0x20, 0x5f, 0x31, 0x31, 0x37, 0x38, // at _1384 = _1178
	0x5b, 0x5f, 0x31, 0x36, 0x33, 0x34, 0x5d, 0x3b, 0x0a, 0x20, 0x20, 0x20, 0x20, 0x20, 0x20, 0x20, // [_1634];.       
	0x20, 0x20, 0x20, 0x20, 0x20, 0x20, 0x20, 0x20, 0x20, 0x20, 0x20, 0x20, 0x20, 0x20, 0x20, 0x20, //                 
	0x20, 0x66, 0x6c, 0x6f, 0x61, 0x74, 0x20, 0x5f, 0x31, 0x33, 0x38, 0x37, 0x20, 0x3d, 0x20, 0x28, //  float _1387 = (
	0x5f, 0x31, 0x33, 0x37, 0x39, 0x20, 0x21, 0x3d, 0x20, 0x30, 0x2e, 0x30, 0x29, 0x20, 0x3f, 0x20, // _1379 != 0.0) ? 
	0x28, 0x5f, 0x31, 0x33, 0x38, 0x34, 0x20, 0x2f, 0x20, 0x5f, 0x31, 0x33, 0x37, 0x39, 0x29, 0x20, // (_1384 / _1379) 
	0x3a, 0x20, 0x30, 0x2e, 0x30, 0x3b, 0x0a, 0x20, 0x20, 0x20, 0x20, 0x20, 0x20, 0x20, 0x20, 0x20, // : 0.0;.         
	0x20, 0x20, 0x20, 0x20, 0x20, 0x20, 0x20, 0x20, 0x20, 0x20, 0x20, 0x20, 0x20, 0x20, 0x20, 0x5f, //                _
	0x31, 0x31, 0x37, 0x38, 0x5b, 0x5f, 0x31, 0x36, 0x33, 0x34, 0x5d, 0x20, 0x3d, 0x20, 0x5f, 0x31, // 1178[_1634] = _1
	0x36, 0x33, 0x36, 0x20, 0x2b, 0x20, 0x28, 0x5f, 0x31, 0x33, 0x33, 0x32, 0x5b, 0x5f, 0x31, 0x33, // 636 + (_1332[_13
	0x37, 0x31, 0x5d, 0x20, 0x2a, 0x20, 0x5f, 0x31, 0x33, 0x38, 0x37, 0x29, 0x3b, 0x0a, 0x20, 0x20, // 71] * _1387);.  
	0x20, 0x20, 0x20, 0x20, 0x20, 0x20, 0x20, 0x20, 0x20, 0x20, 0x20, 0x20, 0x20, 0x20, 0x20, 0x20, //                 
	0x20, 0x20, 0x20, 0x20, 0x20, 0x20, 0x5f, 0x31, 0x36, 0x33, 0x36, 0x20, 0x3d, 0x20, 0x5f, 0x31, //       _1636 = _1
	0x33, 0x33, 0x31, 0x5b, 0x5f, 0x31, 0x33, 0x37, 0x36, 0x5d, 0x20, 0x2a, 0x20, 0x5f, 0x31, 0x33, // 331[_1376] * _13
	0x38, 0x37, 0x3b, 0x0a, 0x20, 0x20, 0x20, 0x20, 0x20, 0x20, 0x20, 0x20, 0x20, 0x20, 0x20, 0x20, // 87;.            
	0x20, 0x20, 0x20, 0x20, 0x20, 0x20, 0x20, 0x20, 0x20, 0x20, 0x20, 0x20, 0x5f, 0x31, 0x36, 0x33, //             _163
	0x34, 0x20, 0x3d, 0x20, 0x5f, 0x31, 0x33, 0x37, 0x31, 0x3b, 0x0a, 0x20, 0x20, 0x20, 0x20, 0x20, // 4 = _1371;.     
	0x20, 0x20, 0x20, 0x20, 0x20, 0x20, 0x20, 0x20, 0x20, 0x20, 0x20, 0x20, 0x20, 0x20, 0x20, 0x20, //                 
	0x20, 0x20, 0x20, 0x63, 0x6f, 0x6e, 0x74, 0x69, 0x6e, 0x75, 0x65, 0x3b, 0x0a, 0x20, 0x20, 0x20, //    continue;.   
	0x20, 0x20, 0x20, 0x20, 0x20, 0x20, 0x20, 0x20, 0x20, 0x20, 0x20, 0x20, 0x20, 0x20, 0x20, 0x20, //                 
	0x20, 0x7d, 0x0a, 0x20, 0x20, 0x20, 0x20, 0x20, 0x20, 0x20, 0x20, 0x20, 0x20, 0x20, 0x20, 0x20, //  }.             
	0x20, 0x20, 0x20, 0x20, 0x20, 0x20, 0x20, 0x5f, 0x31, 0x31, 0x37, 0x38, 0x5b, 0x5f, 0x31, 0x36, //        _1178[_16
	0x32, 0x38, 0x5d, 0x20, 0x3d, 0x20, 0x5f, 0x31, 0x36, 0x33, 0x36, 0x3b, 0x0a, 0x20, 0x20, 0x20, // 28] = _1636;.   
	0x20, 0x20, 0x20, 0x20, 0x20, 0x20, 0x20, 0x20, 0x20, 0x20, 0x20, 0x20, 0x20, 0x7d, 0x0a, 0x20, //              }. 
	0x20, 0x20, 0x20, 0x20, 0x20, 0x20, 0x20, 0x20, 0x20, 0x20, 0x20, 0x20, 0x20, 0x20, 0x20, 0x73, //                s
	0x70, 0x76, 0x55, 0x6e, 0x73, 0x61, 0x66, 0x65, 0x41, 0x72, 0x72, 0x61, 0x79, 0x3c, 0x66, 0x6c, // pvUnsafeArray<fl
	0x6f, 0x61, 0x74, 0x2c, 0x20, 0x31, 0x36, 0x3e, 0x20, 0x5f, 0x31, 0x31, 0x37, 0x33, 0x20, 0x3d, // oat, 16> _1173 =
	0x20, 0x5f, 0x31, 0x31, 0x37, 0x38, 0x3b, 0x0a, 0x20, 0x20, 0x20, 0x20, 0x20, 0x20, 0x20, 0x20, //  _1178;.        
	0x20, 0x20, 0x20, 0x20, 0x20, 0x20, 0x20, 0x20, 0x66, 0x6c, 0x6f, 0x61, 0x74, 0x20, 0x5f, 0x31, //         float _1
	0x36, 0x33, 0x30, 0x3b, 0x0a, 0x20, 0x20, 0x20, 0x20, 0x20, 0x20, 0x20, 0x20, 0x20, 0x20, 0x20, // 630;.           
	0x20, 0x20, 0x20, 0x20, 0x20, 0x66, 0x6c, 0x6f, 0x61, 0x74, 0x33, 0x20, 0x5f, 0x31, 0x36, 0x33, //      float3 _163
	0x32, 0x3b, 0x0a, 0x20, 0x20, 0x20, 0x20, 0x20, 0x20, 0x20, 0x20, 0x20, 0x20, 0x20, 0x20, 0x20, // 2;.             
	0x20, 0x20, 0x20, 0x5f, 0x31, 0x36, 0x33, 0x32, 0x20, 0x3d, 0x20, 0x66, 0x6c, 0x6f, 0x61, 0x74, //    _1632 = float
	0x33, 0x28, 0x30, 0x2e, 0x30, 0x29, 0x3b, 0x0a, 0x20, 0x20, 0x20, 0x20, 0x20, 0x20, 0x20, 0x20, // 3(0.0);.        
	0x20, 0x20, 0x20, 0x20, 0x20, 0x20, 0x20, 0x20, 0x5f, 0x31, 0x36, 0x33, 0x30, 0x20, 0x3d, 0x20, //         _1630 = 
	0x30, 0x2e, 0x30, 0x3b, 0x0a, 0x20, 0x20, 0x20, 0x20, 0x20, 0x20, 0x20, 0x20, 0x20, 0x20, 0x20, // 0.0;.           
	0x20, 0x20, 0x20, 0x20, 0x20, 0x66, 0x6f, 0x72, 0x20, 0x28, 0x69, 0x6e, 0x74, 0x20, 0x5f, 0x31, //      for (int _1
	0x36, 0x32, 0x39, 0x20, 0x3d, 0x20, 0x30, 0x3b, 0x20, 0x5f, 0x31, 0x36, 0x32, 0x39, 0x20, 0x3c, // 629 = 0; _1629 <
	0x3d, 0x20, 0x5f, 0x37, 0x38, 0x35, 0x3b, 0x20, 0x29, 0x0a, 0x20, 0x20, 0x20, 0x20, 0x20, 0x20, // = _785; ).      
	0x20, 0x20, 0x20, 0x20, 0x20, 0x20, 0x20, 0x20, 0x20, 0x20, 0x7b, 0x0a, 0x20, 0x20, 0x20, 0x20, //           {.    
	0x20, 0x20, 0x20, 0x20, 0x20, 0x20, 0x20, 0x20, 0x20, 0x20, 0x20, 0x20, 0x20, 0x20, 0x20, 0x20, //                 
	0x69, 0x6e, 0x74, 0x20, 0x5f, 0x31, 0x32, 0x32, 0x36, 0x20, 0x3d, 0x20, 0x28, 0x5f, 0x31, 0x32, // int _1226 = (_12
	0x30, 0x38, 0x20, 0x2d, 0x20, 0x5f, 0x37, 0x38, 0x35, 0x29, 0x20, 0x2b, 0x20, 0x5f, 0x31, 0x36, // 08 - _785) + _16
	0x32, 0x39, 0x3b, 0x0a, 0x20, 0x20, 0x20, 0x20, 0x20, 0x20, 0x20, 0x20, 0x20, 0x20, 0x20, 0x20, // 29;.            
	0x20, 0x20, 0x20, 0x20, 0x20, 0x20, 0x20, 0x20, 0x66, 0x6c, 0x6f, 0x61, 0x74, 0x20, 0x5f, 0x31, //         float _1
	0x32, 0x33, 0x33, 0x20, 0x3d, 0x20, 0x5f, 0x31, 0x31, 0x37, 0x33, 0x5b, 0x5f, 0x31, 0x36, 0x32, // 233 = _1173[_162
	0x39, 0x5d, 0x20, 0x2a, 0x20, 0x5f, 0x37, 0x33, 0x34, 0x5b, 0x5f, 0x31, 0x32, 0x32, 0x36, 0x5d, // 9] * _734[_1226]
	0x3b, 0x0a, 0x20, 0x20, 0x20, 0x20, 0x20, 0x20, 0x20, 0x20, 0x20, 0x20, 0x20, 0x20, 0x20, 0x20, // ;.              
	0x20, 0x20, 0x20, 0x20, 0x20, 0x20, 0x5f, 0x31, 0x36, 0x33, 0x32, 0x20, 0x2b, 0x3d, 0x20, 0x28, //       _1632 += (
	0x5f, 0x37, 0x33, 0x32, 0x5b, 0x5f, 0x31, 0x32, 0x32, 0x36, 0x5d, 0x20, 0x2a, 0x20, 0x5f, 0x31, // _732[_1226] * _1
	0x32, 0x33, 0x33, 0x29, 0x3b, 0x0a, 0x20, 0x20, 0x20, 0x20, 0x20, 0x20, 0x20, 0x20, 0x20, 0x20, // 233);.          
	0x20, 0x20, 0x20, 0x20, 0x20, 0x20, 0x20, 0x20, 0x20, 0x20, 0x5f, 0x31, 0x36, 0x33, 0x30, 0x20, //           _1630 
	0x2b, 0x3d, 0x20, 0x5f, 0x31, 0x32, 0x33, 0x33, 0x3b, 0x0a, 0x20, 0x20, 0x20, 0x20, 0x20, 0x20, // += _1233;.      
	0x20, 0x20, 0x20, 0x20, 0x20, 0x20, 0x20, 0x20, 0x20, 0x20, 0x20, 0x20, 0x20, 0x20, 0x5f, 0x31, //               _1
	0x36, 0x32, 0x39, 0x2b, 0x2b, 0x3b, 0x0a, 0x20, 0x20, 0x20, 0x20, 0x20, 0x20, 0x20, 0x20, 0x20, // 629++;.         
	0x20, 0x20, 0x20, 0x20, 0x20, 0x20, 0x20, 0x20, 0x20, 0x20, 0x20, 0x63, 0x6f, 0x6e, 0x74, 0x69, //            conti
	0x6e, 0x75, 0x65, 0x3b, 0x0a, 0x20, 0x20, 0x20, 0x20, 0x20, 0x20, 0x20, 0x20, 0x20, 0x20, 0x20, // nue;.           
	0x20, 0x20, 0x20, 0x20, 0x20, 0x7d, 0x0a, 0x20, 0x20, 0x20, 0x20, 0x20, 0x20, 0x20, 0x20, 0x20, //      }.         
	0x20, 0x20, 0x20, 0x20, 0x20, 0x20, 0x20, 0x5f, 0x31, 0x36, 0x37, 0x30, 0x20, 0x3d, 0x20, 0x73, //        _1670 = s
	0x65, 0x6c, 0x65, 0x63, 0x74, 0x28, 0x66, 0x6c, 0x6f, 0x61, 0x74, 0x33, 0x28, 0x30, 0x2e, 0x30, // elect(float3(0.0
	0x29, 0x2c, 0x20, 0x5f, 0x31, 0x36, 0x33, 0x32, 0x20, 0x2f, 0x20, 0x66, 0x6c, 0x6f, 0x61, 0x74, // ), _1632 / float
	0x33, 0x28, 0x5f, 0x31, 0x36, 0x33, 0x30, 0x29, 0x2c, 0x20, 0x62, 0x6f, 0x6f, 0x6c, 0x33, 0x28, // 3(_1630), bool3(
	0x5f, 0x31, 0x36, 0x33, 0x30, 0x20, 0x3e, 0x20, 0x30, 0x2e, 0x30, 0x29, 0x29, 0x3b, 0x0a, 0x20, // _1630 > 0.0));. 
	0x20, 0x20, 0x20, 0x20, 0x20, 0x20, 0x20, 0x20, 0x20, 0x20, 0x20, 0x7d, 0x0a, 0x20, 0x20, 0x20, //            }.   
	0x20, 0x20, 0x20, 0x20, 0x20, 0x20, 0x20, 0x20, 0x20, 0x65, 0x6c, 0x73, 0x65, 0x0a, 0x20, 0x20, //          else.  
	0x20, 0x20, 0x20, 0x20, 0x20, 0x20, 0x20, 0x20, 0x20, 0x20, 0x7b, 0x0a, 0x20, 0x20, 0x20, 0x20, //           {.    
	0x20, 0x20, 0x20, 0x20, 0x20, 0x20, 0x20, 0x20, 0x20, 0x20, 0x20, 0x20, 0x66, 0x6c, 0x6f, 0x61, //             floa
	0x74, 0x20, 0x5f, 0x31, 0x34, 0x32, 0x37, 0x20, 0x3d, 0x20, 0x5f, 0x6d, 0x74, 0x6c, 0x5f, 0x75, // t _1427 = _mtl_u
	0x2e, 0x75, 0x41, 0x72, 0x63, 0x2e, 0x79, 0x20, 0x2b, 0x20, 0x28, 0x5f, 0x6d, 0x74, 0x6c, 0x5f, // .uArc.y + (_mtl_
	0x75, 0x2e, 0x75, 0x41, 0x72, 0x63, 0x2e, 0x7a, 0x20, 0x2a, 0x20, 0x69, 0x6e, 0x2e, 0x61, 0x5f, // u.uArc.z * in.a_
	0x70, 0x6f, 0x73, 0x69, 0x74, 0x69, 0x6f, 0x6e, 0x2e, 0x78, 0x29, 0x3b, 0x0a, 0x20, 0x20, 0x20, // position.x);.   
	0x20, 0x20, 0x20, 0x20, 0x20, 0x20, 0x20, 0x20, 0x20, 0x20, 0x20, 0x20, 0x20, 0x5f, 0x31, 0x36, //              _16
	0x37, 0x30, 0x20, 0x3d, 0x20, 0x5f, 0x37, 0x31, 0x35, 0x5b, 0x30, 0x5d, 0x20, 0x2b, 0x20, 0x28, // 70 = _715[0] + (
	0x28, 0x28, 0x66, 0x61, 0x73, 0x74, 0x3a, 0x3a, 0x6e, 0x6f, 0x72, 0x6d, 0x61, 0x6c, 0x69, 0x7a, // ((fast::normaliz
	0x65, 0x28, 0x5f, 0x37, 0x31, 0x35, 0x5b, 0x31, 0x5d, 0x29, 0x20, 0x2a, 0x20, 0x63, 0x6f, 0x73, // e(_715[1]) * cos
	0x28, 0x5f, 0x31, 0x34, 0x32, 0x37, 0x29, 0x29, 0x20, 0x2b, 0x20, 0x28, 0x66, 0x61, 0x73, 0x74, // (_1427)) + (fast
	0x3a, 0x3a, 0x6e, 0x6f, 0x72, 0x6d, 0x61, 0x6c, 0x69, 0x7a, 0x65, 0x28, 0x5f, 0x37, 0x31, 0x35, // ::normalize(_715
	0x5b, 0x32, 0x5d, 0x29, 0x20, 0x2a, 0x20, 0x73, 0x69, 0x6e, 0x28, 0x5f, 0x31, 0x34, 0x32, 0x37, // [2]) * sin(_1427
	0x29, 0x29, 0x29, 0x20, 0x2a, 0x20, 0x5f, 0x6d, 0x74, 0x6c, 0x5f, 0x75, 0x2e, 0x75, 0x41, 0x72, // ))) * _mtl_u.uAr
	0x63, 0x2e, 0x78, 0x29, 0x3b, 0x0a, 0x20, 0x20, 0x20, 0x20, 0x20, 0x20, 0x20, 0x20, 0x20, 0x20, // c.x);.          
	0x20, 0x20, 0x7d, 0x0a, 0x20, 0x20, 0x20, 0x20, 0x20, 0x20, 0x20, 0x20, 0x20, 0x20, 0x20, 0x20, //   }.            
	0x5f, 0x31, 0x36, 0x36, 0x39, 0x20, 0x3d, 0x20, 0x5f, 0x31, 0x36, 0x37, 0x30, 0x3b, 0x0a, 0x20, // _1669 = _1670;. 
	0x20, 0x20, 0x20, 0x20, 0x20, 0x20, 0x20, 0x7d, 0x0a, 0x20, 0x20, 0x20, 0x20, 0x20, 0x20, 0x20, //        }.       
	0x20, 0x5f, 0x31, 0x36, 0x36, 0x38, 0x20, 0x3d, 0x20, 0x5f, 0x31, 0x36, 0x36, 0x39, 0x3b, 0x0a, //  _1668 = _1669;.
	0x20, 0x20, 0x20, 0x20, 0x7d, 0x0a, 0x20, 0x20, 0x20, 0x20, 0x66, 0x6c, 0x6f, 0x61, 0x74, 0x34, //     }.    float4
	0x20, 0x5f, 0x38, 0x34, 0x35, 0x20, 0x3d, 0x20, 0x5f, 0x6d, 0x74, 0x6c, 0x5f, 0x75, 0x2e, 0x75, //  _845 = _mtl_u.u
	0x56, 0x69, 0x65, 0x77, 0x20, 0x2a, 0x20, 0x66, 0x6c, 0x6f, 0x61, 0x74, 0x34, 0x28, 0x5f, 0x31, // View * float4(_1
	0x36, 0x36, 0x38, 0x2c, 0x20, 0x31, 0x2e, 0x30, 0x29, 0x3b, 0x0a, 0x20, 0x20, 0x20, 0x20, 0x66, // 668, 1.0);.    f
	0x6c, 0x6f, 0x61, 0x74, 0x20, 0x5f, 0x38, 0x35, 0x30, 0x20, 0x3d, 0x20, 0x5f, 0x38, 0x34, 0x35, // loat _850 = _845
	0x2e, 0x7a, 0x20, 0x2b, 0x20, 0x5f, 0x6d, 0x74, 0x6c, 0x5f, 0x75, 0x2e, 0x75, 0x4c, 0x61, 0x79, // .z + _mtl_u.uLay
	0x65, 0x72, 0x4f, 0x66, 0x66, 0x73, 0x65, 0x74, 0x2e, 0x78, 0x3b, 0x0a, 0x20, 0x20, 0x20, 0x20, // erOffset.x;.    
	0x66, 0x6c, 0x6f, 0x61, 0x74, 0x34, 0x20, 0x5f, 0x31, 0x36, 0x30, 0x31, 0x20, 0x3d, 0x20, 0x5f, // float4 _1601 = _
	0x38, 0x34, 0x35, 0x3b, 0x0a, 0x20, 0x20, 0x20, 0x20, 0x5f, 0x31, 0x36, 0x30, 0x31, 0x2e, 0x7a, // 845;.    _1601.z
	0x20, 0x3d, 0x20, 0x5f, 0x38, 0x35, 0x30, 0x3b, 0x0a, 0x20, 0x20, 0x20, 0x20, 0x6f, 0x75, 0x74, //  = _850;.    out
	0x2e, 0x67, 0x6c, 0x5f, 0x50, 0x6f, 0x73, 0x69, 0x74, 0x69, 0x6f, 0x6e, 0x20, 0x3d, 0x20, 0x5f, // .gl_Position = _
	0x6d, 0x74, 0x6c, 0x5f, 0x75, 0x2e, 0x70, 0x72, 0x6f, 0x6a, 0x65, 0x63, 0x74, 0x69, 0x6f, 0x6e, // mtl_u.projection
	0x20, 0x2a, 0x20, 0x5f, 0x31, 0x36, 0x30, 0x31, 0x3b, 0x0a, 0x20, 0x20, 0x20, 0x20, 0x6f, 0x75, //  * _1601;.    ou
	0x74, 0x2e, 0x5f, 0x65, 0x6e, 0x74, 0x72, 0x79, 0x50, 0x6f, 0x69, 0x6e, 0x74, 0x4f, 0x75, 0x74, // t._entryPointOut
	0x70, 0x75, 0x74, 0x5f, 0x76, 0x5f, 0x63, 0x6f, 0x6c, 0x6f, 0x72, 0x20, 0x3d, 0x20, 0x5f, 0x6d, // put_v_color = _m
	0x74, 0x6c, 0x5f, 0x75, 0x2e, 0x75, 0x43, 0x75, 0x72, 0x76, 0x65, 0x43, 0x6f, 0x6c, 0x6f, 0x72, // tl_u.uCurveColor
	0x3b, 0x0a, 0x20, 0x20, 0x20, 0x20, 0x6f, 0x75, 0x74, 0x2e, 0x5f, 0x65, 0x6e, 0x74, 0x72, 0x79, // ;.    out._entry
	0x50, 0x6f, 0x69, 0x6e, 0x74, 0x4f, 0x75, 0x74, 0x70, 0x75, 0x74, 0x5f, 0x76, 0x5f, 0x64, 0x65, // PointOutput_v_de
	0x70, 0x74, 0x68, 0x20, 0x3d, 0x20, 0x2d, 0x5f, 0x38, 0x35, 0x30, 0x3b, 0x0a, 0x20, 0x20, 0x20, // pth = -_850;.   
	0x20, 0x72, 0x65, 0x74, 0x75, 0x72, 0x6e, 0x20, 0x6f, 0x75, 0x74, 0x3b, 0x0a, 0x7d, 0x0a, 0x0a, //  return out;.}..
	0x00, 0x01, 0x01, 0x00, 0x00, 0x02,                                                             // ......
};

static const uint8_t vs_curve_essl[5559] =
{
	0x56, 0x53, 0x48, 0x0b, 0x00, 0x00, 0x00, 0x00, 0x16, 0x75, 0x06, 0xff, 0x00, 0x00, 0xa4, 0x15, // VSH......u......
	0x00, 0x00, 0x23, 0x76, 0x65, 0x72, 0x73, 0x69, 0x6f, 0x6e, 0x20, 0x33, 0x32, 0x30, 0x20, 0x65, // ..#version 320 e
	0x73, 0x0a, 0x23, 0x64, 0x65, 0x66, 0x69, 0x6e, 0x65, 0x20, 0x61, 0x74, 0x74, 0x72, 0x69, 0x62, // s.#define attrib
	0x75, 0x74, 0x65, 0x20, 0x69, 0x6e, 0x0a, 0x23, 0x64, 0x65, 0x66, 0x69, 0x6e, 0x65, 0x20, 0x76, // ute in.#define v
	0x61, 0x72, 0x79, 0x69, 0x6e, 0x67, 0x20, 0x6f, 0x75, 0x74, 0x0a, 0x70, 0x72, 0x65, 0x63, 0x69, // arying out.preci
	0x73, 0x69, 0x6f, 0x6e, 0x20, 0x68, 0x69, 0x67, 0x68, 0x70, 0x20, 0x66, 0x6c, 0x6f, 0x61, 0x74, // sion highp float
	0x3b, 0x0a, 0x70, 0x72, 0x65, 0x63, 0x69, 0x73, 0x69, 0x6f, 0x6e, 0x20, 0x68, 0x69, 0x67, 0x68, // ;.precision high
	0x70, 0x20, 0x69, 0x6e, 0x74, 0x3b, 0x0a, 0x23, 0x64, 0x65, 0x66, 0x69, 0x6e, 0x65, 0x20, 0x73, // p int;.#define s
	0x68, 0x61, 0x64, 0x6f, 0x77, 0x32, 0x44, 0x28, 0x5f, 0x73, 0x61, 0x6d, 0x70, 0x6c, 0x65, 0x72, // hadow2D(_sampler
	0x2c, 0x20, 0x5f, 0x63, 0x6f, 0x6f, 0x72, 0x64, 0x29, 0x20, 0x74, 0x65, 0x78, 0x74, 0x75, 0x72, // , _coord) textur
	0x65, 0x28, 0x5f, 0x73, 0x61, 0x6d, 0x70, 0x6c, 0x65, 0x72, 0x2c, 0x20, 0x5f, 0x63, 0x6f, 0x6f, // e(_sampler, _coo
	0x72, 0x64, 0x29, 0x0a, 0x23, 0x64, 0x65, 0x66, 0x69, 0x6e, 0x65, 0x20, 0x73, 0x68, 0x61, 0x64, // rd).#define shad
	0x6f, 0x77, 0x32, 0x44, 0x50, 0x72, 0x6f, 0x6a, 0x28, 0x5f, 0x73, 0x61, 0x6d, 0x70, 0x6c, 0x65, // ow2DProj(_sample
	0x72, 0x2c, 0x20, 0x5f, 0x63, 0x6f, 0x6f, 0x72, 0x64, 0x29, 0x20, 0x74, 0x65, 0x78, 0x74, 0x75, // r, _coord) textu
	0x72, 0x65, 0x50, 0x72, 0x6f, 0x6a, 0x28, 0x5f, 0x73, 0x61, 0x6d, 0x70, 0x6c, 0x65, 0x72, 0x2c, // reProj(_sampler,
	0x20, 0x5f, 0x63, 0x6f, 0x6f, 0x72, 0x64, 0x29, 0x0a, 0x61, 0x74, 0x74, 0x72, 0x69, 0x62, 0x75, //  _coord).attribu
	0x74, 0x65, 0x20, 0x76, 0x65, 0x63, 0x32, 0x20, 0x61, 0x5f, 0x70, 0x6f, 0x73, 0x69, 0x74, 0x69, // te vec2 a_positi
	0x6f, 0x6e, 0x3b, 0x0a, 0x76, 0x61, 0x72, 0x79, 0x69, 0x6e, 0x67, 0x20, 0x76, 0x65, 0x63, 0x34, // on;.varying vec4
	0x20, 0x76, 0x5f, 0x63, 0x6f, 0x6c, 0x6f, 0x72, 0x3b, 0x0a, 0x76, 0x61, 0x72, 0x79, 0x69, 0x6e, //  v_color;.varyin
	0x67, 0x20, 0x66, 0x6c, 0x6f, 0x61, 0x74, 0x20, 0x76, 0x5f, 0x64, 0x65, 0x70, 0x74, 0x68, 0x3b, // g float v_depth;
	0x0a, 0x76, 0x65, 0x63, 0x33, 0x20, 0x69, 0x6e, 0x73, 0x74, 0x4d, 0x75, 0x6c, 0x28, 0x76, 0x65, // .vec3 instMul(ve
	0x63, 0x33, 0x20, 0x5f, 0x76, 0x65, 0x63, 0x2c, 0x20, 0x6d, 0x61, 0x74, 0x33, 0x20, 0x5f, 0x6d, // c3 _vec, mat3 _m
	0x74, 0x78, 0x29, 0x20, 0x7b, 0x20, 0x72, 0x65, 0x74, 0x75, 0x72, 0x6e, 0x20, 0x28, 0x20, 0x28, // tx) { return ( (
	0x5f, 0x76, 0x65, 0x63, 0x29, 0x20, 0x2a, 0x20, 0x28, 0x5f, 0x6d, 0x74, 0x78, 0x29, 0x20, 0x29, // _vec) * (_mtx) )
	0x3b, 0x20, 0x7d, 0x0a, 0x76, 0x65, 0x63, 0x33, 0x20, 0x69, 0x6e, 0x73, 0x74, 0x4d, 0x75, 0x6c, // ; }.vec3 instMul
	0x28, 0x6d, 0x61, 0x74, 0x33, 0x20, 0x5f, 0x6d, 0x74, 0x78, 0x2c, 0x20, 0x76, 0x65, 0x63, 0x33, // (mat3 _mtx, vec3
	0x20, 0x5f, 0x76, 0x65, 0x63, 0x29, 0x20, 0x7b, 0x20, 0x72, 0x65, 0x74, 0x75, 0x72, 0x6e, 0x20, //  _vec) { return 
	0x28, 0x20, 0x28, 0x5f, 0x6d, 0x74, 0x78, 0x29, 0x20, 0x2a, 0x20, 0x28, 0x5f, 0x76, 0x65, 0x63, // ( (_mtx) * (_vec
	0x29, 0x20, 0x29, 0x3b, 0x20, 0x7d, 0x0a, 0x76, 0x65, 0x63, 0x34, 0x20, 0x69, 0x6e, 0x73, 0x74, // ) ); }.vec4 inst
	0x4d, 0x75, 0x6c, 0x28, 0x76, 0x65, 0x63, 0x34, 0x20, 0x5f, 0x76, 0x65, 0x63, 0x2c, 0x20, 0x6d, // Mul(vec4 _vec, m
	0x61, 0x74, 0x34, 0x20, 0x5f, 0x6d, 0x74, 0x78, 0x29, 0x20, 0x7b, 0x20, 0x72, 0x65, 0x74, 0x75, // at4 _mtx) { retu
	0x72, 0x6e, 0x20, 0x28, 0x20, 0x28, 0x5f, 0x76, 0x65, 0x63, 0x29, 0x20, 0x2a, 0x20, 0x28, 0x5f, // rn ( (_vec) * (_
	0x6d, 0x74, 0x78, 0x29, 0x20, 0x29, 0x3b, 0x20, 0x7d, 0x0a, 0x76, 0x65, 0x63, 0x34, 0x20, 0x69, // mtx) ); }.vec4 i
	0x6e, 0x73, 0x74, 0x4d, 0x75, 0x6c, 0x28, 0x6d, 0x61, 0x74, 0x34, 0x20, 0x5f, 0x6d, 0x74, 0x78, // nstMul(mat4 _mtx
	0x2c, 0x20, 0x76, 0x65, 0x63, 0x34, 0x20, 0x5f, 0x76, 0x65, 0x63, 0x29, 0x20, 0x7b, 0x20, 0x72, // , vec4 _vec) { r
	0x65, 0x74, 0x75, 0x72, 0x6e, 0x20, 0x28, 0x20, 0x28, 0x5f, 0x6d, 0x74, 0x78, 0x29, 0x20, 0x2a, // eturn ( (_mtx) *
	0x20, 0x28, 0x5f, 0x76, 0x65, 0x63, 0x29, 0x20, 0x29, 0x3b, 0x20, 0x7d, 0x0a, 0x66, 0x6c, 0x6f, //  (_vec) ); }.flo
	0x61, 0x74, 0x20, 0x72, 0x63, 0x70, 0x28, 0x66, 0x6c, 0x6f, 0x61, 0x74, 0x20, 0x5f, 0x61, 0x29, // at rcp(float _a)
	0x20, 0x7b, 0x20, 0x72, 0x65, 0x74, 0x75, 0x72, 0x6e, 0x20, 0x31, 0x2e, 0x30, 0x2f, 0x5f, 0x61, //  { return 1.0/_a
	0x3b, 0x20, 0x7d, 0x0a, 0x76, 0x65, 0x63, 0x32, 0x20, 0x72, 0x63, 0x70, 0x28, 0x76, 0x65, 0x63, // ; }.vec2 rcp(vec
	0x32, 0x20, 0x5f, 0x61, 0x29, 0x20, 0x7b, 0x20, 0x72, 0x65, 0x74, 0x75, 0x72, 0x6e, 0x20, 0x76, // 2 _a) { return v
	0x65, 0x63, 0x32, 0x28, 0x31, 0x2e, 0x30, 0x29, 0x2f, 0x5f, 0x61, 0x3b, 0x20, 0x7d, 0x0a, 0x76, // ec2(1.0)/_a; }.v
	0x65, 0x63, 0x33, 0x20, 0x72, 0x63, 0x70, 0x28, 0x76, 0x65, 0x63, 0x33, 0x20, 0x5f, 0x61, 0x29, // ec3 rcp(vec3 _a)
	0x20, 0x7b, 0x20, 0x72, 0x65, 0x74, 0x75, 0x72, 0x6e, 0x20, 0x76, 0x65, 0x63, 0x33, 0x28, 0x31, //  { return vec3(1
	0x2e, 0x30, 0x29, 0x2f, 0x5f, 0x61, 0x3b, 0x20, 0x7d, 0x0a, 0x76, 0x65, 0x63, 0x34, 0x20, 0x72, // .0)/_a; }.vec4 r
	0x63, 0x70, 0x28, 0x76, 0x65, 0x63, 0x34, 0x20, 0x5f, 0x61, 0x29, 0x20, 0x7b, 0x20, 0x72, 0x65, // cp(vec4 _a) { re
	0x74, 0x75, 0x72, 0x6e, 0x20, 0x76, 0x65, 0x63, 0x34, 0x28, 0x31, 0x2e, 0x30, 0x29, 0x2f, 0x5f, // turn vec4(1.0)/_
	0x61, 0x3b, 0x20, 0x7d, 0x0a, 0x76, 0x65, 0x63, 0x32, 0x20, 0x76, 0x65, 0x63, 0x32, 0x5f, 0x73, // a; }.vec2 vec2_s
	0x70, 0x6c, 0x61, 0x74, 0x28, 0x66, 0x6c, 0x6f, 0x61, 0x74, 0x20, 0x5f, 0x78, 0x29, 0x20, 0x7b, // plat(float _x) {
	0x20, 0x72, 0x65, 0x74, 0x75, 0x72, 0x6e, 0x20, 0x76, 0x65, 0x63, 0x32, 0x28, 0x5f, 0x78, 0x2c, //  return vec2(_x,
	0x20, 0x5f, 0x78, 0x29, 0x3b, 0x20, 0x7d, 0x0a, 0x76, 0x65, 0x63, 0x33, 0x20, 0x76, 0x65, 0x63, //  _x); }.vec3 vec
	0x33, 0x5f, 0x73, 0x70, 0x6c, 0x61, 0x74, 0x28, 0x66, 0x6c, 0x6f, 0x61, 0x74, 0x20, 0x5f, 0x78, // 3_splat(float _x
	0x29, 0x20, 0x7b, 0x20, 0x72, 0x65, 0x74, 0x75, 0x72, 0x6e, 0x20, 0x76, 0x65, 0x63, 0x33, 0x28, // ) { return vec3(
	0x5f, 0x78, 0x2c, 0x20, 0x5f, 0x78, 0x2c, 0x20, 0x5f, 0x78, 0x29, 0x3b, 0x20, 0x7d, 0x0a, 0x76, // _x, _x, _x); }.v
	0x65, 0x63, 0x34, 0x20, 0x76, 0x65, 0x63, 0x34, 0x5f, 0x73, 0x70, 0x6c, 0x61, 0x74, 0x28, 0x66, // ec4 vec4_splat(f
	0x6c, 0x6f, 0x61, 0x74, 0x20, 0x5f, 0x78, 0x29, 0x20, 0x7b, 0x20, 0x72, 0x65, 0x74, 0x75, 0x72, // loat _x) { retur
	0x6e, 0x20, 0x76, 0x65, 0x63, 0x34, 0x28, 0x5f, 0x78, 0x2c, 0x20, 0x5f, 0x78, 0x2c, 0x20, 0x5f, // n vec4(_x, _x, _
	0x78, 0x2c, 0x20, 0x5f, 0x78, 0x29, 0x3b, 0x20, 0x7d, 0x0a, 0x75, 0x76, 0x65, 0x63, 0x32, 0x20, // x, _x); }.uvec2 
	0x75, 0x76, 0x65, 0x63, 0x32, 0x5f, 0x73, 0x70, 0x6c, 0x61, 0x74, 0x28, 0x75, 0x69, 0x6e, 0x74, // uvec2_splat(uint
	0x20, 0x5f, 0x78, 0x29, 0x20, 0x7b, 0x20, 0x72, 0x65, 0x74, 0x75, 0x72, 0x6e, 0x20, 0x75, 0x76, //  _x) { return uv
	0x65, 0x63, 0x32, 0x28, 0x5f, 0x78, 0x2c, 0x20, 0x5f, 0x78, 0x29, 0x3b, 0x20, 0x7d, 0x0a, 0x75, // ec2(_x, _x); }.u
	0x76, 0x65, 0x63, 0x33, 0x20, 0x75, 0x76, 0x65, 0x63, 0x33, 0x5f, 0x73, 0x70, 0x6c, 0x61, 0x74, // vec3 uvec3_splat
	0x28, 0x75, 0x69, 0x6e, 0x74, 0x20, 0x5f, 0x78, 0x29, 0x20, 0x7b, 0x20, 0x72, 0x65, 0x74, 0x75, // (uint _x) { retu
	0x72, 0x6e, 0x20, 0x75, 0x76, 0x65, 0x63, 0x33, 0x28, 0x5f, 0x78, 0x2c, 0x20, 0x5f, 0x78, 0x2c, // rn uvec3(_x, _x,
	0x20, 0x5f, 0x78, 0x29, 0x3b, 0x20, 0x7d, 0x0a, 0x75, 0x76, 0x65, 0x63, 0x34, 0x20, 0x75, 0x76, //  _x); }.uvec4 uv
	0x65, 0x63, 0x34, 0x5f, 0x73, 0x70, 0x6c, 0x61, 0x74, 0x28, 0x75, 0x69, 0x6e, 0x74, 0x20, 0x5f, // ec4_splat(uint _
	0x78, 0x29, 0x20, 0x7b, 0x20, 0x72, 0x65, 0x74, 0x75, 0x72, 0x6e, 0x20, 0x75, 0x76, 0x65, 0x63, // x) { return uvec
	0x34, 0x28, 0x5f, 0x78, 0x2c, 0x20, 0x5f, 0x78, 0x2c, 0x20, 0x5f, 0x78, 0x2c, 0x20, 0x5f, 0x78, // 4(_x, _x, _x, _x
	0x29, 0x3b, 0x20, 0x7d, 0x0a, 0x6d, 0x61, 0x74, 0x34, 0x20, 0x6d, 0x74, 0x78, 0x46, 0x72, 0x6f, // ); }.mat4 mtxFro
	0x6d, 0x52, 0x6f, 0x77, 0x73, 0x28, 0x76, 0x65, 0x63, 0x34, 0x20, 0x5f, 0x30, 0x2c, 0x20, 0x76, // mRows(vec4 _0, v
	0x65, 0x63, 0x34, 0x20, 0x5f, 0x31, 0x2c, 0x20, 0x76, 0x65, 0x63, 0x34, 0x20, 0x5f, 0x32, 0x2c, // ec4 _1, vec4 _2,
	0x20, 0x76, 0x65, 0x63, 0x34, 0x20, 0x5f, 0x33, 0x29, 0x0a, 0x7b, 0x0a, 0x72, 0x65, 0x74, 0x75, //  vec4 _3).{.retu
	0x72, 0x6e, 0x20, 0x74, 0x72, 0x61, 0x6e, 0x73, 0x70, 0x6f, 0x73, 0x65, 0x28, 0x6d, 0x61, 0x74, // rn transpose(mat
	0x34, 0x28, 0x5f, 0x30, 0x2c, 0x20, 0x5f, 0x31, 0x2c, 0x20, 0x5f, 0x32, 0x2c, 0x20, 0x5f, 0x33, // 4(_0, _1, _2, _3
	0x29, 0x20, 0x29, 0x3b, 0x0a, 0x7d, 0x0a, 0x6d, 0x61, 0x74, 0x34, 0x20, 0x6d, 0x74, 0x78, 0x46, // ) );.}.mat4 mtxF
	0x72, 0x6f, 0x6d, 0x43, 0x6f, 0x6c, 0x73, 0x28, 0x76, 0x65, 0x63, 0x34, 0x20, 0x5f, 0x30, 0x2c, // romCols(vec4 _0,
	0x20, 0x76, 0x65, 0x63, 0x34, 0x20, 0x5f, 0x31, 0x2c, 0x20, 0x76, 0x65, 0x63, 0x34, 0x20, 0x5f, //  vec4 _1, vec4 _
	0x32, 0x2c, 0x20, 0x76, 0x65, 0x63, 0x34, 0x20, 0x5f, 0x33, 0x29, 0x0a, 0x7b, 0x0a, 0x72, 0x65, // 2, vec4 _3).{.re
	0x74, 0x75, 0x72, 0x6e, 0x20, 0x6d, 0x61, 0x74, 0x34, 0x28, 0x5f, 0x30, 0x2c, 0x20, 0x5f, 0x31, // turn mat4(_0, _1
	0x2c, 0x20, 0x5f, 0x32, 0x2c, 0x20, 0x5f, 0x33, 0x29, 0x3b, 0x0a, 0x7d, 0x0a, 0x6d, 0x61, 0x74, // , _2, _3);.}.mat
	0x33, 0x20, 0x6d, 0x74, 0x78, 0x46, 0x72, 0x6f, 0x6d, 0x52, 0x6f, 0x77, 0x73, 0x28, 0x76, 0x65, // 3 mtxFromRows(ve
	0x63, 0x33, 0x20, 0x5f, 0x30, 0x2c, 0x20, 0x76, 0x65, 0x63, 0x33, 0x20, 0x5f, 0x31, 0x2c, 0x20, // c3 _0, vec3 _1, 
	0x76, 0x65, 0x63, 0x33, 0x20, 0x5f, 0x32, 0x29, 0x0a, 0x7b, 0x0a, 0x72, 0x65, 0x74, 0x75, 0x72, // vec3 _2).{.retur
	0x6e, 0x20, 0x74, 0x72, 0x61, 0x6e, 0x73, 0x70, 0x6f, 0x73, 0x65, 0x28, 0x6d, 0x61, 0x74, 0x33, // n transpose(mat3
	0x28, 0x5f, 0x30, 0x2c, 0x20, 0x5f, 0x31, 0x2c, 0x20, 0x5f, 0x32, 0x29, 0x20, 0x29, 0x3b, 0x0a, // (_0, _1, _2) );.
	0x7d, 0x0a, 0x6d, 0x61, 0x74, 0x33, 0x20, 0x6d, 0x74, 0x78, 0x46, 0x72, 0x6f, 0x6d, 0x43, 0x6f, // }.mat3 mtxFromCo
	0x6c, 0x73, 0x28, 0x76, 0x65, 0x63, 0x33, 0x20, 0x5f, 0x30, 0x2c, 0x20, 0x76, 0x65, 0x63, 0x33, // ls(vec3 _0, vec3
	0x20, 0x5f, 0x31, 0x2c, 0x20, 0x76, 0x65, 0x63, 0x33, 0x20, 0x5f, 0x32, 0x29, 0x0a, 0x7b, 0x0a, //  _1, vec3 _2).{.
	0x72, 0x65, 0x74, 0x75, 0x72, 0x6e, 0x20, 0x6d, 0x61, 0x74, 0x33, 0x28, 0x5f, 0x30, 0x2c, 0x20, // return mat3(_0, 
	0x5f, 0x31, 0x2c, 0x20, 0x5f, 0x32, 0x29, 0x3b, 0x0a, 0x7d, 0x0a, 0x75, 0x6e, 0x69, 0x66, 0x6f, // _1, _2);.}.unifo
	0x72, 0x6d, 0x20, 0x76, 0x65, 0x63, 0x34, 0x20, 0x75, 0x5f, 0x76, 0x69, 0x65, 0x77, 0x52, 0x65, // rm vec4 u_viewRe
	0x63, 0x74, 0x3b, 0x0a, 0x75, 0x6e, 0x69, 0x66, 0x6f, 0x72, 0x6d, 0x20, 0x76, 0x65, 0x63, 0x34, // ct;.uniform vec4
	0x20, 0x75, 0x5f, 0x76, 0x69, 0x65, 0x77, 0x54, 0x65, 0x78, 0x65, 0x6c, 0x3b, 0x0a, 0x75, 0x6e, //  u_viewTexel;.un
	0x69, 0x66, 0x6f, 0x72, 0x6d, 0x20, 0x6d, 0x61, 0x74, 0x34, 0x20, 0x75, 0x5f, 0x76, 0x69, 0x65, // iform mat4 u_vie
	0x77, 0x3b, 0x0a, 0x75, 0x6e, 0x69, 0x66, 0x6f, 0x72, 0x6d, 0x20, 0x6d, 0x61, 0x74, 0x34, 0x20, // w;.uniform mat4 
	0x75, 0x5f, 0x69, 0x6e, 0x76, 0x56, 0x69, 0x65, 0x77, 0x3b, 0x0a, 0x75, 0x6e, 0x69, 0x66, 0x6f, // u_invView;.unifo
	0x72, 0x6d, 0x20, 0x6d, 0x61, 0x74, 0x34, 0x20, 0x75, 0x5f, 0x70, 0x72, 0x6f, 0x6a, 0x3b, 0x0a, // rm mat4 u_proj;.
	0x75, 0x6e, 0x69, 0x66, 0x6f, 0x72, 0x6d, 0x20, 0x6d, 0x61, 0x74, 0x34, 0x20, 0x75, 0x5f, 0x69, // uniform mat4 u_i
	0x6e, 0x76, 0x50, 0x72, 0x6f, 0x6a, 0x3b, 0x0a, 0x75, 0x6e, 0x69, 0x66, 0x6f, 0x72, 0x6d, 0x20, // nvProj;.uniform 
	0x6d, 0x61, 0x74, 0x34, 0x20, 0x75, 0x5f, 0x76, 0x69, 0x65, 0x77, 0x50, 0x72, 0x6f, 0x6a, 0x3b, // mat4 u_viewProj;
	0x0a, 0x75, 0x6e, 0x69, 0x66, 0x6f, 0x72, 0x6d, 0x20, 0x6d, 0x61, 0x74, 0x34, 0x20, 0x75, 0x5f, // .uniform mat4 u_
	0x69, 0x6e, 0x76, 0x56, 0x69, 0x65, 0x77, 0x50, 0x72, 0x6f, 0x6a, 0x3b, 0x0a, 0x75, 0x6e, 0x69, // invViewProj;.uni
	0x66, 0x6f, 0x72, 0x6d, 0x20, 0x6d, 0x61, 0x74, 0x34, 0x20, 0x75, 0x5f, 0x6d, 0x6f, 0x64, 0x65, // form mat4 u_mode
	0x6c, 0x5b, 0x33, 0x32, 0x5d, 0x3b, 0x0a, 0x75, 0x6e, 0x69, 0x66, 0x6f, 0x72, 0x6d, 0x20, 0x6d, // l[32];.uniform m
	0x61, 0x74, 0x34, 0x20, 0x75, 0x5f, 0x6d, 0x6f, 0x64, 0x65, 0x6c, 0x56, 0x69, 0x65, 0x77, 0x3b, // at4 u_modelView;
	0x0a, 0x75, 0x6e, 0x69, 0x66, 0x6f, 0x72, 0x6d, 0x20, 0x6d, 0x61, 0x74, 0x34, 0x20, 0x75, 0x5f, // .uniform mat4 u_
	0x6d, 0x6f, 0x64, 0x65, 0x6c, 0x56, 0x69, 0x65, 0x77, 0x50, 0x72, 0x6f, 0x6a, 0x3b, 0x0a, 0x75, // modelViewProj;.u
	0x6e, 0x69, 0x66, 0x6f, 0x72, 0x6d, 0x20, 0x76, 0x65, 0x63, 0x34, 0x20, 0x75, 0x5f, 0x61, 0x6c, // niform vec4 u_al
	0x70, 0x68, 0x61, 0x52, 0x65, 0x66, 0x34, 0x3b, 0x0a, 0x76, 0x65, 0x63, 0x33, 0x20, 0x63, 0x61, // phaRef4;.vec3 ca
	0x64, 0x5f, 0x64, 0x65, 0x43, 0x61, 0x73, 0x74, 0x65, 0x6c, 0x6a, 0x61, 0x75, 0x28, 0x76, 0x65, // d_deCasteljau(ve
	0x63, 0x33, 0x20, 0x63, 0x70, 0x5b, 0x31, 0x36, 0x5d, 0x2c, 0x20, 0x69, 0x6e, 0x74, 0x20, 0x64, // c3 cp[16], int d
	0x65, 0x67, 0x72, 0x65, 0x65, 0x2c, 0x20, 0x66, 0x6c, 0x6f, 0x61, 0x74, 0x20, 0x74, 0x29, 0x0a, // egree, float t).
	0x7b, 0x0a, 0x76, 0x65, 0x63, 0x33, 0x20, 0x77, 0x6f, 0x72, 0x6b, 0x5b, 0x31, 0x36, 0x5d, 0x3b, // {.vec3 work[16];
	0x0a, 0x66, 0x6c, 0x6f, 0x61, 0x74, 0x20, 0x75, 0x20, 0x3d, 0x20, 0x31, 0x2e, 0x30, 0x20, 0x2d, // .float u = 1.0 -
	0x20, 0x74, 0x3b, 0x0a, 0x66, 0x6f, 0x72, 0x20, 0x28, 0x69, 0x6e, 0x74, 0x20, 0x69, 0x20, 0x3d, //  t;.for (int i =
	0x20, 0x30, 0x3b, 0x20, 0x69, 0x20, 0x3c, 0x3d, 0x20, 0x64, 0x65, 0x67, 0x72, 0x65, 0x65, 0x3b, //  0; i <= degree;
	0x20, 0x2b, 0x2b, 0x69, 0x29, 0x0a, 0x77, 0x6f, 0x72, 0x6b, 0x5b, 0x69, 0x5d, 0x20, 0x3d, 0x20, //  ++i).work[i] = 
	0x63, 0x70, 0x5b, 0x69, 0x5d, 0x3b, 0x0a, 0x66, 0x6f, 0x72, 0x20, 0x28, 0x69, 0x6e, 0x74, 0x20, // cp[i];.for (int 
	0x6c, 0x65, 0x76, 0x65, 0x6c, 0x20, 0x3d, 0x20, 0x31, 0x3b, 0x20, 0x6c, 0x65, 0x76, 0x65, 0x6c, // level = 1; level
	0x20, 0x3c, 0x3d, 0x20, 0x64, 0x65, 0x67, 0x72, 0x65, 0x65, 0x3b, 0x20, 0x2b, 0x2b, 0x6c, 0x65, //  <= degree; ++le
	0x76, 0x65, 0x6c, 0x29, 0x0a, 0x7b, 0x0a, 0x66, 0x6f, 0x72, 0x20, 0x28, 0x69, 0x6e, 0x74, 0x20, // vel).{.for (int 
	0x69, 0x20, 0x3d, 0x20, 0x30, 0x3b, 0x20, 0x69, 0x20, 0x3c, 0x3d, 0x20, 0x64, 0x65, 0x67, 0x72, // i = 0; i <= degr
	0x65, 0x65, 0x20, 0x2d, 0x20, 0x6c, 0x65, 0x76, 0x65, 0x6c, 0x3b, 0x20, 0x2b, 0x2b, 0x69, 0x29, // ee - level; ++i)
	0x0a, 0x77, 0x6f, 0x72, 0x6b, 0x5b, 0x69, 0x5d, 0x20, 0x3d, 0x20, 0x75, 0x20, 0x2a, 0x20, 0x77, // .work[i] = u * w
	0x6f, 0x72, 0x6b, 0x5b, 0x69, 0x5d, 0x20, 0x2b, 0x20, 0x74, 0x20, 0x2a, 0x20, 0x77, 0x6f, 0x72, // ork[i] + t * wor
	0x6b, 0x5b, 0x69, 0x20, 0x2b, 0x20, 0x31, 0x5d, 0x3b, 0x0a, 0x7d, 0x0a, 0x72, 0x65, 0x74, 0x75, // k[i + 1];.}.retu
	0x72, 0x6e, 0x20, 0x77, 0x6f, 0x72, 0x6b, 0x5b, 0x30, 0x5d, 0x3b, 0x0a, 0x7d, 0x0a, 0x69, 0x6e, // rn work[0];.}.in
	0x74, 0x20, 0x63, 0x61, 0x64, 0x5f, 0x66, 0x69, 0x6e, 0x64, 0x53, 0x70, 0x61, 0x6e, 0x28, 0x66, // t cad_findSpan(f
	0x6c, 0x6f, 0x61, 0x74, 0x20, 0x6b, 0x6e, 0x6f, 0x74, 0x73, 0x5b, 0x31, 0x36, 0x5d, 0x2c, 0x20, // loat knots[16], 
	0x69, 0x6e, 0x74, 0x20, 0x6e, 0x75, 0x6d, 0x43, 0x50, 0x2c, 0x0a, 0x69, 0x6e, 0x74, 0x20, 0x64, // int numCP,.int d
	0x65, 0x67, 0x72, 0x65, 0x65, 0x2c, 0x20, 0x66, 0x6c, 0x6f, 0x61, 0x74, 0x20, 0x74, 0x29, 0x0a, // egree, float t).
	0x7b, 0x0a, 0x69, 0x6e, 0x74, 0x20, 0x66, 0x69, 0x72, 0x73, 0x74, 0x53, 0x70, 0x61, 0x6e, 0x20, // {.int firstSpan 
	0x3d, 0x20, 0x64, 0x65, 0x67, 0x72, 0x65, 0x65, 0x3b, 0x0a, 0x69, 0x6e, 0x74, 0x20, 0x6c, 0x61, // = degree;.int la
	0x73, 0x74, 0x53, 0x70, 0x61, 0x6e, 0x20, 0x3d, 0x20, 0x6e, 0x75, 0x6d, 0x43, 0x50, 0x20, 0x2d, // stSpan = numCP -
	0x20, 0x31, 0x3b, 0x0a, 0x66, 0x69, 0x72, 0x73, 0x74, 0x53, 0x70, 0x61, 0x6e, 0x20, 0x3d, 0x20, //  1;.firstSpan = 
	0x63, 0x6c, 0x61, 0x6d, 0x70, 0x28, 0x66, 0x69, 0x72, 0x73, 0x74, 0x53, 0x70, 0x61, 0x6e, 0x2c, // clamp(firstSpan,
	0x20, 0x30, 0x2c, 0x20, 0x31, 0x36, 0x20, 0x2d, 0x20, 0x31, 0x29, 0x3b, 0x0a, 0x6c, 0x61, 0x73, //  0, 16 - 1);.las
	0x74, 0x53, 0x70, 0x61, 0x6e, 0x20, 0x3d, 0x20, 0x63, 0x6c, 0x61, 0x6d, 0x70, 0x28, 0x6c, 0x61, // tSpan = clamp(la
	0x73, 0x74, 0x53, 0x70, 0x61, 0x6e, 0x2c, 0x20, 0x66, 0x69, 0x72, 0x73, 0x74, 0x53, 0x70, 0x61, // stSpan, firstSpa
	0x6e, 0x2c, 0x20, 0x31, 0x36, 0x20, 0x2d, 0x20, 0x31, 0x29, 0x3b, 0x0a, 0x69, 0x6e, 0x74, 0x20, // n, 16 - 1);.int 
	0x6c, 0x61, 0x73, 0x74, 0x4b, 0x6e, 0x6f, 0x74, 0x49, 0x6e, 0x64, 0x65, 0x78, 0x20, 0x3d, 0x20, // lastKnotIndex = 
	0x6e, 0x75, 0x6d, 0x43, 0x50, 0x20, 0x2b, 0x20, 0x64, 0x65, 0x67, 0x72, 0x65, 0x65, 0x3b, 0x0a, // numCP + degree;.
	0x69, 0x66, 0x20, 0x28, 0x6c, 0x61, 0x73, 0x74, 0x4b, 0x6e, 0x6f, 0x74, 0x49, 0x6e, 0x64, 0x65, // if (lastKnotInde
	0x78, 0x20, 0x3e, 0x20, 0x31, 0x36, 0x20, 0x2d, 0x20, 0x31, 0x29, 0x0a, 0x6c, 0x61, 0x73, 0x74, // x > 16 - 1).last
	0x4b, 0x6e, 0x6f, 0x74, 0x49, 0x6e, 0x64, 0x65, 0x78, 0x20, 0x3d, 0x20, 0x31, 0x36, 0x20, 0x2d, // KnotIndex = 16 -
	0x20, 0x31, 0x3b, 0x0a, 0x69, 0x66, 0x20, 0x28, 0x6c, 0x61, 0x73, 0x74, 0x4b, 0x6e, 0x6f, 0x74, //  1;.if (lastKnot
	0x49, 0x6e, 0x64, 0x65, 0x78, 0x20, 0x3c, 0x20, 0x30, 0x29, 0x0a, 0x6c, 0x61, 0x73, 0x74, 0x4b, // Index < 0).lastK
	0x6e, 0x6f, 0x74, 0x49, 0x6e, 0x64, 0x65, 0x78, 0x20, 0x3d, 0x20, 0x30, 0x3b, 0x0a, 0x69, 0x66, // notIndex = 0;.if
	0x20, 0x28, 0x74, 0x20, 0x3e, 0x3d, 0x20, 0x6b, 0x6e, 0x6f, 0x74, 0x73, 0x5b, 0x6c, 0x61, 0x73, //  (t >= knots[las
	0x74, 0x4b, 0x6e, 0x6f, 0x74, 0x49, 0x6e, 0x64, 0x65, 0x78, 0x5d, 0x29, 0x0a, 0x72, 0x65, 0x74, // tKnotIndex]).ret
	0x75, 0x72, 0x6e, 0x20, 0x6c, 0x61, 0x73, 0x74, 0x53, 0x70, 0x61, 0x6e, 0x3b, 0x0a, 0x69, 0x66, // urn lastSpan;.if
	0x20, 0x28, 0x74, 0x20, 0x3c, 0x3d, 0x20, 0x6b, 0x6e, 0x6f, 0x74, 0x73, 0x5b, 0x64, 0x65, 0x67, //  (t <= knots[deg
	0x72, 0x65, 0x65, 0x5d, 0x29, 0x0a, 0x72, 0x65, 0x74, 0x75, 0x72, 0x6e, 0x20, 0x66, 0x69, 0x72, // ree]).return fir
	0x73, 0x74, 0x53, 0x70, 0x61, 0x6e, 0x3b, 0x0a, 0x66, 0x6f, 0x72, 0x20, 0x28, 0x69, 0x6e, 0x74, // stSpan;.for (int
	0x20, 0x73, 0x70, 0x61, 0x6e, 0x20, 0x3d, 0x20, 0x66, 0x69, 0x72, 0x73, 0x74, 0x53, 0x70, 0x61, //  span = firstSpa
	0x6e, 0x3b, 0x20, 0x73, 0x70, 0x61, 0x6e, 0x20, 0x3c, 0x20, 0x6c, 0x61, 0x73, 0x74, 0x53, 0x70, // n; span < lastSp
	0x61, 0x6e, 0x3b, 0x20, 0x2b, 0x2b, 0x73, 0x70, 0x61, 0x6e, 0x29, 0x0a, 0x7b, 0x0a, 0x69, 0x66, // an; ++span).{.if
	0x20, 0x28, 0x74, 0x20, 0x3c, 0x20, 0x6b, 0x6e, 0x6f, 0x74, 0x73, 0x5b, 0x73, 0x70, 0x61, 0x6e, //  (t < knots[span
	0x20, 0x2b, 0x20, 0x31, 0x5d, 0x29, 0x0a, 0x72, 0x65, 0x74, 0x75, 0x72, 0x6e, 0x20, 0x73, 0x70, //  + 1]).return sp
	0x61, 0x6e, 0x3b, 0x0a, 0x7d, 0x0a, 0x72, 0x65, 0x74, 0x75, 0x72, 0x6e, 0x20, 0x6c, 0x61, 0x73, // an;.}.return las
	0x74, 0x53, 0x70, 0x61, 0x6e, 0x3b, 0x0a, 0x7d, 0x0a, 0x76, 0x6f, 0x69, 0x64, 0x20, 0x63, 0x61, // tSpan;.}.void ca
	0x64, 0x5f, 0x62, 0x73, 0x70, 0x6c, 0x69, 0x6e, 0x65, 0x42, 0x61, 0x73, 0x69, 0x73, 0x28, 0x66, // d_bsplineBasis(f
	0x6c, 0x6f, 0x61, 0x74, 0x20, 0x6b, 0x6e, 0x6f, 0x74, 0x73, 0x5b, 0x31, 0x36, 0x5d, 0x2c, 0x20, // loat knots[16], 
	0x69, 0x6e, 0x74, 0x20, 0x64, 0x65, 0x67, 0x72, 0x65, 0x65, 0x2c, 0x0a, 0x69, 0x6e, 0x74, 0x20, // int degree,.int 
	0x73, 0x70, 0x61, 0x6e, 0x2c, 0x20, 0x66, 0x6c, 0x6f, 0x61, 0x74, 0x20, 0x74, 0x2c, 0x20, 0x6f, // span, float t, o
	0x75, 0x74, 0x20, 0x66, 0x6c, 0x6f, 0x61, 0x74, 0x20, 0x6f, 0x75, 0x74, 0x42, 0x61, 0x73, 0x69, // ut float outBasi
	0x73, 0x5b, 0x31, 0x36, 0x5d, 0x29, 0x0a, 0x7b, 0x0a, 0x66, 0x6c, 0x6f, 0x61, 0x74, 0x20, 0x6c, // s[16]).{.float l
	0x65, 0x66, 0x74, 0x5b, 0x31, 0x36, 0x5d, 0x3b, 0x0a, 0x66, 0x6c, 0x6f, 0x61, 0x74, 0x20, 0x72, // eft[16];.float r
	0x69, 0x67, 0x68, 0x74, 0x5b, 0x31, 0x36, 0x5d, 0x3b, 0x0a, 0x6f, 0x75, 0x74, 0x42, 0x61, 0x73, // ight[16];.outBas
	0x69, 0x73, 0x5b, 0x30, 0x5d, 0x20, 0x3d, 0x20, 0x31, 0x2e, 0x30, 0x3b, 0x0a, 0x66, 0x6f, 0x72, // is[0] = 1.0;.for
	0x20, 0x28, 0x69, 0x6e, 0x74, 0x20, 0x6a, 0x20, 0x3d, 0x20, 0x31, 0x3b, 0x20, 0x6a, 0x20, 0x3c, //  (int j = 1; j <
	0x3d, 0x20, 0x64, 0x65, 0x67, 0x72, 0x65, 0x65, 0x3b, 0x20, 0x2b, 0x2b, 0x6a, 0x29, 0x0a, 0x7b, // = degree; ++j).{
	0x0a, 0x6c, 0x65, 0x66, 0x74, 0x5b, 0x6a, 0x5d, 0x20, 0x3d, 0x20, 0x74, 0x20, 0x2d, 0x20, 0x6b, // .left[j] = t - k
	0x6e, 0x6f, 0x74, 0x73, 0x5b, 0x73, 0x70, 0x61, 0x6e, 0x20, 0x2b, 0x20, 0x31, 0x20, 0x2d, 0x20, // nots[span + 1 - 
	0x6a, 0x5d, 0x3b, 0x0a, 0x72, 0x69, 0x67, 0x68, 0x74, 0x5b, 0x6a, 0x5d, 0x20, 0x3d, 0x20, 0x6b, // j];.right[j] = k
	0x6e, 0x6f, 0x74, 0x73, 0x5b, 0x73, 0x70, 0x61, 0x6e, 0x20, 0x2b, 0x20, 0x6a, 0x5d, 0x20, 0x2d, // nots[span + j] -
	0x20, 0x74, 0x3b, 0x0a, 0x66, 0x6c, 0x6f, 0x61, 0x74, 0x20, 0x73, 0x61, 0x76, 0x65, 0x64, 0x20, //  t;.float saved 
	0x3d, 0x20, 0x30, 0x2e, 0x30, 0x3b, 0x0a, 0x66, 0x6f, 0x72, 0x20, 0x28, 0x69, 0x6e, 0x74, 0x20, // = 0.0;.for (int 
	0x72, 0x20, 0x3d, 0x20, 0x30, 0x3b, 0x20, 0x72, 0x20, 0x3c, 0x20, 0x6a, 0x3b, 0x20, 0x2b, 0x2b, // r = 0; r < j; ++
	0x72, 0x29, 0x0a, 0x7b, 0x0a, 0x66, 0x6c, 0x6f, 0x61, 0x74, 0x20, 0x64, 0x65, 0x6e, 0x6f, 0x6d, // r).{.float denom
	0x69, 0x6e, 0x61, 0x74, 0x6f, 0x72, 0x20, 0x3d, 0x20, 0x72, 0x69, 0x67, 0x68, 0x74, 0x5b, 0x72, // inator = right[r
	0x20, 0x2b, 0x20, 0x31, 0x5d, 0x20, 0x2b, 0x20, 0x6c, 0x65, 0x66, 0x74, 0x5b, 0x6a, 0x20, 0x2d, //  + 1] + left[j -
	0x20, 0x72, 0x5d, 0x3b, 0x0a, 0x66, 0x6c, 0x6f, 0x61, 0x74, 0x20, 0x74, 0x65, 0x6d, 0x70, 0x20, //  r];.float temp 
	0x3d, 0x20, 0x64, 0x65, 0x6e, 0x6f, 0x6d, 0x69, 0x6e, 0x61, 0x74, 0x6f, 0x72, 0x20, 0x21, 0x3d, // = denominator !=
	0x20, 0x30, 0x2e, 0x30, 0x20, 0x3f, 0x20, 0x6f, 0x75, 0x74, 0x42, 0x61, 0x73, 0x69, 0x73, 0x5b, //  0.0 ? outBasis[
	0x72, 0x5d, 0x20, 0x2f, 0x20, 0x64, 0x65, 0x6e, 0x6f, 0x6d, 0x69, 0x6e, 0x61, 0x74, 0x6f, 0x72, // r] / denominator
	0x20, 0x3a, 0x20, 0x30, 0x2e, 0x30, 0x3b, 0x0a, 0x6f, 0x75, 0x74, 0x42, 0x61, 0x73, 0x69, 0x73, //  : 0.0;.outBasis
	0x5b, 0x72, 0x5d, 0x20, 0x3d, 0x20, 0x73, 0x61, 0x76, 0x65, 0x64, 0x20, 0x2b, 0x20, 0x72, 0x69, // [r] = saved + ri
	0x67, 0x68, 0x74, 0x5b, 0x72, 0x20, 0x2b, 0x20, 0x31, 0x5d, 0x20, 0x2a, 0x20, 0x74, 0x65, 0x6d, // ght[r + 1] * tem
	0x70, 0x3b, 0x0a, 0x73, 0x61, 0x76, 0x65, 0x64, 0x20, 0x3d, 0x20, 0x6c, 0x65, 0x66, 0x74, 0x5b, // p;.saved = left[
	0x6a, 0x20, 0x2d, 0x20, 0x72, 0x5d, 0x20, 0x2a, 0x20, 0x74, 0x65, 0x6d, 0x70, 0x3b, 0x0a, 0x7d, // j - r] * temp;.}
	0x0a, 0x6f, 0x75, 0x74, 0x42, 0x61, 0x73, 0x69, 0x73, 0x5b, 0x6a, 0x5d, 0x20, 0x3d, 0x20, 0x73, // .outBasis[j] = s
	0x61, 0x76, 0x65, 0x64, 0x3b, 0x0a, 0x7d, 0x0a, 0x7d, 0x0a, 0x76, 0x65, 0x63, 0x33, 0x20, 0x63, // aved;.}.}.vec3 c
	0x61, 0x64, 0x5f, 0x62, 0x73, 0x70, 0x6c, 0x69, 0x6e, 0x65, 0x28, 0x76, 0x65, 0x63, 0x33, 0x20, // ad_bspline(vec3 
	0x63, 0x70, 0x5b, 0x31, 0x36, 0x5d, 0x2c, 0x20, 0x66, 0x6c, 0x6f, 0x61, 0x74, 0x20, 0x6b, 0x6e, // cp[16], float kn
	0x6f, 0x74, 0x73, 0x5b, 0x31, 0x36, 0x5d, 0x2c, 0x0a, 0x69, 0x6e, 0x74, 0x20, 0x64, 0x65, 0x67, // ots[16],.int deg
	0x72, 0x65, 0x65, 0x2c, 0x20, 0x69, 0x6e, 0x74, 0x20, 0x6e, 0x75, 0x6d, 0x43, 0x50, 0x2c, 0x20, // ree, int numCP, 
	0x66, 0x6c, 0x6f, 0x61, 0x74, 0x20, 0x74, 0x29, 0x0a, 0x7b, 0x0a, 0x69, 0x6e, 0x74, 0x20, 0x6d, // float t).{.int m
	0x61, 0x78, 0x53, 0x70, 0x61, 0x6e, 0x20, 0x3d, 0x20, 0x6e, 0x75, 0x6d, 0x43, 0x50, 0x20, 0x2d, // axSpan = numCP -
	0x20, 0x31, 0x3b, 0x0a, 0x69, 0x6e, 0x74, 0x20, 0x6b, 0x6e, 0x6f, 0x74, 0x4c, 0x69, 0x6d, 0x69, //  1;.int knotLimi
	0x74, 0x20, 0x3d, 0x20, 0x31, 0x36, 0x20, 0x2d, 0x20, 0x31, 0x20, 0x2d, 0x20, 0x64, 0x65, 0x67, // t = 16 - 1 - deg
	0x72, 0x65, 0x65, 0x3b, 0x0a, 0x69, 0x66, 0x20, 0x28, 0x6d, 0x61, 0x78, 0x53, 0x70, 0x61, 0x6e, // ree;.if (maxSpan
	0x20, 0x3e, 0x20, 0x6b, 0x6e, 0x6f, 0x74, 0x4c, 0x69, 0x6d, 0x69, 0x74, 0x29, 0x0a, 0x6d, 0x61, //  > knotLimit).ma
	0x78, 0x53, 0x70, 0x61, 0x6e, 0x20, 0x3d, 0x20, 0x6b, 0x6e, 0x6f, 0x74, 0x4c, 0x69, 0x6d, 0x69, // xSpan = knotLimi
	0x74, 0x3b, 0x0a, 0x69, 0x66, 0x20, 0x28, 0x6d, 0x61, 0x78, 0x53, 0x70, 0x61, 0x6e, 0x20, 0x3c, // t;.if (maxSpan <
	0x20, 0x64, 0x65, 0x67, 0x72, 0x65, 0x65, 0x29, 0x0a, 0x6d, 0x61, 0x78, 0x53, 0x70, 0x61, 0x6e, //  degree).maxSpan
	0x20, 0x3d, 0x20, 0x64, 0x65, 0x67, 0x72, 0x65, 0x65, 0x3b, 0x0a, 0x69, 0x6e, 0x74, 0x20, 0x73, //  = degree;.int s
	0x70, 0x61, 0x6e, 0x20, 0x3d, 0x20, 0x63, 0x6c, 0x61, 0x6d, 0x70, 0x28, 0x63, 0x61, 0x64, 0x5f, // pan = clamp(cad_
	0x66, 0x69, 0x6e, 0x64, 0x53, 0x70, 0x61, 0x6e, 0x28, 0x6b, 0x6e, 0x6f, 0x74, 0x73, 0x2c, 0x20, // findSpan(knots, 
	0x6e, 0x75, 0x6d, 0x43, 0x50, 0x2c, 0x20, 0x64, 0x65, 0x67, 0x72, 0x65, 0x65, 0x2c, 0x20, 0x74, // numCP, degree, t
	0x29, 0x2c, 0x0a, 0x64, 0x65, 0x67, 0x72, 0x65, 0x65, 0x2c, 0x20, 0x6d, 0x61, 0x78, 0x53, 0x70, // ),.degree, maxSp
	0x61, 0x6e, 0x29, 0x3b, 0x0a, 0x76, 0x65, 0x63, 0x33, 0x20, 0x72, 0x65, 0x73, 0x75, 0x6c, 0x74, // an);.vec3 result
	0x20, 0x3d, 0x20, 0x76, 0x65, 0x63, 0x33, 0x5f, 0x73, 0x70, 0x6c, 0x61, 0x74, 0x28, 0x30, 0x2e, //  = vec3_splat(0.
	0x30, 0x29, 0x3b, 0x0a, 0x66, 0x6c, 0x6f, 0x61, 0x74, 0x20, 0x62, 0x61, 0x73, 0x69, 0x73, 0x5b, // 0);.float basis[
	0x31, 0x36, 0x5d, 0x3b, 0x0a, 0x63, 0x61, 0x64, 0x5f, 0x62, 0x73, 0x70, 0x6c, 0x69, 0x6e, 0x65, // 16];.cad_bspline
	0x42, 0x61, 0x73, 0x69, 0x73, 0x28, 0x6b, 0x6e, 0x6f, 0x74, 0x73, 0x2c, 0x20, 0x64, 0x65, 0x67, // Basis(knots, deg
	0x72, 0x65, 0x65, 0x2c, 0x20, 0x73, 0x70, 0x61, 0x6e, 0x2c, 0x20, 0x74, 0x2c, 0x20, 0x62, 0x61, // ree, span, t, ba
	0x73, 0x69, 0x73, 0x29, 0x3b, 0x0a, 0x66, 0x6f, 0x72, 0x20, 0x28, 0x69, 0x6e, 0x74, 0x20, 0x69, // sis);.for (int i
	0x20, 0x3d, 0x20, 0x30, 0x3b, 0x20, 0x69, 0x20, 0x3c, 0x3d, 0x20, 0x64, 0x65, 0x67, 0x72, 0x65, //  = 0; i <= degre
	0x65, 0x3b, 0x20, 0x2b, 0x2b, 0x69, 0x29, 0x0a, 0x7b, 0x0a, 0x72, 0x65, 0x73, 0x75, 0x6c, 0x74, // e; ++i).{.result
	0x20, 0x2b, 0x3d, 0x20, 0x62, 0x61, 0x73, 0x69, 0x73, 0x5b, 0x69, 0x5d, 0x20, 0x2a, 0x20, 0x63, //  += basis[i] * c
	0x70, 0x5b, 0x73, 0x70, 0x61, 0x6e, 0x20, 0x2d, 0x20, 0x64, 0x65, 0x67, 0x72, 0x65, 0x65, 0x20, // p[span - degree 
	0x2b, 0x20, 0x69, 0x5d, 0x3b, 0x0a, 0x7d, 0x0a, 0x72, 0x65, 0x74, 0x75, 0x72, 0x6e, 0x20, 0x72, // + i];.}.return r
	0x65, 0x73, 0x75, 0x6c, 0x74, 0x3b, 0x0a, 0x7d, 0x0a, 0x76, 0x65, 0x63, 0x33, 0x20, 0x63, 0x61, // esult;.}.vec3 ca
	0x64, 0x5f, 0x6e, 0x75, 0x72, 0x62, 0x73, 0x28, 0x76, 0x65, 0x63, 0x33, 0x20, 0x63, 0x70, 0x5b, // d_nurbs(vec3 cp[
	0x31, 0x36, 0x5d, 0x2c, 0x20, 0x66, 0x6c, 0x6f, 0x61, 0x74, 0x20, 0x6b, 0x6e, 0x6f, 0x74, 0x73, // 16], float knots
	0x5b, 0x31, 0x36, 0x5d, 0x2c, 0x0a, 0x66, 0x6c, 0x6f, 0x61, 0x74, 0x20, 0x77, 0x65, 0x69, 0x67, // [16],.float weig
	0x68, 0x74, 0x73, 0x5b, 0x31, 0x36, 0x5d, 0x2c, 0x20, 0x69, 0x6e, 0x74, 0x20, 0x64, 0x65, 0x67, // hts[16], int deg
	0x72, 0x65, 0x65, 0x2c, 0x20, 0x69, 0x6e, 0x74, 0x20, 0x6e, 0x75, 0x6d, 0x43, 0x50, 0x2c, 0x0a, // ree, int numCP,.
	0x66, 0x6c, 0x6f, 0x61, 0x74, 0x20, 0x74, 0x29, 0x0a, 0x7b, 0x0a, 0x69, 0x6e, 0x74, 0x20, 0x6d, // float t).{.int m
	0x61, 0x78, 0x53, 0x70, 0x61, 0x6e, 0x20, 0x3d, 0x20, 0x6e, 0x75, 0x6d, 0x43, 0x50, 0x20, 0x2d, // axSpan = numCP -
	0x20, 0x31, 0x3b, 0x0a, 0x69, 0x6e, 0x74, 0x20, 0x6b, 0x6e, 0x6f, 0x74, 0x4c, 0x69, 0x6d, 0x69, //  1;.int knotLimi
	0x74, 0x20, 0x3d, 0x20, 0x31, 0x36, 0x20, 0x2d, 0x20, 0x31, 0x20, 0x2d, 0x20, 0x64, 0x65, 0x67, // t = 16 - 1 - deg
	0x72, 0x65, 0x65, 0x3b, 0x0a, 0x69, 0x66, 0x20, 0x28, 0x6d, 0x61, 0x78, 0x53, 0x70, 0x61, 0x6e, // ree;.if (maxSpan
	0x20, 0x3e, 0x20, 0x6b, 0x6e, 0x6f, 0x74, 0x4c, 0x69, 0x6d, 0x69, 0x74, 0x29, 0x0a, 0x6d, 0x61, //  > knotLimit).ma
	0x78, 0x53, 0x70, 0x61, 0x6e, 0x20, 0x3d, 0x20, 0x6b, 0x6e, 0x6f, 0x74, 0x4c, 0x69, 0x6d, 0x69, // xSpan = knotLimi
	0x74, 0x3b, 0x0a, 0x69, 0x66, 0x20, 0x28, 0x6d, 0x61, 0x78, 0x53, 0x70, 0x61, 0x6e, 0x20, 0x3c, // t;.if (maxSpan <
	0x20, 0x64, 0x65, 0x67, 0x72, 0x65, 0x65, 0x29, 0x0a, 0x6d, 0x61, 0x78, 0x53, 0x70, 0x61, 0x6e, //  degree).maxSpan
	0x20, 0x3d, 0x20, 0x64, 0x65, 0x67, 0x72, 0x65, 0x65, 0x3b, 0x0a, 0x69, 0x6e, 0x74, 0x20, 0x73, //  = degree;.int s
	0x70, 0x61, 0x6e, 0x20, 0x3d, 0x20, 0x63, 0x6c, 0x61, 0x6d, 0x70, 0x28, 0x63, 0x61, 0x64, 0x5f, // pan = clamp(cad_
	0x66, 0x69, 0x6e, 0x64, 0x53, 0x70, 0x61, 0x6e, 0x28, 0x6b, 0x6e, 0x6f, 0x74, 0x73, 0x2c, 0x20, // findSpan(knots, 
	0x6e, 0x75, 0x6d, 0x43, 0x50, 0x2c, 0x20, 0x64, 0x65, 0x67, 0x72, 0x65, 0x65, 0x2c, 0x20, 0x74, // numCP, degree, t
	0x29, 0x2c, 0x0a, 0x64, 0x65, 0x67, 0x72, 0x65, 0x65, 0x2c, 0x20, 0x6d, 0x61, 0x78, 0x53, 0x70, // ),.degree, maxSp
	0x61, 0x6e, 0x29, 0x3b, 0x0a, 0x76, 0x65, 0x63, 0x33, 0x20, 0x6e, 0x75, 0x6d, 0x65, 0x72, 0x61, // an);.vec3 numera
	0x74, 0x6f, 0x72, 0x20, 0x3d, 0x20, 0x76, 0x65, 0x63, 0x33, 0x5f, 0x73, 0x70, 0x6c, 0x61, 0x74, // tor = vec3_splat
	0x28, 0x30, 0x2e, 0x30, 0x29, 0x3b, 0x0a, 0x66, 0x6c, 0x6f, 0x61, 0x74, 0x20, 0x64, 0x65, 0x6e, // (0.0);.float den
	0x6f, 0x6d, 0x69, 0x6e, 0x61, 0x74, 0x6f, 0x72, 0x20, 0x3d, 0x20, 0x30, 0x2e, 0x30, 0x3b, 0x0a, // ominator = 0.0;.
	0x66, 0x6c, 0x6f, 0x61, 0x74, 0x20, 0x62, 0x61, 0x73, 0x69, 0x73, 0x5b, 0x31, 0x36, 0x5d, 0x3b, // float basis[16];
	0x0a, 0x63, 0x61, 0x64, 0x5f, 0x62, 0x73, 0x70, 0x6c, 0x69, 0x6e, 0x65, 0x42, 0x61, 0x73, 0x69, // .cad_bsplineBasi
	0x73, 0x28, 0x6b, 0x6e, 0x6f, 0x74, 0x73, 0x2c, 0x20, 0x64, 0x65, 0x67, 0x72, 0x65, 0x65, 0x2c, // s(knots, degree,
	0x20, 0x73, 0x70, 0x61, 0x6e, 0x2c, 0x20, 0x74, 0x2c, 0x20, 0x62, 0x61, 0x73, 0x69, 0x73, 0x29, //  span, t, basis)
	0x3b, 0x0a, 0x66, 0x6f, 0x72, 0x20, 0x28, 0x69, 0x6e, 0x74, 0x20, 0x69, 0x20, 0x3d, 0x20, 0x30, // ;.for (int i = 0
	0x3b, 0x20, 0x69, 0x20, 0x3c, 0x3d, 0x20, 0x64, 0x65, 0x67, 0x72, 0x65, 0x65, 0x3b, 0x20, 0x2b, // ; i <= degree; +
	0x2b, 0x69, 0x29, 0x0a, 0x7b, 0x0a, 0x69, 0x6e, 0x74, 0x20, 0x63, 0x70, 0x49, 0x6e, 0x64, 0x65, // +i).{.int cpInde
	0x78, 0x20, 0x3d, 0x20, 0x73, 0x70, 0x61, 0x6e, 0x20, 0x2d, 0x20, 0x64, 0x65, 0x67, 0x72, 0x65, // x = span - degre
	0x65, 0x20, 0x2b, 0x20, 0x69, 0x3b, 0x0a, 0x66, 0x6c, 0x6f, 0x61, 0x74, 0x20, 0x77, 0x65, 0x69, // e + i;.float wei
	0x67, 0x68, 0x74, 0x20, 0x3d, 0x20, 0x62, 0x61, 0x73, 0x69, 0x73, 0x5b, 0x69, 0x5d, 0x20, 0x2a, // ght = basis[i] *
	0x20, 0x77, 0x65, 0x69, 0x67, 0x68, 0x74, 0x73, 0x5b, 0x63, 0x70, 0x49, 0x6e, 0x64, 0x65, 0x78, //  weights[cpIndex
	0x5d, 0x3b, 0x0a, 0x6e, 0x75, 0x6d, 0x65, 0x72, 0x61, 0x74, 0x6f, 0x72, 0x20, 0x2b, 0x3d, 0x20, // ];.numerator += 
	0x77, 0x65, 0x69, 0x67, 0x68, 0x74, 0x20, 0x2a, 0x20, 0x63, 0x70, 0x5b, 0x63, 0x70, 0x49, 0x6e, // weight * cp[cpIn
	0x64, 0x65, 0x78, 0x5d, 0x3b, 0x0a, 0x64, 0x65, 0x6e, 0x6f, 0x6d, 0x69, 0x6e, 0x61, 0x74, 0x6f, // dex];.denominato
	0x72, 0x20, 0x2b, 0x3d, 0x20, 0x77, 0x65, 0x69, 0x67, 0x68, 0x74, 0x3b, 0x0a, 0x7d, 0x0a, 0x72, // r += weight;.}.r
	0x65, 0x74, 0x75, 0x72, 0x6e, 0x20, 0x64, 0x65, 0x6e, 0x6f, 0x6d, 0x69, 0x6e, 0x61, 0x74, 0x6f, // eturn denominato
	0x72, 0x20, 0x3e, 0x20, 0x30, 0x2e, 0x30, 0x20, 0x3f, 0x20, 0x6e, 0x75, 0x6d, 0x65, 0x72, 0x61, // r > 0.0 ? numera
	0x74, 0x6f, 0x72, 0x20, 0x2f, 0x20, 0x64, 0x65, 0x6e, 0x6f, 0x6d, 0x69, 0x6e, 0x61, 0x74, 0x6f, // tor / denominato
	0x72, 0x20, 0x3a, 0x20, 0x76, 0x65, 0x63, 0x33, 0x5f, 0x73, 0x70, 0x6c, 0x61, 0x74, 0x28, 0x30, // r : vec3_splat(0
	0x2e, 0x30, 0x29, 0x3b, 0x0a, 0x7d, 0x0a, 0x76, 0x65, 0x63, 0x33, 0x20, 0x63, 0x61, 0x64, 0x5f, // .0);.}.vec3 cad_
	0x61, 0x72, 0x63, 0x28, 0x76, 0x65, 0x63, 0x33, 0x20, 0x63, 0x65, 0x6e, 0x74, 0x65, 0x72, 0x2c, // arc(vec3 center,
	0x20, 0x76, 0x65, 0x63, 0x33, 0x20, 0x61, 0x78, 0x69, 0x73, 0x55, 0x2c, 0x20, 0x76, 0x65, 0x63, //  vec3 axisU, vec
	0x33, 0x20, 0x61, 0x78, 0x69, 0x73, 0x56, 0x2c, 0x0a, 0x66, 0x6c, 0x6f, 0x61, 0x74, 0x20, 0x72, // 3 axisV,.float r
	0x61, 0x64, 0x69, 0x75, 0x73, 0x2c, 0x20, 0x66, 0x6c, 0x6f, 0x61, 0x74, 0x20, 0x73, 0x74, 0x61, // adius, float sta
	0x72, 0x74, 0x41, 0x6e, 0x67, 0x6c, 0x65, 0x2c, 0x20, 0x66, 0x6c, 0x6f, 0x61, 0x74, 0x20, 0x73, // rtAngle, float s
	0x77, 0x65, 0x65, 0x70, 0x2c, 0x20, 0x66, 0x6c, 0x6f, 0x61, 0x74, 0x20, 0x74, 0x29, 0x0a, 0x7b, // weep, float t).{
	0x0a, 0x66, 0x6c, 0x6f, 0x61, 0x74, 0x20, 0x61, 0x6e, 0x67, 0x6c, 0x65, 0x20, 0x3d, 0x20, 0x73, // .float angle = s
	0x74, 0x61, 0x72, 0x74, 0x41, 0x6e, 0x67, 0x6c, 0x65, 0x20, 0x2b, 0x20, 0x73, 0x77, 0x65, 0x65, // tartAngle + swee
	0x70, 0x20, 0x2a, 0x20, 0x74, 0x3b, 0x0a, 0x72, 0x65, 0x74, 0x75, 0x72, 0x6e, 0x20, 0x63, 0x65, // p * t;.return ce
	0x6e, 0x74, 0x65, 0x72, 0x20, 0x2b, 0x20, 0x72, 0x61, 0x64, 0x69, 0x75, 0x73, 0x20, 0x2a, 0x20, // nter + radius * 
	0x28, 0x63, 0x6f, 0x73, 0x28, 0x61, 0x6e, 0x67, 0x6c, 0x65, 0x29, 0x20, 0x2a, 0x20, 0x6e, 0x6f, // (cos(angle) * no
	0x72, 0x6d, 0x61, 0x6c, 0x69, 0x7a, 0x65, 0x28, 0x61, 0x78, 0x69, 0x73, 0x55, 0x29, 0x20, 0x2b, // rmalize(axisU) +
	0x0a, 0x73, 0x69, 0x6e, 0x28, 0x61, 0x6e, 0x67, 0x6c, 0x65, 0x29, 0x20, 0x2a, 0x20, 0x6e, 0x6f, // .sin(angle) * no
	0x72, 0x6d, 0x61, 0x6c, 0x69, 0x7a, 0x65, 0x28, 0x61, 0x78, 0x69, 0x73, 0x56, 0x29, 0x29, 0x3b, // rmalize(axisV));
	0x0a, 0x7d, 0x0a, 0x75, 0x6e, 0x69, 0x66, 0x6f, 0x72, 0x6d, 0x20, 0x6d, 0x61, 0x74, 0x34, 0x20, // .}.uniform mat4 
	0x75, 0x56, 0x69, 0x65, 0x77, 0x3b, 0x0a, 0x75, 0x6e, 0x69, 0x66, 0x6f, 0x72, 0x6d, 0x20, 0x6d, // uView;.uniform m
	0x61, 0x74, 0x34, 0x20, 0x70, 0x72, 0x6f, 0x6a, 0x65, 0x63, 0x74, 0x69, 0x6f, 0x6e, 0x3b, 0x0a, // at4 projection;.
	0x75, 0x6e, 0x69, 0x66, 0x6f, 0x72, 0x6d, 0x20, 0x76, 0x65, 0x63, 0x34, 0x20, 0x75, 0x4c, 0x61, // uniform vec4 uLa
	0x79, 0x65, 0x72, 0x4f, 0x66, 0x66, 0x73, 0x65, 0x74, 0x3b, 0x0a, 0x75, 0x6e, 0x69, 0x66, 0x6f, // yerOffset;.unifo
	0x72, 0x6d, 0x20, 0x76, 0x65, 0x63, 0x34, 0x20, 0x75, 0x43, 0x75, 0x72, 0x76, 0x65, 0x43, 0x50, // rm vec4 uCurveCP
	0x5b, 0x31, 0x36, 0x5d, 0x3b, 0x0a, 0x75, 0x6e, 0x69, 0x66, 0x6f, 0x72, 0x6d, 0x20, 0x76, 0x65, // [16];.uniform ve
	0x63, 0x34, 0x20, 0x75, 0x43, 0x75, 0x72, 0x76, 0x65, 0x4b, 0x6e, 0x6f, 0x74, 0x5b, 0x34, 0x5d, // c4 uCurveKnot[4]
	0x3b, 0x0a, 0x75, 0x6e, 0x69, 0x66, 0x6f, 0x72, 0x6d, 0x20, 0x76, 0x65, 0x63, 0x34, 0x20, 0x75, // ;.uniform vec4 u
	0x43, 0x75, 0x72, 0x76, 0x65, 0x50, 0x61, 0x72, 0x61, 0x6d, 0x73, 0x3b, 0x0a, 0x75, 0x6e, 0x69, // CurveParams;.uni
	0x66, 0x6f, 0x72, 0x6d, 0x20, 0x76, 0x65, 0x63, 0x34, 0x20, 0x75, 0x43, 0x75, 0x72, 0x76, 0x65, // form vec4 uCurve
	0x43, 0x6f, 0x6c, 0x6f, 0x72, 0x3b, 0x0a, 0x75, 0x6e, 0x69, 0x66, 0x6f, 0x72, 0x6d, 0x20, 0x76, // Color;.uniform v
	0x65, 0x63, 0x34, 0x20, 0x75, 0x41, 0x72, 0x63, 0x3b, 0x0a, 0x76, 0x6f, 0x69, 0x64, 0x20, 0x6d, // ec4 uArc;.void m
	0x61, 0x69, 0x6e, 0x28, 0x29, 0x0a, 0x7b, 0x0a, 0x76, 0x65, 0x63, 0x33, 0x20, 0x63, 0x70, 0x5b, // ain().{.vec3 cp[
	0x31, 0x36, 0x5d, 0x3b, 0x0a, 0x66, 0x6c, 0x6f, 0x61, 0x74, 0x20, 0x6b, 0x6e, 0x6f, 0x74, 0x73, // 16];.float knots
	0x5b, 0x31, 0x36, 0x5d, 0x3b, 0x0a, 0x66, 0x6c, 0x6f, 0x61, 0x74, 0x20, 0x77, 0x65, 0x69, 0x67, // [16];.float weig
	0x68, 0x74, 0x73, 0x5b, 0x31, 0x36, 0x5d, 0x3b, 0x0a, 0x66, 0x6f, 0x72, 0x20, 0x28, 0x69, 0x6e, // hts[16];.for (in
	0x74, 0x20, 0x69, 0x20, 0x3d, 0x20, 0x30, 0x3b, 0x20, 0x69, 0x20, 0x3c, 0x20, 0x31, 0x36, 0x3b, // t i = 0; i < 16;
	0x20, 0x2b, 0x2b, 0x69, 0x29, 0x0a, 0x7b, 0x0a, 0x63, 0x70, 0x5b, 0x69, 0x5d, 0x20, 0x3d, 0x20, //  ++i).{.cp[i] = 
	0x75, 0x43, 0x75, 0x72, 0x76, 0x65, 0x43, 0x50, 0x5b, 0x69, 0x5d, 0x2e, 0x78, 0x79, 0x7a, 0x3b, // uCurveCP[i].xyz;
	0x0a, 0x77, 0x65, 0x69, 0x67, 0x68, 0x74, 0x73, 0x5b, 0x69, 0x5d, 0x20, 0x3d, 0x20, 0x6d, 0x61, // .weights[i] = ma
	0x78, 0x28, 0x75, 0x43, 0x75, 0x72, 0x76, 0x65, 0x43, 0x50, 0x5b, 0x69, 0x5d, 0x2e, 0x77, 0x2c, // x(uCurveCP[i].w,
	0x20, 0x30, 0x2e, 0x30, 0x30, 0x31, 0x29, 0x3b, 0x0a, 0x6b, 0x6e, 0x6f, 0x74, 0x73, 0x5b, 0x69, //  0.001);.knots[i
	0x5d, 0x20, 0x3d, 0x20, 0x75, 0x43, 0x75, 0x72, 0x76, 0x65, 0x4b, 0x6e, 0x6f, 0x74, 0x5b, 0x69, // ] = uCurveKnot[i
	0x20, 0x2f, 0x20, 0x34, 0x5d, 0x5b, 0x69, 0x20, 0x2d, 0x20, 0x34, 0x20, 0x2a, 0x20, 0x28, 0x69, //  / 4][i - 4 * (i
	0x20, 0x2f, 0x20, 0x34, 0x29, 0x5d, 0x3b, 0x0a, 0x7d, 0x0a, 0x69, 0x6e, 0x74, 0x20, 0x61, 0x6c, //  / 4)];.}.int al
	0x67, 0x6f, 0x72, 0x69, 0x74, 0x68, 0x6d, 0x20, 0x3d, 0x20, 0x69, 0x6e, 0x74, 0x28, 0x75, 0x43, // gorithm = int(uC
	0x75, 0x72, 0x76, 0x65, 0x50, 0x61, 0x72, 0x61, 0x6d, 0x73, 0x2e, 0x78, 0x29, 0x3b, 0x0a, 0x69, // urveParams.x);.i
	0x6e, 0x74, 0x20, 0x64, 0x65, 0x67, 0x72, 0x65, 0x65, 0x20, 0x3d, 0x20, 0x69, 0x6e, 0x74, 0x28, // nt degree = int(
	0x75, 0x43, 0x75, 0x72, 0x76, 0x65, 0x50, 0x61, 0x72, 0x61, 0x6d, 0x73, 0x2e, 0x79, 0x29, 0x3b, // uCurveParams.y);
	0x0a, 0x69, 0x6e, 0x74, 0x20, 0x6e, 0x75, 0x6d, 0x43, 0x50, 0x20, 0x3d, 0x20, 0x69, 0x6e, 0x74, // .int numCP = int
	0x28, 0x75, 0x43, 0x75, 0x72, 0x76, 0x65, 0x50, 0x61, 0x72, 0x61, 0x6d, 0x73, 0x2e, 0x7a, 0x29, // (uCurveParams.z)
	0x3b, 0x0a, 0x66, 0x6c, 0x6f, 0x61, 0x74, 0x20, 0x74, 0x20, 0x3d, 0x20, 0x61, 0x5f, 0x70, 0x6f, // ;.float t = a_po
	0x73, 0x69, 0x74, 0x69, 0x6f, 0x6e, 0x2e, 0x78, 0x3b, 0x0a, 0x76, 0x65, 0x63, 0x33, 0x20, 0x70, // sition.x;.vec3 p
	0x6f, 0x73, 0x69, 0x74, 0x69, 0x6f, 0x6e, 0x20, 0x3d, 0x20, 0x76, 0x65, 0x63, 0x33, 0x5f, 0x73, // osition = vec3_s
	0x70, 0x6c, 0x61, 0x74, 0x28, 0x30, 0x2e, 0x30, 0x29, 0x3b, 0x0a, 0x69, 0x66, 0x20, 0x28, 0x61, // plat(0.0);.if (a
	0x6c, 0x67, 0x6f, 0x72, 0x69, 0x74, 0x68, 0x6d, 0x20, 0x3d, 0x3d, 0x20, 0x30, 0x29, 0x0a, 0x70, // lgorithm == 0).p
	0x6f, 0x73, 0x69, 0x74, 0x69, 0x6f, 0x6e, 0x20, 0x3d, 0x20, 0x63, 0x61, 0x64, 0x5f, 0x64, 0x65, // osition = cad_de
	0x43, 0x61, 0x73, 0x74, 0x65, 0x6c, 0x6a, 0x61, 0x75, 0x28, 0x63, 0x70, 0x2c, 0x20, 0x64, 0x65, // Casteljau(cp, de
	0x67, 0x72, 0x65, 0x65, 0x2c, 0x20, 0x74, 0x29, 0x3b, 0x0a, 0x65, 0x6c, 0x73, 0x65, 0x20, 0x69, // gree, t);.else i
	0x66, 0x20, 0x28, 0x61, 0x6c, 0x67, 0x6f, 0x72, 0x69, 0x74, 0x68, 0x6d, 0x20, 0x3d, 0x3d, 0x20, // f (algorithm == 
	0x31, 0x29, 0x0a, 0x70, 0x6f, 0x73, 0x69, 0x74, 0x69, 0x6f, 0x6e, 0x20, 0x3d, 0x20, 0x63, 0x61, // 1).position = ca
	0x64, 0x5f, 0x62, 0x73, 0x70, 0x6c, 0x69, 0x6e, 0x65, 0x28, 0x63, 0x70, 0x2c, 0x20, 0x6b, 0x6e, // d_bspline(cp, kn
	0x6f, 0x74, 0x73, 0x2c, 0x20, 0x64, 0x65, 0x67, 0x72, 0x65, 0x65, 0x2c, 0x20, 0x6e, 0x75, 0x6d, // ots, degree, num
	0x43, 0x50, 0x2c, 0x20, 0x74, 0x29, 0x3b, 0x0a, 0x65, 0x6c, 0x73, 0x65, 0x20, 0x69, 0x66, 0x20, // CP, t);.else if 
	0x28, 0x61, 0x6c, 0x67, 0x6f, 0x72, 0x69, 0x74, 0x68, 0x6d, 0x20, 0x3d, 0x3d, 0x20, 0x32, 0x29, // (algorithm == 2)
	0x0a, 0x70, 0x6f, 0x73, 0x69, 0x74, 0x69, 0x6f, 0x6e, 0x20, 0x3d, 0x20, 0x63, 0x61, 0x64, 0x5f, // .position = cad_
	0x6e, 0x75, 0x72, 0x62, 0x73, 0x28, 0x63, 0x70, 0x2c, 0x20, 0x6b, 0x6e, 0x6f, 0x74, 0x73, 0x2c, // nurbs(cp, knots,
	0x20, 0x77, 0x65, 0x69, 0x67, 0x68, 0x74, 0x73, 0x2c, 0x20, 0x64, 0x65, 0x67, 0x72, 0x65, 0x65, //  weights, degree
	0x2c, 0x20, 0x6e, 0x75, 0x6d, 0x43, 0x50, 0x2c, 0x20, 0x74, 0x29, 0x3b, 0x0a, 0x65, 0x6c, 0x73, // , numCP, t);.els
	0x65, 0x0a, 0x70, 0x6f, 0x73, 0x69, 0x74, 0x69, 0x6f, 0x6e, 0x20, 0x3d, 0x20, 0x63, 0x61, 0x64, // e.position = cad
	0x5f, 0x61, 0x72, 0x63, 0x28, 0x63, 0x70, 0x5b, 0x30, 0x5d, 0x2c, 0x20, 0x63, 0x70, 0x5b, 0x31, // _arc(cp[0], cp[1
	0x5d, 0x2c, 0x20, 0x63, 0x70, 0x5b, 0x32, 0x5d, 0x2c, 0x20, 0x75, 0x41, 0x72, 0x63, 0x2e, 0x78, // ], cp[2], uArc.x
	0x2c, 0x0a, 0x75, 0x41, 0x72, 0x63, 0x2e, 0x79, 0x2c, 0x20, 0x75, 0x41, 0x72, 0x63, 0x2e, 0x7a, // ,.uArc.y, uArc.z
	0x2c, 0x20, 0x74, 0x29, 0x3b, 0x0a, 0x76, 0x65, 0x63, 0x34, 0x20, 0x76, 0x69, 0x65, 0x77, 0x50, // , t);.vec4 viewP
	0x6f, 0x73, 0x69, 0x74, 0x69, 0x6f, 0x6e, 0x20, 0x3d, 0x20, 0x28, 0x20, 0x28, 0x75, 0x56, 0x69, // osition = ( (uVi
	0x65, 0x77, 0x29, 0x20, 0x2a, 0x20, 0x28, 0x76, 0x65, 0x63, 0x34, 0x28, 0x70, 0x6f, 0x73, 0x69, // ew) * (vec4(posi
	0x74, 0x69, 0x6f, 0x6e, 0x2c, 0x20, 0x31, 0x2e, 0x30, 0x29, 0x29, 0x20, 0x29, 0x3b, 0x0a, 0x76, // tion, 1.0)) );.v
	0x69, 0x65, 0x77, 0x50, 0x6f, 0x73, 0x69, 0x74, 0x69, 0x6f, 0x6e, 0x2e, 0x7a, 0x20, 0x2b, 0x3d, // iewPosition.z +=
	0x20, 0x75, 0x4c, 0x61, 0x79, 0x65, 0x72, 0x4f, 0x66, 0x66, 0x73, 0x65, 0x74, 0x2e, 0x78, 0x3b, //  uLayerOffset.x;
	0x0a, 0x76, 0x5f, 0x63, 0x6f, 0x6c, 0x6f, 0x72, 0x20, 0x3d, 0x20, 0x75, 0x43, 0x75, 0x72, 0x76, // .v_color = uCurv
	0x65, 0x43, 0x6f, 0x6c, 0x6f, 0x72, 0x3b, 0x0a, 0x76, 0x5f, 0x64, 0x65, 0x70, 0x74, 0x68, 0x20, // eColor;.v_depth 
	0x3d, 0x20, 0x2d, 0x76, 0x69, 0x65, 0x77, 0x50, 0x6f, 0x73, 0x69, 0x74, 0x69, 0x6f, 0x6e, 0x2e, // = -viewPosition.
	0x7a, 0x3b, 0x0a, 0x67, 0x6c, 0x5f, 0x50, 0x6f, 0x73, 0x69, 0x74, 0x69, 0x6f, 0x6e, 0x20, 0x3d, // z;.gl_Position =
	0x20, 0x28, 0x20, 0x28, 0x70, 0x72, 0x6f, 0x6a, 0x65, 0x63, 0x74, 0x69, 0x6f, 0x6e, 0x29, 0x20, //  ( (projection) 
	0x2a, 0x20, 0x28, 0x76, 0x69, 0x65, 0x77, 0x50, 0x6f, 0x73, 0x69, 0x74, 0x69, 0x6f, 0x6e, 0x29, // * (viewPosition)
	0x20, 0x29, 0x3b, 0x0a, 0x7d, 0x0a, 0x00,                                                       //  );.}..
};
