// Auto-generated shader header. Do not edit.
// Source: frag.sc
#pragma once
#include <cstdint>

static const uint8_t frag_spv[12622] =
{
	0x46, 0x53, 0x48, 0x0b, 0x6d, 0xa5, 0xfb, 0x9b, 0x00, 0x00, 0x00, 0x00, 0x1a, 0x00, 0x09, 0x75, // FSH.m..........u
	0x4c, 0x6f, 0x67, 0x44, 0x65, 0x70, 0x74, 0x68, 0x12, 0x01, 0x80, 0x00, 0x01, 0x00, 0x00, 0x00, // LogDepth........
	0x00, 0x00, 0x0c, 0x75, 0x53, 0x63, 0x72, 0x65, 0x65, 0x6e, 0x57, 0x69, 0x64, 0x74, 0x68, 0x12, // ...uScreenWidth.
	0x01, 0x70, 0x01, 0x01, 0x00, 0x00, 0x00, 0x00, 0x00, 0x0d, 0x75, 0x53, 0x63, 0x72, 0x65, 0x65, // .p........uScree
	0x6e, 0x48, 0x65, 0x69, 0x67, 0x68, 0x74, 0x12, 0x01, 0x60, 0x01, 0x01, 0x00, 0x00, 0x00, 0x00, // nHeight..`......
	0x00, 0x0e, 0x75, 0x50, 0x6c, 0x61, 0x6e, 0x65, 0x54, 0x61, 0x6e, 0x67, 0x65, 0x6e, 0x74, 0x55, // ..uPlaneTangentU
	0x12, 0x01, 0xb0, 0x00, 0x01, 0x00, 0x00, 0x00, 0x00, 0x00, 0x0e, 0x75, 0x50, 0x6c, 0x61, 0x6e, // ...........uPlan
	0x65, 0x54, 0x61, 0x6e, 0x67, 0x65, 0x6e, 0x74, 0x56, 0x12, 0x01, 0xc0, 0x00, 0x01, 0x00, 0x00, // eTangentV.......
	0x00, 0x00, 0x00, 0x08, 0x75, 0x49, 0x73, 0x4f, 0x72, 0x74, 0x68, 0x6f, 0x12, 0x01, 0x80, 0x01, // ....uIsOrtho....
	0x01, 0x00, 0x00, 0x00, 0x00, 0x00, 0x10, 0x75, 0x4f, 0x72, 0x74, 0x68, 0x6f, 0x50, 0x6c, 0x61, // .......uOrthoPla
	0x6e, 0x65, 0x56, 0x61, 0x6c, 0x69, 0x64, 0x12, 0x01, 0x90, 0x01, 0x01, 0x00, 0x00, 0x00, 0x00, // neValid.........
	0x00, 0x11, 0x75, 0x4f, 0x72, 0x74, 0x68, 0x6f, 0x50, 0x6c, 0x61, 0x6e, 0x65, 0x43, 0x65, 0x6e, // ..uOrthoPlaneCen
	0x74, 0x65, 0x72, 0x12, 0x01, 0xa0, 0x01, 0x01, 0x00, 0x00, 0x00, 0x00, 0x00, 0x0b, 0x75, 0x4f, // ter...........uO
	0x72, 0x74, 0x68, 0x6f, 0x52, 0x69, 0x67, 0x68, 0x74, 0x12, 0x01, 0xb0, 0x01, 0x01, 0x00, 0x00, // rthoRight.......
	0x00, 0x00, 0x00, 0x08, 0x75, 0x4f, 0x72, 0x74, 0x68, 0x6f, 0x55, 0x70, 0x12, 0x01, 0xc0, 0x01, // ....uOrthoUp....
	0x01, 0x00, 0x00, 0x00, 0x00, 0x00, 0x0c, 0x75, 0x50, 0x6c, 0x61, 0x6e, 0x65, 0x4e, 0x6f, 0x72, // .......uPlaneNor
	0x6d, 0x61, 0x6c, 0x12, 0x01, 0xa0, 0x00, 0x01, 0x00, 0x00, 0x00, 0x00, 0x00, 0x0f, 0x75, 0x4f, // mal...........uO
	0x72, 0x69, 0x67, 0x69, 0x6e, 0x52, 0x65, 0x6c, 0x61, 0x74, 0x69, 0x76, 0x65, 0x12, 0x01, 0x90, // riginRelative...
	0x00, 0x01, 0x00, 0x00, 0x00, 0x00, 0x00, 0x09, 0x75, 0x56, 0x69, 0x65, 0x77, 0x50, 0x72, 0x6f, // ........uViewPro
	0x6a, 0x14, 0x01, 0x00, 0x00, 0x04, 0x00, 0x00, 0x00, 0x00, 0x00, 0x05, 0x75, 0x56, 0x69, 0x65, // j...........uVie
	0x77, 0x14, 0x01, 0x40, 0x00, 0x04, 0x00, 0x00, 0x00, 0x00, 0x00, 0x05, 0x75, 0x53, 0x74, 0x65, // w..@........uSte
	0x70, 0x12, 0x01, 0x40, 0x01, 0x01, 0x00, 0x00, 0x00, 0x00, 0x00, 0x0c, 0x75, 0x41, 0x78, 0x69, // p..@........uAxi
	0x73, 0x56, 0x69, 0x73, 0x69, 0x62, 0x6c, 0x65, 0x12, 0x01, 0x50, 0x01, 0x01, 0x00, 0x00, 0x00, // sVisible..P.....
	0x00, 0x00, 0x0a, 0x75, 0x41, 0x78, 0x69, 0x73, 0x4c, 0x69, 0x6e, 0x65, 0x58, 0x12, 0x01, 0x20, // ...uAxisLineX.. 
	0x01, 0x01, 0x00, 0x00, 0x00, 0x00, 0x00, 0x0a, 0x75, 0x41, 0x78, 0x69, 0x73, 0x4c, 0x69, 0x6e, // ........uAxisLin
	0x65, 0x5a, 0x12, 0x01, 0x30, 0x01, 0x01, 0x00, 0x00, 0x00, 0x00, 0x00, 0x17, 0x75, 0x41, 0x78, // eZ..0........uAx
	0x69, 0x73, 0x4f, 0x72, 0x69, 0x67, 0x69, 0x6e, 0x47, 0x72, 0x69, 0x64, 0x52, 0x65, 0x6c, 0x61, // isOriginGridRela
	0x74, 0x69, 0x76, 0x65, 0x12, 0x01, 0x10, 0x01, 0x01, 0x00, 0x00, 0x00, 0x00, 0x00, 0x11, 0x75, // tive...........u
	0x53, 0x74, 0x61, 0x72, 0x74, 0x41, 0x78, 0x69, 0x73, 0x56, 0x69, 0x73, 0x69, 0x62, 0x6c, 0x65, // StartAxisVisible
	0x12, 0x01, 0xf0, 0x00, 0x01, 0x00, 0x00, 0x00, 0x00, 0x00, 0x0e, 0x75, 0x53, 0x74, 0x61, 0x72, // ...........uStar
	0x74, 0x41, 0x78, 0x69, 0x73, 0x4c, 0x69, 0x6e, 0x65, 0x12, 0x01, 0x00, 0x01, 0x01, 0x00, 0x00, // tAxisLine.......
	0x00, 0x00, 0x00, 0x0f, 0x75, 0x47, 0x72, 0x69, 0x64, 0x43, 0x6f, 0x6c, 0x6f, 0x72, 0x4d, 0x69, // ....uGridColorMi
	0x6e, 0x6f, 0x72, 0x12, 0x01, 0xe0, 0x01, 0x01, 0x00, 0x00, 0x00, 0x00, 0x00, 0x0f, 0x75, 0x47, // nor...........uG
	0x72, 0x69, 0x64, 0x43, 0x6f, 0x6c, 0x6f, 0x72, 0x4d, 0x61, 0x6a, 0x6f, 0x72, 0x12, 0x01, 0xd0, // ridColorMajor...
	0x01, 0x01, 0x00, 0x00, 0x00, 0x00, 0x00, 0x0b, 0x75, 0x41, 0x78, 0x69, 0x73, 0x43, 0x6f, 0x6c, // ........uAxisCol
	0x6f, 0x72, 0x55, 0x12, 0x01, 0xd0, 0x00, 0x01, 0x00, 0x00, 0x00, 0x00, 0x00, 0x0b, 0x75, 0x41, // orU...........uA
	0x78, 0x69, 0x73, 0x43, 0x6f, 0x6c, 0x6f, 0x72, 0x56, 0x12, 0x01, 0xe0, 0x00, 0x01, 0x00, 0x00, // xisColorV.......
	0x00, 0x00, 0x00, 0x0c, 0x75, 0x47, 0x72, 0x69, 0x64, 0x4f, 0x70, 0x61, 0x63, 0x69, 0x74, 0x79, // ....uGridOpacity
	0x12, 0x01, 0xf0, 0x01, 0x01, 0x00, 0x00, 0x00, 0x00, 0x00, 0xdc, 0x2e, 0x00, 0x00, 0x03, 0x02, // ................
	0x23, 0x07, 0x00, 0x00, 0x01, 0x00, 0x0b, 0x00, 0x08, 0x00, 0xf4, 0x06, 0x00, 0x00, 0x00, 0x00, // #...............
	0x00, 0x00, 0x11, 0x00, 0x02, 0x00, 0x01, 0x00, 0x00, 0x00, 0x0b, 0x00, 0x06, 0x00, 0x01, 0x00, // ................
	0x00, 0x00, 0x47, 0x4c, 0x53, 0x4c, 0x2e, 0x73, 0x74, 0x64, 0x2e, 0x34, 0x35, 0x30, 0x00, 0x00, // ..GLSL.std.450..
	0x00, 0x00, 0x0e, 0x00, 0x03, 0x00, 0x00, 0x00, 0x00, 0x00, 0x01, 0x00, 0x00, 0x00, 0x0f, 0x00, // ................
	0x0a, 0x00, 0x04, 0x00, 0x00, 0x00, 0x04, 0x00, 0x00, 0x00, 0x6d, 0x61, 0x69, 0x6e, 0x00, 0x00, // ..........main..
	0x00, 0x00, 0xc8, 0x02, 0x00, 0x00, 0xcc, 0x02, 0x00, 0x00, 0xcf, 0x02, 0x00, 0x00, 0xe1, 0x02, // ................
	0x00, 0x00, 0xe4, 0x02, 0x00, 0x00, 0x10, 0x00, 0x03, 0x00, 0x04, 0x00, 0x00, 0x00, 0x07, 0x00, // ................
	0x00, 0x00, 0x10, 0x00, 0x03, 0x00, 0x04, 0x00, 0x00, 0x00, 0x0c, 0x00, 0x00, 0x00, 0x03, 0x00, // ................
	0x03, 0x00, 0x05, 0x00, 0x00, 0x00, 0xf4, 0x01, 0x00, 0x00, 0x05, 0x00, 0x04, 0x00, 0x04, 0x00, // ................
	0x00, 0x00, 0x6d, 0x61, 0x69, 0x6e, 0x00, 0x00, 0x00, 0x00, 0x05, 0x00, 0x06, 0x00, 0x80, 0x00, // ..main..........
	0x00, 0x00, 0x55, 0x6e, 0x69, 0x66, 0x6f, 0x72, 0x6d, 0x42, 0x6c, 0x6f, 0x63, 0x6b, 0x00, 0x00, // ..UniformBlock..
	0x00, 0x00, 0x06, 0x00, 0x06, 0x00, 0x80, 0x00, 0x00, 0x00, 0x00, 0x00, 0x00, 0x00, 0x75, 0x56, // ..............uV
	0x69, 0x65, 0x77, 0x50, 0x72, 0x6f, 0x6a, 0x00, 0x00, 0x00, 0x06, 0x00, 0x05, 0x00, 0x80, 0x00, // iewProj.........
	0x00, 0x00, 0x01, 0x00, 0x00, 0x00, 0x75, 0x56, 0x69, 0x65, 0x77, 0x00, 0x00, 0x00, 0x06, 0x00, // ......uView.....
	0x06, 0x00, 0x80, 0x00, 0x00, 0x00, 0x02, 0x00, 0x00, 0x00, 0x75, 0x4c, 0x6f, 0x67, 0x44, 0x65, // ..........uLogDe
	0x70, 0x74, 0x68, 0x00, 0x00, 0x00, 0x06, 0x00, 0x07, 0x00, 0x80, 0x00, 0x00, 0x00, 0x03, 0x00, // pth.............
	0x00, 0x00, 0x75, 0x4f, 0x72, 0x69, 0x67, 0x69, 0x6e, 0x52, 0x65, 0x6c, 0x61, 0x74, 0x69, 0x76, // ..uOriginRelativ
	0x65, 0x00, 0x06, 0x00, 0x07, 0x00, 0x80, 0x00, 0x00, 0x00, 0x04, 0x00, 0x00, 0x00, 0x75, 0x50, // e.............uP
	0x6c, 0x61, 0x6e, 0x65, 0x4e, 0x6f, 0x72, 0x6d, 0x61, 0x6c, 0x00, 0x00, 0x00, 0x00, 0x06, 0x00, // laneNormal......
	0x07, 0x00, 0x80, 0x00, 0x00, 0x00, 0x05, 0x00, 0x00, 0x00, 0x75, 0x50, 0x6c, 0x61, 0x6e, 0x65, // ..........uPlane
	0x54, 0x61, 0x6e, 0x67, 0x65, 0x6e, 0x74, 0x55, 0x00, 0x00, 0x06, 0x00, 0x07, 0x00, 0x80, 0x00, // TangentU........
	0x00, 0x00, 0x06, 0x00, 0x00, 0x00, 0x75, 0x50, 0x6c, 0x61, 0x6e, 0x65, 0x54, 0x61, 0x6e, 0x67, // ......uPlaneTang
	0x65, 0x6e, 0x74, 0x56, 0x00, 0x00, 0x06, 0x00, 0x06, 0x00, 0x80, 0x00, 0x00, 0x00, 0x07, 0x00, // entV............
	0x00, 0x00, 0x75, 0x41, 0x78, 0x69, 0x73, 0x43, 0x6f, 0x6c, 0x6f, 0x72, 0x55, 0x00, 0x06, 0x00, // ..uAxisColorU...
	0x06, 0x00, 0x80, 0x00, 0x00, 0x00, 0x08, 0x00, 0x00, 0x00, 0x75, 0x41, 0x78, 0x69, 0x73, 0x43, // ..........uAxisC
	0x6f, 0x6c, 0x6f, 0x72, 0x56, 0x00, 0x06, 0x00, 0x08, 0x00, 0x80, 0x00, 0x00, 0x00, 0x09, 0x00, // olorV...........
	0x00, 0x00, 0x75, 0x53, 0x74, 0x61, 0x72, 0x74, 0x41, 0x78, 0x69, 0x73, 0x56, 0x69, 0x73, 0x69, // ..uStartAxisVisi
	0x62, 0x6c, 0x65, 0x00, 0x00, 0x00, 0x06, 0x00, 0x07, 0x00, 0x80, 0x00, 0x00, 0x00, 0x0a, 0x00, // ble.............
	0x00, 0x00, 0x75, 0x53, 0x74, 0x61, 0x72, 0x74, 0x41, 0x78, 0x69, 0x73, 0x4c, 0x69, 0x6e, 0x65, // ..uStartAxisLine
	0x00, 0x00, 0x06, 0x00, 0x09, 0x00, 0x80, 0x00, 0x00, 0x00, 0x0b, 0x00, 0x00, 0x00, 0x75, 0x41, // ..............uA
	0x78, 0x69, 0x73, 0x4f, 0x72, 0x69, 0x67, 0x69, 0x6e, 0x47, 0x72, 0x69, 0x64, 0x52, 0x65, 0x6c, // xisOriginGridRel
	0x61, 0x74, 0x69, 0x76, 0x65, 0x00, 0x06, 0x00, 0x06, 0x00, 0x80, 0x00, 0x00, 0x00, 0x0c, 0x00, // ative...........
	0x00, 0x00, 0x75, 0x41, 0x78, 0x69, 0x73, 0x4c, 0x69, 0x6e, 0x65, 0x58, 0x00, 0x00, 0x06, 0x00, // ..uAxisLineX....
	0x06, 0x00, 0x80, 0x00, 0x00, 0x00, 0x0d, 0x00, 0x00, 0x00, 0x75, 0x41, 0x78, 0x69, 0x73, 0x4c, // ..........uAxisL
	0x69, 0x6e, 0x65, 0x5a, 0x00, 0x00, 0x06, 0x00, 0x05, 0x00, 0x80, 0x00, 0x00, 0x00, 0x0e, 0x00, // ineZ............
	0x00, 0x00, 0x75, 0x53, 0x74, 0x65, 0x70, 0x00, 0x00, 0x00, 0x06, 0x00, 0x07, 0x00, 0x80, 0x00, // ..uStep.........
	0x00, 0x00, 0x0f, 0x00, 0x00, 0x00, 0x75, 0x41, 0x78, 0x69, 0x73, 0x56, 0x69, 0x73, 0x69, 0x62, // ......uAxisVisib
	0x6c, 0x65, 0x00, 0x00, 0x00, 0x00, 0x06, 0x00, 0x07, 0x00, 0x80, 0x00, 0x00, 0x00, 0x10, 0x00, // le..............
	0x00, 0x00, 0x75, 0x53, 0x63, 0x72, 0x65, 0x65, 0x6e, 0x48, 0x65, 0x69, 0x67, 0x68, 0x74, 0x00, // ..uScreenHeight.
	0x00, 0x00, 0x06, 0x00, 0x07, 0x00, 0x80, 0x00, 0x00, 0x00, 0x11, 0x00, 0x00, 0x00, 0x75, 0x53, // ..............uS
	0x63, 0x72, 0x65, 0x65, 0x6e, 0x57, 0x69, 0x64, 0x74, 0x68, 0x00, 0x00, 0x00, 0x00, 0x06, 0x00, // creenWidth......
	0x06, 0x00, 0x80, 0x00, 0x00, 0x00, 0x12, 0x00, 0x00, 0x00, 0x75, 0x49, 0x73, 0x4f, 0x72, 0x74, // ..........uIsOrt
	0x68, 0x6f, 0x00, 0x00, 0x00, 0x00, 0x06, 0x00, 0x08, 0x00, 0x80, 0x00, 0x00, 0x00, 0x13, 0x00, // ho..............
	0x00, 0x00, 0x75, 0x4f, 0x72, 0x74, 0x68, 0x6f, 0x50, 0x6c, 0x61, 0x6e, 0x65, 0x56, 0x61, 0x6c, // ..uOrthoPlaneVal
	0x69, 0x64, 0x00, 0x00, 0x00, 0x00, 0x06, 0x00, 0x08, 0x00, 0x80, 0x00, 0x00, 0x00, 0x14, 0x00, // id..............
	0x00, 0x00, 0x75, 0x4f, 0x72, 0x74, 0x68, 0x6f, 0x50, 0x6c, 0x61, 0x6e, 0x65, 0x43, 0x65, 0x6e, // ..uOrthoPlaneCen
	0x74, 0x65, 0x72, 0x00, 0x00, 0x00, 0x06, 0x00, 0x06, 0x00, 0x80, 0x00, 0x00, 0x00, 0x15, 0x00, // ter.............
	0x00, 0x00, 0x75, 0x4f, 0x72, 0x74, 0x68, 0x6f, 0x52, 0x69, 0x67, 0x68, 0x74, 0x00, 0x06, 0x00, // ..uOrthoRight...
	0x06, 0x00, 0x80, 0x00, 0x00, 0x00, 0x16, 0x00, 0x00, 0x00, 0x75, 0x4f, 0x72, 0x74, 0x68, 0x6f, // ..........uOrtho
	0x55, 0x70, 0x00, 0x00, 0x00, 0x00, 0x06, 0x00, 0x07, 0x00, 0x80, 0x00, 0x00, 0x00, 0x17, 0x00, // Up..............
	0x00, 0x00, 0x75, 0x47, 0x72, 0x69, 0x64, 0x43, 0x6f, 0x6c, 0x6f, 0x72, 0x4d, 0x61, 0x6a, 0x6f, // ..uGridColorMajo
	0x72, 0x00, 0x06, 0x00, 0x07, 0x00, 0x80, 0x00, 0x00, 0x00, 0x18, 0x00, 0x00, 0x00, 0x75, 0x47, // r.............uG
	0x72, 0x69, 0x64, 0x43, 0x6f, 0x6c, 0x6f, 0x72, 0x4d, 0x69, 0x6e, 0x6f, 0x72, 0x00, 0x06, 0x00, // ridColorMinor...
	0x07, 0x00, 0x80, 0x00, 0x00, 0x00, 0x19, 0x00, 0x00, 0x00, 0x75, 0x47, 0x72, 0x69, 0x64, 0x4f, // ..........uGridO
	0x70, 0x61, 0x63, 0x69, 0x74, 0x79, 0x00, 0x00, 0x00, 0x00, 0x05, 0x00, 0x03, 0x00, 0x82, 0x00, // pacity..........
	0x00, 0x00, 0x00, 0x00, 0x00, 0x00, 0x05, 0x00, 0x04, 0x00, 0xc8, 0x02, 0x00, 0x00, 0x76, 0x5f, // ..............v_
	0x6e, 0x64, 0x63, 0x00, 0x00, 0x00, 0x05, 0x00, 0x05, 0x00, 0xcc, 0x02, 0x00, 0x00, 0x76, 0x5f, // ndc...........v_
	0x72, 0x61, 0x79, 0x44, 0x69, 0x72, 0x00, 0x00, 0x00, 0x00, 0x05, 0x00, 0x05, 0x00, 0xcf, 0x02, // rayDir..........
	0x00, 0x00, 0x76, 0x5f, 0x72, 0x61, 0x79, 0x4f, 0x72, 0x69, 0x67, 0x69, 0x6e, 0x00, 0x05, 0x00, // ..v_rayOrigin...
	0x06, 0x00, 0xe1, 0x02, 0x00, 0x00, 0x62, 0x67, 0x66, 0x78, 0x5f, 0x46, 0x72, 0x61, 0x67, 0x44, // ......bgfx_FragD
	0x61, 0x74, 0x61, 0x30, 0x00, 0x00, 0x05, 0x00, 0x06, 0x00, 0xe4, 0x02, 0x00, 0x00, 0x67, 0x6c, // ata0..........gl
	0x5f, 0x46, 0x72, 0x61, 0x67, 0x44, 0x65, 0x70, 0x74, 0x68, 0x00, 0x00, 0x00, 0x00, 0x47, 0x00, // _FragDepth....G.
	0x03, 0x00, 0x80, 0x00, 0x00, 0x00, 0x02, 0x00, 0x00, 0x00, 0x48, 0x00, 0x04, 0x00, 0x80, 0x00, // ..........H.....
	0x00, 0x00, 0x00, 0x00, 0x00, 0x00, 0x04, 0x00, 0x00, 0x00, 0x48, 0x00, 0x05, 0x00, 0x80, 0x00, // ..........H.....
	0x00, 0x00, 0x00, 0x00, 0x00, 0x00, 0x07, 0x00, 0x00, 0x00, 0x10, 0x00, 0x00, 0x00, 0x48, 0x00, // ..............H.
	0x05, 0x00, 0x80, 0x00, 0x00, 0x00, 0x00, 0x00, 0x00, 0x00, 0x23, 0x00, 0x00, 0x00, 0x00, 0x00, // ..........#.....
	0x00, 0x00, 0x48, 0x00, 0x04, 0x00, 0x80, 0x00, 0x00, 0x00, 0x01, 0x00, 0x00, 0x00, 0x04, 0x00, // ..H.............
	0x00, 0x00, 0x48, 0x00, 0x05, 0x00, 0x80, 0x00, 0x00, 0x00, 0x01, 0x00, 0x00, 0x00, 0x07, 0x00, // ..H.............
	0x00, 0x00, 0x10, 0x00, 0x00, 0x00, 0x48, 0x00, 0x05, 0x00, 0x80, 0x00, 0x00, 0x00, 0x01, 0x00, // ......H.........
	0x00, 0x00, 0x23, 0x00, 0x00, 0x00, 0x40, 0x00, 0x00, 0x00, 0x48, 0x00, 0x05, 0x00, 0x80, 0x00, // ..#...@...H.....
	0x00, 0x00, 0x02, 0x00, 0x00, 0x00, 0x23, 0x00, 0x00, 0x00, 0x80, 0x00, 0x00, 0x00, 0x48, 0x00, // ......#.......H.
	0x05, 0x00, 0x80, 0x00, 0x00, 0x00, 0x03, 0x00, 0x00, 0x00, 0x23, 0x00, 0x00, 0x00, 0x90, 0x00, // ..........#.....
	0x00, 0x00, 0x48, 0x00, 0x05, 0x00, 0x80, 0x00, 0x00, 0x00, 0x04, 0x00, 0x00, 0x00, 0x23, 0x00, // ..H...........#.
	0x00, 0x00, 0xa0, 0x00, 0x00, 0x00, 0x48, 0x00, 0x05, 0x00, 0x80, 0x00, 0x00, 0x00, 0x05, 0x00, // ......H.........
	0x00, 0x00, 0x23, 0x00, 0x00, 0x00, 0xb0, 0x00, 0x00, 0x00, 0x48, 0x00, 0x05, 0x00, 0x80, 0x00, // ..#.......H.....
	0x00, 0x00, 0x06, 0x00, 0x00, 0x00, 0x23, 0x00, 0x00, 0x00, 0xc0, 0x00, 0x00, 0x00, 0x48, 0x00, // ......#.......H.
	0x05, 0x00, 0x80, 0x00, 0x00, 0x00, 0x07, 0x00, 0x00, 0x00, 0x23, 0x00, 0x00, 0x00, 0xd0, 0x00, // ..........#.....
	0x00, 0x00, 0x48, 0x00, 0x05, 0x00, 0x80, 0x00, 0x00, 0x00, 0x08, 0x00, 0x00, 0x00, 0x23, 0x00, // ..H...........#.
	0x00, 0x00, 0xe0, 0x00, 0x00, 0x00, 0x48, 0x00, 0x05, 0x00, 0x80, 0x00, 0x00, 0x00, 0x09, 0x00, // ......H.........
	0x00, 0x00, 0x23, 0x00, 0x00, 0x00, 0xf0, 0x00, 0x00, 0x00, 0x48, 0x00, 0x05, 0x00, 0x80, 0x00, // ..#.......H.....
	0x00, 0x00, 0x0a, 0x00, 0x00, 0x00, 0x23, 0x00, 0x00, 0x00, 0x00, 0x01, 0x00, 0x00, 0x48, 0x00, // ......#.......H.
	0x05, 0x00, 0x80, 0x00, 0x00, 0x00, 0x0b, 0x00, 0x00, 0x00, 0x23, 0x00, 0x00, 0x00, 0x10, 0x01, // ..........#.....
	0x00, 0x00, 0x48, 0x00, 0x05, 0x00, 0x80, 0x00, 0x00, 0x00, 0x0c, 0x00, 0x00, 0x00, 0x23, 0x00, // ..H...........#.
	0x00, 0x00, 0x20, 0x01, 0x00, 0x00, 0x48, 0x00, 0x05, 0x00, 0x80, 0x00, 0x00, 0x00, 0x0d, 0x00, // .. ...H.........
	0x00, 0x00, 0x23, 0x00, 0x00, 0x00, 0x30, 0x01, 0x00, 0x00, 0x48, 0x00, 0x05, 0x00, 0x80, 0x00, // ..#...0...H.....
	0x00, 0x00, 0x0e, 0x00, 0x00, 0x00, 0x23, 0x00, 0x00, 0x00, 0x40, 0x01, 0x00, 0x00, 0x48, 0x00, // ......#...@...H.
	0x05, 0x00, 0x80, 0x00, 0x00, 0x00, 0x0f, 0x00, 0x00, 0x00, 0x23, 0x00, 0x00, 0x00, 0x50, 0x01, // ..........#...P.
	0x00, 0x00, 0x48, 0x00, 0x05, 0x00, 0x80, 0x00, 0x00, 0x00, 0x10, 0x00, 0x00, 0x00, 0x23, 0x00, // ..H...........#.
	0x00, 0x00, 0x60, 0x01, 0x00, 0x00, 0x48, 0x00, 0x05, 0x00, 0x80, 0x00, 0x00, 0x00, 0x11, 0x00, // ..`...H.........
	0x00, 0x00, 0x23, 0x00, 0x00, 0x00, 0x70, 0x01, 0x00, 0x00, 0x48, 0x00, 0x05, 0x00, 0x80, 0x00, // ..#...p...H.....
	0x00, 0x00, 0x12, 0x00, 0x00, 0x00, 0x23, 0x00, 0x00, 0x00, 0x80, 0x01, 0x00, 0x00, 0x48, 0x00, // ......#.......H.
	0x05, 0x00, 0x80, 0x00, 0x00, 0x00, 0x13, 0x00, 0x00, 0x00, 0x23, 0x00, 0x00, 0x00, 0x90, 0x01, // ..........#.....
	0x00, 0x00, 0x48, 0x00, 0x05, 0x00, 0x80, 0x00, 0x00, 0x00, 0x14, 0x00, 0x00, 0x00, 0x23, 0x00, // ..H...........#.
	0x00, 0x00, 0xa0, 0x01, 0x00, 0x00, 0x48, 0x00, 0x05, 0x00, 0x80, 0x00, 0x00, 0x00, 0x15, 0x00, // ......H.........
	0x00, 0x00, 0x23, 0x00, 0x00, 0x00, 0xb0, 0x01, 0x00, 0x00, 0x48, 0x00, 0x05, 0x00, 0x80, 0x00, // ..#.......H.....
	0x00, 0x00, 0x16, 0x00, 0x00, 0x00, 0x23, 0x00, 0x00, 0x00, 0xc0, 0x01, 0x00, 0x00, 0x48, 0x00, // ......#.......H.
	0x05, 0x00, 0x80, 0x00, 0x00, 0x00, 0x17, 0x00, 0x00, 0x00, 0x23, 0x00, 0x00, 0x00, 0xd0, 0x01, // ..........#.....
	0x00, 0x00, 0x48, 0x00, 0x05, 0x00, 0x80, 0x00, 0x00, 0x00, 0x18, 0x00, 0x00, 0x00, 0x23, 0x00, // ..H...........#.
	0x00, 0x00, 0xe0, 0x01, 0x00, 0x00, 0x48, 0x00, 0x05, 0x00, 0x80, 0x00, 0x00, 0x00, 0x19, 0x00, // ......H.........
	0x00, 0x00, 0x23, 0x00, 0x00, 0x00, 0xf0, 0x01, 0x00, 0x00, 0x47, 0x00, 0x04, 0x00, 0x82, 0x00, // ..#.......G.....
	0x00, 0x00, 0x21, 0x00, 0x00, 0x00, 0x01, 0x00, 0x00, 0x00, 0x47, 0x00, 0x04, 0x00, 0x82, 0x00, // ..!.......G.....
	0x00, 0x00, 0x22, 0x00, 0x00, 0x00, 0x00, 0x00, 0x00, 0x00, 0x47, 0x00, 0x04, 0x00, 0xc8, 0x02, // ..".......G.....
	0x00, 0x00, 0x1e, 0x00, 0x00, 0x00, 0x00, 0x00, 0x00, 0x00, 0x47, 0x00, 0x04, 0x00, 0xcc, 0x02, // ..........G.....
	0x00, 0x00, 0x1e, 0x00, 0x00, 0x00, 0x01, 0x00, 0x00, 0x00, 0x47, 0x00, 0x04, 0x00, 0xcf, 0x02, // ..........G.....
	0x00, 0x00, 0x1e, 0x00, 0x00, 0x00, 0x02, 0x00, 0x00, 0x00, 0x47, 0x00, 0x04, 0x00, 0xe1, 0x02, // ..........G.....
	0x00, 0x00, 0x1e, 0x00, 0x00, 0x00, 0x00, 0x00, 0x00, 0x00, 0x47, 0x00, 0x04, 0x00, 0xe4, 0x02, // ..........G.....
	0x00, 0x00, 0x0b, 0x00, 0x00, 0x00, 0x16, 0x00, 0x00, 0x00, 0x13, 0x00, 0x02, 0x00, 0x02, 0x00, // ................
	0x00, 0x00, 0x21, 0x00, 0x03, 0x00, 0x03, 0x00, 0x00, 0x00, 0x02, 0x00, 0x00, 0x00, 0x16, 0x00, // ..!.............
	0x03, 0x00, 0x06, 0x00, 0x00, 0x00, 0x20, 0x00, 0x00, 0x00, 0x17, 0x00, 0x04, 0x00, 0x0e, 0x00, // ...... .........
	0x00, 0x00, 0x06, 0x00, 0x00, 0x00, 0x03, 0x00, 0x00, 0x00, 0x17, 0x00, 0x04, 0x00, 0x16, 0x00, // ................
	0x00, 0x00, 0x06, 0x00, 0x00, 0x00, 0x04, 0x00, 0x00, 0x00, 0x17, 0x00, 0x04, 0x00, 0x34, 0x00, // ..............4.
	0x00, 0x00, 0x06, 0x00, 0x00, 0x00, 0x02, 0x00, 0x00, 0x00, 0x2b, 0x00, 0x04, 0x00, 0x06, 0x00, // ..........+.....
	0x00, 0x00, 0x5c, 0x00, 0x00, 0x00, 0x00, 0x00, 0x00, 0x3f, 0x2b, 0x00, 0x04, 0x00, 0x06, 0x00, // .........?+.....
	0x00, 0x00, 0x71, 0x00, 0x00, 0x00, 0x00, 0x00, 0x80, 0x3f, 0x18, 0x00, 0x04, 0x00, 0x7f, 0x00, // ..q......?......
	0x00, 0x00, 0x16, 0x00, 0x00, 0x00, 0x04, 0x00, 0x00, 0x00, 0x1e, 0x00, 0x1c, 0x00, 0x80, 0x00, // ................
	0x00, 0x00, 0x7f, 0x00, 0x00, 0x00, 0x7f, 0x00, 0x00, 0x00, 0x16, 0x00, 0x00, 0x00, 0x16, 0x00, // ................
	0x00, 0x00, 0x16, 0x00, 0x00, 0x00, 0x16, 0x00, 0x00, 0x00, 0x16, 0x00, 0x00, 0x00, 0x16, 0x00, // ................
	0x00, 0x00, 0x16, 0x00, 0x00, 0x00, 0x16, 0x00, 0x00, 0x00, 0x16, 0x00, 0x00, 0x00, 0x16, 0x00, // ................
	0x00, 0x00, 0x16, 0x00, 0x00, 0x00, 0x16, 0x00, 0x00, 0x00, 0x16, 0x00, 0x00, 0x00, 0x16, 0x00, // ................
	0x00, 0x00, 0x16, 0x00, 0x00, 0x00, 0x16, 0x00, 0x00, 0x00, 0x16, 0x00, 0x00, 0x00, 0x16, 0x00, // ................
	0x00, 0x00, 0x16, 0x00, 0x00, 0x00, 0x16, 0x00, 0x00, 0x00, 0x16, 0x00, 0x00, 0x00, 0x16, 0x00, // ................
	0x00, 0x00, 0x16, 0x00, 0x00, 0x00, 0x16, 0x00, 0x00, 0x00, 0x20, 0x00, 0x04, 0x00, 0x81, 0x00, // .......... .....
	0x00, 0x00, 0x02, 0x00, 0x00, 0x00, 0x80, 0x00, 0x00, 0x00, 0x3b, 0x00, 0x04, 0x00, 0x81, 0x00, // ..........;.....
	0x00, 0x00, 0x82, 0x00, 0x00, 0x00, 0x02, 0x00, 0x00, 0x00, 0x15, 0x00, 0x04, 0x00, 0x83, 0x00, // ................
	0x00, 0x00, 0x20, 0x00, 0x00, 0x00, 0x01, 0x00, 0x00, 0x00, 0x2b, 0x00, 0x04, 0x00, 0x83, 0x00, // .. .......+.....
	0x00, 0x00, 0x84, 0x00, 0x00, 0x00, 0x02, 0x00, 0x00, 0x00, 0x15, 0x00, 0x04, 0x00, 0x85, 0x00, // ................
	0x00, 0x00, 0x20, 0x00, 0x00, 0x00, 0x00, 0x00, 0x00, 0x00, 0x2b, 0x00, 0x04, 0x00, 0x85, 0x00, // .. .......+.....
	0x00, 0x00, 0x86, 0x00, 0x00, 0x00, 0x01, 0x00, 0x00, 0x00, 0x20, 0x00, 0x04, 0x00, 0x87, 0x00, // .......... .....
	0x00, 0x00, 0x02, 0x00, 0x00, 0x00, 0x06, 0x00, 0x00, 0x00, 0x2b, 0x00, 0x04, 0x00, 0x85, 0x00, // ..........+.....
	0x00, 0x00, 0x8e, 0x00, 0x00, 0x00, 0x02, 0x00, 0x00, 0x00, 0x2b, 0x00, 0x04, 0x00, 0x06, 0x00, // ..........+.....
	0x00, 0x00, 0x94, 0x00, 0x00, 0x00, 0x08, 0x00, 0x80, 0x3f, 0x2b, 0x00, 0x04, 0x00, 0x06, 0x00, // .........?+.....
	0x00, 0x00, 0x9a, 0x00, 0x00, 0x00, 0x00, 0x00, 0x00, 0x00, 0x2b, 0x00, 0x04, 0x00, 0x06, 0x00, // ..........+.....
	0x00, 0x00, 0xa1, 0x00, 0x00, 0x00, 0x77, 0xcc, 0x2b, 0x32, 0x2b, 0x00, 0x04, 0x00, 0x06, 0x00, // ......w.+2+.....
	0x00, 0x00, 0xa5, 0x00, 0x00, 0x00, 0x00, 0x00, 0x00, 0x40, 0x14, 0x00, 0x02, 0x00, 0xb0, 0x00, // .........@......
	0x00, 0x00, 0x2b, 0x00, 0x04, 0x00, 0x85, 0x00, 0x00, 0x00, 0xd7, 0x00, 0x00, 0x00, 0x00, 0x00, // ..+.............
	0x00, 0x00, 0x2b, 0x00, 0x04, 0x00, 0x83, 0x00, 0x00, 0x00, 0xdb, 0x00, 0x00, 0x00, 0x11, 0x00, // ..+.............
	0x00, 0x00, 0x2b, 0x00, 0x04, 0x00, 0x83, 0x00, 0x00, 0x00, 0xe2, 0x00, 0x00, 0x00, 0x10, 0x00, // ..+.............
	0x00, 0x00, 0x2b, 0x00, 0x04, 0x00, 0x06, 0x00, 0x00, 0x00, 0xec, 0x00, 0x00, 0x00, 0x08, 0xe5, // ..+.............
	0x3c, 0x1e, 0x2b, 0x00, 0x04, 0x00, 0x06, 0x00, 0x00, 0x00, 0xef, 0x00, 0x00, 0x00, 0x00, 0x00, // <.+.............
	0xc0, 0x3f, 0x2b, 0x00, 0x04, 0x00, 0x06, 0x00, 0x00, 0x00, 0xf0, 0x00, 0x00, 0x00, 0x00, 0x00, // .?+.............
	0x60, 0x40, 0x2b, 0x00, 0x04, 0x00, 0x83, 0x00, 0x00, 0x00, 0xf7, 0x00, 0x00, 0x00, 0x05, 0x00, // `@+.............
	0x00, 0x00, 0x20, 0x00, 0x04, 0x00, 0xf8, 0x00, 0x00, 0x00, 0x02, 0x00, 0x00, 0x00, 0x16, 0x00, // .. .............
	0x00, 0x00, 0x2b, 0x00, 0x04, 0x00, 0x83, 0x00, 0x00, 0x00, 0xfe, 0x00, 0x00, 0x00, 0x06, 0x00, // ..+.............
	0x00, 0x00, 0x2b, 0x00, 0x04, 0x00, 0x83, 0x00, 0x00, 0x00, 0x09, 0x01, 0x00, 0x00, 0x12, 0x00, // ..+.............
	0x00, 0x00, 0x2b, 0x00, 0x04, 0x00, 0x83, 0x00, 0x00, 0x00, 0x0f, 0x01, 0x00, 0x00, 0x13, 0x00, // ..+.............
	0x00, 0x00, 0x2b, 0x00, 0x04, 0x00, 0x83, 0x00, 0x00, 0x00, 0x17, 0x01, 0x00, 0x00, 0x14, 0x00, // ..+.............
	0x00, 0x00, 0x2b, 0x00, 0x04, 0x00, 0x83, 0x00, 0x00, 0x00, 0x1b, 0x01, 0x00, 0x00, 0x15, 0x00, // ..+.............
	0x00, 0x00, 0x2b, 0x00, 0x04, 0x00, 0x83, 0x00, 0x00, 0x00, 0x23, 0x01, 0x00, 0x00, 0x16, 0x00, // ..+.......#.....
	0x00, 0x00, 0x2c, 0x00, 0x05, 0x00, 0x34, 0x00, 0x00, 0x00, 0x57, 0x01, 0x00, 0x00, 0xa1, 0x00, // ..,...4...W.....
	0x00, 0x00, 0xa1, 0x00, 0x00, 0x00, 0x2b, 0x00, 0x04, 0x00, 0x06, 0x00, 0x00, 0x00, 0x58, 0x01, // ......+.......X.
	0x00, 0x00, 0xca, 0xf2, 0x49, 0x71, 0x2c, 0x00, 0x05, 0x00, 0x34, 0x00, 0x00, 0x00, 0x59, 0x01, // ....Iq,...4...Y.
	0x00, 0x00, 0x58, 0x01, 0x00, 0x00, 0x58, 0x01, 0x00, 0x00, 0x2b, 0x00, 0x04, 0x00, 0x83, 0x00, // ..X...X...+.....
	0x00, 0x00, 0x5e, 0x01, 0x00, 0x00, 0x04, 0x00, 0x00, 0x00, 0x2b, 0x00, 0x04, 0x00, 0x06, 0x00, // ..^.......+.....
	0x00, 0x00, 0x6e, 0x01, 0x00, 0x00, 0xbd, 0x37, 0x86, 0x35, 0x2b, 0x00, 0x04, 0x00, 0x06, 0x00, // ..n....7.5+.....
	0x00, 0x00, 0x74, 0x01, 0x00, 0x00, 0x00, 0x00, 0x80, 0xbf, 0x2b, 0x00, 0x04, 0x00, 0x06, 0x00, // ..t.......+.....
	0x00, 0x00, 0x93, 0x01, 0x00, 0x00, 0xb6, 0x7e, 0xb2, 0x3d, 0x2b, 0x00, 0x04, 0x00, 0x83, 0x00, // .......~.=+.....
	0x00, 0x00, 0x9e, 0x01, 0x00, 0x00, 0x03, 0x00, 0x00, 0x00, 0x2b, 0x00, 0x04, 0x00, 0x83, 0x00, // ..........+.....
	0x00, 0x00, 0xaa, 0x01, 0x00, 0x00, 0x00, 0x00, 0x00, 0x00, 0x20, 0x00, 0x04, 0x00, 0xab, 0x01, // .......... .....
	0x00, 0x00, 0x02, 0x00, 0x00, 0x00, 0x7f, 0x00, 0x00, 0x00, 0x2b, 0x00, 0x04, 0x00, 0x83, 0x00, // ..........+.....
	0x00, 0x00, 0xc6, 0x01, 0x00, 0x00, 0x01, 0x00, 0x00, 0x00, 0x2b, 0x00, 0x04, 0x00, 0x83, 0x00, // ..........+.....
	0x00, 0x00, 0xd1, 0x01, 0x00, 0x00, 0x0e, 0x00, 0x00, 0x00, 0x2b, 0x00, 0x04, 0x00, 0x06, 0x00, // ..........+.....
	0x00, 0x00, 0xd4, 0x01, 0x00, 0x00, 0xcd, 0xcc, 0xcc, 0x3d, 0x2b, 0x00, 0x04, 0x00, 0x06, 0x00, // .........=+.....
	0x00, 0x00, 0xdb, 0x01, 0x00, 0x00, 0x00, 0x00, 0x80, 0x40, 0x2b, 0x00, 0x04, 0x00, 0x06, 0x00, // .........@+.....
	0x00, 0x00, 0xf6, 0x01, 0x00, 0x00, 0xcd, 0xcc, 0x4c, 0x3f, 0x2b, 0x00, 0x04, 0x00, 0x06, 0x00, // ........L?+.....
	0x00, 0x00, 0xf7, 0x01, 0x00, 0x00, 0x00, 0x00, 0x20, 0x40, 0x2b, 0x00, 0x04, 0x00, 0x83, 0x00, // ........ @+.....
	0x00, 0x00, 0x1e, 0x02, 0x00, 0x00, 0x0f, 0x00, 0x00, 0x00, 0x2b, 0x00, 0x04, 0x00, 0x83, 0x00, // ..........+.....
	0x00, 0x00, 0x24, 0x02, 0x00, 0x00, 0x0c, 0x00, 0x00, 0x00, 0x2b, 0x00, 0x04, 0x00, 0x83, 0x00, // ..$.......+.....
	0x00, 0x00, 0x30, 0x02, 0x00, 0x00, 0x0d, 0x00, 0x00, 0x00, 0x2b, 0x00, 0x04, 0x00, 0x83, 0x00, // ..0.......+.....
	0x00, 0x00, 0x40, 0x02, 0x00, 0x00, 0x0b, 0x00, 0x00, 0x00, 0x2b, 0x00, 0x04, 0x00, 0x83, 0x00, // ..@.......+.....
	0x00, 0x00, 0x64, 0x02, 0x00, 0x00, 0x09, 0x00, 0x00, 0x00, 0x2b, 0x00, 0x04, 0x00, 0x83, 0x00, // ..d.......+.....
	0x00, 0x00, 0x6a, 0x02, 0x00, 0x00, 0x0a, 0x00, 0x00, 0x00, 0x2b, 0x00, 0x04, 0x00, 0x83, 0x00, // ..j.......+.....
	0x00, 0x00, 0x72, 0x02, 0x00, 0x00, 0x18, 0x00, 0x00, 0x00, 0x2b, 0x00, 0x04, 0x00, 0x06, 0x00, // ..r.......+.....
	0x00, 0x00, 0x78, 0x02, 0x00, 0x00, 0xcd, 0xcc, 0x4c, 0x3e, 0x2b, 0x00, 0x04, 0x00, 0x83, 0x00, // ..x.....L>+.....
	0x00, 0x00, 0x7a, 0x02, 0x00, 0x00, 0x17, 0x00, 0x00, 0x00, 0x2b, 0x00, 0x04, 0x00, 0x83, 0x00, // ..z.......+.....
	0x00, 0x00, 0x89, 0x02, 0x00, 0x00, 0x07, 0x00, 0x00, 0x00, 0x2b, 0x00, 0x04, 0x00, 0x83, 0x00, // ..........+.....
	0x00, 0x00, 0x94, 0x02, 0x00, 0x00, 0x08, 0x00, 0x00, 0x00, 0x2b, 0x00, 0x04, 0x00, 0x06, 0x00, // ..........+.....
	0x00, 0x00, 0x9f, 0x02, 0x00, 0x00, 0x9a, 0x99, 0x59, 0x3f, 0x2c, 0x00, 0x06, 0x00, 0x0e, 0x00, // ........Y?,.....
	0x00, 0x00, 0xa0, 0x02, 0x00, 0x00, 0x71, 0x00, 0x00, 0x00, 0x9f, 0x02, 0x00, 0x00, 0xd4, 0x01, // ......q.........
	0x00, 0x00, 0x2b, 0x00, 0x04, 0x00, 0x83, 0x00, 0x00, 0x00, 0xb1, 0x02, 0x00, 0x00, 0x19, 0x00, // ..+.............
	0x00, 0x00, 0x20, 0x00, 0x04, 0x00, 0xc7, 0x02, 0x00, 0x00, 0x01, 0x00, 0x00, 0x00, 0x34, 0x00, // .. ...........4.
	0x00, 0x00, 0x3b, 0x00, 0x04, 0x00, 0xc7, 0x02, 0x00, 0x00, 0xc8, 0x02, 0x00, 0x00, 0x01, 0x00, // ..;.............
	0x00, 0x00, 0x20, 0x00, 0x04, 0x00, 0xcb, 0x02, 0x00, 0x00, 0x01, 0x00, 0x00, 0x00, 0x0e, 0x00, // .. .............
	0x00, 0x00, 0x3b, 0x00, 0x04, 0x00, 0xcb, 0x02, 0x00, 0x00, 0xcc, 0x02, 0x00, 0x00, 0x01, 0x00, // ..;.............
	0x00, 0x00, 0x3b, 0x00, 0x04, 0x00, 0xcb, 0x02, 0x00, 0x00, 0xcf, 0x02, 0x00, 0x00, 0x01, 0x00, // ..;.............
	0x00, 0x00, 0x20, 0x00, 0x04, 0x00, 0xe0, 0x02, 0x00, 0x00, 0x03, 0x00, 0x00, 0x00, 0x16, 0x00, // .. .............
	0x00, 0x00, 0x3b, 0x00, 0x04, 0x00, 0xe0, 0x02, 0x00, 0x00, 0xe1, 0x02, 0x00, 0x00, 0x03, 0x00, // ..;.............
	0x00, 0x00, 0x20, 0x00, 0x04, 0x00, 0xe3, 0x02, 0x00, 0x00, 0x03, 0x00, 0x00, 0x00, 0x06, 0x00, // .. .............
	0x00, 0x00, 0x3b, 0x00, 0x04, 0x00, 0xe3, 0x02, 0x00, 0x00, 0xe4, 0x02, 0x00, 0x00, 0x03, 0x00, // ..;.............
	0x00, 0x00, 0x2b, 0x00, 0x04, 0x00, 0x06, 0x00, 0x00, 0x00, 0xd9, 0x06, 0x00, 0x00, 0x00, 0x00, // ..+.............
	0x40, 0x40, 0x2b, 0x00, 0x04, 0x00, 0x06, 0x00, 0x00, 0x00, 0xda, 0x06, 0x00, 0x00, 0xcd, 0xcc, // @@+.............
	0xcc, 0x3f, 0x2b, 0x00, 0x04, 0x00, 0x06, 0x00, 0x00, 0x00, 0xdb, 0x06, 0x00, 0x00, 0x00, 0x00, // .?+.............
	0xa0, 0x3f, 0x36, 0x00, 0x05, 0x00, 0x02, 0x00, 0x00, 0x00, 0x04, 0x00, 0x00, 0x00, 0x00, 0x00, // .?6.............
	0x00, 0x00, 0x03, 0x00, 0x00, 0x00, 0xf8, 0x00, 0x02, 0x00, 0x05, 0x00, 0x00, 0x00, 0x3d, 0x00, // ..............=.
	0x04, 0x00, 0x34, 0x00, 0x00, 0x00, 0xc9, 0x02, 0x00, 0x00, 0xc8, 0x02, 0x00, 0x00, 0x3d, 0x00, // ..4...........=.
	0x04, 0x00, 0x0e, 0x00, 0x00, 0x00, 0xcd, 0x02, 0x00, 0x00, 0xcc, 0x02, 0x00, 0x00, 0x3d, 0x00, // ..............=.
	0x04, 0x00, 0x0e, 0x00, 0x00, 0x00, 0xd0, 0x02, 0x00, 0x00, 0xcf, 0x02, 0x00, 0x00, 0x41, 0x00, // ..............A.
	0x06, 0x00, 0x87, 0x00, 0x00, 0x00, 0x4f, 0x03, 0x00, 0x00, 0x82, 0x00, 0x00, 0x00, 0x09, 0x01, // ......O.........
	0x00, 0x00, 0xd7, 0x00, 0x00, 0x00, 0x3d, 0x00, 0x04, 0x00, 0x06, 0x00, 0x00, 0x00, 0x50, 0x03, // ......=.......P.
	0x00, 0x00, 0x4f, 0x03, 0x00, 0x00, 0xba, 0x00, 0x05, 0x00, 0xb0, 0x00, 0x00, 0x00, 0x51, 0x03, // ..O...........Q.
	0x00, 0x00, 0x50, 0x03, 0x00, 0x00, 0x5c, 0x00, 0x00, 0x00, 0xf7, 0x00, 0x03, 0x00, 0xc4, 0x03, // ..P.............
	0x00, 0x00, 0x00, 0x00, 0x00, 0x00, 0xfa, 0x00, 0x04, 0x00, 0x51, 0x03, 0x00, 0x00, 0x52, 0x03, // ..........Q...R.
	0x00, 0x00, 0x92, 0x03, 0x00, 0x00, 0xf8, 0x00, 0x02, 0x00, 0x52, 0x03, 0x00, 0x00, 0x41, 0x00, // ..........R...A.
	0x06, 0x00, 0x87, 0x00, 0x00, 0x00, 0x53, 0x03, 0x00, 0x00, 0x82, 0x00, 0x00, 0x00, 0x0f, 0x01, // ......S.........
	0x00, 0x00, 0xd7, 0x00, 0x00, 0x00, 0x3d, 0x00, 0x04, 0x00, 0x06, 0x00, 0x00, 0x00, 0x54, 0x03, // ......=.......T.
	0x00, 0x00, 0x53, 0x03, 0x00, 0x00, 0xb8, 0x00, 0x05, 0x00, 0xb0, 0x00, 0x00, 0x00, 0x55, 0x03, // ..S...........U.
	0x00, 0x00, 0x54, 0x03, 0x00, 0x00, 0x5c, 0x00, 0x00, 0x00, 0xf7, 0x00, 0x03, 0x00, 0x57, 0x03, // ..T...........W.
	0x00, 0x00, 0x00, 0x00, 0x00, 0x00, 0xfa, 0x00, 0x04, 0x00, 0x55, 0x03, 0x00, 0x00, 0x56, 0x03, // ..........U...V.
	0x00, 0x00, 0x57, 0x03, 0x00, 0x00, 0xf8, 0x00, 0x02, 0x00, 0x56, 0x03, 0x00, 0x00, 0xfc, 0x00, // ..W.......V.....
	0x01, 0x00, 0xf8, 0x00, 0x02, 0x00, 0x57, 0x03, 0x00, 0x00, 0x41, 0x00, 0x05, 0x00, 0xf8, 0x00, // ......W...A.....
	0x00, 0x00, 0x58, 0x03, 0x00, 0x00, 0x82, 0x00, 0x00, 0x00, 0x17, 0x01, 0x00, 0x00, 0x3d, 0x00, // ..X...........=.
	0x04, 0x00, 0x16, 0x00, 0x00, 0x00, 0x59, 0x03, 0x00, 0x00, 0x58, 0x03, 0x00, 0x00, 0x4f, 0x00, // ......Y...X...O.
	0x08, 0x00, 0x0e, 0x00, 0x00, 0x00, 0x5a, 0x03, 0x00, 0x00, 0x59, 0x03, 0x00, 0x00, 0x59, 0x03, // ......Z...Y...Y.
	0x00, 0x00, 0x00, 0x00, 0x00, 0x00, 0x01, 0x00, 0x00, 0x00, 0x02, 0x00, 0x00, 0x00, 0x41, 0x00, // ..............A.
	0x05, 0x00, 0xf8, 0x00, 0x00, 0x00, 0x5b, 0x03, 0x00, 0x00, 0x82, 0x00, 0x00, 0x00, 0x1b, 0x01, // ......[.........
	0x00, 0x00, 0x3d, 0x00, 0x04, 0x00, 0x16, 0x00, 0x00, 0x00, 0x5c, 0x03, 0x00, 0x00, 0x5b, 0x03, // ..=...........[.
	0x00, 0x00, 0x4f, 0x00, 0x08, 0x00, 0x0e, 0x00, 0x00, 0x00, 0x5d, 0x03, 0x00, 0x00, 0x5c, 0x03, // ..O.......].....
	0x00, 0x00, 0x5c, 0x03, 0x00, 0x00, 0x00, 0x00, 0x00, 0x00, 0x01, 0x00, 0x00, 0x00, 0x02, 0x00, // ................
	0x00, 0x00, 0x51, 0x00, 0x05, 0x00, 0x06, 0x00, 0x00, 0x00, 0x5f, 0x03, 0x00, 0x00, 0xc9, 0x02, // ..Q......._.....
	0x00, 0x00, 0x00, 0x00, 0x00, 0x00, 0x8e, 0x00, 0x05, 0x00, 0x0e, 0x00, 0x00, 0x00, 0x60, 0x03, // ..............`.
	0x00, 0x00, 0x5d, 0x03, 0x00, 0x00, 0x5f, 0x03, 0x00, 0x00, 0x81, 0x00, 0x05, 0x00, 0x0e, 0x00, // ..]..._.........
	0x00, 0x00, 0x61, 0x03, 0x00, 0x00, 0x5a, 0x03, 0x00, 0x00, 0x60, 0x03, 0x00, 0x00, 0x41, 0x00, // ..a...Z...`...A.
	0x05, 0x00, 0xf8, 0x00, 0x00, 0x00, 0x62, 0x03, 0x00, 0x00, 0x82, 0x00, 0x00, 0x00, 0x23, 0x01, // ......b.......#.
	0x00, 0x00, 0x3d, 0x00, 0x04, 0x00, 0x16, 0x00, 0x00, 0x00, 0x63, 0x03, 0x00, 0x00, 0x62, 0x03, // ..=.......c...b.
	0x00, 0x00, 0x4f, 0x00, 0x08, 0x00, 0x0e, 0x00, 0x00, 0x00, 0x64, 0x03, 0x00, 0x00, 0x63, 0x03, // ..O.......d...c.
	0x00, 0x00, 0x63, 0x03, 0x00, 0x00, 0x00, 0x00, 0x00, 0x00, 0x01, 0x00, 0x00, 0x00, 0x02, 0x00, // ..c.............
	0x00, 0x00, 0x51, 0x00, 0x05, 0x00, 0x06, 0x00, 0x00, 0x00, 0x66, 0x03, 0x00, 0x00, 0xc9, 0x02, // ..Q.......f.....
	0x00, 0x00, 0x01, 0x00, 0x00, 0x00, 0x8e, 0x00, 0x05, 0x00, 0x0e, 0x00, 0x00, 0x00, 0x67, 0x03, // ..............g.
	0x00, 0x00, 0x64, 0x03, 0x00, 0x00, 0x66, 0x03, 0x00, 0x00, 0x81, 0x00, 0x05, 0x00, 0x0e, 0x00, // ..d...f.........
	0x00, 0x00, 0x68, 0x03, 0x00, 0x00, 0x61, 0x03, 0x00, 0x00, 0x67, 0x03, 0x00, 0x00, 0x41, 0x00, // ..h...a...g...A.
	0x06, 0x00, 0x87, 0x00, 0x00, 0x00, 0x6c, 0x03, 0x00, 0x00, 0x82, 0x00, 0x00, 0x00, 0xdb, 0x00, // ......l.........
	0x00, 0x00, 0xd7, 0x00, 0x00, 0x00, 0x3d, 0x00, 0x04, 0x00, 0x06, 0x00, 0x00, 0x00, 0x6d, 0x03, // ......=.......m.
	0x00, 0x00, 0x6c, 0x03, 0x00, 0x00, 0x88, 0x00, 0x05, 0x00, 0x06, 0x00, 0x00, 0x00, 0x6e, 0x03, // ..l...........n.
	0x00, 0x00, 0xa5, 0x00, 0x00, 0x00, 0x6d, 0x03, 0x00, 0x00, 0x8e, 0x00, 0x05, 0x00, 0x0e, 0x00, // ......m.........
	0x00, 0x00, 0x6f, 0x03, 0x00, 0x00, 0x5d, 0x03, 0x00, 0x00, 0x6e, 0x03, 0x00, 0x00, 0x41, 0x00, // ..o...]...n...A.
	0x06, 0x00, 0x87, 0x00, 0x00, 0x00, 0x73, 0x03, 0x00, 0x00, 0x82, 0x00, 0x00, 0x00, 0xe2, 0x00, // ......s.........
	0x00, 0x00, 0xd7, 0x00, 0x00, 0x00, 0x3d, 0x00, 0x04, 0x00, 0x06, 0x00, 0x00, 0x00, 0x74, 0x03, // ......=.......t.
	0x00, 0x00, 0x73, 0x03, 0x00, 0x00, 0x88, 0x00, 0x05, 0x00, 0x06, 0x00, 0x00, 0x00, 0x75, 0x03, // ..s...........u.
	0x00, 0x00, 0xa5, 0x00, 0x00, 0x00, 0x74, 0x03, 0x00, 0x00, 0x8e, 0x00, 0x05, 0x00, 0x0e, 0x00, // ......t.........
	0x00, 0x00, 0x76, 0x03, 0x00, 0x00, 0x64, 0x03, 0x00, 0x00, 0x75, 0x03, 0x00, 0x00, 0x41, 0x00, // ..v...d...u...A.
	0x05, 0x00, 0xf8, 0x00, 0x00, 0x00, 0x78, 0x03, 0x00, 0x00, 0x82, 0x00, 0x00, 0x00, 0xf7, 0x00, // ......x.........
	0x00, 0x00, 0x3d, 0x00, 0x04, 0x00, 0x16, 0x00, 0x00, 0x00, 0x79, 0x03, 0x00, 0x00, 0x78, 0x03, // ..=.......y...x.
	0x00, 0x00, 0x4f, 0x00, 0x08, 0x00, 0x0e, 0x00, 0x00, 0x00, 0x7a, 0x03, 0x00, 0x00, 0x79, 0x03, // ..O.......z...y.
	0x00, 0x00, 0x79, 0x03, 0x00, 0x00, 0x00, 0x00, 0x00, 0x00, 0x01, 0x00, 0x00, 0x00, 0x02, 0x00, // ..y.............
	0x00, 0x00, 0x94, 0x00, 0x05, 0x00, 0x06, 0x00, 0x00, 0x00, 0x7b, 0x03, 0x00, 0x00, 0x6f, 0x03, // ..........{...o.
	0x00, 0x00, 0x7a, 0x03, 0x00, 0x00, 0x41, 0x00, 0x05, 0x00, 0xf8, 0x00, 0x00, 0x00, 0x7d, 0x03, // ..z...A.......}.
	0x00, 0x00, 0x82, 0x00, 0x00, 0x00, 0xfe, 0x00, 0x00, 0x00, 0x3d, 0x00, 0x04, 0x00, 0x16, 0x00, // ..........=.....
	0x00, 0x00, 0x7e, 0x03, 0x00, 0x00, 0x7d, 0x03, 0x00, 0x00, 0x4f, 0x00, 0x08, 0x00, 0x0e, 0x00, // ..~...}...O.....
	0x00, 0x00, 0x7f, 0x03, 0x00, 0x00, 0x7e, 0x03, 0x00, 0x00, 0x7e, 0x03, 0x00, 0x00, 0x00, 0x00, // ......~...~.....
	0x00, 0x00, 0x01, 0x00, 0x00, 0x00, 0x02, 0x00, 0x00, 0x00, 0x94, 0x00, 0x05, 0x00, 0x06, 0x00, // ................
	0x00, 0x00, 0x80, 0x03, 0x00, 0x00, 0x6f, 0x03, 0x00, 0x00, 0x7f, 0x03, 0x00, 0x00, 0x50, 0x00, // ......o.......P.
	0x05, 0x00, 0x34, 0x00, 0x00, 0x00, 0x81, 0x03, 0x00, 0x00, 0x7b, 0x03, 0x00, 0x00, 0x80, 0x03, // ..4.......{.....
	0x00, 0x00, 0x0c, 0x00, 0x06, 0x00, 0x34, 0x00, 0x00, 0x00, 0x82, 0x03, 0x00, 0x00, 0x01, 0x00, // ......4.........
	0x00, 0x00, 0x04, 0x00, 0x00, 0x00, 0x81, 0x03, 0x00, 0x00, 0x94, 0x00, 0x05, 0x00, 0x06, 0x00, // ................
	0x00, 0x00, 0x87, 0x03, 0x00, 0x00, 0x76, 0x03, 0x00, 0x00, 0x7a, 0x03, 0x00, 0x00, 0x94, 0x00, // ......v...z.....
	0x05, 0x00, 0x06, 0x00, 0x00, 0x00, 0x8c, 0x03, 0x00, 0x00, 0x76, 0x03, 0x00, 0x00, 0x7f, 0x03, // ..........v.....
	0x00, 0x00, 0x50, 0x00, 0x05, 0x00, 0x34, 0x00, 0x00, 0x00, 0x8d, 0x03, 0x00, 0x00, 0x87, 0x03, // ..P...4.........
	0x00, 0x00, 0x8c, 0x03, 0x00, 0x00, 0x0c, 0x00, 0x06, 0x00, 0x34, 0x00, 0x00, 0x00, 0x8e, 0x03, // ..........4.....
	0x00, 0x00, 0x01, 0x00, 0x00, 0x00, 0x04, 0x00, 0x00, 0x00, 0x8d, 0x03, 0x00, 0x00, 0x81, 0x00, // ................
	0x05, 0x00, 0x34, 0x00, 0x00, 0x00, 0x8f, 0x03, 0x00, 0x00, 0x82, 0x03, 0x00, 0x00, 0x8e, 0x03, // ..4.............
	0x00, 0x00, 0x0c, 0x00, 0x08, 0x00, 0x34, 0x00, 0x00, 0x00, 0x91, 0x03, 0x00, 0x00, 0x01, 0x00, // ......4.........
	0x00, 0x00, 0x2b, 0x00, 0x00, 0x00, 0x8f, 0x03, 0x00, 0x00, 0x57, 0x01, 0x00, 0x00, 0x59, 0x01, // ..+.......W...Y.
	0x00, 0x00, 0xf9, 0x00, 0x02, 0x00, 0xc4, 0x03, 0x00, 0x00, 0xf8, 0x00, 0x02, 0x00, 0x92, 0x03, // ................
	0x00, 0x00, 0x41, 0x00, 0x05, 0x00, 0xf8, 0x00, 0x00, 0x00, 0x93, 0x03, 0x00, 0x00, 0x82, 0x00, // ..A.............
	0x00, 0x00, 0x5e, 0x01, 0x00, 0x00, 0x3d, 0x00, 0x04, 0x00, 0x16, 0x00, 0x00, 0x00, 0x94, 0x03, // ..^...=.........
	0x00, 0x00, 0x93, 0x03, 0x00, 0x00, 0x4f, 0x00, 0x08, 0x00, 0x0e, 0x00, 0x00, 0x00, 0x95, 0x03, // ......O.........
	0x00, 0x00, 0x94, 0x03, 0x00, 0x00, 0x94, 0x03, 0x00, 0x00, 0x00, 0x00, 0x00, 0x00, 0x01, 0x00, // ................
	0x00, 0x00, 0x02, 0x00, 0x00, 0x00, 0x0c, 0x00, 0x06, 0x00, 0x0e, 0x00, 0x00, 0x00, 0x96, 0x03, // ................
	0x00, 0x00, 0x01, 0x00, 0x00, 0x00, 0x45, 0x00, 0x00, 0x00, 0x95, 0x03, 0x00, 0x00, 0x94, 0x00, // ......E.........
	0x05, 0x00, 0x06, 0x00, 0x00, 0x00, 0x99, 0x03, 0x00, 0x00, 0xcd, 0x02, 0x00, 0x00, 0x96, 0x03, // ................
	0x00, 0x00, 0x94, 0x00, 0x05, 0x00, 0x06, 0x00, 0x00, 0x00, 0x9c, 0x03, 0x00, 0x00, 0xd0, 0x02, // ................
	0x00, 0x00, 0x96, 0x03, 0x00, 0x00, 0x0c, 0x00, 0x06, 0x00, 0x06, 0x00, 0x00, 0x00, 0x9e, 0x03, // ................
	0x00, 0x00, 0x01, 0x00, 0x00, 0x00, 0x04, 0x00, 0x00, 0x00, 0x99, 0x03, 0x00, 0x00, 0xba, 0x00, // ................
	0x05, 0x00, 0xb0, 0x00, 0x00, 0x00, 0x9f, 0x03, 0x00, 0x00, 0x9e, 0x03, 0x00, 0x00, 0x6e, 0x01, // ..............n.
	0x00, 0x00, 0x7f, 0x00, 0x04, 0x00, 0x06, 0x00, 0x00, 0x00, 0xa1, 0x03, 0x00, 0x00, 0x9c, 0x03, // ................
	0x00, 0x00, 0x88, 0x00, 0x05, 0x00, 0x06, 0x00, 0x00, 0x00, 0xa3, 0x03, 0x00, 0x00, 0xa1, 0x03, // ................
	0x00, 0x00, 0x99, 0x03, 0x00, 0x00, 0xa9, 0x00, 0x06, 0x00, 0x06, 0x00, 0x00, 0x00, 0xa4, 0x03, // ................
	0x00, 0x00, 0x9f, 0x03, 0x00, 0x00, 0xa3, 0x03, 0x00, 0x00, 0x74, 0x01, 0x00, 0x00, 0x8e, 0x00, // ..........t.....
	0x05, 0x00, 0x0e, 0x00, 0x00, 0x00, 0xa8, 0x03, 0x00, 0x00, 0xcd, 0x02, 0x00, 0x00, 0xa4, 0x03, // ................
	0x00, 0x00, 0x81, 0x00, 0x05, 0x00, 0x0e, 0x00, 0x00, 0x00, 0xa9, 0x03, 0x00, 0x00, 0xd0, 0x02, // ................
	0x00, 0x00, 0xa8, 0x03, 0x00, 0x00, 0x41, 0x00, 0x05, 0x00, 0xf8, 0x00, 0x00, 0x00, 0x9e, 0x04, // ......A.........
	0x00, 0x00, 0x82, 0x00, 0x00, 0x00, 0xf7, 0x00, 0x00, 0x00, 0x3d, 0x00, 0x04, 0x00, 0x16, 0x00, // ..........=.....
	0x00, 0x00, 0x9f, 0x04, 0x00, 0x00, 0x9e, 0x04, 0x00, 0x00, 0x4f, 0x00, 0x08, 0x00, 0x0e, 0x00, // ..........O.....
	0x00, 0x00, 0xa0, 0x04, 0x00, 0x00, 0x9f, 0x04, 0x00, 0x00, 0x9f, 0x04, 0x00, 0x00, 0x00, 0x00, // ................
	0x00, 0x00, 0x01, 0x00, 0x00, 0x00, 0x02, 0x00, 0x00, 0x00, 0x94, 0x00, 0x05, 0x00, 0x06, 0x00, // ................
	0x00, 0x00, 0xa1, 0x04, 0x00, 0x00, 0xa9, 0x03, 0x00, 0x00, 0xa0, 0x04, 0x00, 0x00, 0x41, 0x00, // ..............A.
	0x05, 0x00, 0xf8, 0x00, 0x00, 0x00, 0xa3, 0x04, 0x00, 0x00, 0x82, 0x00, 0x00, 0x00, 0xfe, 0x00, // ................
	0x00, 0x00, 0x3d, 0x00, 0x04, 0x00, 0x16, 0x00, 0x00, 0x00, 0xa4, 0x04, 0x00, 0x00, 0xa3, 0x04, // ..=.............
	0x00, 0x00, 0x4f, 0x00, 0x08, 0x00, 0x0e, 0x00, 0x00, 0x00, 0xa5, 0x04, 0x00, 0x00, 0xa4, 0x04, // ..O.............
	0x00, 0x00, 0xa4, 0x04, 0x00, 0x00, 0x00, 0x00, 0x00, 0x00, 0x01, 0x00, 0x00, 0x00, 0x02, 0x00, // ................
	0x00, 0x00, 0x94, 0x00, 0x05, 0x00, 0x06, 0x00, 0x00, 0x00, 0xa6, 0x04, 0x00, 0x00, 0xa9, 0x03, // ................
	0x00, 0x00, 0xa5, 0x04, 0x00, 0x00, 0x50, 0x00, 0x05, 0x00, 0x34, 0x00, 0x00, 0x00, 0xa7, 0x04, // ......P...4.....
	0x00, 0x00, 0xa1, 0x04, 0x00, 0x00, 0xa6, 0x04, 0x00, 0x00, 0xcf, 0x00, 0x04, 0x00, 0x34, 0x00, // ..............4.
	0x00, 0x00, 0xac, 0x03, 0x00, 0x00, 0xa7, 0x04, 0x00, 0x00, 0x0c, 0x00, 0x06, 0x00, 0x34, 0x00, // ..............4.
	0x00, 0x00, 0xad, 0x03, 0x00, 0x00, 0x01, 0x00, 0x00, 0x00, 0x04, 0x00, 0x00, 0x00, 0xac, 0x03, // ................
	0x00, 0x00, 0x7f, 0x00, 0x04, 0x00, 0x34, 0x00, 0x00, 0x00, 0xb0, 0x03, 0x00, 0x00, 0xa7, 0x04, // ......4.........
	0x00, 0x00, 0xd0, 0x00, 0x04, 0x00, 0x34, 0x00, 0x00, 0x00, 0xb1, 0x03, 0x00, 0x00, 0xb0, 0x03, // ......4.........
	0x00, 0x00, 0x0c, 0x00, 0x06, 0x00, 0x34, 0x00, 0x00, 0x00, 0xb2, 0x03, 0x00, 0x00, 0x01, 0x00, // ......4.........
	0x00, 0x00, 0x04, 0x00, 0x00, 0x00, 0xb1, 0x03, 0x00, 0x00, 0x81, 0x00, 0x05, 0x00, 0x34, 0x00, // ..............4.
	0x00, 0x00, 0xb3, 0x03, 0x00, 0x00, 0xad, 0x03, 0x00, 0x00, 0xb2, 0x03, 0x00, 0x00, 0x0c, 0x00, // ................
	0x08, 0x00, 0x34, 0x00, 0x00, 0x00, 0xb5, 0x03, 0x00, 0x00, 0x01, 0x00, 0x00, 0x00, 0x2b, 0x00, // ..4...........+.
	0x00, 0x00, 0xb3, 0x03, 0x00, 0x00, 0x57, 0x01, 0x00, 0x00, 0x59, 0x01, 0x00, 0x00, 0x0c, 0x00, // ......W...Y.....
	0x06, 0x00, 0x0e, 0x00, 0x00, 0x00, 0xb7, 0x03, 0x00, 0x00, 0x01, 0x00, 0x00, 0x00, 0x45, 0x00, // ..............E.
	0x00, 0x00, 0xcd, 0x02, 0x00, 0x00, 0x94, 0x00, 0x05, 0x00, 0x06, 0x00, 0x00, 0x00, 0xba, 0x03, // ................
	0x00, 0x00, 0xb7, 0x03, 0x00, 0x00, 0x96, 0x03, 0x00, 0x00, 0x0c, 0x00, 0x06, 0x00, 0x06, 0x00, // ................
	0x00, 0x00, 0xbb, 0x03, 0x00, 0x00, 0x01, 0x00, 0x00, 0x00, 0x04, 0x00, 0x00, 0x00, 0xba, 0x03, // ................
	0x00, 0x00, 0xb8, 0x00, 0x05, 0x00, 0xb0, 0x00, 0x00, 0x00, 0xbd, 0x03, 0x00, 0x00, 0xbb, 0x03, // ................
	0x00, 0x00, 0x93, 0x01, 0x00, 0x00, 0xf7, 0x00, 0x03, 0x00, 0xbf, 0x03, 0x00, 0x00, 0x00, 0x00, // ................
	0x00, 0x00, 0xfa, 0x00, 0x04, 0x00, 0xbd, 0x03, 0x00, 0x00, 0xbe, 0x03, 0x00, 0x00, 0xbf, 0x03, // ................
	0x00, 0x00, 0xf8, 0x00, 0x02, 0x00, 0xbe, 0x03, 0x00, 0x00, 0xfc, 0x00, 0x01, 0x00, 0xf8, 0x00, // ................
	0x02, 0x00, 0xbf, 0x03, 0x00, 0x00, 0xb8, 0x00, 0x05, 0x00, 0xb0, 0x00, 0x00, 0x00, 0xc1, 0x03, // ................
	0x00, 0x00, 0xa4, 0x03, 0x00, 0x00, 0x9a, 0x00, 0x00, 0x00, 0xf7, 0x00, 0x03, 0x00, 0xc3, 0x03, // ................
	0x00, 0x00, 0x00, 0x00, 0x00, 0x00, 0xfa, 0x00, 0x04, 0x00, 0xc1, 0x03, 0x00, 0x00, 0xc2, 0x03, // ................
	0x00, 0x00, 0xc3, 0x03, 0x00, 0x00, 0xf8, 0x00, 0x02, 0x00, 0xc2, 0x03, 0x00, 0x00, 0xfc, 0x00, // ................
	0x01, 0x00, 0xf8, 0x00, 0x02, 0x00, 0xc3, 0x03, 0x00, 0x00, 0xf9, 0x00, 0x02, 0x00, 0xc4, 0x03, // ................
	0x00, 0x00, 0xf8, 0x00, 0x02, 0x00, 0xc4, 0x03, 0x00, 0x00, 0xf5, 0x00, 0x07, 0x00, 0x34, 0x00, // ..............4.
	0x00, 0x00, 0xdd, 0x06, 0x00, 0x00, 0x91, 0x03, 0x00, 0x00, 0x57, 0x03, 0x00, 0x00, 0xb5, 0x03, // ..........W.....
	0x00, 0x00, 0xc3, 0x03, 0x00, 0x00, 0xf5, 0x00, 0x07, 0x00, 0x0e, 0x00, 0x00, 0x00, 0xdc, 0x06, // ................
	0x00, 0x00, 0x68, 0x03, 0x00, 0x00, 0x57, 0x03, 0x00, 0x00, 0xa9, 0x03, 0x00, 0x00, 0xc3, 0x03, // ..h...W.........
	0x00, 0x00, 0x41, 0x00, 0x05, 0x00, 0xf8, 0x00, 0x00, 0x00, 0xc5, 0x03, 0x00, 0x00, 0x82, 0x00, // ..A.............
	0x00, 0x00, 0x9e, 0x01, 0x00, 0x00, 0x3d, 0x00, 0x04, 0x00, 0x16, 0x00, 0x00, 0x00, 0xc6, 0x03, // ......=.........
	0x00, 0x00, 0xc5, 0x03, 0x00, 0x00, 0x4f, 0x00, 0x08, 0x00, 0x0e, 0x00, 0x00, 0x00, 0xc7, 0x03, // ......O.........
	0x00, 0x00, 0xc6, 0x03, 0x00, 0x00, 0xc6, 0x03, 0x00, 0x00, 0x00, 0x00, 0x00, 0x00, 0x01, 0x00, // ................
	0x00, 0x00, 0x02, 0x00, 0x00, 0x00, 0x81, 0x00, 0x05, 0x00, 0x0e, 0x00, 0x00, 0x00, 0xc9, 0x03, // ................
	0x00, 0x00, 0xc7, 0x03, 0x00, 0x00, 0xdc, 0x06, 0x00, 0x00, 0x51, 0x00, 0x05, 0x00, 0x06, 0x00, // ..........Q.....
	0x00, 0x00, 0xcb, 0x03, 0x00, 0x00, 0xc9, 0x03, 0x00, 0x00, 0x00, 0x00, 0x00, 0x00, 0x51, 0x00, // ..............Q.
	0x05, 0x00, 0x06, 0x00, 0x00, 0x00, 0xcc, 0x03, 0x00, 0x00, 0xc9, 0x03, 0x00, 0x00, 0x01, 0x00, // ................
	0x00, 0x00, 0x51, 0x00, 0x05, 0x00, 0x06, 0x00, 0x00, 0x00, 0xcd, 0x03, 0x00, 0x00, 0xc9, 0x03, // ..Q.............
	0x00, 0x00, 0x02, 0x00, 0x00, 0x00, 0x50, 0x00, 0x07, 0x00, 0x16, 0x00, 0x00, 0x00, 0xce, 0x03, // ......P.........
	0x00, 0x00, 0xcb, 0x03, 0x00, 0x00, 0xcc, 0x03, 0x00, 0x00, 0xcd, 0x03, 0x00, 0x00, 0x71, 0x00, // ..............q.
	0x00, 0x00, 0x41, 0x00, 0x05, 0x00, 0xab, 0x01, 0x00, 0x00, 0xcf, 0x03, 0x00, 0x00, 0x82, 0x00, // ..A.............
	0x00, 0x00, 0xaa, 0x01, 0x00, 0x00, 0x3d, 0x00, 0x04, 0x00, 0x7f, 0x00, 0x00, 0x00, 0xd0, 0x03, // ......=.........
	0x00, 0x00, 0xcf, 0x03, 0x00, 0x00, 0x90, 0x00, 0x05, 0x00, 0x16, 0x00, 0x00, 0x00, 0xd1, 0x03, // ................
	0x00, 0x00, 0xce, 0x03, 0x00, 0x00, 0xd0, 0x03, 0x00, 0x00, 0x51, 0x00, 0x05, 0x00, 0x06, 0x00, // ..........Q.....
	0x00, 0x00, 0xd3, 0x03, 0x00, 0x00, 0xd1, 0x03, 0x00, 0x00, 0x02, 0x00, 0x00, 0x00, 0x51, 0x00, // ..............Q.
	0x05, 0x00, 0x06, 0x00, 0x00, 0x00, 0xd5, 0x03, 0x00, 0x00, 0xd1, 0x03, 0x00, 0x00, 0x03, 0x00, // ................
	0x00, 0x00, 0x88, 0x00, 0x05, 0x00, 0x06, 0x00, 0x00, 0x00, 0xd6, 0x03, 0x00, 0x00, 0xd3, 0x03, // ................
	0x00, 0x00, 0xd5, 0x03, 0x00, 0x00, 0xba, 0x00, 0x05, 0x00, 0xb0, 0x00, 0x00, 0x00, 0xd8, 0x03, // ................
	0x00, 0x00, 0xd6, 0x03, 0x00, 0x00, 0x71, 0x00, 0x00, 0x00, 0xb8, 0x00, 0x05, 0x00, 0xb0, 0x00, // ......q.........
	0x00, 0x00, 0xda, 0x03, 0x00, 0x00, 0xd6, 0x03, 0x00, 0x00, 0x9a, 0x00, 0x00, 0x00, 0xa6, 0x00, // ................
	0x05, 0x00, 0xb0, 0x00, 0x00, 0x00, 0xdb, 0x03, 0x00, 0x00, 0xd8, 0x03, 0x00, 0x00, 0xda, 0x03, // ................
	0x00, 0x00, 0xf7, 0x00, 0x03, 0x00, 0xdd, 0x03, 0x00, 0x00, 0x00, 0x00, 0x00, 0x00, 0xfa, 0x00, // ................
	0x04, 0x00, 0xdb, 0x03, 0x00, 0x00, 0xdc, 0x03, 0x00, 0x00, 0xdd, 0x03, 0x00, 0x00, 0xf8, 0x00, // ................
	0x02, 0x00, 0xdc, 0x03, 0x00, 0x00, 0xfc, 0x00, 0x01, 0x00, 0xf8, 0x00, 0x02, 0x00, 0xdd, 0x03, // ................
	0x00, 0x00, 0x41, 0x00, 0x06, 0x00, 0x87, 0x00, 0x00, 0x00, 0xde, 0x03, 0x00, 0x00, 0x82, 0x00, // ..A.............
	0x00, 0x00, 0x84, 0x00, 0x00, 0x00, 0xd7, 0x00, 0x00, 0x00, 0x3d, 0x00, 0x04, 0x00, 0x06, 0x00, // ..........=.....
	0x00, 0x00, 0xdf, 0x03, 0x00, 0x00, 0xde, 0x03, 0x00, 0x00, 0xba, 0x00, 0x05, 0x00, 0xb0, 0x00, // ................
	0x00, 0x00, 0xe0, 0x03, 0x00, 0x00, 0xdf, 0x03, 0x00, 0x00, 0x5c, 0x00, 0x00, 0x00, 0x41, 0x00, // ..............A.
	0x05, 0x00, 0xab, 0x01, 0x00, 0x00, 0xe6, 0x03, 0x00, 0x00, 0x82, 0x00, 0x00, 0x00, 0xc6, 0x01, // ................
	0x00, 0x00, 0x3d, 0x00, 0x04, 0x00, 0x7f, 0x00, 0x00, 0x00, 0xe7, 0x03, 0x00, 0x00, 0xe6, 0x03, // ..=.............
	0x00, 0x00, 0x90, 0x00, 0x05, 0x00, 0x16, 0x00, 0x00, 0x00, 0xe8, 0x03, 0x00, 0x00, 0xce, 0x03, // ................
	0x00, 0x00, 0xe7, 0x03, 0x00, 0x00, 0x51, 0x00, 0x05, 0x00, 0x06, 0x00, 0x00, 0x00, 0xe9, 0x03, // ......Q.........
	0x00, 0x00, 0xe8, 0x03, 0x00, 0x00, 0x02, 0x00, 0x00, 0x00, 0x7f, 0x00, 0x04, 0x00, 0x06, 0x00, // ................
	0x00, 0x00, 0xea, 0x03, 0x00, 0x00, 0xe9, 0x03, 0x00, 0x00, 0x41, 0x00, 0x06, 0x00, 0x87, 0x00, // ..........A.....
	0x00, 0x00, 0xba, 0x04, 0x00, 0x00, 0x82, 0x00, 0x00, 0x00, 0x84, 0x00, 0x00, 0x00, 0x86, 0x00, // ................
	0x00, 0x00, 0x3d, 0x00, 0x04, 0x00, 0x06, 0x00, 0x00, 0x00, 0xbb, 0x04, 0x00, 0x00, 0xba, 0x04, // ..=.............
	0x00, 0x00, 0x88, 0x00, 0x05, 0x00, 0x06, 0x00, 0x00, 0x00, 0xbc, 0x04, 0x00, 0x00, 0xea, 0x03, // ................
	0x00, 0x00, 0xbb, 0x04, 0x00, 0x00, 0x0c, 0x00, 0x07, 0x00, 0x06, 0x00, 0x00, 0x00, 0xbd, 0x04, // ................
	0x00, 0x00, 0x01, 0x00, 0x00, 0x00, 0x28, 0x00, 0x00, 0x00, 0xbc, 0x04, 0x00, 0x00, 0x71, 0x00, // ......(.......q.
	0x00, 0x00, 0x0c, 0x00, 0x06, 0x00, 0x06, 0x00, 0x00, 0x00, 0xbe, 0x04, 0x00, 0x00, 0x01, 0x00, // ................
	0x00, 0x00, 0x1e, 0x00, 0x00, 0x00, 0xbd, 0x04, 0x00, 0x00, 0x41, 0x00, 0x06, 0x00, 0x87, 0x00, // ..........A.....
	0x00, 0x00, 0xbf, 0x04, 0x00, 0x00, 0x82, 0x00, 0x00, 0x00, 0x84, 0x00, 0x00, 0x00, 0x8e, 0x00, // ................
	0x00, 0x00, 0x3d, 0x00, 0x04, 0x00, 0x06, 0x00, 0x00, 0x00, 0xc0, 0x04, 0x00, 0x00, 0xbf, 0x04, // ..=.............
	0x00, 0x00, 0x88, 0x00, 0x05, 0x00, 0x06, 0x00, 0x00, 0x00, 0xc3, 0x04, 0x00, 0x00, 0xc0, 0x04, // ................
	0x00, 0x00, 0xbb, 0x04, 0x00, 0x00, 0x0c, 0x00, 0x07, 0x00, 0x06, 0x00, 0x00, 0x00, 0xc4, 0x04, // ................
	0x00, 0x00, 0x01, 0x00, 0x00, 0x00, 0x28, 0x00, 0x00, 0x00, 0xc3, 0x04, 0x00, 0x00, 0x94, 0x00, // ......(.........
	0x00, 0x00, 0x0c, 0x00, 0x06, 0x00, 0x06, 0x00, 0x00, 0x00, 0xc5, 0x04, 0x00, 0x00, 0x01, 0x00, // ................
	0x00, 0x00, 0x1e, 0x00, 0x00, 0x00, 0xc4, 0x04, 0x00, 0x00, 0x88, 0x00, 0x05, 0x00, 0x06, 0x00, // ................
	0x00, 0x00, 0xc8, 0x04, 0x00, 0x00, 0xbe, 0x04, 0x00, 0x00, 0xc5, 0x04, 0x00, 0x00, 0x0c, 0x00, // ................
	0x08, 0x00, 0x06, 0x00, 0x00, 0x00, 0xc9, 0x04, 0x00, 0x00, 0x01, 0x00, 0x00, 0x00, 0x2b, 0x00, // ..............+.
	0x00, 0x00, 0xc8, 0x04, 0x00, 0x00, 0x9a, 0x00, 0x00, 0x00, 0x71, 0x00, 0x00, 0x00, 0xa9, 0x00, // ..........q.....
	0x06, 0x00, 0x06, 0x00, 0x00, 0x00, 0xed, 0x03, 0x00, 0x00, 0xe0, 0x03, 0x00, 0x00, 0xc9, 0x04, // ................
	0x00, 0x00, 0xd6, 0x03, 0x00, 0x00, 0x41, 0x00, 0x06, 0x00, 0x87, 0x00, 0x00, 0x00, 0xee, 0x03, // ......A.........
	0x00, 0x00, 0x82, 0x00, 0x00, 0x00, 0xd1, 0x01, 0x00, 0x00, 0xd7, 0x00, 0x00, 0x00, 0x3d, 0x00, // ..............=.
	0x04, 0x00, 0x06, 0x00, 0x00, 0x00, 0xef, 0x03, 0x00, 0x00, 0xee, 0x03, 0x00, 0x00, 0x85, 0x00, // ................
	0x05, 0x00, 0x06, 0x00, 0x00, 0x00, 0xf0, 0x03, 0x00, 0x00, 0xef, 0x03, 0x00, 0x00, 0xd4, 0x01, // ................
	0x00, 0x00, 0x41, 0x00, 0x05, 0x00, 0xf8, 0x00, 0x00, 0x00, 0xcd, 0x04, 0x00, 0x00, 0x82, 0x00, // ..A.............
	0x00, 0x00, 0xf7, 0x00, 0x00, 0x00, 0x3d, 0x00, 0x04, 0x00, 0x16, 0x00, 0x00, 0x00, 0xce, 0x04, // ......=.........
	0x00, 0x00, 0xcd, 0x04, 0x00, 0x00, 0x4f, 0x00, 0x08, 0x00, 0x0e, 0x00, 0x00, 0x00, 0xcf, 0x04, // ......O.........
	0x00, 0x00, 0xce, 0x04, 0x00, 0x00, 0xce, 0x04, 0x00, 0x00, 0x00, 0x00, 0x00, 0x00, 0x01, 0x00, // ................
	0x00, 0x00, 0x02, 0x00, 0x00, 0x00, 0x94, 0x00, 0x05, 0x00, 0x06, 0x00, 0x00, 0x00, 0xd0, 0x04, // ................
	0x00, 0x00, 0xdc, 0x06, 0x00, 0x00, 0xcf, 0x04, 0x00, 0x00, 0x41, 0x00, 0x05, 0x00, 0xf8, 0x00, // ..........A.....
	0x00, 0x00, 0xd2, 0x04, 0x00, 0x00, 0x82, 0x00, 0x00, 0x00, 0xfe, 0x00, 0x00, 0x00, 0x3d, 0x00, // ..............=.
	0x04, 0x00, 0x16, 0x00, 0x00, 0x00, 0xd3, 0x04, 0x00, 0x00, 0xd2, 0x04, 0x00, 0x00, 0x4f, 0x00, // ..............O.
	0x08, 0x00, 0x0e, 0x00, 0x00, 0x00, 0xd4, 0x04, 0x00, 0x00, 0xd3, 0x04, 0x00, 0x00, 0xd3, 0x04, // ................
	0x00, 0x00, 0x00, 0x00, 0x00, 0x00, 0x01, 0x00, 0x00, 0x00, 0x02, 0x00, 0x00, 0x00, 0x94, 0x00, // ................
	0x05, 0x00, 0x06, 0x00, 0x00, 0x00, 0xd5, 0x04, 0x00, 0x00, 0xdc, 0x06, 0x00, 0x00, 0xd4, 0x04, // ................
	0x00, 0x00, 0x51, 0x00, 0x05, 0x00, 0x06, 0x00, 0x00, 0x00, 0xf8, 0x03, 0x00, 0x00, 0xdd, 0x06, // ..Q.............
	0x00, 0x00, 0x00, 0x00, 0x00, 0x00, 0xf7, 0x00, 0x03, 0x00, 0x06, 0x05, 0x00, 0x00, 0x00, 0x00, // ................
	0x00, 0x00, 0xfb, 0x00, 0x03, 0x00, 0xd7, 0x00, 0x00, 0x00, 0xe7, 0x04, 0x00, 0x00, 0xf8, 0x00, // ................
	0x02, 0x00, 0xe7, 0x04, 0x00, 0x00, 0x0c, 0x00, 0x07, 0x00, 0x06, 0x00, 0x00, 0x00, 0xea, 0x04, // ................
	0x00, 0x00, 0x01, 0x00, 0x00, 0x00, 0x28, 0x00, 0x00, 0x00, 0xf8, 0x03, 0x00, 0x00, 0xa1, 0x00, // ......(.........
	0x00, 0x00, 0x88, 0x00, 0x05, 0x00, 0x06, 0x00, 0x00, 0x00, 0xeb, 0x04, 0x00, 0x00, 0xef, 0x03, // ................
	0x00, 0x00, 0xea, 0x04, 0x00, 0x00, 0x88, 0x00, 0x05, 0x00, 0x06, 0x00, 0x00, 0x00, 0xef, 0x04, // ................
	0x00, 0x00, 0xd9, 0x06, 0x00, 0x00, 0xeb, 0x04, 0x00, 0x00, 0x0c, 0x00, 0x08, 0x00, 0x06, 0x00, // ................
	0x00, 0x00, 0xf0, 0x04, 0x00, 0x00, 0x01, 0x00, 0x00, 0x00, 0x2b, 0x00, 0x00, 0x00, 0xef, 0x04, // ..........+.....
	0x00, 0x00, 0x9a, 0x00, 0x00, 0x00, 0x71, 0x00, 0x00, 0x00, 0xbc, 0x00, 0x05, 0x00, 0xb0, 0x00, // ......q.........
	0x00, 0x00, 0xf5, 0x04, 0x00, 0x00, 0xeb, 0x04, 0x00, 0x00, 0xa5, 0x00, 0x00, 0x00, 0xf7, 0x00, // ................
	0x03, 0x00, 0xf8, 0x04, 0x00, 0x00, 0x00, 0x00, 0x00, 0x00, 0xfa, 0x00, 0x04, 0x00, 0xf5, 0x04, // ................
	0x00, 0x00, 0xf6, 0x04, 0x00, 0x00, 0xf8, 0x04, 0x00, 0x00, 0xf8, 0x00, 0x02, 0x00, 0xf6, 0x04, // ................
	0x00, 0x00, 0xf9, 0x00, 0x02, 0x00, 0x06, 0x05, 0x00, 0x00, 0xf8, 0x00, 0x02, 0x00, 0xf8, 0x04, // ................
	0x00, 0x00, 0x88, 0x00, 0x05, 0x00, 0x06, 0x00, 0x00, 0x00, 0x25, 0x05, 0x00, 0x00, 0xd0, 0x04, // ..........%.....
	0x00, 0x00, 0xef, 0x03, 0x00, 0x00, 0x81, 0x00, 0x05, 0x00, 0x06, 0x00, 0x00, 0x00, 0x26, 0x05, // ..............&.
	0x00, 0x00, 0x25, 0x05, 0x00, 0x00, 0x5c, 0x00, 0x00, 0x00, 0x0c, 0x00, 0x06, 0x00, 0x06, 0x00, // ..%.............
	0x00, 0x00, 0x27, 0x05, 0x00, 0x00, 0x01, 0x00, 0x00, 0x00, 0x08, 0x00, 0x00, 0x00, 0x26, 0x05, // ..'...........&.
	0x00, 0x00, 0x85, 0x00, 0x05, 0x00, 0x06, 0x00, 0x00, 0x00, 0x29, 0x05, 0x00, 0x00, 0x27, 0x05, // ..........)...'.
	0x00, 0x00, 0xef, 0x03, 0x00, 0x00, 0x83, 0x00, 0x05, 0x00, 0x06, 0x00, 0x00, 0x00, 0x2a, 0x05, // ..............*.
	0x00, 0x00, 0xd0, 0x04, 0x00, 0x00, 0x29, 0x05, 0x00, 0x00, 0x0c, 0x00, 0x06, 0x00, 0x06, 0x00, // ......).........
	0x00, 0x00, 0x12, 0x05, 0x00, 0x00, 0x01, 0x00, 0x00, 0x00, 0x04, 0x00, 0x00, 0x00, 0x2a, 0x05, // ..............*.
	0x00, 0x00, 0x85, 0x00, 0x05, 0x00, 0x06, 0x00, 0x00, 0x00, 0x16, 0x05, 0x00, 0x00, 0xef, 0x00, // ................
	0x00, 0x00, 0xf8, 0x03, 0x00, 0x00, 0x83, 0x00, 0x05, 0x00, 0x06, 0x00, 0x00, 0x00, 0x19, 0x05, // ................
	0x00, 0x00, 0x16, 0x05, 0x00, 0x00, 0xf8, 0x03, 0x00, 0x00, 0x81, 0x00, 0x05, 0x00, 0x06, 0x00, // ................
	0x00, 0x00, 0x1c, 0x05, 0x00, 0x00, 0x16, 0x05, 0x00, 0x00, 0xf8, 0x03, 0x00, 0x00, 0x0c, 0x00, // ................
	0x08, 0x00, 0x06, 0x00, 0x00, 0x00, 0x1e, 0x05, 0x00, 0x00, 0x01, 0x00, 0x00, 0x00, 0x31, 0x00, // ..............1.
	0x00, 0x00, 0x19, 0x05, 0x00, 0x00, 0x1c, 0x05, 0x00, 0x00, 0x12, 0x05, 0x00, 0x00, 0x83, 0x00, // ................
	0x05, 0x00, 0x06, 0x00, 0x00, 0x00, 0x1f, 0x05, 0x00, 0x00, 0x71, 0x00, 0x00, 0x00, 0x1e, 0x05, // ..........q.....
	0x00, 0x00, 0x0c, 0x00, 0x08, 0x00, 0x06, 0x00, 0x00, 0x00, 0x01, 0x05, 0x00, 0x00, 0x01, 0x00, // ................
	0x00, 0x00, 0x31, 0x00, 0x00, 0x00, 0xa5, 0x00, 0x00, 0x00, 0xdb, 0x01, 0x00, 0x00, 0xeb, 0x04, // ..1.............
	0x00, 0x00, 0x0c, 0x00, 0x08, 0x00, 0x06, 0x00, 0x00, 0x00, 0x30, 0x05, 0x00, 0x00, 0x01, 0x00, // ..........0.....
	0x00, 0x00, 0x2e, 0x00, 0x00, 0x00, 0xf0, 0x04, 0x00, 0x00, 0x1f, 0x05, 0x00, 0x00, 0x01, 0x05, // ................
	0x00, 0x00, 0xf9, 0x00, 0x02, 0x00, 0x06, 0x05, 0x00, 0x00, 0xf8, 0x00, 0x02, 0x00, 0x06, 0x05, // ................
	0x00, 0x00, 0xf5, 0x00, 0x07, 0x00, 0x06, 0x00, 0x00, 0x00, 0xde, 0x06, 0x00, 0x00, 0xf0, 0x04, // ................
	0x00, 0x00, 0xf6, 0x04, 0x00, 0x00, 0x30, 0x05, 0x00, 0x00, 0xf8, 0x04, 0x00, 0x00, 0x51, 0x00, // ......0.......Q.
	0x05, 0x00, 0x06, 0x00, 0x00, 0x00, 0xff, 0x03, 0x00, 0x00, 0xdd, 0x06, 0x00, 0x00, 0x01, 0x00, // ................
	0x00, 0x00, 0xf7, 0x00, 0x03, 0x00, 0x60, 0x05, 0x00, 0x00, 0x00, 0x00, 0x00, 0x00, 0xfb, 0x00, // ......`.........
	0x03, 0x00, 0xd7, 0x00, 0x00, 0x00, 0x41, 0x05, 0x00, 0x00, 0xf8, 0x00, 0x02, 0x00, 0x41, 0x05, // ......A.......A.
	0x00, 0x00, 0x0c, 0x00, 0x07, 0x00, 0x06, 0x00, 0x00, 0x00, 0x44, 0x05, 0x00, 0x00, 0x01, 0x00, // ..........D.....
	0x00, 0x00, 0x28, 0x00, 0x00, 0x00, 0xff, 0x03, 0x00, 0x00, 0xa1, 0x00, 0x00, 0x00, 0x88, 0x00, // ..(.............
	0x05, 0x00, 0x06, 0x00, 0x00, 0x00, 0x45, 0x05, 0x00, 0x00, 0xef, 0x03, 0x00, 0x00, 0x44, 0x05, // ......E.......D.
	0x00, 0x00, 0x88, 0x00, 0x05, 0x00, 0x06, 0x00, 0x00, 0x00, 0x49, 0x05, 0x00, 0x00, 0xd9, 0x06, // ..........I.....
	0x00, 0x00, 0x45, 0x05, 0x00, 0x00, 0x0c, 0x00, 0x08, 0x00, 0x06, 0x00, 0x00, 0x00, 0x4a, 0x05, // ..E...........J.
	0x00, 0x00, 0x01, 0x00, 0x00, 0x00, 0x2b, 0x00, 0x00, 0x00, 0x49, 0x05, 0x00, 0x00, 0x9a, 0x00, // ......+...I.....
	0x00, 0x00, 0x71, 0x00, 0x00, 0x00, 0xbc, 0x00, 0x05, 0x00, 0xb0, 0x00, 0x00, 0x00, 0x4f, 0x05, // ..q...........O.
	0x00, 0x00, 0x45, 0x05, 0x00, 0x00, 0xa5, 0x00, 0x00, 0x00, 0xf7, 0x00, 0x03, 0x00, 0x52, 0x05, // ..E...........R.
	0x00, 0x00, 0x00, 0x00, 0x00, 0x00, 0xfa, 0x00, 0x04, 0x00, 0x4f, 0x05, 0x00, 0x00, 0x50, 0x05, // ..........O...P.
	0x00, 0x00, 0x52, 0x05, 0x00, 0x00, 0xf8, 0x00, 0x02, 0x00, 0x50, 0x05, 0x00, 0x00, 0xf9, 0x00, // ..R.......P.....
	0x02, 0x00, 0x60, 0x05, 0x00, 0x00, 0xf8, 0x00, 0x02, 0x00, 0x52, 0x05, 0x00, 0x00, 0x88, 0x00, // ..`.......R.....
	0x05, 0x00, 0x06, 0x00, 0x00, 0x00, 0x7f, 0x05, 0x00, 0x00, 0xd5, 0x04, 0x00, 0x00, 0xef, 0x03, // ................
	0x00, 0x00, 0x81, 0x00, 0x05, 0x00, 0x06, 0x00, 0x00, 0x00, 0x80, 0x05, 0x00, 0x00, 0x7f, 0x05, // ................
	0x00, 0x00, 0x5c, 0x00, 0x00, 0x00, 0x0c, 0x00, 0x06, 0x00, 0x06, 0x00, 0x00, 0x00, 0x81, 0x05, // ................
	0x00, 0x00, 0x01, 0x00, 0x00, 0x00, 0x08, 0x00, 0x00, 0x00, 0x80, 0x05, 0x00, 0x00, 0x85, 0x00, // ................
	0x05, 0x00, 0x06, 0x00, 0x00, 0x00, 0x83, 0x05, 0x00, 0x00, 0x81, 0x05, 0x00, 0x00, 0xef, 0x03, // ................
	0x00, 0x00, 0x83, 0x00, 0x05, 0x00, 0x06, 0x00, 0x00, 0x00, 0x84, 0x05, 0x00, 0x00, 0xd5, 0x04, // ................
	0x00, 0x00, 0x83, 0x05, 0x00, 0x00, 0x0c, 0x00, 0x06, 0x00, 0x06, 0x00, 0x00, 0x00, 0x6c, 0x05, // ..............l.
	0x00, 0x00, 0x01, 0x00, 0x00, 0x00, 0x04, 0x00, 0x00, 0x00, 0x84, 0x05, 0x00, 0x00, 0x85, 0x00, // ................
	0x05, 0x00, 0x06, 0x00, 0x00, 0x00, 0x70, 0x05, 0x00, 0x00, 0xef, 0x00, 0x00, 0x00, 0xff, 0x03, // ......p.........
	0x00, 0x00, 0x83, 0x00, 0x05, 0x00, 0x06, 0x00, 0x00, 0x00, 0x73, 0x05, 0x00, 0x00, 0x70, 0x05, // ..........s...p.
	0x00, 0x00, 0xff, 0x03, 0x00, 0x00, 0x81, 0x00, 0x05, 0x00, 0x06, 0x00, 0x00, 0x00, 0x76, 0x05, // ..............v.
	0x00, 0x00, 0x70, 0x05, 0x00, 0x00, 0xff, 0x03, 0x00, 0x00, 0x0c, 0x00, 0x08, 0x00, 0x06, 0x00, // ..p.............
	0x00, 0x00, 0x78, 0x05, 0x00, 0x00, 0x01, 0x00, 0x00, 0x00, 0x31, 0x00, 0x00, 0x00, 0x73, 0x05, // ..x.......1...s.
	0x00, 0x00, 0x76, 0x05, 0x00, 0x00, 0x6c, 0x05, 0x00, 0x00, 0x83, 0x00, 0x05, 0x00, 0x06, 0x00, // ..v...l.........
	0x00, 0x00, 0x79, 0x05, 0x00, 0x00, 0x71, 0x00, 0x00, 0x00, 0x78, 0x05, 0x00, 0x00, 0x0c, 0x00, // ..y...q...x.....
	0x08, 0x00, 0x06, 0x00, 0x00, 0x00, 0x5b, 0x05, 0x00, 0x00, 0x01, 0x00, 0x00, 0x00, 0x31, 0x00, // ......[.......1.
	0x00, 0x00, 0xa5, 0x00, 0x00, 0x00, 0xdb, 0x01, 0x00, 0x00, 0x45, 0x05, 0x00, 0x00, 0x0c, 0x00, // ..........E.....
	0x08, 0x00, 0x06, 0x00, 0x00, 0x00, 0x8a, 0x05, 0x00, 0x00, 0x01, 0x00, 0x00, 0x00, 0x2e, 0x00, // ................
	0x00, 0x00, 0x4a, 0x05, 0x00, 0x00, 0x79, 0x05, 0x00, 0x00, 0x5b, 0x05, 0x00, 0x00, 0xf9, 0x00, // ..J...y...[.....
	0x02, 0x00, 0x60, 0x05, 0x00, 0x00, 0xf8, 0x00, 0x02, 0x00, 0x60, 0x05, 0x00, 0x00, 0xf5, 0x00, // ..`.......`.....
	0x07, 0x00, 0x06, 0x00, 0x00, 0x00, 0xe0, 0x06, 0x00, 0x00, 0x4a, 0x05, 0x00, 0x00, 0x50, 0x05, // ..........J...P.
	0x00, 0x00, 0x8a, 0x05, 0x00, 0x00, 0x52, 0x05, 0x00, 0x00, 0xf7, 0x00, 0x03, 0x00, 0xba, 0x05, // ......R.........
	0x00, 0x00, 0x00, 0x00, 0x00, 0x00, 0xfb, 0x00, 0x03, 0x00, 0xd7, 0x00, 0x00, 0x00, 0x9b, 0x05, // ................
	0x00, 0x00, 0xf8, 0x00, 0x02, 0x00, 0x9b, 0x05, 0x00, 0x00, 0x88, 0x00, 0x05, 0x00, 0x06, 0x00, // ................
	0x00, 0x00, 0x9f, 0x05, 0x00, 0x00, 0xf0, 0x03, 0x00, 0x00, 0xea, 0x04, 0x00, 0x00, 0x88, 0x00, // ................
	0x05, 0x00, 0x06, 0x00, 0x00, 0x00, 0xa3, 0x05, 0x00, 0x00, 0xda, 0x06, 0x00, 0x00, 0x9f, 0x05, // ................
	0x00, 0x00, 0x0c, 0x00, 0x08, 0x00, 0x06, 0x00, 0x00, 0x00, 0xa4, 0x05, 0x00, 0x00, 0x01, 0x00, // ................
	0x00, 0x00, 0x2b, 0x00, 0x00, 0x00, 0xa3, 0x05, 0x00, 0x00, 0x9a, 0x00, 0x00, 0x00, 0x71, 0x00, // ..+...........q.
	0x00, 0x00, 0xbc, 0x00, 0x05, 0x00, 0xb0, 0x00, 0x00, 0x00, 0xa9, 0x05, 0x00, 0x00, 0x9f, 0x05, // ................
	0x00, 0x00, 0xdb, 0x06, 0x00, 0x00, 0xf7, 0x00, 0x03, 0x00, 0xac, 0x05, 0x00, 0x00, 0x00, 0x00, // ................
	0x00, 0x00, 0xfa, 0x00, 0x04, 0x00, 0xa9, 0x05, 0x00, 0x00, 0xaa, 0x05, 0x00, 0x00, 0xac, 0x05, // ................
	0x00, 0x00, 0xf8, 0x00, 0x02, 0x00, 0xaa, 0x05, 0x00, 0x00, 0xf9, 0x00, 0x02, 0x00, 0xba, 0x05, // ................
	0x00, 0x00, 0xf8, 0x00, 0x02, 0x00, 0xac, 0x05, 0x00, 0x00, 0x88, 0x00, 0x05, 0x00, 0x06, 0x00, // ................
	0x00, 0x00, 0xd9, 0x05, 0x00, 0x00, 0xd0, 0x04, 0x00, 0x00, 0xf0, 0x03, 0x00, 0x00, 0x81, 0x00, // ................
	0x05, 0x00, 0x06, 0x00, 0x00, 0x00, 0xda, 0x05, 0x00, 0x00, 0xd9, 0x05, 0x00, 0x00, 0x5c, 0x00, // ................
	0x00, 0x00, 0x0c, 0x00, 0x06, 0x00, 0x06, 0x00, 0x00, 0x00, 0xdb, 0x05, 0x00, 0x00, 0x01, 0x00, // ................
	0x00, 0x00, 0x08, 0x00, 0x00, 0x00, 0xda, 0x05, 0x00, 0x00, 0x85, 0x00, 0x05, 0x00, 0x06, 0x00, // ................
	0x00, 0x00, 0xdd, 0x05, 0x00, 0x00, 0xdb, 0x05, 0x00, 0x00, 0xf0, 0x03, 0x00, 0x00, 0x83, 0x00, // ................
	0x05, 0x00, 0x06, 0x00, 0x00, 0x00, 0xde, 0x05, 0x00, 0x00, 0xd0, 0x04, 0x00, 0x00, 0xdd, 0x05, // ................
	0x00, 0x00, 0x0c, 0x00, 0x06, 0x00, 0x06, 0x00, 0x00, 0x00, 0xc6, 0x05, 0x00, 0x00, 0x01, 0x00, // ................
	0x00, 0x00, 0x04, 0x00, 0x00, 0x00, 0xde, 0x05, 0x00, 0x00, 0x85, 0x00, 0x05, 0x00, 0x06, 0x00, // ................
	0x00, 0x00, 0xca, 0x05, 0x00, 0x00, 0xf6, 0x01, 0x00, 0x00, 0xf8, 0x03, 0x00, 0x00, 0x83, 0x00, // ................
	0x05, 0x00, 0x06, 0x00, 0x00, 0x00, 0xcd, 0x05, 0x00, 0x00, 0xca, 0x05, 0x00, 0x00, 0xf8, 0x03, // ................
	0x00, 0x00, 0x81, 0x00, 0x05, 0x00, 0x06, 0x00, 0x00, 0x00, 0xd0, 0x05, 0x00, 0x00, 0xca, 0x05, // ................
	0x00, 0x00, 0xf8, 0x03, 0x00, 0x00, 0x0c, 0x00, 0x08, 0x00, 0x06, 0x00, 0x00, 0x00, 0xd2, 0x05, // ................
	0x00, 0x00, 0x01, 0x00, 0x00, 0x00, 0x31, 0x00, 0x00, 0x00, 0xcd, 0x05, 0x00, 0x00, 0xd0, 0x05, // ......1.........
	0x00, 0x00, 0xc6, 0x05, 0x00, 0x00, 0x83, 0x00, 0x05, 0x00, 0x06, 0x00, 0x00, 0x00, 0xd3, 0x05, // ................
	0x00, 0x00, 0x71, 0x00, 0x00, 0x00, 0xd2, 0x05, 0x00, 0x00, 0x0c, 0x00, 0x08, 0x00, 0x06, 0x00, // ..q.............
	0x00, 0x00, 0xb5, 0x05, 0x00, 0x00, 0x01, 0x00, 0x00, 0x00, 0x31, 0x00, 0x00, 0x00, 0xdb, 0x06, // ..........1.....
	0x00, 0x00, 0xf7, 0x01, 0x00, 0x00, 0x9f, 0x05, 0x00, 0x00, 0x0c, 0x00, 0x08, 0x00, 0x06, 0x00, // ................
	0x00, 0x00, 0xe4, 0x05, 0x00, 0x00, 0x01, 0x00, 0x00, 0x00, 0x2e, 0x00, 0x00, 0x00, 0xa4, 0x05, // ................
	0x00, 0x00, 0xd3, 0x05, 0x00, 0x00, 0xb5, 0x05, 0x00, 0x00, 0xf9, 0x00, 0x02, 0x00, 0xba, 0x05, // ................
	0x00, 0x00, 0xf8, 0x00, 0x02, 0x00, 0xba, 0x05, 0x00, 0x00, 0xf5, 0x00, 0x07, 0x00, 0x06, 0x00, // ................
	0x00, 0x00, 0xe2, 0x06, 0x00, 0x00, 0xa4, 0x05, 0x00, 0x00, 0xaa, 0x05, 0x00, 0x00, 0xe4, 0x05, // ................
	0x00, 0x00, 0xac, 0x05, 0x00, 0x00, 0xf7, 0x00, 0x03, 0x00, 0x14, 0x06, 0x00, 0x00, 0x00, 0x00, // ................
	0x00, 0x00, 0xfb, 0x00, 0x03, 0x00, 0xd7, 0x00, 0x00, 0x00, 0xf5, 0x05, 0x00, 0x00, 0xf8, 0x00, // ................
	0x02, 0x00, 0xf5, 0x05, 0x00, 0x00, 0x88, 0x00, 0x05, 0x00, 0x06, 0x00, 0x00, 0x00, 0xf9, 0x05, // ................
	0x00, 0x00, 0xf0, 0x03, 0x00, 0x00, 0x44, 0x05, 0x00, 0x00, 0x88, 0x00, 0x05, 0x00, 0x06, 0x00, // ......D.........
	0x00, 0x00, 0xfd, 0x05, 0x00, 0x00, 0xda, 0x06, 0x00, 0x00, 0xf9, 0x05, 0x00, 0x00, 0x0c, 0x00, // ................
	0x08, 0x00, 0x06, 0x00, 0x00, 0x00, 0xfe, 0x05, 0x00, 0x00, 0x01, 0x00, 0x00, 0x00, 0x2b, 0x00, // ..............+.
	0x00, 0x00, 0xfd, 0x05, 0x00, 0x00, 0x9a, 0x00, 0x00, 0x00, 0x71, 0x00, 0x00, 0x00, 0xbc, 0x00, // ..........q.....
	0x05, 0x00, 0xb0, 0x00, 0x00, 0x00, 0x03, 0x06, 0x00, 0x00, 0xf9, 0x05, 0x00, 0x00, 0xdb, 0x06, // ................
	0x00, 0x00, 0xf7, 0x00, 0x03, 0x00, 0x06, 0x06, 0x00, 0x00, 0x00, 0x00, 0x00, 0x00, 0xfa, 0x00, // ................
	0x04, 0x00, 0x03, 0x06, 0x00, 0x00, 0x04, 0x06, 0x00, 0x00, 0x06, 0x06, 0x00, 0x00, 0xf8, 0x00, // ................
	0x02, 0x00, 0x04, 0x06, 0x00, 0x00, 0xf9, 0x00, 0x02, 0x00, 0x14, 0x06, 0x00, 0x00, 0xf8, 0x00, // ................
	0x02, 0x00, 0x06, 0x06, 0x00, 0x00, 0x88, 0x00, 0x05, 0x00, 0x06, 0x00, 0x00, 0x00, 0x33, 0x06, // ..............3.
	0x00, 0x00, 0xd5, 0x04, 0x00, 0x00, 0xf0, 0x03, 0x00, 0x00, 0x81, 0x00, 0x05, 0x00, 0x06, 0x00, // ................
	0x00, 0x00, 0x34, 0x06, 0x00, 0x00, 0x33, 0x06, 0x00, 0x00, 0x5c, 0x00, 0x00, 0x00, 0x0c, 0x00, // ..4...3.........
	0x06, 0x00, 0x06, 0x00, 0x00, 0x00, 0x35, 0x06, 0x00, 0x00, 0x01, 0x00, 0x00, 0x00, 0x08, 0x00, // ......5.........
	0x00, 0x00, 0x34, 0x06, 0x00, 0x00, 0x85, 0x00, 0x05, 0x00, 0x06, 0x00, 0x00, 0x00, 0x37, 0x06, // ..4...........7.
	0x00, 0x00, 0x35, 0x06, 0x00, 0x00, 0xf0, 0x03, 0x00, 0x00, 0x83, 0x00, 0x05, 0x00, 0x06, 0x00, // ..5.............
	0x00, 0x00, 0x38, 0x06, 0x00, 0x00, 0xd5, 0x04, 0x00, 0x00, 0x37, 0x06, 0x00, 0x00, 0x0c, 0x00, // ..8.......7.....
	0x06, 0x00, 0x06, 0x00, 0x00, 0x00, 0x20, 0x06, 0x00, 0x00, 0x01, 0x00, 0x00, 0x00, 0x04, 0x00, // ...... .........
	0x00, 0x00, 0x38, 0x06, 0x00, 0x00, 0x85, 0x00, 0x05, 0x00, 0x06, 0x00, 0x00, 0x00, 0x24, 0x06, // ..8...........$.
	0x00, 0x00, 0xf6, 0x01, 0x00, 0x00, 0xff, 0x03, 0x00, 0x00, 0x83, 0x00, 0x05, 0x00, 0x06, 0x00, // ................
	0x00, 0x00, 0x27, 0x06, 0x00, 0x00, 0x24, 0x06, 0x00, 0x00, 0xff, 0x03, 0x00, 0x00, 0x81, 0x00, // ..'...$.........
	0x05, 0x00, 0x06, 0x00, 0x00, 0x00, 0x2a, 0x06, 0x00, 0x00, 0x24, 0x06, 0x00, 0x00, 0xff, 0x03, // ......*...$.....
	0x00, 0x00, 0x0c, 0x00, 0x08, 0x00, 0x06, 0x00, 0x00, 0x00, 0x2c, 0x06, 0x00, 0x00, 0x01, 0x00, // ..........,.....
	0x00, 0x00, 0x31, 0x00, 0x00, 0x00, 0x27, 0x06, 0x00, 0x00, 0x2a, 0x06, 0x00, 0x00, 0x20, 0x06, // ..1...'...*... .
	0x00, 0x00, 0x83, 0x00, 0x05, 0x00, 0x06, 0x00, 0x00, 0x00, 0x2d, 0x06, 0x00, 0x00, 0x71, 0x00, // ..........-...q.
	0x00, 0x00, 0x2c, 0x06, 0x00, 0x00, 0x0c, 0x00, 0x08, 0x00, 0x06, 0x00, 0x00, 0x00, 0x0f, 0x06, // ..,.............
	0x00, 0x00, 0x01, 0x00, 0x00, 0x00, 0x31, 0x00, 0x00, 0x00, 0xdb, 0x06, 0x00, 0x00, 0xf7, 0x01, // ......1.........
	0x00, 0x00, 0xf9, 0x05, 0x00, 0x00, 0x0c, 0x00, 0x08, 0x00, 0x06, 0x00, 0x00, 0x00, 0x3e, 0x06, // ..............>.
	0x00, 0x00, 0x01, 0x00, 0x00, 0x00, 0x2e, 0x00, 0x00, 0x00, 0xfe, 0x05, 0x00, 0x00, 0x2d, 0x06, // ..............-.
	0x00, 0x00, 0x0f, 0x06, 0x00, 0x00, 0xf9, 0x00, 0x02, 0x00, 0x14, 0x06, 0x00, 0x00, 0xf8, 0x00, // ................
	0x02, 0x00, 0x14, 0x06, 0x00, 0x00, 0xf5, 0x00, 0x07, 0x00, 0x06, 0x00, 0x00, 0x00, 0xe4, 0x06, // ................
	0x00, 0x00, 0xfe, 0x05, 0x00, 0x00, 0x04, 0x06, 0x00, 0x00, 0x3e, 0x06, 0x00, 0x00, 0x06, 0x06, // ..........>.....
	0x00, 0x00, 0x0c, 0x00, 0x07, 0x00, 0x06, 0x00, 0x00, 0x00, 0x0f, 0x04, 0x00, 0x00, 0x01, 0x00, // ................
	0x00, 0x00, 0x28, 0x00, 0x00, 0x00, 0xde, 0x06, 0x00, 0x00, 0xe0, 0x06, 0x00, 0x00, 0x0c, 0x00, // ..(.............
	0x07, 0x00, 0x06, 0x00, 0x00, 0x00, 0x12, 0x04, 0x00, 0x00, 0x01, 0x00, 0x00, 0x00, 0x28, 0x00, // ..............(.
	0x00, 0x00, 0xe2, 0x06, 0x00, 0x00, 0xe4, 0x06, 0x00, 0x00, 0xf7, 0x00, 0x03, 0x00, 0x52, 0x04, // ..............R.
	0x00, 0x00, 0x00, 0x00, 0x00, 0x00, 0xfa, 0x00, 0x04, 0x00, 0x51, 0x03, 0x00, 0x00, 0x16, 0x04, // ..........Q.....
	0x00, 0x00, 0x29, 0x04, 0x00, 0x00, 0xf8, 0x00, 0x02, 0x00, 0x16, 0x04, 0x00, 0x00, 0x41, 0x00, // ..)...........A.
	0x06, 0x00, 0x87, 0x00, 0x00, 0x00, 0x17, 0x04, 0x00, 0x00, 0x82, 0x00, 0x00, 0x00, 0x1e, 0x02, // ................
	0x00, 0x00, 0xd7, 0x00, 0x00, 0x00, 0x3d, 0x00, 0x04, 0x00, 0x06, 0x00, 0x00, 0x00, 0x18, 0x04, // ......=.........
	0x00, 0x00, 0x17, 0x04, 0x00, 0x00, 0xba, 0x00, 0x05, 0x00, 0xb0, 0x00, 0x00, 0x00, 0x19, 0x04, // ................
	0x00, 0x00, 0x18, 0x04, 0x00, 0x00, 0x5c, 0x00, 0x00, 0x00, 0xf7, 0x00, 0x03, 0x00, 0x1f, 0x04, // ................
	0x00, 0x00, 0x00, 0x00, 0x00, 0x00, 0xfa, 0x00, 0x04, 0x00, 0x19, 0x04, 0x00, 0x00, 0x1a, 0x04, // ................
	0x00, 0x00, 0x1f, 0x04, 0x00, 0x00, 0xf8, 0x00, 0x02, 0x00, 0x1a, 0x04, 0x00, 0x00, 0x41, 0x00, // ..............A.
	0x05, 0x00, 0xf8, 0x00, 0x00, 0x00, 0x1b, 0x04, 0x00, 0x00, 0x82, 0x00, 0x00, 0x00, 0x24, 0x02, // ..............$.
	0x00, 0x00, 0x3d, 0x00, 0x04, 0x00, 0x16, 0x00, 0x00, 0x00, 0x1c, 0x04, 0x00, 0x00, 0x1b, 0x04, // ..=.............
	0x00, 0x00, 0x4f, 0x00, 0x07, 0x00, 0x34, 0x00, 0x00, 0x00, 0x45, 0x06, 0x00, 0x00, 0x1c, 0x04, // ..O...4...E.....
	0x00, 0x00, 0x1c, 0x04, 0x00, 0x00, 0x00, 0x00, 0x00, 0x00, 0x01, 0x00, 0x00, 0x00, 0x94, 0x00, // ................
	0x05, 0x00, 0x06, 0x00, 0x00, 0x00, 0x47, 0x06, 0x00, 0x00, 0x45, 0x06, 0x00, 0x00, 0xc9, 0x02, // ......G...E.....
	0x00, 0x00, 0x51, 0x00, 0x05, 0x00, 0x06, 0x00, 0x00, 0x00, 0x49, 0x06, 0x00, 0x00, 0x1c, 0x04, // ..Q.......I.....
	0x00, 0x00, 0x02, 0x00, 0x00, 0x00, 0x81, 0x00, 0x05, 0x00, 0x06, 0x00, 0x00, 0x00, 0x4a, 0x06, // ..............J.
	0x00, 0x00, 0x47, 0x06, 0x00, 0x00, 0x49, 0x06, 0x00, 0x00, 0x51, 0x00, 0x05, 0x00, 0x06, 0x00, // ..G...I...Q.....
	0x00, 0x00, 0x4c, 0x06, 0x00, 0x00, 0x1c, 0x04, 0x00, 0x00, 0x00, 0x00, 0x00, 0x00, 0x85, 0x00, // ..L.............
	0x05, 0x00, 0x06, 0x00, 0x00, 0x00, 0x4d, 0x06, 0x00, 0x00, 0x4c, 0x06, 0x00, 0x00, 0xa5, 0x00, // ......M...L.....
	0x00, 0x00, 0x41, 0x00, 0x06, 0x00, 0x87, 0x00, 0x00, 0x00, 0x4e, 0x06, 0x00, 0x00, 0x82, 0x00, // ..A.......N.....
	0x00, 0x00, 0xdb, 0x00, 0x00, 0x00, 0xd7, 0x00, 0x00, 0x00, 0x3d, 0x00, 0x04, 0x00, 0x06, 0x00, // ..........=.....
	0x00, 0x00, 0x4f, 0x06, 0x00, 0x00, 0x4e, 0x06, 0x00, 0x00, 0x88, 0x00, 0x05, 0x00, 0x06, 0x00, // ..O...N.........
	0x00, 0x00, 0x50, 0x06, 0x00, 0x00, 0x4d, 0x06, 0x00, 0x00, 0x4f, 0x06, 0x00, 0x00, 0x51, 0x00, // ..P...M...O...Q.
	0x05, 0x00, 0x06, 0x00, 0x00, 0x00, 0x52, 0x06, 0x00, 0x00, 0x1c, 0x04, 0x00, 0x00, 0x01, 0x00, // ......R.........
	0x00, 0x00, 0x85, 0x00, 0x05, 0x00, 0x06, 0x00, 0x00, 0x00, 0x53, 0x06, 0x00, 0x00, 0x52, 0x06, // ..........S...R.
	0x00, 0x00, 0xa5, 0x00, 0x00, 0x00, 0x41, 0x00, 0x06, 0x00, 0x87, 0x00, 0x00, 0x00, 0x54, 0x06, // ......A.......T.
	0x00, 0x00, 0x82, 0x00, 0x00, 0x00, 0xe2, 0x00, 0x00, 0x00, 0xd7, 0x00, 0x00, 0x00, 0x3d, 0x00, // ..............=.
	0x04, 0x00, 0x06, 0x00, 0x00, 0x00, 0x55, 0x06, 0x00, 0x00, 0x54, 0x06, 0x00, 0x00, 0x88, 0x00, // ......U...T.....
	0x05, 0x00, 0x06, 0x00, 0x00, 0x00, 0x56, 0x06, 0x00, 0x00, 0x53, 0x06, 0x00, 0x00, 0x55, 0x06, // ......V...S...U.
	0x00, 0x00, 0x50, 0x00, 0x05, 0x00, 0x34, 0x00, 0x00, 0x00, 0x57, 0x06, 0x00, 0x00, 0x50, 0x06, // ..P...4...W...P.
	0x00, 0x00, 0x56, 0x06, 0x00, 0x00, 0x0c, 0x00, 0x06, 0x00, 0x06, 0x00, 0x00, 0x00, 0x59, 0x06, // ..V...........Y.
	0x00, 0x00, 0x01, 0x00, 0x00, 0x00, 0x04, 0x00, 0x00, 0x00, 0x4a, 0x06, 0x00, 0x00, 0x0c, 0x00, // ..........J.....
	0x06, 0x00, 0x06, 0x00, 0x00, 0x00, 0x5b, 0x06, 0x00, 0x00, 0x01, 0x00, 0x00, 0x00, 0x42, 0x00, // ......[.......B.
	0x00, 0x00, 0x57, 0x06, 0x00, 0x00, 0x0c, 0x00, 0x07, 0x00, 0x06, 0x00, 0x00, 0x00, 0x5c, 0x06, // ..W.............
	0x00, 0x00, 0x01, 0x00, 0x00, 0x00, 0x28, 0x00, 0x00, 0x00, 0x5b, 0x06, 0x00, 0x00, 0xec, 0x00, // ......(...[.....
	0x00, 0x00, 0x88, 0x00, 0x05, 0x00, 0x06, 0x00, 0x00, 0x00, 0x5d, 0x06, 0x00, 0x00, 0x59, 0x06, // ..........]...Y.
	0x00, 0x00, 0x5c, 0x06, 0x00, 0x00, 0x0c, 0x00, 0x08, 0x00, 0x06, 0x00, 0x00, 0x00, 0x5f, 0x06, // .............._.
	0x00, 0x00, 0x01, 0x00, 0x00, 0x00, 0x31, 0x00, 0x00, 0x00, 0xef, 0x00, 0x00, 0x00, 0xf0, 0x00, // ......1.........
	0x00, 0x00, 0x5d, 0x06, 0x00, 0x00, 0x83, 0x00, 0x05, 0x00, 0x06, 0x00, 0x00, 0x00, 0x60, 0x06, // ..]...........`.
	0x00, 0x00, 0x71, 0x00, 0x00, 0x00, 0x5f, 0x06, 0x00, 0x00, 0xf9, 0x00, 0x02, 0x00, 0x1f, 0x04, // ..q..._.........
	0x00, 0x00, 0xf8, 0x00, 0x02, 0x00, 0x1f, 0x04, 0x00, 0x00, 0xf5, 0x00, 0x07, 0x00, 0x06, 0x00, // ................
	0x00, 0x00, 0xea, 0x06, 0x00, 0x00, 0x9a, 0x00, 0x00, 0x00, 0x16, 0x04, 0x00, 0x00, 0x60, 0x06, // ..............`.
	0x00, 0x00, 0x1a, 0x04, 0x00, 0x00, 0x41, 0x00, 0x06, 0x00, 0x87, 0x00, 0x00, 0x00, 0x20, 0x04, // ......A....... .
	0x00, 0x00, 0x82, 0x00, 0x00, 0x00, 0x1e, 0x02, 0x00, 0x00, 0x86, 0x00, 0x00, 0x00, 0x3d, 0x00, // ..............=.
	0x04, 0x00, 0x06, 0x00, 0x00, 0x00, 0x21, 0x04, 0x00, 0x00, 0x20, 0x04, 0x00, 0x00, 0xba, 0x00, // ......!... .....
	0x05, 0x00, 0xb0, 0x00, 0x00, 0x00, 0x22, 0x04, 0x00, 0x00, 0x21, 0x04, 0x00, 0x00, 0x5c, 0x00, // ......"...!.....
	0x00, 0x00, 0xf7, 0x00, 0x03, 0x00, 0x28, 0x04, 0x00, 0x00, 0x00, 0x00, 0x00, 0x00, 0xfa, 0x00, // ......(.........
	0x04, 0x00, 0x22, 0x04, 0x00, 0x00, 0x23, 0x04, 0x00, 0x00, 0x28, 0x04, 0x00, 0x00, 0xf8, 0x00, // .."...#...(.....
	0x02, 0x00, 0x23, 0x04, 0x00, 0x00, 0x41, 0x00, 0x05, 0x00, 0xf8, 0x00, 0x00, 0x00, 0x24, 0x04, // ..#...A.......$.
	0x00, 0x00, 0x82, 0x00, 0x00, 0x00, 0x30, 0x02, 0x00, 0x00, 0x3d, 0x00, 0x04, 0x00, 0x16, 0x00, // ......0...=.....
	0x00, 0x00, 0x25, 0x04, 0x00, 0x00, 0x24, 0x04, 0x00, 0x00, 0x4f, 0x00, 0x07, 0x00, 0x34, 0x00, // ..%...$...O...4.
	0x00, 0x00, 0x67, 0x06, 0x00, 0x00, 0x25, 0x04, 0x00, 0x00, 0x25, 0x04, 0x00, 0x00, 0x00, 0x00, // ..g...%...%.....
	0x00, 0x00, 0x01, 0x00, 0x00, 0x00, 0x94, 0x00, 0x05, 0x00, 0x06, 0x00, 0x00, 0x00, 0x69, 0x06, // ..............i.
	0x00, 0x00, 0x67, 0x06, 0x00, 0x00, 0xc9, 0x02, 0x00, 0x00, 0x51, 0x00, 0x05, 0x00, 0x06, 0x00, // ..g.......Q.....
	0x00, 0x00, 0x6b, 0x06, 0x00, 0x00, 0x25, 0x04, 0x00, 0x00, 0x02, 0x00, 0x00, 0x00, 0x81, 0x00, // ..k...%.........
	0x05, 0x00, 0x06, 0x00, 0x00, 0x00, 0x6c, 0x06, 0x00, 0x00, 0x69, 0x06, 0x00, 0x00, 0x6b, 0x06, // ......l...i...k.
	0x00, 0x00, 0x51, 0x00, 0x05, 0x00, 0x06, 0x00, 0x00, 0x00, 0x6e, 0x06, 0x00, 0x00, 0x25, 0x04, // ..Q.......n...%.
	0x00, 0x00, 0x00, 0x00, 0x00, 0x00, 0x85, 0x00, 0x05, 0x00, 0x06, 0x00, 0x00, 0x00, 0x6f, 0x06, // ..............o.
	0x00, 0x00, 0x6e, 0x06, 0x00, 0x00, 0xa5, 0x00, 0x00, 0x00, 0x41, 0x00, 0x06, 0x00, 0x87, 0x00, // ..n.......A.....
	0x00, 0x00, 0x70, 0x06, 0x00, 0x00, 0x82, 0x00, 0x00, 0x00, 0xdb, 0x00, 0x00, 0x00, 0xd7, 0x00, // ..p.............
	0x00, 0x00, 0x3d, 0x00, 0x04, 0x00, 0x06, 0x00, 0x00, 0x00, 0x71, 0x06, 0x00, 0x00, 0x70, 0x06, // ..=.......q...p.
	0x00, 0x00, 0x88, 0x00, 0x05, 0x00, 0x06, 0x00, 0x00, 0x00, 0x72, 0x06, 0x00, 0x00, 0x6f, 0x06, // ..........r...o.
	0x00, 0x00, 0x71, 0x06, 0x00, 0x00, 0x51, 0x00, 0x05, 0x00, 0x06, 0x00, 0x00, 0x00, 0x74, 0x06, // ..q...Q.......t.
	0x00, 0x00, 0x25, 0x04, 0x00, 0x00, 0x01, 0x00, 0x00, 0x00, 0x85, 0x00, 0x05, 0x00, 0x06, 0x00, // ..%.............
	0x00, 0x00, 0x75, 0x06, 0x00, 0x00, 0x74, 0x06, 0x00, 0x00, 0xa5, 0x00, 0x00, 0x00, 0x41, 0x00, // ..u...t.......A.
	0x06, 0x00, 0x87, 0x00, 0x00, 0x00, 0x76, 0x06, 0x00, 0x00, 0x82, 0x00, 0x00, 0x00, 0xe2, 0x00, // ......v.........
	0x00, 0x00, 0xd7, 0x00, 0x00, 0x00, 0x3d, 0x00, 0x04, 0x00, 0x06, 0x00, 0x00, 0x00, 0x77, 0x06, // ......=.......w.
	0x00, 0x00, 0x76, 0x06, 0x00, 0x00, 0x88, 0x00, 0x05, 0x00, 0x06, 0x00, 0x00, 0x00, 0x78, 0x06, // ..v...........x.
	0x00, 0x00, 0x75, 0x06, 0x00, 0x00, 0x77, 0x06, 0x00, 0x00, 0x50, 0x00, 0x05, 0x00, 0x34, 0x00, // ..u...w...P...4.
	0x00, 0x00, 0x79, 0x06, 0x00, 0x00, 0x72, 0x06, 0x00, 0x00, 0x78, 0x06, 0x00, 0x00, 0x0c, 0x00, // ..y...r...x.....
	0x06, 0x00, 0x06, 0x00, 0x00, 0x00, 0x7b, 0x06, 0x00, 0x00, 0x01, 0x00, 0x00, 0x00, 0x04, 0x00, // ......{.........
	0x00, 0x00, 0x6c, 0x06, 0x00, 0x00, 0x0c, 0x00, 0x06, 0x00, 0x06, 0x00, 0x00, 0x00, 0x7d, 0x06, // ..l...........}.
	0x00, 0x00, 0x01, 0x00, 0x00, 0x00, 0x42, 0x00, 0x00, 0x00, 0x79, 0x06, 0x00, 0x00, 0x0c, 0x00, // ......B...y.....
	0x07, 0x00, 0x06, 0x00, 0x00, 0x00, 0x7e, 0x06, 0x00, 0x00, 0x01, 0x00, 0x00, 0x00, 0x28, 0x00, // ......~.......(.
	0x00, 0x00, 0x7d, 0x06, 0x00, 0x00, 0xec, 0x00, 0x00, 0x00, 0x88, 0x00, 0x05, 0x00, 0x06, 0x00, // ..}.............
	0x00, 0x00, 0x7f, 0x06, 0x00, 0x00, 0x7b, 0x06, 0x00, 0x00, 0x7e, 0x06, 0x00, 0x00, 0x0c, 0x00, // ......{...~.....
	0x08, 0x00, 0x06, 0x00, 0x00, 0x00, 0x81, 0x06, 0x00, 0x00, 0x01, 0x00, 0x00, 0x00, 0x31, 0x00, // ..............1.
	0x00, 0x00, 0xef, 0x00, 0x00, 0x00, 0xf0, 0x00, 0x00, 0x00, 0x7f, 0x06, 0x00, 0x00, 0x83, 0x00, // ................
	0x05, 0x00, 0x06, 0x00, 0x00, 0x00, 0x82, 0x06, 0x00, 0x00, 0x71, 0x00, 0x00, 0x00, 0x81, 0x06, // ..........q.....
	0x00, 0x00, 0xf9, 0x00, 0x02, 0x00, 0x28, 0x04, 0x00, 0x00, 0xf8, 0x00, 0x02, 0x00, 0x28, 0x04, // ......(.......(.
	0x00, 0x00, 0xf5, 0x00, 0x07, 0x00, 0x06, 0x00, 0x00, 0x00, 0xef, 0x06, 0x00, 0x00, 0x9a, 0x00, // ................
	0x00, 0x00, 0x1f, 0x04, 0x00, 0x00, 0x82, 0x06, 0x00, 0x00, 0x23, 0x04, 0x00, 0x00, 0xf9, 0x00, // ..........#.....
	0x02, 0x00, 0x52, 0x04, 0x00, 0x00, 0xf8, 0x00, 0x02, 0x00, 0x29, 0x04, 0x00, 0x00, 0x41, 0x00, // ..R.......)...A.
	0x06, 0x00, 0x87, 0x00, 0x00, 0x00, 0x2a, 0x04, 0x00, 0x00, 0x82, 0x00, 0x00, 0x00, 0x1e, 0x02, // ......*.........
	0x00, 0x00, 0xd7, 0x00, 0x00, 0x00, 0x3d, 0x00, 0x04, 0x00, 0x06, 0x00, 0x00, 0x00, 0x2b, 0x04, // ......=.......+.
	0x00, 0x00, 0x2a, 0x04, 0x00, 0x00, 0xba, 0x00, 0x05, 0x00, 0xb0, 0x00, 0x00, 0x00, 0x2c, 0x04, // ..*...........,.
	0x00, 0x00, 0x2b, 0x04, 0x00, 0x00, 0x5c, 0x00, 0x00, 0x00, 0xf7, 0x00, 0x03, 0x00, 0x3d, 0x04, // ..+...........=.
	0x00, 0x00, 0x00, 0x00, 0x00, 0x00, 0xfa, 0x00, 0x04, 0x00, 0x2c, 0x04, 0x00, 0x00, 0x2d, 0x04, // ..........,...-.
	0x00, 0x00, 0x3d, 0x04, 0x00, 0x00, 0xf8, 0x00, 0x02, 0x00, 0x2d, 0x04, 0x00, 0x00, 0x41, 0x00, // ..=.......-...A.
	0x06, 0x00, 0x87, 0x00, 0x00, 0x00, 0x30, 0x04, 0x00, 0x00, 0x82, 0x00, 0x00, 0x00, 0x40, 0x02, // ......0.......@.
	0x00, 0x00, 0x86, 0x00, 0x00, 0x00, 0x3d, 0x00, 0x04, 0x00, 0x06, 0x00, 0x00, 0x00, 0x31, 0x04, // ......=.......1.
	0x00, 0x00, 0x30, 0x04, 0x00, 0x00, 0x83, 0x00, 0x05, 0x00, 0x06, 0x00, 0x00, 0x00, 0x32, 0x04, // ..0...........2.
	0x00, 0x00, 0xd5, 0x04, 0x00, 0x00, 0x31, 0x04, 0x00, 0x00, 0x0c, 0x00, 0x06, 0x00, 0x06, 0x00, // ......1.........
	0x00, 0x00, 0x33, 0x04, 0x00, 0x00, 0x01, 0x00, 0x00, 0x00, 0x04, 0x00, 0x00, 0x00, 0x32, 0x04, // ..3...........2.
	0x00, 0x00, 0x85, 0x00, 0x05, 0x00, 0x06, 0x00, 0x00, 0x00, 0x36, 0x04, 0x00, 0x00, 0xef, 0x00, // ..........6.....
	0x00, 0x00, 0xff, 0x03, 0x00, 0x00, 0x85, 0x00, 0x05, 0x00, 0x06, 0x00, 0x00, 0x00, 0x39, 0x04, // ..............9.
	0x00, 0x00, 0xf0, 0x00, 0x00, 0x00, 0xff, 0x03, 0x00, 0x00, 0x0c, 0x00, 0x08, 0x00, 0x06, 0x00, // ................
	0x00, 0x00, 0x3b, 0x04, 0x00, 0x00, 0x01, 0x00, 0x00, 0x00, 0x31, 0x00, 0x00, 0x00, 0x36, 0x04, // ..;.......1...6.
	0x00, 0x00, 0x39, 0x04, 0x00, 0x00, 0x33, 0x04, 0x00, 0x00, 0x83, 0x00, 0x05, 0x00, 0x06, 0x00, // ..9...3.........
	0x00, 0x00, 0x3c, 0x04, 0x00, 0x00, 0x71, 0x00, 0x00, 0x00, 0x3b, 0x04, 0x00, 0x00, 0xf9, 0x00, // ..<...q...;.....
	0x02, 0x00, 0x3d, 0x04, 0x00, 0x00, 0xf8, 0x00, 0x02, 0x00, 0x3d, 0x04, 0x00, 0x00, 0xf5, 0x00, // ..=.......=.....
	0x07, 0x00, 0x06, 0x00, 0x00, 0x00, 0xec, 0x06, 0x00, 0x00, 0x9a, 0x00, 0x00, 0x00, 0x29, 0x04, // ..............).
	0x00, 0x00, 0x3c, 0x04, 0x00, 0x00, 0x2d, 0x04, 0x00, 0x00, 0x41, 0x00, 0x06, 0x00, 0x87, 0x00, // ..<...-...A.....
	0x00, 0x00, 0x3e, 0x04, 0x00, 0x00, 0x82, 0x00, 0x00, 0x00, 0x1e, 0x02, 0x00, 0x00, 0x86, 0x00, // ..>.............
	0x00, 0x00, 0x3d, 0x00, 0x04, 0x00, 0x06, 0x00, 0x00, 0x00, 0x3f, 0x04, 0x00, 0x00, 0x3e, 0x04, // ..=.......?...>.
	0x00, 0x00, 0xba, 0x00, 0x05, 0x00, 0xb0, 0x00, 0x00, 0x00, 0x40, 0x04, 0x00, 0x00, 0x3f, 0x04, // ..........@...?.
	0x00, 0x00, 0x5c, 0x00, 0x00, 0x00, 0xf7, 0x00, 0x03, 0x00, 0x51, 0x04, 0x00, 0x00, 0x00, 0x00, // ..........Q.....
	0x00, 0x00, 0xfa, 0x00, 0x04, 0x00, 0x40, 0x04, 0x00, 0x00, 0x41, 0x04, 0x00, 0x00, 0x51, 0x04, // ......@...A...Q.
	0x00, 0x00, 0xf8, 0x00, 0x02, 0x00, 0x41, 0x04, 0x00, 0x00, 0x41, 0x00, 0x06, 0x00, 0x87, 0x00, // ......A...A.....
	0x00, 0x00, 0x44, 0x04, 0x00, 0x00, 0x82, 0x00, 0x00, 0x00, 0x40, 0x02, 0x00, 0x00, 0xd7, 0x00, // ..D.......@.....
	0x00, 0x00, 0x3d, 0x00, 0x04, 0x00, 0x06, 0x00, 0x00, 0x00, 0x45, 0x04, 0x00, 0x00, 0x44, 0x04, // ..=.......E...D.
	0x00, 0x00, 0x83, 0x00, 0x05, 0x00, 0x06, 0x00, 0x00, 0x00, 0x46, 0x04, 0x00, 0x00, 0xd0, 0x04, // ..........F.....
	0x00, 0x00, 0x45, 0x04, 0x00, 0x00, 0x0c, 0x00, 0x06, 0x00, 0x06, 0x00, 0x00, 0x00, 0x47, 0x04, // ..E...........G.
	0x00, 0x00, 0x01, 0x00, 0x00, 0x00, 0x04, 0x00, 0x00, 0x00, 0x46, 0x04, 0x00, 0x00, 0x85, 0x00, // ..........F.....
	0x05, 0x00, 0x06, 0x00, 0x00, 0x00, 0x4a, 0x04, 0x00, 0x00, 0xef, 0x00, 0x00, 0x00, 0xf8, 0x03, // ......J.........
	0x00, 0x00, 0x85, 0x00, 0x05, 0x00, 0x06, 0x00, 0x00, 0x00, 0x4d, 0x04, 0x00, 0x00, 0xf0, 0x00, // ..........M.....
	0x00, 0x00, 0xf8, 0x03, 0x00, 0x00, 0x0c, 0x00, 0x08, 0x00, 0x06, 0x00, 0x00, 0x00, 0x4f, 0x04, // ..............O.
	0x00, 0x00, 0x01, 0x00, 0x00, 0x00, 0x31, 0x00, 0x00, 0x00, 0x4a, 0x04, 0x00, 0x00, 0x4d, 0x04, // ......1...J...M.
	0x00, 0x00, 0x47, 0x04, 0x00, 0x00, 0x83, 0x00, 0x05, 0x00, 0x06, 0x00, 0x00, 0x00, 0x50, 0x04, // ..G...........P.
	0x00, 0x00, 0x71, 0x00, 0x00, 0x00, 0x4f, 0x04, 0x00, 0x00, 0xf9, 0x00, 0x02, 0x00, 0x51, 0x04, // ..q...O.......Q.
	0x00, 0x00, 0xf8, 0x00, 0x02, 0x00, 0x51, 0x04, 0x00, 0x00, 0xf5, 0x00, 0x07, 0x00, 0x06, 0x00, // ......Q.........
	0x00, 0x00, 0xf1, 0x06, 0x00, 0x00, 0x9a, 0x00, 0x00, 0x00, 0x3d, 0x04, 0x00, 0x00, 0x50, 0x04, // ..........=...P.
	0x00, 0x00, 0x41, 0x04, 0x00, 0x00, 0xf9, 0x00, 0x02, 0x00, 0x52, 0x04, 0x00, 0x00, 0xf8, 0x00, // ..A.......R.....
	0x02, 0x00, 0x52, 0x04, 0x00, 0x00, 0xf5, 0x00, 0x07, 0x00, 0x06, 0x00, 0x00, 0x00, 0xee, 0x06, // ..R.............
	0x00, 0x00, 0xef, 0x06, 0x00, 0x00, 0x28, 0x04, 0x00, 0x00, 0xf1, 0x06, 0x00, 0x00, 0x51, 0x04, // ......(.......Q.
	0x00, 0x00, 0xf5, 0x00, 0x07, 0x00, 0x06, 0x00, 0x00, 0x00, 0xe8, 0x06, 0x00, 0x00, 0xea, 0x06, // ................
	0x00, 0x00, 0x28, 0x04, 0x00, 0x00, 0xec, 0x06, 0x00, 0x00, 0x51, 0x04, 0x00, 0x00, 0x41, 0x00, // ..(.......Q...A.
	0x06, 0x00, 0x87, 0x00, 0x00, 0x00, 0x53, 0x04, 0x00, 0x00, 0x82, 0x00, 0x00, 0x00, 0x64, 0x02, // ......S.......d.
	0x00, 0x00, 0xd7, 0x00, 0x00, 0x00, 0x3d, 0x00, 0x04, 0x00, 0x06, 0x00, 0x00, 0x00, 0x54, 0x04, // ......=.......T.
	0x00, 0x00, 0x53, 0x04, 0x00, 0x00, 0xba, 0x00, 0x05, 0x00, 0xb0, 0x00, 0x00, 0x00, 0x55, 0x04, // ..S...........U.
	0x00, 0x00, 0x54, 0x04, 0x00, 0x00, 0x5c, 0x00, 0x00, 0x00, 0xf7, 0x00, 0x03, 0x00, 0x5b, 0x04, // ..T...........[.
	0x00, 0x00, 0x00, 0x00, 0x00, 0x00, 0xfa, 0x00, 0x04, 0x00, 0x55, 0x04, 0x00, 0x00, 0x56, 0x04, // ..........U...V.
	0x00, 0x00, 0x5b, 0x04, 0x00, 0x00, 0xf8, 0x00, 0x02, 0x00, 0x56, 0x04, 0x00, 0x00, 0x41, 0x00, // ..[.......V...A.
	0x05, 0x00, 0xf8, 0x00, 0x00, 0x00, 0x57, 0x04, 0x00, 0x00, 0x82, 0x00, 0x00, 0x00, 0x6a, 0x02, // ......W.......j.
	0x00, 0x00, 0x3d, 0x00, 0x04, 0x00, 0x16, 0x00, 0x00, 0x00, 0x58, 0x04, 0x00, 0x00, 0x57, 0x04, // ..=.......X...W.
	0x00, 0x00, 0x4f, 0x00, 0x07, 0x00, 0x34, 0x00, 0x00, 0x00, 0x89, 0x06, 0x00, 0x00, 0x58, 0x04, // ..O...4.......X.
	0x00, 0x00, 0x58, 0x04, 0x00, 0x00, 0x00, 0x00, 0x00, 0x00, 0x01, 0x00, 0x00, 0x00, 0x94, 0x00, // ..X.............
	0x05, 0x00, 0x06, 0x00, 0x00, 0x00, 0x8b, 0x06, 0x00, 0x00, 0x89, 0x06, 0x00, 0x00, 0xc9, 0x02, // ................
	0x00, 0x00, 0x51, 0x00, 0x05, 0x00, 0x06, 0x00, 0x00, 0x00, 0x8d, 0x06, 0x00, 0x00, 0x58, 0x04, // ..Q...........X.
	0x00, 0x00, 0x02, 0x00, 0x00, 0x00, 0x81, 0x00, 0x05, 0x00, 0x06, 0x00, 0x00, 0x00, 0x8e, 0x06, // ................
	0x00, 0x00, 0x8b, 0x06, 0x00, 0x00, 0x8d, 0x06, 0x00, 0x00, 0x51, 0x00, 0x05, 0x00, 0x06, 0x00, // ..........Q.....
	0x00, 0x00, 0x90, 0x06, 0x00, 0x00, 0x58, 0x04, 0x00, 0x00, 0x00, 0x00, 0x00, 0x00, 0x85, 0x00, // ......X.........
	0x05, 0x00, 0x06, 0x00, 0x00, 0x00, 0x91, 0x06, 0x00, 0x00, 0x90, 0x06, 0x00, 0x00, 0xa5, 0x00, // ................
	0x00, 0x00, 0x41, 0x00, 0x06, 0x00, 0x87, 0x00, 0x00, 0x00, 0x92, 0x06, 0x00, 0x00, 0x82, 0x00, // ..A.............
	0x00, 0x00, 0xdb, 0x00, 0x00, 0x00, 0xd7, 0x00, 0x00, 0x00, 0x3d, 0x00, 0x04, 0x00, 0x06, 0x00, // ..........=.....
	0x00, 0x00, 0x93, 0x06, 0x00, 0x00, 0x92, 0x06, 0x00, 0x00, 0x88, 0x00, 0x05, 0x00, 0x06, 0x00, // ................
	0x00, 0x00, 0x94, 0x06, 0x00, 0x00, 0x91, 0x06, 0x00, 0x00, 0x93, 0x06, 0x00, 0x00, 0x51, 0x00, // ..............Q.
	0x05, 0x00, 0x06, 0x00, 0x00, 0x00, 0x96, 0x06, 0x00, 0x00, 0x58, 0x04, 0x00, 0x00, 0x01, 0x00, // ..........X.....
	0x00, 0x00, 0x85, 0x00, 0x05, 0x00, 0x06, 0x00, 0x00, 0x00, 0x97, 0x06, 0x00, 0x00, 0x96, 0x06, // ................
	0x00, 0x00, 0xa5, 0x00, 0x00, 0x00, 0x41, 0x00, 0x06, 0x00, 0x87, 0x00, 0x00, 0x00, 0x98, 0x06, // ......A.........
	0x00, 0x00, 0x82, 0x00, 0x00, 0x00, 0xe2, 0x00, 0x00, 0x00, 0xd7, 0x00, 0x00, 0x00, 0x3d, 0x00, // ..............=.
	0x04, 0x00, 0x06, 0x00, 0x00, 0x00, 0x99, 0x06, 0x00, 0x00, 0x98, 0x06, 0x00, 0x00, 0x88, 0x00, // ................
	0x05, 0x00, 0x06, 0x00, 0x00, 0x00, 0x9a, 0x06, 0x00, 0x00, 0x97, 0x06, 0x00, 0x00, 0x99, 0x06, // ................
	0x00, 0x00, 0x50, 0x00, 0x05, 0x00, 0x34, 0x00, 0x00, 0x00, 0x9b, 0x06, 0x00, 0x00, 0x94, 0x06, // ..P...4.........
	0x00, 0x00, 0x9a, 0x06, 0x00, 0x00, 0x0c, 0x00, 0x06, 0x00, 0x06, 0x00, 0x00, 0x00, 0x9d, 0x06, // ................
	0x00, 0x00, 0x01, 0x00, 0x00, 0x00, 0x04, 0x00, 0x00, 0x00, 0x8e, 0x06, 0x00, 0x00, 0x0c, 0x00, // ................
	0x06, 0x00, 0x06, 0x00, 0x00, 0x00, 0x9f, 0x06, 0x00, 0x00, 0x01, 0x00, 0x00, 0x00, 0x42, 0x00, // ..............B.
	0x00, 0x00, 0x9b, 0x06, 0x00, 0x00, 0x0c, 0x00, 0x07, 0x00, 0x06, 0x00, 0x00, 0x00, 0xa0, 0x06, // ................
	0x00, 0x00, 0x01, 0x00, 0x00, 0x00, 0x28, 0x00, 0x00, 0x00, 0x9f, 0x06, 0x00, 0x00, 0xec, 0x00, // ......(.........
	0x00, 0x00, 0x88, 0x00, 0x05, 0x00, 0x06, 0x00, 0x00, 0x00, 0xa1, 0x06, 0x00, 0x00, 0x9d, 0x06, // ................
	0x00, 0x00, 0xa0, 0x06, 0x00, 0x00, 0x0c, 0x00, 0x08, 0x00, 0x06, 0x00, 0x00, 0x00, 0xa3, 0x06, // ................
	0x00, 0x00, 0x01, 0x00, 0x00, 0x00, 0x31, 0x00, 0x00, 0x00, 0xef, 0x00, 0x00, 0x00, 0xf0, 0x00, // ......1.........
	0x00, 0x00, 0xa1, 0x06, 0x00, 0x00, 0x83, 0x00, 0x05, 0x00, 0x06, 0x00, 0x00, 0x00, 0xa4, 0x06, // ................
	0x00, 0x00, 0x71, 0x00, 0x00, 0x00, 0xa3, 0x06, 0x00, 0x00, 0xf9, 0x00, 0x02, 0x00, 0x5b, 0x04, // ..q...........[.
	0x00, 0x00, 0xf8, 0x00, 0x02, 0x00, 0x5b, 0x04, 0x00, 0x00, 0xf5, 0x00, 0x07, 0x00, 0x06, 0x00, // ......[.........
	0x00, 0x00, 0xf3, 0x06, 0x00, 0x00, 0x9a, 0x00, 0x00, 0x00, 0x52, 0x04, 0x00, 0x00, 0xa4, 0x06, // ..........R.....
	0x00, 0x00, 0x56, 0x04, 0x00, 0x00, 0x41, 0x00, 0x05, 0x00, 0xf8, 0x00, 0x00, 0x00, 0x5c, 0x04, // ..V...A.........
	0x00, 0x00, 0x82, 0x00, 0x00, 0x00, 0x72, 0x02, 0x00, 0x00, 0x3d, 0x00, 0x04, 0x00, 0x16, 0x00, // ......r...=.....
	0x00, 0x00, 0x5d, 0x04, 0x00, 0x00, 0x5c, 0x04, 0x00, 0x00, 0x4f, 0x00, 0x08, 0x00, 0x0e, 0x00, // ..].......O.....
	0x00, 0x00, 0x5e, 0x04, 0x00, 0x00, 0x5d, 0x04, 0x00, 0x00, 0x5d, 0x04, 0x00, 0x00, 0x00, 0x00, // ..^...]...].....
	0x00, 0x00, 0x01, 0x00, 0x00, 0x00, 0x02, 0x00, 0x00, 0x00, 0x85, 0x00, 0x05, 0x00, 0x06, 0x00, // ................
	0x00, 0x00, 0x60, 0x04, 0x00, 0x00, 0x12, 0x04, 0x00, 0x00, 0x78, 0x02, 0x00, 0x00, 0x50, 0x00, // ..`.......x...P.
	0x06, 0x00, 0x0e, 0x00, 0x00, 0x00, 0x62, 0x04, 0x00, 0x00, 0x0f, 0x04, 0x00, 0x00, 0x0f, 0x04, // ......b.........
	0x00, 0x00, 0x0f, 0x04, 0x00, 0x00, 0x41, 0x00, 0x05, 0x00, 0xf8, 0x00, 0x00, 0x00, 0x64, 0x04, // ......A.......d.
	0x00, 0x00, 0x82, 0x00, 0x00, 0x00, 0x7a, 0x02, 0x00, 0x00, 0x3d, 0x00, 0x04, 0x00, 0x16, 0x00, // ......z...=.....
	0x00, 0x00, 0x65, 0x04, 0x00, 0x00, 0x64, 0x04, 0x00, 0x00, 0x4f, 0x00, 0x08, 0x00, 0x0e, 0x00, // ..e...d...O.....
	0x00, 0x00, 0x66, 0x04, 0x00, 0x00, 0x65, 0x04, 0x00, 0x00, 0x65, 0x04, 0x00, 0x00, 0x00, 0x00, // ..f...e...e.....
	0x00, 0x00, 0x01, 0x00, 0x00, 0x00, 0x02, 0x00, 0x00, 0x00, 0x0c, 0x00, 0x08, 0x00, 0x0e, 0x00, // ................
	0x00, 0x00, 0xaa, 0x06, 0x00, 0x00, 0x01, 0x00, 0x00, 0x00, 0x2e, 0x00, 0x00, 0x00, 0x5e, 0x04, // ..............^.
	0x00, 0x00, 0x66, 0x04, 0x00, 0x00, 0x62, 0x04, 0x00, 0x00, 0x85, 0x00, 0x05, 0x00, 0x06, 0x00, // ..f...b.........
	0x00, 0x00, 0x6a, 0x04, 0x00, 0x00, 0x0f, 0x04, 0x00, 0x00, 0x5c, 0x00, 0x00, 0x00, 0x0c, 0x00, // ..j.............
	0x07, 0x00, 0x06, 0x00, 0x00, 0x00, 0x6b, 0x04, 0x00, 0x00, 0x01, 0x00, 0x00, 0x00, 0x28, 0x00, // ......k.......(.
	0x00, 0x00, 0x60, 0x04, 0x00, 0x00, 0x6a, 0x04, 0x00, 0x00, 0x50, 0x00, 0x06, 0x00, 0x0e, 0x00, // ..`...j...P.....
	0x00, 0x00, 0x6d, 0x04, 0x00, 0x00, 0xe8, 0x06, 0x00, 0x00, 0xe8, 0x06, 0x00, 0x00, 0xe8, 0x06, // ..m.............
	0x00, 0x00, 0x41, 0x00, 0x05, 0x00, 0xf8, 0x00, 0x00, 0x00, 0x6f, 0x04, 0x00, 0x00, 0x82, 0x00, // ..A.......o.....
	0x00, 0x00, 0x89, 0x02, 0x00, 0x00, 0x3d, 0x00, 0x04, 0x00, 0x16, 0x00, 0x00, 0x00, 0x70, 0x04, // ......=.......p.
	0x00, 0x00, 0x6f, 0x04, 0x00, 0x00, 0x4f, 0x00, 0x08, 0x00, 0x0e, 0x00, 0x00, 0x00, 0x71, 0x04, // ..o...O.......q.
	0x00, 0x00, 0x70, 0x04, 0x00, 0x00, 0x70, 0x04, 0x00, 0x00, 0x00, 0x00, 0x00, 0x00, 0x01, 0x00, // ..p...p.........
	0x00, 0x00, 0x02, 0x00, 0x00, 0x00, 0x0c, 0x00, 0x08, 0x00, 0x0e, 0x00, 0x00, 0x00, 0xb0, 0x06, // ................
	0x00, 0x00, 0x01, 0x00, 0x00, 0x00, 0x2e, 0x00, 0x00, 0x00, 0xaa, 0x06, 0x00, 0x00, 0x71, 0x04, // ..............q.
	0x00, 0x00, 0x6d, 0x04, 0x00, 0x00, 0x50, 0x00, 0x06, 0x00, 0x0e, 0x00, 0x00, 0x00, 0x74, 0x04, // ..m...P.......t.
	0x00, 0x00, 0xee, 0x06, 0x00, 0x00, 0xee, 0x06, 0x00, 0x00, 0xee, 0x06, 0x00, 0x00, 0x41, 0x00, // ..............A.
	0x05, 0x00, 0xf8, 0x00, 0x00, 0x00, 0x76, 0x04, 0x00, 0x00, 0x82, 0x00, 0x00, 0x00, 0x94, 0x02, // ......v.........
	0x00, 0x00, 0x3d, 0x00, 0x04, 0x00, 0x16, 0x00, 0x00, 0x00, 0x77, 0x04, 0x00, 0x00, 0x76, 0x04, // ..=.......w...v.
	0x00, 0x00, 0x4f, 0x00, 0x08, 0x00, 0x0e, 0x00, 0x00, 0x00, 0x78, 0x04, 0x00, 0x00, 0x77, 0x04, // ..O.......x...w.
	0x00, 0x00, 0x77, 0x04, 0x00, 0x00, 0x00, 0x00, 0x00, 0x00, 0x01, 0x00, 0x00, 0x00, 0x02, 0x00, // ..w.............
	0x00, 0x00, 0x0c, 0x00, 0x08, 0x00, 0x0e, 0x00, 0x00, 0x00, 0xb6, 0x06, 0x00, 0x00, 0x01, 0x00, // ................
	0x00, 0x00, 0x2e, 0x00, 0x00, 0x00, 0xb0, 0x06, 0x00, 0x00, 0x78, 0x04, 0x00, 0x00, 0x74, 0x04, // ..........x...t.
	0x00, 0x00, 0x50, 0x00, 0x06, 0x00, 0x0e, 0x00, 0x00, 0x00, 0x7b, 0x04, 0x00, 0x00, 0xf3, 0x06, // ..P.......{.....
	0x00, 0x00, 0xf3, 0x06, 0x00, 0x00, 0xf3, 0x06, 0x00, 0x00, 0x0c, 0x00, 0x08, 0x00, 0x0e, 0x00, // ................
	0x00, 0x00, 0xbc, 0x06, 0x00, 0x00, 0x01, 0x00, 0x00, 0x00, 0x2e, 0x00, 0x00, 0x00, 0xb6, 0x06, // ................
	0x00, 0x00, 0xa0, 0x02, 0x00, 0x00, 0x7b, 0x04, 0x00, 0x00, 0x0c, 0x00, 0x07, 0x00, 0x06, 0x00, // ......{.........
	0x00, 0x00, 0x81, 0x04, 0x00, 0x00, 0x01, 0x00, 0x00, 0x00, 0x28, 0x00, 0x00, 0x00, 0xe8, 0x06, // ..........(.....
	0x00, 0x00, 0xee, 0x06, 0x00, 0x00, 0x0c, 0x00, 0x07, 0x00, 0x06, 0x00, 0x00, 0x00, 0x83, 0x04, // ................
	0x00, 0x00, 0x01, 0x00, 0x00, 0x00, 0x28, 0x00, 0x00, 0x00, 0x81, 0x04, 0x00, 0x00, 0xf3, 0x06, // ......(.........
	0x00, 0x00, 0x85, 0x00, 0x05, 0x00, 0x06, 0x00, 0x00, 0x00, 0x84, 0x04, 0x00, 0x00, 0x83, 0x04, // ................
	0x00, 0x00, 0xf6, 0x01, 0x00, 0x00, 0x0c, 0x00, 0x07, 0x00, 0x06, 0x00, 0x00, 0x00, 0x85, 0x04, // ................
	0x00, 0x00, 0x01, 0x00, 0x00, 0x00, 0x28, 0x00, 0x00, 0x00, 0x6b, 0x04, 0x00, 0x00, 0x84, 0x04, // ......(...k.....
	0x00, 0x00, 0x41, 0x00, 0x06, 0x00, 0x87, 0x00, 0x00, 0x00, 0x87, 0x04, 0x00, 0x00, 0x82, 0x00, // ..A.............
	0x00, 0x00, 0xb1, 0x02, 0x00, 0x00, 0xd7, 0x00, 0x00, 0x00, 0x3d, 0x00, 0x04, 0x00, 0x06, 0x00, // ..........=.....
	0x00, 0x00, 0x88, 0x04, 0x00, 0x00, 0x87, 0x04, 0x00, 0x00, 0x85, 0x00, 0x05, 0x00, 0x06, 0x00, // ................
	0x00, 0x00, 0x8b, 0x04, 0x00, 0x00, 0x85, 0x04, 0x00, 0x00, 0x88, 0x04, 0x00, 0x00, 0xbc, 0x00, // ................
	0x05, 0x00, 0xb0, 0x00, 0x00, 0x00, 0x8d, 0x04, 0x00, 0x00, 0x8b, 0x04, 0x00, 0x00, 0x9a, 0x00, // ................
	0x00, 0x00, 0xf7, 0x00, 0x03, 0x00, 0x8f, 0x04, 0x00, 0x00, 0x00, 0x00, 0x00, 0x00, 0xfa, 0x00, // ................
	0x04, 0x00, 0x8d, 0x04, 0x00, 0x00, 0x8e, 0x04, 0x00, 0x00, 0x8f, 0x04, 0x00, 0x00, 0xf8, 0x00, // ................
	0x02, 0x00, 0x8e, 0x04, 0x00, 0x00, 0xfc, 0x00, 0x01, 0x00, 0xf8, 0x00, 0x02, 0x00, 0x8f, 0x04, // ................
	0x00, 0x00, 0x51, 0x00, 0x05, 0x00, 0x06, 0x00, 0x00, 0x00, 0x92, 0x04, 0x00, 0x00, 0xbc, 0x06, // ..Q.............
	0x00, 0x00, 0x00, 0x00, 0x00, 0x00, 0x51, 0x00, 0x05, 0x00, 0x06, 0x00, 0x00, 0x00, 0x93, 0x04, // ......Q.........
	0x00, 0x00, 0xbc, 0x06, 0x00, 0x00, 0x01, 0x00, 0x00, 0x00, 0x51, 0x00, 0x05, 0x00, 0x06, 0x00, // ..........Q.....
	0x00, 0x00, 0x94, 0x04, 0x00, 0x00, 0xbc, 0x06, 0x00, 0x00, 0x02, 0x00, 0x00, 0x00, 0x50, 0x00, // ..............P.
	0x07, 0x00, 0x16, 0x00, 0x00, 0x00, 0x95, 0x04, 0x00, 0x00, 0x92, 0x04, 0x00, 0x00, 0x93, 0x04, // ................
	0x00, 0x00, 0x94, 0x04, 0x00, 0x00, 0x8b, 0x04, 0x00, 0x00, 0x3e, 0x00, 0x03, 0x00, 0xe1, 0x02, // ..........>.....
	0x00, 0x00, 0x95, 0x04, 0x00, 0x00, 0x3e, 0x00, 0x03, 0x00, 0xe4, 0x02, 0x00, 0x00, 0xed, 0x03, // ......>.........
	0x00, 0x00, 0xfd, 0x00, 0x01, 0x00, 0x38, 0x00, 0x01, 0x00, 0x00, 0x00, 0x00, 0x02,             // ......8.......
};

static const uint8_t frag_dx11[8014] =
{
	0x46, 0x53, 0x48, 0x0b, 0x6d, 0xa5, 0xfb, 0x9b, 0x00, 0x00, 0x00, 0x00, 0x1a, 0x00, 0x09, 0x75, // FSH.m..........u
	0x56, 0x69, 0x65, 0x77, 0x50, 0x72, 0x6f, 0x6a, 0x14, 0x00, 0x00, 0x00, 0x04, 0x00, 0x00, 0x00, // ViewProj........
	0x00, 0x00, 0x05, 0x75, 0x56, 0x69, 0x65, 0x77, 0x14, 0x00, 0x40, 0x00, 0x04, 0x00, 0x00, 0x00, // ...uView..@.....
	0x00, 0x00, 0x09, 0x75, 0x4c, 0x6f, 0x67, 0x44, 0x65, 0x70, 0x74, 0x68, 0x12, 0x00, 0x80, 0x00, // ...uLogDepth....
	0x01, 0x00, 0x00, 0x00, 0x00, 0x00, 0x0f, 0x75, 0x4f, 0x72, 0x69, 0x67, 0x69, 0x6e, 0x52, 0x65, // .......uOriginRe
	0x6c, 0x61, 0x74, 0x69, 0x76, 0x65, 0x12, 0x00, 0x90, 0x00, 0x01, 0x00, 0x00, 0x00, 0x00, 0x00, // lative..........
	0x0c, 0x75, 0x50, 0x6c, 0x61, 0x6e, 0x65, 0x4e, 0x6f, 0x72, 0x6d, 0x61, 0x6c, 0x12, 0x00, 0xa0, // .uPlaneNormal...
	0x00, 0x01, 0x00, 0x00, 0x00, 0x00, 0x00, 0x0e, 0x75, 0x50, 0x6c, 0x61, 0x6e, 0x65, 0x54, 0x61, // ........uPlaneTa
	0x6e, 0x67, 0x65, 0x6e, 0x74, 0x55, 0x12, 0x00, 0xb0, 0x00, 0x01, 0x00, 0x00, 0x00, 0x00, 0x00, // ngentU..........
	0x0e, 0x75, 0x50, 0x6c, 0x61, 0x6e, 0x65, 0x54, 0x61, 0x6e, 0x67, 0x65, 0x6e, 0x74, 0x56, 0x12, // .uPlaneTangentV.
	0x00, 0xc0, 0x00, 0x01, 0x00, 0x00, 0x00, 0x00, 0x00, 0x0b, 0x75, 0x41, 0x78, 0x69, 0x73, 0x43, // ..........uAxisC
	0x6f, 0x6c, 0x6f, 0x72, 0x55, 0x12, 0x00, 0xd0, 0x00, 0x01, 0x00, 0x00, 0x00, 0x00, 0x00, 0x0b, // olorU...........
	0x75, 0x41, 0x78, 0x69, 0x73, 0x43, 0x6f, 0x6c, 0x6f, 0x72, 0x56, 0x12, 0x00, 0xe0, 0x00, 0x01, // uAxisColorV.....
	0x00, 0x00, 0x00, 0x00, 0x00, 0x11, 0x75, 0x53, 0x74, 0x61, 0x72, 0x74, 0x41, 0x78, 0x69, 0x73, // ......uStartAxis
	0x56, 0x69, 0x73, 0x69, 0x62, 0x6c, 0x65, 0x12, 0x00, 0xf0, 0x00, 0x01, 0x00, 0x00, 0x00, 0x00, // Visible.........
	0x00, 0x0e, 0x75, 0x53, 0x74, 0x61, 0x72, 0x74, 0x41, 0x78, 0x69, 0x73, 0x4c, 0x69, 0x6e, 0x65, // ..uStartAxisLine
	0x12, 0x00, 0x00, 0x01, 0x01, 0x00, 0x00, 0x00, 0x00, 0x00, 0x17, 0x75, 0x41, 0x78, 0x69, 0x73, // ...........uAxis
	0x4f, 0x72, 0x69, 0x67, 0x69, 0x6e, 0x47, 0x72, 0x69, 0x64, 0x52, 0x65, 0x6c, 0x61, 0x74, 0x69, // OriginGridRelati
	0x76, 0x65, 0x12, 0x00, 0x10, 0x01, 0x01, 0x00, 0x00, 0x00, 0x00, 0x00, 0x0a, 0x75, 0x41, 0x78, // ve...........uAx
	0x69, 0x73, 0x4c, 0x69, 0x6e, 0x65, 0x58, 0x12, 0x00, 0x20, 0x01, 0x01, 0x00, 0x00, 0x00, 0x00, // isLineX.. ......
	0x00, 0x0a, 0x75, 0x41, 0x78, 0x69, 0x73, 0x4c, 0x69, 0x6e, 0x65, 0x5a, 0x12, 0x00, 0x30, 0x01, // ..uAxisLineZ..0.
	0x01, 0x00, 0x00, 0x00, 0x00, 0x00, 0x05, 0x75, 0x53, 0x74, 0x65, 0x70, 0x12, 0x00, 0x40, 0x01, // .......uStep..@.
	0x01, 0x00, 0x00, 0x00, 0x00, 0x00, 0x0c, 0x75, 0x41, 0x78, 0x69, 0x73, 0x56, 0x69, 0x73, 0x69, // .......uAxisVisi
	0x62, 0x6c, 0x65, 0x12, 0x00, 0x50, 0x01, 0x01, 0x00, 0x00, 0x00, 0x00, 0x00, 0x0d, 0x75, 0x53, // ble..P........uS
	0x63, 0x72, 0x65, 0x65, 0x6e, 0x48, 0x65, 0x69, 0x67, 0x68, 0x74, 0x12, 0x00, 0x60, 0x01, 0x01, // creenHeight..`..
	0x00, 0x00, 0x00, 0x00, 0x00, 0x0c, 0x75, 0x53, 0x63, 0x72, 0x65, 0x65, 0x6e, 0x57, 0x69, 0x64, // ......uScreenWid
	0x74, 0x68, 0x12, 0x00, 0x70, 0x01, 0x01, 0x00, 0x00, 0x00, 0x00, 0x00, 0x08, 0x75, 0x49, 0x73, // th..p........uIs
	0x4f, 0x72, 0x74, 0x68, 0x6f, 0x12, 0x00, 0x80, 0x01, 0x01, 0x00, 0x00, 0x00, 0x00, 0x00, 0x10, // Ortho...........
	0x75, 0x4f, 0x72, 0x74, 0x68, 0x6f, 0x50, 0x6c, 0x61, 0x6e, 0x65, 0x56, 0x61, 0x6c, 0x69, 0x64, // uOrthoPlaneValid
	0x12, 0x00, 0x90, 0x01, 0x01, 0x00, 0x00, 0x00, 0x00, 0x00, 0x11, 0x75, 0x4f, 0x72, 0x74, 0x68, // ...........uOrth
	0x6f, 0x50, 0x6c, 0x61, 0x6e, 0x65, 0x43, 0x65, 0x6e, 0x74, 0x65, 0x72, 0x12, 0x00, 0xa0, 0x01, // oPlaneCenter....
	0x01, 0x00, 0x00, 0x00, 0x00, 0x00, 0x0b, 0x75, 0x4f, 0x72, 0x74, 0x68, 0x6f, 0x52, 0x69, 0x67, // .......uOrthoRig
	0x68, 0x74, 0x12, 0x00, 0xb0, 0x01, 0x01, 0x00, 0x00, 0x00, 0x00, 0x00, 0x08, 0x75, 0x4f, 0x72, // ht...........uOr
	0x74, 0x68, 0x6f, 0x55, 0x70, 0x12, 0x00, 0xc0, 0x01, 0x01, 0x00, 0x00, 0x00, 0x00, 0x00, 0x0f, // thoUp...........
	0x75, 0x47, 0x72, 0x69, 0x64, 0x43, 0x6f, 0x6c, 0x6f, 0x72, 0x4d, 0x61, 0x6a, 0x6f, 0x72, 0x12, // uGridColorMajor.
	0x00, 0xd0, 0x01, 0x01, 0x00, 0x00, 0x00, 0x00, 0x00, 0x0f, 0x75, 0x47, 0x72, 0x69, 0x64, 0x43, // ..........uGridC
	0x6f, 0x6c, 0x6f, 0x72, 0x4d, 0x69, 0x6e, 0x6f, 0x72, 0x12, 0x00, 0xe0, 0x01, 0x01, 0x00, 0x00, // olorMinor.......
	0x00, 0x00, 0x00, 0x0c, 0x75, 0x47, 0x72, 0x69, 0x64, 0x4f, 0x70, 0x61, 0x63, 0x69, 0x74, 0x79, // ....uGridOpacity
	0x12, 0x00, 0xf0, 0x01, 0x01, 0x00, 0x00, 0x00, 0x00, 0x00, 0xdc, 0x1c, 0x00, 0x00, 0x44, 0x58, // ..............DX
	0x42, 0x43, 0x83, 0x30, 0x5d, 0x0e, 0x76, 0x46, 0xb0, 0x2d, 0x19, 0x83, 0xd0, 0x1f, 0x41, 0xce, // BC.0].vF.-....A.
	0xfb, 0x25, 0x01, 0x00, 0x00, 0x00, 0xdc, 0x1c, 0x00, 0x00, 0x03, 0x00, 0x00, 0x00, 0x2c, 0x00, // .%............,.
	0x00, 0x00, 0xb4, 0x00, 0x00, 0x00, 0x08, 0x01, 0x00, 0x00, 0x49, 0x53, 0x47, 0x4e, 0x80, 0x00, // ..........ISGN..
	0x00, 0x00, 0x04, 0x00, 0x00, 0x00, 0x08, 0x00, 0x00, 0x00, 0x68, 0x00, 0x00, 0x00, 0x00, 0x00, // ..........h.....
	0x00, 0x00, 0x01, 0x00, 0x00, 0x00, 0x03, 0x00, 0x00, 0x00, 0x00, 0x00, 0x00, 0x00, 0x0f, 0x00, // ................
	0x00, 0x00, 0x74, 0x00, 0x00, 0x00, 0x02, 0x00, 0x00, 0x00, 0x00, 0x00, 0x00, 0x00, 0x03, 0x00, // ..t.............
	0x00, 0x00, 0x01, 0x00, 0x00, 0x00, 0x03, 0x03, 0x00, 0x00, 0x74, 0x00, 0x00, 0x00, 0x01, 0x00, // ..........t.....
	0x00, 0x00, 0x00, 0x00, 0x00, 0x00, 0x03, 0x00, 0x00, 0x00, 0x02, 0x00, 0x00, 0x00, 0x07, 0x07, // ................
	0x00, 0x00, 0x74, 0x00, 0x00, 0x00, 0x00, 0x00, 0x00, 0x00, 0x00, 0x00, 0x00, 0x00, 0x03, 0x00, // ..t.............
	0x00, 0x00, 0x03, 0x00, 0x00, 0x00, 0x07, 0x07, 0x00, 0x00, 0x53, 0x56, 0x5f, 0x50, 0x4f, 0x53, // ..........SV_POS
	0x49, 0x54, 0x49, 0x4f, 0x4e, 0x00, 0x54, 0x45, 0x58, 0x43, 0x4f, 0x4f, 0x52, 0x44, 0x00, 0xab, // ITION.TEXCOORD..
	0xab, 0xab, 0x4f, 0x53, 0x47, 0x4e, 0x4c, 0x00, 0x00, 0x00, 0x02, 0x00, 0x00, 0x00, 0x08, 0x00, // ..OSGNL.........
	0x00, 0x00, 0x38, 0x00, 0x00, 0x00, 0x00, 0x00, 0x00, 0x00, 0x00, 0x00, 0x00, 0x00, 0x03, 0x00, // ..8.............
	0x00, 0x00, 0x00, 0x00, 0x00, 0x00, 0x0f, 0x00, 0x00, 0x00, 0x42, 0x00, 0x00, 0x00, 0x00, 0x00, // ..........B.....
	0x00, 0x00, 0x00, 0x00, 0x00, 0x00, 0x03, 0x00, 0x00, 0x00, 0xff, 0xff, 0xff, 0xff, 0x01, 0x0e, // ................
	0x00, 0x00, 0x53, 0x56, 0x5f, 0x54, 0x41, 0x52, 0x47, 0x45, 0x54, 0x00, 0x53, 0x56, 0x5f, 0x44, // ..SV_TARGET.SV_D
	0x45, 0x50, 0x54, 0x48, 0x00, 0xab, 0x53, 0x48, 0x44, 0x52, 0xcc, 0x1b, 0x00, 0x00, 0x40, 0x00, // EPTH..SHDR....@.
	0x00, 0x00, 0xf3, 0x06, 0x00, 0x00, 0x59, 0x00, 0x00, 0x04, 0x46, 0x8e, 0x20, 0x00, 0x00, 0x00, // ......Y...F. ...
	0x00, 0x00, 0x21, 0x00, 0x00, 0x00, 0x62, 0x10, 0x00, 0x03, 0x32, 0x10, 0x10, 0x00, 0x01, 0x00, // ..!...b...2.....
	0x00, 0x00, 0x62, 0x10, 0x00, 0x03, 0x72, 0x10, 0x10, 0x00, 0x02, 0x00, 0x00, 0x00, 0x62, 0x10, // ..b...r.......b.
	0x00, 0x03, 0x72, 0x10, 0x10, 0x00, 0x03, 0x00, 0x00, 0x00, 0x65, 0x00, 0x00, 0x03, 0xf2, 0x20, // ..r.......e.... 
	0x10, 0x00, 0x00, 0x00, 0x00, 0x00, 0x65, 0x00, 0x00, 0x02, 0x01, 0xc0, 0x00, 0x00, 0x68, 0x00, // ......e.......h.
	0x00, 0x02, 0x06, 0x00, 0x00, 0x00, 0x31, 0x00, 0x00, 0x08, 0x12, 0x00, 0x10, 0x00, 0x00, 0x00, // ......1.........
	0x00, 0x00, 0x01, 0x40, 0x00, 0x00, 0x00, 0x00, 0x00, 0x3f, 0x0a, 0x80, 0x20, 0x00, 0x00, 0x00, // ...@.....?.. ...
	0x00, 0x00, 0x18, 0x00, 0x00, 0x00, 0x1f, 0x00, 0x04, 0x03, 0x0a, 0x00, 0x10, 0x00, 0x00, 0x00, // ................
	0x00, 0x00, 0x31, 0x00, 0x00, 0x08, 0x22, 0x00, 0x10, 0x00, 0x00, 0x00, 0x00, 0x00, 0x0a, 0x80, // ..1...".........
	0x20, 0x00, 0x00, 0x00, 0x00, 0x00, 0x19, 0x00, 0x00, 0x00, 0x01, 0x40, 0x00, 0x00, 0x00, 0x00, //  ..........@....
	0x00, 0x3f, 0x0d, 0x00, 0x04, 0x03, 0x1a, 0x00, 0x10, 0x00, 0x00, 0x00, 0x00, 0x00, 0x32, 0x00, // .?............2.
	0x00, 0x0b, 0xe2, 0x00, 0x10, 0x00, 0x00, 0x00, 0x00, 0x00, 0x06, 0x89, 0x20, 0x00, 0x00, 0x00, // ............ ...
	0x00, 0x00, 0x1b, 0x00, 0x00, 0x00, 0x06, 0x10, 0x10, 0x00, 0x01, 0x00, 0x00, 0x00, 0x06, 0x89, // ................
	0x20, 0x00, 0x00, 0x00, 0x00, 0x00, 0x1a, 0x00, 0x00, 0x00, 0x32, 0x00, 0x00, 0x0a, 0xe2, 0x00, //  .........2.....
	0x10, 0x00, 0x00, 0x00, 0x00, 0x00, 0x06, 0x89, 0x20, 0x00, 0x00, 0x00, 0x00, 0x00, 0x1c, 0x00, // ........ .......
	0x00, 0x00, 0x56, 0x15, 0x10, 0x00, 0x01, 0x00, 0x00, 0x00, 0x56, 0x0e, 0x10, 0x00, 0x00, 0x00, // ..V.......V.....
	0x00, 0x00, 0x0e, 0x00, 0x00, 0x08, 0x12, 0x00, 0x10, 0x00, 0x01, 0x00, 0x00, 0x00, 0x01, 0x40, // ...............@
	0x00, 0x00, 0x00, 0x00, 0x00, 0x40, 0x0a, 0x80, 0x20, 0x00, 0x00, 0x00, 0x00, 0x00, 0x17, 0x00, // .....@.. .......
	0x00, 0x00, 0x38, 0x00, 0x00, 0x08, 0x72, 0x00, 0x10, 0x00, 0x01, 0x00, 0x00, 0x00, 0x06, 0x00, // ..8...r.........
	0x10, 0x00, 0x01, 0x00, 0x00, 0x00, 0x46, 0x82, 0x20, 0x00, 0x00, 0x00, 0x00, 0x00, 0x1b, 0x00, // ......F. .......
	0x00, 0x00, 0x0e, 0x00, 0x00, 0x08, 0x82, 0x00, 0x10, 0x00, 0x01, 0x00, 0x00, 0x00, 0x01, 0x40, // ...............@
	0x00, 0x00, 0x00, 0x00, 0x00, 0x40, 0x0a, 0x80, 0x20, 0x00, 0x00, 0x00, 0x00, 0x00, 0x16, 0x00, // .....@.. .......
	0x00, 0x00, 0x38, 0x00, 0x00, 0x08, 0x72, 0x00, 0x10, 0x00, 0x02, 0x00, 0x00, 0x00, 0xf6, 0x0f, // ..8...r.........
	0x10, 0x00, 0x01, 0x00, 0x00, 0x00, 0x46, 0x82, 0x20, 0x00, 0x00, 0x00, 0x00, 0x00, 0x1c, 0x00, // ......F. .......
	0x00, 0x00, 0x10, 0x00, 0x00, 0x08, 0x12, 0x00, 0x10, 0x00, 0x03, 0x00, 0x00, 0x00, 0x46, 0x02, // ..............F.
	0x10, 0x00, 0x01, 0x00, 0x00, 0x00, 0x46, 0x82, 0x20, 0x00, 0x00, 0x00, 0x00, 0x00, 0x0b, 0x00, // ......F. .......
	0x00, 0x00, 0x10, 0x00, 0x00, 0x08, 0x22, 0x00, 0x10, 0x00, 0x03, 0x00, 0x00, 0x00, 0x46, 0x02, // ......".......F.
	0x10, 0x00, 0x01, 0x00, 0x00, 0x00, 0x46, 0x82, 0x20, 0x00, 0x00, 0x00, 0x00, 0x00, 0x0c, 0x00, // ......F. .......
	0x00, 0x00, 0x10, 0x00, 0x00, 0x08, 0x12, 0x00, 0x10, 0x00, 0x01, 0x00, 0x00, 0x00, 0x46, 0x02, // ..............F.
	0x10, 0x00, 0x02, 0x00, 0x00, 0x00, 0x46, 0x82, 0x20, 0x00, 0x00, 0x00, 0x00, 0x00, 0x0b, 0x00, // ......F. .......
	0x00, 0x00, 0x10, 0x00, 0x00, 0x08, 0x22, 0x00, 0x10, 0x00, 0x01, 0x00, 0x00, 0x00, 0x46, 0x02, // ......".......F.
	0x10, 0x00, 0x02, 0x00, 0x00, 0x00, 0x46, 0x82, 0x20, 0x00, 0x00, 0x00, 0x00, 0x00, 0x0c, 0x00, // ......F. .......
	0x00, 0x00, 0x00, 0x00, 0x00, 0x09, 0x32, 0x00, 0x10, 0x00, 0x01, 0x00, 0x00, 0x00, 0x46, 0x00, // ......2.......F.
	0x10, 0x80, 0x81, 0x00, 0x00, 0x00, 0x01, 0x00, 0x00, 0x00, 0x46, 0x00, 0x10, 0x80, 0x81, 0x00, // ..........F.....
	0x00, 0x00, 0x03, 0x00, 0x00, 0x00, 0x34, 0x00, 0x00, 0x0a, 0x32, 0x00, 0x10, 0x00, 0x01, 0x00, // ......4...2.....
	0x00, 0x00, 0x46, 0x00, 0x10, 0x00, 0x01, 0x00, 0x00, 0x00, 0x02, 0x40, 0x00, 0x00, 0x77, 0xcc, // ..F........@..w.
	0x2b, 0x32, 0x77, 0xcc, 0x2b, 0x32, 0x00, 0x00, 0x00, 0x00, 0x00, 0x00, 0x00, 0x00, 0x33, 0x00, // +2w.+2........3.
	0x00, 0x0a, 0x32, 0x00, 0x10, 0x00, 0x01, 0x00, 0x00, 0x00, 0x46, 0x00, 0x10, 0x00, 0x01, 0x00, // ..2.......F.....
	0x00, 0x00, 0x02, 0x40, 0x00, 0x00, 0xca, 0xf2, 0x49, 0x71, 0xca, 0xf2, 0x49, 0x71, 0x00, 0x00, // ...@....Iq..Iq..
	0x00, 0x00, 0x00, 0x00, 0x00, 0x00, 0x12, 0x00, 0x00, 0x01, 0x10, 0x00, 0x00, 0x09, 0x42, 0x00, // ..............B.
	0x10, 0x00, 0x01, 0x00, 0x00, 0x00, 0x46, 0x82, 0x20, 0x00, 0x00, 0x00, 0x00, 0x00, 0x0a, 0x00, // ......F. .......
	0x00, 0x00, 0x46, 0x82, 0x20, 0x00, 0x00, 0x00, 0x00, 0x00, 0x0a, 0x00, 0x00, 0x00, 0x44, 0x00, // ..F. .........D.
	0x00, 0x05, 0x42, 0x00, 0x10, 0x00, 0x01, 0x00, 0x00, 0x00, 0x2a, 0x00, 0x10, 0x00, 0x01, 0x00, // ..B.......*.....
	0x00, 0x00, 0x38, 0x00, 0x00, 0x08, 0x72, 0x00, 0x10, 0x00, 0x02, 0x00, 0x00, 0x00, 0xa6, 0x0a, // ..8...r.........
	0x10, 0x00, 0x01, 0x00, 0x00, 0x00, 0x46, 0x82, 0x20, 0x00, 0x00, 0x00, 0x00, 0x00, 0x0a, 0x00, // ......F. .......
	0x00, 0x00, 0x10, 0x00, 0x00, 0x07, 0x42, 0x00, 0x10, 0x00, 0x01, 0x00, 0x00, 0x00, 0x46, 0x12, // ......B.......F.
	0x10, 0x00, 0x02, 0x00, 0x00, 0x00, 0x46, 0x02, 0x10, 0x00, 0x02, 0x00, 0x00, 0x00, 0x10, 0x00, // ......F.........
	0x00, 0x07, 0x82, 0x00, 0x10, 0x00, 0x01, 0x00, 0x00, 0x00, 0x46, 0x12, 0x10, 0x00, 0x03, 0x00, // ..........F.....
	0x00, 0x00, 0x46, 0x02, 0x10, 0x00, 0x02, 0x00, 0x00, 0x00, 0x31, 0x00, 0x00, 0x08, 0x82, 0x00, // ..F.......1.....
	0x10, 0x00, 0x02, 0x00, 0x00, 0x00, 0x01, 0x40, 0x00, 0x00, 0xbd, 0x37, 0x86, 0x35, 0x2a, 0x00, // .......@...7.5*.
	0x10, 0x80, 0x81, 0x00, 0x00, 0x00, 0x01, 0x00, 0x00, 0x00, 0x0e, 0x00, 0x00, 0x08, 0x42, 0x00, // ..............B.
	0x10, 0x00, 0x01, 0x00, 0x00, 0x00, 0x3a, 0x00, 0x10, 0x80, 0x41, 0x00, 0x00, 0x00, 0x01, 0x00, // ......:...A.....
	0x00, 0x00, 0x2a, 0x00, 0x10, 0x00, 0x01, 0x00, 0x00, 0x00, 0x37, 0x00, 0x00, 0x09, 0x42, 0x00, // ..*.......7...B.
	0x10, 0x00, 0x01, 0x00, 0x00, 0x00, 0x3a, 0x00, 0x10, 0x00, 0x02, 0x00, 0x00, 0x00, 0x2a, 0x00, // ......:.......*.
	0x10, 0x00, 0x01, 0x00, 0x00, 0x00, 0x01, 0x40, 0x00, 0x00, 0x00, 0x00, 0x80, 0xbf, 0x32, 0x00, // .......@......2.
	0x00, 0x09, 0xe2, 0x00, 0x10, 0x00, 0x00, 0x00, 0x00, 0x00, 0xa6, 0x0a, 0x10, 0x00, 0x01, 0x00, // ................
	0x00, 0x00, 0x06, 0x19, 0x10, 0x00, 0x02, 0x00, 0x00, 0x00, 0x06, 0x19, 0x10, 0x00, 0x03, 0x00, // ................
	0x00, 0x00, 0x10, 0x00, 0x00, 0x08, 0x12, 0x00, 0x10, 0x00, 0x03, 0x00, 0x00, 0x00, 0x96, 0x07, // ................
	0x10, 0x00, 0x00, 0x00, 0x00, 0x00, 0x46, 0x82, 0x20, 0x00, 0x00, 0x00, 0x00, 0x00, 0x0b, 0x00, // ......F. .......
	0x00, 0x00, 0x10, 0x00, 0x00, 0x08, 0x22, 0x00, 0x10, 0x00, 0x03, 0x00, 0x00, 0x00, 0x96, 0x07, // ......".........
	0x10, 0x00, 0x00, 0x00, 0x00, 0x00, 0x46, 0x82, 0x20, 0x00, 0x00, 0x00, 0x00, 0x00, 0x0c, 0x00, // ......F. .......
	0x00, 0x00, 0x0b, 0x00, 0x00, 0x05, 0xc2, 0x00, 0x10, 0x00, 0x03, 0x00, 0x00, 0x00, 0x06, 0x04, // ................
	0x10, 0x00, 0x03, 0x00, 0x00, 0x00, 0x36, 0x00, 0x00, 0x06, 0x32, 0x00, 0x10, 0x00, 0x03, 0x00, // ......6...2.....
	0x00, 0x00, 0x46, 0x00, 0x10, 0x80, 0x41, 0x00, 0x00, 0x00, 0x03, 0x00, 0x00, 0x00, 0x0c, 0x00, // ..F...A.........
	0x00, 0x05, 0x32, 0x00, 0x10, 0x00, 0x03, 0x00, 0x00, 0x00, 0x46, 0x00, 0x10, 0x00, 0x03, 0x00, // ..2.......F.....
	0x00, 0x00, 0x00, 0x00, 0x00, 0x09, 0x32, 0x00, 0x10, 0x00, 0x03, 0x00, 0x00, 0x00, 0x46, 0x00, // ......2.......F.
	0x10, 0x80, 0x81, 0x00, 0x00, 0x00, 0x03, 0x00, 0x00, 0x00, 0xe6, 0x0a, 0x10, 0x80, 0x81, 0x00, // ................
	0x00, 0x00, 0x03, 0x00, 0x00, 0x00, 0x34, 0x00, 0x00, 0x0a, 0x32, 0x00, 0x10, 0x00, 0x03, 0x00, // ......4...2.....
	0x00, 0x00, 0x46, 0x00, 0x10, 0x00, 0x03, 0x00, 0x00, 0x00, 0x02, 0x40, 0x00, 0x00, 0x77, 0xcc, // ..F........@..w.
	0x2b, 0x32, 0x77, 0xcc, 0x2b, 0x32, 0x00, 0x00, 0x00, 0x00, 0x00, 0x00, 0x00, 0x00, 0x33, 0x00, // +2w.+2........3.
	0x00, 0x0a, 0x32, 0x00, 0x10, 0x00, 0x01, 0x00, 0x00, 0x00, 0x46, 0x00, 0x10, 0x00, 0x03, 0x00, // ..2.......F.....
	0x00, 0x00, 0x02, 0x40, 0x00, 0x00, 0xca, 0xf2, 0x49, 0x71, 0xca, 0xf2, 0x49, 0x71, 0x00, 0x00, // ...@....Iq..Iq..
	0x00, 0x00, 0x00, 0x00, 0x00, 0x00, 0x10, 0x00, 0x00, 0x07, 0x82, 0x00, 0x10, 0x00, 0x01, 0x00, // ................
	0x00, 0x00, 0x46, 0x12, 0x10, 0x00, 0x02, 0x00, 0x00, 0x00, 0x46, 0x12, 0x10, 0x00, 0x02, 0x00, // ..F.......F.....
	0x00, 0x00, 0x44, 0x00, 0x00, 0x05, 0x82, 0x00, 0x10, 0x00, 0x01, 0x00, 0x00, 0x00, 0x3a, 0x00, // ..D...........:.
	0x10, 0x00, 0x01, 0x00, 0x00, 0x00, 0x38, 0x00, 0x00, 0x07, 0x72, 0x00, 0x10, 0x00, 0x03, 0x00, // ......8...r.....
	0x00, 0x00, 0xf6, 0x0f, 0x10, 0x00, 0x01, 0x00, 0x00, 0x00, 0x46, 0x12, 0x10, 0x00, 0x02, 0x00, // ..........F.....
	0x00, 0x00, 0x10, 0x00, 0x00, 0x07, 0x82, 0x00, 0x10, 0x00, 0x01, 0x00, 0x00, 0x00, 0x46, 0x02, // ..............F.
	0x10, 0x00, 0x03, 0x00, 0x00, 0x00, 0x46, 0x02, 0x10, 0x00, 0x02, 0x00, 0x00, 0x00, 0x31, 0x00, // ......F.......1.
	0x00, 0x09, 0x82, 0x00, 0x10, 0x00, 0x01, 0x00, 0x00, 0x00, 0x3a, 0x00, 0x10, 0x80, 0x81, 0x00, // ..........:.....
	0x00, 0x00, 0x01, 0x00, 0x00, 0x00, 0x0a, 0x80, 0x20, 0x00, 0x00, 0x00, 0x00, 0x00, 0x20, 0x00, // ........ ..... .
	0x00, 0x00, 0x0d, 0x00, 0x04, 0x03, 0x3a, 0x00, 0x10, 0x00, 0x01, 0x00, 0x00, 0x00, 0x31, 0x00, // ......:.......1.
	0x00, 0x07, 0x42, 0x00, 0x10, 0x00, 0x01, 0x00, 0x00, 0x00, 0x2a, 0x00, 0x10, 0x00, 0x01, 0x00, // ..B.......*.....
	0x00, 0x00, 0x01, 0x40, 0x00, 0x00, 0x00, 0x00, 0x00, 0x00, 0x0d, 0x00, 0x04, 0x03, 0x2a, 0x00, // ...@..........*.
	0x10, 0x00, 0x01, 0x00, 0x00, 0x00, 0x15, 0x00, 0x00, 0x01, 0x00, 0x00, 0x00, 0x08, 0x72, 0x00, // ..............r.
	0x10, 0x00, 0x02, 0x00, 0x00, 0x00, 0x96, 0x07, 0x10, 0x00, 0x00, 0x00, 0x00, 0x00, 0x46, 0x82, // ..............F.
	0x20, 0x00, 0x00, 0x00, 0x00, 0x00, 0x09, 0x00, 0x00, 0x00, 0x38, 0x00, 0x00, 0x08, 0xc2, 0x00, //  .........8.....
	0x10, 0x00, 0x01, 0x00, 0x00, 0x00, 0x56, 0x05, 0x10, 0x00, 0x02, 0x00, 0x00, 0x00, 0xa6, 0x8e, // ......V.........
	0x20, 0x00, 0x00, 0x00, 0x00, 0x00, 0x01, 0x00, 0x00, 0x00, 0x32, 0x00, 0x00, 0x0a, 0xc2, 0x00, //  .........2.....
	0x10, 0x00, 0x01, 0x00, 0x00, 0x00, 0xa6, 0x8e, 0x20, 0x00, 0x00, 0x00, 0x00, 0x00, 0x00, 0x00, // ........ .......
	0x00, 0x00, 0x06, 0x00, 0x10, 0x00, 0x02, 0x00, 0x00, 0x00, 0xa6, 0x0e, 0x10, 0x00, 0x01, 0x00, // ................
	0x00, 0x00, 0x32, 0x00, 0x00, 0x0a, 0xc2, 0x00, 0x10, 0x00, 0x01, 0x00, 0x00, 0x00, 0xa6, 0x8e, // ..2.............
	0x20, 0x00, 0x00, 0x00, 0x00, 0x00, 0x02, 0x00, 0x00, 0x00, 0xa6, 0x0a, 0x10, 0x00, 0x02, 0x00, //  ...............
	0x00, 0x00, 0xa6, 0x0e, 0x10, 0x00, 0x01, 0x00, 0x00, 0x00, 0x00, 0x00, 0x00, 0x08, 0xc2, 0x00, // ................
	0x10, 0x00, 0x01, 0x00, 0x00, 0x00, 0xa6, 0x0e, 0x10, 0x00, 0x01, 0x00, 0x00, 0x00, 0xa6, 0x8e, // ................
	0x20, 0x00, 0x00, 0x00, 0x00, 0x00, 0x03, 0x00, 0x00, 0x00, 0x0e, 0x00, 0x00, 0x07, 0x42, 0x00, //  .............B.
	0x10, 0x00, 0x01, 0x00, 0x00, 0x00, 0x2a, 0x00, 0x10, 0x00, 0x01, 0x00, 0x00, 0x00, 0x3a, 0x00, // ......*.......:.
	0x10, 0x00, 0x01, 0x00, 0x00, 0x00, 0x31, 0x00, 0x00, 0x07, 0x82, 0x00, 0x10, 0x00, 0x01, 0x00, // ......1.........
	0x00, 0x00, 0x01, 0x40, 0x00, 0x00, 0x00, 0x00, 0x80, 0x3f, 0x2a, 0x00, 0x10, 0x00, 0x01, 0x00, // ...@.....?*.....
	0x00, 0x00, 0x31, 0x00, 0x00, 0x07, 0x82, 0x00, 0x10, 0x00, 0x02, 0x00, 0x00, 0x00, 0x2a, 0x00, // ..1...........*.
	0x10, 0x00, 0x01, 0x00, 0x00, 0x00, 0x01, 0x40, 0x00, 0x00, 0x00, 0x00, 0x00, 0x00, 0x3c, 0x00, // .......@......<.
	0x00, 0x07, 0x82, 0x00, 0x10, 0x00, 0x01, 0x00, 0x00, 0x00, 0x3a, 0x00, 0x10, 0x00, 0x01, 0x00, // ..........:.....
	0x00, 0x00, 0x3a, 0x00, 0x10, 0x00, 0x02, 0x00, 0x00, 0x00, 0x0d, 0x00, 0x04, 0x03, 0x3a, 0x00, // ..:...........:.
	0x10, 0x00, 0x01, 0x00, 0x00, 0x00, 0x31, 0x00, 0x00, 0x08, 0x82, 0x00, 0x10, 0x00, 0x01, 0x00, // ......1.........
	0x00, 0x00, 0x01, 0x40, 0x00, 0x00, 0x00, 0x00, 0x00, 0x3f, 0x0a, 0x80, 0x20, 0x00, 0x00, 0x00, // ...@.....?.. ...
	0x00, 0x00, 0x08, 0x00, 0x00, 0x00, 0x38, 0x00, 0x00, 0x08, 0x22, 0x00, 0x10, 0x00, 0x02, 0x00, // ......8...".....
	0x00, 0x00, 0x1a, 0x00, 0x10, 0x00, 0x02, 0x00, 0x00, 0x00, 0x2a, 0x80, 0x20, 0x00, 0x00, 0x00, // ..........*. ...
	0x00, 0x00, 0x05, 0x00, 0x00, 0x00, 0x32, 0x00, 0x00, 0x0a, 0x12, 0x00, 0x10, 0x00, 0x02, 0x00, // ......2.........
	0x00, 0x00, 0x2a, 0x80, 0x20, 0x00, 0x00, 0x00, 0x00, 0x00, 0x04, 0x00, 0x00, 0x00, 0x0a, 0x00, // ..*. ...........
	0x10, 0x00, 0x02, 0x00, 0x00, 0x00, 0x1a, 0x00, 0x10, 0x00, 0x02, 0x00, 0x00, 0x00, 0x32, 0x00, // ..............2.
	0x00, 0x0a, 0x12, 0x00, 0x10, 0x00, 0x02, 0x00, 0x00, 0x00, 0x2a, 0x80, 0x20, 0x00, 0x00, 0x00, // ..........*. ...
	0x00, 0x00, 0x06, 0x00, 0x00, 0x00, 0x2a, 0x00, 0x10, 0x00, 0x02, 0x00, 0x00, 0x00, 0x0a, 0x00, // ......*.........
	0x10, 0x00, 0x02, 0x00, 0x00, 0x00, 0x00, 0x00, 0x00, 0x08, 0x12, 0x00, 0x10, 0x00, 0x02, 0x00, // ................
	0x00, 0x00, 0x0a, 0x00, 0x10, 0x00, 0x02, 0x00, 0x00, 0x00, 0x2a, 0x80, 0x20, 0x00, 0x00, 0x00, // ..........*. ...
	0x00, 0x00, 0x07, 0x00, 0x00, 0x00, 0x0e, 0x00, 0x00, 0x09, 0x12, 0x00, 0x10, 0x00, 0x02, 0x00, // ................
	0x00, 0x00, 0x0a, 0x00, 0x10, 0x80, 0x41, 0x00, 0x00, 0x00, 0x02, 0x00, 0x00, 0x00, 0x1a, 0x80, // ......A.........
	0x20, 0x00, 0x00, 0x00, 0x00, 0x00, 0x08, 0x00, 0x00, 0x00, 0x34, 0x00, 0x00, 0x07, 0x12, 0x00, //  .........4.....
	0x10, 0x00, 0x02, 0x00, 0x00, 0x00, 0x0a, 0x00, 0x10, 0x00, 0x02, 0x00, 0x00, 0x00, 0x01, 0x40, // ...............@
	0x00, 0x00, 0x00, 0x00, 0x80, 0x3f, 0x2f, 0x00, 0x00, 0x05, 0x12, 0x00, 0x10, 0x00, 0x02, 0x00, // .....?/.........
	0x00, 0x00, 0x0a, 0x00, 0x10, 0x00, 0x02, 0x00, 0x00, 0x00, 0x0e, 0x00, 0x00, 0x09, 0x22, 0x00, // ..............".
	0x10, 0x00, 0x02, 0x00, 0x00, 0x00, 0x2a, 0x80, 0x20, 0x00, 0x00, 0x00, 0x00, 0x00, 0x08, 0x00, // ......*. .......
	0x00, 0x00, 0x1a, 0x80, 0x20, 0x00, 0x00, 0x00, 0x00, 0x00, 0x08, 0x00, 0x00, 0x00, 0x34, 0x00, // .... .........4.
	0x00, 0x07, 0x22, 0x00, 0x10, 0x00, 0x02, 0x00, 0x00, 0x00, 0x1a, 0x00, 0x10, 0x00, 0x02, 0x00, // ..".............
	0x00, 0x00, 0x01, 0x40, 0x00, 0x00, 0x08, 0x00, 0x80, 0x3f, 0x2f, 0x00, 0x00, 0x05, 0x22, 0x00, // ...@.....?/...".
	0x10, 0x00, 0x02, 0x00, 0x00, 0x00, 0x1a, 0x00, 0x10, 0x00, 0x02, 0x00, 0x00, 0x00, 0x0e, 0x00, // ................
	0x00, 0x07, 0x12, 0x00, 0x10, 0x00, 0x02, 0x00, 0x00, 0x00, 0x0a, 0x00, 0x10, 0x00, 0x02, 0x00, // ................
	0x00, 0x00, 0x1a, 0x00, 0x10, 0x00, 0x02, 0x00, 0x00, 0x00, 0x33, 0x00, 0x00, 0x07, 0x12, 0x00, // ..........3.....
	0x10, 0x00, 0x02, 0x00, 0x00, 0x00, 0x0a, 0x00, 0x10, 0x00, 0x02, 0x00, 0x00, 0x00, 0x01, 0x40, // ...............@
	0x00, 0x00, 0x00, 0x00, 0x80, 0x3f, 0x37, 0x00, 0x00, 0x08, 0x01, 0xc0, 0x00, 0x00, 0x3a, 0x00, // .....?7.......:.
	0x10, 0x00, 0x01, 0x00, 0x00, 0x00, 0x0a, 0x00, 0x10, 0x00, 0x02, 0x00, 0x00, 0x00, 0x2a, 0x00, // ..............*.
	0x10, 0x00, 0x01, 0x00, 0x00, 0x00, 0x38, 0x00, 0x00, 0x08, 0x42, 0x00, 0x10, 0x00, 0x01, 0x00, // ......8...B.....
	0x00, 0x00, 0x0a, 0x80, 0x20, 0x00, 0x00, 0x00, 0x00, 0x00, 0x14, 0x00, 0x00, 0x00, 0x01, 0x40, // .... ..........@
	0x00, 0x00, 0xcd, 0xcc, 0xcc, 0x3d, 0x10, 0x00, 0x00, 0x08, 0x82, 0x00, 0x10, 0x00, 0x01, 0x00, // .....=..........
	0x00, 0x00, 0x96, 0x07, 0x10, 0x00, 0x00, 0x00, 0x00, 0x00, 0x46, 0x82, 0x20, 0x00, 0x00, 0x00, // ..........F. ...
	0x00, 0x00, 0x0b, 0x00, 0x00, 0x00, 0x10, 0x00, 0x00, 0x08, 0x22, 0x00, 0x10, 0x00, 0x00, 0x00, // ..........".....
	0x00, 0x00, 0x96, 0x07, 0x10, 0x00, 0x00, 0x00, 0x00, 0x00, 0x46, 0x82, 0x20, 0x00, 0x00, 0x00, // ..........F. ...
	0x00, 0x00, 0x0c, 0x00, 0x00, 0x00, 0x0e, 0x00, 0x00, 0x08, 0xc2, 0x00, 0x10, 0x00, 0x00, 0x00, // ................
	0x00, 0x00, 0x06, 0x80, 0x20, 0x00, 0x00, 0x00, 0x00, 0x00, 0x14, 0x00, 0x00, 0x00, 0x06, 0x04, // .... ...........
	0x10, 0x00, 0x01, 0x00, 0x00, 0x00, 0x0e, 0x20, 0x00, 0x0a, 0x32, 0x00, 0x10, 0x00, 0x02, 0x00, // ....... ..2.....
	0x00, 0x00, 0x02, 0x40, 0x00, 0x00, 0x00, 0x00, 0x40, 0x40, 0x00, 0x00, 0x40, 0x40, 0x00, 0x00, // ...@....@@..@@..
	0x00, 0x00, 0x00, 0x00, 0x00, 0x00, 0xe6, 0x0a, 0x10, 0x00, 0x00, 0x00, 0x00, 0x00, 0x31, 0x00, // ..............1.
	0x00, 0x0a, 0xc2, 0x00, 0x10, 0x00, 0x02, 0x00, 0x00, 0x00, 0x02, 0x40, 0x00, 0x00, 0x00, 0x00, // ...........@....
	0x00, 0x00, 0x00, 0x00, 0x00, 0x00, 0x00, 0x00, 0x00, 0x40, 0x00, 0x00, 0x00, 0x40, 0xa6, 0x0e, // .........@...@..
	0x10, 0x00, 0x00, 0x00, 0x00, 0x00, 0x0e, 0x00, 0x00, 0x08, 0x12, 0x00, 0x10, 0x00, 0x03, 0x00, // ................
	0x00, 0x00, 0x3a, 0x00, 0x10, 0x00, 0x01, 0x00, 0x00, 0x00, 0x0a, 0x80, 0x20, 0x00, 0x00, 0x00, // ..:......... ...
	0x00, 0x00, 0x14, 0x00, 0x00, 0x00, 0x00, 0x00, 0x00, 0x07, 0x12, 0x00, 0x10, 0x00, 0x03, 0x00, // ................
	0x00, 0x00, 0x0a, 0x00, 0x10, 0x00, 0x03, 0x00, 0x00, 0x00, 0x01, 0x40, 0x00, 0x00, 0x00, 0x00, // ...........@....
	0x00, 0x3f, 0x41, 0x00, 0x00, 0x05, 0x12, 0x00, 0x10, 0x00, 0x03, 0x00, 0x00, 0x00, 0x0a, 0x00, // .?A.............
	0x10, 0x00, 0x03, 0x00, 0x00, 0x00, 0x32, 0x00, 0x00, 0x0b, 0x12, 0x00, 0x10, 0x00, 0x03, 0x00, // ......2.........
	0x00, 0x00, 0x0a, 0x00, 0x10, 0x80, 0x41, 0x00, 0x00, 0x00, 0x03, 0x00, 0x00, 0x00, 0x0a, 0x80, // ......A.........
	0x20, 0x00, 0x00, 0x00, 0x00, 0x00, 0x14, 0x00, 0x00, 0x00, 0x3a, 0x00, 0x10, 0x00, 0x01, 0x00, //  .........:.....
	0x00, 0x00, 0x00, 0x00, 0x00, 0x07, 0x62, 0x00, 0x10, 0x00, 0x03, 0x00, 0x00, 0x00, 0x06, 0x01, // ......b.........
	0x10, 0x00, 0x01, 0x00, 0x00, 0x00, 0x06, 0x01, 0x10, 0x00, 0x01, 0x00, 0x00, 0x00, 0x32, 0x00, // ..............2.
	0x00, 0x0b, 0x12, 0x00, 0x10, 0x00, 0x03, 0x00, 0x00, 0x00, 0x0a, 0x00, 0x10, 0x80, 0x41, 0x00, // ..............A.
	0x00, 0x00, 0x01, 0x00, 0x00, 0x00, 0x01, 0x40, 0x00, 0x00, 0x00, 0x00, 0x00, 0x3f, 0x0a, 0x00, // .......@.....?..
	0x10, 0x80, 0x81, 0x00, 0x00, 0x00, 0x03, 0x00, 0x00, 0x00, 0x0e, 0x00, 0x00, 0x0a, 0x62, 0x00, // ..............b.
	0x10, 0x00, 0x03, 0x00, 0x00, 0x00, 0x02, 0x40, 0x00, 0x00, 0x00, 0x00, 0x80, 0x3f, 0x00, 0x00, // .......@.....?..
	0x80, 0x3f, 0x00, 0x00, 0x80, 0x3f, 0x00, 0x00, 0x80, 0x3f, 0x56, 0x06, 0x10, 0x00, 0x03, 0x00, // .?...?...?V.....
	0x00, 0x00, 0x38, 0x20, 0x00, 0x07, 0x12, 0x00, 0x10, 0x00, 0x03, 0x00, 0x00, 0x00, 0x1a, 0x00, // ..8 ............
	0x10, 0x00, 0x03, 0x00, 0x00, 0x00, 0x0a, 0x00, 0x10, 0x00, 0x03, 0x00, 0x00, 0x00, 0x32, 0x00, // ..............2.
	0x00, 0x09, 0x82, 0x00, 0x10, 0x00, 0x03, 0x00, 0x00, 0x00, 0x0a, 0x00, 0x10, 0x00, 0x03, 0x00, // ................
	0x00, 0x00, 0x01, 0x40, 0x00, 0x00, 0x00, 0x00, 0x00, 0xc0, 0x01, 0x40, 0x00, 0x00, 0x00, 0x00, // ...@.......@....
	0x40, 0x40, 0x38, 0x00, 0x00, 0x07, 0x12, 0x00, 0x10, 0x00, 0x03, 0x00, 0x00, 0x00, 0x0a, 0x00, // @@8.............
	0x10, 0x00, 0x03, 0x00, 0x00, 0x00, 0x0a, 0x00, 0x10, 0x00, 0x03, 0x00, 0x00, 0x00, 0x32, 0x00, // ..............2.
	0x00, 0x0a, 0x12, 0x00, 0x10, 0x00, 0x03, 0x00, 0x00, 0x00, 0x3a, 0x00, 0x10, 0x80, 0x41, 0x00, // ..........:...A.
	0x00, 0x00, 0x03, 0x00, 0x00, 0x00, 0x0a, 0x00, 0x10, 0x00, 0x03, 0x00, 0x00, 0x00, 0x01, 0x40, // ...............@
	0x00, 0x00, 0x00, 0x00, 0x80, 0x3f, 0x00, 0x00, 0x00, 0x0a, 0xc2, 0x00, 0x10, 0x00, 0x00, 0x00, // .....?..........
	0x00, 0x00, 0xa6, 0x0e, 0x10, 0x00, 0x00, 0x00, 0x00, 0x00, 0x02, 0x40, 0x00, 0x00, 0x00, 0x00, // ...........@....
	0x00, 0x00, 0x00, 0x00, 0x00, 0x00, 0x00, 0x00, 0x00, 0xc0, 0x00, 0x00, 0x00, 0xc0, 0x38, 0x20, // ..............8 
	0x00, 0x0a, 0xc2, 0x00, 0x10, 0x00, 0x00, 0x00, 0x00, 0x00, 0xa6, 0x0e, 0x10, 0x00, 0x00, 0x00, // ................
	0x00, 0x00, 0x02, 0x40, 0x00, 0x00, 0x00, 0x00, 0x00, 0x00, 0x00, 0x00, 0x00, 0x00, 0x00, 0x00, // ...@............
	0x00, 0x3f, 0x00, 0x00, 0x00, 0x3f, 0x32, 0x00, 0x00, 0x0f, 0x32, 0x00, 0x10, 0x00, 0x04, 0x00, // .?...?2...2.....
	0x00, 0x00, 0xe6, 0x0a, 0x10, 0x00, 0x00, 0x00, 0x00, 0x00, 0x02, 0x40, 0x00, 0x00, 0x00, 0x00, // ...........@....
	0x00, 0xc0, 0x00, 0x00, 0x00, 0xc0, 0x00, 0x00, 0x00, 0x00, 0x00, 0x00, 0x00, 0x00, 0x02, 0x40, // ...............@
	0x00, 0x00, 0x00, 0x00, 0x40, 0x40, 0x00, 0x00, 0x40, 0x40, 0x00, 0x00, 0x00, 0x00, 0x00, 0x00, // ....@@..@@......
	0x00, 0x00, 0x38, 0x00, 0x00, 0x07, 0xc2, 0x00, 0x10, 0x00, 0x00, 0x00, 0x00, 0x00, 0xa6, 0x0e, // ..8.............
	0x10, 0x00, 0x00, 0x00, 0x00, 0x00, 0xa6, 0x0e, 0x10, 0x00, 0x00, 0x00, 0x00, 0x00, 0x38, 0x00, // ..............8.
	0x00, 0x07, 0xc2, 0x00, 0x10, 0x00, 0x00, 0x00, 0x00, 0x00, 0xa6, 0x0e, 0x10, 0x00, 0x00, 0x00, // ................
	0x00, 0x00, 0x06, 0x04, 0x10, 0x00, 0x04, 0x00, 0x00, 0x00, 0x00, 0x00, 0x00, 0x08, 0x12, 0x00, // ................
	0x10, 0x00, 0x03, 0x00, 0x00, 0x00, 0x0a, 0x00, 0x10, 0x80, 0x41, 0x00, 0x00, 0x00, 0x02, 0x00, // ..........A.....
	0x00, 0x00, 0x0a, 0x00, 0x10, 0x00, 0x03, 0x00, 0x00, 0x00, 0x32, 0x00, 0x00, 0x09, 0x42, 0x00, // ..........2...B.
	0x10, 0x00, 0x00, 0x00, 0x00, 0x00, 0x2a, 0x00, 0x10, 0x00, 0x00, 0x00, 0x00, 0x00, 0x0a, 0x00, // ......*.........
	0x10, 0x00, 0x03, 0x00, 0x00, 0x00, 0x0a, 0x00, 0x10, 0x00, 0x02, 0x00, 0x00, 0x00, 0x37, 0x00, // ..............7.
	0x00, 0x09, 0x42, 0x00, 0x10, 0x00, 0x00, 0x00, 0x00, 0x00, 0x2a, 0x00, 0x10, 0x00, 0x02, 0x00, // ..B.......*.....
	0x00, 0x00, 0x2a, 0x00, 0x10, 0x00, 0x00, 0x00, 0x00, 0x00, 0x0a, 0x00, 0x10, 0x00, 0x02, 0x00, // ..*.............
	0x00, 0x00, 0x0e, 0x00, 0x00, 0x08, 0x12, 0x00, 0x10, 0x00, 0x02, 0x00, 0x00, 0x00, 0x1a, 0x00, // ................
	0x10, 0x00, 0x00, 0x00, 0x00, 0x00, 0x0a, 0x80, 0x20, 0x00, 0x00, 0x00, 0x00, 0x00, 0x14, 0x00, // ........ .......
	0x00, 0x00, 0x00, 0x00, 0x00, 0x07, 0x12, 0x00, 0x10, 0x00, 0x02, 0x00, 0x00, 0x00, 0x0a, 0x00, // ................
	0x10, 0x00, 0x02, 0x00, 0x00, 0x00, 0x01, 0x40, 0x00, 0x00, 0x00, 0x00, 0x00, 0x3f, 0x41, 0x00, // .......@.....?A.
	0x00, 0x05, 0x12, 0x00, 0x10, 0x00, 0x02, 0x00, 0x00, 0x00, 0x0a, 0x00, 0x10, 0x00, 0x02, 0x00, // ................
	0x00, 0x00, 0x32, 0x00, 0x00, 0x0b, 0x12, 0x00, 0x10, 0x00, 0x02, 0x00, 0x00, 0x00, 0x0a, 0x00, // ..2.............
	0x10, 0x80, 0x41, 0x00, 0x00, 0x00, 0x02, 0x00, 0x00, 0x00, 0x0a, 0x80, 0x20, 0x00, 0x00, 0x00, // ..A......... ...
	0x00, 0x00, 0x14, 0x00, 0x00, 0x00, 0x1a, 0x00, 0x10, 0x00, 0x00, 0x00, 0x00, 0x00, 0x32, 0x00, // ..............2.
	0x00, 0x0b, 0x12, 0x00, 0x10, 0x00, 0x02, 0x00, 0x00, 0x00, 0x1a, 0x00, 0x10, 0x80, 0x41, 0x00, // ..............A.
	0x00, 0x00, 0x01, 0x00, 0x00, 0x00, 0x01, 0x40, 0x00, 0x00, 0x00, 0x00, 0x00, 0x3f, 0x0a, 0x00, // .......@.....?..
	0x10, 0x80, 0x81, 0x00, 0x00, 0x00, 0x02, 0x00, 0x00, 0x00, 0x38, 0x20, 0x00, 0x07, 0x12, 0x00, // ..........8 ....
	0x10, 0x00, 0x02, 0x00, 0x00, 0x00, 0x2a, 0x00, 0x10, 0x00, 0x03, 0x00, 0x00, 0x00, 0x0a, 0x00, // ......*.........
	0x10, 0x00, 0x02, 0x00, 0x00, 0x00, 0x32, 0x00, 0x00, 0x09, 0x42, 0x00, 0x10, 0x00, 0x02, 0x00, // ......2...B.....
	0x00, 0x00, 0x0a, 0x00, 0x10, 0x00, 0x02, 0x00, 0x00, 0x00, 0x01, 0x40, 0x00, 0x00, 0x00, 0x00, // ...........@....
	0x00, 0xc0, 0x01, 0x40, 0x00, 0x00, 0x00, 0x00, 0x40, 0x40, 0x38, 0x00, 0x00, 0x07, 0x12, 0x00, // ...@....@@8.....
	0x10, 0x00, 0x02, 0x00, 0x00, 0x00, 0x0a, 0x00, 0x10, 0x00, 0x02, 0x00, 0x00, 0x00, 0x0a, 0x00, // ................
	0x10, 0x00, 0x02, 0x00, 0x00, 0x00, 0x32, 0x00, 0x00, 0x0a, 0x12, 0x00, 0x10, 0x00, 0x02, 0x00, // ......2.........
	0x00, 0x00, 0x2a, 0x00, 0x10, 0x80, 0x41, 0x00, 0x00, 0x00, 0x02, 0x00, 0x00, 0x00, 0x0a, 0x00, // ..*...A.........
	0x10, 0x00, 0x02, 0x00, 0x00, 0x00, 0x01, 0x40, 0x00, 0x00, 0x00, 0x00, 0x80, 0x3f, 0x00, 0x00, // .......@.....?..
	0x00, 0x08, 0x12, 0x00, 0x10, 0x00, 0x02, 0x00, 0x00, 0x00, 0x1a, 0x00, 0x10, 0x80, 0x41, 0x00, // ..............A.
	0x00, 0x00, 0x02, 0x00, 0x00, 0x00, 0x0a, 0x00, 0x10, 0x00, 0x02, 0x00, 0x00, 0x00, 0x32, 0x00, // ..............2.
	0x00, 0x09, 0x82, 0x00, 0x10, 0x00, 0x00, 0x00, 0x00, 0x00, 0x3a, 0x00, 0x10, 0x00, 0x00, 0x00, // ..........:.....
	0x00, 0x00, 0x0a, 0x00, 0x10, 0x00, 0x02, 0x00, 0x00, 0x00, 0x1a, 0x00, 0x10, 0x00, 0x02, 0x00, // ................
	0x00, 0x00, 0x37, 0x00, 0x00, 0x09, 0x82, 0x00, 0x10, 0x00, 0x00, 0x00, 0x00, 0x00, 0x3a, 0x00, // ..7...........:.
	0x10, 0x00, 0x02, 0x00, 0x00, 0x00, 0x3a, 0x00, 0x10, 0x00, 0x00, 0x00, 0x00, 0x00, 0x1a, 0x00, // ......:.........
	0x10, 0x00, 0x02, 0x00, 0x00, 0x00, 0x0e, 0x00, 0x00, 0x07, 0x32, 0x00, 0x10, 0x00, 0x02, 0x00, // ..........2.....
	0x00, 0x00, 0xa6, 0x0a, 0x10, 0x00, 0x01, 0x00, 0x00, 0x00, 0x46, 0x00, 0x10, 0x00, 0x01, 0x00, // ..........F.....
	0x00, 0x00, 0x0e, 0x20, 0x00, 0x0a, 0xc2, 0x00, 0x10, 0x00, 0x02, 0x00, 0x00, 0x00, 0x02, 0x40, // ... ...........@
	0x00, 0x00, 0x00, 0x00, 0x00, 0x00, 0x00, 0x00, 0x00, 0x00, 0xcd, 0xcc, 0xcc, 0x3f, 0xcd, 0xcc, // .............?..
	0xcc, 0x3f, 0x06, 0x04, 0x10, 0x00, 0x02, 0x00, 0x00, 0x00, 0x31, 0x00, 0x00, 0x0a, 0x92, 0x00, // .?........1.....
	0x10, 0x00, 0x03, 0x00, 0x00, 0x00, 0x02, 0x40, 0x00, 0x00, 0x00, 0x00, 0xa0, 0x3f, 0x00, 0x00, // .......@.....?..
	0x00, 0x00, 0x00, 0x00, 0x00, 0x00, 0x00, 0x00, 0xa0, 0x3f, 0x06, 0x04, 0x10, 0x00, 0x02, 0x00, // .........?......
	0x00, 0x00, 0x0e, 0x00, 0x00, 0x07, 0x12, 0x00, 0x10, 0x00, 0x04, 0x00, 0x00, 0x00, 0x3a, 0x00, // ..............:.
	0x10, 0x00, 0x01, 0x00, 0x00, 0x00, 0x2a, 0x00, 0x10, 0x00, 0x01, 0x00, 0x00, 0x00, 0x00, 0x00, // ......*.........
	0x00, 0x07, 0x12, 0x00, 0x10, 0x00, 0x04, 0x00, 0x00, 0x00, 0x0a, 0x00, 0x10, 0x00, 0x04, 0x00, // ................
	0x00, 0x00, 0x01, 0x40, 0x00, 0x00, 0x00, 0x00, 0x00, 0x3f, 0x41, 0x00, 0x00, 0x05, 0x12, 0x00, // ...@.....?A.....
	0x10, 0x00, 0x04, 0x00, 0x00, 0x00, 0x0a, 0x00, 0x10, 0x00, 0x04, 0x00, 0x00, 0x00, 0x32, 0x00, // ..............2.
	0x00, 0x0a, 0x12, 0x00, 0x10, 0x00, 0x04, 0x00, 0x00, 0x00, 0x0a, 0x00, 0x10, 0x80, 0x41, 0x00, // ..............A.
	0x00, 0x00, 0x04, 0x00, 0x00, 0x00, 0x2a, 0x00, 0x10, 0x00, 0x01, 0x00, 0x00, 0x00, 0x3a, 0x00, // ......*.......:.
	0x10, 0x00, 0x01, 0x00, 0x00, 0x00, 0x32, 0x00, 0x00, 0x0b, 0x12, 0x00, 0x10, 0x00, 0x04, 0x00, // ......2.........
	0x00, 0x00, 0x0a, 0x00, 0x10, 0x80, 0x41, 0x00, 0x00, 0x00, 0x01, 0x00, 0x00, 0x00, 0x01, 0x40, // ......A........@
	0x00, 0x00, 0xcc, 0xcc, 0x4c, 0xbe, 0x0a, 0x00, 0x10, 0x80, 0x81, 0x00, 0x00, 0x00, 0x04, 0x00, // ....L...........
	0x00, 0x00, 0x38, 0x20, 0x00, 0x07, 0x12, 0x00, 0x10, 0x00, 0x04, 0x00, 0x00, 0x00, 0x1a, 0x00, // ..8 ............
	0x10, 0x00, 0x03, 0x00, 0x00, 0x00, 0x0a, 0x00, 0x10, 0x00, 0x04, 0x00, 0x00, 0x00, 0x32, 0x00, // ..............2.
	0x00, 0x09, 0x22, 0x00, 0x10, 0x00, 0x04, 0x00, 0x00, 0x00, 0x0a, 0x00, 0x10, 0x00, 0x04, 0x00, // ..".............
	0x00, 0x00, 0x01, 0x40, 0x00, 0x00, 0x00, 0x00, 0x00, 0xc0, 0x01, 0x40, 0x00, 0x00, 0x00, 0x00, // ...@.......@....
	0x40, 0x40, 0x38, 0x00, 0x00, 0x07, 0x12, 0x00, 0x10, 0x00, 0x04, 0x00, 0x00, 0x00, 0x0a, 0x00, // @@8.............
	0x10, 0x00, 0x04, 0x00, 0x00, 0x00, 0x0a, 0x00, 0x10, 0x00, 0x04, 0x00, 0x00, 0x00, 0x32, 0x00, // ..............2.
	0x00, 0x0a, 0x12, 0x00, 0x10, 0x00, 0x04, 0x00, 0x00, 0x00, 0x1a, 0x00, 0x10, 0x80, 0x41, 0x00, // ..............A.
	0x00, 0x00, 0x04, 0x00, 0x00, 0x00, 0x0a, 0x00, 0x10, 0x00, 0x04, 0x00, 0x00, 0x00, 0x01, 0x40, // ...............@
	0x00, 0x00, 0x00, 0x00, 0x80, 0x3f, 0x00, 0x00, 0x00, 0x0a, 0x32, 0x00, 0x10, 0x00, 0x02, 0x00, // .....?....2.....
	0x00, 0x00, 0x46, 0x00, 0x10, 0x00, 0x02, 0x00, 0x00, 0x00, 0x02, 0x40, 0x00, 0x00, 0x00, 0x00, // ..F........@....
	0xa0, 0xbf, 0x00, 0x00, 0xa0, 0xbf, 0x00, 0x00, 0x00, 0x00, 0x00, 0x00, 0x00, 0x00, 0x38, 0x20, // ..............8 
	0x00, 0x0a, 0x32, 0x00, 0x10, 0x00, 0x02, 0x00, 0x00, 0x00, 0x46, 0x00, 0x10, 0x00, 0x02, 0x00, // ..2.......F.....
	0x00, 0x00, 0x02, 0x40, 0x00, 0x00, 0xcd, 0xcc, 0x4c, 0x3f, 0xcd, 0xcc, 0x4c, 0x3f, 0x00, 0x00, // ...@....L?..L?..
	0x00, 0x00, 0x00, 0x00, 0x00, 0x00, 0x32, 0x00, 0x00, 0x0f, 0x62, 0x00, 0x10, 0x00, 0x04, 0x00, // ......2...b.....
	0x00, 0x00, 0x06, 0x01, 0x10, 0x00, 0x02, 0x00, 0x00, 0x00, 0x02, 0x40, 0x00, 0x00, 0x00, 0x00, // ...........@....
	0x00, 0x00, 0x00, 0x00, 0x00, 0xc0, 0x00, 0x00, 0x00, 0xc0, 0x00, 0x00, 0x00, 0x00, 0x02, 0x40, // ...............@
	0x00, 0x00, 0x00, 0x00, 0x00, 0x00, 0x00, 0x00, 0x40, 0x40, 0x00, 0x00, 0x40, 0x40, 0x00, 0x00, // ........@@..@@..
	0x00, 0x00, 0x38, 0x00, 0x00, 0x07, 0x32, 0x00, 0x10, 0x00, 0x02, 0x00, 0x00, 0x00, 0x46, 0x00, // ..8...2.......F.
	0x10, 0x00, 0x02, 0x00, 0x00, 0x00, 0x46, 0x00, 0x10, 0x00, 0x02, 0x00, 0x00, 0x00, 0x38, 0x00, // ......F.......8.
	0x00, 0x07, 0x32, 0x00, 0x10, 0x00, 0x02, 0x00, 0x00, 0x00, 0x46, 0x00, 0x10, 0x00, 0x02, 0x00, // ..2.......F.....
	0x00, 0x00, 0x96, 0x05, 0x10, 0x00, 0x04, 0x00, 0x00, 0x00, 0x00, 0x00, 0x00, 0x08, 0x12, 0x00, // ................
	0x10, 0x00, 0x04, 0x00, 0x00, 0x00, 0x2a, 0x00, 0x10, 0x80, 0x41, 0x00, 0x00, 0x00, 0x02, 0x00, // ......*...A.....
	0x00, 0x00, 0x0a, 0x00, 0x10, 0x00, 0x04, 0x00, 0x00, 0x00, 0x32, 0x00, 0x00, 0x09, 0x12, 0x00, // ..........2.....
	0x10, 0x00, 0x02, 0x00, 0x00, 0x00, 0x0a, 0x00, 0x10, 0x00, 0x02, 0x00, 0x00, 0x00, 0x0a, 0x00, // ................
	0x10, 0x00, 0x04, 0x00, 0x00, 0x00, 0x2a, 0x00, 0x10, 0x00, 0x02, 0x00, 0x00, 0x00, 0x37, 0x00, // ......*.......7.
	0x00, 0x09, 0x12, 0x00, 0x10, 0x00, 0x02, 0x00, 0x00, 0x00, 0x0a, 0x00, 0x10, 0x00, 0x03, 0x00, // ................
	0x00, 0x00, 0x0a, 0x00, 0x10, 0x00, 0x02, 0x00, 0x00, 0x00, 0x2a, 0x00, 0x10, 0x00, 0x02, 0x00, // ..........*.....
	0x00, 0x00, 0x0e, 0x00, 0x00, 0x07, 0x42, 0x00, 0x10, 0x00, 0x02, 0x00, 0x00, 0x00, 0x1a, 0x00, // ......B.........
	0x10, 0x00, 0x00, 0x00, 0x00, 0x00, 0x2a, 0x00, 0x10, 0x00, 0x01, 0x00, 0x00, 0x00, 0x00, 0x00, // ......*.........
	0x00, 0x07, 0x42, 0x00, 0x10, 0x00, 0x02, 0x00, 0x00, 0x00, 0x2a, 0x00, 0x10, 0x00, 0x02, 0x00, // ..B.......*.....
	0x00, 0x00, 0x01, 0x40, 0x00, 0x00, 0x00, 0x00, 0x00, 0x3f, 0x41, 0x00, 0x00, 0x05, 0x42, 0x00, // ...@.....?A...B.
	0x10, 0x00, 0x02, 0x00, 0x00, 0x00, 0x2a, 0x00, 0x10, 0x00, 0x02, 0x00, 0x00, 0x00, 0x32, 0x00, // ......*.......2.
	0x00, 0x0a, 0x42, 0x00, 0x10, 0x00, 0x01, 0x00, 0x00, 0x00, 0x2a, 0x00, 0x10, 0x80, 0x41, 0x00, // ..B.......*...A.
	0x00, 0x00, 0x02, 0x00, 0x00, 0x00, 0x2a, 0x00, 0x10, 0x00, 0x01, 0x00, 0x00, 0x00, 0x1a, 0x00, // ......*.........
	0x10, 0x00, 0x00, 0x00, 0x00, 0x00, 0x32, 0x00, 0x00, 0x0b, 0x42, 0x00, 0x10, 0x00, 0x01, 0x00, // ......2...B.....
	0x00, 0x00, 0x1a, 0x00, 0x10, 0x80, 0x41, 0x00, 0x00, 0x00, 0x01, 0x00, 0x00, 0x00, 0x01, 0x40, // ......A........@
	0x00, 0x00, 0xcc, 0xcc, 0x4c, 0xbe, 0x2a, 0x00, 0x10, 0x80, 0x81, 0x00, 0x00, 0x00, 0x01, 0x00, // ....L.*.........
	0x00, 0x00, 0x38, 0x20, 0x00, 0x07, 0x42, 0x00, 0x10, 0x00, 0x01, 0x00, 0x00, 0x00, 0x2a, 0x00, // ..8 ..B.......*.
	0x10, 0x00, 0x03, 0x00, 0x00, 0x00, 0x2a, 0x00, 0x10, 0x00, 0x01, 0x00, 0x00, 0x00, 0x32, 0x00, // ......*.......2.
	0x00, 0x09, 0x42, 0x00, 0x10, 0x00, 0x02, 0x00, 0x00, 0x00, 0x2a, 0x00, 0x10, 0x00, 0x01, 0x00, // ..B.......*.....
	0x00, 0x00, 0x01, 0x40, 0x00, 0x00, 0x00, 0x00, 0x00, 0xc0, 0x01, 0x40, 0x00, 0x00, 0x00, 0x00, // ...@.......@....
	0x40, 0x40, 0x38, 0x00, 0x00, 0x07, 0x42, 0x00, 0x10, 0x00, 0x01, 0x00, 0x00, 0x00, 0x2a, 0x00, // @@8...B.......*.
	0x10, 0x00, 0x01, 0x00, 0x00, 0x00, 0x2a, 0x00, 0x10, 0x00, 0x01, 0x00, 0x00, 0x00, 0x32, 0x00, // ......*.......2.
	0x00, 0x0a, 0x42, 0x00, 0x10, 0x00, 0x01, 0x00, 0x00, 0x00, 0x2a, 0x00, 0x10, 0x80, 0x41, 0x00, // ..B.......*...A.
	0x00, 0x00, 0x02, 0x00, 0x00, 0x00, 0x2a, 0x00, 0x10, 0x00, 0x01, 0x00, 0x00, 0x00, 0x01, 0x40, // ......*........@
	0x00, 0x00, 0x00, 0x00, 0x80, 0x3f, 0x00, 0x00, 0x00, 0x08, 0x42, 0x00, 0x10, 0x00, 0x01, 0x00, // .....?....B.....
	0x00, 0x00, 0x3a, 0x00, 0x10, 0x80, 0x41, 0x00, 0x00, 0x00, 0x02, 0x00, 0x00, 0x00, 0x2a, 0x00, // ..:...A.......*.
	0x10, 0x00, 0x01, 0x00, 0x00, 0x00, 0x32, 0x00, 0x00, 0x09, 0x42, 0x00, 0x10, 0x00, 0x01, 0x00, // ......2...B.....
	0x00, 0x00, 0x1a, 0x00, 0x10, 0x00, 0x02, 0x00, 0x00, 0x00, 0x2a, 0x00, 0x10, 0x00, 0x01, 0x00, // ..........*.....
	0x00, 0x00, 0x3a, 0x00, 0x10, 0x00, 0x02, 0x00, 0x00, 0x00, 0x37, 0x00, 0x00, 0x09, 0x42, 0x00, // ..:.......7...B.
	0x10, 0x00, 0x01, 0x00, 0x00, 0x00, 0x3a, 0x00, 0x10, 0x00, 0x03, 0x00, 0x00, 0x00, 0x2a, 0x00, // ......:.......*.
	0x10, 0x00, 0x01, 0x00, 0x00, 0x00, 0x3a, 0x00, 0x10, 0x00, 0x02, 0x00, 0x00, 0x00, 0x34, 0x00, // ......:.......4.
	0x00, 0x07, 0x42, 0x00, 0x10, 0x00, 0x00, 0x00, 0x00, 0x00, 0x3a, 0x00, 0x10, 0x00, 0x00, 0x00, // ..B.......:.....
	0x00, 0x00, 0x2a, 0x00, 0x10, 0x00, 0x00, 0x00, 0x00, 0x00, 0x34, 0x00, 0x00, 0x07, 0x82, 0x00, // ..*.......4.....
	0x10, 0x00, 0x00, 0x00, 0x00, 0x00, 0x2a, 0x00, 0x10, 0x00, 0x01, 0x00, 0x00, 0x00, 0x0a, 0x00, // ......*.........
	0x10, 0x00, 0x02, 0x00, 0x00, 0x00, 0x1f, 0x00, 0x04, 0x03, 0x0a, 0x00, 0x10, 0x00, 0x00, 0x00, // ................
	0x00, 0x00, 0x31, 0x00, 0x00, 0x0b, 0x32, 0x00, 0x10, 0x00, 0x02, 0x00, 0x00, 0x00, 0x02, 0x40, // ..1...2........@
	0x00, 0x00, 0x00, 0x00, 0x00, 0x3f, 0x00, 0x00, 0x00, 0x3f, 0x00, 0x00, 0x00, 0x00, 0x00, 0x00, // .....?...?......
	0x00, 0x00, 0x46, 0x80, 0x20, 0x00, 0x00, 0x00, 0x00, 0x00, 0x15, 0x00, 0x00, 0x00, 0x0f, 0x00, // ..F. ...........
	0x00, 0x08, 0x12, 0x00, 0x10, 0x00, 0x00, 0x00, 0x00, 0x00, 0x46, 0x80, 0x20, 0x00, 0x00, 0x00, // ..........F. ...
	0x00, 0x00, 0x12, 0x00, 0x00, 0x00, 0x46, 0x10, 0x10, 0x00, 0x01, 0x00, 0x00, 0x00, 0x00, 0x00, // ......F.........
	0x00, 0x08, 0x12, 0x00, 0x10, 0x00, 0x00, 0x00, 0x00, 0x00, 0x0a, 0x00, 0x10, 0x00, 0x00, 0x00, // ................
	0x00, 0x00, 0x2a, 0x80, 0x20, 0x00, 0x00, 0x00, 0x00, 0x00, 0x12, 0x00, 0x00, 0x00, 0x00, 0x00, // ..*. ...........
	0x00, 0x09, 0xc2, 0x00, 0x10, 0x00, 0x02, 0x00, 0x00, 0x00, 0x06, 0x84, 0x20, 0x00, 0x00, 0x00, // ............ ...
	0x00, 0x00, 0x12, 0x00, 0x00, 0x00, 0x06, 0x84, 0x20, 0x00, 0x00, 0x00, 0x00, 0x00, 0x12, 0x00, // ........ .......
	0x00, 0x00, 0x0e, 0x00, 0x00, 0x08, 0x12, 0x00, 0x10, 0x00, 0x04, 0x00, 0x00, 0x00, 0x2a, 0x00, // ..............*.
	0x10, 0x00, 0x02, 0x00, 0x00, 0x00, 0x0a, 0x80, 0x20, 0x00, 0x00, 0x00, 0x00, 0x00, 0x17, 0x00, // ........ .......
	0x00, 0x00, 0x0e, 0x00, 0x00, 0x08, 0x22, 0x00, 0x10, 0x00, 0x04, 0x00, 0x00, 0x00, 0x3a, 0x00, // ......".......:.
	0x10, 0x00, 0x02, 0x00, 0x00, 0x00, 0x0a, 0x80, 0x20, 0x00, 0x00, 0x00, 0x00, 0x00, 0x16, 0x00, // ........ .......
	0x00, 0x00, 0x0f, 0x00, 0x00, 0x07, 0x42, 0x00, 0x10, 0x00, 0x01, 0x00, 0x00, 0x00, 0x46, 0x00, // ......B.......F.
	0x10, 0x00, 0x04, 0x00, 0x00, 0x00, 0x46, 0x00, 0x10, 0x00, 0x04, 0x00, 0x00, 0x00, 0x4b, 0x00, // ......F.......K.
	0x00, 0x05, 0x42, 0x00, 0x10, 0x00, 0x01, 0x00, 0x00, 0x00, 0x2a, 0x00, 0x10, 0x00, 0x01, 0x00, // ..B.......*.....
	0x00, 0x00, 0x34, 0x00, 0x00, 0x07, 0x42, 0x00, 0x10, 0x00, 0x01, 0x00, 0x00, 0x00, 0x2a, 0x00, // ..4...B.......*.
	0x10, 0x00, 0x01, 0x00, 0x00, 0x00, 0x01, 0x40, 0x00, 0x00, 0x08, 0xe5, 0x3c, 0x1e, 0x0e, 0x00, // .......@....<...
	0x00, 0x08, 0x12, 0x00, 0x10, 0x00, 0x00, 0x00, 0x00, 0x00, 0x0a, 0x00, 0x10, 0x80, 0x81, 0x00, // ................
	0x00, 0x00, 0x00, 0x00, 0x00, 0x00, 0x2a, 0x00, 0x10, 0x00, 0x01, 0x00, 0x00, 0x00, 0x00, 0x00, // ......*.........
	0x00, 0x07, 0x12, 0x00, 0x10, 0x00, 0x00, 0x00, 0x00, 0x00, 0x0a, 0x00, 0x10, 0x00, 0x00, 0x00, // ................
	0x00, 0x00, 0x01, 0x40, 0x00, 0x00, 0x00, 0x00, 0xc0, 0xbf, 0x38, 0x20, 0x00, 0x07, 0x12, 0x00, // ...@......8 ....
	0x10, 0x00, 0x00, 0x00, 0x00, 0x00, 0x0a, 0x00, 0x10, 0x00, 0x00, 0x00, 0x00, 0x00, 0x01, 0x40, // ...............@
	0x00, 0x00, 0x00, 0x00, 0x00, 0x3f, 0x32, 0x00, 0x00, 0x09, 0x42, 0x00, 0x10, 0x00, 0x01, 0x00, // .....?2...B.....
	0x00, 0x00, 0x0a, 0x00, 0x10, 0x00, 0x00, 0x00, 0x00, 0x00, 0x01, 0x40, 0x00, 0x00, 0x00, 0x00, // ...........@....
	0x00, 0xc0, 0x01, 0x40, 0x00, 0x00, 0x00, 0x00, 0x40, 0x40, 0x38, 0x00, 0x00, 0x07, 0x12, 0x00, // ...@....@@8.....
	0x10, 0x00, 0x00, 0x00, 0x00, 0x00, 0x0a, 0x00, 0x10, 0x00, 0x00, 0x00, 0x00, 0x00, 0x0a, 0x00, // ................
	0x10, 0x00, 0x00, 0x00, 0x00, 0x00, 0x32, 0x00, 0x00, 0x0a, 0x12, 0x00, 0x10, 0x00, 0x00, 0x00, // ......2.........
	0x00, 0x00, 0x2a, 0x00, 0x10, 0x80, 0x41, 0x00, 0x00, 0x00, 0x01, 0x00, 0x00, 0x00, 0x0a, 0x00, // ..*...A.........
	0x10, 0x00, 0x00, 0x00, 0x00, 0x00, 0x01, 0x40, 0x00, 0x00, 0x00, 0x00, 0x80, 0x3f, 0x01, 0x00, // .......@.....?..
	0x00, 0x07, 0x12, 0x00, 0x10, 0x00, 0x04, 0x00, 0x00, 0x00, 0x0a, 0x00, 0x10, 0x00, 0x00, 0x00, // ................
	0x00, 0x00, 0x0a, 0x00, 0x10, 0x00, 0x02, 0x00, 0x00, 0x00, 0x0f, 0x00, 0x00, 0x08, 0x12, 0x00, // ................
	0x10, 0x00, 0x00, 0x00, 0x00, 0x00, 0x46, 0x80, 0x20, 0x00, 0x00, 0x00, 0x00, 0x00, 0x13, 0x00, // ......F. .......
	0x00, 0x00, 0x46, 0x10, 0x10, 0x00, 0x01, 0x00, 0x00, 0x00, 0x00, 0x00, 0x00, 0x08, 0x12, 0x00, // ..F.............
	0x10, 0x00, 0x00, 0x00, 0x00, 0x00, 0x0a, 0x00, 0x10, 0x00, 0x00, 0x00, 0x00, 0x00, 0x2a, 0x80, // ..............*.
	0x20, 0x00, 0x00, 0x00, 0x00, 0x00, 0x13, 0x00, 0x00, 0x00, 0x00, 0x00, 0x00, 0x09, 0x52, 0x00, //  .............R.
	0x10, 0x00, 0x02, 0x00, 0x00, 0x00, 0x06, 0x81, 0x20, 0x00, 0x00, 0x00, 0x00, 0x00, 0x13, 0x00, // ........ .......
	0x00, 0x00, 0x06, 0x81, 0x20, 0x00, 0x00, 0x00, 0x00, 0x00, 0x13, 0x00, 0x00, 0x00, 0x0e, 0x00, // .... ...........
	0x00, 0x08, 0x12, 0x00, 0x10, 0x00, 0x05, 0x00, 0x00, 0x00, 0x0a, 0x00, 0x10, 0x00, 0x02, 0x00, // ................
	0x00, 0x00, 0x0a, 0x80, 0x20, 0x00, 0x00, 0x00, 0x00, 0x00, 0x17, 0x00, 0x00, 0x00, 0x0e, 0x00, // .... ...........
	0x00, 0x08, 0x22, 0x00, 0x10, 0x00, 0x05, 0x00, 0x00, 0x00, 0x2a, 0x00, 0x10, 0x00, 0x02, 0x00, // ..".......*.....
	0x00, 0x00, 0x0a, 0x80, 0x20, 0x00, 0x00, 0x00, 0x00, 0x00, 0x16, 0x00, 0x00, 0x00, 0x0f, 0x00, // .... ...........
	0x00, 0x07, 0x42, 0x00, 0x10, 0x00, 0x01, 0x00, 0x00, 0x00, 0x46, 0x00, 0x10, 0x00, 0x05, 0x00, // ..B.......F.....
	0x00, 0x00, 0x46, 0x00, 0x10, 0x00, 0x05, 0x00, 0x00, 0x00, 0x4b, 0x00, 0x00, 0x05, 0x42, 0x00, // ..F.......K...B.
	0x10, 0x00, 0x01, 0x00, 0x00, 0x00, 0x2a, 0x00, 0x10, 0x00, 0x01, 0x00, 0x00, 0x00, 0x34, 0x00, // ......*.......4.
	0x00, 0x07, 0x42, 0x00, 0x10, 0x00, 0x01, 0x00, 0x00, 0x00, 0x2a, 0x00, 0x10, 0x00, 0x01, 0x00, // ..B.......*.....
	0x00, 0x00, 0x01, 0x40, 0x00, 0x00, 0x08, 0xe5, 0x3c, 0x1e, 0x0e, 0x00, 0x00, 0x08, 0x12, 0x00, // ...@....<.......
	0x10, 0x00, 0x00, 0x00, 0x00, 0x00, 0x0a, 0x00, 0x10, 0x80, 0x81, 0x00, 0x00, 0x00, 0x00, 0x00, // ................
	0x00, 0x00, 0x2a, 0x00, 0x10, 0x00, 0x01, 0x00, 0x00, 0x00, 0x00, 0x00, 0x00, 0x07, 0x12, 0x00, // ..*.............
	0x10, 0x00, 0x00, 0x00, 0x00, 0x00, 0x0a, 0x00, 0x10, 0x00, 0x00, 0x00, 0x00, 0x00, 0x01, 0x40, // ...............@
	0x00, 0x00, 0x00, 0x00, 0xc0, 0xbf, 0x38, 0x20, 0x00, 0x07, 0x12, 0x00, 0x10, 0x00, 0x00, 0x00, // ......8 ........
	0x00, 0x00, 0x0a, 0x00, 0x10, 0x00, 0x00, 0x00, 0x00, 0x00, 0x01, 0x40, 0x00, 0x00, 0x00, 0x00, // ...........@....
	0x00, 0x3f, 0x32, 0x00, 0x00, 0x09, 0x42, 0x00, 0x10, 0x00, 0x01, 0x00, 0x00, 0x00, 0x0a, 0x00, // .?2...B.........
	0x10, 0x00, 0x00, 0x00, 0x00, 0x00, 0x01, 0x40, 0x00, 0x00, 0x00, 0x00, 0x00, 0xc0, 0x01, 0x40, // .......@.......@
	0x00, 0x00, 0x00, 0x00, 0x40, 0x40, 0x38, 0x00, 0x00, 0x07, 0x12, 0x00, 0x10, 0x00, 0x00, 0x00, // ....@@8.........
	0x00, 0x00, 0x0a, 0x00, 0x10, 0x00, 0x00, 0x00, 0x00, 0x00, 0x0a, 0x00, 0x10, 0x00, 0x00, 0x00, // ................
	0x00, 0x00, 0x32, 0x00, 0x00, 0x0a, 0x12, 0x00, 0x10, 0x00, 0x00, 0x00, 0x00, 0x00, 0x2a, 0x00, // ..2...........*.
	0x10, 0x80, 0x41, 0x00, 0x00, 0x00, 0x01, 0x00, 0x00, 0x00, 0x0a, 0x00, 0x10, 0x00, 0x00, 0x00, // ..A.............
	0x00, 0x00, 0x01, 0x40, 0x00, 0x00, 0x00, 0x00, 0x80, 0x3f, 0x01, 0x00, 0x00, 0x07, 0x22, 0x00, // ...@.....?....".
	0x10, 0x00, 0x04, 0x00, 0x00, 0x00, 0x0a, 0x00, 0x10, 0x00, 0x00, 0x00, 0x00, 0x00, 0x1a, 0x00, // ................
	0x10, 0x00, 0x02, 0x00, 0x00, 0x00, 0x12, 0x00, 0x00, 0x01, 0x31, 0x00, 0x00, 0x0b, 0x32, 0x00, // ..........1...2.
	0x10, 0x00, 0x02, 0x00, 0x00, 0x00, 0x02, 0x40, 0x00, 0x00, 0x00, 0x00, 0x00, 0x3f, 0x00, 0x00, // .......@.....?..
	0x00, 0x3f, 0x00, 0x00, 0x00, 0x00, 0x00, 0x00, 0x00, 0x00, 0x46, 0x80, 0x20, 0x00, 0x00, 0x00, // .?........F. ...
	0x00, 0x00, 0x15, 0x00, 0x00, 0x00, 0x00, 0x00, 0x00, 0x09, 0x12, 0x00, 0x10, 0x00, 0x00, 0x00, // ................
	0x00, 0x00, 0x1a, 0x00, 0x10, 0x00, 0x00, 0x00, 0x00, 0x00, 0x1a, 0x80, 0x20, 0x80, 0x41, 0x00, // ............ .A.
	0x00, 0x00, 0x00, 0x00, 0x00, 0x00, 0x11, 0x00, 0x00, 0x00, 0x32, 0x00, 0x00, 0x0b, 0x12, 0x00, // ..........2.....
	0x10, 0x00, 0x00, 0x00, 0x00, 0x00, 0x1a, 0x00, 0x10, 0x80, 0x41, 0x00, 0x00, 0x00, 0x01, 0x00, // ..........A.....
	0x00, 0x00, 0x01, 0x40, 0x00, 0x00, 0x00, 0x00, 0xc0, 0x3f, 0x0a, 0x00, 0x10, 0x80, 0x81, 0x00, // ...@.....?......
	0x00, 0x00, 0x00, 0x00, 0x00, 0x00, 0x38, 0x20, 0x00, 0x07, 0x12, 0x00, 0x10, 0x00, 0x00, 0x00, // ......8 ........
	0x00, 0x00, 0x2a, 0x00, 0x10, 0x00, 0x03, 0x00, 0x00, 0x00, 0x0a, 0x00, 0x10, 0x00, 0x00, 0x00, // ..*.............
	0x00, 0x00, 0x32, 0x00, 0x00, 0x09, 0x22, 0x00, 0x10, 0x00, 0x00, 0x00, 0x00, 0x00, 0x0a, 0x00, // ..2...".........
	0x10, 0x00, 0x00, 0x00, 0x00, 0x00, 0x01, 0x40, 0x00, 0x00, 0x00, 0x00, 0x00, 0xc0, 0x01, 0x40, // .......@.......@
	0x00, 0x00, 0x00, 0x00, 0x40, 0x40, 0x38, 0x00, 0x00, 0x07, 0x12, 0x00, 0x10, 0x00, 0x00, 0x00, // ....@@8.........
	0x00, 0x00, 0x0a, 0x00, 0x10, 0x00, 0x00, 0x00, 0x00, 0x00, 0x0a, 0x00, 0x10, 0x00, 0x00, 0x00, // ................
	0x00, 0x00, 0x32, 0x00, 0x00, 0x0a, 0x12, 0x00, 0x10, 0x00, 0x00, 0x00, 0x00, 0x00, 0x1a, 0x00, // ..2.............
	0x10, 0x80, 0x41, 0x00, 0x00, 0x00, 0x00, 0x00, 0x00, 0x00, 0x0a, 0x00, 0x10, 0x00, 0x00, 0x00, // ..A.............
	0x00, 0x00, 0x01, 0x40, 0x00, 0x00, 0x00, 0x00, 0x80, 0x3f, 0x01, 0x00, 0x00, 0x07, 0x12, 0x00, // ...@.....?......
	0x10, 0x00, 0x04, 0x00, 0x00, 0x00, 0x0a, 0x00, 0x10, 0x00, 0x00, 0x00, 0x00, 0x00, 0x0a, 0x00, // ................
	0x10, 0x00, 0x02, 0x00, 0x00, 0x00, 0x00, 0x00, 0x00, 0x09, 0x12, 0x00, 0x10, 0x00, 0x00, 0x00, // ................
	0x00, 0x00, 0x3a, 0x00, 0x10, 0x00, 0x01, 0x00, 0x00, 0x00, 0x0a, 0x80, 0x20, 0x80, 0x41, 0x00, // ..:......... .A.
	0x00, 0x00, 0x00, 0x00, 0x00, 0x00, 0x11, 0x00, 0x00, 0x00, 0x32, 0x00, 0x00, 0x0b, 0x12, 0x00, // ..........2.....
	0x10, 0x00, 0x00, 0x00, 0x00, 0x00, 0x0a, 0x00, 0x10, 0x80, 0x41, 0x00, 0x00, 0x00, 0x01, 0x00, // ..........A.....
	0x00, 0x00, 0x01, 0x40, 0x00, 0x00, 0x00, 0x00, 0xc0, 0x3f, 0x0a, 0x00, 0x10, 0x80, 0x81, 0x00, // ...@.....?......
	0x00, 0x00, 0x00, 0x00, 0x00, 0x00, 0x38, 0x20, 0x00, 0x07, 0x12, 0x00, 0x10, 0x00, 0x00, 0x00, // ......8 ........
	0x00, 0x00, 0x1a, 0x00, 0x10, 0x00, 0x03, 0x00, 0x00, 0x00, 0x0a, 0x00, 0x10, 0x00, 0x00, 0x00, // ................
	0x00, 0x00, 0x32, 0x00, 0x00, 0x09, 0x22, 0x00, 0x10, 0x00, 0x00, 0x00, 0x00, 0x00, 0x0a, 0x00, // ..2...".........
	0x10, 0x00, 0x00, 0x00, 0x00, 0x00, 0x01, 0x40, 0x00, 0x00, 0x00, 0x00, 0x00, 0xc0, 0x01, 0x40, // .......@.......@
	0x00, 0x00, 0x00, 0x00, 0x40, 0x40, 0x38, 0x00, 0x00, 0x07, 0x12, 0x00, 0x10, 0x00, 0x00, 0x00, // ....@@8.........
	0x00, 0x00, 0x0a, 0x00, 0x10, 0x00, 0x00, 0x00, 0x00, 0x00, 0x0a, 0x00, 0x10, 0x00, 0x00, 0x00, // ................
	0x00, 0x00, 0x32, 0x00, 0x00, 0x0a, 0x12, 0x00, 0x10, 0x00, 0x00, 0x00, 0x00, 0x00, 0x1a, 0x00, // ..2.............
	0x10, 0x80, 0x41, 0x00, 0x00, 0x00, 0x00, 0x00, 0x00, 0x00, 0x0a, 0x00, 0x10, 0x00, 0x00, 0x00, // ..A.............
	0x00, 0x00, 0x01, 0x40, 0x00, 0x00, 0x00, 0x00, 0x80, 0x3f, 0x01, 0x00, 0x00, 0x07, 0x22, 0x00, // ...@.....?....".
	0x10, 0x00, 0x04, 0x00, 0x00, 0x00, 0x0a, 0x00, 0x10, 0x00, 0x00, 0x00, 0x00, 0x00, 0x1a, 0x00, // ................
	0x10, 0x00, 0x02, 0x00, 0x00, 0x00, 0x15, 0x00, 0x00, 0x01, 0x31, 0x00, 0x00, 0x08, 0x12, 0x00, // ..........1.....
	0x10, 0x00, 0x00, 0x00, 0x00, 0x00, 0x01, 0x40, 0x00, 0x00, 0x00, 0x00, 0x00, 0x3f, 0x0a, 0x80, // .......@.....?..
	0x20, 0x00, 0x00, 0x00, 0x00, 0x00, 0x0f, 0x00, 0x00, 0x00, 0x0f, 0x00, 0x00, 0x08, 0x22, 0x00, //  .............".
	0x10, 0x00, 0x00, 0x00, 0x00, 0x00, 0x46, 0x80, 0x20, 0x00, 0x00, 0x00, 0x00, 0x00, 0x10, 0x00, // ......F. .......
	0x00, 0x00, 0x46, 0x10, 0x10, 0x00, 0x01, 0x00, 0x00, 0x00, 0x00, 0x00, 0x00, 0x08, 0x22, 0x00, // ..F...........".
	0x10, 0x00, 0x00, 0x00, 0x00, 0x00, 0x1a, 0x00, 0x10, 0x00, 0x00, 0x00, 0x00, 0x00, 0x2a, 0x80, // ..............*.
	0x20, 0x00, 0x00, 0x00, 0x00, 0x00, 0x10, 0x00, 0x00, 0x00, 0x00, 0x00, 0x00, 0x09, 0x32, 0x00, //  .............2.
	0x10, 0x00, 0x01, 0x00, 0x00, 0x00, 0x46, 0x80, 0x20, 0x00, 0x00, 0x00, 0x00, 0x00, 0x10, 0x00, // ......F. .......
	0x00, 0x00, 0x46, 0x80, 0x20, 0x00, 0x00, 0x00, 0x00, 0x00, 0x10, 0x00, 0x00, 0x00, 0x0e, 0x00, // ..F. ...........
	0x00, 0x08, 0x12, 0x00, 0x10, 0x00, 0x02, 0x00, 0x00, 0x00, 0x0a, 0x00, 0x10, 0x00, 0x01, 0x00, // ................
	0x00, 0x00, 0x0a, 0x80, 0x20, 0x00, 0x00, 0x00, 0x00, 0x00, 0x17, 0x00, 0x00, 0x00, 0x0e, 0x00, // .... ...........
	0x00, 0x08, 0x22, 0x00, 0x10, 0x00, 0x02, 0x00, 0x00, 0x00, 0x1a, 0x00, 0x10, 0x00, 0x01, 0x00, // ..".............
	0x00, 0x00, 0x0a, 0x80, 0x20, 0x00, 0x00, 0x00, 0x00, 0x00, 0x16, 0x00, 0x00, 0x00, 0x0f, 0x00, // .... ...........
	0x00, 0x07, 0x12, 0x00, 0x10, 0x00, 0x01, 0x00, 0x00, 0x00, 0x46, 0x00, 0x10, 0x00, 0x02, 0x00, // ..........F.....
	0x00, 0x00, 0x46, 0x00, 0x10, 0x00, 0x02, 0x00, 0x00, 0x00, 0x4b, 0x00, 0x00, 0x05, 0x12, 0x00, // ..F.......K.....
	0x10, 0x00, 0x01, 0x00, 0x00, 0x00, 0x0a, 0x00, 0x10, 0x00, 0x01, 0x00, 0x00, 0x00, 0x34, 0x00, // ..............4.
	0x00, 0x07, 0x12, 0x00, 0x10, 0x00, 0x01, 0x00, 0x00, 0x00, 0x0a, 0x00, 0x10, 0x00, 0x01, 0x00, // ................
	0x00, 0x00, 0x01, 0x40, 0x00, 0x00, 0x08, 0xe5, 0x3c, 0x1e, 0x0e, 0x00, 0x00, 0x08, 0x22, 0x00, // ...@....<.....".
	0x10, 0x00, 0x00, 0x00, 0x00, 0x00, 0x1a, 0x00, 0x10, 0x80, 0x81, 0x00, 0x00, 0x00, 0x00, 0x00, // ................
	0x00, 0x00, 0x0a, 0x00, 0x10, 0x00, 0x01, 0x00, 0x00, 0x00, 0x00, 0x00, 0x00, 0x07, 0x22, 0x00, // ..............".
	0x10, 0x00, 0x00, 0x00, 0x00, 0x00, 0x1a, 0x00, 0x10, 0x00, 0x00, 0x00, 0x00, 0x00, 0x01, 0x40, // ...............@
	0x00, 0x00, 0x00, 0x00, 0xc0, 0xbf, 0x38, 0x20, 0x00, 0x07, 0x22, 0x00, 0x10, 0x00, 0x00, 0x00, // ......8 ..".....
	0x00, 0x00, 0x1a, 0x00, 0x10, 0x00, 0x00, 0x00, 0x00, 0x00, 0x01, 0x40, 0x00, 0x00, 0x00, 0x00, // ...........@....
	0x00, 0x3f, 0x32, 0x00, 0x00, 0x09, 0x12, 0x00, 0x10, 0x00, 0x01, 0x00, 0x00, 0x00, 0x1a, 0x00, // .?2.............
	0x10, 0x00, 0x00, 0x00, 0x00, 0x00, 0x01, 0x40, 0x00, 0x00, 0x00, 0x00, 0x00, 0xc0, 0x01, 0x40, // .......@.......@
	0x00, 0x00, 0x00, 0x00, 0x40, 0x40, 0x38, 0x00, 0x00, 0x07, 0x22, 0x00, 0x10, 0x00, 0x00, 0x00, // ....@@8...".....
	0x00, 0x00, 0x1a, 0x00, 0x10, 0x00, 0x00, 0x00, 0x00, 0x00, 0x1a, 0x00, 0x10, 0x00, 0x00, 0x00, // ................
	0x00, 0x00, 0x32, 0x00, 0x00, 0x0a, 0x22, 0x00, 0x10, 0x00, 0x00, 0x00, 0x00, 0x00, 0x0a, 0x00, // ..2...".........
	0x10, 0x80, 0x41, 0x00, 0x00, 0x00, 0x01, 0x00, 0x00, 0x00, 0x1a, 0x00, 0x10, 0x00, 0x00, 0x00, // ..A.............
	0x00, 0x00, 0x01, 0x40, 0x00, 0x00, 0x00, 0x00, 0x80, 0x3f, 0x01, 0x00, 0x00, 0x07, 0x12, 0x00, // ...@.....?......
	0x10, 0x00, 0x00, 0x00, 0x00, 0x00, 0x1a, 0x00, 0x10, 0x00, 0x00, 0x00, 0x00, 0x00, 0x0a, 0x00, // ................
	0x10, 0x00, 0x00, 0x00, 0x00, 0x00, 0x38, 0x00, 0x00, 0x07, 0x22, 0x00, 0x10, 0x00, 0x00, 0x00, // ......8...".....
	0x00, 0x00, 0x3a, 0x00, 0x10, 0x00, 0x00, 0x00, 0x00, 0x00, 0x01, 0x40, 0x00, 0x00, 0xcd, 0xcc, // ..:........@....
	0x4c, 0x3e, 0x38, 0x00, 0x00, 0x07, 0x82, 0x00, 0x10, 0x00, 0x00, 0x00, 0x00, 0x00, 0x2a, 0x00, // L>8...........*.
	0x10, 0x00, 0x00, 0x00, 0x00, 0x00, 0x01, 0x40, 0x00, 0x00, 0x00, 0x00, 0x00, 0x3f, 0x34, 0x00, // .......@.....?4.
	0x00, 0x07, 0x22, 0x00, 0x10, 0x00, 0x00, 0x00, 0x00, 0x00, 0x3a, 0x00, 0x10, 0x00, 0x00, 0x00, // ..".......:.....
	0x00, 0x00, 0x1a, 0x00, 0x10, 0x00, 0x00, 0x00, 0x00, 0x00, 0x34, 0x00, 0x00, 0x07, 0x82, 0x00, // ..........4.....
	0x10, 0x00, 0x00, 0x00, 0x00, 0x00, 0x1a, 0x00, 0x10, 0x00, 0x04, 0x00, 0x00, 0x00, 0x0a, 0x00, // ................
	0x10, 0x00, 0x04, 0x00, 0x00, 0x00, 0x34, 0x00, 0x00, 0x07, 0x82, 0x00, 0x10, 0x00, 0x00, 0x00, // ......4.........
	0x00, 0x00, 0x0a, 0x00, 0x10, 0x00, 0x00, 0x00, 0x00, 0x00, 0x3a, 0x00, 0x10, 0x00, 0x00, 0x00, // ..........:.....
	0x00, 0x00, 0x38, 0x00, 0x00, 0x07, 0x82, 0x00, 0x10, 0x00, 0x00, 0x00, 0x00, 0x00, 0x3a, 0x00, // ..8...........:.
	0x10, 0x00, 0x00, 0x00, 0x00, 0x00, 0x01, 0x40, 0x00, 0x00, 0xcd, 0xcc, 0x4c, 0x3f, 0x34, 0x00, // .......@....L?4.
	0x00, 0x07, 0x22, 0x00, 0x10, 0x00, 0x00, 0x00, 0x00, 0x00, 0x3a, 0x00, 0x10, 0x00, 0x00, 0x00, // ..".......:.....
	0x00, 0x00, 0x1a, 0x00, 0x10, 0x00, 0x00, 0x00, 0x00, 0x00, 0x38, 0x00, 0x00, 0x08, 0x22, 0x00, // ..........8...".
	0x10, 0x00, 0x00, 0x00, 0x00, 0x00, 0x1a, 0x00, 0x10, 0x00, 0x00, 0x00, 0x00, 0x00, 0x0a, 0x80, // ................
	0x20, 0x00, 0x00, 0x00, 0x00, 0x00, 0x1f, 0x00, 0x00, 0x00, 0x1d, 0x00, 0x00, 0x07, 0x82, 0x00, //  ...............
	0x10, 0x00, 0x00, 0x00, 0x00, 0x00, 0x01, 0x40, 0x00, 0x00, 0x00, 0x00, 0x00, 0x00, 0x1a, 0x00, // .......@........
	0x10, 0x00, 0x00, 0x00, 0x00, 0x00, 0x0d, 0x00, 0x04, 0x03, 0x3a, 0x00, 0x10, 0x00, 0x00, 0x00, // ..........:.....
	0x00, 0x00, 0x00, 0x00, 0x00, 0x0a, 0x72, 0x00, 0x10, 0x00, 0x01, 0x00, 0x00, 0x00, 0x46, 0x82, // ......r.......F.
	0x20, 0x00, 0x00, 0x00, 0x00, 0x00, 0x1d, 0x00, 0x00, 0x00, 0x46, 0x82, 0x20, 0x80, 0x41, 0x00, //  .........F. .A.
	0x00, 0x00, 0x00, 0x00, 0x00, 0x00, 0x1e, 0x00, 0x00, 0x00, 0x32, 0x00, 0x00, 0x0a, 0x72, 0x00, // ..........2...r.
	0x10, 0x00, 0x01, 0x00, 0x00, 0x00, 0xa6, 0x0a, 0x10, 0x00, 0x00, 0x00, 0x00, 0x00, 0x46, 0x02, // ..............F.
	0x10, 0x00, 0x01, 0x00, 0x00, 0x00, 0x46, 0x82, 0x20, 0x00, 0x00, 0x00, 0x00, 0x00, 0x1e, 0x00, // ......F. .......
	0x00, 0x00, 0x00, 0x00, 0x00, 0x09, 0x72, 0x00, 0x10, 0x00, 0x02, 0x00, 0x00, 0x00, 0x46, 0x02, // ......r.......F.
	0x10, 0x80, 0x41, 0x00, 0x00, 0x00, 0x01, 0x00, 0x00, 0x00, 0x46, 0x82, 0x20, 0x00, 0x00, 0x00, // ..A.......F. ...
	0x00, 0x00, 0x0d, 0x00, 0x00, 0x00, 0x32, 0x00, 0x00, 0x09, 0x72, 0x00, 0x10, 0x00, 0x01, 0x00, // ......2...r.....
	0x00, 0x00, 0x06, 0x00, 0x10, 0x00, 0x04, 0x00, 0x00, 0x00, 0x46, 0x02, 0x10, 0x00, 0x02, 0x00, // ..........F.....
	0x00, 0x00, 0x46, 0x02, 0x10, 0x00, 0x01, 0x00, 0x00, 0x00, 0x00, 0x00, 0x00, 0x09, 0x72, 0x00, // ..F...........r.
	0x10, 0x00, 0x02, 0x00, 0x00, 0x00, 0x46, 0x02, 0x10, 0x80, 0x41, 0x00, 0x00, 0x00, 0x01, 0x00, // ......F...A.....
	0x00, 0x00, 0x46, 0x82, 0x20, 0x00, 0x00, 0x00, 0x00, 0x00, 0x0e, 0x00, 0x00, 0x00, 0x32, 0x00, // ..F. .........2.
	0x00, 0x09, 0x72, 0x00, 0x10, 0x00, 0x01, 0x00, 0x00, 0x00, 0x56, 0x05, 0x10, 0x00, 0x04, 0x00, // ..r.......V.....
	0x00, 0x00, 0x46, 0x02, 0x10, 0x00, 0x02, 0x00, 0x00, 0x00, 0x46, 0x02, 0x10, 0x00, 0x01, 0x00, // ..F.......F.....
	0x00, 0x00, 0x00, 0x00, 0x00, 0x0b, 0x72, 0x00, 0x10, 0x00, 0x02, 0x00, 0x00, 0x00, 0x46, 0x02, // ......r.......F.
	0x10, 0x80, 0x41, 0x00, 0x00, 0x00, 0x01, 0x00, 0x00, 0x00, 0x02, 0x40, 0x00, 0x00, 0x00, 0x00, // ..A........@....
	0x80, 0x3f, 0x9a, 0x99, 0x59, 0x3f, 0xcd, 0xcc, 0xcc, 0x3d, 0x00, 0x00, 0x00, 0x00, 0x32, 0x00, // .?..Y?...=....2.
	0x00, 0x09, 0x72, 0x20, 0x10, 0x00, 0x00, 0x00, 0x00, 0x00, 0x06, 0x00, 0x10, 0x00, 0x00, 0x00, // ..r ............
	0x00, 0x00, 0x46, 0x02, 0x10, 0x00, 0x02, 0x00, 0x00, 0x00, 0x46, 0x02, 0x10, 0x00, 0x01, 0x00, // ..F.......F.....
	0x00, 0x00, 0x36, 0x00, 0x00, 0x05, 0x82, 0x20, 0x10, 0x00, 0x00, 0x00, 0x00, 0x00, 0x1a, 0x00, // ..6.... ........
	0x10, 0x00, 0x00, 0x00, 0x00, 0x00, 0x3e, 0x00, 0x00, 0x01, 0x00, 0x00, 0x10, 0x02,             // ......>.......
};

static const uint8_t frag_dx12[8018] =
{
	0x46, 0x53, 0x48, 0x0b, 0x6d, 0xa5, 0xfb, 0x9b, 0x00, 0x00, 0x00, 0x00, 0x1a, 0x00, 0x09, 0x75, // FSH.m..........u
	0x56, 0x69, 0x65, 0x77, 0x50, 0x72, 0x6f, 0x6a, 0x14, 0x00, 0x00, 0x00, 0x04, 0x00, 0x00, 0x00, // ViewProj........
	0x00, 0x00, 0x05, 0x75, 0x56, 0x69, 0x65, 0x77, 0x14, 0x00, 0x40, 0x00, 0x04, 0x00, 0x00, 0x00, // ...uView..@.....
	0x00, 0x00, 0x09, 0x75, 0x4c, 0x6f, 0x67, 0x44, 0x65, 0x70, 0x74, 0x68, 0x12, 0x00, 0x80, 0x00, // ...uLogDepth....
	0x01, 0x00, 0x00, 0x00, 0x00, 0x00, 0x0f, 0x75, 0x4f, 0x72, 0x69, 0x67, 0x69, 0x6e, 0x52, 0x65, // .......uOriginRe
	0x6c, 0x61, 0x74, 0x69, 0x76, 0x65, 0x12, 0x00, 0x90, 0x00, 0x01, 0x00, 0x00, 0x00, 0x00, 0x00, // lative..........
	0x0c, 0x75, 0x50, 0x6c, 0x61, 0x6e, 0x65, 0x4e, 0x6f, 0x72, 0x6d, 0x61, 0x6c, 0x12, 0x00, 0xa0, // .uPlaneNormal...
	0x00, 0x01, 0x00, 0x00, 0x00, 0x00, 0x00, 0x0e, 0x75, 0x50, 0x6c, 0x61, 0x6e, 0x65, 0x54, 0x61, // ........uPlaneTa
	0x6e, 0x67, 0x65, 0x6e, 0x74, 0x55, 0x12, 0x00, 0xb0, 0x00, 0x01, 0x00, 0x00, 0x00, 0x00, 0x00, // ngentU..........
	0x0e, 0x75, 0x50, 0x6c, 0x61, 0x6e, 0x65, 0x54, 0x61, 0x6e, 0x67, 0x65, 0x6e, 0x74, 0x56, 0x12, // .uPlaneTangentV.
	0x00, 0xc0, 0x00, 0x01, 0x00, 0x00, 0x00, 0x00, 0x00, 0x0b, 0x75, 0x41, 0x78, 0x69, 0x73, 0x43, // ..........uAxisC
	0x6f, 0x6c, 0x6f, 0x72, 0x55, 0x12, 0x00, 0xd0, 0x00, 0x01, 0x00, 0x00, 0x00, 0x00, 0x00, 0x0b, // olorU...........
	0x75, 0x41, 0x78, 0x69, 0x73, 0x43, 0x6f, 0x6c, 0x6f, 0x72, 0x56, 0x12, 0x00, 0xe0, 0x00, 0x01, // uAxisColorV.....
	0x00, 0x00, 0x00, 0x00, 0x00, 0x11, 0x75, 0x53, 0x74, 0x61, 0x72, 0x74, 0x41, 0x78, 0x69, 0x73, // ......uStartAxis
	0x56, 0x69, 0x73, 0x69, 0x62, 0x6c, 0x65, 0x12, 0x00, 0xf0, 0x00, 0x01, 0x00, 0x00, 0x00, 0x00, // Visible.........
	0x00, 0x0e, 0x75, 0x53, 0x74, 0x61, 0x72, 0x74, 0x41, 0x78, 0x69, 0x73, 0x4c, 0x69, 0x6e, 0x65, // ..uStartAxisLine
	0x12, 0x00, 0x00, 0x01, 0x01, 0x00, 0x00, 0x00, 0x00, 0x00, 0x17, 0x75, 0x41, 0x78, 0x69, 0x73, // ...........uAxis
	0x4f, 0x72, 0x69, 0x67, 0x69, 0x6e, 0x47, 0x72, 0x69, 0x64, 0x52, 0x65, 0x6c, 0x61, 0x74, 0x69, // OriginGridRelati
	0x76, 0x65, 0x12, 0x00, 0x10, 0x01, 0x01, 0x00, 0x00, 0x00, 0x00, 0x00, 0x0a, 0x75, 0x41, 0x78, // ve...........uAx
	0x69, 0x73, 0x4c, 0x69, 0x6e, 0x65, 0x58, 0x12, 0x00, 0x20, 0x01, 0x01, 0x00, 0x00, 0x00, 0x00, // isLineX.. ......
	0x00, 0x0a, 0x75, 0x41, 0x78, 0x69, 0x73, 0x4c, 0x69, 0x6e, 0x65, 0x5a, 0x12, 0x00, 0x30, 0x01, // ..uAxisLineZ..0.
	0x01, 0x00, 0x00, 0x00, 0x00, 0x00, 0x05, 0x75, 0x53, 0x74, 0x65, 0x70, 0x12, 0x00, 0x40, 0x01, // .......uStep..@.
	0x01, 0x00, 0x00, 0x00, 0x00, 0x00, 0x0c, 0x75, 0x41, 0x78, 0x69, 0x73, 0x56, 0x69, 0x73, 0x69, // .......uAxisVisi
	0x62, 0x6c, 0x65, 0x12, 0x00, 0x50, 0x01, 0x01, 0x00, 0x00, 0x00, 0x00, 0x00, 0x0d, 0x75, 0x53, // ble..P........uS
	0x63, 0x72, 0x65, 0x65, 0x6e, 0x48, 0x65, 0x69, 0x67, 0x68, 0x74, 0x12, 0x00, 0x60, 0x01, 0x01, // creenHeight..`..
	0x00, 0x00, 0x00, 0x00, 0x00, 0x0c, 0x75, 0x53, 0x63, 0x72, 0x65, 0x65, 0x6e, 0x57, 0x69, 0x64, // ......uScreenWid
	0x74, 0x68, 0x12, 0x00, 0x70, 0x01, 0x01, 0x00, 0x00, 0x00, 0x00, 0x00, 0x08, 0x75, 0x49, 0x73, // th..p........uIs
	0x4f, 0x72, 0x74, 0x68, 0x6f, 0x12, 0x00, 0x80, 0x01, 0x01, 0x00, 0x00, 0x00, 0x00, 0x00, 0x10, // Ortho...........
	0x75, 0x4f, 0x72, 0x74, 0x68, 0x6f, 0x50, 0x6c, 0x61, 0x6e, 0x65, 0x56, 0x61, 0x6c, 0x69, 0x64, // uOrthoPlaneValid
	0x12, 0x00, 0x90, 0x01, 0x01, 0x00, 0x00, 0x00, 0x00, 0x00, 0x11, 0x75, 0x4f, 0x72, 0x74, 0x68, // ...........uOrth
	0x6f, 0x50, 0x6c, 0x61, 0x6e, 0x65, 0x43, 0x65, 0x6e, 0x74, 0x65, 0x72, 0x12, 0x00, 0xa0, 0x01, // oPlaneCenter....
	0x01, 0x00, 0x00, 0x00, 0x00, 0x00, 0x0b, 0x75, 0x4f, 0x72, 0x74, 0x68, 0x6f, 0x52, 0x69, 0x67, // .......uOrthoRig
	0x68, 0x74, 0x12, 0x00, 0xb0, 0x01, 0x01, 0x00, 0x00, 0x00, 0x00, 0x00, 0x08, 0x75, 0x4f, 0x72, // ht...........uOr
	0x74, 0x68, 0x6f, 0x55, 0x70, 0x12, 0x00, 0xc0, 0x01, 0x01, 0x00, 0x00, 0x00, 0x00, 0x00, 0x0f, // thoUp...........
	0x75, 0x47, 0x72, 0x69, 0x64, 0x43, 0x6f, 0x6c, 0x6f, 0x72, 0x4d, 0x61, 0x6a, 0x6f, 0x72, 0x12, // uGridColorMajor.
	0x00, 0xd0, 0x01, 0x01, 0x00, 0x00, 0x00, 0x00, 0x00, 0x0f, 0x75, 0x47, 0x72, 0x69, 0x64, 0x43, // ..........uGridC
	0x6f, 0x6c, 0x6f, 0x72, 0x4d, 0x69, 0x6e, 0x6f, 0x72, 0x12, 0x00, 0xe0, 0x01, 0x01, 0x00, 0x00, // olorMinor.......
	0x00, 0x00, 0x00, 0x0c, 0x75, 0x47, 0x72, 0x69, 0x64, 0x4f, 0x70, 0x61, 0x63, 0x69, 0x74, 0x79, // ....uGridOpacity
	0x12, 0x00, 0xf0, 0x01, 0x01, 0x00, 0x00, 0x00, 0x00, 0x00, 0xe0, 0x1c, 0x00, 0x00, 0x44, 0x58, // ..............DX
	0x42, 0x43, 0x72, 0xca, 0x76, 0x69, 0x1f, 0xc3, 0xc6, 0xc6, 0x50, 0x34, 0x05, 0x09, 0x7a, 0xf5, // BCr.vi....P4..z.
	0x6a, 0x51, 0x01, 0x00, 0x00, 0x00, 0xe0, 0x1c, 0x00, 0x00, 0x03, 0x00, 0x00, 0x00, 0x2c, 0x00, // jQ............,.
	0x00, 0x00, 0xb4, 0x00, 0x00, 0x00, 0x08, 0x01, 0x00, 0x00, 0x49, 0x53, 0x47, 0x4e, 0x80, 0x00, // ..........ISGN..
	0x00, 0x00, 0x04, 0x00, 0x00, 0x00, 0x08, 0x00, 0x00, 0x00, 0x68, 0x00, 0x00, 0x00, 0x00, 0x00, // ..........h.....
	0x00, 0x00, 0x01, 0x00, 0x00, 0x00, 0x03, 0x00, 0x00, 0x00, 0x00, 0x00, 0x00, 0x00, 0x0f, 0x00, // ................
	0x00, 0x00, 0x74, 0x00, 0x00, 0x00, 0x02, 0x00, 0x00, 0x00, 0x00, 0x00, 0x00, 0x00, 0x03, 0x00, // ..t.............
	0x00, 0x00, 0x01, 0x00, 0x00, 0x00, 0x03, 0x03, 0x00, 0x00, 0x74, 0x00, 0x00, 0x00, 0x01, 0x00, // ..........t.....
	0x00, 0x00, 0x00, 0x00, 0x00, 0x00, 0x03, 0x00, 0x00, 0x00, 0x02, 0x00, 0x00, 0x00, 0x07, 0x07, // ................
	0x00, 0x00, 0x74, 0x00, 0x00, 0x00, 0x00, 0x00, 0x00, 0x00, 0x00, 0x00, 0x00, 0x00, 0x03, 0x00, // ..t.............
	0x00, 0x00, 0x03, 0x00, 0x00, 0x00, 0x07, 0x07, 0x00, 0x00, 0x53, 0x56, 0x5f, 0x50, 0x4f, 0x53, // ..........SV_POS
	0x49, 0x54, 0x49, 0x4f, 0x4e, 0x00, 0x54, 0x45, 0x58, 0x43, 0x4f, 0x4f, 0x52, 0x44, 0x00, 0xab, // ITION.TEXCOORD..
	0xab, 0xab, 0x4f, 0x53, 0x47, 0x4e, 0x4c, 0x00, 0x00, 0x00, 0x02, 0x00, 0x00, 0x00, 0x08, 0x00, // ..OSGNL.........
	0x00, 0x00, 0x38, 0x00, 0x00, 0x00, 0x00, 0x00, 0x00, 0x00, 0x00, 0x00, 0x00, 0x00, 0x03, 0x00, // ..8.............
	0x00, 0x00, 0x00, 0x00, 0x00, 0x00, 0x0f, 0x00, 0x00, 0x00, 0x42, 0x00, 0x00, 0x00, 0x00, 0x00, // ..........B.....
	0x00, 0x00, 0x00, 0x00, 0x00, 0x00, 0x03, 0x00, 0x00, 0x00, 0xff, 0xff, 0xff, 0xff, 0x01, 0x0e, // ................
	0x00, 0x00, 0x53, 0x56, 0x5f, 0x54, 0x41, 0x52, 0x47, 0x45, 0x54, 0x00, 0x53, 0x56, 0x5f, 0x44, // ..SV_TARGET.SV_D
	0x45, 0x50, 0x54, 0x48, 0x00, 0xab, 0x53, 0x48, 0x45, 0x58, 0xd0, 0x1b, 0x00, 0x00, 0x50, 0x00, // EPTH..SHEX....P.
	0x00, 0x00, 0xf4, 0x06, 0x00, 0x00, 0x6a, 0x08, 0x00, 0x01, 0x59, 0x00, 0x00, 0x04, 0x46, 0x8e, // ......j...Y...F.
	0x20, 0x00, 0x00, 0x00, 0x00, 0x00, 0x21, 0x00, 0x00, 0x00, 0x62, 0x10, 0x00, 0x03, 0x32, 0x10, //  .....!...b...2.
	0x10, 0x00, 0x01, 0x00, 0x00, 0x00, 0x62, 0x10, 0x00, 0x03, 0x72, 0x10, 0x10, 0x00, 0x02, 0x00, // ......b...r.....
	0x00, 0x00, 0x62, 0x10, 0x00, 0x03, 0x72, 0x10, 0x10, 0x00, 0x03, 0x00, 0x00, 0x00, 0x65, 0x00, // ..b...r.......e.
	0x00, 0x03, 0xf2, 0x20, 0x10, 0x00, 0x00, 0x00, 0x00, 0x00, 0x65, 0x00, 0x00, 0x02, 0x01, 0xc0, // ... ......e.....
	0x00, 0x00, 0x68, 0x00, 0x00, 0x02, 0x06, 0x00, 0x00, 0x00, 0x31, 0x00, 0x00, 0x08, 0x12, 0x00, // ..h.......1.....
	0x10, 0x00, 0x00, 0x00, 0x00, 0x00, 0x01, 0x40, 0x00, 0x00, 0x00, 0x00, 0x00, 0x3f, 0x0a, 0x80, // .......@.....?..
	0x20, 0x00, 0x00, 0x00, 0x00, 0x00, 0x18, 0x00, 0x00, 0x00, 0x1f, 0x00, 0x04, 0x03, 0x0a, 0x00, //  ...............
	0x10, 0x00, 0x00, 0x00, 0x00, 0x00, 0x31, 0x00, 0x00, 0x08, 0x22, 0x00, 0x10, 0x00, 0x00, 0x00, // ......1...".....
	0x00, 0x00, 0x0a, 0x80, 0x20, 0x00, 0x00, 0x00, 0x00, 0x00, 0x19, 0x00, 0x00, 0x00, 0x01, 0x40, // .... ..........@
	0x00, 0x00, 0x00, 0x00, 0x00, 0x3f, 0x0d, 0x00, 0x04, 0x03, 0x1a, 0x00, 0x10, 0x00, 0x00, 0x00, // .....?..........
	0x00, 0x00, 0x32, 0x00, 0x00, 0x0b, 0xe2, 0x00, 0x10, 0x00, 0x00, 0x00, 0x00, 0x00, 0x06, 0x89, // ..2.............
	0x20, 0x00, 0x00, 0x00, 0x00, 0x00, 0x1b, 0x00, 0x00, 0x00, 0x06, 0x10, 0x10, 0x00, 0x01, 0x00, //  ...............
	0x00, 0x00, 0x06, 0x89, 0x20, 0x00, 0x00, 0x00, 0x00, 0x00, 0x1a, 0x00, 0x00, 0x00, 0x32, 0x00, // .... .........2.
	0x00, 0x0a, 0xe2, 0x00, 0x10, 0x00, 0x00, 0x00, 0x00, 0x00, 0x06, 0x89, 0x20, 0x00, 0x00, 0x00, // ............ ...
	0x00, 0x00, 0x1c, 0x00, 0x00, 0x00, 0x56, 0x15, 0x10, 0x00, 0x01, 0x00, 0x00, 0x00, 0x56, 0x0e, // ......V.......V.
	0x10, 0x00, 0x00, 0x00, 0x00, 0x00, 0x0e, 0x00, 0x00, 0x08, 0x12, 0x00, 0x10, 0x00, 0x01, 0x00, // ................
	0x00, 0x00, 0x01, 0x40, 0x00, 0x00, 0x00, 0x00, 0x00, 0x40, 0x0a, 0x80, 0x20, 0x00, 0x00, 0x00, // ...@.....@.. ...
	0x00, 0x00, 0x17, 0x00, 0x00, 0x00, 0x38, 0x00, 0x00, 0x08, 0x72, 0x00, 0x10, 0x00, 0x01, 0x00, // ......8...r.....
	0x00, 0x00, 0x06, 0x00, 0x10, 0x00, 0x01, 0x00, 0x00, 0x00, 0x46, 0x82, 0x20, 0x00, 0x00, 0x00, // ..........F. ...
	0x00, 0x00, 0x1b, 0x00, 0x00, 0x00, 0x0e, 0x00, 0x00, 0x08, 0x82, 0x00, 0x10, 0x00, 0x01, 0x00, // ................
	0x00, 0x00, 0x01, 0x40, 0x00, 0x00, 0x00, 0x00, 0x00, 0x40, 0x0a, 0x80, 0x20, 0x00, 0x00, 0x00, // ...@.....@.. ...
	0x00, 0x00, 0x16, 0x00, 0x00, 0x00, 0x38, 0x00, 0x00, 0x08, 0x72, 0x00, 0x10, 0x00, 0x02, 0x00, // ......8...r.....
	0x00, 0x00, 0xf6, 0x0f, 0x10, 0x00, 0x01, 0x00, 0x00, 0x00, 0x46, 0x82, 0x20, 0x00, 0x00, 0x00, // ..........F. ...
	0x00, 0x00, 0x1c, 0x00, 0x00, 0x00, 0x10, 0x00, 0x00, 0x08, 0x12, 0x00, 0x10, 0x00, 0x03, 0x00, // ................
	0x00, 0x00, 0x46, 0x02, 0x10, 0x00, 0x01, 0x00, 0x00, 0x00, 0x46, 0x82, 0x20, 0x00, 0x00, 0x00, // ..F.......F. ...
	0x00, 0x00, 0x0b, 0x00, 0x00, 0x00, 0x10, 0x00, 0x00, 0x08, 0x22, 0x00, 0x10, 0x00, 0x03, 0x00, // ..........".....
	0x00, 0x00, 0x46, 0x02, 0x10, 0x00, 0x01, 0x00, 0x00, 0x00, 0x46, 0x82, 0x20, 0x00, 0x00, 0x00, // ..F.......F. ...
	0x00, 0x00, 0x0c, 0x00, 0x00, 0x00, 0x10, 0x00, 0x00, 0x08, 0x12, 0x00, 0x10, 0x00, 0x01, 0x00, // ................
	0x00, 0x00, 0x46, 0x02, 0x10, 0x00, 0x02, 0x00, 0x00, 0x00, 0x46, 0x82, 0x20, 0x00, 0x00, 0x00, // ..F.......F. ...
	0x00, 0x00, 0x0b, 0x00, 0x00, 0x00, 0x10, 0x00, 0x00, 0x08, 0x22, 0x00, 0x10, 0x00, 0x01, 0x00, // ..........".....
	0x00, 0x00, 0x46, 0x02, 0x10, 0x00, 0x02, 0x00, 0x00, 0x00, 0x46, 0x82, 0x20, 0x00, 0x00, 0x00, // ..F.......F. ...
	0x00, 0x00, 0x0c, 0x00, 0x00, 0x00, 0x00, 0x00, 0x00, 0x09, 0x32, 0x00, 0x10, 0x00, 0x01, 0x00, // ..........2.....
	0x00, 0x00, 0x46, 0x00, 0x10, 0x80, 0x81, 0x00, 0x00, 0x00, 0x01, 0x00, 0x00, 0x00, 0x46, 0x00, // ..F...........F.
	0x10, 0x80, 0x81, 0x00, 0x00, 0x00, 0x03, 0x00, 0x00, 0x00, 0x34, 0x00, 0x00, 0x0a, 0x32, 0x00, // ..........4...2.
	0x10, 0x00, 0x01, 0x00, 0x00, 0x00, 0x46, 0x00, 0x10, 0x00, 0x01, 0x00, 0x00, 0x00, 0x02, 0x40, // ......F........@
	0x00, 0x00, 0x77, 0xcc, 0x2b, 0x32, 0x77, 0xcc, 0x2b, 0x32, 0x00, 0x00, 0x00, 0x00, 0x00, 0x00, // ..w.+2w.+2......
	0x00, 0x00, 0x33, 0x00, 0x00, 0x0a, 0x32, 0x00, 0x10, 0x00, 0x01, 0x00, 0x00, 0x00, 0x46, 0x00, // ..3...2.......F.
	0x10, 0x00, 0x01, 0x00, 0x00, 0x00, 0x02, 0x40, 0x00, 0x00, 0xca, 0xf2, 0x49, 0x71, 0xca, 0xf2, // .......@....Iq..
	0x49, 0x71, 0x00, 0x00, 0x00, 0x00, 0x00, 0x00, 0x00, 0x00, 0x12, 0x00, 0x00, 0x01, 0x10, 0x00, // Iq..............
	0x00, 0x09, 0x42, 0x00, 0x10, 0x00, 0x01, 0x00, 0x00, 0x00, 0x46, 0x82, 0x20, 0x00, 0x00, 0x00, // ..B.......F. ...
	0x00, 0x00, 0x0a, 0x00, 0x00, 0x00, 0x46, 0x82, 0x20, 0x00, 0x00, 0x00, 0x00, 0x00, 0x0a, 0x00, // ......F. .......
	0x00, 0x00, 0x44, 0x00, 0x00, 0x05, 0x42, 0x00, 0x10, 0x00, 0x01, 0x00, 0x00, 0x00, 0x2a, 0x00, // ..D...B.......*.
	0x10, 0x00, 0x01, 0x00, 0x00, 0x00, 0x38, 0x00, 0x00, 0x08, 0x72, 0x00, 0x10, 0x00, 0x02, 0x00, // ......8...r.....
	0x00, 0x00, 0xa6, 0x0a, 0x10, 0x00, 0x01, 0x00, 0x00, 0x00, 0x46, 0x82, 0x20, 0x00, 0x00, 0x00, // ..........F. ...
	0x00, 0x00, 0x0a, 0x00, 0x00, 0x00, 0x10, 0x00, 0x00, 0x07, 0x42, 0x00, 0x10, 0x00, 0x01, 0x00, // ..........B.....
	0x00, 0x00, 0x46, 0x12, 0x10, 0x00, 0x02, 0x00, 0x00, 0x00, 0x46, 0x02, 0x10, 0x00, 0x02, 0x00, // ..F.......F.....
	0x00, 0x00, 0x10, 0x00, 0x00, 0x07, 0x82, 0x00, 0x10, 0x00, 0x01, 0x00, 0x00, 0x00, 0x46, 0x12, // ..............F.
	0x10, 0x00, 0x03, 0x00, 0x00, 0x00, 0x46, 0x02, 0x10, 0x00, 0x02, 0x00, 0x00, 0x00, 0x31, 0x00, // ......F.......1.
	0x00, 0x08, 0x82, 0x00, 0x10, 0x00, 0x02, 0x00, 0x00, 0x00, 0x01, 0x40, 0x00, 0x00, 0xbd, 0x37, // ...........@...7
	0x86, 0x35, 0x2a, 0x00, 0x10, 0x80, 0x81, 0x00, 0x00, 0x00, 0x01, 0x00, 0x00, 0x00, 0x0e, 0x00, // .5*.............
	0x00, 0x08, 0x42, 0x00, 0x10, 0x00, 0x01, 0x00, 0x00, 0x00, 0x3a, 0x00, 0x10, 0x80, 0x41, 0x00, // ..B.......:...A.
	0x00, 0x00, 0x01, 0x00, 0x00, 0x00, 0x2a, 0x00, 0x10, 0x00, 0x01, 0x00, 0x00, 0x00, 0x37, 0x00, // ......*.......7.
	0x00, 0x09, 0x42, 0x00, 0x10, 0x00, 0x01, 0x00, 0x00, 0x00, 0x3a, 0x00, 0x10, 0x00, 0x02, 0x00, // ..B.......:.....
	0x00, 0x00, 0x2a, 0x00, 0x10, 0x00, 0x01, 0x00, 0x00, 0x00, 0x01, 0x40, 0x00, 0x00, 0x00, 0x00, // ..*........@....
	0x80, 0xbf, 0x32, 0x00, 0x00, 0x09, 0xe2, 0x00, 0x10, 0x00, 0x00, 0x00, 0x00, 0x00, 0xa6, 0x0a, // ..2.............
	0x10, 0x00, 0x01, 0x00, 0x00, 0x00, 0x06, 0x19, 0x10, 0x00, 0x02, 0x00, 0x00, 0x00, 0x06, 0x19, // ................
	0x10, 0x00, 0x03, 0x00, 0x00, 0x00, 0x10, 0x00, 0x00, 0x08, 0x12, 0x00, 0x10, 0x00, 0x03, 0x00, // ................
	0x00, 0x00, 0x96, 0x07, 0x10, 0x00, 0x00, 0x00, 0x00, 0x00, 0x46, 0x82, 0x20, 0x00, 0x00, 0x00, // ..........F. ...
	0x00, 0x00, 0x0b, 0x00, 0x00, 0x00, 0x10, 0x00, 0x00, 0x08, 0x22, 0x00, 0x10, 0x00, 0x03, 0x00, // ..........".....
	0x00, 0x00, 0x96, 0x07, 0x10, 0x00, 0x00, 0x00, 0x00, 0x00, 0x46, 0x82, 0x20, 0x00, 0x00, 0x00, // ..........F. ...
	0x00, 0x00, 0x0c, 0x00, 0x00, 0x00, 0x7a, 0x00, 0x00, 0x05, 0xc2, 0x00, 0x10, 0x00, 0x03, 0x00, // ......z.........
	0x00, 0x00, 0x06, 0x04, 0x10, 0x00, 0x03, 0x00, 0x00, 0x00, 0x36, 0x00, 0x00, 0x06, 0x32, 0x00, // ..........6...2.
	0x10, 0x00, 0x03, 0x00, 0x00, 0x00, 0x46, 0x00, 0x10, 0x80, 0x41, 0x00, 0x00, 0x00, 0x03, 0x00, // ......F...A.....
	0x00, 0x00, 0x7c, 0x00, 0x00, 0x05, 0x32, 0x00, 0x10, 0x00, 0x03, 0x00, 0x00, 0x00, 0x46, 0x00, // ..|...2.......F.
	0x10, 0x00, 0x03, 0x00, 0x00, 0x00, 0x00, 0x00, 0x00, 0x09, 0x32, 0x00, 0x10, 0x00, 0x03, 0x00, // ..........2.....
	0x00, 0x00, 0x46, 0x00, 0x10, 0x80, 0x81, 0x00, 0x00, 0x00, 0x03, 0x00, 0x00, 0x00, 0xe6, 0x0a, // ..F.............
	0x10, 0x80, 0x81, 0x00, 0x00, 0x00, 0x03, 0x00, 0x00, 0x00, 0x34, 0x00, 0x00, 0x0a, 0x32, 0x00, // ..........4...2.
	0x10, 0x00, 0x03, 0x00, 0x00, 0x00, 0x46, 0x00, 0x10, 0x00, 0x03, 0x00, 0x00, 0x00, 0x02, 0x40, // ......F........@
	0x00, 0x00, 0x77, 0xcc, 0x2b, 0x32, 0x77, 0xcc, 0x2b, 0x32, 0x00, 0x00, 0x00, 0x00, 0x00, 0x00, // ..w.+2w.+2......
	0x00, 0x00, 0x33, 0x00, 0x00, 0x0a, 0x32, 0x00, 0x10, 0x00, 0x01, 0x00, 0x00, 0x00, 0x46, 0x00, // ..3...2.......F.
	0x10, 0x00, 0x03, 0x00, 0x00, 0x00, 0x02, 0x40, 0x00, 0x00, 0xca, 0xf2, 0x49, 0x71, 0xca, 0xf2, // .......@....Iq..
	0x49, 0x71, 0x00, 0x00, 0x00, 0x00, 0x00, 0x00, 0x00, 0x00, 0x10, 0x00, 0x00, 0x07, 0x82, 0x00, // Iq..............
	0x10, 0x00, 0x01, 0x00, 0x00, 0x00, 0x46, 0x12, 0x10, 0x00, 0x02, 0x00, 0x00, 0x00, 0x46, 0x12, // ......F.......F.
	0x10, 0x00, 0x02, 0x00, 0x00, 0x00, 0x44, 0x00, 0x00, 0x05, 0x82, 0x00, 0x10, 0x00, 0x01, 0x00, // ......D.........
	0x00, 0x00, 0x3a, 0x00, 0x10, 0x00, 0x01, 0x00, 0x00, 0x00, 0x38, 0x00, 0x00, 0x07, 0x72, 0x00, // ..:.......8...r.
	0x10, 0x00, 0x03, 0x00, 0x00, 0x00, 0xf6, 0x0f, 0x10, 0x00, 0x01, 0x00, 0x00, 0x00, 0x46, 0x12, // ..............F.
	0x10, 0x00, 0x02, 0x00, 0x00, 0x00, 0x10, 0x00, 0x00, 0x07, 0x82, 0x00, 0x10, 0x00, 0x01, 0x00, // ................
	0x00, 0x00, 0x46, 0x02, 0x10, 0x00, 0x03, 0x00, 0x00, 0x00, 0x46, 0x02, 0x10, 0x00, 0x02, 0x00, // ..F.......F.....
	0x00, 0x00, 0x31, 0x00, 0x00, 0x09, 0x82, 0x00, 0x10, 0x00, 0x01, 0x00, 0x00, 0x00, 0x3a, 0x00, // ..1...........:.
	0x10, 0x80, 0x81, 0x00, 0x00, 0x00, 0x01, 0x00, 0x00, 0x00, 0x0a, 0x80, 0x20, 0x00, 0x00, 0x00, // ............ ...
	0x00, 0x00, 0x20, 0x00, 0x00, 0x00, 0x0d, 0x00, 0x04, 0x03, 0x3a, 0x00, 0x10, 0x00, 0x01, 0x00, // .. .......:.....
	0x00, 0x00, 0x31, 0x00, 0x00, 0x07, 0x42, 0x00, 0x10, 0x00, 0x01, 0x00, 0x00, 0x00, 0x2a, 0x00, // ..1...B.......*.
	0x10, 0x00, 0x01, 0x00, 0x00, 0x00, 0x01, 0x40, 0x00, 0x00, 0x00, 0x00, 0x00, 0x00, 0x0d, 0x00, // .......@........
	0x04, 0x03, 0x2a, 0x00, 0x10, 0x00, 0x01, 0x00, 0x00, 0x00, 0x15, 0x00, 0x00, 0x01, 0x00, 0x00, // ..*.............
	0x00, 0x08, 0x72, 0x00, 0x10, 0x00, 0x02, 0x00, 0x00, 0x00, 0x96, 0x07, 0x10, 0x00, 0x00, 0x00, // ..r.............
	0x00, 0x00, 0x46, 0x82, 0x20, 0x00, 0x00, 0x00, 0x00, 0x00, 0x09, 0x00, 0x00, 0x00, 0x38, 0x00, // ..F. .........8.
	0x00, 0x08, 0xc2, 0x00, 0x10, 0x00, 0x01, 0x00, 0x00, 0x00, 0x56, 0x05, 0x10, 0x00, 0x02, 0x00, // ..........V.....
	0x00, 0x00, 0xa6, 0x8e, 0x20, 0x00, 0x00, 0x00, 0x00, 0x00, 0x01, 0x00, 0x00, 0x00, 0x32, 0x00, // .... .........2.
	0x00, 0x0a, 0xc2, 0x00, 0x10, 0x00, 0x01, 0x00, 0x00, 0x00, 0xa6, 0x8e, 0x20, 0x00, 0x00, 0x00, // ............ ...
	0x00, 0x00, 0x00, 0x00, 0x00, 0x00, 0x06, 0x00, 0x10, 0x00, 0x02, 0x00, 0x00, 0x00, 0xa6, 0x0e, // ................
	0x10, 0x00, 0x01, 0x00, 0x00, 0x00, 0x32, 0x00, 0x00, 0x0a, 0xc2, 0x00, 0x10, 0x00, 0x01, 0x00, // ......2.........
	0x00, 0x00, 0xa6, 0x8e, 0x20, 0x00, 0x00, 0x00, 0x00, 0x00, 0x02, 0x00, 0x00, 0x00, 0xa6, 0x0a, // .... ...........
	0x10, 0x00, 0x02, 0x00, 0x00, 0x00, 0xa6, 0x0e, 0x10, 0x00, 0x01, 0x00, 0x00, 0x00, 0x00, 0x00, // ................
	0x00, 0x08, 0xc2, 0x00, 0x10, 0x00, 0x01, 0x00, 0x00, 0x00, 0xa6, 0x0e, 0x10, 0x00, 0x01, 0x00, // ................
	0x00, 0x00, 0xa6, 0x8e, 0x20, 0x00, 0x00, 0x00, 0x00, 0x00, 0x03, 0x00, 0x00, 0x00, 0x0e, 0x00, // .... ...........
	0x00, 0x07, 0x42, 0x00, 0x10, 0x00, 0x01, 0x00, 0x00, 0x00, 0x2a, 0x00, 0x10, 0x00, 0x01, 0x00, // ..B.......*.....
	0x00, 0x00, 0x3a, 0x00, 0x10, 0x00, 0x01, 0x00, 0x00, 0x00, 0x31, 0x00, 0x00, 0x07, 0x82, 0x00, // ..:.......1.....
	0x10, 0x00, 0x01, 0x00, 0x00, 0x00, 0x01, 0x40, 0x00, 0x00, 0x00, 0x00, 0x80, 0x3f, 0x2a, 0x00, // .......@.....?*.
	0x10, 0x00, 0x01, 0x00, 0x00, 0x00, 0x31, 0x00, 0x00, 0x07, 0x82, 0x00, 0x10, 0x00, 0x02, 0x00, // ......1.........
	0x00, 0x00, 0x2a, 0x00, 0x10, 0x00, 0x01, 0x00, 0x00, 0x00, 0x01, 0x40, 0x00, 0x00, 0x00, 0x00, // ..*........@....
	0x00, 0x00, 0x3c, 0x00, 0x00, 0x07, 0x82, 0x00, 0x10, 0x00, 0x01, 0x00, 0x00, 0x00, 0x3a, 0x00, // ..<...........:.
	0x10, 0x00, 0x01, 0x00, 0x00, 0x00, 0x3a, 0x00, 0x10, 0x00, 0x02, 0x00, 0x00, 0x00, 0x0d, 0x00, // ......:.........
	0x04, 0x03, 0x3a, 0x00, 0x10, 0x00, 0x01, 0x00, 0x00, 0x00, 0x31, 0x00, 0x00, 0x08, 0x82, 0x00, // ..:.......1.....
	0x10, 0x00, 0x01, 0x00, 0x00, 0x00, 0x01, 0x40, 0x00, 0x00, 0x00, 0x00, 0x00, 0x3f, 0x0a, 0x80, // .......@.....?..
	0x20, 0x00, 0x00, 0x00, 0x00, 0x00, 0x08, 0x00, 0x00, 0x00, 0x38, 0x00, 0x00, 0x08, 0x22, 0x00, //  .........8...".
	0x10, 0x00, 0x02, 0x00, 0x00, 0x00, 0x1a, 0x00, 0x10, 0x00, 0x02, 0x00, 0x00, 0x00, 0x2a, 0x80, // ..............*.
	0x20, 0x00, 0x00, 0x00, 0x00, 0x00, 0x05, 0x00, 0x00, 0x00, 0x32, 0x00, 0x00, 0x0a, 0x12, 0x00, //  .........2.....
	0x10, 0x00, 0x02, 0x00, 0x00, 0x00, 0x2a, 0x80, 0x20, 0x00, 0x00, 0x00, 0x00, 0x00, 0x04, 0x00, // ......*. .......
	0x00, 0x00, 0x0a, 0x00, 0x10, 0x00, 0x02, 0x00, 0x00, 0x00, 0x1a, 0x00, 0x10, 0x00, 0x02, 0x00, // ................
	0x00, 0x00, 0x32, 0x00, 0x00, 0x0a, 0x12, 0x00, 0x10, 0x00, 0x02, 0x00, 0x00, 0x00, 0x2a, 0x80, // ..2...........*.
	0x20, 0x00, 0x00, 0x00, 0x00, 0x00, 0x06, 0x00, 0x00, 0x00, 0x2a, 0x00, 0x10, 0x00, 0x02, 0x00, //  .........*.....
	0x00, 0x00, 0x0a, 0x00, 0x10, 0x00, 0x02, 0x00, 0x00, 0x00, 0x00, 0x00, 0x00, 0x08, 0x12, 0x00, // ................
	0x10, 0x00, 0x02, 0x00, 0x00, 0x00, 0x0a, 0x00, 0x10, 0x00, 0x02, 0x00, 0x00, 0x00, 0x2a, 0x80, // ..............*.
	0x20, 0x00, 0x00, 0x00, 0x00, 0x00, 0x07, 0x00, 0x00, 0x00, 0x0e, 0x00, 0x00, 0x09, 0x12, 0x00, //  ...............
	0x10, 0x00, 0x02, 0x00, 0x00, 0x00, 0x0a, 0x00, 0x10, 0x80, 0x41, 0x00, 0x00, 0x00, 0x02, 0x00, // ..........A.....
	0x00, 0x00, 0x1a, 0x80, 0x20, 0x00, 0x00, 0x00, 0x00, 0x00, 0x08, 0x00, 0x00, 0x00, 0x34, 0x00, // .... .........4.
	0x00, 0x07, 0x12, 0x00, 0x10, 0x00, 0x02, 0x00, 0x00, 0x00, 0x0a, 0x00, 0x10, 0x00, 0x02, 0x00, // ................
	0x00, 0x00, 0x01, 0x40, 0x00, 0x00, 0x00, 0x00, 0x80, 0x3f, 0x2f, 0x00, 0x00, 0x05, 0x12, 0x00, // ...@.....?/.....
	0x10, 0x00, 0x02, 0x00, 0x00, 0x00, 0x0a, 0x00, 0x10, 0x00, 0x02, 0x00, 0x00, 0x00, 0x0e, 0x00, // ................
	0x00, 0x09, 0x22, 0x00, 0x10, 0x00, 0x02, 0x00, 0x00, 0x00, 0x2a, 0x80, 0x20, 0x00, 0x00, 0x00, // ..".......*. ...
	0x00, 0x00, 0x08, 0x00, 0x00, 0x00, 0x1a, 0x80, 0x20, 0x00, 0x00, 0x00, 0x00, 0x00, 0x08, 0x00, // ........ .......
	0x00, 0x00, 0x34, 0x00, 0x00, 0x07, 0x22, 0x00, 0x10, 0x00, 0x02, 0x00, 0x00, 0x00, 0x1a, 0x00, // ..4...".........
	0x10, 0x00, 0x02, 0x00, 0x00, 0x00, 0x01, 0x40, 0x00, 0x00, 0x08, 0x00, 0x80, 0x3f, 0x2f, 0x00, // .......@.....?/.
	0x00, 0x05, 0x22, 0x00, 0x10, 0x00, 0x02, 0x00, 0x00, 0x00, 0x1a, 0x00, 0x10, 0x00, 0x02, 0x00, // ..".............
	0x00, 0x00, 0x0e, 0x00, 0x00, 0x07, 0x12, 0x00, 0x10, 0x00, 0x02, 0x00, 0x00, 0x00, 0x0a, 0x00, // ................
	0x10, 0x00, 0x02, 0x00, 0x00, 0x00, 0x1a, 0x00, 0x10, 0x00, 0x02, 0x00, 0x00, 0x00, 0x33, 0x00, // ..............3.
	0x00, 0x07, 0x12, 0x00, 0x10, 0x00, 0x02, 0x00, 0x00, 0x00, 0x0a, 0x00, 0x10, 0x00, 0x02, 0x00, // ................
	0x00, 0x00, 0x01, 0x40, 0x00, 0x00, 0x00, 0x00, 0x80, 0x3f, 0x37, 0x00, 0x00, 0x08, 0x01, 0xc0, // ...@.....?7.....
	0x00, 0x00, 0x3a, 0x00, 0x10, 0x00, 0x01, 0x00, 0x00, 0x00, 0x0a, 0x00, 0x10, 0x00, 0x02, 0x00, // ..:.............
	0x00, 0x00, 0x2a, 0x00, 0x10, 0x00, 0x01, 0x00, 0x00, 0x00, 0x38, 0x00, 0x00, 0x08, 0x42, 0x00, // ..*.......8...B.
	0x10, 0x00, 0x01, 0x00, 0x00, 0x00, 0x0a, 0x80, 0x20, 0x00, 0x00, 0x00, 0x00, 0x00, 0x14, 0x00, // ........ .......
	0x00, 0x00, 0x01, 0x40, 0x00, 0x00, 0xcd, 0xcc, 0xcc, 0x3d, 0x10, 0x00, 0x00, 0x08, 0x82, 0x00, // ...@.....=......
	0x10, 0x00, 0x01, 0x00, 0x00, 0x00, 0x96, 0x07, 0x10, 0x00, 0x00, 0x00, 0x00, 0x00, 0x46, 0x82, // ..............F.
	0x20, 0x00, 0x00, 0x00, 0x00, 0x00, 0x0b, 0x00, 0x00, 0x00, 0x10, 0x00, 0x00, 0x08, 0x22, 0x00, //  .............".
	0x10, 0x00, 0x00, 0x00, 0x00, 0x00, 0x96, 0x07, 0x10, 0x00, 0x00, 0x00, 0x00, 0x00, 0x46, 0x82, // ..............F.
	0x20, 0x00, 0x00, 0x00, 0x00, 0x00, 0x0c, 0x00, 0x00, 0x00, 0x0e, 0x00, 0x00, 0x08, 0xc2, 0x00, //  ...............
	0x10, 0x00, 0x00, 0x00, 0x00, 0x00, 0x06, 0x80, 0x20, 0x00, 0x00, 0x00, 0x00, 0x00, 0x14, 0x00, // ........ .......
	0x00, 0x00, 0x06, 0x04, 0x10, 0x00, 0x01, 0x00, 0x00, 0x00, 0x0e, 0x20, 0x00, 0x0a, 0x32, 0x00, // ........... ..2.
	0x10, 0x00, 0x02, 0x00, 0x00, 0x00, 0x02, 0x40, 0x00, 0x00, 0x00, 0x00, 0x40, 0x40, 0x00, 0x00, // .......@....@@..
	0x40, 0x40, 0x00, 0x00, 0x00, 0x00, 0x00, 0x00, 0x00, 0x00, 0xe6, 0x0a, 0x10, 0x00, 0x00, 0x00, // @@..............
	0x00, 0x00, 0x31, 0x00, 0x00, 0x0a, 0xc2, 0x00, 0x10, 0x00, 0x02, 0x00, 0x00, 0x00, 0x02, 0x40, // ..1............@
	0x00, 0x00, 0x00, 0x00, 0x00, 0x00, 0x00, 0x00, 0x00, 0x00, 0x00, 0x00, 0x00, 0x40, 0x00, 0x00, // .............@..
	0x00, 0x40, 0xa6, 0x0e, 0x10, 0x00, 0x00, 0x00, 0x00, 0x00, 0x0e, 0x00, 0x00, 0x08, 0x12, 0x00, // .@..............
	0x10, 0x00, 0x03, 0x00, 0x00, 0x00, 0x3a, 0x00, 0x10, 0x00, 0x01, 0x00, 0x00, 0x00, 0x0a, 0x80, // ......:.........
	0x20, 0x00, 0x00, 0x00, 0x00, 0x00, 0x14, 0x00, 0x00, 0x00, 0x00, 0x00, 0x00, 0x07, 0x12, 0x00, //  ...............
	0x10, 0x00, 0x03, 0x00, 0x00, 0x00, 0x0a, 0x00, 0x10, 0x00, 0x03, 0x00, 0x00, 0x00, 0x01, 0x40, // ...............@
	0x00, 0x00, 0x00, 0x00, 0x00, 0x3f, 0x41, 0x00, 0x00, 0x05, 0x12, 0x00, 0x10, 0x00, 0x03, 0x00, // .....?A.........
	0x00, 0x00, 0x0a, 0x00, 0x10, 0x00, 0x03, 0x00, 0x00, 0x00, 0x32, 0x00, 0x00, 0x0b, 0x12, 0x00, // ..........2.....
	0x10, 0x00, 0x03, 0x00, 0x00, 0x00, 0x0a, 0x00, 0x10, 0x80, 0x41, 0x00, 0x00, 0x00, 0x03, 0x00, // ..........A.....
	0x00, 0x00, 0x0a, 0x80, 0x20, 0x00, 0x00, 0x00, 0x00, 0x00, 0x14, 0x00, 0x00, 0x00, 0x3a, 0x00, // .... .........:.
	0x10, 0x00, 0x01, 0x00, 0x00, 0x00, 0x00, 0x00, 0x00, 0x07, 0x62, 0x00, 0x10, 0x00, 0x03, 0x00, // ..........b.....
	0x00, 0x00, 0x06, 0x01, 0x10, 0x00, 0x01, 0x00, 0x00, 0x00, 0x06, 0x01, 0x10, 0x00, 0x01, 0x00, // ................
	0x00, 0x00, 0x32, 0x00, 0x00, 0x0b, 0x12, 0x00, 0x10, 0x00, 0x03, 0x00, 0x00, 0x00, 0x0a, 0x00, // ..2.............
	0x10, 0x80, 0x41, 0x00, 0x00, 0x00, 0x01, 0x00, 0x00, 0x00, 0x01, 0x40, 0x00, 0x00, 0x00, 0x00, // ..A........@....
	0x00, 0x3f, 0x0a, 0x00, 0x10, 0x80, 0x81, 0x00, 0x00, 0x00, 0x03, 0x00, 0x00, 0x00, 0x0e, 0x00, // .?..............
	0x00, 0x0a, 0x62, 0x00, 0x10, 0x00, 0x03, 0x00, 0x00, 0x00, 0x02, 0x40, 0x00, 0x00, 0x00, 0x00, // ..b........@....
	0x80, 0x3f, 0x00, 0x00, 0x80, 0x3f, 0x00, 0x00, 0x80, 0x3f, 0x00, 0x00, 0x80, 0x3f, 0x56, 0x06, // .?...?...?...?V.
	0x10, 0x00, 0x03, 0x00, 0x00, 0x00, 0x38, 0x20, 0x00, 0x07, 0x12, 0x00, 0x10, 0x00, 0x03, 0x00, // ......8 ........
	0x00, 0x00, 0x1a, 0x00, 0x10, 0x00, 0x03, 0x00, 0x00, 0x00, 0x0a, 0x00, 0x10, 0x00, 0x03, 0x00, // ................
	0x00, 0x00, 0x32, 0x00, 0x00, 0x09, 0x82, 0x00, 0x10, 0x00, 0x03, 0x00, 0x00, 0x00, 0x0a, 0x00, // ..2.............
	0x10, 0x00, 0x03, 0x00, 0x00, 0x00, 0x01, 0x40, 0x00, 0x00, 0x00, 0x00, 0x00, 0xc0, 0x01, 0x40, // .......@.......@
	0x00, 0x00, 0x00, 0x00, 0x40, 0x40, 0x38, 0x00, 0x00, 0x07, 0x12, 0x00, 0x10, 0x00, 0x03, 0x00, // ....@@8.........
	0x00, 0x00, 0x0a, 0x00, 0x10, 0x00, 0x03, 0x00, 0x00, 0x00, 0x0a, 0x00, 0x10, 0x00, 0x03, 0x00, // ................
	0x00, 0x00, 0x32, 0x00, 0x00, 0x0a, 0x12, 0x00, 0x10, 0x00, 0x03, 0x00, 0x00, 0x00, 0x3a, 0x00, // ..2...........:.
	0x10, 0x80, 0x41, 0x00, 0x00, 0x00, 0x03, 0x00, 0x00, 0x00, 0x0a, 0x00, 0x10, 0x00, 0x03, 0x00, // ..A.............
	0x00, 0x00, 0x01, 0x40, 0x00, 0x00, 0x00, 0x00, 0x80, 0x3f, 0x00, 0x00, 0x00, 0x0a, 0xc2, 0x00, // ...@.....?......
	0x10, 0x00, 0x00, 0x00, 0x00, 0x00, 0xa6, 0x0e, 0x10, 0x00, 0x00, 0x00, 0x00, 0x00, 0x02, 0x40, // ...............@
	0x00, 0x00, 0x00, 0x00, 0x00, 0x00, 0x00, 0x00, 0x00, 0x00, 0x00, 0x00, 0x00, 0xc0, 0x00, 0x00, // ................
	0x00, 0xc0, 0x38, 0x20, 0x00, 0x0a, 0xc2, 0x00, 0x10, 0x00, 0x00, 0x00, 0x00, 0x00, 0xa6, 0x0e, // ..8 ............
	0x10, 0x00, 0x00, 0x00, 0x00, 0x00, 0x02, 0x40, 0x00, 0x00, 0x00, 0x00, 0x00, 0x00, 0x00, 0x00, // .......@........
	0x00, 0x00, 0x00, 0x00, 0x00, 0x3f, 0x00, 0x00, 0x00, 0x3f, 0x32, 0x00, 0x00, 0x0f, 0x32, 0x00, // .....?...?2...2.
	0x10, 0x00, 0x04, 0x00, 0x00, 0x00, 0xe6, 0x0a, 0x10, 0x00, 0x00, 0x00, 0x00, 0x00, 0x02, 0x40, // ...............@
	0x00, 0x00, 0x00, 0x00, 0x00, 0xc0, 0x00, 0x00, 0x00, 0xc0, 0x00, 0x00, 0x00, 0x00, 0x00, 0x00, // ................
	0x00, 0x00, 0x02, 0x40, 0x00, 0x00, 0x00, 0x00, 0x40, 0x40, 0x00, 0x00, 0x40, 0x40, 0x00, 0x00, // ...@....@@..@@..
	0x00, 0x00, 0x00, 0x00, 0x00, 0x00, 0x38, 0x00, 0x00, 0x07, 0xc2, 0x00, 0x10, 0x00, 0x00, 0x00, // ......8.........
	0x00, 0x00, 0xa6, 0x0e, 0x10, 0x00, 0x00, 0x00, 0x00, 0x00, 0xa6, 0x0e, 0x10, 0x00, 0x00, 0x00, // ................
	0x00, 0x00, 0x38, 0x00, 0x00, 0x07, 0xc2, 0x00, 0x10, 0x00, 0x00, 0x00, 0x00, 0x00, 0xa6, 0x0e, // ..8.............
	0x10, 0x00, 0x00, 0x00, 0x00, 0x00, 0x06, 0x04, 0x10, 0x00, 0x04, 0x00, 0x00, 0x00, 0x00, 0x00, // ................
	0x00, 0x08, 0x12, 0x00, 0x10, 0x00, 0x03, 0x00, 0x00, 0x00, 0x0a, 0x00, 0x10, 0x80, 0x41, 0x00, // ..............A.
	0x00, 0x00, 0x02, 0x00, 0x00, 0x00, 0x0a, 0x00, 0x10, 0x00, 0x03, 0x00, 0x00, 0x00, 0x32, 0x00, // ..............2.
	0x00, 0x09, 0x42, 0x00, 0x10, 0x00, 0x00, 0x00, 0x00, 0x00, 0x2a, 0x00, 0x10, 0x00, 0x00, 0x00, // ..B.......*.....
	0x00, 0x00, 0x0a, 0x00, 0x10, 0x00, 0x03, 0x00, 0x00, 0x00, 0x0a, 0x00, 0x10, 0x00, 0x02, 0x00, // ................
	0x00, 0x00, 0x37, 0x00, 0x00, 0x09, 0x42, 0x00, 0x10, 0x00, 0x00, 0x00, 0x00, 0x00, 0x2a, 0x00, // ..7...B.......*.
	0x10, 0x00, 0x02, 0x00, 0x00, 0x00, 0x2a, 0x00, 0x10, 0x00, 0x00, 0x00, 0x00, 0x00, 0x0a, 0x00, // ......*.........
	0x10, 0x00, 0x02, 0x00, 0x00, 0x00, 0x0e, 0x00, 0x00, 0x08, 0x12, 0x00, 0x10, 0x00, 0x02, 0x00, // ................
	0x00, 0x00, 0x1a, 0x00, 0x10, 0x00, 0x00, 0x00, 0x00, 0x00, 0x0a, 0x80, 0x20, 0x00, 0x00, 0x00, // ............ ...
	0x00, 0x00, 0x14, 0x00, 0x00, 0x00, 0x00, 0x00, 0x00, 0x07, 0x12, 0x00, 0x10, 0x00, 0x02, 0x00, // ................
	0x00, 0x00, 0x0a, 0x00, 0x10, 0x00, 0x02, 0x00, 0x00, 0x00, 0x01, 0x40, 0x00, 0x00, 0x00, 0x00, // ...........@....
	0x00, 0x3f, 0x41, 0x00, 0x00, 0x05, 0x12, 0x00, 0x10, 0x00, 0x02, 0x00, 0x00, 0x00, 0x0a, 0x00, // .?A.............
	0x10, 0x00, 0x02, 0x00, 0x00, 0x00, 0x32, 0x00, 0x00, 0x0b, 0x12, 0x00, 0x10, 0x00, 0x02, 0x00, // ......2.........
	0x00, 0x00, 0x0a, 0x00, 0x10, 0x80, 0x41, 0x00, 0x00, 0x00, 0x02, 0x00, 0x00, 0x00, 0x0a, 0x80, // ......A.........
	0x20, 0x00, 0x00, 0x00, 0x00, 0x00, 0x14, 0x00, 0x00, 0x00, 0x1a, 0x00, 0x10, 0x00, 0x00, 0x00, //  ...............
	0x00, 0x00, 0x32, 0x00, 0x00, 0x0b, 0x12, 0x00, 0x10, 0x00, 0x02, 0x00, 0x00, 0x00, 0x1a, 0x00, // ..2.............
	0x10, 0x80, 0x41, 0x00, 0x00, 0x00, 0x01, 0x00, 0x00, 0x00, 0x01, 0x40, 0x00, 0x00, 0x00, 0x00, // ..A........@....
	0x00, 0x3f, 0x0a, 0x00, 0x10, 0x80, 0x81, 0x00, 0x00, 0x00, 0x02, 0x00, 0x00, 0x00, 0x38, 0x20, // .?............8 
	0x00, 0x07, 0x12, 0x00, 0x10, 0x00, 0x02, 0x00, 0x00, 0x00, 0x2a, 0x00, 0x10, 0x00, 0x03, 0x00, // ..........*.....
	0x00, 0x00, 0x0a, 0x00, 0x10, 0x00, 0x02, 0x00, 0x00, 0x00, 0x32, 0x00, 0x00, 0x09, 0x42, 0x00, // ..........2...B.
	0x10, 0x00, 0x02, 0x00, 0x00, 0x00, 0x0a, 0x00, 0x10, 0x00, 0x02, 0x00, 0x00, 0x00, 0x01, 0x40, // ...............@
	0x00, 0x00, 0x00, 0x00, 0x00, 0xc0, 0x01, 0x40, 0x00, 0x00, 0x00, 0x00, 0x40, 0x40, 0x38, 0x00, // .......@....@@8.
	0x00, 0x07, 0x12, 0x00, 0x10, 0x00, 0x02, 0x00, 0x00, 0x00, 0x0a, 0x00, 0x10, 0x00, 0x02, 0x00, // ................
	0x00, 0x00, 0x0a, 0x00, 0x10, 0x00, 0x02, 0x00, 0x00, 0x00, 0x32, 0x00, 0x00, 0x0a, 0x12, 0x00, // ..........2.....
	0x10, 0x00, 0x02, 0x00, 0x00, 0x00, 0x2a, 0x00, 0x10, 0x80, 0x41, 0x00, 0x00, 0x00, 0x02, 0x00, // ......*...A.....
	0x00, 0x00, 0x0a, 0x00, 0x10, 0x00, 0x02, 0x00, 0x00, 0x00, 0x01, 0x40, 0x00, 0x00, 0x00, 0x00, // ...........@....
	0x80, 0x3f, 0x00, 0x00, 0x00, 0x08, 0x12, 0x00, 0x10, 0x00, 0x02, 0x00, 0x00, 0x00, 0x1a, 0x00, // .?..............
	0x10, 0x80, 0x41, 0x00, 0x00, 0x00, 0x02, 0x00, 0x00, 0x00, 0x0a, 0x00, 0x10, 0x00, 0x02, 0x00, // ..A.............
	0x00, 0x00, 0x32, 0x00, 0x00, 0x09, 0x82, 0x00, 0x10, 0x00, 0x00, 0x00, 0x00, 0x00, 0x3a, 0x00, // ..2...........:.
	0x10, 0x00, 0x00, 0x00, 0x00, 0x00, 0x0a, 0x00, 0x10, 0x00, 0x02, 0x00, 0x00, 0x00, 0x1a, 0x00, // ................
	0x10, 0x00, 0x02, 0x00, 0x00, 0x00, 0x37, 0x00, 0x00, 0x09, 0x82, 0x00, 0x10, 0x00, 0x00, 0x00, // ......7.........
	0x00, 0x00, 0x3a, 0x00, 0x10, 0x00, 0x02, 0x00, 0x00, 0x00, 0x3a, 0x00, 0x10, 0x00, 0x00, 0x00, // ..:.......:.....
	0x00, 0x00, 0x1a, 0x00, 0x10, 0x00, 0x02, 0x00, 0x00, 0x00, 0x0e, 0x00, 0x00, 0x07, 0x32, 0x00, // ..............2.
	0x10, 0x00, 0x02, 0x00, 0x00, 0x00, 0xa6, 0x0a, 0x10, 0x00, 0x01, 0x00, 0x00, 0x00, 0x46, 0x00, // ..............F.
	0x10, 0x00, 0x01, 0x00, 0x00, 0x00, 0x0e, 0x20, 0x00, 0x0a, 0xc2, 0x00, 0x10, 0x00, 0x02, 0x00, // ....... ........
	0x00, 0x00, 0x02, 0x40, 0x00, 0x00, 0x00, 0x00, 0x00, 0x00, 0x00, 0x00, 0x00, 0x00, 0xcd, 0xcc, // ...@............
	0xcc, 0x3f, 0xcd, 0xcc, 0xcc, 0x3f, 0x06, 0x04, 0x10, 0x00, 0x02, 0x00, 0x00, 0x00, 0x31, 0x00, // .?...?........1.
	0x00, 0x0a, 0x92, 0x00, 0x10, 0x00, 0x03, 0x00, 0x00, 0x00, 0x02, 0x40, 0x00, 0x00, 0x00, 0x00, // ...........@....
	0xa0, 0x3f, 0x00, 0x00, 0x00, 0x00, 0x00, 0x00, 0x00, 0x00, 0x00, 0x00, 0xa0, 0x3f, 0x06, 0x04, // .?...........?..
	0x10, 0x00, 0x02, 0x00, 0x00, 0x00, 0x0e, 0x00, 0x00, 0x07, 0x12, 0x00, 0x10, 0x00, 0x04, 0x00, // ................
	0x00, 0x00, 0x3a, 0x00, 0x10, 0x00, 0x01, 0x00, 0x00, 0x00, 0x2a, 0x00, 0x10, 0x00, 0x01, 0x00, // ..:.......*.....
	0x00, 0x00, 0x00, 0x00, 0x00, 0x07, 0x12, 0x00, 0x10, 0x00, 0x04, 0x00, 0x00, 0x00, 0x0a, 0x00, // ................
	0x10, 0x00, 0x04, 0x00, 0x00, 0x00, 0x01, 0x40, 0x00, 0x00, 0x00, 0x00, 0x00, 0x3f, 0x41, 0x00, // .......@.....?A.
	0x00, 0x05, 0x12, 0x00, 0x10, 0x00, 0x04, 0x00, 0x00, 0x00, 0x0a, 0x00, 0x10, 0x00, 0x04, 0x00, // ................
	0x00, 0x00, 0x32, 0x00, 0x00, 0x0a, 0x12, 0x00, 0x10, 0x00, 0x04, 0x00, 0x00, 0x00, 0x0a, 0x00, // ..2.............
	0x10, 0x80, 0x41, 0x00, 0x00, 0x00, 0x04, 0x00, 0x00, 0x00, 0x2a, 0x00, 0x10, 0x00, 0x01, 0x00, // ..A.......*.....
	0x00, 0x00, 0x3a, 0x00, 0x10, 0x00, 0x01, 0x00, 0x00, 0x00, 0x32, 0x00, 0x00, 0x0b, 0x12, 0x00, // ..:.......2.....
	0x10, 0x00, 0x04, 0x00, 0x00, 0x00, 0x0a, 0x00, 0x10, 0x80, 0x41, 0x00, 0x00, 0x00, 0x01, 0x00, // ..........A.....
	0x00, 0x00, 0x01, 0x40, 0x00, 0x00, 0xcc, 0xcc, 0x4c, 0xbe, 0x0a, 0x00, 0x10, 0x80, 0x81, 0x00, // ...@....L.......
	0x00, 0x00, 0x04, 0x00, 0x00, 0x00, 0x38, 0x20, 0x00, 0x07, 0x12, 0x00, 0x10, 0x00, 0x04, 0x00, // ......8 ........
	0x00, 0x00, 0x1a, 0x00, 0x10, 0x00, 0x03, 0x00, 0x00, 0x00, 0x0a, 0x00, 0x10, 0x00, 0x04, 0x00, // ................
	0x00, 0x00, 0x32, 0x00, 0x00, 0x09, 0x22, 0x00, 0x10, 0x00, 0x04, 0x00, 0x00, 0x00, 0x0a, 0x00, // ..2...".........
	0x10, 0x00, 0x04, 0x00, 0x00, 0x00, 0x01, 0x40, 0x00, 0x00, 0x00, 0x00, 0x00, 0xc0, 0x01, 0x40, // .......@.......@
	0x00, 0x00, 0x00, 0x00, 0x40, 0x40, 0x38, 0x00, 0x00, 0x07, 0x12, 0x00, 0x10, 0x00, 0x04, 0x00, // ....@@8.........
	0x00, 0x00, 0x0a, 0x00, 0x10, 0x00, 0x04, 0x00, 0x00, 0x00, 0x0a, 0x00, 0x10, 0x00, 0x04, 0x00, // ................
	0x00, 0x00, 0x32, 0x00, 0x00, 0x0a, 0x12, 0x00, 0x10, 0x00, 0x04, 0x00, 0x00, 0x00, 0x1a, 0x00, // ..2.............
	0x10, 0x80, 0x41, 0x00, 0x00, 0x00, 0x04, 0x00, 0x00, 0x00, 0x0a, 0x00, 0x10, 0x00, 0x04, 0x00, // ..A.............
	0x00, 0x00, 0x01, 0x40, 0x00, 0x00, 0x00, 0x00, 0x80, 0x3f, 0x00, 0x00, 0x00, 0x0a, 0x32, 0x00, // ...@.....?....2.
	0x10, 0x00, 0x02, 0x00, 0x00, 0x00, 0x46, 0x00, 0x10, 0x00, 0x02, 0x00, 0x00, 0x00, 0x02, 0x40, // ......F........@
	0x00, 0x00, 0x00, 0x00, 0xa0, 0xbf, 0x00, 0x00, 0xa0, 0xbf, 0x00, 0x00, 0x00, 0x00, 0x00, 0x00, // ................
	0x00, 0x00, 0x38, 0x20, 0x00, 0x0a, 0x32, 0x00, 0x10, 0x00, 0x02, 0x00, 0x00, 0x00, 0x46, 0x00, // ..8 ..2.......F.
	0x10, 0x00, 0x02, 0x00, 0x00, 0x00, 0x02, 0x40, 0x00, 0x00, 0xcd, 0xcc, 0x4c, 0x3f, 0xcd, 0xcc, // .......@....L?..
	0x4c, 0x3f, 0x00, 0x00, 0x00, 0x00, 0x00, 0x00, 0x00, 0x00, 0x32, 0x00, 0x00, 0x0f, 0x62, 0x00, // L?........2...b.
	0x10, 0x00, 0x04, 0x00, 0x00, 0x00, 0x06, 0x01, 0x10, 0x00, 0x02, 0x00, 0x00, 0x00, 0x02, 0x40, // ...............@
	0x00, 0x00, 0x00, 0x00, 0x00, 0x00, 0x00, 0x00, 0x00, 0xc0, 0x00, 0x00, 0x00, 0xc0, 0x00, 0x00, // ................
	0x00, 0x00, 0x02, 0x40, 0x00, 0x00, 0x00, 0x00, 0x00, 0x00, 0x00, 0x00, 0x40, 0x40, 0x00, 0x00, // ...@........@@..
	0x40, 0x40, 0x00, 0x00, 0x00, 0x00, 0x38, 0x00, 0x00, 0x07, 0x32, 0x00, 0x10, 0x00, 0x02, 0x00, // @@....8...2.....
	0x00, 0x00, 0x46, 0x00, 0x10, 0x00, 0x02, 0x00, 0x00, 0x00, 0x46, 0x00, 0x10, 0x00, 0x02, 0x00, // ..F.......F.....
	0x00, 0x00, 0x38, 0x00, 0x00, 0x07, 0x32, 0x00, 0x10, 0x00, 0x02, 0x00, 0x00, 0x00, 0x46, 0x00, // ..8...2.......F.
	0x10, 0x00, 0x02, 0x00, 0x00, 0x00, 0x96, 0x05, 0x10, 0x00, 0x04, 0x00, 0x00, 0x00, 0x00, 0x00, // ................
	0x00, 0x08, 0x12, 0x00, 0x10, 0x00, 0x04, 0x00, 0x00, 0x00, 0x2a, 0x00, 0x10, 0x80, 0x41, 0x00, // ..........*...A.
	0x00, 0x00, 0x02, 0x00, 0x00, 0x00, 0x0a, 0x00, 0x10, 0x00, 0x04, 0x00, 0x00, 0x00, 0x32, 0x00, // ..............2.
	0x00, 0x09, 0x12, 0x00, 0x10, 0x00, 0x02, 0x00, 0x00, 0x00, 0x0a, 0x00, 0x10, 0x00, 0x02, 0x00, // ................
	0x00, 0x00, 0x0a, 0x00, 0x10, 0x00, 0x04, 0x00, 0x00, 0x00, 0x2a, 0x00, 0x10, 0x00, 0x02, 0x00, // ..........*.....
	0x00, 0x00, 0x37, 0x00, 0x00, 0x09, 0x12, 0x00, 0x10, 0x00, 0x02, 0x00, 0x00, 0x00, 0x0a, 0x00, // ..7.............
	0x10, 0x00, 0x03, 0x00, 0x00, 0x00, 0x0a, 0x00, 0x10, 0x00, 0x02, 0x00, 0x00, 0x00, 0x2a, 0x00, // ..............*.
	0x10, 0x00, 0x02, 0x00, 0x00, 0x00, 0x0e, 0x00, 0x00, 0x07, 0x42, 0x00, 0x10, 0x00, 0x02, 0x00, // ..........B.....
	0x00, 0x00, 0x1a, 0x00, 0x10, 0x00, 0x00, 0x00, 0x00, 0x00, 0x2a, 0x00, 0x10, 0x00, 0x01, 0x00, // ..........*.....
	0x00, 0x00, 0x00, 0x00, 0x00, 0x07, 0x42, 0x00, 0x10, 0x00, 0x02, 0x00, 0x00, 0x00, 0x2a, 0x00, // ......B.......*.
	0x10, 0x00, 0x02, 0x00, 0x00, 0x00, 0x01, 0x40, 0x00, 0x00, 0x00, 0x00, 0x00, 0x3f, 0x41, 0x00, // .......@.....?A.
	0x00, 0x05, 0x42, 0x00, 0x10, 0x00, 0x02, 0x00, 0x00, 0x00, 0x2a, 0x00, 0x10, 0x00, 0x02, 0x00, // ..B.......*.....
	0x00, 0x00, 0x32, 0x00, 0x00, 0x0a, 0x42, 0x00, 0x10, 0x00, 0x01, 0x00, 0x00, 0x00, 0x2a, 0x00, // ..2...B.......*.
	0x10, 0x80, 0x41, 0x00, 0x00, 0x00, 0x02, 0x00, 0x00, 0x00, 0x2a, 0x00, 0x10, 0x00, 0x01, 0x00, // ..A.......*.....
	0x00, 0x00, 0x1a, 0x00, 0x10, 0x00, 0x00, 0x00, 0x00, 0x00, 0x32, 0x00, 0x00, 0x0b, 0x42, 0x00, // ..........2...B.
	0x10, 0x00, 0x01, 0x00, 0x00, 0x00, 0x1a, 0x00, 0x10, 0x80, 0x41, 0x00, 0x00, 0x00, 0x01, 0x00, // ..........A.....
	0x00, 0x00, 0x01, 0x40, 0x00, 0x00, 0xcc, 0xcc, 0x4c, 0xbe, 0x2a, 0x00, 0x10, 0x80, 0x81, 0x00, // ...@....L.*.....
	0x00, 0x00, 0x01, 0x00, 0x00, 0x00, 0x38, 0x20, 0x00, 0x07, 0x42, 0x00, 0x10, 0x00, 0x01, 0x00, // ......8 ..B.....
	0x00, 0x00, 0x2a, 0x00, 0x10, 0x00, 0x03, 0x00, 0x00, 0x00, 0x2a, 0x00, 0x10, 0x00, 0x01, 0x00, // ..*.......*.....
	0x00, 0x00, 0x32, 0x00, 0x00, 0x09, 0x42, 0x00, 0x10, 0x00, 0x02, 0x00, 0x00, 0x00, 0x2a, 0x00, // ..2...B.......*.
	0x10, 0x00, 0x01, 0x00, 0x00, 0x00, 0x01, 0x40, 0x00, 0x00, 0x00, 0x00, 0x00, 0xc0, 0x01, 0x40, // .......@.......@
	0x00, 0x00, 0x00, 0x00, 0x40, 0x40, 0x38, 0x00, 0x00, 0x07, 0x42, 0x00, 0x10, 0x00, 0x01, 0x00, // ....@@8...B.....
	0x00, 0x00, 0x2a, 0x00, 0x10, 0x00, 0x01, 0x00, 0x00, 0x00, 0x2a, 0x00, 0x10, 0x00, 0x01, 0x00, // ..*.......*.....
	0x00, 0x00, 0x32, 0x00, 0x00, 0x0a, 0x42, 0x00, 0x10, 0x00, 0x01, 0x00, 0x00, 0x00, 0x2a, 0x00, // ..2...B.......*.
	0x10, 0x80, 0x41, 0x00, 0x00, 0x00, 0x02, 0x00, 0x00, 0x00, 0x2a, 0x00, 0x10, 0x00, 0x01, 0x00, // ..A.......*.....
	0x00, 0x00, 0x01, 0x40, 0x00, 0x00, 0x00, 0x00, 0x80, 0x3f, 0x00, 0x00, 0x00, 0x08, 0x42, 0x00, // ...@.....?....B.
	0x10, 0x00, 0x01, 0x00, 0x00, 0x00, 0x3a, 0x00, 0x10, 0x80, 0x41, 0x00, 0x00, 0x00, 0x02, 0x00, // ......:...A.....
	0x00, 0x00, 0x2a, 0x00, 0x10, 0x00, 0x01, 0x00, 0x00, 0x00, 0x32, 0x00, 0x00, 0x09, 0x42, 0x00, // ..*.......2...B.
	0x10, 0x00, 0x01, 0x00, 0x00, 0x00, 0x1a, 0x00, 0x10, 0x00, 0x02, 0x00, 0x00, 0x00, 0x2a, 0x00, // ..............*.
	0x10, 0x00, 0x01, 0x00, 0x00, 0x00, 0x3a, 0x00, 0x10, 0x00, 0x02, 0x00, 0x00, 0x00, 0x37, 0x00, // ......:.......7.
	0x00, 0x09, 0x42, 0x00, 0x10, 0x00, 0x01, 0x00, 0x00, 0x00, 0x3a, 0x00, 0x10, 0x00, 0x03, 0x00, // ..B.......:.....
	0x00, 0x00, 0x2a, 0x00, 0x10, 0x00, 0x01, 0x00, 0x00, 0x00, 0x3a, 0x00, 0x10, 0x00, 0x02, 0x00, // ..*.......:.....
	0x00, 0x00, 0x34, 0x00, 0x00, 0x07, 0x42, 0x00, 0x10, 0x00, 0x00, 0x00, 0x00, 0x00, 0x3a, 0x00, // ..4...B.......:.
	0x10, 0x00, 0x00, 0x00, 0x00, 0x00, 0x2a, 0x00, 0x10, 0x00, 0x00, 0x00, 0x00, 0x00, 0x34, 0x00, // ......*.......4.
	0x00, 0x07, 0x82, 0x00, 0x10, 0x00, 0x00, 0x00, 0x00, 0x00, 0x2a, 0x00, 0x10, 0x00, 0x01, 0x00, // ..........*.....
	0x00, 0x00, 0x0a, 0x00, 0x10, 0x00, 0x02, 0x00, 0x00, 0x00, 0x1f, 0x00, 0x04, 0x03, 0x0a, 0x00, // ................
	0x10, 0x00, 0x00, 0x00, 0x00, 0x00, 0x31, 0x00, 0x00, 0x0b, 0x32, 0x00, 0x10, 0x00, 0x02, 0x00, // ......1...2.....
	0x00, 0x00, 0x02, 0x40, 0x00, 0x00, 0x00, 0x00, 0x00, 0x3f, 0x00, 0x00, 0x00, 0x3f, 0x00, 0x00, // ...@.....?...?..
	0x00, 0x00, 0x00, 0x00, 0x00, 0x00, 0x46, 0x80, 0x20, 0x00, 0x00, 0x00, 0x00, 0x00, 0x15, 0x00, // ......F. .......
	0x00, 0x00, 0x0f, 0x00, 0x00, 0x08, 0x12, 0x00, 0x10, 0x00, 0x00, 0x00, 0x00, 0x00, 0x46, 0x80, // ..............F.
	0x20, 0x00, 0x00, 0x00, 0x00, 0x00, 0x12, 0x00, 0x00, 0x00, 0x46, 0x10, 0x10, 0x00, 0x01, 0x00, //  .........F.....
	0x00, 0x00, 0x00, 0x00, 0x00, 0x08, 0x12, 0x00, 0x10, 0x00, 0x00, 0x00, 0x00, 0x00, 0x0a, 0x00, // ................
	0x10, 0x00, 0x00, 0x00, 0x00, 0x00, 0x2a, 0x80, 0x20, 0x00, 0x00, 0x00, 0x00, 0x00, 0x12, 0x00, // ......*. .......
	0x00, 0x00, 0x00, 0x00, 0x00, 0x09, 0xc2, 0x00, 0x10, 0x00, 0x02, 0x00, 0x00, 0x00, 0x06, 0x84, // ................
	0x20, 0x00, 0x00, 0x00, 0x00, 0x00, 0x12, 0x00, 0x00, 0x00, 0x06, 0x84, 0x20, 0x00, 0x00, 0x00, //  ........... ...
	0x00, 0x00, 0x12, 0x00, 0x00, 0x00, 0x0e, 0x00, 0x00, 0x08, 0x12, 0x00, 0x10, 0x00, 0x04, 0x00, // ................
	0x00, 0x00, 0x2a, 0x00, 0x10, 0x00, 0x02, 0x00, 0x00, 0x00, 0x0a, 0x80, 0x20, 0x00, 0x00, 0x00, // ..*......... ...
	0x00, 0x00, 0x17, 0x00, 0x00, 0x00, 0x0e, 0x00, 0x00, 0x08, 0x22, 0x00, 0x10, 0x00, 0x04, 0x00, // ..........".....
	0x00, 0x00, 0x3a, 0x00, 0x10, 0x00, 0x02, 0x00, 0x00, 0x00, 0x0a, 0x80, 0x20, 0x00, 0x00, 0x00, // ..:......... ...
	0x00, 0x00, 0x16, 0x00, 0x00, 0x00, 0x0f, 0x00, 0x00, 0x07, 0x42, 0x00, 0x10, 0x00, 0x01, 0x00, // ..........B.....
	0x00, 0x00, 0x46, 0x00, 0x10, 0x00, 0x04, 0x00, 0x00, 0x00, 0x46, 0x00, 0x10, 0x00, 0x04, 0x00, // ..F.......F.....
	0x00, 0x00, 0x4b, 0x00, 0x00, 0x05, 0x42, 0x00, 0x10, 0x00, 0x01, 0x00, 0x00, 0x00, 0x2a, 0x00, // ..K...B.......*.
	0x10, 0x00, 0x01, 0x00, 0x00, 0x00, 0x34, 0x00, 0x00, 0x07, 0x42, 0x00, 0x10, 0x00, 0x01, 0x00, // ......4...B.....
	0x00, 0x00, 0x2a, 0x00, 0x10, 0x00, 0x01, 0x00, 0x00, 0x00, 0x01, 0x40, 0x00, 0x00, 0x08, 0xe5, // ..*........@....
	0x3c, 0x1e, 0x0e, 0x00, 0x00, 0x08, 0x12, 0x00, 0x10, 0x00, 0x00, 0x00, 0x00, 0x00, 0x0a, 0x00, // <...............
	0x10, 0x80, 0x81, 0x00, 0x00, 0x00, 0x00, 0x00, 0x00, 0x00, 0x2a, 0x00, 0x10, 0x00, 0x01, 0x00, // ..........*.....
	0x00, 0x00, 0x00, 0x00, 0x00, 0x07, 0x12, 0x00, 0x10, 0x00, 0x00, 0x00, 0x00, 0x00, 0x0a, 0x00, // ................
	0x10, 0x00, 0x00, 0x00, 0x00, 0x00, 0x01, 0x40, 0x00, 0x00, 0x00, 0x00, 0xc0, 0xbf, 0x38, 0x20, // .......@......8 
	0x00, 0x07, 0x12, 0x00, 0x10, 0x00, 0x00, 0x00, 0x00, 0x00, 0x0a, 0x00, 0x10, 0x00, 0x00, 0x00, // ................
	0x00, 0x00, 0x01, 0x40, 0x00, 0x00, 0x00, 0x00, 0x00, 0x3f, 0x32, 0x00, 0x00, 0x09, 0x42, 0x00, // ...@.....?2...B.
	0x10, 0x00, 0x01, 0x00, 0x00, 0x00, 0x0a, 0x00, 0x10, 0x00, 0x00, 0x00, 0x00, 0x00, 0x01, 0x40, // ...............@
	0x00, 0x00, 0x00, 0x00, 0x00, 0xc0, 0x01, 0x40, 0x00, 0x00, 0x00, 0x00, 0x40, 0x40, 0x38, 0x00, // .......@....@@8.
	0x00, 0x07, 0x12, 0x00, 0x10, 0x00, 0x00, 0x00, 0x00, 0x00, 0x0a, 0x00, 0x10, 0x00, 0x00, 0x00, // ................
	0x00, 0x00, 0x0a, 0x00, 0x10, 0x00, 0x00, 0x00, 0x00, 0x00, 0x32, 0x00, 0x00, 0x0a, 0x12, 0x00, // ..........2.....
	0x10, 0x00, 0x00, 0x00, 0x00, 0x00, 0x2a, 0x00, 0x10, 0x80, 0x41, 0x00, 0x00, 0x00, 0x01, 0x00, // ......*...A.....
	0x00, 0x00, 0x0a, 0x00, 0x10, 0x00, 0x00, 0x00, 0x00, 0x00, 0x01, 0x40, 0x00, 0x00, 0x00, 0x00, // ...........@....
	0x80, 0x3f, 0x01, 0x00, 0x00, 0x07, 0x12, 0x00, 0x10, 0x00, 0x04, 0x00, 0x00, 0x00, 0x0a, 0x00, // .?..............
	0x10, 0x00, 0x00, 0x00, 0x00, 0x00, 0x0a, 0x00, 0x10, 0x00, 0x02, 0x00, 0x00, 0x00, 0x0f, 0x00, // ................
	0x00, 0x08, 0x12, 0x00, 0x10, 0x00, 0x00, 0x00, 0x00, 0x00, 0x46, 0x80, 0x20, 0x00, 0x00, 0x00, // ..........F. ...
	0x00, 0x00, 0x13, 0x00, 0x00, 0x00, 0x46, 0x10, 0x10, 0x00, 0x01, 0x00, 0x00, 0x00, 0x00, 0x00, // ......F.........
	0x00, 0x08, 0x12, 0x00, 0x10, 0x00, 0x00, 0x00, 0x00, 0x00, 0x0a, 0x00, 0x10, 0x00, 0x00, 0x00, // ................
	0x00, 0x00, 0x2a, 0x80, 0x20, 0x00, 0x00, 0x00, 0x00, 0x00, 0x13, 0x00, 0x00, 0x00, 0x00, 0x00, // ..*. ...........
	0x00, 0x09, 0x52, 0x00, 0x10, 0x00, 0x02, 0x00, 0x00, 0x00, 0x06, 0x81, 0x20, 0x00, 0x00, 0x00, // ..R......... ...
	0x00, 0x00, 0x13, 0x00, 0x00, 0x00, 0x06, 0x81, 0x20, 0x00, 0x00, 0x00, 0x00, 0x00, 0x13, 0x00, // ........ .......
	0x00, 0x00, 0x0e, 0x00, 0x00, 0x08, 0x12, 0x00, 0x10, 0x00, 0x05, 0x00, 0x00, 0x00, 0x0a, 0x00, // ................
	0x10, 0x00, 0x02, 0x00, 0x00, 0x00, 0x0a, 0x80, 0x20, 0x00, 0x00, 0x00, 0x00, 0x00, 0x17, 0x00, // ........ .......
	0x00, 0x00, 0x0e, 0x00, 0x00, 0x08, 0x22, 0x00, 0x10, 0x00, 0x05, 0x00, 0x00, 0x00, 0x2a, 0x00, // ......".......*.
	0x10, 0x00, 0x02, 0x00, 0x00, 0x00, 0x0a, 0x80, 0x20, 0x00, 0x00, 0x00, 0x00, 0x00, 0x16, 0x00, // ........ .......
	0x00, 0x00, 0x0f, 0x00, 0x00, 0x07, 0x42, 0x00, 0x10, 0x00, 0x01, 0x00, 0x00, 0x00, 0x46, 0x00, // ......B.......F.
	0x10, 0x00, 0x05, 0x00, 0x00, 0x00, 0x46, 0x00, 0x10, 0x00, 0x05, 0x00, 0x00, 0x00, 0x4b, 0x00, // ......F.......K.
	0x00, 0x05, 0x42, 0x00, 0x10, 0x00, 0x01, 0x00, 0x00, 0x00, 0x2a, 0x00, 0x10, 0x00, 0x01, 0x00, // ..B.......*.....
	0x00, 0x00, 0x34, 0x00, 0x00, 0x07, 0x42, 0x00, 0x10, 0x00, 0x01, 0x00, 0x00, 0x00, 0x2a, 0x00, // ..4...B.......*.
	0x10, 0x00, 0x01, 0x00, 0x00, 0x00, 0x01, 0x40, 0x00, 0x00, 0x08, 0xe5, 0x3c, 0x1e, 0x0e, 0x00, // .......@....<...
	0x00, 0x08, 0x12, 0x00, 0x10, 0x00, 0x00, 0x00, 0x00, 0x00, 0x0a, 0x00, 0x10, 0x80, 0x81, 0x00, // ................
	0x00, 0x00, 0x00, 0x00, 0x00, 0x00, 0x2a, 0x00, 0x10, 0x00, 0x01, 0x00, 0x00, 0x00, 0x00, 0x00, // ......*.........
	0x00, 0x07, 0x12, 0x00, 0x10, 0x00, 0x00, 0x00, 0x00, 0x00, 0x0a, 0x00, 0x10, 0x00, 0x00, 0x00, // ................
	0x00, 0x00, 0x01, 0x40, 0x00, 0x00, 0x00, 0x00, 0xc0, 0xbf, 0x38, 0x20, 0x00, 0x07, 0x12, 0x00, // ...@......8 ....
	0x10, 0x00, 0x00, 0x00, 0x00, 0x00, 0x0a, 0x00, 0x10, 0x00, 0x00, 0x00, 0x00, 0x00, 0x01, 0x40, // ...............@
	0x00, 0x00, 0x00, 0x00, 0x00, 0x3f, 0x32, 0x00, 0x00, 0x09, 0x42, 0x00, 0x10, 0x00, 0x01, 0x00, // .....?2...B.....
	0x00, 0x00, 0x0a, 0x00, 0x10, 0x00, 0x00, 0x00, 0x00, 0x00, 0x01, 0x40, 0x00, 0x00, 0x00, 0x00, // ...........@....
	0x00, 0xc0, 0x01, 0x40, 0x00, 0x00, 0x00, 0x00, 0x40, 0x40, 0x38, 0x00, 0x00, 0x07, 0x12, 0x00, // ...@....@@8.....
	0x10, 0x00, 0x00, 0x00, 0x00, 0x00, 0x0a, 0x00, 0x10, 0x00, 0x00, 0x00, 0x00, 0x00, 0x0a, 0x00, // ................
	0x10, 0x00, 0x00, 0x00, 0x00, 0x00, 0x32, 0x00, 0x00, 0x0a, 0x12, 0x00, 0x10, 0x00, 0x00, 0x00, // ......2.........
	0x00, 0x00, 0x2a, 0x00, 0x10, 0x80, 0x41, 0x00, 0x00, 0x00, 0x01, 0x00, 0x00, 0x00, 0x0a, 0x00, // ..*...A.........
	0x10, 0x00, 0x00, 0x00, 0x00, 0x00, 0x01, 0x40, 0x00, 0x00, 0x00, 0x00, 0x80, 0x3f, 0x01, 0x00, // .......@.....?..
	0x00, 0x07, 0x22, 0x00, 0x10, 0x00, 0x04, 0x00, 0x00, 0x00, 0x0a, 0x00, 0x10, 0x00, 0x00, 0x00, // ..".............
	0x00, 0x00, 0x1a, 0x00, 0x10, 0x00, 0x02, 0x00, 0x00, 0x00, 0x12, 0x00, 0x00, 0x01, 0x31, 0x00, // ..............1.
	0x00, 0x0b, 0x32, 0x00, 0x10, 0x00, 0x02, 0x00, 0x00, 0x00, 0x02, 0x40, 0x00, 0x00, 0x00, 0x00, // ..2........@....
	0x00, 0x3f, 0x00, 0x00, 0x00, 0x3f, 0x00, 0x00, 0x00, 0x00, 0x00, 0x00, 0x00, 0x00, 0x46, 0x80, // .?...?........F.
	0x20, 0x00, 0x00, 0x00, 0x00, 0x00, 0x15, 0x00, 0x00, 0x00, 0x00, 0x00, 0x00, 0x09, 0x12, 0x00, //  ...............
	0x10, 0x00, 0x00, 0x00, 0x00, 0x00, 0x1a, 0x00, 0x10, 0x00, 0x00, 0x00, 0x00, 0x00, 0x1a, 0x80, // ................
	0x20, 0x80, 0x41, 0x00, 0x00, 0x00, 0x00, 0x00, 0x00, 0x00, 0x11, 0x00, 0x00, 0x00, 0x32, 0x00, //  .A...........2.
	0x00, 0x0b, 0x12, 0x00, 0x10, 0x00, 0x00, 0x00, 0x00, 0x00, 0x1a, 0x00, 0x10, 0x80, 0x41, 0x00, // ..............A.
	0x00, 0x00, 0x01, 0x00, 0x00, 0x00, 0x01, 0x40, 0x00, 0x00, 0x00, 0x00, 0xc0, 0x3f, 0x0a, 0x00, // .......@.....?..
	0x10, 0x80, 0x81, 0x00, 0x00, 0x00, 0x00, 0x00, 0x00, 0x00, 0x38, 0x20, 0x00, 0x07, 0x12, 0x00, // ..........8 ....
	0x10, 0x00, 0x00, 0x00, 0x00, 0x00, 0x2a, 0x00, 0x10, 0x00, 0x03, 0x00, 0x00, 0x00, 0x0a, 0x00, // ......*.........
	0x10, 0x00, 0x00, 0x00, 0x00, 0x00, 0x32, 0x00, 0x00, 0x09, 0x22, 0x00, 0x10, 0x00, 0x00, 0x00, // ......2...".....
	0x00, 0x00, 0x0a, 0x00, 0x10, 0x00, 0x00, 0x00, 0x00, 0x00, 0x01, 0x40, 0x00, 0x00, 0x00, 0x00, // ...........@....
	0x00, 0xc0, 0x01, 0x40, 0x00, 0x00, 0x00, 0x00, 0x40, 0x40, 0x38, 0x00, 0x00, 0x07, 0x12, 0x00, // ...@....@@8.....
	0x10, 0x00, 0x00, 0x00, 0x00, 0x00, 0x0a, 0x00, 0x10, 0x00, 0x00, 0x00, 0x00, 0x00, 0x0a, 0x00, // ................
	0x10, 0x00, 0x00, 0x00, 0x00, 0x00, 0x32, 0x00, 0x00, 0x0a, 0x12, 0x00, 0x10, 0x00, 0x00, 0x00, // ......2.........
	0x00, 0x00, 0x1a, 0x00, 0x10, 0x80, 0x41, 0x00, 0x00, 0x00, 0x00, 0x00, 0x00, 0x00, 0x0a, 0x00, // ......A.........
	0x10, 0x00, 0x00, 0x00, 0x00, 0x00, 0x01, 0x40, 0x00, 0x00, 0x00, 0x00, 0x80, 0x3f, 0x01, 0x00, // .......@.....?..
	0x00, 0x07, 0x12, 0x00, 0x10, 0x00, 0x04, 0x00, 0x00, 0x00, 0x0a, 0x00, 0x10, 0x00, 0x00, 0x00, // ................
	0x00, 0x00, 0x0a, 0x00, 0x10, 0x00, 0x02, 0x00, 0x00, 0x00, 0x00, 0x00, 0x00, 0x09, 0x12, 0x00, // ................
	0x10, 0x00, 0x00, 0x00, 0x00, 0x00, 0x3a, 0x00, 0x10, 0x00, 0x01, 0x00, 0x00, 0x00, 0x0a, 0x80, // ......:.........
	0x20, 0x80, 0x41, 0x00, 0x00, 0x00, 0x00, 0x00, 0x00, 0x00, 0x11, 0x00, 0x00, 0x00, 0x32, 0x00, //  .A...........2.
	0x00, 0x0b, 0x12, 0x00, 0x10, 0x00, 0x00, 0x00, 0x00, 0x00, 0x0a, 0x00, 0x10, 0x80, 0x41, 0x00, // ..............A.
	0x00, 0x00, 0x01, 0x00, 0x00, 0x00, 0x01, 0x40, 0x00, 0x00, 0x00, 0x00, 0xc0, 0x3f, 0x0a, 0x00, // .......@.....?..
	0x10, 0x80, 0x81, 0x00, 0x00, 0x00, 0x00, 0x00, 0x00, 0x00, 0x38, 0x20, 0x00, 0x07, 0x12, 0x00, // ..........8 ....
	0x10, 0x00, 0x00, 0x00, 0x00, 0x00, 0x1a, 0x00, 0x10, 0x00, 0x03, 0x00, 0x00, 0x00, 0x0a, 0x00, // ................
	0x10, 0x00, 0x00, 0x00, 0x00, 0x00, 0x32, 0x00, 0x00, 0x09, 0x22, 0x00, 0x10, 0x00, 0x00, 0x00, // ......2...".....
	0x00, 0x00, 0x0a, 0x00, 0x10, 0x00, 0x00, 0x00, 0x00, 0x00, 0x01, 0x40, 0x00, 0x00, 0x00, 0x00, // ...........@....
	0x00, 0xc0, 0x01, 0x40, 0x00, 0x00, 0x00, 0x00, 0x40, 0x40, 0x38, 0x00, 0x00, 0x07, 0x12, 0x00, // ...@....@@8.....
	0x10, 0x00, 0x00, 0x00, 0x00, 0x00, 0x0a, 0x00, 0x10, 0x00, 0x00, 0x00, 0x00, 0x00, 0x0a, 0x00, // ................
	0x10, 0x00, 0x00, 0x00, 0x00, 0x00, 0x32, 0x00, 0x00, 0x0a, 0x12, 0x00, 0x10, 0x00, 0x00, 0x00, // ......2.........
	0x00, 0x00, 0x1a, 0x00, 0x10, 0x80, 0x41, 0x00, 0x00, 0x00, 0x00, 0x00, 0x00, 0x00, 0x0a, 0x00, // ......A.........
	0x10, 0x00, 0x00, 0x00, 0x00, 0x00, 0x01, 0x40, 0x00, 0x00, 0x00, 0x00, 0x80, 0x3f, 0x01, 0x00, // .......@.....?..
	0x00, 0x07, 0x22, 0x00, 0x10, 0x00, 0x04, 0x00, 0x00, 0x00, 0x0a, 0x00, 0x10, 0x00, 0x00, 0x00, // ..".............
	0x00, 0x00, 0x1a, 0x00, 0x10, 0x00, 0x02, 0x00, 0x00, 0x00, 0x15, 0x00, 0x00, 0x01, 0x31, 0x00, // ..............1.
	0x00, 0x08, 0x12, 0x00, 0x10, 0x00, 0x00, 0x00, 0x00, 0x00, 0x01, 0x40, 0x00, 0x00, 0x00, 0x00, // ...........@....
	0x00, 0x3f, 0x0a, 0x80, 0x20, 0x00, 0x00, 0x00, 0x00, 0x00, 0x0f, 0x00, 0x00, 0x00, 0x0f, 0x00, // .?.. ...........
	0x00, 0x08, 0x22, 0x00, 0x10, 0x00, 0x00, 0x00, 0x00, 0x00, 0x46, 0x80, 0x20, 0x00, 0x00, 0x00, // ..".......F. ...
	0x00, 0x00, 0x10, 0x00, 0x00, 0x00, 0x46, 0x10, 0x10, 0x00, 0x01, 0x00, 0x00, 0x00, 0x00, 0x00, // ......F.........
	0x00, 0x08, 0x22, 0x00, 0x10, 0x00, 0x00, 0x00, 0x00, 0x00, 0x1a, 0x00, 0x10, 0x00, 0x00, 0x00, // ..".............
	0x00, 0x00, 0x2a, 0x80, 0x20, 0x00, 0x00, 0x00, 0x00, 0x00, 0x10, 0x00, 0x00, 0x00, 0x00, 0x00, // ..*. ...........
	0x00, 0x09, 0x32, 0x00, 0x10, 0x00, 0x01, 0x00, 0x00, 0x00, 0x46, 0x80, 0x20, 0x00, 0x00, 0x00, // ..2.......F. ...
	0x00, 0x00, 0x10, 0x00, 0x00, 0x00, 0x46, 0x80, 0x20, 0x00, 0x00, 0x00, 0x00, 0x00, 0x10, 0x00, // ......F. .......
	0x00, 0x00, 0x0e, 0x00, 0x00, 0x08, 0x12, 0x00, 0x10, 0x00, 0x02, 0x00, 0x00, 0x00, 0x0a, 0x00, // ................
	0x10, 0x00, 0x01, 0x00, 0x00, 0x00, 0x0a, 0x80, 0x20, 0x00, 0x00, 0x00, 0x00, 0x00, 0x17, 0x00, // ........ .......
	0x00, 0x00, 0x0e, 0x00, 0x00, 0x08, 0x22, 0x00, 0x10, 0x00, 0x02, 0x00, 0x00, 0x00, 0x1a, 0x00, // ......".........
	0x10, 0x00, 0x01, 0x00, 0x00, 0x00, 0x0a, 0x80, 0x20, 0x00, 0x00, 0x00, 0x00, 0x00, 0x16, 0x00, // ........ .......
	0x00, 0x00, 0x0f, 0x00, 0x00, 0x07, 0x12, 0x00, 0x10, 0x00, 0x01, 0x00, 0x00, 0x00, 0x46, 0x00, // ..............F.
	0x10, 0x00, 0x02, 0x00, 0x00, 0x00, 0x46, 0x00, 0x10, 0x00, 0x02, 0x00, 0x00, 0x00, 0x4b, 0x00, // ......F.......K.
	0x00, 0x05, 0x12, 0x00, 0x10, 0x00, 0x01, 0x00, 0x00, 0x00, 0x0a, 0x00, 0x10, 0x00, 0x01, 0x00, // ................
	0x00, 0x00, 0x34, 0x00, 0x00, 0x07, 0x12, 0x00, 0x10, 0x00, 0x01, 0x00, 0x00, 0x00, 0x0a, 0x00, // ..4.............
	0x10, 0x00, 0x01, 0x00, 0x00, 0x00, 0x01, 0x40, 0x00, 0x00, 0x08, 0xe5, 0x3c, 0x1e, 0x0e, 0x00, // .......@....<...
	0x00, 0x08, 0x22, 0x00, 0x10, 0x00, 0x00, 0x00, 0x00, 0x00, 0x1a, 0x00, 0x10, 0x80, 0x81, 0x00, // ..".............
	0x00, 0x00, 0x00, 0x00, 0x00, 0x00, 0x0a, 0x00, 0x10, 0x00, 0x01, 0x00, 0x00, 0x00, 0x00, 0x00, // ................
	0x00, 0x07, 0x22, 0x00, 0x10, 0x00, 0x00, 0x00, 0x00, 0x00, 0x1a, 0x00, 0x10, 0x00, 0x00, 0x00, // ..".............
	0x00, 0x00, 0x01, 0x40, 0x00, 0x00, 0x00, 0x00, 0xc0, 0xbf, 0x38, 0x20, 0x00, 0x07, 0x22, 0x00, // ...@......8 ..".
	0x10, 0x00, 0x00, 0x00, 0x00, 0x00, 0x1a, 0x00, 0x10, 0x00, 0x00, 0x00, 0x00, 0x00, 0x01, 0x40, // ...............@
	0x00, 0x00, 0x00, 0x00, 0x00, 0x3f, 0x32, 0x00, 0x00, 0x09, 0x12, 0x00, 0x10, 0x00, 0x01, 0x00, // .....?2.........
	0x00, 0x00, 0x1a, 0x00, 0x10, 0x00, 0x00, 0x00, 0x00, 0x00, 0x01, 0x40, 0x00, 0x00, 0x00, 0x00, // ...........@....
	0x00, 0xc0, 0x01, 0x40, 0x00, 0x00, 0x00, 0x00, 0x40, 0x40, 0x38, 0x00, 0x00, 0x07, 0x22, 0x00, // ...@....@@8...".
	0x10, 0x00, 0x00, 0x00, 0x00, 0x00, 0x1a, 0x00, 0x10, 0x00, 0x00, 0x00, 0x00, 0x00, 0x1a, 0x00, // ................
	0x10, 0x00, 0x00, 0x00, 0x00, 0x00, 0x32, 0x00, 0x00, 0x0a, 0x22, 0x00, 0x10, 0x00, 0x00, 0x00, // ......2...".....
	0x00, 0x00, 0x0a, 0x00, 0x10, 0x80, 0x41, 0x00, 0x00, 0x00, 0x01, 0x00, 0x00, 0x00, 0x1a, 0x00, // ......A.........
	0x10, 0x00, 0x00, 0x00, 0x00, 0x00, 0x01, 0x40, 0x00, 0x00, 0x00, 0x00, 0x80, 0x3f, 0x01, 0x00, // .......@.....?..
	0x00, 0x07, 0x12, 0x00, 0x10, 0x00, 0x00, 0x00, 0x00, 0x00, 0x1a, 0x00, 0x10, 0x00, 0x00, 0x00, // ................
	0x00, 0x00, 0x0a, 0x00, 0x10, 0x00, 0x00, 0x00, 0x00, 0x00, 0x38, 0x00, 0x00, 0x07, 0x22, 0x00, // ..........8...".
	0x10, 0x00, 0x00, 0x00, 0x00, 0x00, 0x3a, 0x00, 0x10, 0x00, 0x00, 0x00, 0x00, 0x00, 0x01, 0x40, // ......:........@
	0x00, 0x00, 0xcd, 0xcc, 0x4c, 0x3e, 0x38, 0x00, 0x00, 0x07, 0x82, 0x00, 0x10, 0x00, 0x00, 0x00, // ....L>8.........
	0x00, 0x00, 0x2a, 0x00, 0x10, 0x00, 0x00, 0x00, 0x00, 0x00, 0x01, 0x40, 0x00, 0x00, 0x00, 0x00, // ..*........@....
	0x00, 0x3f, 0x34, 0x00, 0x00, 0x07, 0x22, 0x00, 0x10, 0x00, 0x00, 0x00, 0x00, 0x00, 0x3a, 0x00, // .?4...".......:.
	0x10, 0x00, 0x00, 0x00, 0x00, 0x00, 0x1a, 0x00, 0x10, 0x00, 0x00, 0x00, 0x00, 0x00, 0x34, 0x00, // ..............4.
	0x00, 0x07, 0x82, 0x00, 0x10, 0x00, 0x00, 0x00, 0x00, 0x00, 0x1a, 0x00, 0x10, 0x00, 0x04, 0x00, // ................
	0x00, 0x00, 0x0a, 0x00, 0x10, 0x00, 0x04, 0x00, 0x00, 0x00, 0x34, 0x00, 0x00, 0x07, 0x82, 0x00, // ..........4.....
	0x10, 0x00, 0x00, 0x00, 0x00, 0x00, 0x0a, 0x00, 0x10, 0x00, 0x00, 0x00, 0x00, 0x00, 0x3a, 0x00, // ..............:.
	0x10, 0x00, 0x00, 0x00, 0x00, 0x00, 0x38, 0x00, 0x00, 0x07, 0x82, 0x00, 0x10, 0x00, 0x00, 0x00, // ......8.........
	0x00, 0x00, 0x3a, 0x00, 0x10, 0x00, 0x00, 0x00, 0x00, 0x00, 0x01, 0x40, 0x00, 0x00, 0xcd, 0xcc, // ..:........@....
	0x4c, 0x3f, 0x34, 0x00, 0x00, 0x07, 0x22, 0x00, 0x10, 0x00, 0x00, 0x00, 0x00, 0x00, 0x3a, 0x00, // L?4...".......:.
	0x10, 0x00, 0x00, 0x00, 0x00, 0x00, 0x1a, 0x00, 0x10, 0x00, 0x00, 0x00, 0x00, 0x00, 0x38, 0x00, // ..............8.
	0x00, 0x08, 0x22, 0x00, 0x10, 0x00, 0x00, 0x00, 0x00, 0x00, 0x1a, 0x00, 0x10, 0x00, 0x00, 0x00, // ..".............
	0x00, 0x00, 0x0a, 0x80, 0x20, 0x00, 0x00, 0x00, 0x00, 0x00, 0x1f, 0x00, 0x00, 0x00, 0x1d, 0x00, // .... ...........
	0x00, 0x07, 0x82, 0x00, 0x10, 0x00, 0x00, 0x00, 0x00, 0x00, 0x01, 0x40, 0x00, 0x00, 0x00, 0x00, // ...........@....
	0x00, 0x00, 0x1a, 0x00, 0x10, 0x00, 0x00, 0x00, 0x00, 0x00, 0x0d, 0x00, 0x04, 0x03, 0x3a, 0x00, // ..............:.
	0x10, 0x00, 0x00, 0x00, 0x00, 0x00, 0x00, 0x00, 0x00, 0x0a, 0x72, 0x00, 0x10, 0x00, 0x01, 0x00, // ..........r.....
	0x00, 0x00, 0x46, 0x82, 0x20, 0x00, 0x00, 0x00, 0x00, 0x00, 0x1d, 0x00, 0x00, 0x00, 0x46, 0x82, // ..F. .........F.
	0x20, 0x80, 0x41, 0x00, 0x00, 0x00, 0x00, 0x00, 0x00, 0x00, 0x1e, 0x00, 0x00, 0x00, 0x32, 0x00, //  .A...........2.
	0x00, 0x0a, 0x72, 0x00, 0x10, 0x00, 0x01, 0x00, 0x00, 0x00, 0xa6, 0x0a, 0x10, 0x00, 0x00, 0x00, // ..r.............
	0x00, 0x00, 0x46, 0x02, 0x10, 0x00, 0x01, 0x00, 0x00, 0x00, 0x46, 0x82, 0x20, 0x00, 0x00, 0x00, // ..F.......F. ...
	0x00, 0x00, 0x1e, 0x00, 0x00, 0x00, 0x00, 0x00, 0x00, 0x09, 0x72, 0x00, 0x10, 0x00, 0x02, 0x00, // ..........r.....
	0x00, 0x00, 0x46, 0x02, 0x10, 0x80, 0x41, 0x00, 0x00, 0x00, 0x01, 0x00, 0x00, 0x00, 0x46, 0x82, // ..F...A.......F.
	0x20, 0x00, 0x00, 0x00, 0x00, 0x00, 0x0d, 0x00, 0x00, 0x00, 0x32, 0x00, 0x00, 0x09, 0x72, 0x00, //  .........2...r.
	0x10, 0x00, 0x01, 0x00, 0x00, 0x00, 0x06, 0x00, 0x10, 0x00, 0x04, 0x00, 0x00, 0x00, 0x46, 0x02, // ..............F.
	0x10, 0x00, 0x02, 0x00, 0x00, 0x00, 0x46, 0x02, 0x10, 0x00, 0x01, 0x00, 0x00, 0x00, 0x00, 0x00, // ......F.........
	0x00, 0x09, 0x72, 0x00, 0x10, 0x00, 0x02, 0x00, 0x00, 0x00, 0x46, 0x02, 0x10, 0x80, 0x41, 0x00, // ..r.......F...A.
	0x00, 0x00, 0x01, 0x00, 0x00, 0x00, 0x46, 0x82, 0x20, 0x00, 0x00, 0x00, 0x00, 0x00, 0x0e, 0x00, // ......F. .......
	0x00, 0x00, 0x32, 0x00, 0x00, 0x09, 0x72, 0x00, 0x10, 0x00, 0x01, 0x00, 0x00, 0x00, 0x56, 0x05, // ..2...r.......V.
	0x10, 0x00, 0x04, 0x00, 0x00, 0x00, 0x46, 0x02, 0x10, 0x00, 0x02, 0x00, 0x00, 0x00, 0x46, 0x02, // ......F.......F.
	0x10, 0x00, 0x01, 0x00, 0x00, 0x00, 0x00, 0x00, 0x00, 0x0b, 0x72, 0x00, 0x10, 0x00, 0x02, 0x00, // ..........r.....
	0x00, 0x00, 0x46, 0x02, 0x10, 0x80, 0x41, 0x00, 0x00, 0x00, 0x01, 0x00, 0x00, 0x00, 0x02, 0x40, // ..F...A........@
	0x00, 0x00, 0x00, 0x00, 0x80, 0x3f, 0x9a, 0x99, 0x59, 0x3f, 0xcd, 0xcc, 0xcc, 0x3d, 0x00, 0x00, // .....?..Y?...=..
	0x00, 0x00, 0x32, 0x00, 0x00, 0x09, 0x72, 0x20, 0x10, 0x00, 0x00, 0x00, 0x00, 0x00, 0x06, 0x00, // ..2...r ........
	0x10, 0x00, 0x00, 0x00, 0x00, 0x00, 0x46, 0x02, 0x10, 0x00, 0x02, 0x00, 0x00, 0x00, 0x46, 0x02, // ......F.......F.
	0x10, 0x00, 0x01, 0x00, 0x00, 0x00, 0x36, 0x00, 0x00, 0x05, 0x82, 0x20, 0x10, 0x00, 0x00, 0x00, // ......6.... ....
	0x00, 0x00, 0x1a, 0x00, 0x10, 0x00, 0x00, 0x00, 0x00, 0x00, 0x3e, 0x00, 0x00, 0x01, 0x00, 0x00, // ..........>.....
	0x10, 0x02,                                                                                     // ..
};

static const uint8_t frag_glsl[10465] =
{
	0x46, 0x53, 0x48, 0x0b, 0x6d, 0xa5, 0xfb, 0x9b, 0x00, 0x00, 0x00, 0x00, 0x1a, 0x00, 0x09, 0x75, // FSH.m..........u
	0x56, 0x69, 0x65, 0x77, 0x50, 0x72, 0x6f, 0x6a, 0x04, 0x01, 0x00, 0x00, 0x04, 0x00, 0x00, 0x00, // ViewProj........
	0x00, 0x00, 0x05, 0x75, 0x56, 0x69, 0x65, 0x77, 0x04, 0x01, 0x00, 0x00, 0x04, 0x00, 0x00, 0x00, // ...uView........
	0x00, 0x00, 0x09, 0x75, 0x4c, 0x6f, 0x67, 0x44, 0x65, 0x70, 0x74, 0x68, 0x02, 0x01, 0x00, 0x00, // ...uLogDepth....
	0x01, 0x00, 0x00, 0x00, 0x00, 0x00, 0x0f, 0x75, 0x4f, 0x72, 0x69, 0x67, 0x69, 0x6e, 0x52, 0x65, // .......uOriginRe
	0x6c, 0x61, 0x74, 0x69, 0x76, 0x65, 0x02, 0x01, 0x00, 0x00, 0x01, 0x00, 0x00, 0x00, 0x00, 0x00, // lative..........
	0x0c, 0x75, 0x50, 0x6c, 0x61, 0x6e, 0x65, 0x4e, 0x6f, 0x72, 0x6d, 0x61, 0x6c, 0x02, 0x01, 0x00, // .uPlaneNormal...
	0x00, 0x01, 0x00, 0x00, 0x00, 0x00, 0x00, 0x0e, 0x75, 0x50, 0x6c, 0x61, 0x6e, 0x65, 0x54, 0x61, // ........uPlaneTa
	0x6e, 0x67, 0x65, 0x6e, 0x74, 0x55, 0x02, 0x01, 0x00, 0x00, 0x01, 0x00, 0x00, 0x00, 0x00, 0x00, // ngentU..........
	0x0e, 0x75, 0x50, 0x6c, 0x61, 0x6e, 0x65, 0x54, 0x61, 0x6e, 0x67, 0x65, 0x6e, 0x74, 0x56, 0x02, // .uPlaneTangentV.
	0x01, 0x00, 0x00, 0x01, 0x00, 0x00, 0x00, 0x00, 0x00, 0x0b, 0x75, 0x41, 0x78, 0x69, 0x73, 0x43, // ..........uAxisC
	0x6f, 0x6c, 0x6f, 0x72, 0x55, 0x02, 0x01, 0x00, 0x00, 0x01, 0x00, 0x00, 0x00, 0x00, 0x00, 0x0b, // olorU...........
	0x75, 0x41, 0x78, 0x69, 0x73, 0x43, 0x6f, 0x6c, 0x6f, 0x72, 0x56, 0x02, 0x01, 0x00, 0x00, 0x01, // uAxisColorV.....
	0x00, 0x00, 0x00, 0x00, 0x00, 0x11, 0x75, 0x53, 0x74, 0x61, 0x72, 0x74, 0x41, 0x78, 0x69, 0x73, // ......uStartAxis
	0x56, 0x69, 0x73, 0x69, 0x62, 0x6c, 0x65, 0x02, 0x01, 0x00, 0x00, 0x01, 0x00, 0x00, 0x00, 0x00, // Visible.........
	0x00, 0x0e, 0x75, 0x53, 0x74, 0x61, 0x72, 0x74, 0x41, 0x78, 0x69, 0x73, 0x4c, 0x69, 0x6e, 0x65, // ..uStartAxisLine
	0x02, 0x01, 0x00, 0x00, 0x01, 0x00, 0x00, 0x00, 0x00, 0x00, 0x17, 0x75, 0x41, 0x78, 0x69, 0x73, // ...........uAxis
	0x4f, 0x72, 0x69, 0x67, 0x69, 0x6e, 0x47, 0x72, 0x69, 0x64, 0x52, 0x65, 0x6c, 0x61, 0x74, 0x69, // OriginGridRelati
	0x76, 0x65, 0x02, 0x01, 0x00, 0x00, 0x01, 0x00, 0x00, 0x00, 0x00, 0x00, 0x0a, 0x75, 0x41, 0x78, // ve...........uAx
	0x69, 0x73, 0x4c, 0x69, 0x6e, 0x65, 0x58, 0x02, 0x01, 0x00, 0x00, 0x01, 0x00, 0x00, 0x00, 0x00, // isLineX.........
	0x00, 0x0a, 0x75, 0x41, 0x78, 0x69, 0x73, 0x4c, 0x69, 0x6e, 0x65, 0x5a, 0x02, 0x01, 0x00, 0x00, // ..uAxisLineZ....
	0x01, 0x00, 0x00, 0x00, 0x00, 0x00, 0x05, 0x75, 0x53, 0x74, 0x65, 0x70, 0x02, 0x01, 0x00, 0x00, // .......uStep....
	0x01, 0x00, 0x00, 0x00, 0x00, 0x00, 0x0c, 0x75, 0x41, 0x78, 0x69, 0x73, 0x56, 0x69, 0x73, 0x69, // .......uAxisVisi
	0x62, 0x6c, 0x65, 0x02, 0x01, 0x00, 0x00, 0x01, 0x00, 0x00, 0x00, 0x00, 0x00, 0x0d, 0x75, 0x53, // ble...........uS
	0x63, 0x72, 0x65, 0x65, 0x6e, 0x48, 0x65, 0x69, 0x67, 0x68, 0x74, 0x02, 0x01, 0x00, 0x00, 0x01, // creenHeight.....
	0x00, 0x00, 0x00, 0x00, 0x00, 0x0c, 0x75, 0x53, 0x63, 0x72, 0x65, 0x65, 0x6e, 0x57, 0x69, 0x64, // ......uScreenWid
	0x74, 0x68, 0x02, 0x01, 0x00, 0x00, 0x01, 0x00, 0x00, 0x00, 0x00, 0x00, 0x08, 0x75, 0x49, 0x73, // th...........uIs
	0x4f, 0x72, 0x74, 0x68, 0x6f, 0x02, 0x01, 0x00, 0x00, 0x01, 0x00, 0x00, 0x00, 0x00, 0x00, 0x10, // Ortho...........
	0x75, 0x4f, 0x72, 0x74, 0x68, 0x6f, 0x50, 0x6c, 0x61, 0x6e, 0x65, 0x56, 0x61, 0x6c, 0x69, 0x64, // uOrthoPlaneValid
	0x02, 0x01, 0x00, 0x00, 0x01, 0x00, 0x00, 0x00, 0x00, 0x00, 0x11, 0x75, 0x4f, 0x72, 0x74, 0x68, // ...........uOrth
	0x6f, 0x50, 0x6c, 0x61, 0x6e, 0x65, 0x43, 0x65, 0x6e, 0x74, 0x65, 0x72, 0x02, 0x01, 0x00, 0x00, // oPlaneCenter....
	0x01, 0x00, 0x00, 0x00, 0x00, 0x00, 0x0b, 0x75, 0x4f, 0x72, 0x74, 0x68, 0x6f, 0x52, 0x69, 0x67, // .......uOrthoRig
	0x68, 0x74, 0x02, 0x01, 0x00, 0x00, 0x01, 0x00, 0x00, 0x00, 0x00, 0x00, 0x08, 0x75, 0x4f, 0x72, // ht...........uOr
	0x74, 0x68, 0x6f, 0x55, 0x70, 0x02, 0x01, 0x00, 0x00, 0x01, 0x00, 0x00, 0x00, 0x00, 0x00, 0x0f, // thoUp...........
	0x75, 0x47, 0x72, 0x69, 0x64, 0x43, 0x6f, 0x6c, 0x6f, 0x72, 0x4d, 0x61, 0x6a, 0x6f, 0x72, 0x02, // uGridColorMajor.
	0x01, 0x00, 0x00, 0x01, 0x00, 0x00, 0x00, 0x00, 0x00, 0x0f, 0x75, 0x47, 0x72, 0x69, 0x64, 0x43, // ..........uGridC
	0x6f, 0x6c, 0x6f, 0x72, 0x4d, 0x69, 0x6e, 0x6f, 0x72, 0x02, 0x01, 0x00, 0x00, 0x01, 0x00, 0x00, // olorMinor.......
	0x00, 0x00, 0x00, 0x0c, 0x75, 0x47, 0x72, 0x69, 0x64, 0x4f, 0x70, 0x61, 0x63, 0x69, 0x74, 0x79, // ....uGridOpacity
	0x02, 0x01, 0x00, 0x00, 0x01, 0x00, 0x00, 0x00, 0x00, 0x00, 0x72, 0x26, 0x00, 0x00, 0x76, 0x61, // ..........r&..va
	0x72, 0x79, 0x69, 0x6e, 0x67, 0x20, 0x76, 0x65, 0x63, 0x32, 0x20, 0x76, 0x5f, 0x6e, 0x64, 0x63, // rying vec2 v_ndc
	0x3b, 0x0a, 0x76, 0x61, 0x72, 0x79, 0x69, 0x6e, 0x67, 0x20, 0x76, 0x65, 0x63, 0x33, 0x20, 0x76, // ;.varying vec3 v
	0x5f, 0x72, 0x61, 0x79, 0x44, 0x69, 0x72, 0x3b, 0x0a, 0x76, 0x61, 0x72, 0x79, 0x69, 0x6e, 0x67, // _rayDir;.varying
	0x20, 0x76, 0x65, 0x63, 0x33, 0x20, 0x76, 0x5f, 0x72, 0x61, 0x79, 0x4f, 0x72, 0x69, 0x67, 0x69, //  vec3 v_rayOrigi
	0x6e, 0x3b, 0x0a, 0x75, 0x6e, 0x69, 0x66, 0x6f, 0x72, 0x6d, 0x20, 0x6d, 0x61, 0x74, 0x34, 0x20, // n;.uniform mat4 
	0x75, 0x56, 0x69, 0x65, 0x77, 0x50, 0x72, 0x6f, 0x6a, 0x3b, 0x0a, 0x75, 0x6e, 0x69, 0x66, 0x6f, // uViewProj;.unifo
	0x72, 0x6d, 0x20, 0x6d, 0x61, 0x74, 0x34, 0x20, 0x75, 0x56, 0x69, 0x65, 0x77, 0x3b, 0x0a, 0x75, // rm mat4 uView;.u
	0x6e, 0x69, 0x66, 0x6f, 0x72, 0x6d, 0x20, 0x76, 0x65, 0x63, 0x34, 0x20, 0x75, 0x4c, 0x6f, 0x67, // niform vec4 uLog
	0x44, 0x65, 0x70, 0x74, 0x68, 0x3b, 0x0a, 0x75, 0x6e, 0x69, 0x66, 0x6f, 0x72, 0x6d, 0x20, 0x76, // Depth;.uniform v
	0x65, 0x63, 0x34, 0x20, 0x75, 0x4f, 0x72, 0x69, 0x67, 0x69, 0x6e, 0x52, 0x65, 0x6c, 0x61, 0x74, // ec4 uOriginRelat
	0x69, 0x76, 0x65, 0x3b, 0x0a, 0x75, 0x6e, 0x69, 0x66, 0x6f, 0x72, 0x6d, 0x20, 0x76, 0x65, 0x63, // ive;.uniform vec
	0x34, 0x20, 0x75, 0x50, 0x6c, 0x61, 0x6e, 0x65, 0x4e, 0x6f, 0x72, 0x6d, 0x61, 0x6c, 0x3b, 0x0a, // 4 uPlaneNormal;.
	0x75, 0x6e, 0x69, 0x66, 0x6f, 0x72, 0x6d, 0x20, 0x76, 0x65, 0x63, 0x34, 0x20, 0x75, 0x50, 0x6c, // uniform vec4 uPl
	0x61, 0x6e, 0x65, 0x54, 0x61, 0x6e, 0x67, 0x65, 0x6e, 0x74, 0x55, 0x3b, 0x0a, 0x75, 0x6e, 0x69, // aneTangentU;.uni
	0x66, 0x6f, 0x72, 0x6d, 0x20, 0x76, 0x65, 0x63, 0x34, 0x20, 0x75, 0x50, 0x6c, 0x61, 0x6e, 0x65, // form vec4 uPlane
	0x54, 0x61, 0x6e, 0x67, 0x65, 0x6e, 0x74, 0x56, 0x3b, 0x0a, 0x75, 0x6e, 0x69, 0x66, 0x6f, 0x72, // TangentV;.unifor
	0x6d, 0x20, 0x76, 0x65, 0x63, 0x34, 0x20, 0x75, 0x41, 0x78, 0x69, 0x73, 0x43, 0x6f, 0x6c, 0x6f, // m vec4 uAxisColo
	0x72, 0x55, 0x3b, 0x0a, 0x75, 0x6e, 0x69, 0x66, 0x6f, 0x72, 0x6d, 0x20, 0x76, 0x65, 0x63, 0x34, // rU;.uniform vec4
	0x20, 0x75, 0x41, 0x78, 0x69, 0x73, 0x43, 0x6f, 0x6c, 0x6f, 0x72, 0x56, 0x3b, 0x0a, 0x75, 0x6e, //  uAxisColorV;.un
	0x69, 0x66, 0x6f, 0x72, 0x6d, 0x20, 0x76, 0x65, 0x63, 0x34, 0x20, 0x75, 0x53, 0x74, 0x61, 0x72, // iform vec4 uStar
	0x74, 0x41, 0x78, 0x69, 0x73, 0x56, 0x69, 0x73, 0x69, 0x62, 0x6c, 0x65, 0x3b, 0x0a, 0x75, 0x6e, // tAxisVisible;.un
	0x69, 0x66, 0x6f, 0x72, 0x6d, 0x20, 0x76, 0x65, 0x63, 0x34, 0x20, 0x75, 0x53, 0x74, 0x61, 0x72, // iform vec4 uStar
	0x74, 0x41, 0x78, 0x69, 0x73, 0x4c, 0x69, 0x6e, 0x65, 0x3b, 0x0a, 0x75, 0x6e, 0x69, 0x66, 0x6f, // tAxisLine;.unifo
	0x72, 0x6d, 0x20, 0x76, 0x65, 0x63, 0x34, 0x20, 0x75, 0x41, 0x78, 0x69, 0x73, 0x4f, 0x72, 0x69, // rm vec4 uAxisOri
	0x67, 0x69, 0x6e, 0x47, 0x72, 0x69, 0x64, 0x52, 0x65, 0x6c, 0x61, 0x74, 0x69, 0x76, 0x65, 0x3b, // ginGridRelative;
	0x0a, 0x75, 0x6e, 0x69, 0x66, 0x6f, 0x72, 0x6d, 0x20, 0x76, 0x65, 0x63, 0x34, 0x20, 0x75, 0x41, // .uniform vec4 uA
	0x78, 0x69, 0x73, 0x4c, 0x69, 0x6e, 0x65, 0x58, 0x3b, 0x0a, 0x75, 0x6e, 0x69, 0x66, 0x6f, 0x72, // xisLineX;.unifor
	0x6d, 0x20, 0x76, 0x65, 0x63, 0x34, 0x20, 0x75, 0x41, 0x78, 0x69, 0x73, 0x4c, 0x69, 0x6e, 0x65, // m vec4 uAxisLine
	0x5a, 0x3b, 0x0a, 0x75, 0x6e, 0x69, 0x66, 0x6f, 0x72, 0x6d, 0x20, 0x76, 0x65, 0x63, 0x34, 0x20, // Z;.uniform vec4 
	0x75, 0x53, 0x74, 0x65, 0x70, 0x3b, 0x0a, 0x75, 0x6e, 0x69, 0x66, 0x6f, 0x72, 0x6d, 0x20, 0x76, // uStep;.uniform v
	0x65, 0x63, 0x34, 0x20, 0x75, 0x41, 0x78, 0x69, 0x73, 0x56, 0x69, 0x73, 0x69, 0x62, 0x6c, 0x65, // ec4 uAxisVisible
	0x3b, 0x0a, 0x75, 0x6e, 0x69, 0x66, 0x6f, 0x72, 0x6d, 0x20, 0x76, 0x65, 0x63, 0x34, 0x20, 0x75, // ;.uniform vec4 u
	0x53, 0x63, 0x72, 0x65, 0x65, 0x6e, 0x48, 0x65, 0x69, 0x67, 0x68, 0x74, 0x3b, 0x0a, 0x75, 0x6e, // ScreenHeight;.un
	0x69, 0x66, 0x6f, 0x72, 0x6d, 0x20, 0x76, 0x65, 0x63, 0x34, 0x20, 0x75, 0x53, 0x63, 0x72, 0x65, // iform vec4 uScre
	0x65, 0x6e, 0x57, 0x69, 0x64, 0x74, 0x68, 0x3b, 0x0a, 0x75, 0x6e, 0x69, 0x66, 0x6f, 0x72, 0x6d, // enWidth;.uniform
	0x20, 0x76, 0x65, 0x63, 0x34, 0x20, 0x75, 0x49, 0x73, 0x4f, 0x72, 0x74, 0x68, 0x6f, 0x3b, 0x0a, //  vec4 uIsOrtho;.
	0x75, 0x6e, 0x69, 0x66, 0x6f, 0x72, 0x6d, 0x20, 0x76, 0x65, 0x63, 0x34, 0x20, 0x75, 0x4f, 0x72, // uniform vec4 uOr
	0x74, 0x68, 0x6f, 0x50, 0x6c, 0x61, 0x6e, 0x65, 0x56, 0x61, 0x6c, 0x69, 0x64, 0x3b, 0x0a, 0x75, // thoPlaneValid;.u
	0x6e, 0x69, 0x66, 0x6f, 0x72, 0x6d, 0x20, 0x76, 0x65, 0x63, 0x34, 0x20, 0x75, 0x4f, 0x72, 0x74, // niform vec4 uOrt
	0x68, 0x6f, 0x50, 0x6c, 0x61, 0x6e, 0x65, 0x43, 0x65, 0x6e, 0x74, 0x65, 0x72, 0x3b, 0x0a, 0x75, // hoPlaneCenter;.u
	0x6e, 0x69, 0x66, 0x6f, 0x72, 0x6d, 0x20, 0x76, 0x65, 0x63, 0x34, 0x20, 0x75, 0x4f, 0x72, 0x74, // niform vec4 uOrt
	0x68, 0x6f, 0x52, 0x69, 0x67, 0x68, 0x74, 0x3b, 0x0a, 0x75, 0x6e, 0x69, 0x66, 0x6f, 0x72, 0x6d, // hoRight;.uniform
	0x20, 0x76, 0x65, 0x63, 0x34, 0x20, 0x75, 0x4f, 0x72, 0x74, 0x68, 0x6f, 0x55, 0x70, 0x3b, 0x0a, //  vec4 uOrthoUp;.
	0x75, 0x6e, 0x69, 0x66, 0x6f, 0x72, 0x6d, 0x20, 0x76, 0x65, 0x63, 0x34, 0x20, 0x75, 0x47, 0x72, // uniform vec4 uGr
	0x69, 0x64, 0x43, 0x6f, 0x6c, 0x6f, 0x72, 0x4d, 0x61, 0x6a, 0x6f, 0x72, 0x3b, 0x0a, 0x75, 0x6e, // idColorMajor;.un
	0x69, 0x66, 0x6f, 0x72, 0x6d, 0x20, 0x76, 0x65, 0x63, 0x34, 0x20, 0x75, 0x47, 0x72, 0x69, 0x64, // iform vec4 uGrid
	0x43, 0x6f, 0x6c, 0x6f, 0x72, 0x4d, 0x69, 0x6e, 0x6f, 0x72, 0x3b, 0x0a, 0x75, 0x6e, 0x69, 0x66, // ColorMinor;.unif
	0x6f, 0x72, 0x6d, 0x20, 0x76, 0x65, 0x63, 0x34, 0x20, 0x75, 0x47, 0x72, 0x69, 0x64, 0x4f, 0x70, // orm vec4 uGridOp
	0x61, 0x63, 0x69, 0x74, 0x79, 0x3b, 0x0a, 0x76, 0x6f, 0x69, 0x64, 0x20, 0x6d, 0x61, 0x69, 0x6e, // acity;.void main
	0x20, 0x28, 0x29, 0x0a, 0x7b, 0x0a, 0x20, 0x20, 0x66, 0x6c, 0x6f, 0x61, 0x74, 0x20, 0x61, 0x6c, //  ().{.  float al
	0x70, 0x68, 0x61, 0x5f, 0x31, 0x3b, 0x0a, 0x20, 0x20, 0x66, 0x6c, 0x6f, 0x61, 0x74, 0x20, 0x73, // pha_1;.  float s
	0x74, 0x61, 0x72, 0x74, 0x41, 0x78, 0x69, 0x73, 0x5f, 0x32, 0x3b, 0x0a, 0x20, 0x20, 0x66, 0x6c, // tartAxis_2;.  fl
	0x6f, 0x61, 0x74, 0x20, 0x61, 0x78, 0x69, 0x73, 0x56, 0x5f, 0x33, 0x3b, 0x0a, 0x20, 0x20, 0x66, // oat axisV_3;.  f
	0x6c, 0x6f, 0x61, 0x74, 0x20, 0x61, 0x78, 0x69, 0x73, 0x55, 0x5f, 0x34, 0x3b, 0x0a, 0x20, 0x20, // loat axisU_4;.  
	0x66, 0x6c, 0x6f, 0x61, 0x74, 0x20, 0x6d, 0x69, 0x6e, 0x6f, 0x72, 0x53, 0x74, 0x65, 0x70, 0x5f, // float minorStep_
	0x35, 0x3b, 0x0a, 0x20, 0x20, 0x66, 0x6c, 0x6f, 0x61, 0x74, 0x20, 0x67, 0x72, 0x61, 0x7a, 0x69, // 5;.  float grazi
	0x6e, 0x67, 0x46, 0x61, 0x64, 0x65, 0x5f, 0x36, 0x3b, 0x0a, 0x20, 0x20, 0x76, 0x65, 0x63, 0x32, // ngFade_6;.  vec2
	0x20, 0x64, 0x65, 0x72, 0x69, 0x76, 0x61, 0x74, 0x69, 0x76, 0x65, 0x5f, 0x37, 0x3b, 0x0a, 0x20, //  derivative_7;. 
	0x20, 0x76, 0x65, 0x63, 0x33, 0x20, 0x70, 0x5f, 0x38, 0x3b, 0x0a, 0x20, 0x20, 0x69, 0x66, 0x20, //  vec3 p_8;.  if 
	0x28, 0x28, 0x75, 0x49, 0x73, 0x4f, 0x72, 0x74, 0x68, 0x6f, 0x2e, 0x78, 0x20, 0x3e, 0x20, 0x30, // ((uIsOrtho.x > 0
	0x2e, 0x35, 0x29, 0x29, 0x20, 0x7b, 0x0a, 0x20, 0x20, 0x20, 0x20, 0x69, 0x66, 0x20, 0x28, 0x28, // .5)) {.    if ((
	0x75, 0x4f, 0x72, 0x74, 0x68, 0x6f, 0x50, 0x6c, 0x61, 0x6e, 0x65, 0x56, 0x61, 0x6c, 0x69, 0x64, // uOrthoPlaneValid
	0x2e, 0x78, 0x20, 0x3c, 0x20, 0x30, 0x2e, 0x35, 0x29, 0x29, 0x20, 0x7b, 0x0a, 0x20, 0x20, 0x20, // .x < 0.5)) {.   
	0x20, 0x20, 0x20, 0x64, 0x69, 0x73, 0x63, 0x61, 0x72, 0x64, 0x3b, 0x0a, 0x20, 0x20, 0x20, 0x20, //    discard;.    
	0x7d, 0x3b, 0x0a, 0x20, 0x20, 0x20, 0x20, 0x70, 0x5f, 0x38, 0x20, 0x3d, 0x20, 0x28, 0x28, 0x75, // };.    p_8 = ((u
	0x4f, 0x72, 0x74, 0x68, 0x6f, 0x50, 0x6c, 0x61, 0x6e, 0x65, 0x43, 0x65, 0x6e, 0x74, 0x65, 0x72, // OrthoPlaneCenter
	0x2e, 0x78, 0x79, 0x7a, 0x20, 0x2b, 0x20, 0x28, 0x75, 0x4f, 0x72, 0x74, 0x68, 0x6f, 0x52, 0x69, // .xyz + (uOrthoRi
	0x67, 0x68, 0x74, 0x2e, 0x78, 0x79, 0x7a, 0x20, 0x2a, 0x20, 0x76, 0x5f, 0x6e, 0x64, 0x63, 0x2e, // ght.xyz * v_ndc.
	0x78, 0x29, 0x29, 0x20, 0x2b, 0x20, 0x28, 0x75, 0x4f, 0x72, 0x74, 0x68, 0x6f, 0x55, 0x70, 0x2e, // x)) + (uOrthoUp.
	0x78, 0x79, 0x7a, 0x20, 0x2a, 0x20, 0x76, 0x5f, 0x6e, 0x64, 0x63, 0x2e, 0x79, 0x29, 0x29, 0x3b, // xyz * v_ndc.y));
	0x0a, 0x20, 0x20, 0x20, 0x20, 0x76, 0x65, 0x63, 0x33, 0x20, 0x74, 0x6d, 0x70, 0x76, 0x61, 0x72, // .    vec3 tmpvar
	0x5f, 0x39, 0x3b, 0x0a, 0x20, 0x20, 0x20, 0x20, 0x74, 0x6d, 0x70, 0x76, 0x61, 0x72, 0x5f, 0x39, // _9;.    tmpvar_9
	0x20, 0x3d, 0x20, 0x28, 0x75, 0x4f, 0x72, 0x74, 0x68, 0x6f, 0x52, 0x69, 0x67, 0x68, 0x74, 0x2e, //  = (uOrthoRight.
	0x78, 0x79, 0x7a, 0x20, 0x2a, 0x20, 0x28, 0x32, 0x2e, 0x30, 0x20, 0x2f, 0x20, 0x75, 0x53, 0x63, // xyz * (2.0 / uSc
	0x72, 0x65, 0x65, 0x6e, 0x57, 0x69, 0x64, 0x74, 0x68, 0x2e, 0x78, 0x29, 0x29, 0x3b, 0x0a, 0x20, // reenWidth.x));. 
	0x20, 0x20, 0x20, 0x76, 0x65, 0x63, 0x33, 0x20, 0x74, 0x6d, 0x70, 0x76, 0x61, 0x72, 0x5f, 0x31, //    vec3 tmpvar_1
	0x30, 0x3b, 0x0a, 0x20, 0x20, 0x20, 0x20, 0x74, 0x6d, 0x70, 0x76, 0x61, 0x72, 0x5f, 0x31, 0x30, // 0;.    tmpvar_10
	0x20, 0x3d, 0x20, 0x28, 0x75, 0x4f, 0x72, 0x74, 0x68, 0x6f, 0x55, 0x70, 0x2e, 0x78, 0x79, 0x7a, //  = (uOrthoUp.xyz
	0x20, 0x2a, 0x20, 0x28, 0x32, 0x2e, 0x30, 0x20, 0x2f, 0x20, 0x75, 0x53, 0x63, 0x72, 0x65, 0x65, //  * (2.0 / uScree
	0x6e, 0x48, 0x65, 0x69, 0x67, 0x68, 0x74, 0x2e, 0x78, 0x29, 0x29, 0x3b, 0x0a, 0x20, 0x20, 0x20, // nHeight.x));.   
	0x20, 0x76, 0x65, 0x63, 0x32, 0x20, 0x74, 0x6d, 0x70, 0x76, 0x61, 0x72, 0x5f, 0x31, 0x31, 0x3b, //  vec2 tmpvar_11;
	0x0a, 0x20, 0x20, 0x20, 0x20, 0x74, 0x6d, 0x70, 0x76, 0x61, 0x72, 0x5f, 0x31, 0x31, 0x2e, 0x78, // .    tmpvar_11.x
	0x20, 0x3d, 0x20, 0x64, 0x6f, 0x74, 0x20, 0x28, 0x74, 0x6d, 0x70, 0x76, 0x61, 0x72, 0x5f, 0x39, //  = dot (tmpvar_9
	0x2c, 0x20, 0x75, 0x50, 0x6c, 0x61, 0x6e, 0x65, 0x54, 0x61, 0x6e, 0x67, 0x65, 0x6e, 0x74, 0x55, // , uPlaneTangentU
	0x2e, 0x78, 0x79, 0x7a, 0x29, 0x3b, 0x0a, 0x20, 0x20, 0x20, 0x20, 0x74, 0x6d, 0x70, 0x76, 0x61, // .xyz);.    tmpva
	0x72, 0x5f, 0x31, 0x31, 0x2e, 0x79, 0x20, 0x3d, 0x20, 0x64, 0x6f, 0x74, 0x20, 0x28, 0x74, 0x6d, // r_11.y = dot (tm
	0x70, 0x76, 0x61, 0x72, 0x5f, 0x39, 0x2c, 0x20, 0x75, 0x50, 0x6c, 0x61, 0x6e, 0x65, 0x54, 0x61, // pvar_9, uPlaneTa
	0x6e, 0x67, 0x65, 0x6e, 0x74, 0x56, 0x2e, 0x78, 0x79, 0x7a, 0x29, 0x3b, 0x0a, 0x20, 0x20, 0x20, // ngentV.xyz);.   
	0x20, 0x76, 0x65, 0x63, 0x32, 0x20, 0x74, 0x6d, 0x70, 0x76, 0x61, 0x72, 0x5f, 0x31, 0x32, 0x3b, //  vec2 tmpvar_12;
	0x0a, 0x20, 0x20, 0x20, 0x20, 0x74, 0x6d, 0x70, 0x76, 0x61, 0x72, 0x5f, 0x31, 0x32, 0x2e, 0x78, // .    tmpvar_12.x
	0x20, 0x3d, 0x20, 0x64, 0x6f, 0x74, 0x20, 0x28, 0x74, 0x6d, 0x70, 0x76, 0x61, 0x72, 0x5f, 0x31, //  = dot (tmpvar_1
	0x30, 0x2c, 0x20, 0x75, 0x50, 0x6c, 0x61, 0x6e, 0x65, 0x54, 0x61, 0x6e, 0x67, 0x65, 0x6e, 0x74, // 0, uPlaneTangent
	0x55, 0x2e, 0x78, 0x79, 0x7a, 0x29, 0x3b, 0x0a, 0x20, 0x20, 0x20, 0x20, 0x74, 0x6d, 0x70, 0x76, // U.xyz);.    tmpv
	0x61, 0x72, 0x5f, 0x31, 0x32, 0x2e, 0x79, 0x20, 0x3d, 0x20, 0x64, 0x6f, 0x74, 0x20, 0x28, 0x74, // ar_12.y = dot (t
	0x6d, 0x70, 0x76, 0x61, 0x72, 0x5f, 0x31, 0x30, 0x2c, 0x20, 0x75, 0x50, 0x6c, 0x61, 0x6e, 0x65, // mpvar_10, uPlane
	0x54, 0x61, 0x6e, 0x67, 0x65, 0x6e, 0x74, 0x56, 0x2e, 0x78, 0x79, 0x7a, 0x29, 0x3b, 0x0a, 0x20, // TangentV.xyz);. 
	0x20, 0x20, 0x20, 0x64, 0x65, 0x72, 0x69, 0x76, 0x61, 0x74, 0x69, 0x76, 0x65, 0x5f, 0x37, 0x20, //    derivative_7 
	0x3d, 0x20, 0x63, 0x6c, 0x61, 0x6d, 0x70, 0x20, 0x28, 0x28, 0x61, 0x62, 0x73, 0x28, 0x74, 0x6d, // = clamp ((abs(tm
	0x70, 0x76, 0x61, 0x72, 0x5f, 0x31, 0x31, 0x29, 0x20, 0x2b, 0x20, 0x61, 0x62, 0x73, 0x28, 0x74, // pvar_11) + abs(t
	0x6d, 0x70, 0x76, 0x61, 0x72, 0x5f, 0x31, 0x32, 0x29, 0x29, 0x2c, 0x20, 0x76, 0x65, 0x63, 0x32, // mpvar_12)), vec2
	0x28, 0x31, 0x65, 0x2d, 0x30, 0x38, 0x2c, 0x20, 0x31, 0x65, 0x2d, 0x30, 0x38, 0x29, 0x2c, 0x20, // (1e-08, 1e-08), 
	0x76, 0x65, 0x63, 0x32, 0x28, 0x31, 0x65, 0x2b, 0x33, 0x30, 0x2c, 0x20, 0x31, 0x65, 0x2b, 0x33, // vec2(1e+30, 1e+3
	0x30, 0x29, 0x29, 0x3b, 0x0a, 0x20, 0x20, 0x20, 0x20, 0x67, 0x72, 0x61, 0x7a, 0x69, 0x6e, 0x67, // 0));.    grazing
	0x46, 0x61, 0x64, 0x65, 0x5f, 0x36, 0x20, 0x3d, 0x20, 0x31, 0x2e, 0x30, 0x3b, 0x0a, 0x20, 0x20, // Fade_6 = 1.0;.  
	0x7d, 0x20, 0x65, 0x6c, 0x73, 0x65, 0x20, 0x7b, 0x0a, 0x20, 0x20, 0x20, 0x20, 0x76, 0x65, 0x63, // } else {.    vec
	0x33, 0x20, 0x74, 0x6d, 0x70, 0x76, 0x61, 0x72, 0x5f, 0x31, 0x33, 0x3b, 0x0a, 0x20, 0x20, 0x20, // 3 tmpvar_13;.   
	0x20, 0x74, 0x6d, 0x70, 0x76, 0x61, 0x72, 0x5f, 0x31, 0x33, 0x20, 0x3d, 0x20, 0x6e, 0x6f, 0x72, //  tmpvar_13 = nor
	0x6d, 0x61, 0x6c, 0x69, 0x7a, 0x65, 0x28, 0x75, 0x50, 0x6c, 0x61, 0x6e, 0x65, 0x4e, 0x6f, 0x72, // malize(uPlaneNor
	0x6d, 0x61, 0x6c, 0x2e, 0x78, 0x79, 0x7a, 0x29, 0x3b, 0x0a, 0x20, 0x20, 0x20, 0x20, 0x66, 0x6c, // mal.xyz);.    fl
	0x6f, 0x61, 0x74, 0x20, 0x74, 0x6d, 0x70, 0x76, 0x61, 0x72, 0x5f, 0x31, 0x34, 0x3b, 0x0a, 0x20, // oat tmpvar_14;. 
	0x20, 0x20, 0x20, 0x74, 0x6d, 0x70, 0x76, 0x61, 0x72, 0x5f, 0x31, 0x34, 0x20, 0x3d, 0x20, 0x64, //    tmpvar_14 = d
	0x6f, 0x74, 0x20, 0x28, 0x76, 0x5f, 0x72, 0x61, 0x79, 0x44, 0x69, 0x72, 0x2c, 0x20, 0x74, 0x6d, // ot (v_rayDir, tm
	0x70, 0x76, 0x61, 0x72, 0x5f, 0x31, 0x33, 0x29, 0x3b, 0x0a, 0x20, 0x20, 0x20, 0x20, 0x66, 0x6c, // pvar_13);.    fl
	0x6f, 0x61, 0x74, 0x20, 0x74, 0x6d, 0x70, 0x76, 0x61, 0x72, 0x5f, 0x31, 0x35, 0x3b, 0x0a, 0x20, // oat tmpvar_15;. 
	0x20, 0x20, 0x20, 0x74, 0x6d, 0x70, 0x76, 0x61, 0x72, 0x5f, 0x31, 0x35, 0x20, 0x3d, 0x20, 0x64, //    tmpvar_15 = d
	0x6f, 0x74, 0x20, 0x28, 0x76, 0x5f, 0x72, 0x61, 0x79, 0x4f, 0x72, 0x69, 0x67, 0x69, 0x6e, 0x2c, // ot (v_rayOrigin,
	0x20, 0x74, 0x6d, 0x70, 0x76, 0x61, 0x72, 0x5f, 0x31, 0x33, 0x29, 0x3b, 0x0a, 0x20, 0x20, 0x20, //  tmpvar_13);.   
	0x20, 0x66, 0x6c, 0x6f, 0x61, 0x74, 0x20, 0x74, 0x6d, 0x70, 0x76, 0x61, 0x72, 0x5f, 0x31, 0x36, //  float tmpvar_16
	0x3b, 0x0a, 0x20, 0x20, 0x20, 0x20, 0x74, 0x6d, 0x70, 0x76, 0x61, 0x72, 0x5f, 0x31, 0x36, 0x20, // ;.    tmpvar_16 
	0x3d, 0x20, 0x61, 0x62, 0x73, 0x28, 0x74, 0x6d, 0x70, 0x76, 0x61, 0x72, 0x5f, 0x31, 0x34, 0x29, // = abs(tmpvar_14)
	0x3b, 0x0a, 0x20, 0x20, 0x20, 0x20, 0x66, 0x6c, 0x6f, 0x61, 0x74, 0x20, 0x74, 0x6d, 0x70, 0x76, // ;.    float tmpv
	0x61, 0x72, 0x5f, 0x31, 0x37, 0x3b, 0x0a, 0x20, 0x20, 0x20, 0x20, 0x69, 0x66, 0x20, 0x28, 0x28, // ar_17;.    if ((
	0x74, 0x6d, 0x70, 0x76, 0x61, 0x72, 0x5f, 0x31, 0x36, 0x20, 0x3e, 0x20, 0x31, 0x65, 0x2d, 0x30, // tmpvar_16 > 1e-0
	0x36, 0x29, 0x29, 0x20, 0x7b, 0x0a, 0x20, 0x20, 0x20, 0x20, 0x20, 0x20, 0x74, 0x6d, 0x70, 0x76, // 6)) {.      tmpv
	0x61, 0x72, 0x5f, 0x31, 0x37, 0x20, 0x3d, 0x20, 0x28, 0x2d, 0x28, 0x74, 0x6d, 0x70, 0x76, 0x61, // ar_17 = (-(tmpva
	0x72, 0x5f, 0x31, 0x35, 0x29, 0x20, 0x2f, 0x20, 0x74, 0x6d, 0x70, 0x76, 0x61, 0x72, 0x5f, 0x31, // r_15) / tmpvar_1
	0x34, 0x29, 0x3b, 0x0a, 0x20, 0x20, 0x20, 0x20, 0x7d, 0x20, 0x65, 0x6c, 0x73, 0x65, 0x20, 0x7b, // 4);.    } else {
	0x0a, 0x20, 0x20, 0x20, 0x20, 0x20, 0x20, 0x74, 0x6d, 0x70, 0x76, 0x61, 0x72, 0x5f, 0x31, 0x37, // .      tmpvar_17
	0x20, 0x3d, 0x20, 0x2d, 0x31, 0x2e, 0x30, 0x3b, 0x0a, 0x20, 0x20, 0x20, 0x20, 0x7d, 0x3b, 0x0a, //  = -1.0;.    };.
	0x20, 0x20, 0x20, 0x20, 0x70, 0x5f, 0x38, 0x20, 0x3d, 0x20, 0x28, 0x76, 0x5f, 0x72, 0x61, 0x79, //     p_8 = (v_ray
	0x4f, 0x72, 0x69, 0x67, 0x69, 0x6e, 0x20, 0x2b, 0x20, 0x28, 0x74, 0x6d, 0x70, 0x76, 0x61, 0x72, // Origin + (tmpvar
	0x5f, 0x31, 0x37, 0x20, 0x2a, 0x20, 0x76, 0x5f, 0x72, 0x61, 0x79, 0x44, 0x69, 0x72, 0x29, 0x29, // _17 * v_rayDir))
	0x3b, 0x0a, 0x20, 0x20, 0x20, 0x20, 0x76, 0x65, 0x63, 0x32, 0x20, 0x74, 0x6d, 0x70, 0x76, 0x61, // ;.    vec2 tmpva
	0x72, 0x5f, 0x31, 0x38, 0x3b, 0x0a, 0x20, 0x20, 0x20, 0x20, 0x74, 0x6d, 0x70, 0x76, 0x61, 0x72, // r_18;.    tmpvar
	0x5f, 0x31, 0x38, 0x2e, 0x78, 0x20, 0x3d, 0x20, 0x64, 0x6f, 0x74, 0x20, 0x28, 0x70, 0x5f, 0x38, // _18.x = dot (p_8
	0x2c, 0x20, 0x75, 0x50, 0x6c, 0x61, 0x6e, 0x65, 0x54, 0x61, 0x6e, 0x67, 0x65, 0x6e, 0x74, 0x55, // , uPlaneTangentU
	0x2e, 0x78, 0x79, 0x7a, 0x29, 0x3b, 0x0a, 0x20, 0x20, 0x20, 0x20, 0x74, 0x6d, 0x70, 0x76, 0x61, // .xyz);.    tmpva
	0x72, 0x5f, 0x31, 0x38, 0x2e, 0x79, 0x20, 0x3d, 0x20, 0x64, 0x6f, 0x74, 0x20, 0x28, 0x70, 0x5f, // r_18.y = dot (p_
	0x38, 0x2c, 0x20, 0x75, 0x50, 0x6c, 0x61, 0x6e, 0x65, 0x54, 0x61, 0x6e, 0x67, 0x65, 0x6e, 0x74, // 8, uPlaneTangent
	0x56, 0x2e, 0x78, 0x79, 0x7a, 0x29, 0x3b, 0x0a, 0x20, 0x20, 0x20, 0x20, 0x76, 0x65, 0x63, 0x32, // V.xyz);.    vec2
	0x20, 0x74, 0x6d, 0x70, 0x76, 0x61, 0x72, 0x5f, 0x31, 0x39, 0x3b, 0x0a, 0x20, 0x20, 0x20, 0x20, //  tmpvar_19;.    
	0x74, 0x6d, 0x70, 0x76, 0x61, 0x72, 0x5f, 0x31, 0x39, 0x2e, 0x78, 0x20, 0x3d, 0x20, 0x64, 0x6f, // tmpvar_19.x = do
	0x74, 0x20, 0x28, 0x70, 0x5f, 0x38, 0x2c, 0x20, 0x75, 0x50, 0x6c, 0x61, 0x6e, 0x65, 0x54, 0x61, // t (p_8, uPlaneTa
	0x6e, 0x67, 0x65, 0x6e, 0x74, 0x55, 0x2e, 0x78, 0x79, 0x7a, 0x29, 0x3b, 0x0a, 0x20, 0x20, 0x20, // ngentU.xyz);.   
	0x20, 0x74, 0x6d, 0x70, 0x76, 0x61, 0x72, 0x5f, 0x31, 0x39, 0x2e, 0x79, 0x20, 0x3d, 0x20, 0x64, //  tmpvar_19.y = d
	0x6f, 0x74, 0x20, 0x28, 0x70, 0x5f, 0x38, 0x2c, 0x20, 0x75, 0x50, 0x6c, 0x61, 0x6e, 0x65, 0x54, // ot (p_8, uPlaneT
	0x61, 0x6e, 0x67, 0x65, 0x6e, 0x74, 0x56, 0x2e, 0x78, 0x79, 0x7a, 0x29, 0x3b, 0x0a, 0x20, 0x20, // angentV.xyz);.  
	0x20, 0x20, 0x64, 0x65, 0x72, 0x69, 0x76, 0x61, 0x74, 0x69, 0x76, 0x65, 0x5f, 0x37, 0x20, 0x3d, //   derivative_7 =
	0x20, 0x63, 0x6c, 0x61, 0x6d, 0x70, 0x20, 0x28, 0x28, 0x61, 0x62, 0x73, 0x28, 0x0a, 0x20, 0x20, //  clamp ((abs(.  
	0x20, 0x20, 0x20, 0x20, 0x64, 0x46, 0x64, 0x78, 0x28, 0x74, 0x6d, 0x70, 0x76, 0x61, 0x72, 0x5f, //     dFdx(tmpvar_
	0x31, 0x38, 0x29, 0x0a, 0x20, 0x20, 0x20, 0x20, 0x29, 0x20, 0x2b, 0x20, 0x61, 0x62, 0x73, 0x28, // 18).    ) + abs(
	0x0a, 0x20, 0x20, 0x20, 0x20, 0x20, 0x20, 0x64, 0x46, 0x64, 0x79, 0x28, 0x74, 0x6d, 0x70, 0x76, // .      dFdy(tmpv
	0x61, 0x72, 0x5f, 0x31, 0x39, 0x29, 0x0a, 0x20, 0x20, 0x20, 0x20, 0x29, 0x29, 0x2c, 0x20, 0x76, // ar_19).    )), v
	0x65, 0x63, 0x32, 0x28, 0x31, 0x65, 0x2d, 0x30, 0x38, 0x2c, 0x20, 0x31, 0x65, 0x2d, 0x30, 0x38, // ec2(1e-08, 1e-08
	0x29, 0x2c, 0x20, 0x76, 0x65, 0x63, 0x32, 0x28, 0x31, 0x65, 0x2b, 0x33, 0x30, 0x2c, 0x20, 0x31, // ), vec2(1e+30, 1
	0x65, 0x2b, 0x33, 0x30, 0x29, 0x29, 0x3b, 0x0a, 0x20, 0x20, 0x20, 0x20, 0x66, 0x6c, 0x6f, 0x61, // e+30));.    floa
	0x74, 0x20, 0x74, 0x6d, 0x70, 0x76, 0x61, 0x72, 0x5f, 0x32, 0x30, 0x3b, 0x0a, 0x20, 0x20, 0x20, // t tmpvar_20;.   
	0x20, 0x74, 0x6d, 0x70, 0x76, 0x61, 0x72, 0x5f, 0x32, 0x30, 0x20, 0x3d, 0x20, 0x61, 0x62, 0x73, //  tmpvar_20 = abs
	0x28, 0x64, 0x6f, 0x74, 0x20, 0x28, 0x6e, 0x6f, 0x72, 0x6d, 0x61, 0x6c, 0x69, 0x7a, 0x65, 0x28, // (dot (normalize(
	0x76, 0x5f, 0x72, 0x61, 0x79, 0x44, 0x69, 0x72, 0x29, 0x2c, 0x20, 0x74, 0x6d, 0x70, 0x76, 0x61, // v_rayDir), tmpva
	0x72, 0x5f, 0x31, 0x33, 0x29, 0x29, 0x3b, 0x0a, 0x20, 0x20, 0x20, 0x20, 0x69, 0x66, 0x20, 0x28, // r_13));.    if (
	0x28, 0x74, 0x6d, 0x70, 0x76, 0x61, 0x72, 0x5f, 0x32, 0x30, 0x20, 0x3c, 0x20, 0x30, 0x2e, 0x30, // (tmpvar_20 < 0.0
	0x38, 0x37, 0x31, 0x35, 0x35, 0x37, 0x34, 0x29, 0x29, 0x20, 0x7b, 0x0a, 0x20, 0x20, 0x20, 0x20, // 8715574)) {.    
	0x20, 0x20, 0x64, 0x69, 0x73, 0x63, 0x61, 0x72, 0x64, 0x3b, 0x0a, 0x20, 0x20, 0x20, 0x20, 0x7d, //   discard;.    }
	0x3b, 0x0a, 0x20, 0x20, 0x20, 0x20, 0x67, 0x72, 0x61, 0x7a, 0x69, 0x6e, 0x67, 0x46, 0x61, 0x64, // ;.    grazingFad
	0x65, 0x5f, 0x36, 0x20, 0x3d, 0x20, 0x31, 0x2e, 0x30, 0x3b, 0x0a, 0x20, 0x20, 0x20, 0x20, 0x69, // e_6 = 1.0;.    i
	0x66, 0x20, 0x28, 0x28, 0x74, 0x6d, 0x70, 0x76, 0x61, 0x72, 0x5f, 0x31, 0x37, 0x20, 0x3c, 0x20, // f ((tmpvar_17 < 
	0x30, 0x2e, 0x30, 0x29, 0x29, 0x20, 0x7b, 0x0a, 0x20, 0x20, 0x20, 0x20, 0x20, 0x20, 0x64, 0x69, // 0.0)) {.      di
	0x73, 0x63, 0x61, 0x72, 0x64, 0x3b, 0x0a, 0x20, 0x20, 0x20, 0x20, 0x7d, 0x3b, 0x0a, 0x20, 0x20, // scard;.    };.  
	0x7d, 0x3b, 0x0a, 0x20, 0x20, 0x76, 0x65, 0x63, 0x33, 0x20, 0x74, 0x6d, 0x70, 0x76, 0x61, 0x72, // };.  vec3 tmpvar
	0x5f, 0x32, 0x31, 0x3b, 0x0a, 0x20, 0x20, 0x74, 0x6d, 0x70, 0x76, 0x61, 0x72, 0x5f, 0x32, 0x31, // _21;.  tmpvar_21
	0x20, 0x3d, 0x20, 0x28, 0x75, 0x4f, 0x72, 0x69, 0x67, 0x69, 0x6e, 0x52, 0x65, 0x6c, 0x61, 0x74, //  = (uOriginRelat
	0x69, 0x76, 0x65, 0x2e, 0x78, 0x79, 0x7a, 0x20, 0x2b, 0x20, 0x70, 0x5f, 0x38, 0x29, 0x3b, 0x0a, // ive.xyz + p_8);.
	0x20, 0x20, 0x76, 0x65, 0x63, 0x34, 0x20, 0x74, 0x6d, 0x70, 0x76, 0x61, 0x72, 0x5f, 0x32, 0x32, //   vec4 tmpvar_22
	0x3b, 0x0a, 0x20, 0x20, 0x74, 0x6d, 0x70, 0x76, 0x61, 0x72, 0x5f, 0x32, 0x32, 0x2e, 0x77, 0x20, // ;.  tmpvar_22.w 
	0x3d, 0x20, 0x31, 0x2e, 0x30, 0x3b, 0x0a, 0x20, 0x20, 0x74, 0x6d, 0x70, 0x76, 0x61, 0x72, 0x5f, // = 1.0;.  tmpvar_
	0x32, 0x32, 0x2e, 0x78, 0x79, 0x7a, 0x20, 0x3d, 0x20, 0x74, 0x6d, 0x70, 0x76, 0x61, 0x72, 0x5f, // 22.xyz = tmpvar_
	0x32, 0x31, 0x3b, 0x0a, 0x20, 0x20, 0x76, 0x65, 0x63, 0x34, 0x20, 0x74, 0x6d, 0x70, 0x76, 0x61, // 21;.  vec4 tmpva
	0x72, 0x5f, 0x32, 0x33, 0x3b, 0x0a, 0x20, 0x20, 0x74, 0x6d, 0x70, 0x76, 0x61, 0x72, 0x5f, 0x32, // r_23;.  tmpvar_2
	0x33, 0x20, 0x3d, 0x20, 0x28, 0x75, 0x56, 0x69, 0x65, 0x77, 0x50, 0x72, 0x6f, 0x6a, 0x20, 0x2a, // 3 = (uViewProj *
	0x20, 0x74, 0x6d, 0x70, 0x76, 0x61, 0x72, 0x5f, 0x32, 0x32, 0x29, 0x3b, 0x0a, 0x20, 0x20, 0x66, //  tmpvar_22);.  f
	0x6c, 0x6f, 0x61, 0x74, 0x20, 0x74, 0x6d, 0x70, 0x76, 0x61, 0x72, 0x5f, 0x32, 0x34, 0x3b, 0x0a, // loat tmpvar_24;.
	0x20, 0x20, 0x74, 0x6d, 0x70, 0x76, 0x61, 0x72, 0x5f, 0x32, 0x34, 0x20, 0x3d, 0x20, 0x28, 0x74, //   tmpvar_24 = (t
	0x6d, 0x70, 0x76, 0x61, 0x72, 0x5f, 0x32, 0x33, 0x2e, 0x7a, 0x20, 0x2f, 0x20, 0x74, 0x6d, 0x70, // mpvar_23.z / tmp
	0x76, 0x61, 0x72, 0x5f, 0x32, 0x33, 0x2e, 0x77, 0x29, 0x3b, 0x0a, 0x20, 0x20, 0x69, 0x66, 0x20, // var_23.w);.  if 
	0x28, 0x28, 0x28, 0x74, 0x6d, 0x70, 0x76, 0x61, 0x72, 0x5f, 0x32, 0x34, 0x20, 0x3e, 0x20, 0x31, // (((tmpvar_24 > 1
	0x2e, 0x30, 0x29, 0x20, 0x7c, 0x7c, 0x20, 0x28, 0x74, 0x6d, 0x70, 0x76, 0x61, 0x72, 0x5f, 0x32, // .0) || (tmpvar_2
	0x34, 0x20, 0x3c, 0x20, 0x30, 0x2e, 0x30, 0x29, 0x29, 0x29, 0x20, 0x7b, 0x0a, 0x20, 0x20, 0x20, // 4 < 0.0))) {.   
	0x20, 0x64, 0x69, 0x73, 0x63, 0x61, 0x72, 0x64, 0x3b, 0x0a, 0x20, 0x20, 0x7d, 0x3b, 0x0a, 0x20, //  discard;.  };. 
	0x20, 0x66, 0x6c, 0x6f, 0x61, 0x74, 0x20, 0x74, 0x6d, 0x70, 0x76, 0x61, 0x72, 0x5f, 0x32, 0x35, //  float tmpvar_25
	0x3b, 0x0a, 0x20, 0x20, 0x69, 0x66, 0x20, 0x28, 0x28, 0x75, 0x4c, 0x6f, 0x67, 0x44, 0x65, 0x70, // ;.  if ((uLogDep
	0x74, 0x68, 0x2e, 0x78, 0x20, 0x3e, 0x20, 0x30, 0x2e, 0x35, 0x29, 0x29, 0x20, 0x7b, 0x0a, 0x20, // th.x > 0.5)) {. 
	0x20, 0x20, 0x20, 0x76, 0x65, 0x63, 0x34, 0x20, 0x74, 0x6d, 0x70, 0x76, 0x61, 0x72, 0x5f, 0x32, //    vec4 tmpvar_2
	0x36, 0x3b, 0x0a, 0x20, 0x20, 0x20, 0x20, 0x74, 0x6d, 0x70, 0x76, 0x61, 0x72, 0x5f, 0x32, 0x36, // 6;.    tmpvar_26
	0x2e, 0x77, 0x20, 0x3d, 0x20, 0x31, 0x2e, 0x30, 0x3b, 0x0a, 0x20, 0x20, 0x20, 0x20, 0x74, 0x6d, // .w = 1.0;.    tm
	0x70, 0x76, 0x61, 0x72, 0x5f, 0x32, 0x36, 0x2e, 0x78, 0x79, 0x7a, 0x20, 0x3d, 0x20, 0x74, 0x6d, // pvar_26.xyz = tm
	0x70, 0x76, 0x61, 0x72, 0x5f, 0x32, 0x31, 0x3b, 0x0a, 0x20, 0x20, 0x20, 0x20, 0x74, 0x6d, 0x70, // pvar_21;.    tmp
	0x76, 0x61, 0x72, 0x5f, 0x32, 0x35, 0x20, 0x3d, 0x20, 0x63, 0x6c, 0x61, 0x6d, 0x70, 0x20, 0x28, // var_25 = clamp (
	0x28, 0x6c, 0x6f, 0x67, 0x32, 0x28, 0x0a, 0x20, 0x20, 0x20, 0x20, 0x20, 0x20, 0x6d, 0x61, 0x78, // (log2(.      max
	0x20, 0x28, 0x28, 0x2d, 0x28, 0x28, 0x75, 0x56, 0x69, 0x65, 0x77, 0x20, 0x2a, 0x20, 0x74, 0x6d, //  ((-((uView * tm
	0x70, 0x76, 0x61, 0x72, 0x5f, 0x32, 0x36, 0x29, 0x2e, 0x7a, 0x29, 0x20, 0x2f, 0x20, 0x75, 0x4c, // pvar_26).z) / uL
	0x6f, 0x67, 0x44, 0x65, 0x70, 0x74, 0x68, 0x2e, 0x79, 0x29, 0x2c, 0x20, 0x31, 0x2e, 0x30, 0x29, // ogDepth.y), 1.0)
	0x0a, 0x20, 0x20, 0x20, 0x20, 0x29, 0x20, 0x2f, 0x20, 0x6c, 0x6f, 0x67, 0x32, 0x28, 0x0a, 0x20, // .    ) / log2(. 
	0x20, 0x20, 0x20, 0x20, 0x20, 0x6d, 0x61, 0x78, 0x20, 0x28, 0x28, 0x75, 0x4c, 0x6f, 0x67, 0x44, //      max ((uLogD
	0x65, 0x70, 0x74, 0x68, 0x2e, 0x7a, 0x20, 0x2f, 0x20, 0x75, 0x4c, 0x6f, 0x67, 0x44, 0x65, 0x70, // epth.z / uLogDep
	0x74, 0x68, 0x2e, 0x79, 0x29, 0x2c, 0x20, 0x31, 0x2e, 0x30, 0x30, 0x30, 0x30, 0x30, 0x31, 0x29, // th.y), 1.000001)
	0x0a, 0x20, 0x20, 0x20, 0x20, 0x29, 0x29, 0x2c, 0x20, 0x30, 0x2e, 0x30, 0x2c, 0x20, 0x31, 0x2e, // .    )), 0.0, 1.
	0x30, 0x29, 0x3b, 0x0a, 0x20, 0x20, 0x7d, 0x20, 0x65, 0x6c, 0x73, 0x65, 0x20, 0x7b, 0x0a, 0x20, // 0);.  } else {. 
	0x20, 0x20, 0x20, 0x74, 0x6d, 0x70, 0x76, 0x61, 0x72, 0x5f, 0x32, 0x35, 0x20, 0x3d, 0x20, 0x74, //    tmpvar_25 = t
	0x6d, 0x70, 0x76, 0x61, 0x72, 0x5f, 0x32, 0x34, 0x3b, 0x0a, 0x20, 0x20, 0x7d, 0x3b, 0x0a, 0x20, // mpvar_24;.  };. 
	0x20, 0x67, 0x6c, 0x5f, 0x46, 0x72, 0x61, 0x67, 0x44, 0x65, 0x70, 0x74, 0x68, 0x20, 0x3d, 0x20, //  gl_FragDepth = 
	0x74, 0x6d, 0x70, 0x76, 0x61, 0x72, 0x5f, 0x32, 0x35, 0x3b, 0x0a, 0x20, 0x20, 0x6d, 0x69, 0x6e, // tmpvar_25;.  min
	0x6f, 0x72, 0x53, 0x74, 0x65, 0x70, 0x5f, 0x35, 0x20, 0x3d, 0x20, 0x28, 0x75, 0x53, 0x74, 0x65, // orStep_5 = (uSte
	0x70, 0x2e, 0x78, 0x20, 0x2a, 0x20, 0x30, 0x2e, 0x31, 0x29, 0x3b, 0x0a, 0x20, 0x20, 0x76, 0x65, // p.x * 0.1);.  ve
	0x63, 0x32, 0x20, 0x74, 0x6d, 0x70, 0x76, 0x61, 0x72, 0x5f, 0x32, 0x37, 0x3b, 0x0a, 0x20, 0x20, // c2 tmpvar_27;.  
	0x74, 0x6d, 0x70, 0x76, 0x61, 0x72, 0x5f, 0x32, 0x37, 0x2e, 0x78, 0x20, 0x3d, 0x20, 0x64, 0x6f, // tmpvar_27.x = do
	0x74, 0x20, 0x28, 0x70, 0x5f, 0x38, 0x2c, 0x20, 0x75, 0x50, 0x6c, 0x61, 0x6e, 0x65, 0x54, 0x61, // t (p_8, uPlaneTa
	0x6e, 0x67, 0x65, 0x6e, 0x74, 0x55, 0x2e, 0x78, 0x79, 0x7a, 0x29, 0x3b, 0x0a, 0x20, 0x20, 0x74, // ngentU.xyz);.  t
	0x6d, 0x70, 0x76, 0x61, 0x72, 0x5f, 0x32, 0x37, 0x2e, 0x79, 0x20, 0x3d, 0x20, 0x64, 0x6f, 0x74, // mpvar_27.y = dot
	0x20, 0x28, 0x70, 0x5f, 0x38, 0x2c, 0x20, 0x75, 0x50, 0x6c, 0x61, 0x6e, 0x65, 0x54, 0x61, 0x6e, //  (p_8, uPlaneTan
	0x67, 0x65, 0x6e, 0x74, 0x56, 0x2e, 0x78, 0x79, 0x7a, 0x29, 0x3b, 0x0a, 0x20, 0x20, 0x66, 0x6c, // gentV.xyz);.  fl
	0x6f, 0x61, 0x74, 0x20, 0x74, 0x6d, 0x70, 0x76, 0x61, 0x72, 0x5f, 0x32, 0x38, 0x3b, 0x0a, 0x20, // oat tmpvar_28;. 
	0x20, 0x66, 0x6c, 0x6f, 0x61, 0x74, 0x20, 0x74, 0x6d, 0x70, 0x76, 0x61, 0x72, 0x5f, 0x32, 0x39, //  float tmpvar_29
	0x3b, 0x0a, 0x20, 0x20, 0x74, 0x6d, 0x70, 0x76, 0x61, 0x72, 0x5f, 0x32, 0x39, 0x20, 0x3d, 0x20, // ;.  tmpvar_29 = 
	0x28, 0x75, 0x53, 0x74, 0x65, 0x70, 0x2e, 0x78, 0x20, 0x2f, 0x20, 0x6d, 0x61, 0x78, 0x20, 0x28, // (uStep.x / max (
	0x64, 0x65, 0x72, 0x69, 0x76, 0x61, 0x74, 0x69, 0x76, 0x65, 0x5f, 0x37, 0x2e, 0x78, 0x2c, 0x20, // derivative_7.x, 
	0x31, 0x65, 0x2d, 0x30, 0x38, 0x29, 0x29, 0x3b, 0x0a, 0x20, 0x20, 0x66, 0x6c, 0x6f, 0x61, 0x74, // 1e-08));.  float
	0x20, 0x74, 0x6d, 0x70, 0x76, 0x61, 0x72, 0x5f, 0x33, 0x30, 0x3b, 0x0a, 0x20, 0x20, 0x74, 0x6d, //  tmpvar_30;.  tm
	0x70, 0x76, 0x61, 0x72, 0x5f, 0x33, 0x30, 0x20, 0x3d, 0x20, 0x63, 0x6c, 0x61, 0x6d, 0x70, 0x20, // pvar_30 = clamp 
	0x28, 0x28, 0x33, 0x2e, 0x30, 0x20, 0x2f, 0x20, 0x74, 0x6d, 0x70, 0x76, 0x61, 0x72, 0x5f, 0x32, // ((3.0 / tmpvar_2
	0x39, 0x29, 0x2c, 0x20, 0x30, 0x2e, 0x30, 0x2c, 0x20, 0x31, 0x2e, 0x30, 0x29, 0x3b, 0x0a, 0x20, // 9), 0.0, 1.0);. 
	0x20, 0x69, 0x66, 0x20, 0x28, 0x28, 0x74, 0x6d, 0x70, 0x76, 0x61, 0x72, 0x5f, 0x32, 0x39, 0x20, //  if ((tmpvar_29 
	0x3c, 0x3d, 0x20, 0x32, 0x2e, 0x30, 0x29, 0x29, 0x20, 0x7b, 0x0a, 0x20, 0x20, 0x20, 0x20, 0x74, // <= 2.0)) {.    t
	0x6d, 0x70, 0x76, 0x61, 0x72, 0x5f, 0x32, 0x38, 0x20, 0x3d, 0x20, 0x74, 0x6d, 0x70, 0x76, 0x61, // mpvar_28 = tmpva
	0x72, 0x5f, 0x33, 0x30, 0x3b, 0x0a, 0x20, 0x20, 0x7d, 0x20, 0x65, 0x6c, 0x73, 0x65, 0x20, 0x7b, // r_30;.  } else {
	0x0a, 0x20, 0x20, 0x20, 0x20, 0x66, 0x6c, 0x6f, 0x61, 0x74, 0x20, 0x74, 0x6d, 0x70, 0x76, 0x61, // .    float tmpva
	0x72, 0x5f, 0x33, 0x31, 0x3b, 0x0a, 0x20, 0x20, 0x20, 0x20, 0x74, 0x6d, 0x70, 0x76, 0x61, 0x72, // r_31;.    tmpvar
	0x5f, 0x33, 0x31, 0x20, 0x3d, 0x20, 0x28, 0x31, 0x2e, 0x35, 0x20, 0x2a, 0x20, 0x64, 0x65, 0x72, // _31 = (1.5 * der
	0x69, 0x76, 0x61, 0x74, 0x69, 0x76, 0x65, 0x5f, 0x37, 0x2e, 0x78, 0x29, 0x3b, 0x0a, 0x20, 0x20, // ivative_7.x);.  
	0x20, 0x20, 0x66, 0x6c, 0x6f, 0x61, 0x74, 0x20, 0x65, 0x64, 0x67, 0x65, 0x30, 0x5f, 0x33, 0x32, //   float edge0_32
	0x3b, 0x0a, 0x20, 0x20, 0x20, 0x20, 0x65, 0x64, 0x67, 0x65, 0x30, 0x5f, 0x33, 0x32, 0x20, 0x3d, // ;.    edge0_32 =
	0x20, 0x28, 0x74, 0x6d, 0x70, 0x76, 0x61, 0x72, 0x5f, 0x33, 0x31, 0x20, 0x2d, 0x20, 0x64, 0x65, //  (tmpvar_31 - de
	0x72, 0x69, 0x76, 0x61, 0x74, 0x69, 0x76, 0x65, 0x5f, 0x37, 0x2e, 0x78, 0x29, 0x3b, 0x0a, 0x20, // rivative_7.x);. 
	0x20, 0x20, 0x20, 0x66, 0x6c, 0x6f, 0x61, 0x74, 0x20, 0x74, 0x6d, 0x70, 0x76, 0x61, 0x72, 0x5f, //    float tmpvar_
	0x33, 0x33, 0x3b, 0x0a, 0x20, 0x20, 0x20, 0x20, 0x74, 0x6d, 0x70, 0x76, 0x61, 0x72, 0x5f, 0x33, // 33;.    tmpvar_3
	0x33, 0x20, 0x3d, 0x20, 0x63, 0x6c, 0x61, 0x6d, 0x70, 0x20, 0x28, 0x28, 0x28, 0x0a, 0x20, 0x20, // 3 = clamp (((.  
	0x20, 0x20, 0x20, 0x20, 0x61, 0x62, 0x73, 0x28, 0x28, 0x74, 0x6d, 0x70, 0x76, 0x61, 0x72, 0x5f, //     abs((tmpvar_
	0x32, 0x37, 0x2e, 0x78, 0x20, 0x2d, 0x20, 0x28, 0x66, 0x6c, 0x6f, 0x6f, 0x72, 0x28, 0x0a, 0x20, // 27.x - (floor(. 
	0x20, 0x20, 0x20, 0x20, 0x20, 0x20, 0x20, 0x28, 0x28, 0x74, 0x6d, 0x70, 0x76, 0x61, 0x72, 0x5f, //        ((tmpvar_
	0x32, 0x37, 0x2e, 0x78, 0x20, 0x2f, 0x20, 0x75, 0x53, 0x74, 0x65, 0x70, 0x2e, 0x78, 0x29, 0x20, // 27.x / uStep.x) 
	0x2b, 0x20, 0x30, 0x2e, 0x35, 0x29, 0x0a, 0x20, 0x20, 0x20, 0x20, 0x20, 0x20, 0x29, 0x20, 0x2a, // + 0.5).      ) *
	0x20, 0x75, 0x53, 0x74, 0x65, 0x70, 0x2e, 0x78, 0x29, 0x29, 0x29, 0x0a, 0x20, 0x20, 0x20, 0x20, //  uStep.x))).    
	0x20, 0x2d, 0x20, 0x65, 0x64, 0x67, 0x65, 0x30, 0x5f, 0x33, 0x32, 0x29, 0x20, 0x2f, 0x20, 0x28, //  - edge0_32) / (
	0x0a, 0x20, 0x20, 0x20, 0x20, 0x20, 0x20, 0x28, 0x74, 0x6d, 0x70, 0x76, 0x61, 0x72, 0x5f, 0x33, // .      (tmpvar_3
	0x31, 0x20, 0x2b, 0x20, 0x64, 0x65, 0x72, 0x69, 0x76, 0x61, 0x74, 0x69, 0x76, 0x65, 0x5f, 0x37, // 1 + derivative_7
	0x2e, 0x78, 0x29, 0x0a, 0x20, 0x20, 0x20, 0x20, 0x20, 0x2d, 0x20, 0x65, 0x64, 0x67, 0x65, 0x30, // .x).     - edge0
	0x5f, 0x33, 0x32, 0x29, 0x29, 0x2c, 0x20, 0x30, 0x2e, 0x30, 0x2c, 0x20, 0x31, 0x2e, 0x30, 0x29, // _32)), 0.0, 1.0)
	0x3b, 0x0a, 0x20, 0x20, 0x20, 0x20, 0x66, 0x6c, 0x6f, 0x61, 0x74, 0x20, 0x74, 0x6d, 0x70, 0x76, // ;.    float tmpv
	0x61, 0x72, 0x5f, 0x33, 0x34, 0x3b, 0x0a, 0x20, 0x20, 0x20, 0x20, 0x74, 0x6d, 0x70, 0x76, 0x61, // ar_34;.    tmpva
	0x72, 0x5f, 0x33, 0x34, 0x20, 0x3d, 0x20, 0x63, 0x6c, 0x61, 0x6d, 0x70, 0x20, 0x28, 0x28, 0x28, // r_34 = clamp (((
	0x74, 0x6d, 0x70, 0x76, 0x61, 0x72, 0x5f, 0x32, 0x39, 0x20, 0x2d, 0x20, 0x32, 0x2e, 0x30, 0x29, // tmpvar_29 - 2.0)
	0x20, 0x2f, 0x20, 0x32, 0x2e, 0x30, 0x29, 0x2c, 0x20, 0x30, 0x2e, 0x30, 0x2c, 0x20, 0x31, 0x2e, //  / 2.0), 0.0, 1.
	0x30, 0x29, 0x3b, 0x0a, 0x20, 0x20, 0x20, 0x20, 0x74, 0x6d, 0x70, 0x76, 0x61, 0x72, 0x5f, 0x32, // 0);.    tmpvar_2
	0x38, 0x20, 0x3d, 0x20, 0x6d, 0x69, 0x78, 0x20, 0x28, 0x74, 0x6d, 0x70, 0x76, 0x61, 0x72, 0x5f, // 8 = mix (tmpvar_
	0x33, 0x30, 0x2c, 0x20, 0x28, 0x31, 0x2e, 0x30, 0x20, 0x2d, 0x20, 0x28, 0x74, 0x6d, 0x70, 0x76, // 30, (1.0 - (tmpv
	0x61, 0x72, 0x5f, 0x33, 0x33, 0x20, 0x2a, 0x20, 0x0a, 0x20, 0x20, 0x20, 0x20, 0x20, 0x20, 0x28, // ar_33 * .      (
	0x74, 0x6d, 0x70, 0x76, 0x61, 0x72, 0x5f, 0x33, 0x33, 0x20, 0x2a, 0x20, 0x28, 0x33, 0x2e, 0x30, // tmpvar_33 * (3.0
	0x20, 0x2d, 0x20, 0x28, 0x32, 0x2e, 0x30, 0x20, 0x2a, 0x20, 0x74, 0x6d, 0x70, 0x76, 0x61, 0x72, //  - (2.0 * tmpvar
	0x5f, 0x33, 0x33, 0x29, 0x29, 0x29, 0x0a, 0x20, 0x20, 0x20, 0x20, 0x29, 0x29, 0x2c, 0x20, 0x28, // _33))).    )), (
	0x74, 0x6d, 0x70, 0x76, 0x61, 0x72, 0x5f, 0x33, 0x34, 0x20, 0x2a, 0x20, 0x28, 0x74, 0x6d, 0x70, // tmpvar_34 * (tmp
	0x76, 0x61, 0x72, 0x5f, 0x33, 0x34, 0x20, 0x2a, 0x20, 0x0a, 0x20, 0x20, 0x20, 0x20, 0x20, 0x20, // var_34 * .      
	0x28, 0x33, 0x2e, 0x30, 0x20, 0x2d, 0x20, 0x28, 0x32, 0x2e, 0x30, 0x20, 0x2a, 0x20, 0x74, 0x6d, // (3.0 - (2.0 * tm
	0x70, 0x76, 0x61, 0x72, 0x5f, 0x33, 0x34, 0x29, 0x29, 0x0a, 0x20, 0x20, 0x20, 0x20, 0x29, 0x29, // pvar_34)).    ))
	0x29, 0x3b, 0x0a, 0x20, 0x20, 0x7d, 0x3b, 0x0a, 0x20, 0x20, 0x66, 0x6c, 0x6f, 0x61, 0x74, 0x20, // );.  };.  float 
	0x74, 0x6d, 0x70, 0x76, 0x61, 0x72, 0x5f, 0x33, 0x35, 0x3b, 0x0a, 0x20, 0x20, 0x66, 0x6c, 0x6f, // tmpvar_35;.  flo
	0x61, 0x74, 0x20, 0x74, 0x6d, 0x70, 0x76, 0x61, 0x72, 0x5f, 0x33, 0x36, 0x3b, 0x0a, 0x20, 0x20, // at tmpvar_36;.  
	0x74, 0x6d, 0x70, 0x76, 0x61, 0x72, 0x5f, 0x33, 0x36, 0x20, 0x3d, 0x20, 0x28, 0x75, 0x53, 0x74, // tmpvar_36 = (uSt
	0x65, 0x70, 0x2e, 0x78, 0x20, 0x2f, 0x20, 0x6d, 0x61, 0x78, 0x20, 0x28, 0x64, 0x65, 0x72, 0x69, // ep.x / max (deri
	0x76, 0x61, 0x74, 0x69, 0x76, 0x65, 0x5f, 0x37, 0x2e, 0x79, 0x2c, 0x20, 0x31, 0x65, 0x2d, 0x30, // vative_7.y, 1e-0
	0x38, 0x29, 0x29, 0x3b, 0x0a, 0x20, 0x20, 0x66, 0x6c, 0x6f, 0x61, 0x74, 0x20, 0x74, 0x6d, 0x70, // 8));.  float tmp
	0x76, 0x61, 0x72, 0x5f, 0x33, 0x37, 0x3b, 0x0a, 0x20, 0x20, 0x74, 0x6d, 0x70, 0x76, 0x61, 0x72, // var_37;.  tmpvar
	0x5f, 0x33, 0x37, 0x20, 0x3d, 0x20, 0x63, 0x6c, 0x61, 0x6d, 0x70, 0x20, 0x28, 0x28, 0x33, 0x2e, // _37 = clamp ((3.
	0x30, 0x20, 0x2f, 0x20, 0x74, 0x6d, 0x70, 0x76, 0x61, 0x72, 0x5f, 0x33, 0x36, 0x29, 0x2c, 0x20, // 0 / tmpvar_36), 
	0x30, 0x2e, 0x30, 0x2c, 0x20, 0x31, 0x2e, 0x30, 0x29, 0x3b, 0x0a, 0x20, 0x20, 0x69, 0x66, 0x20, // 0.0, 1.0);.  if 
	0x28, 0x28, 0x74, 0x6d, 0x70, 0x76, 0x61, 0x72, 0x5f, 0x33, 0x36, 0x20, 0x3c, 0x3d, 0x20, 0x32, // ((tmpvar_36 <= 2
	0x2e, 0x30, 0x29, 0x29, 0x20, 0x7b, 0x0a, 0x20, 0x20, 0x20, 0x20, 0x74, 0x6d, 0x70, 0x76, 0x61, // .0)) {.    tmpva
	0x72, 0x5f, 0x33, 0x35, 0x20, 0x3d, 0x20, 0x74, 0x6d, 0x70, 0x76, 0x61, 0x72, 0x5f, 0x33, 0x37, // r_35 = tmpvar_37
	0x3b, 0x0a, 0x20, 0x20, 0x7d, 0x20, 0x65, 0x6c, 0x73, 0x65, 0x20, 0x7b, 0x0a, 0x20, 0x20, 0x20, // ;.  } else {.   
	0x20, 0x66, 0x6c, 0x6f, 0x61, 0x74, 0x20, 0x74, 0x6d, 0x70, 0x76, 0x61, 0x72, 0x5f, 0x33, 0x38, //  float tmpvar_38
	0x3b, 0x0a, 0x20, 0x20, 0x20, 0x20, 0x74, 0x6d, 0x70, 0x76, 0x61, 0x72, 0x5f, 0x33, 0x38, 0x20, // ;.    tmpvar_38 
	0x3d, 0x20, 0x28, 0x31, 0x2e, 0x35, 0x20, 0x2a, 0x20, 0x64, 0x65, 0x72, 0x69, 0x76, 0x61, 0x74, // = (1.5 * derivat
	0x69, 0x76, 0x65, 0x5f, 0x37, 0x2e, 0x79, 0x29, 0x3b, 0x0a, 0x20, 0x20, 0x20, 0x20, 0x66, 0x6c, // ive_7.y);.    fl
	0x6f, 0x61, 0x74, 0x20, 0x65, 0x64, 0x67, 0x65, 0x30, 0x5f, 0x33, 0x39, 0x3b, 0x0a, 0x20, 0x20, // oat edge0_39;.  
	0x20, 0x20, 0x65, 0x64, 0x67, 0x65, 0x30, 0x5f, 0x33, 0x39, 0x20, 0x3d, 0x20, 0x28, 0x74, 0x6d, //   edge0_39 = (tm
	0x70, 0x76, 0x61, 0x72, 0x5f, 0x33, 0x38, 0x20, 0x2d, 0x20, 0x64, 0x65, 0x72, 0x69, 0x76, 0x61, // pvar_38 - deriva
	0x74, 0x69, 0x76, 0x65, 0x5f, 0x37, 0x2e, 0x79, 0x29, 0x3b, 0x0a, 0x20, 0x20, 0x20, 0x20, 0x66, // tive_7.y);.    f
	0x6c, 0x6f, 0x61, 0x74, 0x20, 0x74, 0x6d, 0x70, 0x76, 0x61, 0x72, 0x5f, 0x34, 0x30, 0x3b, 0x0a, // loat tmpvar_40;.
	0x20, 0x20, 0x20, 0x20, 0x74, 0x6d, 0x70, 0x76, 0x61, 0x72, 0x5f, 0x34, 0x30, 0x20, 0x3d, 0x20, //     tmpvar_40 = 
	0x63, 0x6c, 0x61, 0x6d, 0x70, 0x20, 0x28, 0x28, 0x28, 0x0a, 0x20, 0x20, 0x20, 0x20, 0x20, 0x20, // clamp (((.      
	0x61, 0x62, 0x73, 0x28, 0x28, 0x74, 0x6d, 0x70, 0x76, 0x61, 0x72, 0x5f, 0x32, 0x37, 0x2e, 0x79, // abs((tmpvar_27.y
	0x20, 0x2d, 0x20, 0x28, 0x66, 0x6c, 0x6f, 0x6f, 0x72, 0x28, 0x0a, 0x20, 0x20, 0x20, 0x20, 0x20, //  - (floor(.     
	0x20, 0x20, 0x20, 0x28, 0x28, 0x74, 0x6d, 0x70, 0x76, 0x61, 0x72, 0x5f, 0x32, 0x37, 0x2e, 0x79, //    ((tmpvar_27.y
	0x20, 0x2f, 0x20, 0x75, 0x53, 0x74, 0x65, 0x70, 0x2e, 0x78, 0x29, 0x20, 0x2b, 0x20, 0x30, 0x2e, //  / uStep.x) + 0.
	0x35, 0x29, 0x0a, 0x20, 0x20, 0x20, 0x20, 0x20, 0x20, 0x29, 0x20, 0x2a, 0x20, 0x75, 0x53, 0x74, // 5).      ) * uSt
	0x65, 0x70, 0x2e, 0x78, 0x29, 0x29, 0x29, 0x0a, 0x20, 0x20, 0x20, 0x20, 0x20, 0x2d, 0x20, 0x65, // ep.x))).     - e
	0x64, 0x67, 0x65, 0x30, 0x5f, 0x33, 0x39, 0x29, 0x20, 0x2f, 0x20, 0x28, 0x0a, 0x20, 0x20, 0x20, // dge0_39) / (.   
	0x20, 0x20, 0x20, 0x28, 0x74, 0x6d, 0x70, 0x76, 0x61, 0x72, 0x5f, 0x33, 0x38, 0x20, 0x2b, 0x20, //    (tmpvar_38 + 
	0x64, 0x65, 0x72, 0x69, 0x76, 0x61, 0x74, 0x69, 0x76, 0x65, 0x5f, 0x37, 0x2e, 0x79, 0x29, 0x0a, // derivative_7.y).
	0x20, 0x20, 0x20, 0x20, 0x20, 0x2d, 0x20, 0x65, 0x64, 0x67, 0x65, 0x30, 0x5f, 0x33, 0x39, 0x29, //      - edge0_39)
	0x29, 0x2c, 0x20, 0x30, 0x2e, 0x30, 0x2c, 0x20, 0x31, 0x2e, 0x30, 0x29, 0x3b, 0x0a, 0x20, 0x20, // ), 0.0, 1.0);.  
	0x20, 0x20, 0x66, 0x6c, 0x6f, 0x61, 0x74, 0x20, 0x74, 0x6d, 0x70, 0x76, 0x61, 0x72, 0x5f, 0x34, //   float tmpvar_4
	0x31, 0x3b, 0x0a, 0x20, 0x20, 0x20, 0x20, 0x74, 0x6d, 0x70, 0x76, 0x61, 0x72, 0x5f, 0x34, 0x31, // 1;.    tmpvar_41
	0x20, 0x3d, 0x20, 0x63, 0x6c, 0x61, 0x6d, 0x70, 0x20, 0x28, 0x28, 0x28, 0x74, 0x6d, 0x70, 0x76, //  = clamp (((tmpv
	0x61, 0x72, 0x5f, 0x33, 0x36, 0x20, 0x2d, 0x20, 0x32, 0x2e, 0x30, 0x29, 0x20, 0x2f, 0x20, 0x32, // ar_36 - 2.0) / 2
	0x2e, 0x30, 0x29, 0x2c, 0x20, 0x30, 0x2e, 0x30, 0x2c, 0x20, 0x31, 0x2e, 0x30, 0x29, 0x3b, 0x0a, // .0), 0.0, 1.0);.
	0x20, 0x20, 0x20, 0x20, 0x74, 0x6d, 0x70, 0x76, 0x61, 0x72, 0x5f, 0x33, 0x35, 0x20, 0x3d, 0x20, //     tmpvar_35 = 
	0x6d, 0x69, 0x78, 0x20, 0x28, 0x74, 0x6d, 0x70, 0x76, 0x61, 0x72, 0x5f, 0x33, 0x37, 0x2c, 0x20, // mix (tmpvar_37, 
	0x28, 0x31, 0x2e, 0x30, 0x20, 0x2d, 0x20, 0x28, 0x74, 0x6d, 0x70, 0x76, 0x61, 0x72, 0x5f, 0x34, // (1.0 - (tmpvar_4
	0x30, 0x20, 0x2a, 0x20, 0x0a, 0x20, 0x20, 0x20, 0x20, 0x20, 0x20, 0x28, 0x74, 0x6d, 0x70, 0x76, // 0 * .      (tmpv
	0x61, 0x72, 0x5f, 0x34, 0x30, 0x20, 0x2a, 0x20, 0x28, 0x33, 0x2e, 0x30, 0x20, 0x2d, 0x20, 0x28, // ar_40 * (3.0 - (
	0x32, 0x2e, 0x30, 0x20, 0x2a, 0x20, 0x74, 0x6d, 0x70, 0x76, 0x61, 0x72, 0x5f, 0x34, 0x30, 0x29, // 2.0 * tmpvar_40)
	0x29, 0x29, 0x0a, 0x20, 0x20, 0x20, 0x20, 0x29, 0x29, 0x2c, 0x20, 0x28, 0x74, 0x6d, 0x70, 0x76, // )).    )), (tmpv
	0x61, 0x72, 0x5f, 0x34, 0x31, 0x20, 0x2a, 0x20, 0x28, 0x74, 0x6d, 0x70, 0x76, 0x61, 0x72, 0x5f, // ar_41 * (tmpvar_
	0x34, 0x31, 0x20, 0x2a, 0x20, 0x0a, 0x20, 0x20, 0x20, 0x20, 0x20, 0x20, 0x28, 0x33, 0x2e, 0x30, // 41 * .      (3.0
	0x20, 0x2d, 0x20, 0x28, 0x32, 0x2e, 0x30, 0x20, 0x2a, 0x20, 0x74, 0x6d, 0x70, 0x76, 0x61, 0x72, //  - (2.0 * tmpvar
	0x5f, 0x34, 0x31, 0x29, 0x29, 0x0a, 0x20, 0x20, 0x20, 0x20, 0x29, 0x29, 0x29, 0x3b, 0x0a, 0x20, // _41)).    )));. 
	0x20, 0x7d, 0x3b, 0x0a, 0x20, 0x20, 0x66, 0x6c, 0x6f, 0x61, 0x74, 0x20, 0x74, 0x6d, 0x70, 0x76, //  };.  float tmpv
	0x61, 0x72, 0x5f, 0x34, 0x32, 0x3b, 0x0a, 0x20, 0x20, 0x66, 0x6c, 0x6f, 0x61, 0x74, 0x20, 0x74, // ar_42;.  float t
	0x6d, 0x70, 0x76, 0x61, 0x72, 0x5f, 0x34, 0x33, 0x3b, 0x0a, 0x20, 0x20, 0x74, 0x6d, 0x70, 0x76, // mpvar_43;.  tmpv
	0x61, 0x72, 0x5f, 0x34, 0x33, 0x20, 0x3d, 0x20, 0x28, 0x6d, 0x69, 0x6e, 0x6f, 0x72, 0x53, 0x74, // ar_43 = (minorSt
	0x65, 0x70, 0x5f, 0x35, 0x20, 0x2f, 0x20, 0x6d, 0x61, 0x78, 0x20, 0x28, 0x64, 0x65, 0x72, 0x69, // ep_5 / max (deri
	0x76, 0x61, 0x74, 0x69, 0x76, 0x65, 0x5f, 0x37, 0x2e, 0x78, 0x2c, 0x20, 0x31, 0x65, 0x2d, 0x30, // vative_7.x, 1e-0
	0x38, 0x29, 0x29, 0x3b, 0x0a, 0x20, 0x20, 0x66, 0x6c, 0x6f, 0x61, 0x74, 0x20, 0x74, 0x6d, 0x70, // 8));.  float tmp
	0x76, 0x61, 0x72, 0x5f, 0x34, 0x34, 0x3b, 0x0a, 0x20, 0x20, 0x74, 0x6d, 0x70, 0x76, 0x61, 0x72, // var_44;.  tmpvar
	0x5f, 0x34, 0x34, 0x20, 0x3d, 0x20, 0x63, 0x6c, 0x61, 0x6d, 0x70, 0x20, 0x28, 0x28, 0x31, 0x2e, // _44 = clamp ((1.
	0x36, 0x20, 0x2f, 0x20, 0x74, 0x6d, 0x70, 0x76, 0x61, 0x72, 0x5f, 0x34, 0x33, 0x29, 0x2c, 0x20, // 6 / tmpvar_43), 
	0x30, 0x2e, 0x30, 0x2c, 0x20, 0x31, 0x2e, 0x30, 0x29, 0x3b, 0x0a, 0x20, 0x20, 0x69, 0x66, 0x20, // 0.0, 1.0);.  if 
	0x28, 0x28, 0x74, 0x6d, 0x70, 0x76, 0x61, 0x72, 0x5f, 0x34, 0x33, 0x20, 0x3c, 0x3d, 0x20, 0x31, // ((tmpvar_43 <= 1
	0x2e, 0x32, 0x35, 0x29, 0x29, 0x20, 0x7b, 0x0a, 0x20, 0x20, 0x20, 0x20, 0x74, 0x6d, 0x70, 0x76, // .25)) {.    tmpv
	0x61, 0x72, 0x5f, 0x34, 0x32, 0x20, 0x3d, 0x20, 0x74, 0x6d, 0x70, 0x76, 0x61, 0x72, 0x5f, 0x34, // ar_42 = tmpvar_4
	0x34, 0x3b, 0x0a, 0x20, 0x20, 0x7d, 0x20, 0x65, 0x6c, 0x73, 0x65, 0x20, 0x7b, 0x0a, 0x20, 0x20, // 4;.  } else {.  
	0x20, 0x20, 0x66, 0x6c, 0x6f, 0x61, 0x74, 0x20, 0x74, 0x6d, 0x70, 0x76, 0x61, 0x72, 0x5f, 0x34, //   float tmpvar_4
	0x35, 0x3b, 0x0a, 0x20, 0x20, 0x20, 0x20, 0x74, 0x6d, 0x70, 0x76, 0x61, 0x72, 0x5f, 0x34, 0x35, // 5;.    tmpvar_45
	0x20, 0x3d, 0x20, 0x28, 0x30, 0x2e, 0x38, 0x20, 0x2a, 0x20, 0x64, 0x65, 0x72, 0x69, 0x76, 0x61, //  = (0.8 * deriva
	0x74, 0x69, 0x76, 0x65, 0x5f, 0x37, 0x2e, 0x78, 0x29, 0x3b, 0x0a, 0x20, 0x20, 0x20, 0x20, 0x66, // tive_7.x);.    f
	0x6c, 0x6f, 0x61, 0x74, 0x20, 0x65, 0x64, 0x67, 0x65, 0x30, 0x5f, 0x34, 0x36, 0x3b, 0x0a, 0x20, // loat edge0_46;. 
	0x20, 0x20, 0x20, 0x65, 0x64, 0x67, 0x65, 0x30, 0x5f, 0x34, 0x36, 0x20, 0x3d, 0x20, 0x28, 0x74, //    edge0_46 = (t
	0x6d, 0x70, 0x76, 0x61, 0x72, 0x5f, 0x34, 0x35, 0x20, 0x2d, 0x20, 0x64, 0x65, 0x72, 0x69, 0x76, // mpvar_45 - deriv
	0x61, 0x74, 0x69, 0x76, 0x65, 0x5f, 0x37, 0x2e, 0x78, 0x29, 0x3b, 0x0a, 0x20, 0x20, 0x20, 0x20, // ative_7.x);.    
	0x66, 0x6c, 0x6f, 0x61, 0x74, 0x20, 0x74, 0x6d, 0x70, 0x76, 0x61, 0x72, 0x5f, 0x34, 0x37, 0x3b, // float tmpvar_47;
	0x0a, 0x20, 0x20, 0x20, 0x20, 0x74, 0x6d, 0x70, 0x76, 0x61, 0x72, 0x5f, 0x34, 0x37, 0x20, 0x3d, // .    tmpvar_47 =
	0x20, 0x63, 0x6c, 0x61, 0x6d, 0x70, 0x20, 0x28, 0x28, 0x28, 0x0a, 0x20, 0x20, 0x20, 0x20, 0x20, //  clamp (((.     
	0x20, 0x61, 0x62, 0x73, 0x28, 0x28, 0x74, 0x6d, 0x70, 0x76, 0x61, 0x72, 0x5f, 0x32, 0x37, 0x2e, //  abs((tmpvar_27.
	0x78, 0x20, 0x2d, 0x20, 0x28, 0x66, 0x6c, 0x6f, 0x6f, 0x72, 0x28, 0x0a, 0x20, 0x20, 0x20, 0x20, // x - (floor(.    
	0x20, 0x20, 0x20, 0x20, 0x28, 0x28, 0x74, 0x6d, 0x70, 0x76, 0x61, 0x72, 0x5f, 0x32, 0x37, 0x2e, //     ((tmpvar_27.
	0x78, 0x20, 0x2f, 0x20, 0x6d, 0x69, 0x6e, 0x6f, 0x72, 0x53, 0x74, 0x65, 0x70, 0x5f, 0x35, 0x29, // x / minorStep_5)
	0x20, 0x2b, 0x20, 0x30, 0x2e, 0x35, 0x29, 0x0a, 0x20, 0x20, 0x20, 0x20, 0x20, 0x20, 0x29, 0x20, //  + 0.5).      ) 
	0x2a, 0x20, 0x6d, 0x69, 0x6e, 0x6f, 0x72, 0x53, 0x74, 0x65, 0x70, 0x5f, 0x35, 0x29, 0x29, 0x29, // * minorStep_5)))
	0x0a, 0x20, 0x20, 0x20, 0x20, 0x20, 0x2d, 0x20, 0x65, 0x64, 0x67, 0x65, 0x30, 0x5f, 0x34, 0x36, // .     - edge0_46
	0x29, 0x20, 0x2f, 0x20, 0x28, 0x0a, 0x20, 0x20, 0x20, 0x20, 0x20, 0x20, 0x28, 0x74, 0x6d, 0x70, // ) / (.      (tmp
	0x76, 0x61, 0x72, 0x5f, 0x34, 0x35, 0x20, 0x2b, 0x20, 0x64, 0x65, 0x72, 0x69, 0x76, 0x61, 0x74, // var_45 + derivat
	0x69, 0x76, 0x65, 0x5f, 0x37, 0x2e, 0x78, 0x29, 0x0a, 0x20, 0x20, 0x20, 0x20, 0x20, 0x2d, 0x20, // ive_7.x).     - 
	0x65, 0x64, 0x67, 0x65, 0x30, 0x5f, 0x34, 0x36, 0x29, 0x29, 0x2c, 0x20, 0x30, 0x2e, 0x30, 0x2c, // edge0_46)), 0.0,
	0x20, 0x31, 0x2e, 0x30, 0x29, 0x3b, 0x0a, 0x20, 0x20, 0x20, 0x20, 0x66, 0x6c, 0x6f, 0x61, 0x74, //  1.0);.    float
	0x20, 0x74, 0x6d, 0x70, 0x76, 0x61, 0x72, 0x5f, 0x34, 0x38, 0x3b, 0x0a, 0x20, 0x20, 0x20, 0x20, //  tmpvar_48;.    
	0x74, 0x6d, 0x70, 0x76, 0x61, 0x72, 0x5f, 0x34, 0x38, 0x20, 0x3d, 0x20, 0x63, 0x6c, 0x61, 0x6d, // tmpvar_48 = clam
	0x70, 0x20, 0x28, 0x28, 0x28, 0x74, 0x6d, 0x70, 0x76, 0x61, 0x72, 0x5f, 0x34, 0x33, 0x20, 0x2d, // p (((tmpvar_43 -
	0x20, 0x31, 0x2e, 0x32, 0x35, 0x29, 0x20, 0x2f, 0x20, 0x31, 0x2e, 0x32, 0x35, 0x29, 0x2c, 0x20, //  1.25) / 1.25), 
	0x30, 0x2e, 0x30, 0x2c, 0x20, 0x31, 0x2e, 0x30, 0x29, 0x3b, 0x0a, 0x20, 0x20, 0x20, 0x20, 0x74, // 0.0, 1.0);.    t
	0x6d, 0x70, 0x76, 0x61, 0x72, 0x5f, 0x34, 0x32, 0x20, 0x3d, 0x20, 0x6d, 0x69, 0x78, 0x20, 0x28, // mpvar_42 = mix (
	0x74, 0x6d, 0x70, 0x76, 0x61, 0x72, 0x5f, 0x34, 0x34, 0x2c, 0x20, 0x28, 0x31, 0x2e, 0x30, 0x20, // tmpvar_44, (1.0 
	0x2d, 0x20, 0x28, 0x74, 0x6d, 0x70, 0x76, 0x61, 0x72, 0x5f, 0x34, 0x37, 0x20, 0x2a, 0x20, 0x0a, // - (tmpvar_47 * .
	0x20, 0x20, 0x20, 0x20, 0x20, 0x20, 0x28, 0x74, 0x6d, 0x70, 0x76, 0x61, 0x72, 0x5f, 0x34, 0x37, //       (tmpvar_47
	0x20, 0x2a, 0x20, 0x28, 0x33, 0x2e, 0x30, 0x20, 0x2d, 0x20, 0x28, 0x32, 0x2e, 0x30, 0x20, 0x2a, //  * (3.0 - (2.0 *
	0x20, 0x74, 0x6d, 0x70, 0x76, 0x61, 0x72, 0x5f, 0x34, 0x37, 0x29, 0x29, 0x29, 0x0a, 0x20, 0x20, //  tmpvar_47))).  
	0x20, 0x20, 0x29, 0x29, 0x2c, 0x20, 0x28, 0x74, 0x6d, 0x70, 0x76, 0x61, 0x72, 0x5f, 0x34, 0x38, //   )), (tmpvar_48
	0x20, 0x2a, 0x20, 0x28, 0x74, 0x6d, 0x70, 0x76, 0x61, 0x72, 0x5f, 0x34, 0x38, 0x20, 0x2a, 0x20, //  * (tmpvar_48 * 
	0x0a, 0x20, 0x20, 0x20, 0x20, 0x20, 0x20, 0x28, 0x33, 0x2e, 0x30, 0x20, 0x2d, 0x20, 0x28, 0x32, // .      (3.0 - (2
	0x2e, 0x30, 0x20, 0x2a, 0x20, 0x74, 0x6d, 0x70, 0x76, 0x61, 0x72, 0x5f, 0x34, 0x38, 0x29, 0x29, // .0 * tmpvar_48))
	0x0a, 0x20, 0x20, 0x20, 0x20, 0x29, 0x29, 0x29, 0x3b, 0x0a, 0x20, 0x20, 0x7d, 0x3b, 0x0a, 0x20, // .    )));.  };. 
	0x20, 0x66, 0x6c, 0x6f, 0x61, 0x74, 0x20, 0x74, 0x6d, 0x70, 0x76, 0x61, 0x72, 0x5f, 0x34, 0x39, //  float tmpvar_49
	0x3b, 0x0a, 0x20, 0x20, 0x66, 0x6c, 0x6f, 0x61, 0x74, 0x20, 0x74, 0x6d, 0x70, 0x76, 0x61, 0x72, // ;.  float tmpvar
	0x5f, 0x35, 0x30, 0x3b, 0x0a, 0x20, 0x20, 0x74, 0x6d, 0x70, 0x76, 0x61, 0x72, 0x5f, 0x35, 0x30, // _50;.  tmpvar_50
	0x20, 0x3d, 0x20, 0x28, 0x6d, 0x69, 0x6e, 0x6f, 0x72, 0x53, 0x74, 0x65, 0x70, 0x5f, 0x35, 0x20, //  = (minorStep_5 
	0x2f, 0x20, 0x6d, 0x61, 0x78, 0x20, 0x28, 0x64, 0x65, 0x72, 0x69, 0x76, 0x61, 0x74, 0x69, 0x76, // / max (derivativ
	0x65, 0x5f, 0x37, 0x2e, 0x79, 0x2c, 0x20, 0x31, 0x65, 0x2d, 0x30, 0x38, 0x29, 0x29, 0x3b, 0x0a, // e_7.y, 1e-08));.
	0x20, 0x20, 0x66, 0x6c, 0x6f, 0x61, 0x74, 0x20, 0x74, 0x6d, 0x70, 0x76, 0x61, 0x72, 0x5f, 0x35, //   float tmpvar_5
	0x31, 0x3b, 0x0a, 0x20, 0x20, 0x74, 0x6d, 0x70, 0x76, 0x61, 0x72, 0x5f, 0x35, 0x31, 0x20, 0x3d, // 1;.  tmpvar_51 =
	0x20, 0x63, 0x6c, 0x61, 0x6d, 0x70, 0x20, 0x28, 0x28, 0x31, 0x2e, 0x36, 0x20, 0x2f, 0x20, 0x74, //  clamp ((1.6 / t
	0x6d, 0x70, 0x76, 0x61, 0x72, 0x5f, 0x35, 0x30, 0x29, 0x2c, 0x20, 0x30, 0x2e, 0x30, 0x2c, 0x20, // mpvar_50), 0.0, 
	0x31, 0x2e, 0x30, 0x29, 0x3b, 0x0a, 0x20, 0x20, 0x69, 0x66, 0x20, 0x28, 0x28, 0x74, 0x6d, 0x70, // 1.0);.  if ((tmp
	0x76, 0x61, 0x72, 0x5f, 0x35, 0x30, 0x20, 0x3c, 0x3d, 0x20, 0x31, 0x2e, 0x32, 0x35, 0x29, 0x29, // var_50 <= 1.25))
	0x20, 0x7b, 0x0a, 0x20, 0x20, 0x20, 0x20, 0x74, 0x6d, 0x70, 0x76, 0x61, 0x72, 0x5f, 0x34, 0x39, //  {.    tmpvar_49
	0x20, 0x3d, 0x20, 0x74, 0x6d, 0x70, 0x76, 0x61, 0x72, 0x5f, 0x35, 0x31, 0x3b, 0x0a, 0x20, 0x20, //  = tmpvar_51;.  
	0x7d, 0x20, 0x65, 0x6c, 0x73, 0x65, 0x20, 0x7b, 0x0a, 0x20, 0x20, 0x20, 0x20, 0x66, 0x6c, 0x6f, // } else {.    flo
	0x61, 0x74, 0x20, 0x74, 0x6d, 0x70, 0x76, 0x61, 0x72, 0x5f, 0x35, 0x32, 0x3b, 0x0a, 0x20, 0x20, // at tmpvar_52;.  
	0x20, 0x20, 0x74, 0x6d, 0x70, 0x76, 0x61, 0x72, 0x5f, 0x35, 0x32, 0x20, 0x3d, 0x20, 0x28, 0x30, //   tmpvar_52 = (0
	0x2e, 0x38, 0x20, 0x2a, 0x20, 0x64, 0x65, 0x72, 0x69, 0x76, 0x61, 0x74, 0x69, 0x76, 0x65, 0x5f, // .8 * derivative_
	0x37, 0x2e, 0x79, 0x29, 0x3b, 0x0a, 0x20, 0x20, 0x20, 0x20, 0x66, 0x6c, 0x6f, 0x61, 0x74, 0x20, // 7.y);.    float 
	0x65, 0x64, 0x67, 0x65, 0x30, 0x5f, 0x35, 0x33, 0x3b, 0x0a, 0x20, 0x20, 0x20, 0x20, 0x65, 0x64, // edge0_53;.    ed
	0x67, 0x65, 0x30, 0x5f, 0x35, 0x33, 0x20, 0x3d, 0x20, 0x28, 0x74, 0x6d, 0x70, 0x76, 0x61, 0x72, // ge0_53 = (tmpvar
	0x5f, 0x35, 0x32, 0x20, 0x2d, 0x20, 0x64, 0x65, 0x72, 0x69, 0x76, 0x61, 0x74, 0x69, 0x76, 0x65, // _52 - derivative
	0x5f, 0x37, 0x2e, 0x79, 0x29, 0x3b, 0x0a, 0x20, 0x20, 0x20, 0x20, 0x66, 0x6c, 0x6f, 0x61, 0x74, // _7.y);.    float
	0x20, 0x74, 0x6d, 0x70, 0x76, 0x61, 0x72, 0x5f, 0x35, 0x34, 0x3b, 0x0a, 0x20, 0x20, 0x20, 0x20, //  tmpvar_54;.    
	0x74, 0x6d, 0x70, 0x76, 0x61, 0x72, 0x5f, 0x35, 0x34, 0x20, 0x3d, 0x20, 0x63, 0x6c, 0x61, 0x6d, // tmpvar_54 = clam
	0x70, 0x20, 0x28, 0x28, 0x28, 0x0a, 0x20, 0x20, 0x20, 0x20, 0x20, 0x20, 0x61, 0x62, 0x73, 0x28, // p (((.      abs(
	0x28, 0x74, 0x6d, 0x70, 0x76, 0x61, 0x72, 0x5f, 0x32, 0x37, 0x2e, 0x79, 0x20, 0x2d, 0x20, 0x28, // (tmpvar_27.y - (
	0x66, 0x6c, 0x6f, 0x6f, 0x72, 0x28, 0x0a, 0x20, 0x20, 0x20, 0x20, 0x20, 0x20, 0x20, 0x20, 0x28, // floor(.        (
	0x28, 0x74, 0x6d, 0x70, 0x76, 0x61, 0x72, 0x5f, 0x32, 0x37, 0x2e, 0x79, 0x20, 0x2f, 0x20, 0x6d, // (tmpvar_27.y / m
	0x69, 0x6e, 0x6f, 0x72, 0x53, 0x74, 0x65, 0x70, 0x5f, 0x35, 0x29, 0x20, 0x2b, 0x20, 0x30, 0x2e, // inorStep_5) + 0.
	0x35, 0x29, 0x0a, 0x20, 0x20, 0x20, 0x20, 0x20, 0x20, 0x29, 0x20, 0x2a, 0x20, 0x6d, 0x69, 0x6e, // 5).      ) * min
	0x6f, 0x72, 0x53, 0x74, 0x65, 0x70, 0x5f, 0x35, 0x29, 0x29, 0x29, 0x0a, 0x20, 0x20, 0x20, 0x20, // orStep_5))).    
	0x20, 0x2d, 0x20, 0x65, 0x64, 0x67, 0x65, 0x30, 0x5f, 0x35, 0x33, 0x29, 0x20, 0x2f, 0x20, 0x28, //  - edge0_53) / (
	0x0a, 0x20, 0x20, 0x20, 0x20, 0x20, 0x20, 0x28, 0x74, 0x6d, 0x70, 0x76, 0x61, 0x72, 0x5f, 0x35, // .      (tmpvar_5
	0x32, 0x20, 0x2b, 0x20, 0x64, 0x65, 0x72, 0x69, 0x76, 0x61, 0x74, 0x69, 0x76, 0x65, 0x5f, 0x37, // 2 + derivative_7
	0x2e, 0x79, 0x29, 0x0a, 0x20, 0x20, 0x20, 0x20, 0x20, 0x2d, 0x20, 0x65, 0x64, 0x67, 0x65, 0x30, // .y).     - edge0
	0x5f, 0x35, 0x33, 0x29, 0x29, 0x2c, 0x20, 0x30, 0x2e, 0x30, 0x2c, 0x20, 0x31, 0x2e, 0x30, 0x29, // _53)), 0.0, 1.0)
	0x3b, 0x0a, 0x20, 0x20, 0x20, 0x20, 0x66, 0x6c, 0x6f, 0x61, 0x74, 0x20, 0x74, 0x6d, 0x70, 0x76, // ;.    float tmpv
	0x61, 0x72, 0x5f, 0x35, 0x35, 0x3b, 0x0a, 0x20, 0x20, 0x20, 0x20, 0x74, 0x6d, 0x70, 0x76, 0x61, // ar_55;.    tmpva
	0x72, 0x5f, 0x35, 0x35, 0x20, 0x3d, 0x20, 0x63, 0x6c, 0x61, 0x6d, 0x70, 0x20, 0x28, 0x28, 0x28, // r_55 = clamp (((
	0x74, 0x6d, 0x70, 0x76, 0x61, 0x72, 0x5f, 0x35, 0x30, 0x20, 0x2d, 0x20, 0x31, 0x2e, 0x32, 0x35, // tmpvar_50 - 1.25
	0x29, 0x20, 0x2f, 0x20, 0x31, 0x2e, 0x32, 0x35, 0x29, 0x2c, 0x20, 0x30, 0x2e, 0x30, 0x2c, 0x20, // ) / 1.25), 0.0, 
	0x31, 0x2e, 0x30, 0x29, 0x3b, 0x0a, 0x20, 0x20, 0x20, 0x20, 0x74, 0x6d, 0x70, 0x76, 0x61, 0x72, // 1.0);.    tmpvar
	0x5f, 0x34, 0x39, 0x20, 0x3d, 0x20, 0x6d, 0x69, 0x78, 0x20, 0x28, 0x74, 0x6d, 0x70, 0x76, 0x61, // _49 = mix (tmpva
	0x72, 0x5f, 0x35, 0x31, 0x2c, 0x20, 0x28, 0x31, 0x2e, 0x30, 0x20, 0x2d, 0x20, 0x28, 0x74, 0x6d, // r_51, (1.0 - (tm
	0x70, 0x76, 0x61, 0x72, 0x5f, 0x35, 0x34, 0x20, 0x2a, 0x20, 0x0a, 0x20, 0x20, 0x20, 0x20, 0x20, // pvar_54 * .     
	0x20, 0x28, 0x74, 0x6d, 0x70, 0x76, 0x61, 0x72, 0x5f, 0x35, 0x34, 0x20, 0x2a, 0x20, 0x28, 0x33, //  (tmpvar_54 * (3
	0x2e, 0x30, 0x20, 0x2d, 0x20, 0x28, 0x32, 0x2e, 0x30, 0x20, 0x2a, 0x20, 0x74, 0x6d, 0x70, 0x76, // .0 - (2.0 * tmpv
	0x61, 0x72, 0x5f, 0x35, 0x34, 0x29, 0x29, 0x29, 0x0a, 0x20, 0x20, 0x20, 0x20, 0x29, 0x29, 0x2c, // ar_54))).    )),
	0x20, 0x28, 0x74, 0x6d, 0x70, 0x76, 0x61, 0x72, 0x5f, 0x35, 0x35, 0x20, 0x2a, 0x20, 0x28, 0x74, //  (tmpvar_55 * (t
	0x6d, 0x70, 0x76, 0x61, 0x72, 0x5f, 0x35, 0x35, 0x20, 0x2a, 0x20, 0x0a, 0x20, 0x20, 0x20, 0x20, // mpvar_55 * .    
	0x20, 0x20, 0x28, 0x33, 0x2e, 0x30, 0x20, 0x2d, 0x20, 0x28, 0x32, 0x2e, 0x30, 0x20, 0x2a, 0x20, //   (3.0 - (2.0 * 
	0x74, 0x6d, 0x70, 0x76, 0x61, 0x72, 0x5f, 0x35, 0x35, 0x29, 0x29, 0x0a, 0x20, 0x20, 0x20, 0x20, // tmpvar_55)).    
	0x29, 0x29, 0x29, 0x3b, 0x0a, 0x20, 0x20, 0x7d, 0x3b, 0x0a, 0x20, 0x20, 0x66, 0x6c, 0x6f, 0x61, // )));.  };.  floa
	0x74, 0x20, 0x74, 0x6d, 0x70, 0x76, 0x61, 0x72, 0x5f, 0x35, 0x36, 0x3b, 0x0a, 0x20, 0x20, 0x74, // t tmpvar_56;.  t
	0x6d, 0x70, 0x76, 0x61, 0x72, 0x5f, 0x35, 0x36, 0x20, 0x3d, 0x20, 0x6d, 0x61, 0x78, 0x20, 0x28, // mpvar_56 = max (
	0x74, 0x6d, 0x70, 0x76, 0x61, 0x72, 0x5f, 0x32, 0x38, 0x2c, 0x20, 0x74, 0x6d, 0x70, 0x76, 0x61, // tmpvar_28, tmpva
	0x72, 0x5f, 0x33, 0x35, 0x29, 0x3b, 0x0a, 0x20, 0x20, 0x66, 0x6c, 0x6f, 0x61, 0x74, 0x20, 0x74, // r_35);.  float t
	0x6d, 0x70, 0x76, 0x61, 0x72, 0x5f, 0x35, 0x37, 0x3b, 0x0a, 0x20, 0x20, 0x74, 0x6d, 0x70, 0x76, // mpvar_57;.  tmpv
	0x61, 0x72, 0x5f, 0x35, 0x37, 0x20, 0x3d, 0x20, 0x6d, 0x61, 0x78, 0x20, 0x28, 0x74, 0x6d, 0x70, // ar_57 = max (tmp
	0x76, 0x61, 0x72, 0x5f, 0x34, 0x32, 0x2c, 0x20, 0x74, 0x6d, 0x70, 0x76, 0x61, 0x72, 0x5f, 0x34, // var_42, tmpvar_4
	0x39, 0x29, 0x3b, 0x0a, 0x20, 0x20, 0x61, 0x78, 0x69, 0x73, 0x55, 0x5f, 0x34, 0x20, 0x3d, 0x20, // 9);.  axisU_4 = 
	0x30, 0x2e, 0x30, 0x3b, 0x0a, 0x20, 0x20, 0x61, 0x78, 0x69, 0x73, 0x56, 0x5f, 0x33, 0x20, 0x3d, // 0.0;.  axisV_3 =
	0x20, 0x30, 0x2e, 0x30, 0x3b, 0x0a, 0x20, 0x20, 0x69, 0x66, 0x20, 0x28, 0x28, 0x75, 0x49, 0x73, //  0.0;.  if ((uIs
	0x4f, 0x72, 0x74, 0x68, 0x6f, 0x2e, 0x78, 0x20, 0x3e, 0x20, 0x30, 0x2e, 0x35, 0x29, 0x29, 0x20, // Ortho.x > 0.5)) 
	0x7b, 0x0a, 0x20, 0x20, 0x20, 0x20, 0x69, 0x66, 0x20, 0x28, 0x28, 0x75, 0x41, 0x78, 0x69, 0x73, // {.    if ((uAxis
	0x56, 0x69, 0x73, 0x69, 0x62, 0x6c, 0x65, 0x2e, 0x78, 0x20, 0x3e, 0x20, 0x30, 0x2e, 0x35, 0x29, // Visible.x > 0.5)
	0x29, 0x20, 0x7b, 0x0a, 0x20, 0x20, 0x20, 0x20, 0x20, 0x20, 0x76, 0x65, 0x63, 0x32, 0x20, 0x74, // ) {.      vec2 t
	0x6d, 0x70, 0x76, 0x61, 0x72, 0x5f, 0x35, 0x38, 0x3b, 0x0a, 0x20, 0x20, 0x20, 0x20, 0x20, 0x20, // mpvar_58;.      
	0x74, 0x6d, 0x70, 0x76, 0x61, 0x72, 0x5f, 0x35, 0x38, 0x2e, 0x78, 0x20, 0x3d, 0x20, 0x28, 0x28, // tmpvar_58.x = ((
	0x75, 0x41, 0x78, 0x69, 0x73, 0x4c, 0x69, 0x6e, 0x65, 0x58, 0x2e, 0x78, 0x20, 0x2a, 0x20, 0x32, // uAxisLineX.x * 2
	0x2e, 0x30, 0x29, 0x20, 0x2f, 0x20, 0x75, 0x53, 0x63, 0x72, 0x65, 0x65, 0x6e, 0x57, 0x69, 0x64, // .0) / uScreenWid
	0x74, 0x68, 0x2e, 0x78, 0x29, 0x3b, 0x0a, 0x20, 0x20, 0x20, 0x20, 0x20, 0x20, 0x74, 0x6d, 0x70, // th.x);.      tmp
	0x76, 0x61, 0x72, 0x5f, 0x35, 0x38, 0x2e, 0x79, 0x20, 0x3d, 0x20, 0x28, 0x28, 0x75, 0x41, 0x78, // var_58.y = ((uAx
	0x69, 0x73, 0x4c, 0x69, 0x6e, 0x65, 0x58, 0x2e, 0x79, 0x20, 0x2a, 0x20, 0x32, 0x2e, 0x30, 0x29, // isLineX.y * 2.0)
	0x20, 0x2f, 0x20, 0x75, 0x53, 0x63, 0x72, 0x65, 0x65, 0x6e, 0x48, 0x65, 0x69, 0x67, 0x68, 0x74, //  / uScreenHeight
	0x2e, 0x78, 0x29, 0x3b, 0x0a, 0x20, 0x20, 0x20, 0x20, 0x20, 0x20, 0x66, 0x6c, 0x6f, 0x61, 0x74, // .x);.      float
	0x20, 0x74, 0x6d, 0x70, 0x76, 0x61, 0x72, 0x5f, 0x35, 0x39, 0x3b, 0x0a, 0x20, 0x20, 0x20, 0x20, //  tmpvar_59;.    
	0x20, 0x20, 0x74, 0x6d, 0x70, 0x76, 0x61, 0x72, 0x5f, 0x35, 0x39, 0x20, 0x3d, 0x20, 0x63, 0x6c, //   tmpvar_59 = cl
	0x61, 0x6d, 0x70, 0x20, 0x28, 0x28, 0x28, 0x0a, 0x20, 0x20, 0x20, 0x20, 0x20, 0x20, 0x20, 0x20, // amp (((.        
	0x28, 0x61, 0x62, 0x73, 0x28, 0x28, 0x64, 0x6f, 0x74, 0x20, 0x28, 0x75, 0x41, 0x78, 0x69, 0x73, // (abs((dot (uAxis
	0x4c, 0x69, 0x6e, 0x65, 0x58, 0x2e, 0x78, 0x79, 0x2c, 0x20, 0x76, 0x5f, 0x6e, 0x64, 0x63, 0x29, // LineX.xy, v_ndc)
	0x20, 0x2b, 0x20, 0x75, 0x41, 0x78, 0x69, 0x73, 0x4c, 0x69, 0x6e, 0x65, 0x58, 0x2e, 0x7a, 0x29, //  + uAxisLineX.z)
	0x29, 0x20, 0x2f, 0x20, 0x6d, 0x61, 0x78, 0x20, 0x28, 0x73, 0x71, 0x72, 0x74, 0x28, 0x64, 0x6f, // ) / max (sqrt(do
	0x74, 0x20, 0x28, 0x74, 0x6d, 0x70, 0x76, 0x61, 0x72, 0x5f, 0x35, 0x38, 0x2c, 0x20, 0x74, 0x6d, // t (tmpvar_58, tm
	0x70, 0x76, 0x61, 0x72, 0x5f, 0x35, 0x38, 0x29, 0x29, 0x2c, 0x20, 0x31, 0x65, 0x2d, 0x32, 0x30, // pvar_58)), 1e-20
	0x29, 0x29, 0x0a, 0x20, 0x20, 0x20, 0x20, 0x20, 0x20, 0x20, 0x2d, 0x20, 0x31, 0x2e, 0x35, 0x29, // )).       - 1.5)
	0x20, 0x2f, 0x20, 0x32, 0x2e, 0x30, 0x29, 0x2c, 0x20, 0x30, 0x2e, 0x30, 0x2c, 0x20, 0x31, 0x2e, //  / 2.0), 0.0, 1.
	0x30, 0x29, 0x3b, 0x0a, 0x20, 0x20, 0x20, 0x20, 0x20, 0x20, 0x61, 0x78, 0x69, 0x73, 0x55, 0x5f, // 0);.      axisU_
	0x34, 0x20, 0x3d, 0x20, 0x28, 0x31, 0x2e, 0x30, 0x20, 0x2d, 0x20, 0x28, 0x74, 0x6d, 0x70, 0x76, // 4 = (1.0 - (tmpv
	0x61, 0x72, 0x5f, 0x35, 0x39, 0x20, 0x2a, 0x20, 0x28, 0x74, 0x6d, 0x70, 0x76, 0x61, 0x72, 0x5f, // ar_59 * (tmpvar_
	0x35, 0x39, 0x20, 0x2a, 0x20, 0x0a, 0x20, 0x20, 0x20, 0x20, 0x20, 0x20, 0x20, 0x20, 0x28, 0x33, // 59 * .        (3
	0x2e, 0x30, 0x20, 0x2d, 0x20, 0x28, 0x32, 0x2e, 0x30, 0x20, 0x2a, 0x20, 0x74, 0x6d, 0x70, 0x76, // .0 - (2.0 * tmpv
	0x61, 0x72, 0x5f, 0x35, 0x39, 0x29, 0x29, 0x0a, 0x20, 0x20, 0x20, 0x20, 0x20, 0x20, 0x29, 0x29, // ar_59)).      ))
	0x29, 0x3b, 0x0a, 0x20, 0x20, 0x20, 0x20, 0x7d, 0x3b, 0x0a, 0x20, 0x20, 0x20, 0x20, 0x69, 0x66, // );.    };.    if
	0x20, 0x28, 0x28, 0x75, 0x41, 0x78, 0x69, 0x73, 0x56, 0x69, 0x73, 0x69, 0x62, 0x6c, 0x65, 0x2e, //  ((uAxisVisible.
	0x79, 0x20, 0x3e, 0x20, 0x30, 0x2e, 0x35, 0x29, 0x29, 0x20, 0x7b, 0x0a, 0x20, 0x20, 0x20, 0x20, // y > 0.5)) {.    
	0x20, 0x20, 0x76, 0x65, 0x63, 0x32, 0x20, 0x74, 0x6d, 0x70, 0x76, 0x61, 0x72, 0x5f, 0x36, 0x30, //   vec2 tmpvar_60
	0x3b, 0x0a, 0x20, 0x20, 0x20, 0x20, 0x20, 0x20, 0x74, 0x6d, 0x70, 0x76, 0x61, 0x72, 0x5f, 0x36, // ;.      tmpvar_6
	0x30, 0x2e, 0x78, 0x20, 0x3d, 0x20, 0x28, 0x28, 0x75, 0x41, 0x78, 0x69, 0x73, 0x4c, 0x69, 0x6e, // 0.x = ((uAxisLin
	0x65, 0x5a, 0x2e, 0x78, 0x20, 0x2a, 0x20, 0x32, 0x2e, 0x30, 0x29, 0x20, 0x2f, 0x20, 0x75, 0x53, // eZ.x * 2.0) / uS
	0x63, 0x72, 0x65, 0x65, 0x6e, 0x57, 0x69, 0x64, 0x74, 0x68, 0x2e, 0x78, 0x29, 0x3b, 0x0a, 0x20, // creenWidth.x);. 
	0x20, 0x20, 0x20, 0x20, 0x20, 0x74, 0x6d, 0x70, 0x76, 0x61, 0x72, 0x5f, 0x36, 0x30, 0x2e, 0x79, //      tmpvar_60.y
	0x20, 0x3d, 0x20, 0x28, 0x28, 0x75, 0x41, 0x78, 0x69, 0x73, 0x4c, 0x69, 0x6e, 0x65, 0x5a, 0x2e, //  = ((uAxisLineZ.
	0x79, 0x20, 0x2a, 0x20, 0x32, 0x2e, 0x30, 0x29, 0x20, 0x2f, 0x20, 0x75, 0x53, 0x63, 0x72, 0x65, // y * 2.0) / uScre
	0x65, 0x6e, 0x48, 0x65, 0x69, 0x67, 0x68, 0x74, 0x2e, 0x78, 0x29, 0x3b, 0x0a, 0x20, 0x20, 0x20, // enHeight.x);.   
	0x20, 0x20, 0x20, 0x66, 0x6c, 0x6f, 0x61, 0x74, 0x20, 0x74, 0x6d, 0x70, 0x76, 0x61, 0x72, 0x5f, //    float tmpvar_
	0x36, 0x31, 0x3b, 0x0a, 0x20, 0x20, 0x20, 0x20, 0x20, 0x20, 0x74, 0x6d, 0x70, 0x76, 0x61, 0x72, // 61;.      tmpvar
	0x5f, 0x36, 0x31, 0x20, 0x3d, 0x20, 0x63, 0x6c, 0x61, 0x6d, 0x70, 0x20, 0x28, 0x28, 0x28, 0x0a, // _61 = clamp (((.
	0x20, 0x20, 0x20, 0x20, 0x20, 0x20, 0x20, 0x20, 0x28, 0x61, 0x62, 0x73, 0x28, 0x28, 0x64, 0x6f, //         (abs((do
	0x74, 0x20, 0x28, 0x75, 0x41, 0x78, 0x69, 0x73, 0x4c, 0x69, 0x6e, 0x65, 0x5a, 0x2e, 0x78, 0x79, // t (uAxisLineZ.xy
	0x2c, 0x20, 0x76, 0x5f, 0x6e, 0x64, 0x63, 0x29, 0x20, 0x2b, 0x20, 0x75, 0x41, 0x78, 0x69, 0x73, // , v_ndc) + uAxis
	0x4c, 0x69, 0x6e, 0x65, 0x5a, 0x2e, 0x7a, 0x29, 0x29, 0x20, 0x2f, 0x20, 0x6d, 0x61, 0x78, 0x20, // LineZ.z)) / max 
	0x28, 0x73, 0x71, 0x72, 0x74, 0x28, 0x64, 0x6f, 0x74, 0x20, 0x28, 0x74, 0x6d, 0x70, 0x76, 0x61, // (sqrt(dot (tmpva
	0x72, 0x5f, 0x36, 0x30, 0x2c, 0x20, 0x74, 0x6d, 0x70, 0x76, 0x61, 0x72, 0x5f, 0x36, 0x30, 0x29, // r_60, tmpvar_60)
	0x29, 0x2c, 0x20, 0x31, 0x65, 0x2d, 0x32, 0x30, 0x29, 0x29, 0x0a, 0x20, 0x20, 0x20, 0x20, 0x20, // ), 1e-20)).     
	0x20, 0x20, 0x2d, 0x20, 0x31, 0x2e, 0x35, 0x29, 0x20, 0x2f, 0x20, 0x32, 0x2e, 0x30, 0x29, 0x2c, //   - 1.5) / 2.0),
	0x20, 0x30, 0x2e, 0x30, 0x2c, 0x20, 0x31, 0x2e, 0x30, 0x29, 0x3b, 0x0a, 0x20, 0x20, 0x20, 0x20, //  0.0, 1.0);.    
	0x20, 0x20, 0x61, 0x78, 0x69, 0x73, 0x56, 0x5f, 0x33, 0x20, 0x3d, 0x20, 0x28, 0x31, 0x2e, 0x30, //   axisV_3 = (1.0
	0x20, 0x2d, 0x20, 0x28, 0x74, 0x6d, 0x70, 0x76, 0x61, 0x72, 0x5f, 0x36, 0x31, 0x20, 0x2a, 0x20, //  - (tmpvar_61 * 
	0x28, 0x74, 0x6d, 0x70, 0x76, 0x61, 0x72, 0x5f, 0x36, 0x31, 0x20, 0x2a, 0x20, 0x0a, 0x20, 0x20, // (tmpvar_61 * .  
	0x20, 0x20, 0x20, 0x20, 0x20, 0x20, 0x28, 0x33, 0x2e, 0x30, 0x20, 0x2d, 0x20, 0x28, 0x32, 0x2e, //       (3.0 - (2.
	0x30, 0x20, 0x2a, 0x20, 0x74, 0x6d, 0x70, 0x76, 0x61, 0x72, 0x5f, 0x36, 0x31, 0x29, 0x29, 0x0a, // 0 * tmpvar_61)).
	0x20, 0x20, 0x20, 0x20, 0x20, 0x20, 0x29, 0x29, 0x29, 0x3b, 0x0a, 0x20, 0x20, 0x20, 0x20, 0x7d, //       )));.    }
	0x3b, 0x0a, 0x20, 0x20, 0x7d, 0x20, 0x65, 0x6c, 0x73, 0x65, 0x20, 0x7b, 0x0a, 0x20, 0x20, 0x20, // ;.  } else {.   
	0x20, 0x69, 0x66, 0x20, 0x28, 0x28, 0x75, 0x41, 0x78, 0x69, 0x73, 0x56, 0x69, 0x73, 0x69, 0x62, //  if ((uAxisVisib
	0x6c, 0x65, 0x2e, 0x78, 0x20, 0x3e, 0x20, 0x30, 0x2e, 0x35, 0x29, 0x29, 0x20, 0x7b, 0x0a, 0x20, // le.x > 0.5)) {. 
	0x20, 0x20, 0x20, 0x20, 0x20, 0x66, 0x6c, 0x6f, 0x61, 0x74, 0x20, 0x65, 0x64, 0x67, 0x65, 0x30, //      float edge0
	0x5f, 0x36, 0x32, 0x3b, 0x0a, 0x20, 0x20, 0x20, 0x20, 0x20, 0x20, 0x65, 0x64, 0x67, 0x65, 0x30, // _62;.      edge0
	0x5f, 0x36, 0x32, 0x20, 0x3d, 0x20, 0x28, 0x31, 0x2e, 0x35, 0x20, 0x2a, 0x20, 0x64, 0x65, 0x72, // _62 = (1.5 * der
	0x69, 0x76, 0x61, 0x74, 0x69, 0x76, 0x65, 0x5f, 0x37, 0x2e, 0x79, 0x29, 0x3b, 0x0a, 0x20, 0x20, // ivative_7.y);.  
	0x20, 0x20, 0x20, 0x20, 0x66, 0x6c, 0x6f, 0x61, 0x74, 0x20, 0x74, 0x6d, 0x70, 0x76, 0x61, 0x72, //     float tmpvar
	0x5f, 0x36, 0x33, 0x3b, 0x0a, 0x20, 0x20, 0x20, 0x20, 0x20, 0x20, 0x74, 0x6d, 0x70, 0x76, 0x61, // _63;.      tmpva
	0x72, 0x5f, 0x36, 0x33, 0x20, 0x3d, 0x20, 0x63, 0x6c, 0x61, 0x6d, 0x70, 0x20, 0x28, 0x28, 0x28, // r_63 = clamp (((
	0x0a, 0x20, 0x20, 0x20, 0x20, 0x20, 0x20, 0x20, 0x20, 0x61, 0x62, 0x73, 0x28, 0x28, 0x74, 0x6d, // .        abs((tm
	0x70, 0x76, 0x61, 0x72, 0x5f, 0x32, 0x37, 0x2e, 0x79, 0x20, 0x2d, 0x20, 0x75, 0x41, 0x78, 0x69, // pvar_27.y - uAxi
	0x73, 0x4f, 0x72, 0x69, 0x67, 0x69, 0x6e, 0x47, 0x72, 0x69, 0x64, 0x52, 0x65, 0x6c, 0x61, 0x74, // sOriginGridRelat
	0x69, 0x76, 0x65, 0x2e, 0x79, 0x29, 0x29, 0x0a, 0x20, 0x20, 0x20, 0x20, 0x20, 0x20, 0x20, 0x2d, // ive.y)).       -
	0x20, 0x65, 0x64, 0x67, 0x65, 0x30, 0x5f, 0x36, 0x32, 0x29, 0x20, 0x2f, 0x20, 0x28, 0x0a, 0x20, //  edge0_62) / (. 
	0x20, 0x20, 0x20, 0x20, 0x20, 0x20, 0x20, 0x28, 0x33, 0x2e, 0x35, 0x20, 0x2a, 0x20, 0x64, 0x65, //        (3.5 * de
	0x72, 0x69, 0x76, 0x61, 0x74, 0x69, 0x76, 0x65, 0x5f, 0x37, 0x2e, 0x79, 0x29, 0x0a, 0x20, 0x20, // rivative_7.y).  
	0x20, 0x20, 0x20, 0x20, 0x20, 0x2d, 0x20, 0x65, 0x64, 0x67, 0x65, 0x30, 0x5f, 0x36, 0x32, 0x29, //      - edge0_62)
	0x29, 0x2c, 0x20, 0x30, 0x2e, 0x30, 0x2c, 0x20, 0x31, 0x2e, 0x30, 0x29, 0x3b, 0x0a, 0x20, 0x20, // ), 0.0, 1.0);.  
	0x20, 0x20, 0x20, 0x20, 0x61, 0x78, 0x69, 0x73, 0x55, 0x5f, 0x34, 0x20, 0x3d, 0x20, 0x28, 0x31, //     axisU_4 = (1
	0x2e, 0x30, 0x20, 0x2d, 0x20, 0x28, 0x74, 0x6d, 0x70, 0x76, 0x61, 0x72, 0x5f, 0x36, 0x33, 0x20, // .0 - (tmpvar_63 
	0x2a, 0x20, 0x28, 0x74, 0x6d, 0x70, 0x76, 0x61, 0x72, 0x5f, 0x36, 0x33, 0x20, 0x2a, 0x20, 0x0a, // * (tmpvar_63 * .
	0x20, 0x20, 0x20, 0x20, 0x20, 0x20, 0x20, 0x20, 0x28, 0x33, 0x2e, 0x30, 0x20, 0x2d, 0x20, 0x28, //         (3.0 - (
	0x32, 0x2e, 0x30, 0x20, 0x2a, 0x20, 0x74, 0x6d, 0x70, 0x76, 0x61, 0x72, 0x5f, 0x36, 0x33, 0x29, // 2.0 * tmpvar_63)
	0x29, 0x0a, 0x20, 0x20, 0x20, 0x20, 0x20, 0x20, 0x29, 0x29, 0x29, 0x3b, 0x0a, 0x20, 0x20, 0x20, // ).      )));.   
	0x20, 0x7d, 0x3b, 0x0a, 0x20, 0x20, 0x20, 0x20, 0x69, 0x66, 0x20, 0x28, 0x28, 0x75, 0x41, 0x78, //  };.    if ((uAx
	0x69, 0x73, 0x56, 0x69, 0x73, 0x69, 0x62, 0x6c, 0x65, 0x2e, 0x79, 0x20, 0x3e, 0x20, 0x30, 0x2e, // isVisible.y > 0.
	0x35, 0x29, 0x29, 0x20, 0x7b, 0x0a, 0x20, 0x20, 0x20, 0x20, 0x20, 0x20, 0x66, 0x6c, 0x6f, 0x61, // 5)) {.      floa
	0x74, 0x20, 0x65, 0x64, 0x67, 0x65, 0x30, 0x5f, 0x36, 0x34, 0x3b, 0x0a, 0x20, 0x20, 0x20, 0x20, // t edge0_64;.    
	0x20, 0x20, 0x65, 0x64, 0x67, 0x65, 0x30, 0x5f, 0x36, 0x34, 0x20, 0x3d, 0x20, 0x28, 0x31, 0x2e, //   edge0_64 = (1.
	0x35, 0x20, 0x2a, 0x20, 0x64, 0x65, 0x72, 0x69, 0x76, 0x61, 0x74, 0x69, 0x76, 0x65, 0x5f, 0x37, // 5 * derivative_7
	0x2e, 0x78, 0x29, 0x3b, 0x0a, 0x20, 0x20, 0x20, 0x20, 0x20, 0x20, 0x66, 0x6c, 0x6f, 0x61, 0x74, // .x);.      float
	0x20, 0x74, 0x6d, 0x70, 0x76, 0x61, 0x72, 0x5f, 0x36, 0x35, 0x3b, 0x0a, 0x20, 0x20, 0x20, 0x20, //  tmpvar_65;.    
	0x20, 0x20, 0x74, 0x6d, 0x70, 0x76, 0x61, 0x72, 0x5f, 0x36, 0x35, 0x20, 0x3d, 0x20, 0x63, 0x6c, //   tmpvar_65 = cl
	0x61, 0x6d, 0x70, 0x20, 0x28, 0x28, 0x28, 0x0a, 0x20, 0x20, 0x20, 0x20, 0x20, 0x20, 0x20, 0x20, // amp (((.        
	0x61, 0x62, 0x73, 0x28, 0x28, 0x74, 0x6d, 0x70, 0x76, 0x61, 0x72, 0x5f, 0x32, 0x37, 0x2e, 0x78, // abs((tmpvar_27.x
	0x20, 0x2d, 0x20, 0x75, 0x41, 0x78, 0x69, 0x73, 0x4f, 0x72, 0x69, 0x67, 0x69, 0x6e, 0x47, 0x72, //  - uAxisOriginGr
	0x69, 0x64, 0x52, 0x65, 0x6c, 0x61, 0x74, 0x69, 0x76, 0x65, 0x2e, 0x78, 0x29, 0x29, 0x0a, 0x20, // idRelative.x)). 
	0x20, 0x20, 0x20, 0x20, 0x20, 0x20, 0x2d, 0x20, 0x65, 0x64, 0x67, 0x65, 0x30, 0x5f, 0x36, 0x34, //       - edge0_64
	0x29, 0x20, 0x2f, 0x20, 0x28, 0x0a, 0x20, 0x20, 0x20, 0x20, 0x20, 0x20, 0x20, 0x20, 0x28, 0x33, // ) / (.        (3
	0x2e, 0x35, 0x20, 0x2a, 0x20, 0x64, 0x65, 0x72, 0x69, 0x76, 0x61, 0x74, 0x69, 0x76, 0x65, 0x5f, // .5 * derivative_
	0x37, 0x2e, 0x78, 0x29, 0x0a, 0x20, 0x20, 0x20, 0x20, 0x20, 0x20, 0x20, 0x2d, 0x20, 0x65, 0x64, // 7.x).       - ed
	0x67, 0x65, 0x30, 0x5f, 0x36, 0x34, 0x29, 0x29, 0x2c, 0x20, 0x30, 0x2e, 0x30, 0x2c, 0x20, 0x31, // ge0_64)), 0.0, 1
	0x2e, 0x30, 0x29, 0x3b, 0x0a, 0x20, 0x20, 0x20, 0x20, 0x20, 0x20, 0x61, 0x78, 0x69, 0x73, 0x56, // .0);.      axisV
	0x5f, 0x33, 0x20, 0x3d, 0x20, 0x28, 0x31, 0x2e, 0x30, 0x20, 0x2d, 0x20, 0x28, 0x74, 0x6d, 0x70, // _3 = (1.0 - (tmp
	0x76, 0x61, 0x72, 0x5f, 0x36, 0x35, 0x20, 0x2a, 0x20, 0x28, 0x74, 0x6d, 0x70, 0x76, 0x61, 0x72, // var_65 * (tmpvar
	0x5f, 0x36, 0x35, 0x20, 0x2a, 0x20, 0x0a, 0x20, 0x20, 0x20, 0x20, 0x20, 0x20, 0x20, 0x20, 0x28, // _65 * .        (
	0x33, 0x2e, 0x30, 0x20, 0x2d, 0x20, 0x28, 0x32, 0x2e, 0x30, 0x20, 0x2a, 0x20, 0x74, 0x6d, 0x70, // 3.0 - (2.0 * tmp
	0x76, 0x61, 0x72, 0x5f, 0x36, 0x35, 0x29, 0x29, 0x0a, 0x20, 0x20, 0x20, 0x20, 0x20, 0x20, 0x29, // var_65)).      )
	0x29, 0x29, 0x3b, 0x0a, 0x20, 0x20, 0x20, 0x20, 0x7d, 0x3b, 0x0a, 0x20, 0x20, 0x7d, 0x3b, 0x0a, // ));.    };.  };.
	0x20, 0x20, 0x73, 0x74, 0x61, 0x72, 0x74, 0x41, 0x78, 0x69, 0x73, 0x5f, 0x32, 0x20, 0x3d, 0x20, //   startAxis_2 = 
	0x30, 0x2e, 0x30, 0x3b, 0x0a, 0x20, 0x20, 0x69, 0x66, 0x20, 0x28, 0x28, 0x75, 0x53, 0x74, 0x61, // 0.0;.  if ((uSta
	0x72, 0x74, 0x41, 0x78, 0x69, 0x73, 0x56, 0x69, 0x73, 0x69, 0x62, 0x6c, 0x65, 0x2e, 0x78, 0x20, // rtAxisVisible.x 
	0x3e, 0x20, 0x30, 0x2e, 0x35, 0x29, 0x29, 0x20, 0x7b, 0x0a, 0x20, 0x20, 0x20, 0x20, 0x76, 0x65, // > 0.5)) {.    ve
	0x63, 0x32, 0x20, 0x74, 0x6d, 0x70, 0x76, 0x61, 0x72, 0x5f, 0x36, 0x36, 0x3b, 0x0a, 0x20, 0x20, // c2 tmpvar_66;.  
	0x20, 0x20, 0x74, 0x6d, 0x70, 0x76, 0x61, 0x72, 0x5f, 0x36, 0x36, 0x2e, 0x78, 0x20, 0x3d, 0x20, //   tmpvar_66.x = 
	0x28, 0x28, 0x75, 0x53, 0x74, 0x61, 0x72, 0x74, 0x41, 0x78, 0x69, 0x73, 0x4c, 0x69, 0x6e, 0x65, // ((uStartAxisLine
	0x2e, 0x78, 0x20, 0x2a, 0x20, 0x32, 0x2e, 0x30, 0x29, 0x20, 0x2f, 0x20, 0x75, 0x53, 0x63, 0x72, // .x * 2.0) / uScr
	0x65, 0x65, 0x6e, 0x57, 0x69, 0x64, 0x74, 0x68, 0x2e, 0x78, 0x29, 0x3b, 0x0a, 0x20, 0x20, 0x20, // eenWidth.x);.   
	0x20, 0x74, 0x6d, 0x70, 0x76, 0x61, 0x72, 0x5f, 0x36, 0x36, 0x2e, 0x79, 0x20, 0x3d, 0x20, 0x28, //  tmpvar_66.y = (
	0x28, 0x75, 0x53, 0x74, 0x61, 0x72, 0x74, 0x41, 0x78, 0x69, 0x73, 0x4c, 0x69, 0x6e, 0x65, 0x2e, // (uStartAxisLine.
	0x79, 0x20, 0x2a, 0x20, 0x32, 0x2e, 0x30, 0x29, 0x20, 0x2f, 0x20, 0x75, 0x53, 0x63, 0x72, 0x65, // y * 2.0) / uScre
	0x65, 0x6e, 0x48, 0x65, 0x69, 0x67, 0x68, 0x74, 0x2e, 0x78, 0x29, 0x3b, 0x0a, 0x20, 0x20, 0x20, // enHeight.x);.   
	0x20, 0x66, 0x6c, 0x6f, 0x61, 0x74, 0x20, 0x74, 0x6d, 0x70, 0x76, 0x61, 0x72, 0x5f, 0x36, 0x37, //  float tmpvar_67
	0x3b, 0x0a, 0x20, 0x20, 0x20, 0x20, 0x74, 0x6d, 0x70, 0x76, 0x61, 0x72, 0x5f, 0x36, 0x37, 0x20, // ;.    tmpvar_67 
	0x3d, 0x20, 0x63, 0x6c, 0x61, 0x6d, 0x70, 0x20, 0x28, 0x28, 0x28, 0x0a, 0x20, 0x20, 0x20, 0x20, // = clamp (((.    
	0x20, 0x20, 0x28, 0x61, 0x62, 0x73, 0x28, 0x28, 0x64, 0x6f, 0x74, 0x20, 0x28, 0x75, 0x53, 0x74, //   (abs((dot (uSt
	0x61, 0x72, 0x74, 0x41, 0x78, 0x69, 0x73, 0x4c, 0x69, 0x6e, 0x65, 0x2e, 0x78, 0x79, 0x2c, 0x20, // artAxisLine.xy, 
	0x76, 0x5f, 0x6e, 0x64, 0x63, 0x29, 0x20, 0x2b, 0x20, 0x75, 0x53, 0x74, 0x61, 0x72, 0x74, 0x41, // v_ndc) + uStartA
	0x78, 0x69, 0x73, 0x4c, 0x69, 0x6e, 0x65, 0x2e, 0x7a, 0x29, 0x29, 0x20, 0x2f, 0x20, 0x6d, 0x61, // xisLine.z)) / ma
	0x78, 0x20, 0x28, 0x73, 0x71, 0x72, 0x74, 0x28, 0x64, 0x6f, 0x74, 0x20, 0x28, 0x74, 0x6d, 0x70, // x (sqrt(dot (tmp
	0x76, 0x61, 0x72, 0x5f, 0x36, 0x36, 0x2c, 0x20, 0x74, 0x6d, 0x70, 0x76, 0x61, 0x72, 0x5f, 0x36, // var_66, tmpvar_6
	0x36, 0x29, 0x29, 0x2c, 0x20, 0x31, 0x65, 0x2d, 0x32, 0x30, 0x29, 0x29, 0x0a, 0x20, 0x20, 0x20, // 6)), 1e-20)).   
	0x20, 0x20, 0x2d, 0x20, 0x31, 0x2e, 0x35, 0x29, 0x20, 0x2f, 0x20, 0x32, 0x2e, 0x30, 0x29, 0x2c, //   - 1.5) / 2.0),
	0x20, 0x30, 0x2e, 0x30, 0x2c, 0x20, 0x31, 0x2e, 0x30, 0x29, 0x3b, 0x0a, 0x20, 0x20, 0x20, 0x20, //  0.0, 1.0);.    
	0x73, 0x74, 0x61, 0x72, 0x74, 0x41, 0x78, 0x69, 0x73, 0x5f, 0x32, 0x20, 0x3d, 0x20, 0x28, 0x31, // startAxis_2 = (1
	0x2e, 0x30, 0x20, 0x2d, 0x20, 0x28, 0x74, 0x6d, 0x70, 0x76, 0x61, 0x72, 0x5f, 0x36, 0x37, 0x20, // .0 - (tmpvar_67 
	0x2a, 0x20, 0x28, 0x74, 0x6d, 0x70, 0x76, 0x61, 0x72, 0x5f, 0x36, 0x37, 0x20, 0x2a, 0x20, 0x0a, // * (tmpvar_67 * .
	0x20, 0x20, 0x20, 0x20, 0x20, 0x20, 0x28, 0x33, 0x2e, 0x30, 0x20, 0x2d, 0x20, 0x28, 0x32, 0x2e, //       (3.0 - (2.
	0x30, 0x20, 0x2a, 0x20, 0x74, 0x6d, 0x70, 0x76, 0x61, 0x72, 0x5f, 0x36, 0x37, 0x29, 0x29, 0x0a, // 0 * tmpvar_67)).
	0x20, 0x20, 0x20, 0x20, 0x29, 0x29, 0x29, 0x3b, 0x0a, 0x20, 0x20, 0x7d, 0x3b, 0x0a, 0x20, 0x20, //     )));.  };.  
	0x61, 0x6c, 0x70, 0x68, 0x61, 0x5f, 0x31, 0x20, 0x3d, 0x20, 0x28, 0x6d, 0x61, 0x78, 0x20, 0x28, // alpha_1 = (max (
	0x6d, 0x61, 0x78, 0x20, 0x28, 0x0a, 0x20, 0x20, 0x20, 0x20, 0x28, 0x74, 0x6d, 0x70, 0x76, 0x61, // max (.    (tmpva
	0x72, 0x5f, 0x35, 0x37, 0x20, 0x2a, 0x20, 0x30, 0x2e, 0x32, 0x29, 0x0a, 0x20, 0x20, 0x2c, 0x20, // r_57 * 0.2).  , 
	0x0a, 0x20, 0x20, 0x20, 0x20, 0x28, 0x74, 0x6d, 0x70, 0x76, 0x61, 0x72, 0x5f, 0x35, 0x36, 0x20, // .    (tmpvar_56 
	0x2a, 0x20, 0x30, 0x2e, 0x35, 0x29, 0x0a, 0x20, 0x20, 0x29, 0x2c, 0x20, 0x28, 0x0a, 0x20, 0x20, // * 0.5).  ), (.  
	0x20, 0x20, 0x6d, 0x61, 0x78, 0x20, 0x28, 0x6d, 0x61, 0x78, 0x20, 0x28, 0x61, 0x78, 0x69, 0x73, //   max (max (axis
	0x55, 0x5f, 0x34, 0x2c, 0x20, 0x61, 0x78, 0x69, 0x73, 0x56, 0x5f, 0x33, 0x29, 0x2c, 0x20, 0x73, // U_4, axisV_3), s
	0x74, 0x61, 0x72, 0x74, 0x41, 0x78, 0x69, 0x73, 0x5f, 0x32, 0x29, 0x0a, 0x20, 0x20, 0x20, 0x2a, // tartAxis_2).   *
	0x20, 0x30, 0x2e, 0x38, 0x29, 0x29, 0x20, 0x2a, 0x20, 0x28, 0x67, 0x72, 0x61, 0x7a, 0x69, 0x6e, //  0.8)) * (grazin
	0x67, 0x46, 0x61, 0x64, 0x65, 0x5f, 0x36, 0x20, 0x2a, 0x20, 0x75, 0x47, 0x72, 0x69, 0x64, 0x4f, // gFade_6 * uGridO
	0x70, 0x61, 0x63, 0x69, 0x74, 0x79, 0x2e, 0x78, 0x29, 0x29, 0x3b, 0x0a, 0x20, 0x20, 0x69, 0x66, // pacity.x));.  if
	0x20, 0x28, 0x28, 0x61, 0x6c, 0x70, 0x68, 0x61, 0x5f, 0x31, 0x20, 0x3c, 0x3d, 0x20, 0x30, 0x2e, //  ((alpha_1 <= 0.
	0x30, 0x29, 0x29, 0x20, 0x7b, 0x0a, 0x20, 0x20, 0x20, 0x20, 0x64, 0x69, 0x73, 0x63, 0x61, 0x72, // 0)) {.    discar
	0x64, 0x3b, 0x0a, 0x20, 0x20, 0x7d, 0x3b, 0x0a, 0x20, 0x20, 0x76, 0x65, 0x63, 0x34, 0x20, 0x74, // d;.  };.  vec4 t
	0x6d, 0x70, 0x76, 0x61, 0x72, 0x5f, 0x36, 0x38, 0x3b, 0x0a, 0x20, 0x20, 0x74, 0x6d, 0x70, 0x76, // mpvar_68;.  tmpv
	0x61, 0x72, 0x5f, 0x36, 0x38, 0x2e, 0x78, 0x79, 0x7a, 0x20, 0x3d, 0x20, 0x6d, 0x69, 0x78, 0x20, // ar_68.xyz = mix 
	0x28, 0x6d, 0x69, 0x78, 0x20, 0x28, 0x6d, 0x69, 0x78, 0x20, 0x28, 0x0a, 0x20, 0x20, 0x20, 0x20, // (mix (mix (.    
	0x6d, 0x69, 0x78, 0x20, 0x28, 0x75, 0x47, 0x72, 0x69, 0x64, 0x43, 0x6f, 0x6c, 0x6f, 0x72, 0x4d, // mix (uGridColorM
	0x69, 0x6e, 0x6f, 0x72, 0x2e, 0x78, 0x79, 0x7a, 0x2c, 0x20, 0x75, 0x47, 0x72, 0x69, 0x64, 0x43, // inor.xyz, uGridC
	0x6f, 0x6c, 0x6f, 0x72, 0x4d, 0x61, 0x6a, 0x6f, 0x72, 0x2e, 0x78, 0x79, 0x7a, 0x2c, 0x20, 0x74, // olorMajor.xyz, t
	0x6d, 0x70, 0x76, 0x61, 0x72, 0x5f, 0x35, 0x36, 0x29, 0x0a, 0x20, 0x20, 0x2c, 0x20, 0x75, 0x41, // mpvar_56).  , uA
	0x78, 0x69, 0x73, 0x43, 0x6f, 0x6c, 0x6f, 0x72, 0x55, 0x2e, 0x78, 0x79, 0x7a, 0x2c, 0x20, 0x61, // xisColorU.xyz, a
	0x78, 0x69, 0x73, 0x55, 0x5f, 0x34, 0x29, 0x2c, 0x20, 0x75, 0x41, 0x78, 0x69, 0x73, 0x43, 0x6f, // xisU_4), uAxisCo
	0x6c, 0x6f, 0x72, 0x56, 0x2e, 0x78, 0x79, 0x7a, 0x2c, 0x20, 0x61, 0x78, 0x69, 0x73, 0x56, 0x5f, // lorV.xyz, axisV_
	0x33, 0x29, 0x2c, 0x20, 0x76, 0x65, 0x63, 0x33, 0x28, 0x31, 0x2e, 0x30, 0x2c, 0x20, 0x30, 0x2e, // 3), vec3(1.0, 0.
	0x38, 0x35, 0x2c, 0x20, 0x30, 0x2e, 0x31, 0x29, 0x2c, 0x20, 0x73, 0x74, 0x61, 0x72, 0x74, 0x41, // 85, 0.1), startA
	0x78, 0x69, 0x73, 0x5f, 0x32, 0x29, 0x3b, 0x0a, 0x20, 0x20, 0x74, 0x6d, 0x70, 0x76, 0x61, 0x72, // xis_2);.  tmpvar
	0x5f, 0x36, 0x38, 0x2e, 0x77, 0x20, 0x3d, 0x20, 0x61, 0x6c, 0x70, 0x68, 0x61, 0x5f, 0x31, 0x3b, // _68.w = alpha_1;
	0x0a, 0x20, 0x20, 0x67, 0x6c, 0x5f, 0x46, 0x72, 0x61, 0x67, 0x43, 0x6f, 0x6c, 0x6f, 0x72, 0x20, // .  gl_FragColor 
	0x3d, 0x20, 0x74, 0x6d, 0x70, 0x76, 0x61, 0x72, 0x5f, 0x36, 0x38, 0x3b, 0x0a, 0x7d, 0x0a, 0x0a, // = tmpvar_68;.}..
	0x00,                                                                                           // .
};

static const uint8_t frag_mtl[8761] =
{
	0x46, 0x53, 0x48, 0x0b, 0x6d, 0xa5, 0xfb, 0x9b, 0x00, 0x00, 0x00, 0x00, 0x1a, 0x00, 0x09, 0x75, // FSH.m..........u
	0x4c, 0x6f, 0x67, 0x44, 0x65, 0x70, 0x74, 0x68, 0x12, 0x01, 0x80, 0x00, 0x01, 0x00, 0x00, 0x00, // LogDepth........
	0x00, 0x00, 0x0c, 0x75, 0x53, 0x63, 0x72, 0x65, 0x65, 0x6e, 0x57, 0x69, 0x64, 0x74, 0x68, 0x12, // ...uScreenWidth.
	0x01, 0x70, 0x01, 0x01, 0x00, 0x00, 0x00, 0x00, 0x00, 0x0d, 0x75, 0x53, 0x63, 0x72, 0x65, 0x65, // .p........uScree
	0x6e, 0x48, 0x65, 0x69, 0x67, 0x68, 0x74, 0x12, 0x01, 0x60, 0x01, 0x01, 0x00, 0x00, 0x00, 0x00, // nHeight..`......
	0x00, 0x0e, 0x75, 0x50, 0x6c, 0x61, 0x6e, 0x65, 0x54, 0x61, 0x6e, 0x67, 0x65, 0x6e, 0x74, 0x55, // ..uPlaneTangentU
	0x12, 0x01, 0xb0, 0x00, 0x01, 0x00, 0x00, 0x00, 0x00, 0x00, 0x0e, 0x75, 0x50, 0x6c, 0x61, 0x6e, // ...........uPlan
	0x65, 0x54, 0x61, 0x6e, 0x67, 0x65, 0x6e, 0x74, 0x56, 0x12, 0x01, 0xc0, 0x00, 0x01, 0x00, 0x00, // eTangentV.......
	0x00, 0x00, 0x00, 0x08, 0x75, 0x49, 0x73, 0x4f, 0x72, 0x74, 0x68, 0x6f, 0x12, 0x01, 0x80, 0x01, // ....uIsOrtho....
	0x01, 0x00, 0x00, 0x00, 0x00, 0x00, 0x10, 0x75, 0x4f, 0x72, 0x74, 0x68, 0x6f, 0x50, 0x6c, 0x61, // .......uOrthoPla
	0x6e, 0x65, 0x56, 0x61, 0x6c, 0x69, 0x64, 0x12, 0x01, 0x90, 0x01, 0x01, 0x00, 0x00, 0x00, 0x00, // neValid.........
	0x00, 0x11, 0x75, 0x4f, 0x72, 0x74, 0x68, 0x6f, 0x50, 0x6c, 0x61, 0x6e, 0x65, 0x43, 0x65, 0x6e, // ..uOrthoPlaneCen
	0x74, 0x65, 0x72, 0x12, 0x01, 0xa0, 0x01, 0x01, 0x00, 0x00, 0x00, 0x00, 0x00, 0x0b, 0x75, 0x4f, // ter...........uO
	0x72, 0x74, 0x68, 0x6f, 0x52, 0x69, 0x67, 0x68, 0x74, 0x12, 0x01, 0xb0, 0x01, 0x01, 0x00, 0x00, // rthoRight.......
	0x00, 0x00, 0x00, 0x08, 0x75, 0x4f, 0x72, 0x74, 0x68, 0x6f, 0x55, 0x70, 0x12, 0x01, 0xc0, 0x01, // ....uOrthoUp....
	0x01, 0x00, 0x00, 0x00, 0x00, 0x00, 0x0c, 0x75, 0x50, 0x6c, 0x61, 0x6e, 0x65, 0x4e, 0x6f, 0x72, // .......uPlaneNor
	0x6d, 0x61, 0x6c, 0x12, 0x01, 0xa0, 0x00, 0x01, 0x00, 0x00, 0x00, 0x00, 0x00, 0x0f, 0x75, 0x4f, // mal...........uO
	0x72, 0x69, 0x67, 0x69, 0x6e, 0x52, 0x65, 0x6c, 0x61, 0x74, 0x69, 0x76, 0x65, 0x12, 0x01, 0x90, // riginRelative...
	0x00, 0x01, 0x00, 0x00, 0x00, 0x00, 0x00, 0x09, 0x75, 0x56, 0x69, 0x65, 0x77, 0x50, 0x72, 0x6f, // ........uViewPro
	0x6a, 0x14, 0x01, 0x00, 0x00, 0x04, 0x00, 0x00, 0x00, 0x00, 0x00, 0x05, 0x75, 0x56, 0x69, 0x65, // j...........uVie
	0x77, 0x14, 0x01, 0x40, 0x00, 0x04, 0x00, 0x00, 0x00, 0x00, 0x00, 0x05, 0x75, 0x53, 0x74, 0x65, // w..@........uSte
	0x70, 0x12, 0x01, 0x40, 0x01, 0x01, 0x00, 0x00, 0x00, 0x00, 0x00, 0x0c, 0x75, 0x41, 0x78, 0x69, // p..@........uAxi
	0x73, 0x56, 0x69, 0x73, 0x69, 0x62, 0x6c, 0x65, 0x12, 0x01, 0x50, 0x01, 0x01, 0x00, 0x00, 0x00, // sVisible..P.....
	0x00, 0x00, 0x0a, 0x75, 0x41, 0x78, 0x69, 0x73, 0x4c, 0x69, 0x6e, 0x65, 0x58, 0x12, 0x01, 0x20, // ...uAxisLineX.. 
	0x01, 0x01, 0x00, 0x00, 0x00, 0x00, 0x00, 0x0a, 0x75, 0x41, 0x78, 0x69, 0x73, 0x4c, 0x69, 0x6e, // ........uAxisLin
	0x65, 0x5a, 0x12, 0x01, 0x30, 0x01, 0x01, 0x00, 0x00, 0x00, 0x00, 0x00, 0x17, 0x75, 0x41, 0x78, // eZ..0........uAx
	0x69, 0x73, 0x4f, 0x72, 0x69, 0x67, 0x69, 0x6e, 0x47, 0x72, 0x69, 0x64, 0x52, 0x65, 0x6c, 0x61, // isOriginGridRela
	0x74, 0x69, 0x76, 0x65, 0x12, 0x01, 0x10, 0x01, 0x01, 0x00, 0x00, 0x00, 0x00, 0x00, 0x11, 0x75, // tive...........u
	0x53, 0x74, 0x61, 0x72, 0x74, 0x41, 0x78, 0x69, 0x73, 0x56, 0x69, 0x73, 0x69, 0x62, 0x6c, 0x65, // StartAxisVisible
	0x12, 0x01, 0xf0, 0x00, 0x01, 0x00, 0x00, 0x00, 0x00, 0x00, 0x0e, 0x75, 0x53, 0x74, 0x61, 0x72, // ...........uStar
	0x74, 0x41, 0x78, 0x69, 0x73, 0x4c, 0x69, 0x6e, 0x65, 0x12, 0x01, 0x00, 0x01, 0x01, 0x00, 0x00, // tAxisLine.......
	0x00, 0x00, 0x00, 0x0f, 0x75, 0x47, 0x72, 0x69, 0x64, 0x43, 0x6f, 0x6c, 0x6f, 0x72, 0x4d, 0x69, // ....uGridColorMi
	0x6e, 0x6f, 0x72, 0x12, 0x01, 0xe0, 0x01, 0x01, 0x00, 0x00, 0x00, 0x00, 0x00, 0x0f, 0x75, 0x47, // nor...........uG
	0x72, 0x69, 0x64, 0x43, 0x6f, 0x6c, 0x6f, 0x72, 0x4d, 0x61, 0x6a, 0x6f, 0x72, 0x12, 0x01, 0xd0, // ridColorMajor...
	0x01, 0x01, 0x00, 0x00, 0x00, 0x00, 0x00, 0x0b, 0x75, 0x41, 0x78, 0x69, 0x73, 0x43, 0x6f, 0x6c, // ........uAxisCol
	0x6f, 0x72, 0x55, 0x12, 0x01, 0xd0, 0x00, 0x01, 0x00, 0x00, 0x00, 0x00, 0x00, 0x0b, 0x75, 0x41, // orU...........uA
	0x78, 0x69, 0x73, 0x43, 0x6f, 0x6c, 0x6f, 0x72, 0x56, 0x12, 0x01, 0xe0, 0x00, 0x01, 0x00, 0x00, // xisColorV.......
	0x00, 0x00, 0x00, 0x0c, 0x75, 0x47, 0x72, 0x69, 0x64, 0x4f, 0x70, 0x61, 0x63, 0x69, 0x74, 0x79, // ....uGridOpacity
	0x12, 0x01, 0xf0, 0x01, 0x01, 0x00, 0x00, 0x00, 0x00, 0x00, 0xc7, 0x1f, 0x00, 0x00, 0x23, 0x69, // ..............#i
	0x6e, 0x63, 0x6c, 0x75, 0x64, 0x65, 0x20, 0x3c, 0x6d, 0x65, 0x74, 0x61, 0x6c, 0x5f, 0x73, 0x74, // nclude <metal_st
	0x64, 0x6c, 0x69, 0x62, 0x3e, 0x0a, 0x23, 0x69, 0x6e, 0x63, 0x6c, 0x75, 0x64, 0x65, 0x20, 0x3c, // dlib>.#include <
	0x73, 0x69, 0x6d, 0x64, 0x2f, 0x73, 0x69, 0x6d, 0x64, 0x2e, 0x68, 0x3e, 0x0a, 0x0a, 0x75, 0x73, // simd/simd.h>..us
	0x69, 0x6e, 0x67, 0x20, 0x6e, 0x61, 0x6d, 0x65, 0x73, 0x70, 0x61, 0x63, 0x65, 0x20, 0x6d, 0x65, // ing namespace me
	0x74, 0x61, 0x6c, 0x3b, 0x0a, 0x0a, 0x73, 0x74, 0x72, 0x75, 0x63, 0x74, 0x20, 0x5f, 0x47, 0x6c, // tal;..struct _Gl
	0x6f, 0x62, 0x61, 0x6c, 0x0a, 0x7b, 0x0a, 0x20, 0x20, 0x20, 0x20, 0x66, 0x6c, 0x6f, 0x61, 0x74, // obal.{.    float
	0x34, 0x78, 0x34, 0x20, 0x75, 0x56, 0x69, 0x65, 0x77, 0x50, 0x72, 0x6f, 0x6a, 0x3b, 0x0a, 0x20, // 4x4 uViewProj;. 
	0x20, 0x20, 0x20, 0x66, 0x6c, 0x6f, 0x61, 0x74, 0x34, 0x78, 0x34, 0x20, 0x75, 0x56, 0x69, 0x65, //    float4x4 uVie
	0x77, 0x3b, 0x0a, 0x20, 0x20, 0x20, 0x20, 0x66, 0x6c, 0x6f, 0x61, 0x74, 0x34, 0x20, 0x75, 0x4c, // w;.    float4 uL
	0x6f, 0x67, 0x44, 0x65, 0x70, 0x74, 0x68, 0x3b, 0x0a, 0x20, 0x20, 0x20, 0x20, 0x66, 0x6c, 0x6f, // ogDepth;.    flo
	0x61, 0x74, 0x34, 0x20, 0x75, 0x4f, 0x72, 0x69, 0x67, 0x69, 0x6e, 0x52, 0x65, 0x6c, 0x61, 0x74, // at4 uOriginRelat
	0x69, 0x76, 0x65, 0x3b, 0x0a, 0x20, 0x20, 0x20, 0x20, 0x66, 0x6c, 0x6f, 0x61, 0x74, 0x34, 0x20, // ive;.    float4 
	0x75, 0x50, 0x6c, 0x61, 0x6e, 0x65, 0x4e, 0x6f, 0x72, 0x6d, 0x61, 0x6c, 0x3b, 0x0a, 0x20, 0x20, // uPlaneNormal;.  
	0x20, 0x20, 0x66, 0x6c, 0x6f, 0x61, 0x74, 0x34, 0x20, 0x75, 0x50, 0x6c, 0x61, 0x6e, 0x65, 0x54, //   float4 uPlaneT
	0x61, 0x6e, 0x67, 0x65, 0x6e, 0x74, 0x55, 0x3b, 0x0a, 0x20, 0x20, 0x20, 0x20, 0x66, 0x6c, 0x6f, // angentU;.    flo
	0x61, 0x74, 0x34, 0x20, 0x75, 0x50, 0x6c, 0x61, 0x6e, 0x65, 0x54, 0x61, 0x6e, 0x67, 0x65, 0x6e, // at4 uPlaneTangen
	0x74, 0x56, 0x3b, 0x0a, 0x20, 0x20, 0x20, 0x20, 0x66, 0x6c, 0x6f, 0x61, 0x74, 0x34, 0x20, 0x75, // tV;.    float4 u
	0x41, 0x78, 0x69, 0x73, 0x43, 0x6f, 0x6c, 0x6f, 0x72, 0x55, 0x3b, 0x0a, 0x20, 0x20, 0x20, 0x20, // AxisColorU;.    
	0x66, 0x6c, 0x6f, 0x61, 0x74, 0x34, 0x20, 0x75, 0x41, 0x78, 0x69, 0x73, 0x43, 0x6f, 0x6c, 0x6f, // float4 uAxisColo
	0x72, 0x56, 0x3b, 0x0a, 0x20, 0x20, 0x20, 0x20, 0x66, 0x6c, 0x6f, 0x61, 0x74, 0x34, 0x20, 0x75, // rV;.    float4 u
	0x53, 0x74, 0x61, 0x72, 0x74, 0x41, 0x78, 0x69, 0x73, 0x56, 0x69, 0x73, 0x69, 0x62, 0x6c, 0x65, // StartAxisVisible
	0x3b, 0x0a, 0x20, 0x20, 0x20, 0x20, 0x66, 0x6c, 0x6f, 0x61, 0x74, 0x34, 0x20, 0x75, 0x53, 0x74, // ;.    float4 uSt
	0x61, 0x72, 0x74, 0x41, 0x78, 0x69, 0x73, 0x4c, 0x69, 0x6e, 0x65, 0x3b, 0x0a, 0x20, 0x20, 0x20, // artAxisLine;.   
	0x20, 0x66, 0x6c, 0x6f, 0x61, 0x74, 0x34, 0x20, 0x75, 0x41, 0x78, 0x69, 0x73, 0x4f, 0x72, 0x69, //  float4 uAxisOri
	0x67, 0x69, 0x6e, 0x47, 0x72, 0x69, 0x64, 0x52, 0x65, 0x6c, 0x61, 0x74, 0x69, 0x76, 0x65, 0x3b, // ginGridRelative;
	0x0a, 0x20, 0x20, 0x20, 0x20, 0x66, 0x6c, 0x6f, 0x61, 0x74, 0x34, 0x20, 0x75, 0x41, 0x78, 0x69, // .    float4 uAxi
	0x73, 0x4c, 0x69, 0x6e, 0x65, 0x58, 0x3b, 0x0a, 0x20, 0x20, 0x20, 0x20, 0x66, 0x6c, 0x6f, 0x61, // sLineX;.    floa
	0x74, 0x34, 0x20, 0x75, 0x41, 0x78, 0x69, 0x73, 0x4c, 0x69, 0x6e, 0x65, 0x5a, 0x3b, 0x0a, 0x20, // t4 uAxisLineZ;. 
	0x20, 0x20, 0x20, 0x66, 0x6c, 0x6f, 0x61, 0x74, 0x34, 0x20, 0x75, 0x53, 0x74, 0x65, 0x70, 0x3b, //    float4 uStep;
	0x0a, 0x20, 0x20, 0x20, 0x20, 0x66, 0x6c, 0x6f, 0x61, 0x74, 0x34, 0x20, 0x75, 0x41, 0x78, 0x69, // .    float4 uAxi
	0x73, 0x56, 0x69, 0x73, 0x69, 0x62, 0x6c, 0x65, 0x3b, 0x0a, 0x20, 0x20, 0x20, 0x20, 0x66, 0x6c, // sVisible;.    fl
	0x6f, 0x61, 0x74, 0x34, 0x20, 0x75, 0x53, 0x63, 0x72, 0x65, 0x65, 0x6e, 0x48, 0x65, 0x69, 0x67, // oat4 uScreenHeig
	0x68, 0x74, 0x3b, 0x0a, 0x20, 0x20, 0x20, 0x20, 0x66, 0x6c, 0x6f, 0x61, 0x74, 0x34, 0x20, 0x75, // ht;.    float4 u
	0x53, 0x63, 0x72, 0x65, 0x65, 0x6e, 0x57, 0x69, 0x64, 0x74, 0x68, 0x3b, 0x0a, 0x20, 0x20, 0x20, // ScreenWidth;.   
	0x20, 0x66, 0x6c, 0x6f, 0x61, 0x74, 0x34, 0x20, 0x75, 0x49, 0x73, 0x4f, 0x72, 0x74, 0x68, 0x6f, //  float4 uIsOrtho
	0x3b, 0x0a, 0x20, 0x20, 0x20, 0x20, 0x66, 0x6c, 0x6f, 0x61, 0x74, 0x34, 0x20, 0x75, 0x4f, 0x72, // ;.    float4 uOr
	0x74, 0x68, 0x6f, 0x50, 0x6c, 0x61, 0x6e, 0x65, 0x56, 0x61, 0x6c, 0x69, 0x64, 0x3b, 0x0a, 0x20, // thoPlaneValid;. 
	0x20, 0x20, 0x20, 0x66, 0x6c, 0x6f, 0x61, 0x74, 0x34, 0x20, 0x75, 0x4f, 0x72, 0x74, 0x68, 0x6f, //    float4 uOrtho
	0x50, 0x6c, 0x61, 0x6e, 0x65, 0x43, 0x65, 0x6e, 0x74, 0x65, 0x72, 0x3b, 0x0a, 0x20, 0x20, 0x20, // PlaneCenter;.   
	0x20, 0x66, 0x6c, 0x6f, 0x61, 0x74, 0x34, 0x20, 0x75, 0x4f, 0x72, 0x74, 0x68, 0x6f, 0x52, 0x69, //  float4 uOrthoRi
	0x67, 0x68, 0x74, 0x3b, 0x0a, 0x20, 0x20, 0x20, 0x20, 0x66, 0x6c, 0x6f, 0x61, 0x74, 0x34, 0x20, // ght;.    float4 
	0x75, 0x4f, 0x72, 0x74, 0x68, 0x6f, 0x55, 0x70, 0x3b, 0x0a, 0x20, 0x20, 0x20, 0x20, 0x66, 0x6c, // uOrthoUp;.    fl
	0x6f, 0x61, 0x74, 0x34, 0x20, 0x75, 0x47, 0x72, 0x69, 0x64, 0x43, 0x6f, 0x6c, 0x6f, 0x72, 0x4d, // oat4 uGridColorM
	0x61, 0x6a, 0x6f, 0x72, 0x3b, 0x0a, 0x20, 0x20, 0x20, 0x20, 0x66, 0x6c, 0x6f, 0x61, 0x74, 0x34, // ajor;.    float4
	0x20, 0x75, 0x47, 0x72, 0x69, 0x64, 0x43, 0x6f, 0x6c, 0x6f, 0x72, 0x4d, 0x69, 0x6e, 0x6f, 0x72, //  uGridColorMinor
	0x3b, 0x0a, 0x20, 0x20, 0x20, 0x20, 0x66, 0x6c, 0x6f, 0x61, 0x74, 0x34, 0x20, 0x75, 0x47, 0x72, // ;.    float4 uGr
	0x69, 0x64, 0x4f, 0x70, 0x61, 0x63, 0x69, 0x74, 0x79, 0x3b, 0x0a, 0x7d, 0x3b, 0x0a, 0x0a, 0x73, // idOpacity;.};..s
	0x74, 0x72, 0x75, 0x63, 0x74, 0x20, 0x78, 0x6c, 0x61, 0x74, 0x4d, 0x74, 0x6c, 0x4d, 0x61, 0x69, // truct xlatMtlMai
	0x6e, 0x5f, 0x6f, 0x75, 0x74, 0x0a, 0x7b, 0x0a, 0x20, 0x20, 0x20, 0x20, 0x66, 0x6c, 0x6f, 0x61, // n_out.{.    floa
	0x74, 0x34, 0x20, 0x62, 0x67, 0x66, 0x78, 0x5f, 0x46, 0x72, 0x61, 0x67, 0x44, 0x61, 0x74, 0x61, // t4 bgfx_FragData
	0x30, 0x20, 0x5b, 0x5b, 0x63, 0x6f, 0x6c, 0x6f, 0x72, 0x28, 0x30, 0x29, 0x5d, 0x5d, 0x3b, 0x0a, // 0 [[color(0)]];.
	0x20, 0x20, 0x20, 0x20, 0x66, 0x6c, 0x6f, 0x61, 0x74, 0x20, 0x67, 0x6c, 0x5f, 0x46, 0x72, 0x61, //     float gl_Fra
	0x67, 0x44, 0x65, 0x70, 0x74, 0x68, 0x20, 0x5b, 0x5b, 0x64, 0x65, 0x70, 0x74, 0x68, 0x28, 0x61, // gDepth [[depth(a
	0x6e, 0x79, 0x29, 0x5d, 0x5d, 0x3b, 0x0a, 0x7d, 0x3b, 0x0a, 0x0a, 0x73, 0x74, 0x72, 0x75, 0x63, // ny)]];.};..struc
	0x74, 0x20, 0x78, 0x6c, 0x61, 0x74, 0x4d, 0x74, 0x6c, 0x4d, 0x61, 0x69, 0x6e, 0x5f, 0x69, 0x6e, // t xlatMtlMain_in
	0x0a, 0x7b, 0x0a, 0x20, 0x20, 0x20, 0x20, 0x66, 0x6c, 0x6f, 0x61, 0x74, 0x32, 0x20, 0x76, 0x5f, // .{.    float2 v_
	0x6e, 0x64, 0x63, 0x20, 0x5b, 0x5b, 0x75, 0x73, 0x65, 0x72, 0x28, 0x6c, 0x6f, 0x63, 0x6e, 0x30, // ndc [[user(locn0
	0x29, 0x5d, 0x5d, 0x3b, 0x0a, 0x20, 0x20, 0x20, 0x20, 0x66, 0x6c, 0x6f, 0x61, 0x74, 0x33, 0x20, // )]];.    float3 
	0x76, 0x5f, 0x72, 0x61, 0x79, 0x44, 0x69, 0x72, 0x20, 0x5b, 0x5b, 0x75, 0x73, 0x65, 0x72, 0x28, // v_rayDir [[user(
	0x6c, 0x6f, 0x63, 0x6e, 0x31, 0x29, 0x5d, 0x5d, 0x3b, 0x0a, 0x20, 0x20, 0x20, 0x20, 0x66, 0x6c, // locn1)]];.    fl
	0x6f, 0x61, 0x74, 0x33, 0x20, 0x76, 0x5f, 0x72, 0x61, 0x79, 0x4f, 0x72, 0x69, 0x67, 0x69, 0x6e, // oat3 v_rayOrigin
	0x20, 0x5b, 0x5b, 0x75, 0x73, 0x65, 0x72, 0x28, 0x6c, 0x6f, 0x63, 0x6e, 0x32, 0x29, 0x5d, 0x5d, //  [[user(locn2)]]
	0x3b, 0x0a, 0x7d, 0x3b, 0x0a, 0x0a, 0x66, 0x72, 0x61, 0x67, 0x6d, 0x65, 0x6e, 0x74, 0x20, 0x78, // ;.};..fragment x
	0x6c, 0x61, 0x74, 0x4d, 0x74, 0x6c, 0x4d, 0x61, 0x69, 0x6e, 0x5f, 0x6f, 0x75, 0x74, 0x20, 0x78, // latMtlMain_out x
	0x6c, 0x61, 0x74, 0x4d, 0x74, 0x6c, 0x4d, 0x61, 0x69, 0x6e, 0x28, 0x78, 0x6c, 0x61, 0x74, 0x4d, // latMtlMain(xlatM
	0x74, 0x6c, 0x4d, 0x61, 0x69, 0x6e, 0x5f, 0x69, 0x6e, 0x20, 0x69, 0x6e, 0x20, 0x5b, 0x5b, 0x73, // tlMain_in in [[s
	0x74, 0x61, 0x67, 0x65, 0x5f, 0x69, 0x6e, 0x5d, 0x5d, 0x2c, 0x20, 0x63, 0x6f, 0x6e, 0x73, 0x74, // tage_in]], const
	0x61, 0x6e, 0x74, 0x20, 0x5f, 0x47, 0x6c, 0x6f, 0x62, 0x61, 0x6c, 0x26, 0x20, 0x5f, 0x6d, 0x74, // ant _Global& _mt
	0x6c, 0x5f, 0x75, 0x20, 0x5b, 0x5b, 0x62, 0x75, 0x66, 0x66, 0x65, 0x72, 0x28, 0x30, 0x29, 0x5d, // l_u [[buffer(0)]
	0x5d, 0x29, 0x0a, 0x7b, 0x0a, 0x20, 0x20, 0x20, 0x20, 0x78, 0x6c, 0x61, 0x74, 0x4d, 0x74, 0x6c, // ]).{.    xlatMtl
	0x4d, 0x61, 0x69, 0x6e, 0x5f, 0x6f, 0x75, 0x74, 0x20, 0x6f, 0x75, 0x74, 0x20, 0x3d, 0x20, 0x7b, // Main_out out = {
	0x7d, 0x3b, 0x0a, 0x20, 0x20, 0x20, 0x20, 0x62, 0x6f, 0x6f, 0x6c, 0x20, 0x5f, 0x38, 0x34, 0x39, // };.    bool _849
	0x20, 0x3d, 0x20, 0x5f, 0x6d, 0x74, 0x6c, 0x5f, 0x75, 0x2e, 0x75, 0x49, 0x73, 0x4f, 0x72, 0x74, //  = _mtl_u.uIsOrt
	0x68, 0x6f, 0x2e, 0x78, 0x20, 0x3e, 0x20, 0x30, 0x2e, 0x35, 0x3b, 0x0a, 0x20, 0x20, 0x20, 0x20, // ho.x > 0.5;.    
	0x66, 0x6c, 0x6f, 0x61, 0x74, 0x33, 0x20, 0x5f, 0x31, 0x37, 0x35, 0x36, 0x3b, 0x0a, 0x20, 0x20, // float3 _1756;.  
	0x20, 0x20, 0x66, 0x6c, 0x6f, 0x61, 0x74, 0x32, 0x20, 0x5f, 0x31, 0x37, 0x35, 0x37, 0x3b, 0x0a, //   float2 _1757;.
	0x20, 0x20, 0x20, 0x20, 0x69, 0x66, 0x20, 0x28, 0x5f, 0x38, 0x34, 0x39, 0x29, 0x0a, 0x20, 0x20, //     if (_849).  
	0x20, 0x20, 0x7b, 0x0a, 0x20, 0x20, 0x20, 0x20, 0x20, 0x20, 0x20, 0x20, 0x69, 0x66, 0x20, 0x28, //   {.        if (
	0x5f, 0x6d, 0x74, 0x6c, 0x5f, 0x75, 0x2e, 0x75, 0x4f, 0x72, 0x74, 0x68, 0x6f, 0x50, 0x6c, 0x61, // _mtl_u.uOrthoPla
	0x6e, 0x65, 0x56, 0x61, 0x6c, 0x69, 0x64, 0x2e, 0x78, 0x20, 0x3c, 0x20, 0x30, 0x2e, 0x35, 0x29, // neValid.x < 0.5)
	0x0a, 0x20, 0x20, 0x20, 0x20, 0x20, 0x20, 0x20, 0x20, 0x7b, 0x0a, 0x20, 0x20, 0x20, 0x20, 0x20, // .        {.     
	0x20, 0x20, 0x20, 0x20, 0x20, 0x20, 0x20, 0x64, 0x69, 0x73, 0x63, 0x61, 0x72, 0x64, 0x5f, 0x66, //        discard_f
	0x72, 0x61, 0x67, 0x6d, 0x65, 0x6e, 0x74, 0x28, 0x29, 0x3b, 0x0a, 0x20, 0x20, 0x20, 0x20, 0x20, // ragment();.     
	0x20, 0x20, 0x20, 0x7d, 0x0a, 0x20, 0x20, 0x20, 0x20, 0x20, 0x20, 0x20, 0x20, 0x66, 0x6c, 0x6f, //    }.        flo
	0x61, 0x74, 0x33, 0x20, 0x5f, 0x38, 0x37, 0x39, 0x20, 0x3d, 0x20, 0x5f, 0x6d, 0x74, 0x6c, 0x5f, // at3 _879 = _mtl_
	0x75, 0x2e, 0x75, 0x4f, 0x72, 0x74, 0x68, 0x6f, 0x52, 0x69, 0x67, 0x68, 0x74, 0x2e, 0x78, 0x79, // u.uOrthoRight.xy
	0x7a, 0x20, 0x2a, 0x20, 0x28, 0x32, 0x2e, 0x30, 0x20, 0x2f, 0x20, 0x5f, 0x6d, 0x74, 0x6c, 0x5f, // z * (2.0 / _mtl_
	0x75, 0x2e, 0x75, 0x53, 0x63, 0x72, 0x65, 0x65, 0x6e, 0x57, 0x69, 0x64, 0x74, 0x68, 0x2e, 0x78, // u.uScreenWidth.x
	0x29, 0x3b, 0x0a, 0x20, 0x20, 0x20, 0x20, 0x20, 0x20, 0x20, 0x20, 0x66, 0x6c, 0x6f, 0x61, 0x74, // );.        float
	0x33, 0x20, 0x5f, 0x38, 0x38, 0x36, 0x20, 0x3d, 0x20, 0x5f, 0x6d, 0x74, 0x6c, 0x5f, 0x75, 0x2e, // 3 _886 = _mtl_u.
	0x75, 0x4f, 0x72, 0x74, 0x68, 0x6f, 0x55, 0x70, 0x2e, 0x78, 0x79, 0x7a, 0x20, 0x2a, 0x20, 0x28, // uOrthoUp.xyz * (
	0x32, 0x2e, 0x30, 0x20, 0x2f, 0x20, 0x5f, 0x6d, 0x74, 0x6c, 0x5f, 0x75, 0x2e, 0x75, 0x53, 0x63, // 2.0 / _mtl_u.uSc
	0x72, 0x65, 0x65, 0x6e, 0x48, 0x65, 0x69, 0x67, 0x68, 0x74, 0x2e, 0x78, 0x29, 0x3b, 0x0a, 0x20, // reenHeight.x);. 
	0x20, 0x20, 0x20, 0x20, 0x20, 0x20, 0x20, 0x5f, 0x31, 0x37, 0x35, 0x37, 0x20, 0x3d, 0x20, 0x66, //        _1757 = f
	0x61, 0x73, 0x74, 0x3a, 0x3a, 0x63, 0x6c, 0x61, 0x6d, 0x70, 0x28, 0x61, 0x62, 0x73, 0x28, 0x66, // ast::clamp(abs(f
	0x6c, 0x6f, 0x61, 0x74, 0x32, 0x28, 0x64, 0x6f, 0x74, 0x28, 0x5f, 0x38, 0x37, 0x39, 0x2c, 0x20, // loat2(dot(_879, 
	0x5f, 0x6d, 0x74, 0x6c, 0x5f, 0x75, 0x2e, 0x75, 0x50, 0x6c, 0x61, 0x6e, 0x65, 0x54, 0x61, 0x6e, // _mtl_u.uPlaneTan
	0x67, 0x65, 0x6e, 0x74, 0x55, 0x2e, 0x78, 0x79, 0x7a, 0x29, 0x2c, 0x20, 0x64, 0x6f, 0x74, 0x28, // gentU.xyz), dot(
	0x5f, 0x38, 0x37, 0x39, 0x2c, 0x20, 0x5f, 0x6d, 0x74, 0x6c, 0x5f, 0x75, 0x2e, 0x75, 0x50, 0x6c, // _879, _mtl_u.uPl
	0x61, 0x6e, 0x65, 0x54, 0x61, 0x6e, 0x67, 0x65, 0x6e, 0x74, 0x56, 0x2e, 0x78, 0x79, 0x7a, 0x29, // aneTangentV.xyz)
	0x29, 0x29, 0x20, 0x2b, 0x20, 0x61, 0x62, 0x73, 0x28, 0x66, 0x6c, 0x6f, 0x61, 0x74, 0x32, 0x28, // )) + abs(float2(
	0x64, 0x6f, 0x74, 0x28, 0x5f, 0x38, 0x38, 0x36, 0x2c, 0x20, 0x5f, 0x6d, 0x74, 0x6c, 0x5f, 0x75, // dot(_886, _mtl_u
	0x2e, 0x75, 0x50, 0x6c, 0x61, 0x6e, 0x65, 0x54, 0x61, 0x6e, 0x67, 0x65, 0x6e, 0x74, 0x55, 0x2e, // .uPlaneTangentU.
	0x78, 0x79, 0x7a, 0x29, 0x2c, 0x20, 0x64, 0x6f, 0x74, 0x28, 0x5f, 0x38, 0x38, 0x36, 0x2c, 0x20, // xyz), dot(_886, 
	0x5f, 0x6d, 0x74, 0x6c, 0x5f, 0x75, 0x2e, 0x75, 0x50, 0x6c, 0x61, 0x6e, 0x65, 0x54, 0x61, 0x6e, // _mtl_u.uPlaneTan
	0x67, 0x65, 0x6e, 0x74, 0x56, 0x2e, 0x78, 0x79, 0x7a, 0x29, 0x29, 0x29, 0x2c, 0x20, 0x66, 0x6c, // gentV.xyz))), fl
	0x6f, 0x61, 0x74, 0x32, 0x28, 0x39, 0x2e, 0x39, 0x39, 0x39, 0x39, 0x39, 0x39, 0x39, 0x33, 0x39, // oat2(9.999999939
	0x32, 0x32, 0x35, 0x32, 0x39, 0x30, 0x32, 0x39, 0x30, 0x37, 0x37, 0x38, 0x35, 0x30, 0x32, 0x38, // 2252902907785028
	0x32, 0x31, 0x39, 0x32, 0x32, 0x33, 0x65, 0x2d, 0x30, 0x39, 0x29, 0x2c, 0x20, 0x66, 0x6c, 0x6f, // 219223e-09), flo
	0x61, 0x74, 0x32, 0x28, 0x31, 0x30, 0x30, 0x30, 0x30, 0x30, 0x30, 0x30, 0x31, 0x35, 0x30, 0x34, // at2(100000001504
	0x37, 0x34, 0x36, 0x36, 0x32, 0x31, 0x39, 0x38, 0x37, 0x36, 0x36, 0x38, 0x38, 0x38, 0x35, 0x35, // 7466219876688855
	0x30, 0x34, 0x30, 0x2e, 0x30, 0x29, 0x29, 0x3b, 0x0a, 0x20, 0x20, 0x20, 0x20, 0x20, 0x20, 0x20, // 040.0));.       
	0x20, 0x5f, 0x31, 0x37, 0x35, 0x36, 0x20, 0x3d, 0x20, 0x28, 0x5f, 0x6d, 0x74, 0x6c, 0x5f, 0x75, //  _1756 = (_mtl_u
	0x2e, 0x75, 0x4f, 0x72, 0x74, 0x68, 0x6f, 0x50, 0x6c, 0x61, 0x6e, 0x65, 0x43, 0x65, 0x6e, 0x74, // .uOrthoPlaneCent
	0x65, 0x72, 0x2e, 0x78, 0x79, 0x7a, 0x20, 0x2b, 0x20, 0x28, 0x5f, 0x6d, 0x74, 0x6c, 0x5f, 0x75, // er.xyz + (_mtl_u
	0x2e, 0x75, 0x4f, 0x72, 0x74, 0x68, 0x6f, 0x52, 0x69, 0x67, 0x68, 0x74, 0x2e, 0x78, 0x79, 0x7a, // .uOrthoRight.xyz
	0x20, 0x2a, 0x20, 0x69, 0x6e, 0x2e, 0x76, 0x5f, 0x6e, 0x64, 0x63, 0x2e, 0x78, 0x29, 0x29, 0x20, //  * in.v_ndc.x)) 
	0x2b, 0x20, 0x28, 0x5f, 0x6d, 0x74, 0x6c, 0x5f, 0x75, 0x2e, 0x75, 0x4f, 0x72, 0x74, 0x68, 0x6f, // + (_mtl_u.uOrtho
	0x55, 0x70, 0x2e, 0x78, 0x79, 0x7a, 0x20, 0x2a, 0x20, 0x69, 0x6e, 0x2e, 0x76, 0x5f, 0x6e, 0x64, // Up.xyz * in.v_nd
	0x63, 0x2e, 0x79, 0x29, 0x3b, 0x0a, 0x20, 0x20, 0x20, 0x20, 0x7d, 0x0a, 0x20, 0x20, 0x20, 0x20, // c.y);.    }.    
	0x65, 0x6c, 0x73, 0x65, 0x0a, 0x20, 0x20, 0x20, 0x20, 0x7b, 0x0a, 0x20, 0x20, 0x20, 0x20, 0x20, // else.    {.     
	0x20, 0x20, 0x20, 0x66, 0x6c, 0x6f, 0x61, 0x74, 0x33, 0x20, 0x5f, 0x39, 0x31, 0x38, 0x20, 0x3d, //    float3 _918 =
	0x20, 0x66, 0x61, 0x73, 0x74, 0x3a, 0x3a, 0x6e, 0x6f, 0x72, 0x6d, 0x61, 0x6c, 0x69, 0x7a, 0x65, //  fast::normalize
	0x28, 0x5f, 0x6d, 0x74, 0x6c, 0x5f, 0x75, 0x2e, 0x75, 0x50, 0x6c, 0x61, 0x6e, 0x65, 0x4e, 0x6f, // (_mtl_u.uPlaneNo
	0x72, 0x6d, 0x61, 0x6c, 0x2e, 0x78, 0x79, 0x7a, 0x29, 0x3b, 0x0a, 0x20, 0x20, 0x20, 0x20, 0x20, // rmal.xyz);.     
	0x20, 0x20, 0x20, 0x66, 0x6c, 0x6f, 0x61, 0x74, 0x20, 0x5f, 0x39, 0x32, 0x31, 0x20, 0x3d, 0x20, //    float _921 = 
	0x64, 0x6f, 0x74, 0x28, 0x69, 0x6e, 0x2e, 0x76, 0x5f, 0x72, 0x61, 0x79, 0x44, 0x69, 0x72, 0x2c, // dot(in.v_rayDir,
	0x20, 0x5f, 0x39, 0x31, 0x38, 0x29, 0x3b, 0x0a, 0x20, 0x20, 0x20, 0x20, 0x20, 0x20, 0x20, 0x20, //  _918);.        
	0x66, 0x6c, 0x6f, 0x61, 0x74, 0x20, 0x5f, 0x39, 0x33, 0x32, 0x20, 0x3d, 0x20, 0x28, 0x61, 0x62, // float _932 = (ab
	0x73, 0x28, 0x5f, 0x39, 0x32, 0x31, 0x29, 0x20, 0x3e, 0x20, 0x39, 0x2e, 0x39, 0x39, 0x39, 0x39, // s(_921) > 9.9999
	0x39, 0x39, 0x39, 0x37, 0x34, 0x37, 0x35, 0x32, 0x34, 0x32, 0x37, 0x30, 0x37, 0x38, 0x37, 0x38, // 9997475242707878
	0x33, 0x35, 0x31, 0x32, 0x31, 0x31, 0x35, 0x34, 0x37, 0x38, 0x35, 0x65, 0x2d, 0x30, 0x37, 0x29, // 35121154785e-07)
	0x20, 0x3f, 0x20, 0x28, 0x28, 0x2d, 0x64, 0x6f, 0x74, 0x28, 0x69, 0x6e, 0x2e, 0x76, 0x5f, 0x72, //  ? ((-dot(in.v_r
	0x61, 0x79, 0x4f, 0x72, 0x69, 0x67, 0x69, 0x6e, 0x2c, 0x20, 0x5f, 0x39, 0x31, 0x38, 0x29, 0x29, // ayOrigin, _918))
	0x20, 0x2f, 0x20, 0x5f, 0x39, 0x32, 0x31, 0x29, 0x20, 0x3a, 0x20, 0x28, 0x2d, 0x31, 0x2e, 0x30, //  / _921) : (-1.0
	0x29, 0x3b, 0x0a, 0x20, 0x20, 0x20, 0x20, 0x20, 0x20, 0x20, 0x20, 0x66, 0x6c, 0x6f, 0x61, 0x74, // );.        float
	0x33, 0x20, 0x5f, 0x39, 0x33, 0x37, 0x20, 0x3d, 0x20, 0x69, 0x6e, 0x2e, 0x76, 0x5f, 0x72, 0x61, // 3 _937 = in.v_ra
	0x79, 0x4f, 0x72, 0x69, 0x67, 0x69, 0x6e, 0x20, 0x2b, 0x20, 0x28, 0x69, 0x6e, 0x2e, 0x76, 0x5f, // yOrigin + (in.v_
	0x72, 0x61, 0x79, 0x44, 0x69, 0x72, 0x20, 0x2a, 0x20, 0x5f, 0x39, 0x33, 0x32, 0x29, 0x3b, 0x0a, // rayDir * _932);.
	0x20, 0x20, 0x20, 0x20, 0x20, 0x20, 0x20, 0x20, 0x66, 0x6c, 0x6f, 0x61, 0x74, 0x32, 0x20, 0x5f, //         float2 _
	0x31, 0x31, 0x39, 0x31, 0x20, 0x3d, 0x20, 0x66, 0x6c, 0x6f, 0x61, 0x74, 0x32, 0x28, 0x64, 0x6f, // 1191 = float2(do
	0x74, 0x28, 0x5f, 0x39, 0x33, 0x37, 0x2c, 0x20, 0x5f, 0x6d, 0x74, 0x6c, 0x5f, 0x75, 0x2e, 0x75, // t(_937, _mtl_u.u
	0x50, 0x6c, 0x61, 0x6e, 0x65, 0x54, 0x61, 0x6e, 0x67, 0x65, 0x6e, 0x74, 0x55, 0x2e, 0x78, 0x79, // PlaneTangentU.xy
	0x7a, 0x29, 0x2c, 0x20, 0x64, 0x6f, 0x74, 0x28, 0x5f, 0x39, 0x33, 0x37, 0x2c, 0x20, 0x5f, 0x6d, // z), dot(_937, _m
	0x74, 0x6c, 0x5f, 0x75, 0x2e, 0x75, 0x50, 0x6c, 0x61, 0x6e, 0x65, 0x54, 0x61, 0x6e, 0x67, 0x65, // tl_u.uPlaneTange
	0x6e, 0x74, 0x56, 0x2e, 0x78, 0x79, 0x7a, 0x29, 0x29, 0x3b, 0x0a, 0x20, 0x20, 0x20, 0x20, 0x20, // ntV.xyz));.     
	0x20, 0x20, 0x20, 0x66, 0x6c, 0x6f, 0x61, 0x74, 0x32, 0x20, 0x5f, 0x39, 0x34, 0x30, 0x20, 0x3d, //    float2 _940 =
	0x20, 0x64, 0x66, 0x64, 0x78, 0x28, 0x5f, 0x31, 0x31, 0x39, 0x31, 0x29, 0x3b, 0x0a, 0x20, 0x20, //  dfdx(_1191);.  
	0x20, 0x20, 0x20, 0x20, 0x20, 0x20, 0x66, 0x6c, 0x6f, 0x61, 0x74, 0x32, 0x20, 0x5f, 0x39, 0x34, //       float2 _94
	0x35, 0x20, 0x3d, 0x20, 0x64, 0x66, 0x64, 0x79, 0x28, 0x2d, 0x5f, 0x31, 0x31, 0x39, 0x31, 0x29, // 5 = dfdy(-_1191)
	0x3b, 0x0a, 0x20, 0x20, 0x20, 0x20, 0x20, 0x20, 0x20, 0x20, 0x69, 0x66, 0x20, 0x28, 0x61, 0x62, // ;.        if (ab
	0x73, 0x28, 0x64, 0x6f, 0x74, 0x28, 0x66, 0x61, 0x73, 0x74, 0x3a, 0x3a, 0x6e, 0x6f, 0x72, 0x6d, // s(dot(fast::norm
	0x61, 0x6c, 0x69, 0x7a, 0x65, 0x28, 0x69, 0x6e, 0x2e, 0x76, 0x5f, 0x72, 0x61, 0x79, 0x44, 0x69, // alize(in.v_rayDi
	0x72, 0x29, 0x2c, 0x20, 0x5f, 0x39, 0x31, 0x38, 0x29, 0x29, 0x20, 0x3c, 0x20, 0x30, 0x2e, 0x30, // r), _918)) < 0.0
	0x38, 0x37, 0x31, 0x35, 0x35, 0x37, 0x34, 0x34, 0x34, 0x33, 0x33, 0x34, 0x30, 0x33, 0x30, 0x31, // 8715574443340301
	0x35, 0x31, 0x33, 0x36, 0x37, 0x31, 0x38, 0x37, 0x35, 0x29, 0x0a, 0x20, 0x20, 0x20, 0x20, 0x20, // 513671875).     
	0x20, 0x20, 0x20, 0x7b, 0x0a, 0x20, 0x20, 0x20, 0x20, 0x20, 0x20, 0x20, 0x20, 0x20, 0x20, 0x20, //    {.           
	0x20, 0x64, 0x69, 0x73, 0x63, 0x61, 0x72, 0x64, 0x5f, 0x66, 0x72, 0x61, 0x67, 0x6d, 0x65, 0x6e, //  discard_fragmen
	0x74, 0x28, 0x29, 0x3b, 0x0a, 0x20, 0x20, 0x20, 0x20, 0x20, 0x20, 0x20, 0x20, 0x7d, 0x0a, 0x20, // t();.        }. 
	0x20, 0x20, 0x20, 0x20, 0x20, 0x20, 0x20, 0x69, 0x66, 0x20, 0x28, 0x5f, 0x39, 0x33, 0x32, 0x20, //        if (_932 
	0x3c, 0x20, 0x30, 0x2e, 0x30, 0x29, 0x0a, 0x20, 0x20, 0x20, 0x20, 0x20, 0x20, 0x20, 0x20, 0x7b, // < 0.0).        {
	0x0a, 0x20, 0x20, 0x20, 0x20, 0x20, 0x20, 0x20, 0x20, 0x20, 0x20, 0x20, 0x20, 0x64, 0x69, 0x73, // .            dis
	0x63, 0x61, 0x72, 0x64, 0x5f, 0x66, 0x72, 0x61, 0x67, 0x6d, 0x65, 0x6e, 0x74, 0x28, 0x29, 0x3b, // card_fragment();
	0x0a, 0x20, 0x20, 0x20, 0x20, 0x20, 0x20, 0x20, 0x20, 0x7d, 0x0a, 0x20, 0x20, 0x20, 0x20, 0x20, // .        }.     
	0x20, 0x20, 0x20, 0x5f, 0x31, 0x37, 0x35, 0x37, 0x20, 0x3d, 0x20, 0x66, 0x61, 0x73, 0x74, 0x3a, //    _1757 = fast:
	0x3a, 0x63, 0x6c, 0x61, 0x6d, 0x70, 0x28, 0x61, 0x62, 0x73, 0x28, 0x5f, 0x39, 0x34, 0x30, 0x29, // :clamp(abs(_940)
	0x20, 0x2b, 0x20, 0x61, 0x62, 0x73, 0x28, 0x5f, 0x39, 0x34, 0x35, 0x29, 0x2c, 0x20, 0x66, 0x6c, //  + abs(_945), fl
	0x6f, 0x61, 0x74, 0x32, 0x28, 0x39, 0x2e, 0x39, 0x39, 0x39, 0x39, 0x39, 0x39, 0x39, 0x33, 0x39, // oat2(9.999999939
	0x32, 0x32, 0x35, 0x32, 0x39, 0x30, 0x32, 0x39, 0x30, 0x37, 0x37, 0x38, 0x35, 0x30, 0x32, 0x38, // 2252902907785028
	0x32, 0x31, 0x39, 0x32, 0x32, 0x33, 0x65, 0x2d, 0x30, 0x39, 0x29, 0x2c, 0x20, 0x66, 0x6c, 0x6f, // 219223e-09), flo
	0x61, 0x74, 0x32, 0x28, 0x31, 0x30, 0x30, 0x30, 0x30, 0x30, 0x30, 0x30, 0x31, 0x35, 0x30, 0x34, // at2(100000001504
	0x37, 0x34, 0x36, 0x36, 0x32, 0x31, 0x39, 0x38, 0x37, 0x36, 0x36, 0x38, 0x38, 0x38, 0x35, 0x35, // 7466219876688855
	0x30, 0x34, 0x30, 0x2e, 0x30, 0x29, 0x29, 0x3b, 0x0a, 0x20, 0x20, 0x20, 0x20, 0x20, 0x20, 0x20, // 040.0));.       
	0x20, 0x5f, 0x31, 0x37, 0x35, 0x36, 0x20, 0x3d, 0x20, 0x5f, 0x39, 0x33, 0x37, 0x3b, 0x0a, 0x20, //  _1756 = _937;. 
	0x20, 0x20, 0x20, 0x7d, 0x0a, 0x20, 0x20, 0x20, 0x20, 0x66, 0x6c, 0x6f, 0x61, 0x74, 0x34, 0x20, //    }.    float4 
	0x5f, 0x39, 0x37, 0x34, 0x20, 0x3d, 0x20, 0x66, 0x6c, 0x6f, 0x61, 0x74, 0x34, 0x28, 0x5f, 0x6d, // _974 = float4(_m
	0x74, 0x6c, 0x5f, 0x75, 0x2e, 0x75, 0x4f, 0x72, 0x69, 0x67, 0x69, 0x6e, 0x52, 0x65, 0x6c, 0x61, // tl_u.uOriginRela
	0x74, 0x69, 0x76, 0x65, 0x2e, 0x78, 0x79, 0x7a, 0x20, 0x2b, 0x20, 0x5f, 0x31, 0x37, 0x35, 0x36, // tive.xyz + _1756
	0x2c, 0x20, 0x31, 0x2e, 0x30, 0x29, 0x3b, 0x0a, 0x20, 0x20, 0x20, 0x20, 0x66, 0x6c, 0x6f, 0x61, // , 1.0);.    floa
	0x74, 0x34, 0x20, 0x5f, 0x39, 0x37, 0x37, 0x20, 0x3d, 0x20, 0x5f, 0x6d, 0x74, 0x6c, 0x5f, 0x75, // t4 _977 = _mtl_u
	0x2e, 0x75, 0x56, 0x69, 0x65, 0x77, 0x50, 0x72, 0x6f, 0x6a, 0x20, 0x2a, 0x20, 0x5f, 0x39, 0x37, // .uViewProj * _97
	0x34, 0x3b, 0x0a, 0x20, 0x20, 0x20, 0x20, 0x66, 0x6c, 0x6f, 0x61, 0x74, 0x20, 0x5f, 0x39, 0x38, // 4;.    float _98
	0x32, 0x20, 0x3d, 0x20, 0x5f, 0x39, 0x37, 0x37, 0x2e, 0x7a, 0x20, 0x2f, 0x20, 0x5f, 0x39, 0x37, // 2 = _977.z / _97
	0x37, 0x2e, 0x77, 0x3b, 0x0a, 0x20, 0x20, 0x20, 0x20, 0x69, 0x66, 0x20, 0x28, 0x28, 0x5f, 0x39, // 7.w;.    if ((_9
	0x38, 0x32, 0x20, 0x3e, 0x20, 0x31, 0x2e, 0x30, 0x29, 0x20, 0x7c, 0x7c, 0x20, 0x28, 0x5f, 0x39, // 82 > 1.0) || (_9
	0x38, 0x32, 0x20, 0x3c, 0x20, 0x30, 0x2e, 0x30, 0x29, 0x29, 0x0a, 0x20, 0x20, 0x20, 0x20, 0x7b, // 82 < 0.0)).    {
	0x0a, 0x20, 0x20, 0x20, 0x20, 0x20, 0x20, 0x20, 0x20, 0x64, 0x69, 0x73, 0x63, 0x61, 0x72, 0x64, // .        discard
	0x5f, 0x66, 0x72, 0x61, 0x67, 0x6d, 0x65, 0x6e, 0x74, 0x28, 0x29, 0x3b, 0x0a, 0x20, 0x20, 0x20, // _fragment();.   
	0x20, 0x7d, 0x0a, 0x20, 0x20, 0x20, 0x20, 0x66, 0x6c, 0x6f, 0x61, 0x74, 0x20, 0x5f, 0x31, 0x32, //  }.    float _12
	0x35, 0x38, 0x3b, 0x0a, 0x20, 0x20, 0x20, 0x20, 0x66, 0x6c, 0x6f, 0x61, 0x74, 0x20, 0x5f, 0x31, // 58;.    float _1
	0x30, 0x30, 0x38, 0x20, 0x3d, 0x20, 0x5f, 0x6d, 0x74, 0x6c, 0x5f, 0x75, 0x2e, 0x75, 0x53, 0x74, // 008 = _mtl_u.uSt
	0x65, 0x70, 0x2e, 0x78, 0x20, 0x2a, 0x20, 0x30, 0x2e, 0x31, 0x30, 0x30, 0x30, 0x30, 0x30, 0x30, // ep.x * 0.1000000
	0x30, 0x31, 0x34, 0x39, 0x30, 0x31, 0x31, 0x36, 0x31, 0x31, 0x39, 0x33, 0x38, 0x34, 0x37, 0x36, // 0149011611938476
	0x35, 0x36, 0x32, 0x35, 0x3b, 0x0a, 0x20, 0x20, 0x20, 0x20, 0x66, 0x6c, 0x6f, 0x61, 0x74, 0x20, // 5625;.    float 
	0x5f, 0x31, 0x32, 0x33, 0x32, 0x20, 0x3d, 0x20, 0x64, 0x6f, 0x74, 0x28, 0x5f, 0x31, 0x37, 0x35, // _1232 = dot(_175
	0x36, 0x2c, 0x20, 0x5f, 0x6d, 0x74, 0x6c, 0x5f, 0x75, 0x2e, 0x75, 0x50, 0x6c, 0x61, 0x6e, 0x65, // 6, _mtl_u.uPlane
	0x54, 0x61, 0x6e, 0x67, 0x65, 0x6e, 0x74, 0x55, 0x2e, 0x78, 0x79, 0x7a, 0x29, 0x3b, 0x0a, 0x20, // TangentU.xyz);. 
	0x20, 0x20, 0x20, 0x66, 0x6c, 0x6f, 0x61, 0x74, 0x20, 0x5f, 0x31, 0x32, 0x33, 0x37, 0x20, 0x3d, //    float _1237 =
	0x20, 0x64, 0x6f, 0x74, 0x28, 0x5f, 0x31, 0x37, 0x35, 0x36, 0x2c, 0x20, 0x5f, 0x6d, 0x74, 0x6c, //  dot(_1756, _mtl
	0x5f, 0x75, 0x2e, 0x75, 0x50, 0x6c, 0x61, 0x6e, 0x65, 0x54, 0x61, 0x6e, 0x67, 0x65, 0x6e, 0x74, // _u.uPlaneTangent
	0x56, 0x2e, 0x78, 0x79, 0x7a, 0x29, 0x3b, 0x0a, 0x20, 0x20, 0x20, 0x20, 0x66, 0x6c, 0x6f, 0x61, // V.xyz);.    floa
	0x74, 0x20, 0x5f, 0x31, 0x37, 0x35, 0x38, 0x3b, 0x0a, 0x20, 0x20, 0x20, 0x20, 0x64, 0x6f, 0x0a, // t _1758;.    do.
	0x20, 0x20, 0x20, 0x20, 0x7b, 0x0a, 0x20, 0x20, 0x20, 0x20, 0x20, 0x20, 0x20, 0x20, 0x5f, 0x31, //     {.        _1
	0x32, 0x35, 0x38, 0x20, 0x3d, 0x20, 0x66, 0x61, 0x73, 0x74, 0x3a, 0x3a, 0x6d, 0x61, 0x78, 0x28, // 258 = fast::max(
	0x5f, 0x31, 0x37, 0x35, 0x37, 0x2e, 0x78, 0x2c, 0x20, 0x39, 0x2e, 0x39, 0x39, 0x39, 0x39, 0x39, // _1757.x, 9.99999
	0x39, 0x39, 0x33, 0x39, 0x32, 0x32, 0x35, 0x32, 0x39, 0x30, 0x32, 0x39, 0x30, 0x37, 0x37, 0x38, // 9939225290290778
	0x35, 0x30, 0x32, 0x38, 0x32, 0x31, 0x39, 0x32, 0x32, 0x33, 0x65, 0x2d, 0x30, 0x39, 0x29, 0x3b, // 5028219223e-09);
	0x0a, 0x20, 0x20, 0x20, 0x20, 0x20, 0x20, 0x20, 0x20, 0x66, 0x6c, 0x6f, 0x61, 0x74, 0x20, 0x5f, // .        float _
	0x31, 0x32, 0x35, 0x39, 0x20, 0x3d, 0x20, 0x5f, 0x6d, 0x74, 0x6c, 0x5f, 0x75, 0x2e, 0x75, 0x53, // 1259 = _mtl_u.uS
	0x74, 0x65, 0x70, 0x2e, 0x78, 0x20, 0x2f, 0x20, 0x5f, 0x31, 0x32, 0x35, 0x38, 0x3b, 0x0a, 0x20, // tep.x / _1258;. 
	0x20, 0x20, 0x20, 0x20, 0x20, 0x20, 0x20, 0x66, 0x6c, 0x6f, 0x61, 0x74, 0x20, 0x5f, 0x31, 0x32, //        float _12
	0x36, 0x34, 0x20, 0x3d, 0x20, 0x66, 0x61, 0x73, 0x74, 0x3a, 0x3a, 0x63, 0x6c, 0x61, 0x6d, 0x70, // 64 = fast::clamp
	0x28, 0x33, 0x2e, 0x30, 0x20, 0x2f, 0x20, 0x5f, 0x31, 0x32, 0x35, 0x39, 0x2c, 0x20, 0x30, 0x2e, // (3.0 / _1259, 0.
	0x30, 0x2c, 0x20, 0x31, 0x2e, 0x30, 0x29, 0x3b, 0x0a, 0x20, 0x20, 0x20, 0x20, 0x20, 0x20, 0x20, // 0, 1.0);.       
	0x20, 0x69, 0x66, 0x20, 0x28, 0x5f, 0x31, 0x32, 0x35, 0x39, 0x20, 0x3c, 0x3d, 0x20, 0x32, 0x2e, //  if (_1259 <= 2.
	0x30, 0x29, 0x0a, 0x20, 0x20, 0x20, 0x20, 0x20, 0x20, 0x20, 0x20, 0x7b, 0x0a, 0x20, 0x20, 0x20, // 0).        {.   
	0x20, 0x20, 0x20, 0x20, 0x20, 0x20, 0x20, 0x20, 0x20, 0x5f, 0x31, 0x37, 0x35, 0x38, 0x20, 0x3d, //          _1758 =
	0x20, 0x5f, 0x31, 0x32, 0x36, 0x34, 0x3b, 0x0a, 0x20, 0x20, 0x20, 0x20, 0x20, 0x20, 0x20, 0x20, //  _1264;.        
	0x20, 0x20, 0x20, 0x20, 0x62, 0x72, 0x65, 0x61, 0x6b, 0x3b, 0x0a, 0x20, 0x20, 0x20, 0x20, 0x20, //     break;.     
	0x20, 0x20, 0x20, 0x7d, 0x0a, 0x20, 0x20, 0x20, 0x20, 0x20, 0x20, 0x20, 0x20, 0x66, 0x6c, 0x6f, //    }.        flo
	0x61, 0x74, 0x20, 0x5f, 0x31, 0x33, 0x30, 0x32, 0x20, 0x3d, 0x20, 0x31, 0x2e, 0x35, 0x20, 0x2a, // at _1302 = 1.5 *
	0x20, 0x5f, 0x31, 0x37, 0x35, 0x37, 0x2e, 0x78, 0x3b, 0x0a, 0x20, 0x20, 0x20, 0x20, 0x20, 0x20, //  _1757.x;.      
	0x20, 0x20, 0x5f, 0x31, 0x37, 0x35, 0x38, 0x20, 0x3d, 0x20, 0x6d, 0x69, 0x78, 0x28, 0x5f, 0x31, //   _1758 = mix(_1
	0x32, 0x36, 0x34, 0x2c, 0x20, 0x31, 0x2e, 0x30, 0x20, 0x2d, 0x20, 0x73, 0x6d, 0x6f, 0x6f, 0x74, // 264, 1.0 - smoot
	0x68, 0x73, 0x74, 0x65, 0x70, 0x28, 0x5f, 0x31, 0x33, 0x30, 0x32, 0x20, 0x2d, 0x20, 0x5f, 0x31, // hstep(_1302 - _1
	0x37, 0x35, 0x37, 0x2e, 0x78, 0x2c, 0x20, 0x5f, 0x31, 0x33, 0x30, 0x32, 0x20, 0x2b, 0x20, 0x5f, // 757.x, _1302 + _
	0x31, 0x37, 0x35, 0x37, 0x2e, 0x78, 0x2c, 0x20, 0x61, 0x62, 0x73, 0x28, 0x5f, 0x31, 0x32, 0x33, // 1757.x, abs(_123
	0x32, 0x20, 0x2d, 0x20, 0x28, 0x66, 0x6c, 0x6f, 0x6f, 0x72, 0x28, 0x28, 0x5f, 0x31, 0x32, 0x33, // 2 - (floor((_123
	0x32, 0x20, 0x2f, 0x20, 0x5f, 0x6d, 0x74, 0x6c, 0x5f, 0x75, 0x2e, 0x75, 0x53, 0x74, 0x65, 0x70, // 2 / _mtl_u.uStep
	0x2e, 0x78, 0x29, 0x20, 0x2b, 0x20, 0x30, 0x2e, 0x35, 0x29, 0x20, 0x2a, 0x20, 0x5f, 0x6d, 0x74, // .x) + 0.5) * _mt
	0x6c, 0x5f, 0x75, 0x2e, 0x75, 0x53, 0x74, 0x65, 0x70, 0x2e, 0x78, 0x29, 0x29, 0x29, 0x2c, 0x20, // l_u.uStep.x))), 
	0x73, 0x6d, 0x6f, 0x6f, 0x74, 0x68, 0x73, 0x74, 0x65, 0x70, 0x28, 0x32, 0x2e, 0x30, 0x2c, 0x20, // smoothstep(2.0, 
	0x34, 0x2e, 0x30, 0x2c, 0x20, 0x5f, 0x31, 0x32, 0x35, 0x39, 0x29, 0x29, 0x3b, 0x0a, 0x20, 0x20, // 4.0, _1259));.  
	0x20, 0x20, 0x20, 0x20, 0x20, 0x20, 0x62, 0x72, 0x65, 0x61, 0x6b, 0x3b, 0x0a, 0x20, 0x20, 0x20, //       break;.   
	0x20, 0x7d, 0x20, 0x77, 0x68, 0x69, 0x6c, 0x65, 0x28, 0x66, 0x61, 0x6c, 0x73, 0x65, 0x29, 0x3b, //  } while(false);
	0x0a, 0x20, 0x20, 0x20, 0x20, 0x66, 0x6c, 0x6f, 0x61, 0x74, 0x20, 0x5f, 0x31, 0x33, 0x34, 0x38, // .    float _1348
	0x3b, 0x0a, 0x20, 0x20, 0x20, 0x20, 0x66, 0x6c, 0x6f, 0x61, 0x74, 0x20, 0x5f, 0x31, 0x37, 0x36, // ;.    float _176
	0x30, 0x3b, 0x0a, 0x20, 0x20, 0x20, 0x20, 0x64, 0x6f, 0x0a, 0x20, 0x20, 0x20, 0x20, 0x7b, 0x0a, // 0;.    do.    {.
	0x20, 0x20, 0x20, 0x20, 0x20, 0x20, 0x20, 0x20, 0x5f, 0x31, 0x33, 0x34, 0x38, 0x20, 0x3d, 0x20, //         _1348 = 
	0x66, 0x61, 0x73, 0x74, 0x3a, 0x3a, 0x6d, 0x61, 0x78, 0x28, 0x5f, 0x31, 0x37, 0x35, 0x37, 0x2e, // fast::max(_1757.
	0x79, 0x2c, 0x20, 0x39, 0x2e, 0x39, 0x39, 0x39, 0x39, 0x39, 0x39, 0x39, 0x33, 0x39, 0x32, 0x32, // y, 9.99999993922
	0x35, 0x32, 0x39, 0x30, 0x32, 0x39, 0x30, 0x37, 0x37, 0x38, 0x35, 0x30, 0x32, 0x38, 0x32, 0x31, // 5290290778502821
	0x39, 0x32, 0x32, 0x33, 0x65, 0x2d, 0x30, 0x39, 0x29, 0x3b, 0x0a, 0x20, 0x20, 0x20, 0x20, 0x20, // 9223e-09);.     
	0x20, 0x20, 0x20, 0x66, 0x6c, 0x6f, 0x61, 0x74, 0x20, 0x5f, 0x31, 0x33, 0x34, 0x39, 0x20, 0x3d, //    float _1349 =
	0x20, 0x5f, 0x6d, 0x74, 0x6c, 0x5f, 0x75, 0x2e, 0x75, 0x53, 0x74, 0x65, 0x70, 0x2e, 0x78, 0x20, //  _mtl_u.uStep.x 
	0x2f, 0x20, 0x5f, 0x31, 0x33, 0x34, 0x38, 0x3b, 0x0a, 0x20, 0x20, 0x20, 0x20, 0x20, 0x20, 0x20, // / _1348;.       
	0x20, 0x66, 0x6c, 0x6f, 0x61, 0x74, 0x20, 0x5f, 0x31, 0x33, 0x35, 0x34, 0x20, 0x3d, 0x20, 0x66, //  float _1354 = f
	0x61, 0x73, 0x74, 0x3a, 0x3a, 0x63, 0x6c, 0x61, 0x6d, 0x70, 0x28, 0x33, 0x2e, 0x30, 0x20, 0x2f, // ast::clamp(3.0 /
	0x20, 0x5f, 0x31, 0x33, 0x34, 0x39, 0x2c, 0x20, 0x30, 0x2e, 0x30, 0x2c, 0x20, 0x31, 0x2e, 0x30, //  _1349, 0.0, 1.0
	0x29, 0x3b, 0x0a, 0x20, 0x20, 0x20, 0x20, 0x20, 0x20, 0x20, 0x20, 0x69, 0x66, 0x20, 0x28, 0x5f, // );.        if (_
	0x31, 0x33, 0x34, 0x39, 0x20, 0x3c, 0x3d, 0x20, 0x32, 0x2e, 0x30, 0x29, 0x0a, 0x20, 0x20, 0x20, // 1349 <= 2.0).   
	0x20, 0x20, 0x20, 0x20, 0x20, 0x7b, 0x0a, 0x20, 0x20, 0x20, 0x20, 0x20, 0x20, 0x20, 0x20, 0x20, //      {.         
	0x20, 0x20, 0x20, 0x5f, 0x31, 0x37, 0x36, 0x30, 0x20, 0x3d, 0x20, 0x5f, 0x31, 0x33, 0x35, 0x34, //    _1760 = _1354
	0x3b, 0x0a, 0x20, 0x20, 0x20, 0x20, 0x20, 0x20, 0x20, 0x20, 0x20, 0x20, 0x20, 0x20, 0x62, 0x72, // ;.            br
	0x65, 0x61, 0x6b, 0x3b, 0x0a, 0x20, 0x20, 0x20, 0x20, 0x20, 0x20, 0x20, 0x20, 0x7d, 0x0a, 0x20, // eak;.        }. 
	0x20, 0x20, 0x20, 0x20, 0x20, 0x20, 0x20, 0x66, 0x6c, 0x6f, 0x61, 0x74, 0x20, 0x5f, 0x31, 0x33, //        float _13
	0x39, 0x32, 0x20, 0x3d, 0x20, 0x31, 0x2e, 0x35, 0x20, 0x2a, 0x20, 0x5f, 0x31, 0x37, 0x35, 0x37, // 92 = 1.5 * _1757
	0x2e, 0x79, 0x3b, 0x0a, 0x20, 0x20, 0x20, 0x20, 0x20, 0x20, 0x20, 0x20, 0x5f, 0x31, 0x37, 0x36, // .y;.        _176
	0x30, 0x20, 0x3d, 0x20, 0x6d, 0x69, 0x78, 0x28, 0x5f, 0x31, 0x33, 0x35, 0x34, 0x2c, 0x20, 0x31, // 0 = mix(_1354, 1
	0x2e, 0x30, 0x20, 0x2d, 0x20, 0x73, 0x6d, 0x6f, 0x6f, 0x74, 0x68, 0x73, 0x74, 0x65, 0x70, 0x28, // .0 - smoothstep(
	0x5f, 0x31, 0x33, 0x39, 0x32, 0x20, 0x2d, 0x20, 0x5f, 0x31, 0x37, 0x35, 0x37, 0x2e, 0x79, 0x2c, // _1392 - _1757.y,
	0x20, 0x5f, 0x31, 0x33, 0x39, 0x32, 0x20, 0x2b, 0x20, 0x5f, 0x31, 0x37, 0x35, 0x37, 0x2e, 0x79, //  _1392 + _1757.y
	0x2c, 0x20, 0x61, 0x62, 0x73, 0x28, 0x5f, 0x31, 0x32, 0x33, 0x37, 0x20, 0x2d, 0x20, 0x28, 0x66, // , abs(_1237 - (f
	0x6c, 0x6f, 0x6f, 0x72, 0x28, 0x28, 0x5f, 0x31, 0x32, 0x33, 0x37, 0x20, 0x2f, 0x20, 0x5f, 0x6d, // loor((_1237 / _m
	0x74, 0x6c, 0x5f, 0x75, 0x2e, 0x75, 0x53, 0x74, 0x65, 0x70, 0x2e, 0x78, 0x29, 0x20, 0x2b, 0x20, // tl_u.uStep.x) + 
	0x30, 0x2e, 0x35, 0x29, 0x20, 0x2a, 0x20, 0x5f, 0x6d, 0x74, 0x6c, 0x5f, 0x75, 0x2e, 0x75, 0x53, // 0.5) * _mtl_u.uS
	0x74, 0x65, 0x70, 0x2e, 0x78, 0x29, 0x29, 0x29, 0x2c, 0x20, 0x73, 0x6d, 0x6f, 0x6f, 0x74, 0x68, // tep.x))), smooth
	0x73, 0x74, 0x65, 0x70, 0x28, 0x32, 0x2e, 0x30, 0x2c, 0x20, 0x34, 0x2e, 0x30, 0x2c, 0x20, 0x5f, // step(2.0, 4.0, _
	0x31, 0x33, 0x34, 0x39, 0x29, 0x29, 0x3b, 0x0a, 0x20, 0x20, 0x20, 0x20, 0x20, 0x20, 0x20, 0x20, // 1349));.        
	0x62, 0x72, 0x65, 0x61, 0x6b, 0x3b, 0x0a, 0x20, 0x20, 0x20, 0x20, 0x7d, 0x20, 0x77, 0x68, 0x69, // break;.    } whi
	0x6c, 0x65, 0x28, 0x66, 0x61, 0x6c, 0x73, 0x65, 0x29, 0x3b, 0x0a, 0x20, 0x20, 0x20, 0x20, 0x66, // le(false);.    f
	0x6c, 0x6f, 0x61, 0x74, 0x20, 0x5f, 0x31, 0x37, 0x36, 0x32, 0x3b, 0x0a, 0x20, 0x20, 0x20, 0x20, // loat _1762;.    
	0x64, 0x6f, 0x0a, 0x20, 0x20, 0x20, 0x20, 0x7b, 0x0a, 0x20, 0x20, 0x20, 0x20, 0x20, 0x20, 0x20, // do.    {.       
	0x20, 0x66, 0x6c, 0x6f, 0x61, 0x74, 0x20, 0x5f, 0x31, 0x34, 0x33, 0x39, 0x20, 0x3d, 0x20, 0x5f, //  float _1439 = _
	0x31, 0x30, 0x30, 0x38, 0x20, 0x2f, 0x20, 0x5f, 0x31, 0x32, 0x35, 0x38, 0x3b, 0x0a, 0x20, 0x20, // 1008 / _1258;.  
	0x20, 0x20, 0x20, 0x20, 0x20, 0x20, 0x66, 0x6c, 0x6f, 0x61, 0x74, 0x20, 0x5f, 0x31, 0x34, 0x34, //       float _144
	0x34, 0x20, 0x3d, 0x20, 0x66, 0x61, 0x73, 0x74, 0x3a, 0x3a, 0x63, 0x6c, 0x61, 0x6d, 0x70, 0x28, // 4 = fast::clamp(
	0x31, 0x2e, 0x36, 0x30, 0x30, 0x30, 0x30, 0x30, 0x30, 0x32, 0x33, 0x38, 0x34, 0x31, 0x38, 0x35, // 1.60000002384185
	0x37, 0x39, 0x31, 0x30, 0x31, 0x35, 0x36, 0x32, 0x35, 0x20, 0x2f, 0x20, 0x5f, 0x31, 0x34, 0x33, // 791015625 / _143
	0x39, 0x2c, 0x20, 0x30, 0x2e, 0x30, 0x2c, 0x20, 0x31, 0x2e, 0x30, 0x29, 0x3b, 0x0a, 0x20, 0x20, // 9, 0.0, 1.0);.  
	0x20, 0x20, 0x20, 0x20, 0x20, 0x20, 0x69, 0x66, 0x20, 0x28, 0x5f, 0x31, 0x34, 0x33, 0x39, 0x20, //       if (_1439 
	0x3c, 0x3d, 0x20, 0x31, 0x2e, 0x32, 0x35, 0x29, 0x0a, 0x20, 0x20, 0x20, 0x20, 0x20, 0x20, 0x20, // <= 1.25).       
	0x20, 0x7b, 0x0a, 0x20, 0x20, 0x20, 0x20, 0x20, 0x20, 0x20, 0x20, 0x20, 0x20, 0x20, 0x20, 0x5f, //  {.            _
	0x31, 0x37, 0x36, 0x32, 0x20, 0x3d, 0x20, 0x5f, 0x31, 0x34, 0x34, 0x34, 0x3b, 0x0a, 0x20, 0x20, // 1762 = _1444;.  
	0x20, 0x20, 0x20, 0x20, 0x20, 0x20, 0x20, 0x20, 0x20, 0x20, 0x62, 0x72, 0x65, 0x61, 0x6b, 0x3b, //           break;
	0x0a, 0x20, 0x20, 0x20, 0x20, 0x20, 0x20, 0x20, 0x20, 0x7d, 0x0a, 0x20, 0x20, 0x20, 0x20, 0x20, // .        }.     
	0x20, 0x20, 0x20, 0x66, 0x6c, 0x6f, 0x61, 0x74, 0x20, 0x5f, 0x31, 0x34, 0x38, 0x32, 0x20, 0x3d, //    float _1482 =
	0x20, 0x30, 0x2e, 0x38, 0x30, 0x30, 0x30, 0x30, 0x30, 0x30, 0x31, 0x31, 0x39, 0x32, 0x30, 0x39, //  0.8000000119209
	0x32, 0x38, 0x39, 0x35, 0x35, 0x30, 0x37, 0x38, 0x31, 0x32, 0x35, 0x20, 0x2a, 0x20, 0x5f, 0x31, // 28955078125 * _1
	0x37, 0x35, 0x37, 0x2e, 0x78, 0x3b, 0x0a, 0x20, 0x20, 0x20, 0x20, 0x20, 0x20, 0x20, 0x20, 0x5f, // 757.x;.        _
	0x31, 0x37, 0x36, 0x32, 0x20, 0x3d, 0x20, 0x6d, 0x69, 0x78, 0x28, 0x5f, 0x31, 0x34, 0x34, 0x34, // 1762 = mix(_1444
	0x2c, 0x20, 0x31, 0x2e, 0x30, 0x20, 0x2d, 0x20, 0x73, 0x6d, 0x6f, 0x6f, 0x74, 0x68, 0x73, 0x74, // , 1.0 - smoothst
	0x65, 0x70, 0x28, 0x5f, 0x31, 0x34, 0x38, 0x32, 0x20, 0x2d, 0x20, 0x5f, 0x31, 0x37, 0x35, 0x37, // ep(_1482 - _1757
	0x2e, 0x78, 0x2c, 0x20, 0x5f, 0x31, 0x34, 0x38, 0x32, 0x20, 0x2b, 0x20, 0x5f, 0x31, 0x37, 0x35, // .x, _1482 + _175
	0x37, 0x2e, 0x78, 0x2c, 0x20, 0x61, 0x62, 0x73, 0x28, 0x5f, 0x31, 0x32, 0x33, 0x32, 0x20, 0x2d, // 7.x, abs(_1232 -
	0x20, 0x28, 0x66, 0x6c, 0x6f, 0x6f, 0x72, 0x28, 0x28, 0x5f, 0x31, 0x32, 0x33, 0x32, 0x20, 0x2f, //  (floor((_1232 /
	0x20, 0x5f, 0x31, 0x30, 0x30, 0x38, 0x29, 0x20, 0x2b, 0x20, 0x30, 0x2e, 0x35, 0x29, 0x20, 0x2a, //  _1008) + 0.5) *
	0x20, 0x5f, 0x31, 0x30, 0x30, 0x38, 0x29, 0x29, 0x29, 0x2c, 0x20, 0x73, 0x6d, 0x6f, 0x6f, 0x74, //  _1008))), smoot
	0x68, 0x73, 0x74, 0x65, 0x70, 0x28, 0x31, 0x2e, 0x32, 0x35, 0x2c, 0x20, 0x32, 0x2e, 0x35, 0x2c, // hstep(1.25, 2.5,
	0x20, 0x5f, 0x31, 0x34, 0x33, 0x39, 0x29, 0x29, 0x3b, 0x0a, 0x20, 0x20, 0x20, 0x20, 0x20, 0x20, //  _1439));.      
	0x20, 0x20, 0x62, 0x72, 0x65, 0x61, 0x6b, 0x3b, 0x0a, 0x20, 0x20, 0x20, 0x20, 0x7d, 0x20, 0x77, //   break;.    } w
	0x68, 0x69, 0x6c, 0x65, 0x28, 0x66, 0x61, 0x6c, 0x73, 0x65, 0x29, 0x3b, 0x0a, 0x20, 0x20, 0x20, // hile(false);.   
	0x20, 0x66, 0x6c, 0x6f, 0x61, 0x74, 0x20, 0x5f, 0x31, 0x37, 0x36, 0x34, 0x3b, 0x0a, 0x20, 0x20, //  float _1764;.  
	0x20, 0x20, 0x64, 0x6f, 0x0a, 0x20, 0x20, 0x20, 0x20, 0x7b, 0x0a, 0x20, 0x20, 0x20, 0x20, 0x20, //   do.    {.     
	0x20, 0x20, 0x20, 0x66, 0x6c, 0x6f, 0x61, 0x74, 0x20, 0x5f, 0x31, 0x35, 0x32, 0x39, 0x20, 0x3d, //    float _1529 =
	0x20, 0x5f, 0x31, 0x30, 0x30, 0x38, 0x20, 0x2f, 0x20, 0x5f, 0x31, 0x33, 0x34, 0x38, 0x3b, 0x0a, //  _1008 / _1348;.
	0x20, 0x20, 0x20, 0x20, 0x20, 0x20, 0x20, 0x20, 0x66, 0x6c, 0x6f, 0x61, 0x74, 0x20, 0x5f, 0x31, //         float _1
	0x35, 0x33, 0x34, 0x20, 0x3d, 0x20, 0x66, 0x61, 0x73, 0x74, 0x3a, 0x3a, 0x63, 0x6c, 0x61, 0x6d, // 534 = fast::clam
	0x70, 0x28, 0x31, 0x2e, 0x36, 0x30, 0x30, 0x30, 0x30, 0x30, 0x30, 0x32, 0x33, 0x38, 0x34, 0x31, // p(1.600000023841
	0x38, 0x35, 0x37, 0x39, 0x31, 0x30, 0x31, 0x35, 0x36, 0x32, 0x35, 0x20, 0x2f, 0x20, 0x5f, 0x31, // 85791015625 / _1
	0x35, 0x32, 0x39, 0x2c, 0x20, 0x30, 0x2e, 0x30, 0x2c, 0x20, 0x31, 0x2e, 0x30, 0x29, 0x3b, 0x0a, // 529, 0.0, 1.0);.
	0x20, 0x20, 0x20, 0x20, 0x20, 0x20, 0x20, 0x20, 0x69, 0x66, 0x20, 0x28, 0x5f, 0x31, 0x35, 0x32, //         if (_152
	0x39, 0x20, 0x3c, 0x3d, 0x20, 0x31, 0x2e, 0x32, 0x35, 0x29, 0x0a, 0x20, 0x20, 0x20, 0x20, 0x20, // 9 <= 1.25).     
	0x20, 0x20, 0x20, 0x7b, 0x0a, 0x20, 0x20, 0x20, 0x20, 0x20, 0x20, 0x20, 0x20, 0x20, 0x20, 0x20, //    {.           
	0x20, 0x5f, 0x31, 0x37, 0x36, 0x34, 0x20, 0x3d, 0x20, 0x5f, 0x31, 0x35, 0x33, 0x34, 0x3b, 0x0a, //  _1764 = _1534;.
	0x20, 0x20, 0x20, 0x20, 0x20, 0x20, 0x20, 0x20, 0x20, 0x20, 0x20, 0x20, 0x62, 0x72, 0x65, 0x61, //             brea
	0x6b, 0x3b, 0x0a, 0x20, 0x20, 0x20, 0x20, 0x20, 0x20, 0x20, 0x20, 0x7d, 0x0a, 0x20, 0x20, 0x20, // k;.        }.   
	0x20, 0x20, 0x20, 0x20, 0x20, 0x66, 0x6c, 0x6f, 0x61, 0x74, 0x20, 0x5f, 0x31, 0x35, 0x37, 0x32, //      float _1572
	0x20, 0x3d, 0x20, 0x30, 0x2e, 0x38, 0x30, 0x30, 0x30, 0x30, 0x30, 0x30, 0x31, 0x31, 0x39, 0x32, //  = 0.80000001192
	0x30, 0x39, 0x32, 0x38, 0x39, 0x35, 0x35, 0x30, 0x37, 0x38, 0x31, 0x32, 0x35, 0x20, 0x2a, 0x20, // 0928955078125 * 
	0x5f, 0x31, 0x37, 0x35, 0x37, 0x2e, 0x79, 0x3b, 0x0a, 0x20, 0x20, 0x20, 0x20, 0x20, 0x20, 0x20, // _1757.y;.       
	0x20, 0x5f, 0x31, 0x37, 0x36, 0x34, 0x20, 0x3d, 0x20, 0x6d, 0x69, 0x78, 0x28, 0x5f, 0x31, 0x35, //  _1764 = mix(_15
	0x33, 0x34, 0x2c, 0x20, 0x31, 0x2e, 0x30, 0x20, 0x2d, 0x20, 0x73, 0x6d, 0x6f, 0x6f, 0x74, 0x68, // 34, 1.0 - smooth
	0x73, 0x74, 0x65, 0x70, 0x28, 0x5f, 0x31, 0x35, 0x37, 0x32, 0x20, 0x2d, 0x20, 0x5f, 0x31, 0x37, // step(_1572 - _17
	0x35, 0x37, 0x2e, 0x79, 0x2c, 0x20, 0x5f, 0x31, 0x35, 0x37, 0x32, 0x20, 0x2b, 0x20, 0x5f, 0x31, // 57.y, _1572 + _1
	0x37, 0x35, 0x37, 0x2e, 0x79, 0x2c, 0x20, 0x61, 0x62, 0x73, 0x28, 0x5f, 0x31, 0x32, 0x33, 0x37, // 757.y, abs(_1237
	0x20, 0x2d, 0x20, 0x28, 0x66, 0x6c, 0x6f, 0x6f, 0x72, 0x28, 0x28, 0x5f, 0x31, 0x32, 0x33, 0x37, //  - (floor((_1237
	0x20, 0x2f, 0x20, 0x5f, 0x31, 0x30, 0x30, 0x38, 0x29, 0x20, 0x2b, 0x20, 0x30, 0x2e, 0x35, 0x29, //  / _1008) + 0.5)
	0x20, 0x2a, 0x20, 0x5f, 0x31, 0x30, 0x30, 0x38, 0x29, 0x29, 0x29, 0x2c, 0x20, 0x73, 0x6d, 0x6f, //  * _1008))), smo
	0x6f, 0x74, 0x68, 0x73, 0x74, 0x65, 0x70, 0x28, 0x31, 0x2e, 0x32, 0x35, 0x2c, 0x20, 0x32, 0x2e, // othstep(1.25, 2.
	0x35, 0x2c, 0x20, 0x5f, 0x31, 0x35, 0x32, 0x39, 0x29, 0x29, 0x3b, 0x0a, 0x20, 0x20, 0x20, 0x20, // 5, _1529));.    
	0x20, 0x20, 0x20, 0x20, 0x62, 0x72, 0x65, 0x61, 0x6b, 0x3b, 0x0a, 0x20, 0x20, 0x20, 0x20, 0x7d, //     break;.    }
	0x20, 0x77, 0x68, 0x69, 0x6c, 0x65, 0x28, 0x66, 0x61, 0x6c, 0x73, 0x65, 0x29, 0x3b, 0x0a, 0x20, //  while(false);. 
	0x20, 0x20, 0x20, 0x66, 0x6c, 0x6f, 0x61, 0x74, 0x20, 0x5f, 0x31, 0x30, 0x33, 0x39, 0x20, 0x3d, //    float _1039 =
	0x20, 0x66, 0x61, 0x73, 0x74, 0x3a, 0x3a, 0x6d, 0x61, 0x78, 0x28, 0x5f, 0x31, 0x37, 0x35, 0x38, //  fast::max(_1758
	0x2c, 0x20, 0x5f, 0x31, 0x37, 0x36, 0x30, 0x29, 0x3b, 0x0a, 0x20, 0x20, 0x20, 0x20, 0x66, 0x6c, // , _1760);.    fl
	0x6f, 0x61, 0x74, 0x20, 0x5f, 0x31, 0x37, 0x36, 0x38, 0x3b, 0x0a, 0x20, 0x20, 0x20, 0x20, 0x66, // oat _1768;.    f
	0x6c, 0x6f, 0x61, 0x74, 0x20, 0x5f, 0x31, 0x37, 0x37, 0x34, 0x3b, 0x0a, 0x20, 0x20, 0x20, 0x20, // loat _1774;.    
	0x69, 0x66, 0x20, 0x28, 0x5f, 0x38, 0x34, 0x39, 0x29, 0x0a, 0x20, 0x20, 0x20, 0x20, 0x7b, 0x0a, // if (_849).    {.
	0x20, 0x20, 0x20, 0x20, 0x20, 0x20, 0x20, 0x20, 0x66, 0x6c, 0x6f, 0x61, 0x74, 0x20, 0x5f, 0x31, //         float _1
	0x37, 0x37, 0x30, 0x3b, 0x0a, 0x20, 0x20, 0x20, 0x20, 0x20, 0x20, 0x20, 0x20, 0x69, 0x66, 0x20, // 770;.        if 
	0x28, 0x5f, 0x6d, 0x74, 0x6c, 0x5f, 0x75, 0x2e, 0x75, 0x41, 0x78, 0x69, 0x73, 0x56, 0x69, 0x73, // (_mtl_u.uAxisVis
	0x69, 0x62, 0x6c, 0x65, 0x2e, 0x78, 0x20, 0x3e, 0x20, 0x30, 0x2e, 0x35, 0x29, 0x0a, 0x20, 0x20, // ible.x > 0.5).  
	0x20, 0x20, 0x20, 0x20, 0x20, 0x20, 0x7b, 0x0a, 0x20, 0x20, 0x20, 0x20, 0x20, 0x20, 0x20, 0x20, //       {.        
	0x20, 0x20, 0x20, 0x20, 0x5f, 0x31, 0x37, 0x37, 0x30, 0x20, 0x3d, 0x20, 0x31, 0x2e, 0x30, 0x20, //     _1770 = 1.0 
	0x2d, 0x20, 0x73, 0x6d, 0x6f, 0x6f, 0x74, 0x68, 0x73, 0x74, 0x65, 0x70, 0x28, 0x31, 0x2e, 0x35, // - smoothstep(1.5
	0x2c, 0x20, 0x33, 0x2e, 0x35, 0x2c, 0x20, 0x61, 0x62, 0x73, 0x28, 0x64, 0x6f, 0x74, 0x28, 0x5f, // , 3.5, abs(dot(_
	0x6d, 0x74, 0x6c, 0x5f, 0x75, 0x2e, 0x75, 0x41, 0x78, 0x69, 0x73, 0x4c, 0x69, 0x6e, 0x65, 0x58, // mtl_u.uAxisLineX
	0x2e, 0x78, 0x79, 0x2c, 0x20, 0x69, 0x6e, 0x2e, 0x76, 0x5f, 0x6e, 0x64, 0x63, 0x29, 0x20, 0x2b, // .xy, in.v_ndc) +
	0x20, 0x5f, 0x6d, 0x74, 0x6c, 0x5f, 0x75, 0x2e, 0x75, 0x41, 0x78, 0x69, 0x73, 0x4c, 0x69, 0x6e, //  _mtl_u.uAxisLin
	0x65, 0x58, 0x2e, 0x7a, 0x29, 0x20, 0x2f, 0x20, 0x66, 0x61, 0x73, 0x74, 0x3a, 0x3a, 0x6d, 0x61, // eX.z) / fast::ma
	0x78, 0x28, 0x6c, 0x65, 0x6e, 0x67, 0x74, 0x68, 0x28, 0x66, 0x6c, 0x6f, 0x61, 0x74, 0x32, 0x28, // x(length(float2(
	0x28, 0x5f, 0x6d, 0x74, 0x6c, 0x5f, 0x75, 0x2e, 0x75, 0x41, 0x78, 0x69, 0x73, 0x4c, 0x69, 0x6e, // (_mtl_u.uAxisLin
	0x65, 0x58, 0x2e, 0x78, 0x20, 0x2a, 0x20, 0x32, 0x2e, 0x30, 0x29, 0x20, 0x2f, 0x20, 0x5f, 0x6d, // eX.x * 2.0) / _m
	0x74, 0x6c, 0x5f, 0x75, 0x2e, 0x75, 0x53, 0x63, 0x72, 0x65, 0x65, 0x6e, 0x57, 0x69, 0x64, 0x74, // tl_u.uScreenWidt
	0x68, 0x2e, 0x78, 0x2c, 0x20, 0x28, 0x5f, 0x6d, 0x74, 0x6c, 0x5f, 0x75, 0x2e, 0x75, 0x41, 0x78, // h.x, (_mtl_u.uAx
	0x69, 0x73, 0x4c, 0x69, 0x6e, 0x65, 0x58, 0x2e, 0x79, 0x20, 0x2a, 0x20, 0x32, 0x2e, 0x30, 0x29, // isLineX.y * 2.0)
	0x20, 0x2f, 0x20, 0x5f, 0x6d, 0x74, 0x6c, 0x5f, 0x75, 0x2e, 0x75, 0x53, 0x63, 0x72, 0x65, 0x65, //  / _mtl_u.uScree
	0x6e, 0x48, 0x65, 0x69, 0x67, 0x68, 0x74, 0x2e, 0x78, 0x29, 0x29, 0x2c, 0x20, 0x39, 0x2e, 0x39, // nHeight.x)), 9.9
	0x39, 0x39, 0x39, 0x39, 0x39, 0x36, 0x38, 0x32, 0x36, 0x35, 0x35, 0x32, 0x32, 0x35, 0x33, 0x38, // 9999968265522538
	0x38, 0x39, 0x36, 0x37, 0x38, 0x38, 0x37, 0x34, 0x36, 0x33, 0x34, 0x38, 0x37, 0x32, 0x65, 0x2d, // 89678874634872e-
	0x32, 0x31, 0x29, 0x29, 0x3b, 0x0a, 0x20, 0x20, 0x20, 0x20, 0x20, 0x20, 0x20, 0x20, 0x7d, 0x0a, // 21));.        }.
	0x20, 0x20, 0x20, 0x20, 0x20, 0x20, 0x20, 0x20, 0x65, 0x6c, 0x73, 0x65, 0x0a, 0x20, 0x20, 0x20, //         else.   
	0x20, 0x20, 0x20, 0x20, 0x20, 0x7b, 0x0a, 0x20, 0x20, 0x20, 0x20, 0x20, 0x20, 0x20, 0x20, 0x20, //      {.         
	0x20, 0x20, 0x20, 0x5f, 0x31, 0x37, 0x37, 0x30, 0x20, 0x3d, 0x20, 0x30, 0x2e, 0x30, 0x3b, 0x0a, //    _1770 = 0.0;.
	0x20, 0x20, 0x20, 0x20, 0x20, 0x20, 0x20, 0x20, 0x7d, 0x0a, 0x20, 0x20, 0x20, 0x20, 0x20, 0x20, //         }.      
	0x20, 0x20, 0x66, 0x6c, 0x6f, 0x61, 0x74, 0x20, 0x5f, 0x31, 0x37, 0x37, 0x35, 0x3b, 0x0a, 0x20, //   float _1775;. 
	0x20, 0x20, 0x20, 0x20, 0x20, 0x20, 0x20, 0x69, 0x66, 0x20, 0x28, 0x5f, 0x6d, 0x74, 0x6c, 0x5f, //        if (_mtl_
	0x75, 0x2e, 0x75, 0x41, 0x78, 0x69, 0x73, 0x56, 0x69, 0x73, 0x69, 0x62, 0x6c, 0x65, 0x2e, 0x79, // u.uAxisVisible.y
	0x20, 0x3e, 0x20, 0x30, 0x2e, 0x35, 0x29, 0x0a, 0x20, 0x20, 0x20, 0x20, 0x20, 0x20, 0x20, 0x20, //  > 0.5).        
	0x7b, 0x0a, 0x20, 0x20, 0x20, 0x20, 0x20, 0x20, 0x20, 0x20, 0x20, 0x20, 0x20, 0x20, 0x5f, 0x31, // {.            _1
	0x37, 0x37, 0x35, 0x20, 0x3d, 0x20, 0x31, 0x2e, 0x30, 0x20, 0x2d, 0x20, 0x73, 0x6d, 0x6f, 0x6f, // 775 = 1.0 - smoo
	0x74, 0x68, 0x73, 0x74, 0x65, 0x70, 0x28, 0x31, 0x2e, 0x35, 0x2c, 0x20, 0x33, 0x2e, 0x35, 0x2c, // thstep(1.5, 3.5,
	0x20, 0x61, 0x62, 0x73, 0x28, 0x64, 0x6f, 0x74, 0x28, 0x5f, 0x6d, 0x74, 0x6c, 0x5f, 0x75, 0x2e, //  abs(dot(_mtl_u.
	0x75, 0x41, 0x78, 0x69, 0x73, 0x4c, 0x69, 0x6e, 0x65, 0x5a, 0x2e, 0x78, 0x79, 0x2c, 0x20, 0x69, // uAxisLineZ.xy, i
	0x6e, 0x2e, 0x76, 0x5f, 0x6e, 0x64, 0x63, 0x29, 0x20, 0x2b, 0x20, 0x5f, 0x6d, 0x74, 0x6c, 0x5f, // n.v_ndc) + _mtl_
	0x75, 0x2e, 0x75, 0x41, 0x78, 0x69, 0x73, 0x4c, 0x69, 0x6e, 0x65, 0x5a, 0x2e, 0x7a, 0x29, 0x20, // u.uAxisLineZ.z) 
	0x2f, 0x20, 0x66, 0x61, 0x73, 0x74, 0x3a, 0x3a, 0x6d, 0x61, 0x78, 0x28, 0x6c, 0x65, 0x6e, 0x67, // / fast::max(leng
	0x74, 0x68, 0x28, 0x66, 0x6c, 0x6f, 0x61, 0x74, 0x32, 0x28, 0x28, 0x5f, 0x6d, 0x74, 0x6c, 0x5f, // th(float2((_mtl_
	0x75, 0x2e, 0x75, 0x41, 0x78, 0x69, 0x73, 0x4c, 0x69, 0x6e, 0x65, 0x5a, 0x2e, 0x78, 0x20, 0x2a, // u.uAxisLineZ.x *
	0x20, 0x32, 0x2e, 0x30, 0x29, 0x20, 0x2f, 0x20, 0x5f, 0x6d, 0x74, 0x6c, 0x5f, 0x75, 0x2e, 0x75, //  2.0) / _mtl_u.u
	0x53, 0x63, 0x72, 0x65, 0x65, 0x6e, 0x57, 0x69, 0x64, 0x74, 0x68, 0x2e, 0x78, 0x2c, 0x20, 0x28, // ScreenWidth.x, (
	0x5f, 0x6d, 0x74, 0x6c, 0x5f, 0x75, 0x2e, 0x75, 0x41, 0x78, 0x69, 0x73, 0x4c, 0x69, 0x6e, 0x65, // _mtl_u.uAxisLine
	0x5a, 0x2e, 0x79, 0x20, 0x2a, 0x20, 0x32, 0x2e, 0x30, 0x29, 0x20, 0x2f, 0x20, 0x5f, 0x6d, 0x74, // Z.y * 2.0) / _mt
	0x6c, 0x5f, 0x75, 0x2e, 0x75, 0x53, 0x63, 0x72, 0x65, 0x65, 0x6e, 0x48, 0x65, 0x69, 0x67, 0x68, // l_u.uScreenHeigh
	0x74, 0x2e, 0x78, 0x29, 0x29, 0x2c, 0x20, 0x39, 0x2e, 0x39, 0x39, 0x39, 0x39, 0x39, 0x39, 0x36, // t.x)), 9.9999996
	0x38, 0x32, 0x36, 0x35, 0x35, 0x32, 0x32, 0x35, 0x33, 0x38, 0x38, 0x39, 0x36, 0x37, 0x38, 0x38, // 8265522538896788
	0x37, 0x34, 0x36, 0x33, 0x34, 0x38, 0x37, 0x32, 0x65, 0x2d, 0x32, 0x31, 0x29, 0x29, 0x3b, 0x0a, // 74634872e-21));.
	0x20, 0x20, 0x20, 0x20, 0x20, 0x20, 0x20, 0x20, 0x7d, 0x0a, 0x20, 0x20, 0x20, 0x20, 0x20, 0x20, //         }.      
	0x20, 0x20, 0x65, 0x6c, 0x73, 0x65, 0x0a, 0x20, 0x20, 0x20, 0x20, 0x20, 0x20, 0x20, 0x20, 0x7b, //   else.        {
	0x0a, 0x20, 0x20, 0x20, 0x20, 0x20, 0x20, 0x20, 0x20, 0x20, 0x20, 0x20, 0x20, 0x5f, 0x31, 0x37, // .            _17
	0x37, 0x35, 0x20, 0x3d, 0x20, 0x30, 0x2e, 0x30, 0x3b, 0x0a, 0x20, 0x20, 0x20, 0x20, 0x20, 0x20, // 75 = 0.0;.      
	0x20, 0x20, 0x7d, 0x0a, 0x20, 0x20, 0x20, 0x20, 0x20, 0x20, 0x20, 0x20, 0x5f, 0x31, 0x37, 0x37, //   }.        _177
	0x34, 0x20, 0x3d, 0x20, 0x5f, 0x31, 0x37, 0x37, 0x35, 0x3b, 0x0a, 0x20, 0x20, 0x20, 0x20, 0x20, // 4 = _1775;.     
	0x20, 0x20, 0x20, 0x5f, 0x31, 0x37, 0x36, 0x38, 0x20, 0x3d, 0x20, 0x5f, 0x31, 0x37, 0x37, 0x30, //    _1768 = _1770
	0x3b, 0x0a, 0x20, 0x20, 0x20, 0x20, 0x7d, 0x0a, 0x20, 0x20, 0x20, 0x20, 0x65, 0x6c, 0x73, 0x65, // ;.    }.    else
	0x0a, 0x20, 0x20, 0x20, 0x20, 0x7b, 0x0a, 0x20, 0x20, 0x20, 0x20, 0x20, 0x20, 0x20, 0x20, 0x66, // .    {.        f
	0x6c, 0x6f, 0x61, 0x74, 0x20, 0x5f, 0x31, 0x37, 0x37, 0x32, 0x3b, 0x0a, 0x20, 0x20, 0x20, 0x20, // loat _1772;.    
	0x20, 0x20, 0x20, 0x20, 0x69, 0x66, 0x20, 0x28, 0x5f, 0x6d, 0x74, 0x6c, 0x5f, 0x75, 0x2e, 0x75, //     if (_mtl_u.u
	0x41, 0x78, 0x69, 0x73, 0x56, 0x69, 0x73, 0x69, 0x62, 0x6c, 0x65, 0x2e, 0x78, 0x20, 0x3e, 0x20, // AxisVisible.x > 
	0x30, 0x2e, 0x35, 0x29, 0x0a, 0x20, 0x20, 0x20, 0x20, 0x20, 0x20, 0x20, 0x20, 0x7b, 0x0a, 0x20, // 0.5).        {. 
	0x20, 0x20, 0x20, 0x20, 0x20, 0x20, 0x20, 0x20, 0x20, 0x20, 0x20, 0x5f, 0x31, 0x37, 0x37, 0x32, //            _1772
	0x20, 0x3d, 0x20, 0x31, 0x2e, 0x30, 0x20, 0x2d, 0x20, 0x73, 0x6d, 0x6f, 0x6f, 0x74, 0x68, 0x73, //  = 1.0 - smooths
	0x74, 0x65, 0x70, 0x28, 0x31, 0x2e, 0x35, 0x20, 0x2a, 0x20, 0x5f, 0x31, 0x37, 0x35, 0x37, 0x2e, // tep(1.5 * _1757.
	0x79, 0x2c, 0x20, 0x33, 0x2e, 0x35, 0x20, 0x2a, 0x20, 0x5f, 0x31, 0x37, 0x35, 0x37, 0x2e, 0x79, // y, 3.5 * _1757.y
	0x2c, 0x20, 0x61, 0x62, 0x73, 0x28, 0x5f, 0x31, 0x32, 0x33, 0x37, 0x20, 0x2d, 0x20, 0x5f, 0x6d, // , abs(_1237 - _m
	0x74, 0x6c, 0x5f, 0x75, 0x2e, 0x75, 0x41, 0x78, 0x69, 0x73, 0x4f, 0x72, 0x69, 0x67, 0x69, 0x6e, // tl_u.uAxisOrigin
	0x47, 0x72, 0x69, 0x64, 0x52, 0x65, 0x6c, 0x61, 0x74, 0x69, 0x76, 0x65, 0x2e, 0x79, 0x29, 0x29, // GridRelative.y))
	0x3b, 0x0a, 0x20, 0x20, 0x20, 0x20, 0x20, 0x20, 0x20, 0x20, 0x7d, 0x0a, 0x20, 0x20, 0x20, 0x20, // ;.        }.    
	0x20, 0x20, 0x20, 0x20, 0x65, 0x6c, 0x73, 0x65, 0x0a, 0x20, 0x20, 0x20, 0x20, 0x20, 0x20, 0x20, //     else.       
	0x20, 0x7b, 0x0a, 0x20, 0x20, 0x20, 0x20, 0x20, 0x20, 0x20, 0x20, 0x20, 0x20, 0x20, 0x20, 0x5f, //  {.            _
	0x31, 0x37, 0x37, 0x32, 0x20, 0x3d, 0x20, 0x30, 0x2e, 0x30, 0x3b, 0x0a, 0x20, 0x20, 0x20, 0x20, // 1772 = 0.0;.    
	0x20, 0x20, 0x20, 0x20, 0x7d, 0x0a, 0x20, 0x20, 0x20, 0x20, 0x20, 0x20, 0x20, 0x20, 0x66, 0x6c, //     }.        fl
	0x6f, 0x61, 0x74, 0x20, 0x5f, 0x31, 0x37, 0x37, 0x37, 0x3b, 0x0a, 0x20, 0x20, 0x20, 0x20, 0x20, // oat _1777;.     
	0x20, 0x20, 0x20, 0x69, 0x66, 0x20, 0x28, 0x5f, 0x6d, 0x74, 0x6c, 0x5f, 0x75, 0x2e, 0x75, 0x41, //    if (_mtl_u.uA
	0x78, 0x69, 0x73, 0x56, 0x69, 0x73, 0x69, 0x62, 0x6c, 0x65, 0x2e, 0x79, 0x20, 0x3e, 0x20, 0x30, // xisVisible.y > 0
	0x2e, 0x35, 0x29, 0x0a, 0x20, 0x20, 0x20, 0x20, 0x20, 0x20, 0x20, 0x20, 0x7b, 0x0a, 0x20, 0x20, // .5).        {.  
	0x20, 0x20, 0x20, 0x20, 0x20, 0x20, 0x20, 0x20, 0x20, 0x20, 0x5f, 0x31, 0x37, 0x37, 0x37, 0x20, //           _1777 
	0x3d, 0x20, 0x31, 0x2e, 0x30, 0x20, 0x2d, 0x20, 0x73, 0x6d, 0x6f, 0x6f, 0x74, 0x68, 0x73, 0x74, // = 1.0 - smoothst
	0x65, 0x70, 0x28, 0x31, 0x2e, 0x35, 0x20, 0x2a, 0x20, 0x5f, 0x31, 0x37, 0x35, 0x37, 0x2e, 0x78, // ep(1.5 * _1757.x
	0x2c, 0x20, 0x33, 0x2e, 0x35, 0x20, 0x2a, 0x20, 0x5f, 0x31, 0x37, 0x35, 0x37, 0x2e, 0x78, 0x2c, // , 3.5 * _1757.x,
	0x20, 0x61, 0x62, 0x73, 0x28, 0x5f, 0x31, 0x32, 0x33, 0x32, 0x20, 0x2d, 0x20, 0x5f, 0x6d, 0x74, //  abs(_1232 - _mt
	0x6c, 0x5f, 0x75, 0x2e, 0x75, 0x41, 0x78, 0x69, 0x73, 0x4f, 0x72, 0x69, 0x67, 0x69, 0x6e, 0x47, // l_u.uAxisOriginG
	0x72, 0x69, 0x64, 0x52, 0x65, 0x6c, 0x61, 0x74, 0x69, 0x76, 0x65, 0x2e, 0x78, 0x29, 0x29, 0x3b, // ridRelative.x));
	0x0a, 0x20, 0x20, 0x20, 0x20, 0x20, 0x20, 0x20, 0x20, 0x7d, 0x0a, 0x20, 0x20, 0x20, 0x20, 0x20, // .        }.     
	0x20, 0x20, 0x20, 0x65, 0x6c, 0x73, 0x65, 0x0a, 0x20, 0x20, 0x20, 0x20, 0x20, 0x20, 0x20, 0x20, //    else.        
	0x7b, 0x0a, 0x20, 0x20, 0x20, 0x20, 0x20, 0x20, 0x20, 0x20, 0x20, 0x20, 0x20, 0x20, 0x5f, 0x31, // {.            _1
	0x37, 0x37, 0x37, 0x20, 0x3d, 0x20, 0x30, 0x2e, 0x30, 0x3b, 0x0a, 0x20, 0x20, 0x20, 0x20, 0x20, // 777 = 0.0;.     
	0x20, 0x20, 0x20, 0x7d, 0x0a, 0x20, 0x20, 0x20, 0x20, 0x20, 0x20, 0x20, 0x20, 0x5f, 0x31, 0x37, //    }.        _17
	0x37, 0x34, 0x20, 0x3d, 0x20, 0x5f, 0x31, 0x37, 0x37, 0x37, 0x3b, 0x0a, 0x20, 0x20, 0x20, 0x20, // 74 = _1777;.    
	0x20, 0x20, 0x20, 0x20, 0x5f, 0x31, 0x37, 0x36, 0x38, 0x20, 0x3d, 0x20, 0x5f, 0x31, 0x37, 0x37, //     _1768 = _177
	0x32, 0x3b, 0x0a, 0x20, 0x20, 0x20, 0x20, 0x7d, 0x0a, 0x20, 0x20, 0x20, 0x20, 0x66, 0x6c, 0x6f, // 2;.    }.    flo
	0x61, 0x74, 0x20, 0x5f, 0x31, 0x37, 0x37, 0x39, 0x3b, 0x0a, 0x20, 0x20, 0x20, 0x20, 0x69, 0x66, // at _1779;.    if
	0x20, 0x28, 0x5f, 0x6d, 0x74, 0x6c, 0x5f, 0x75, 0x2e, 0x75, 0x53, 0x74, 0x61, 0x72, 0x74, 0x41, //  (_mtl_u.uStartA
	0x78, 0x69, 0x73, 0x56, 0x69, 0x73, 0x69, 0x62, 0x6c, 0x65, 0x2e, 0x78, 0x20, 0x3e, 0x20, 0x30, // xisVisible.x > 0
	0x2e, 0x35, 0x29, 0x0a, 0x20, 0x20, 0x20, 0x20, 0x7b, 0x0a, 0x20, 0x20, 0x20, 0x20, 0x20, 0x20, // .5).    {.      
	0x20, 0x20, 0x5f, 0x31, 0x37, 0x37, 0x39, 0x20, 0x3d, 0x20, 0x31, 0x2e, 0x30, 0x20, 0x2d, 0x20, //   _1779 = 1.0 - 
	0x73, 0x6d, 0x6f, 0x6f, 0x74, 0x68, 0x73, 0x74, 0x65, 0x70, 0x28, 0x31, 0x2e, 0x35, 0x2c, 0x20, // smoothstep(1.5, 
	0x33, 0x2e, 0x35, 0x2c, 0x20, 0x61, 0x62, 0x73, 0x28, 0x64, 0x6f, 0x74, 0x28, 0x5f, 0x6d, 0x74, // 3.5, abs(dot(_mt
	0x6c, 0x5f, 0x75, 0x2e, 0x75, 0x53, 0x74, 0x61, 0x72, 0x74, 0x41, 0x78, 0x69, 0x73, 0x4c, 0x69, // l_u.uStartAxisLi
	0x6e, 0x65, 0x2e, 0x78, 0x79, 0x2c, 0x20, 0x69, 0x6e, 0x2e, 0x76, 0x5f, 0x6e, 0x64, 0x63, 0x29, // ne.xy, in.v_ndc)
	0x20, 0x2b, 0x20, 0x5f, 0x6d, 0x74, 0x6c, 0x5f, 0x75, 0x2e, 0x75, 0x53, 0x74, 0x61, 0x72, 0x74, //  + _mtl_u.uStart
	0x41, 0x78, 0x69, 0x73, 0x4c, 0x69, 0x6e, 0x65, 0x2e, 0x7a, 0x29, 0x20, 0x2f, 0x20, 0x66, 0x61, // AxisLine.z) / fa
	0x73, 0x74, 0x3a, 0x3a, 0x6d, 0x61, 0x78, 0x28, 0x6c, 0x65, 0x6e, 0x67, 0x74, 0x68, 0x28, 0x66, // st::max(length(f
	0x6c, 0x6f, 0x61, 0x74, 0x32, 0x28, 0x28, 0x5f, 0x6d, 0x74, 0x6c, 0x5f, 0x75, 0x2e, 0x75, 0x53, // loat2((_mtl_u.uS
	0x74, 0x61, 0x72, 0x74, 0x41, 0x78, 0x69, 0x73, 0x4c, 0x69, 0x6e, 0x65, 0x2e, 0x78, 0x20, 0x2a, // tartAxisLine.x *
	0x20, 0x32, 0x2e, 0x30, 0x29, 0x20, 0x2f, 0x20, 0x5f, 0x6d, 0x74, 0x6c, 0x5f, 0x75, 0x2e, 0x75, //  2.0) / _mtl_u.u
	0x53, 0x63, 0x72, 0x65, 0x65, 0x6e, 0x57, 0x69, 0x64, 0x74, 0x68, 0x2e, 0x78, 0x2c, 0x20, 0x28, // ScreenWidth.x, (
	0x5f, 0x6d, 0x74, 0x6c, 0x5f, 0x75, 0x2e, 0x75, 0x53, 0x74, 0x61, 0x72, 0x74, 0x41, 0x78, 0x69, // _mtl_u.uStartAxi
	0x73, 0x4c, 0x69, 0x6e, 0x65, 0x2e, 0x79, 0x20, 0x2a, 0x20, 0x32, 0x2e, 0x30, 0x29, 0x20, 0x2f, // sLine.y * 2.0) /
	0x20, 0x5f, 0x6d, 0x74, 0x6c, 0x5f, 0x75, 0x2e, 0x75, 0x53, 0x63, 0x72, 0x65, 0x65, 0x6e, 0x48, //  _mtl_u.uScreenH
	0x65, 0x69, 0x67, 0x68, 0x74, 0x2e, 0x78, 0x29, 0x29, 0x2c, 0x20, 0x39, 0x2e, 0x39, 0x39, 0x39, // eight.x)), 9.999
	0x39, 0x39, 0x39, 0x36, 0x38, 0x32, 0x36, 0x35, 0x35, 0x32, 0x32, 0x35, 0x33, 0x38, 0x38, 0x39, // 9996826552253889
	0x36, 0x37, 0x38, 0x38, 0x37, 0x34, 0x36, 0x33, 0x34, 0x38, 0x37, 0x32, 0x65, 0x2d, 0x32, 0x31, // 678874634872e-21
	0x29, 0x29, 0x3b, 0x0a, 0x20, 0x20, 0x20, 0x20, 0x7d, 0x0a, 0x20, 0x20, 0x20, 0x20, 0x65, 0x6c, // ));.    }.    el
	0x73, 0x65, 0x0a, 0x20, 0x20, 0x20, 0x20, 0x7b, 0x0a, 0x20, 0x20, 0x20, 0x20, 0x20, 0x20, 0x20, // se.    {.       
	0x20, 0x5f, 0x31, 0x37, 0x37, 0x39, 0x20, 0x3d, 0x20, 0x30, 0x2e, 0x30, 0x3b, 0x0a, 0x20, 0x20, //  _1779 = 0.0;.  
	0x20, 0x20, 0x7d, 0x0a, 0x20, 0x20, 0x20, 0x20, 0x66, 0x6c, 0x6f, 0x61, 0x74, 0x20, 0x5f, 0x31, //   }.    float _1
	0x31, 0x36, 0x33, 0x20, 0x3d, 0x20, 0x66, 0x61, 0x73, 0x74, 0x3a, 0x3a, 0x6d, 0x61, 0x78, 0x28, // 163 = fast::max(
	0x66, 0x61, 0x73, 0x74, 0x3a, 0x3a, 0x6d, 0x61, 0x78, 0x28, 0x66, 0x61, 0x73, 0x74, 0x3a, 0x3a, // fast::max(fast::
	0x6d, 0x61, 0x78, 0x28, 0x5f, 0x31, 0x37, 0x36, 0x32, 0x2c, 0x20, 0x5f, 0x31, 0x37, 0x36, 0x34, // max(_1762, _1764
	0x29, 0x20, 0x2a, 0x20, 0x30, 0x2e, 0x32, 0x30, 0x30, 0x30, 0x30, 0x30, 0x30, 0x30, 0x32, 0x39, // ) * 0.2000000029
	0x38, 0x30, 0x32, 0x33, 0x32, 0x32, 0x33, 0x38, 0x37, 0x36, 0x39, 0x35, 0x33, 0x31, 0x32, 0x35, // 8023223876953125
	0x2c, 0x20, 0x5f, 0x31, 0x30, 0x33, 0x39, 0x20, 0x2a, 0x20, 0x30, 0x2e, 0x35, 0x29, 0x2c, 0x20, // , _1039 * 0.5), 
	0x66, 0x61, 0x73, 0x74, 0x3a, 0x3a, 0x6d, 0x61, 0x78, 0x28, 0x66, 0x61, 0x73, 0x74, 0x3a, 0x3a, // fast::max(fast::
	0x6d, 0x61, 0x78, 0x28, 0x5f, 0x31, 0x37, 0x36, 0x38, 0x2c, 0x20, 0x5f, 0x31, 0x37, 0x37, 0x34, // max(_1768, _1774
	0x29, 0x2c, 0x20, 0x5f, 0x31, 0x37, 0x37, 0x39, 0x29, 0x20, 0x2a, 0x20, 0x30, 0x2e, 0x38, 0x30, // ), _1779) * 0.80
	0x30, 0x30, 0x30, 0x30, 0x30, 0x31, 0x31, 0x39, 0x32, 0x30, 0x39, 0x32, 0x38, 0x39, 0x35, 0x35, // 0000011920928955
	0x30, 0x37, 0x38, 0x31, 0x32, 0x35, 0x29, 0x20, 0x2a, 0x20, 0x5f, 0x6d, 0x74, 0x6c, 0x5f, 0x75, // 078125) * _mtl_u
	0x2e, 0x75, 0x47, 0x72, 0x69, 0x64, 0x4f, 0x70, 0x61, 0x63, 0x69, 0x74, 0x79, 0x2e, 0x78, 0x3b, // .uGridOpacity.x;
	0x0a, 0x20, 0x20, 0x20, 0x20, 0x69, 0x66, 0x20, 0x28, 0x5f, 0x31, 0x31, 0x36, 0x33, 0x20, 0x3c, // .    if (_1163 <
	0x3d, 0x20, 0x30, 0x2e, 0x30, 0x29, 0x0a, 0x20, 0x20, 0x20, 0x20, 0x7b, 0x0a, 0x20, 0x20, 0x20, // = 0.0).    {.   
	0x20, 0x20, 0x20, 0x20, 0x20, 0x64, 0x69, 0x73, 0x63, 0x61, 0x72, 0x64, 0x5f, 0x66, 0x72, 0x61, //      discard_fra
	0x67, 0x6d, 0x65, 0x6e, 0x74, 0x28, 0x29, 0x3b, 0x0a, 0x20, 0x20, 0x20, 0x20, 0x7d, 0x0a, 0x20, // gment();.    }. 
	0x20, 0x20, 0x20, 0x6f, 0x75, 0x74, 0x2e, 0x62, 0x67, 0x66, 0x78, 0x5f, 0x46, 0x72, 0x61, 0x67, //    out.bgfx_Frag
	0x44, 0x61, 0x74, 0x61, 0x30, 0x20, 0x3d, 0x20, 0x66, 0x6c, 0x6f, 0x61, 0x74, 0x34, 0x28, 0x6d, // Data0 = float4(m
	0x69, 0x78, 0x28, 0x6d, 0x69, 0x78, 0x28, 0x6d, 0x69, 0x78, 0x28, 0x6d, 0x69, 0x78, 0x28, 0x5f, // ix(mix(mix(mix(_
	0x6d, 0x74, 0x6c, 0x5f, 0x75, 0x2e, 0x75, 0x47, 0x72, 0x69, 0x64, 0x43, 0x6f, 0x6c, 0x6f, 0x72, // mtl_u.uGridColor
	0x4d, 0x69, 0x6e, 0x6f, 0x72, 0x2e, 0x78, 0x79, 0x7a, 0x2c, 0x20, 0x5f, 0x6d, 0x74, 0x6c, 0x5f, // Minor.xyz, _mtl_
	0x75, 0x2e, 0x75, 0x47, 0x72, 0x69, 0x64, 0x43, 0x6f, 0x6c, 0x6f, 0x72, 0x4d, 0x61, 0x6a, 0x6f, // u.uGridColorMajo
	0x72, 0x2e, 0x78, 0x79, 0x7a, 0x2c, 0x20, 0x66, 0x6c, 0x6f, 0x61, 0x74, 0x33, 0x28, 0x5f, 0x31, // r.xyz, float3(_1
	0x30, 0x33, 0x39, 0x29, 0x29, 0x2c, 0x20, 0x5f, 0x6d, 0x74, 0x6c, 0x5f, 0x75, 0x2e, 0x75, 0x41, // 039)), _mtl_u.uA
	0x78, 0x69, 0x73, 0x43, 0x6f, 0x6c, 0x6f, 0x72, 0x55, 0x2e, 0x78, 0x79, 0x7a, 0x2c, 0x20, 0x66, // xisColorU.xyz, f
	0x6c, 0x6f, 0x61, 0x74, 0x33, 0x28, 0x5f, 0x31, 0x37, 0x36, 0x38, 0x29, 0x29, 0x2c, 0x20, 0x5f, // loat3(_1768)), _
	0x6d, 0x74, 0x6c, 0x5f, 0x75, 0x2e, 0x75, 0x41, 0x78, 0x69, 0x73, 0x43, 0x6f, 0x6c, 0x6f, 0x72, // mtl_u.uAxisColor
	0x56, 0x2e, 0x78, 0x79, 0x7a, 0x2c, 0x20, 0x66, 0x6c, 0x6f, 0x61, 0x74, 0x33, 0x28, 0x5f, 0x31, // V.xyz, float3(_1
	0x37, 0x37, 0x34, 0x29, 0x29, 0x2c, 0x20, 0x66, 0x6c, 0x6f, 0x61, 0x74, 0x33, 0x28, 0x31, 0x2e, // 774)), float3(1.
	0x30, 0x2c, 0x20, 0x30, 0x2e, 0x38, 0x35, 0x30, 0x30, 0x30, 0x30, 0x30, 0x32, 0x33, 0x38, 0x34, // 0, 0.85000002384
	0x31, 0x38, 0x35, 0x37, 0x39, 0x31, 0x30, 0x31, 0x35, 0x36, 0x32, 0x35, 0x2c, 0x20, 0x30, 0x2e, // 185791015625, 0.
	0x31, 0x30, 0x30, 0x30, 0x30, 0x30, 0x30, 0x30, 0x31, 0x34, 0x39, 0x30, 0x31, 0x31, 0x36, 0x31, // 1000000014901161
	0x31, 0x39, 0x33, 0x38, 0x34, 0x37, 0x36, 0x35, 0x36, 0x32, 0x35, 0x29, 0x2c, 0x20, 0x66, 0x6c, // 19384765625), fl
	0x6f, 0x61, 0x74, 0x33, 0x28, 0x5f, 0x31, 0x37, 0x37, 0x39, 0x29, 0x29, 0x2c, 0x20, 0x5f, 0x31, // oat3(_1779)), _1
	0x31, 0x36, 0x33, 0x29, 0x3b, 0x0a, 0x20, 0x20, 0x20, 0x20, 0x6f, 0x75, 0x74, 0x2e, 0x67, 0x6c, // 163);.    out.gl
	0x5f, 0x46, 0x72, 0x61, 0x67, 0x44, 0x65, 0x70, 0x74, 0x68, 0x20, 0x3d, 0x20, 0x28, 0x5f, 0x6d, // _FragDepth = (_m
	0x74, 0x6c, 0x5f, 0x75, 0x2e, 0x75, 0x4c, 0x6f, 0x67, 0x44, 0x65, 0x70, 0x74, 0x68, 0x2e, 0x78, // tl_u.uLogDepth.x
	0x20, 0x3e, 0x20, 0x30, 0x2e, 0x35, 0x29, 0x20, 0x3f, 0x20, 0x66, 0x61, 0x73, 0x74, 0x3a, 0x3a, //  > 0.5) ? fast::
	0x63, 0x6c, 0x61, 0x6d, 0x70, 0x28, 0x6c, 0x6f, 0x67, 0x32, 0x28, 0x66, 0x61, 0x73, 0x74, 0x3a, // clamp(log2(fast:
	0x3a, 0x6d, 0x61, 0x78, 0x28, 0x28, 0x2d, 0x28, 0x5f, 0x6d, 0x74, 0x6c, 0x5f, 0x75, 0x2e, 0x75, // :max((-(_mtl_u.u
	0x56, 0x69, 0x65, 0x77, 0x20, 0x2a, 0x20, 0x5f, 0x39, 0x37, 0x34, 0x29, 0x2e, 0x7a, 0x29, 0x20, // View * _974).z) 
	0x2f, 0x20, 0x5f, 0x6d, 0x74, 0x6c, 0x5f, 0x75, 0x2e, 0x75, 0x4c, 0x6f, 0x67, 0x44, 0x65, 0x70, // / _mtl_u.uLogDep
	0x74, 0x68, 0x2e, 0x79, 0x2c, 0x20, 0x31, 0x2e, 0x30, 0x29, 0x29, 0x20, 0x2f, 0x20, 0x6c, 0x6f, // th.y, 1.0)) / lo
	0x67, 0x32, 0x28, 0x66, 0x61, 0x73, 0x74, 0x3a, 0x3a, 0x6d, 0x61, 0x78, 0x28, 0x5f, 0x6d, 0x74, // g2(fast::max(_mt
	0x6c, 0x5f, 0x75, 0x2e, 0x75, 0x4c, 0x6f, 0x67, 0x44, 0x65, 0x70, 0x74, 0x68, 0x2e, 0x7a, 0x20, // l_u.uLogDepth.z 
	0x2f, 0x20, 0x5f, 0x6d, 0x74, 0x6c, 0x5f, 0x75, 0x2e, 0x75, 0x4c, 0x6f, 0x67, 0x44, 0x65, 0x70, // / _mtl_u.uLogDep
	0x74, 0x68, 0x2e, 0x79, 0x2c, 0x20, 0x31, 0x2e, 0x30, 0x30, 0x30, 0x30, 0x30, 0x30, 0x39, 0x35, // th.y, 1.00000095
	0x33, 0x36, 0x37, 0x34, 0x33, 0x31, 0x36, 0x34, 0x30, 0x36, 0x32, 0x35, 0x29, 0x29, 0x2c, 0x20, // 367431640625)), 
	0x30, 0x2e, 0x30, 0x2c, 0x20, 0x31, 0x2e, 0x30, 0x29, 0x20, 0x3a, 0x20, 0x5f, 0x39, 0x38, 0x32, // 0.0, 1.0) : _982
	0x3b, 0x0a, 0x20, 0x20, 0x20, 0x20, 0x72, 0x65, 0x74, 0x75, 0x72, 0x6e, 0x20, 0x6f, 0x75, 0x74, // ;.    return out
	0x3b, 0x0a, 0x7d, 0x0a, 0x0a, 0x00, 0x00, 0x00, 0x02,                                           // ;.}......
};

static const uint8_t frag_essl[7211] =
{
	0x46, 0x53, 0x48, 0x0b, 0x6d, 0xa5, 0xfb, 0x9b, 0x00, 0x00, 0x00, 0x00, 0x00, 0x00, 0x18, 0x1c, // FSH.m...........
	0x00, 0x00, 0x23, 0x76, 0x65, 0x72, 0x73, 0x69, 0x6f, 0x6e, 0x20, 0x33, 0x32, 0x30, 0x20, 0x65, // ..#version 320 e
	0x73, 0x0a, 0x23, 0x64, 0x65, 0x66, 0x69, 0x6e, 0x65, 0x20, 0x61, 0x74, 0x74, 0x72, 0x69, 0x62, // s.#define attrib
	0x75, 0x74, 0x65, 0x20, 0x69, 0x6e, 0x0a, 0x23, 0x64, 0x65, 0x66, 0x69, 0x6e, 0x65, 0x20, 0x76, // ute in.#define v
	0x61, 0x72, 0x79, 0x69, 0x6e, 0x67, 0x20, 0x69, 0x6e, 0x0a, 0x70, 0x72, 0x65, 0x63, 0x69, 0x73, // arying in.precis
	0x69, 0x6f, 0x6e, 0x20, 0x68, 0x69, 0x67, 0x68, 0x70, 0x20, 0x66, 0x6c, 0x6f, 0x61, 0x74, 0x3b, // ion highp float;
	0x0a, 0x70, 0x72, 0x65, 0x63, 0x69, 0x73, 0x69, 0x6f, 0x6e, 0x20, 0x68, 0x69, 0x67, 0x68, 0x70, // .precision highp
	0x20, 0x69, 0x6e, 0x74, 0x3b, 0x0a, 0x23, 0x65, 0x78, 0x74, 0x65, 0x6e, 0x73, 0x69, 0x6f, 0x6e, //  int;.#extension
	0x20, 0x47, 0x4c, 0x5f, 0x4f, 0x45, 0x53, 0x5f, 0x73, 0x74, 0x61, 0x6e, 0x64, 0x61, 0x72, 0x64, //  GL_OES_standard
	0x5f, 0x64, 0x65, 0x72, 0x69, 0x76, 0x61, 0x74, 0x69, 0x76, 0x65, 0x73, 0x20, 0x3a, 0x20, 0x65, // _derivatives : e
	0x6e, 0x61, 0x62, 0x6c, 0x65, 0x0a, 0x23, 0x64, 0x65, 0x66, 0x69, 0x6e, 0x65, 0x20, 0x73, 0x68, // nable.#define sh
	0x61, 0x64, 0x6f, 0x77, 0x32, 0x44, 0x28, 0x5f, 0x73, 0x61, 0x6d, 0x70, 0x6c, 0x65, 0x72, 0x2c, // adow2D(_sampler,
	0x20, 0x5f, 0x63, 0x6f, 0x6f, 0x72, 0x64, 0x29, 0x20, 0x74, 0x65, 0x78, 0x74, 0x75, 0x72, 0x65, //  _coord) texture
	0x28, 0x5f, 0x73, 0x61, 0x6d, 0x70, 0x6c, 0x65, 0x72, 0x2c, 0x20, 0x5f, 0x63, 0x6f, 0x6f, 0x72, // (_sampler, _coor
	0x64, 0x29, 0x0a, 0x23, 0x64, 0x65, 0x66, 0x69, 0x6e, 0x65, 0x20, 0x73, 0x68, 0x61, 0x64, 0x6f, // d).#define shado
	0x77, 0x32, 0x44, 0x50, 0x72, 0x6f, 0x6a, 0x28, 0x5f, 0x73, 0x61, 0x6d, 0x70, 0x6c, 0x65, 0x72, // w2DProj(_sampler
	0x2c, 0x20, 0x5f, 0x63, 0x6f, 0x6f, 0x72, 0x64, 0x29, 0x20, 0x74, 0x65, 0x78, 0x74, 0x75, 0x72, // , _coord) textur
	0x65, 0x50, 0x72, 0x6f, 0x6a, 0x28, 0x5f, 0x73, 0x61, 0x6d, 0x70, 0x6c, 0x65, 0x72, 0x2c, 0x20, // eProj(_sampler, 
	0x5f, 0x63, 0x6f, 0x6f, 0x72, 0x64, 0x29, 0x0a, 0x6f, 0x75, 0x74, 0x20, 0x6d, 0x65, 0x64, 0x69, // _coord).out medi
	0x75, 0x6d, 0x70, 0x20, 0x76, 0x65, 0x63, 0x34, 0x20, 0x62, 0x67, 0x66, 0x78, 0x5f, 0x46, 0x72, // ump vec4 bgfx_Fr
	0x61, 0x67, 0x43, 0x6f, 0x6c, 0x6f, 0x72, 0x3b, 0x0a, 0x76, 0x61, 0x72, 0x79, 0x69, 0x6e, 0x67, // agColor;.varying
	0x20, 0x76, 0x65, 0x63, 0x32, 0x20, 0x76, 0x5f, 0x6e, 0x64, 0x63, 0x3b, 0x0a, 0x76, 0x61, 0x72, //  vec2 v_ndc;.var
	0x79, 0x69, 0x6e, 0x67, 0x20, 0x76, 0x65, 0x63, 0x33, 0x20, 0x76, 0x5f, 0x72, 0x61, 0x79, 0x44, // ying vec3 v_rayD
	0x69, 0x72, 0x3b, 0x0a, 0x76, 0x61, 0x72, 0x79, 0x69, 0x6e, 0x67, 0x20, 0x76, 0x65, 0x63, 0x33, // ir;.varying vec3
	0x20, 0x76, 0x5f, 0x72, 0x61, 0x79, 0x4f, 0x72, 0x69, 0x67, 0x69, 0x6e, 0x3b, 0x0a, 0x76, 0x65, //  v_rayOrigin;.ve
	0x63, 0x33, 0x20, 0x69, 0x6e, 0x73, 0x74, 0x4d, 0x75, 0x6c, 0x28, 0x76, 0x65, 0x63, 0x33, 0x20, // c3 instMul(vec3 
	0x5f, 0x76, 0x65, 0x63, 0x2c, 0x20, 0x6d, 0x61, 0x74, 0x33, 0x20, 0x5f, 0x6d, 0x74, 0x78, 0x29, // _vec, mat3 _mtx)
	0x20, 0x7b, 0x20, 0x72, 0x65, 0x74, 0x75, 0x72, 0x6e, 0x20, 0x28, 0x20, 0x28, 0x5f, 0x76, 0x65, //  { return ( (_ve
	0x63, 0x29, 0x20, 0x2a, 0x20, 0x28, 0x5f, 0x6d, 0x74, 0x78, 0x29, 0x20, 0x29, 0x3b, 0x20, 0x7d, // c) * (_mtx) ); }
	0x0a, 0x76, 0x65, 0x63, 0x33, 0x20, 0x69, 0x6e, 0x73, 0x74, 0x4d, 0x75, 0x6c, 0x28, 0x6d, 0x61, // .vec3 instMul(ma
	0x74, 0x33, 0x20, 0x5f, 0x6d, 0x74, 0x78, 0x2c, 0x20, 0x76, 0x65, 0x63, 0x33, 0x20, 0x5f, 0x76, // t3 _mtx, vec3 _v
	0x65, 0x63, 0x29, 0x20, 0x7b, 0x20, 0x72, 0x65, 0x74, 0x75, 0x72, 0x6e, 0x20, 0x28, 0x20, 0x28, // ec) { return ( (
	0x5f, 0x6d, 0x74, 0x78, 0x29, 0x20, 0x2a, 0x20, 0x28, 0x5f, 0x76, 0x65, 0x63, 0x29, 0x20, 0x29, // _mtx) * (_vec) )
	0x3b, 0x20, 0x7d, 0x0a, 0x76, 0x65, 0x63, 0x34, 0x20, 0x69, 0x6e, 0x73, 0x74, 0x4d, 0x75, 0x6c, // ; }.vec4 instMul
	0x28, 0x76, 0x65, 0x63, 0x34, 0x20, 0x5f, 0x76, 0x65, 0x63, 0x2c, 0x20, 0x6d, 0x61, 0x74, 0x34, // (vec4 _vec, mat4
	0x20, 0x5f, 0x6d, 0x74, 0x78, 0x29, 0x20, 0x7b, 0x20, 0x72, 0x65, 0x74, 0x75, 0x72, 0x6e, 0x20, //  _mtx) { return 
	0x28, 0x20, 0x28, 0x5f, 0x76, 0x65, 0x63, 0x29, 0x20, 0x2a, 0x20, 0x28, 0x5f, 0x6d, 0x74, 0x78, // ( (_vec) * (_mtx
	0x29, 0x20, 0x29, 0x3b, 0x20, 0x7d, 0x0a, 0x76, 0x65, 0x63, 0x34, 0x20, 0x69, 0x6e, 0x73, 0x74, // ) ); }.vec4 inst
	0x4d, 0x75, 0x6c, 0x28, 0x6d, 0x61, 0x74, 0x34, 0x20, 0x5f, 0x6d, 0x74, 0x78, 0x2c, 0x20, 0x76, // Mul(mat4 _mtx, v
	0x65, 0x63, 0x34, 0x20, 0x5f, 0x76, 0x65, 0x63, 0x29, 0x20, 0x7b, 0x20, 0x72, 0x65, 0x74, 0x75, // ec4 _vec) { retu
	0x72, 0x6e, 0x20, 0x28, 0x20, 0x28, 0x5f, 0x6d, 0x74, 0x78, 0x29, 0x20, 0x2a, 0x20, 0x28, 0x5f, // rn ( (_mtx) * (_
	0x76, 0x65, 0x63, 0x29, 0x20, 0x29, 0x3b, 0x20, 0x7d, 0x0a, 0x66, 0x6c, 0x6f, 0x61, 0x74, 0x20, // vec) ); }.float 
	0x72, 0x63, 0x70, 0x28, 0x66, 0x6c, 0x6f, 0x61, 0x74, 0x20, 0x5f, 0x61, 0x29, 0x20, 0x7b, 0x20, // rcp(float _a) { 
	0x72, 0x65, 0x74, 0x75, 0x72, 0x6e, 0x20, 0x31, 0x2e, 0x30, 0x2f, 0x5f, 0x61, 0x3b, 0x20, 0x7d, // return 1.0/_a; }
	0x0a, 0x76, 0x65, 0x63, 0x32, 0x20, 0x72, 0x63, 0x70, 0x28, 0x76, 0x65, 0x63, 0x32, 0x20, 0x5f, // .vec2 rcp(vec2 _
	0x61, 0x29, 0x20, 0x7b, 0x20, 0x72, 0x65, 0x74, 0x75, 0x72, 0x6e, 0x20, 0x76, 0x65, 0x63, 0x32, // a) { return vec2
	0x28, 0x31, 0x2e, 0x30, 0x29, 0x2f, 0x5f, 0x61, 0x3b, 0x20, 0x7d, 0x0a, 0x76, 0x65, 0x63, 0x33, // (1.0)/_a; }.vec3
	0x20, 0x72, 0x63, 0x70, 0x28, 0x76, 0x65, 0x63, 0x33, 0x20, 0x5f, 0x61, 0x29, 0x20, 0x7b, 0x20, //  rcp(vec3 _a) { 
	0x72, 0x65, 0x74, 0x75, 0x72, 0x6e, 0x20, 0x76, 0x65, 0x63, 0x33, 0x28, 0x31, 0x2e, 0x30, 0x29, // return vec3(1.0)
	0x2f, 0x5f, 0x61, 0x3b, 0x20, 0x7d, 0x0a, 0x76, 0x65, 0x63, 0x34, 0x20, 0x72, 0x63, 0x70, 0x28, // /_a; }.vec4 rcp(
	0x76, 0x65, 0x63, 0x34, 0x20, 0x5f, 0x61, 0x29, 0x20, 0x7b, 0x20, 0x72, 0x65, 0x74, 0x75, 0x72, // vec4 _a) { retur
	0x6e, 0x20, 0x76, 0x65, 0x63, 0x34, 0x28, 0x31, 0x2e, 0x30, 0x29, 0x2f, 0x5f, 0x61, 0x3b, 0x20, // n vec4(1.0)/_a; 
	0x7d, 0x0a, 0x76, 0x65, 0x63, 0x32, 0x20, 0x76, 0x65, 0x63, 0x32, 0x5f, 0x73, 0x70, 0x6c, 0x61, // }.vec2 vec2_spla
	0x74, 0x28, 0x66, 0x6c, 0x6f, 0x61, 0x74, 0x20, 0x5f, 0x78, 0x29, 0x20, 0x7b, 0x20, 0x72, 0x65, // t(float _x) { re
	0x74, 0x75, 0x72, 0x6e, 0x20, 0x76, 0x65, 0x63, 0x32, 0x28, 0x5f, 0x78, 0x2c, 0x20, 0x5f, 0x78, // turn vec2(_x, _x
	0x29, 0x3b, 0x20, 0x7d, 0x0a, 0x76, 0x65, 0x63, 0x33, 0x20, 0x76, 0x65, 0x63, 0x33, 0x5f, 0x73, // ); }.vec3 vec3_s
	0x70, 0x6c, 0x61, 0x74, 0x28, 0x66, 0x6c, 0x6f, 0x61, 0x74, 0x20, 0x5f, 0x78, 0x29, 0x20, 0x7b, // plat(float _x) {
	0x20, 0x72, 0x65, 0x74, 0x75, 0x72, 0x6e, 0x20, 0x76, 0x65, 0x63, 0x33, 0x28, 0x5f, 0x78, 0x2c, //  return vec3(_x,
	0x20, 0x5f, 0x78, 0x2c, 0x20, 0x5f, 0x78, 0x29, 0x3b, 0x20, 0x7d, 0x0a, 0x76, 0x65, 0x63, 0x34, //  _x, _x); }.vec4
	0x20, 0x76, 0x65, 0x63, 0x34, 0x5f, 0x73, 0x70, 0x6c, 0x61, 0x74, 0x28, 0x66, 0x6c, 0x6f, 0x61, //  vec4_splat(floa
	0x74, 0x20, 0x5f, 0x78, 0x29, 0x20, 0x7b, 0x20, 0x72, 0x65, 0x74, 0x75, 0x72, 0x6e, 0x20, 0x76, // t _x) { return v
	0x65, 0x63, 0x34, 0x28, 0x5f, 0x78, 0x2c, 0x20, 0x5f, 0x78, 0x2c, 0x20, 0x5f, 0x78, 0x2c, 0x20, // ec4(_x, _x, _x, 
	0x5f, 0x78, 0x29, 0x3b, 0x20, 0x7d, 0x0a, 0x75, 0x76, 0x65, 0x63, 0x32, 0x20, 0x75, 0x76, 0x65, // _x); }.uvec2 uve
	0x63, 0x32, 0x5f, 0x73, 0x70, 0x6c, 0x61, 0x74, 0x28, 0x75, 0x69, 0x6e, 0x74, 0x20, 0x5f, 0x78, // c2_splat(uint _x
	0x29, 0x20, 0x7b, 0x20, 0x72, 0x65, 0x74, 0x75, 0x72, 0x6e, 0x20, 0x75, 0x76, 0x65, 0x63, 0x32, // ) { return uvec2
	0x28, 0x5f, 0x78, 0x2c, 0x20, 0x5f, 0x78, 0x29, 0x3b, 0x20, 0x7d, 0x0a, 0x75, 0x76, 0x65, 0x63, // (_x, _x); }.uvec
	0x33, 0x20, 0x75, 0x76, 0x65, 0x63, 0x33, 0x5f, 0x73, 0x70, 0x6c, 0x61, 0x74, 0x28, 0x75, 0x69, // 3 uvec3_splat(ui
	0x6e, 0x74, 0x20, 0x5f, 0x78, 0x29, 0x20, 0x7b, 0x20, 0x72, 0x65, 0x74, 0x75, 0x72, 0x6e, 0x20, // nt _x) { return 
	0x75, 0x76, 0x65, 0x63, 0x33, 0x28, 0x5f, 0x78, 0x2c, 0x20, 0x5f, 0x78, 0x2c, 0x20, 0x5f, 0x78, // uvec3(_x, _x, _x
	0x29, 0x3b, 0x20, 0x7d, 0x0a, 0x75, 0x76, 0x65, 0x63, 0x34, 0x20, 0x75, 0x76, 0x65, 0x63, 0x34, // ); }.uvec4 uvec4
	0x5f, 0x73, 0x70, 0x6c, 0x61, 0x74, 0x28, 0x75, 0x69, 0x6e, 0x74, 0x20, 0x5f, 0x78, 0x29, 0x20, // _splat(uint _x) 
	0x7b, 0x20, 0x72, 0x65, 0x74, 0x75, 0x72, 0x6e, 0x20, 0x75, 0x76, 0x65, 0x63, 0x34, 0x28, 0x5f, // { return uvec4(_
	0x78, 0x2c, 0x20, 0x5f, 0x78, 0x2c, 0x20, 0x5f, 0x78, 0x2c, 0x20, 0x5f, 0x78, 0x29, 0x3b, 0x20, // x, _x, _x, _x); 
	0x7d, 0x0a, 0x6d, 0x61, 0x74, 0x34, 0x20, 0x6d, 0x74, 0x78, 0x46, 0x72, 0x6f, 0x6d, 0x52, 0x6f, // }.mat4 mtxFromRo
	0x77, 0x73, 0x28, 0x76, 0x65, 0x63, 0x34, 0x20, 0x5f, 0x30, 0x2c, 0x20, 0x76, 0x65, 0x63, 0x34, // ws(vec4 _0, vec4
	0x20, 0x5f, 0x31, 0x2c, 0x20, 0x76, 0x65, 0x63, 0x34, 0x20, 0x5f, 0x32, 0x2c, 0x20, 0x76, 0x65, //  _1, vec4 _2, ve
	0x63, 0x34, 0x20, 0x5f, 0x33, 0x29, 0x0a, 0x7b, 0x0a, 0x72, 0x65, 0x74, 0x75, 0x72, 0x6e, 0x20, // c4 _3).{.return 
	0x74, 0x72, 0x61, 0x6e, 0x73, 0x70, 0x6f, 0x73, 0x65, 0x28, 0x6d, 0x61, 0x74, 0x34, 0x28, 0x5f, // transpose(mat4(_
	0x30, 0x2c, 0x20, 0x5f, 0x31, 0x2c, 0x20, 0x5f, 0x32, 0x2c, 0x20, 0x5f, 0x33, 0x29, 0x20, 0x29, // 0, _1, _2, _3) )
	0x3b, 0x0a, 0x7d, 0x0a, 0x6d, 0x61, 0x74, 0x34, 0x20, 0x6d, 0x74, 0x78, 0x46, 0x72, 0x6f, 0x6d, // ;.}.mat4 mtxFrom
	0x43, 0x6f, 0x6c, 0x73, 0x28, 0x76, 0x65, 0x63, 0x34, 0x20, 0x5f, 0x30, 0x2c, 0x20, 0x76, 0x65, // Cols(vec4 _0, ve
	0x63, 0x34, 0x20, 0x5f, 0x31, 0x2c, 0x20, 0x76, 0x65, 0x63, 0x34, 0x20, 0x5f, 0x32, 0x2c, 0x20, // c4 _1, vec4 _2, 
	0x76, 0x65, 0x63, 0x34, 0x20, 0x5f, 0x33, 0x29, 0x0a, 0x7b, 0x0a, 0x72, 0x65, 0x74, 0x75, 0x72, // vec4 _3).{.retur
	0x6e, 0x20, 0x6d, 0x61, 0x74, 0x34, 0x28, 0x5f, 0x30, 0x2c, 0x20, 0x5f, 0x31, 0x2c, 0x20, 0x5f, // n mat4(_0, _1, _
	0x32, 0x2c, 0x20, 0x5f, 0x33, 0x29, 0x3b, 0x0a, 0x7d, 0x0a, 0x6d, 0x61, 0x74, 0x33, 0x20, 0x6d, // 2, _3);.}.mat3 m
	0x74, 0x78, 0x46, 0x72, 0x6f, 0x6d, 0x52, 0x6f, 0x77, 0x73, 0x28, 0x76, 0x65, 0x63, 0x33, 0x20, // txFromRows(vec3 
	0x5f, 0x30, 0x2c, 0x20, 0x76, 0x65, 0x63, 0x33, 0x20, 0x5f, 0x31, 0x2c, 0x20, 0x76, 0x65, 0x63, // _0, vec3 _1, vec
	0x33, 0x20, 0x5f, 0x32, 0x29, 0x0a, 0x7b, 0x0a, 0x72, 0x65, 0x74, 0x75, 0x72, 0x6e, 0x20, 0x74, // 3 _2).{.return t
	0x72, 0x61, 0x6e, 0x73, 0x70, 0x6f, 0x73, 0x65, 0x28, 0x6d, 0x61, 0x74, 0x33, 0x28, 0x5f, 0x30, // ranspose(mat3(_0
	0x2c, 0x20, 0x5f, 0x31, 0x2c, 0x20, 0x5f, 0x32, 0x29, 0x20, 0x29, 0x3b, 0x0a, 0x7d, 0x0a, 0x6d, // , _1, _2) );.}.m
	0x61, 0x74, 0x33, 0x20, 0x6d, 0x74, 0x78, 0x46, 0x72, 0x6f, 0x6d, 0x43, 0x6f, 0x6c, 0x73, 0x28, // at3 mtxFromCols(
	0x76, 0x65, 0x63, 0x33, 0x20, 0x5f, 0x30, 0x2c, 0x20, 0x76, 0x65, 0x63, 0x33, 0x20, 0x5f, 0x31, // vec3 _0, vec3 _1
	0x2c, 0x20, 0x76, 0x65, 0x63, 0x33, 0x20, 0x5f, 0x32, 0x29, 0x0a, 0x7b, 0x0a, 0x72, 0x65, 0x74, // , vec3 _2).{.ret
	0x75, 0x72, 0x6e, 0x20, 0x6d, 0x61, 0x74, 0x33, 0x28, 0x5f, 0x30, 0x2c, 0x20, 0x5f, 0x31, 0x2c, // urn mat3(_0, _1,
	0x20, 0x5f, 0x32, 0x29, 0x3b, 0x0a, 0x7d, 0x0a, 0x75, 0x6e, 0x69, 0x66, 0x6f, 0x72, 0x6d, 0x20, //  _2);.}.uniform 
	0x76, 0x65, 0x63, 0x34, 0x20, 0x75, 0x5f, 0x76, 0x69, 0x65, 0x77, 0x52, 0x65, 0x63, 0x74, 0x3b, // vec4 u_viewRect;
	0x0a, 0x75, 0x6e, 0x69, 0x66, 0x6f, 0x72, 0x6d, 0x20, 0x76, 0x65, 0x63, 0x34, 0x20, 0x75, 0x5f, // .uniform vec4 u_
	0x76, 0x69, 0x65, 0x77, 0x54, 0x65, 0x78, 0x65, 0x6c, 0x3b, 0x0a, 0x75, 0x6e, 0x69, 0x66, 0x6f, // viewTexel;.unifo
	0x72, 0x6d, 0x20, 0x6d, 0x61, 0x74, 0x34, 0x20, 0x75, 0x5f, 0x76, 0x69, 0x65, 0x77, 0x3b, 0x0a, // rm mat4 u_view;.
	0x75, 0x6e, 0x69, 0x66, 0x6f, 0x72, 0x6d, 0x20, 0x6d, 0x61, 0x74, 0x34, 0x20, 0x75, 0x5f, 0x69, // uniform mat4 u_i
	0x6e, 0x76, 0x56, 0x69, 0x65, 0x77, 0x3b, 0x0a, 0x75, 0x6e, 0x69, 0x66, 0x6f, 0x72, 0x6d, 0x20, // nvView;.uniform 
	0x6d, 0x61, 0x74, 0x34, 0x20, 0x75, 0x5f, 0x70, 0x72, 0x6f, 0x6a, 0x3b, 0x0a, 0x75, 0x6e, 0x69, // mat4 u_proj;.uni
	0x66, 0x6f, 0x72, 0x6d, 0x20, 0x6d, 0x61, 0x74, 0x34, 0x20, 0x75, 0x5f, 0x69, 0x6e, 0x76, 0x50, // form mat4 u_invP
	0x72, 0x6f, 0x6a, 0x3b, 0x0a, 0x75, 0x6e, 0x69, 0x66, 0x6f, 0x72, 0x6d, 0x20, 0x6d, 0x61, 0x74, // roj;.uniform mat
	0x34, 0x20, 0x75, 0x5f, 0x76, 0x69, 0x65, 0x77, 0x50, 0x72, 0x6f, 0x6a, 0x3b, 0x0a, 0x75, 0x6e, // 4 u_viewProj;.un
	0x69, 0x66, 0x6f, 0x72, 0x6d, 0x20, 0x6d, 0x61, 0x74, 0x34, 0x20, 0x75, 0x5f, 0x69, 0x6e, 0x76, // iform mat4 u_inv
	0x56, 0x69, 0x65, 0x77, 0x50, 0x72, 0x6f, 0x6a, 0x3b, 0x0a, 0x75, 0x6e, 0x69, 0x66, 0x6f, 0x72, // ViewProj;.unifor
	0x6d, 0x20, 0x6d, 0x61, 0x74, 0x34, 0x20, 0x75, 0x5f, 0x6d, 0x6f, 0x64, 0x65, 0x6c, 0x5b, 0x33, // m mat4 u_model[3
	0x32, 0x5d, 0x3b, 0x0a, 0x75, 0x6e, 0x69, 0x66, 0x6f, 0x72, 0x6d, 0x20, 0x6d, 0x61, 0x74, 0x34, // 2];.uniform mat4
	0x20, 0x75, 0x5f, 0x6d, 0x6f, 0x64, 0x65, 0x6c, 0x56, 0x69, 0x65, 0x77, 0x3b, 0x0a, 0x75, 0x6e, //  u_modelView;.un
	0x69, 0x66, 0x6f, 0x72, 0x6d, 0x20, 0x6d, 0x61, 0x74, 0x34, 0x20, 0x75, 0x5f, 0x6d, 0x6f, 0x64, // iform mat4 u_mod
	0x65, 0x6c, 0x56, 0x69, 0x65, 0x77, 0x50, 0x72, 0x6f, 0x6a, 0x3b, 0x0a, 0x75, 0x6e, 0x69, 0x66, // elViewProj;.unif
	0x6f, 0x72, 0x6d, 0x20, 0x76, 0x65, 0x63, 0x34, 0x20, 0x75, 0x5f, 0x61, 0x6c, 0x70, 0x68, 0x61, // orm vec4 u_alpha
	0x52, 0x65, 0x66, 0x34, 0x3b, 0x0a, 0x75, 0x6e, 0x69, 0x66, 0x6f, 0x72, 0x6d, 0x20, 0x6d, 0x61, // Ref4;.uniform ma
	0x74, 0x34, 0x20, 0x75, 0x56, 0x69, 0x65, 0x77, 0x50, 0x72, 0x6f, 0x6a, 0x3b, 0x0a, 0x75, 0x6e, // t4 uViewProj;.un
	0x69, 0x66, 0x6f, 0x72, 0x6d, 0x20, 0x6d, 0x61, 0x74, 0x34, 0x20, 0x75, 0x56, 0x69, 0x65, 0x77, // iform mat4 uView
	0x3b, 0x0a, 0x75, 0x6e, 0x69, 0x66, 0x6f, 0x72, 0x6d, 0x20, 0x76, 0x65, 0x63, 0x34, 0x20, 0x75, // ;.uniform vec4 u
	0x4c, 0x6f, 0x67, 0x44, 0x65, 0x70, 0x74, 0x68, 0x3b, 0x0a, 0x75, 0x6e, 0x69, 0x66, 0x6f, 0x72, // LogDepth;.unifor
	0x6d, 0x20, 0x76, 0x65, 0x63, 0x34, 0x20, 0x75, 0x47, 0x72, 0x6f, 0x75, 0x6e, 0x64, 0x52, 0x65, // m vec4 uGroundRe
	0x6c, 0x61, 0x74, 0x69, 0x76, 0x65, 0x59, 0x3b, 0x0a, 0x75, 0x6e, 0x69, 0x66, 0x6f, 0x72, 0x6d, // lativeY;.uniform
	0x20, 0x76, 0x65, 0x63, 0x34, 0x20, 0x75, 0x4f, 0x72, 0x69, 0x67, 0x69, 0x6e, 0x52, 0x65, 0x6c, //  vec4 uOriginRel
	0x61, 0x74, 0x69, 0x76, 0x65, 0x3b, 0x0a, 0x75, 0x6e, 0x69, 0x66, 0x6f, 0x72, 0x6d, 0x20, 0x76, // ative;.uniform v
	0x65, 0x63, 0x34, 0x20, 0x75, 0x50, 0x6c, 0x61, 0x6e, 0x65, 0x4e, 0x6f, 0x72, 0x6d, 0x61, 0x6c, // ec4 uPlaneNormal
	0x3b, 0x0a, 0x75, 0x6e, 0x69, 0x66, 0x6f, 0x72, 0x6d, 0x20, 0x76, 0x65, 0x63, 0x34, 0x20, 0x75, // ;.uniform vec4 u
	0x50, 0x6c, 0x61, 0x6e, 0x65, 0x54, 0x61, 0x6e, 0x67, 0x65, 0x6e, 0x74, 0x55, 0x3b, 0x0a, 0x75, // PlaneTangentU;.u
	0x6e, 0x69, 0x66, 0x6f, 0x72, 0x6d, 0x20, 0x76, 0x65, 0x63, 0x34, 0x20, 0x75, 0x50, 0x6c, 0x61, // niform vec4 uPla
	0x6e, 0x65, 0x54, 0x61, 0x6e, 0x67, 0x65, 0x6e, 0x74, 0x56, 0x3b, 0x0a, 0x75, 0x6e, 0x69, 0x66, // neTangentV;.unif
	0x6f, 0x72, 0x6d, 0x20, 0x76, 0x65, 0x63, 0x34, 0x20, 0x75, 0x41, 0x78, 0x69, 0x73, 0x43, 0x6f, // orm vec4 uAxisCo
	0x6c, 0x6f, 0x72, 0x55, 0x3b, 0x0a, 0x75, 0x6e, 0x69, 0x66, 0x6f, 0x72, 0x6d, 0x20, 0x76, 0x65, // lorU;.uniform ve
	0x63, 0x34, 0x20, 0x75, 0x41, 0x78, 0x69, 0x73, 0x43, 0x6f, 0x6c, 0x6f, 0x72, 0x56, 0x3b, 0x0a, // c4 uAxisColorV;.
	0x75, 0x6e, 0x69, 0x66, 0x6f, 0x72, 0x6d, 0x20, 0x76, 0x65, 0x63, 0x34, 0x20, 0x75, 0x53, 0x74, // uniform vec4 uSt
	0x61, 0x72, 0x74, 0x41, 0x78, 0x69, 0x73, 0x4f, 0x72, 0x69, 0x67, 0x69, 0x6e, 0x3b, 0x0a, 0x75, // artAxisOrigin;.u
	0x6e, 0x69, 0x66, 0x6f, 0x72, 0x6d, 0x20, 0x76, 0x65, 0x63, 0x34, 0x20, 0x75, 0x53, 0x74, 0x61, // niform vec4 uSta
	0x72, 0x74, 0x41, 0x78, 0x69, 0x73, 0x44, 0x69, 0x72, 0x65, 0x63, 0x74, 0x69, 0x6f, 0x6e, 0x3b, // rtAxisDirection;
	0x0a, 0x75, 0x6e, 0x69, 0x66, 0x6f, 0x72, 0x6d, 0x20, 0x76, 0x65, 0x63, 0x34, 0x20, 0x75, 0x53, // .uniform vec4 uS
	0x74, 0x61, 0x72, 0x74, 0x41, 0x78, 0x69, 0x73, 0x56, 0x69, 0x73, 0x69, 0x62, 0x6c, 0x65, 0x3b, // tartAxisVisible;
	0x0a, 0x75, 0x6e, 0x69, 0x66, 0x6f, 0x72, 0x6d, 0x20, 0x76, 0x65, 0x63, 0x34, 0x20, 0x75, 0x53, // .uniform vec4 uS
	0x74, 0x61, 0x72, 0x74, 0x41, 0x78, 0x69, 0x73, 0x4c, 0x69, 0x6e, 0x65, 0x3b, 0x0a, 0x75, 0x6e, // tartAxisLine;.un
	0x69, 0x66, 0x6f, 0x72, 0x6d, 0x20, 0x76, 0x65, 0x63, 0x34, 0x20, 0x75, 0x41, 0x78, 0x69, 0x73, // iform vec4 uAxis
	0x4f, 0x72, 0x69, 0x67, 0x69, 0x6e, 0x47, 0x72, 0x69, 0x64, 0x52, 0x65, 0x6c, 0x61, 0x74, 0x69, // OriginGridRelati
	0x76, 0x65, 0x3b, 0x0a, 0x75, 0x6e, 0x69, 0x66, 0x6f, 0x72, 0x6d, 0x20, 0x76, 0x65, 0x63, 0x34, // ve;.uniform vec4
	0x20, 0x75, 0x41, 0x78, 0x69, 0x73, 0x4c, 0x69, 0x6e, 0x65, 0x58, 0x3b, 0x0a, 0x75, 0x6e, 0x69, //  uAxisLineX;.uni
	0x66, 0x6f, 0x72, 0x6d, 0x20, 0x76, 0x65, 0x63, 0x34, 0x20, 0x75, 0x41, 0x78, 0x69, 0x73, 0x4c, // form vec4 uAxisL
	0x69, 0x6e, 0x65, 0x5a, 0x3b, 0x0a, 0x75, 0x6e, 0x69, 0x66, 0x6f, 0x72, 0x6d, 0x20, 0x76, 0x65, // ineZ;.uniform ve
	0x63, 0x34, 0x20, 0x75, 0x53, 0x74, 0x65, 0x70, 0x3b, 0x0a, 0x75, 0x6e, 0x69, 0x66, 0x6f, 0x72, // c4 uStep;.unifor
	0x6d, 0x20, 0x76, 0x65, 0x63, 0x34, 0x20, 0x75, 0x41, 0x78, 0x69, 0x73, 0x56, 0x69, 0x73, 0x69, // m vec4 uAxisVisi
	0x62, 0x6c, 0x65, 0x3b, 0x0a, 0x75, 0x6e, 0x69, 0x66, 0x6f, 0x72, 0x6d, 0x20, 0x76, 0x65, 0x63, // ble;.uniform vec
	0x34, 0x20, 0x75, 0x53, 0x63, 0x72, 0x65, 0x65, 0x6e, 0x48, 0x65, 0x69, 0x67, 0x68, 0x74, 0x3b, // 4 uScreenHeight;
	0x0a, 0x75, 0x6e, 0x69, 0x66, 0x6f, 0x72, 0x6d, 0x20, 0x76, 0x65, 0x63, 0x34, 0x20, 0x75, 0x53, // .uniform vec4 uS
	0x63, 0x72, 0x65, 0x65, 0x6e, 0x57, 0x69, 0x64, 0x74, 0x68, 0x3b, 0x0a, 0x75, 0x6e, 0x69, 0x66, // creenWidth;.unif
	0x6f, 0x72, 0x6d, 0x20, 0x76, 0x65, 0x63, 0x34, 0x20, 0x75, 0x49, 0x73, 0x4f, 0x72, 0x74, 0x68, // orm vec4 uIsOrth
	0x6f, 0x3b, 0x0a, 0x75, 0x6e, 0x69, 0x66, 0x6f, 0x72, 0x6d, 0x20, 0x76, 0x65, 0x63, 0x34, 0x20, // o;.uniform vec4 
	0x75, 0x4f, 0x72, 0x74, 0x68, 0x6f, 0x50, 0x6c, 0x61, 0x6e, 0x65, 0x56, 0x61, 0x6c, 0x69, 0x64, // uOrthoPlaneValid
	0x3b, 0x0a, 0x75, 0x6e, 0x69, 0x66, 0x6f, 0x72, 0x6d, 0x20, 0x76, 0x65, 0x63, 0x34, 0x20, 0x75, // ;.uniform vec4 u
	0x4f, 0x72, 0x74, 0x68, 0x6f, 0x50, 0x6c, 0x61, 0x6e, 0x65, 0x43, 0x65, 0x6e, 0x74, 0x65, 0x72, // OrthoPlaneCenter
	0x3b, 0x0a, 0x75, 0x6e, 0x69, 0x66, 0x6f, 0x72, 0x6d, 0x20, 0x76, 0x65, 0x63, 0x34, 0x20, 0x75, // ;.uniform vec4 u
	0x4f, 0x72, 0x74, 0x68, 0x6f, 0x52, 0x69, 0x67, 0x68, 0x74, 0x3b, 0x0a, 0x75, 0x6e, 0x69, 0x66, // OrthoRight;.unif
	0x6f, 0x72, 0x6d, 0x20, 0x76, 0x65, 0x63, 0x34, 0x20, 0x75, 0x4f, 0x72, 0x74, 0x68, 0x6f, 0x55, // orm vec4 uOrthoU
	0x70, 0x3b, 0x0a, 0x75, 0x6e, 0x69, 0x66, 0x6f, 0x72, 0x6d, 0x20, 0x76, 0x65, 0x63, 0x34, 0x20, // p;.uniform vec4 
	0x75, 0x47, 0x72, 0x69, 0x64, 0x43, 0x6f, 0x6c, 0x6f, 0x72, 0x4d, 0x61, 0x6a, 0x6f, 0x72, 0x3b, // uGridColorMajor;
	0x0a, 0x75, 0x6e, 0x69, 0x66, 0x6f, 0x72, 0x6d, 0x20, 0x76, 0x65, 0x63, 0x34, 0x20, 0x75, 0x47, // .uniform vec4 uG
	0x72, 0x69, 0x64, 0x43, 0x6f, 0x6c, 0x6f, 0x72, 0x4d, 0x69, 0x6e, 0x6f, 0x72, 0x3b, 0x0a, 0x75, // ridColorMinor;.u
	0x6e, 0x69, 0x66, 0x6f, 0x72, 0x6d, 0x20, 0x76, 0x65, 0x63, 0x34, 0x20, 0x75, 0x47, 0x72, 0x69, // niform vec4 uGri
	0x64, 0x4f, 0x70, 0x61, 0x63, 0x69, 0x74, 0x79, 0x3b, 0x0a, 0x66, 0x6c, 0x6f, 0x61, 0x74, 0x20, // dOpacity;.float 
	0x70, 0x72, 0x65, 0x63, 0x69, 0x73, 0x65, 0x4d, 0x6f, 0x64, 0x28, 0x66, 0x6c, 0x6f, 0x61, 0x74, // preciseMod(float
	0x20, 0x61, 0x2c, 0x20, 0x66, 0x6c, 0x6f, 0x61, 0x74, 0x20, 0x62, 0x29, 0x0a, 0x7b, 0x0a, 0x72, //  a, float b).{.r
	0x65, 0x74, 0x75, 0x72, 0x6e, 0x20, 0x61, 0x20, 0x2d, 0x20, 0x66, 0x6c, 0x6f, 0x6f, 0x72, 0x28, // eturn a - floor(
	0x61, 0x20, 0x2f, 0x20, 0x62, 0x20, 0x2b, 0x20, 0x30, 0x2e, 0x35, 0x29, 0x20, 0x2a, 0x20, 0x62, // a / b + 0.5) * b
	0x3b, 0x0a, 0x7d, 0x0a, 0x66, 0x6c, 0x6f, 0x61, 0x74, 0x20, 0x67, 0x72, 0x69, 0x64, 0x4c, 0x69, // ;.}.float gridLi
	0x6e, 0x65, 0x31, 0x44, 0x28, 0x66, 0x6c, 0x6f, 0x61, 0x74, 0x20, 0x63, 0x6f, 0x6f, 0x72, 0x64, // ne1D(float coord
	0x2c, 0x20, 0x66, 0x6c, 0x6f, 0x61, 0x74, 0x20, 0x73, 0x74, 0x65, 0x70, 0x2c, 0x20, 0x66, 0x6c, // , float step, fl
	0x6f, 0x61, 0x74, 0x20, 0x68, 0x61, 0x6c, 0x66, 0x57, 0x69, 0x64, 0x74, 0x68, 0x50, 0x78, 0x2c, // oat halfWidthPx,
	0x0a, 0x66, 0x6c, 0x6f, 0x61, 0x74, 0x20, 0x64, 0x65, 0x72, 0x69, 0x76, 0x61, 0x74, 0x69, 0x76, // .float derivativ
	0x65, 0x29, 0x0a, 0x7b, 0x0a, 0x66, 0x6c, 0x6f, 0x61, 0x74, 0x20, 0x64, 0x69, 0x73, 0x74, 0x20, // e).{.float dist 
	0x3d, 0x20, 0x61, 0x62, 0x73, 0x28, 0x70, 0x72, 0x65, 0x63, 0x69, 0x73, 0x65, 0x4d, 0x6f, 0x64, // = abs(preciseMod
	0x28, 0x63, 0x6f, 0x6f, 0x72, 0x64, 0x2c, 0x20, 0x73, 0x74, 0x65, 0x70, 0x29, 0x29, 0x3b, 0x0a, // (coord, step));.
	0x66, 0x6c, 0x6f, 0x61, 0x74, 0x20, 0x61, 0x61, 0x20, 0x3d, 0x20, 0x64, 0x65, 0x72, 0x69, 0x76, // float aa = deriv
	0x61, 0x74, 0x69, 0x76, 0x65, 0x3b, 0x0a, 0x66, 0x6c, 0x6f, 0x61, 0x74, 0x20, 0x77, 0x69, 0x64, // ative;.float wid
	0x74, 0x68, 0x20, 0x3d, 0x20, 0x68, 0x61, 0x6c, 0x66, 0x57, 0x69, 0x64, 0x74, 0x68, 0x50, 0x78, // th = halfWidthPx
	0x20, 0x2a, 0x20, 0x64, 0x65, 0x72, 0x69, 0x76, 0x61, 0x74, 0x69, 0x76, 0x65, 0x3b, 0x0a, 0x72, //  * derivative;.r
	0x65, 0x74, 0x75, 0x72, 0x6e, 0x20, 0x31, 0x2e, 0x30, 0x20, 0x2d, 0x20, 0x73, 0x6d, 0x6f, 0x6f, // eturn 1.0 - smoo
	0x74, 0x68, 0x73, 0x74, 0x65, 0x70, 0x28, 0x77, 0x69, 0x64, 0x74, 0x68, 0x20, 0x2d, 0x20, 0x61, // thstep(width - a
	0x61, 0x2c, 0x20, 0x77, 0x69, 0x64, 0x74, 0x68, 0x20, 0x2b, 0x20, 0x61, 0x61, 0x2c, 0x20, 0x64, // a, width + aa, d
	0x69, 0x73, 0x74, 0x29, 0x3b, 0x0a, 0x7d, 0x0a, 0x66, 0x6c, 0x6f, 0x61, 0x74, 0x20, 0x70, 0x65, // ist);.}.float pe
	0x72, 0x73, 0x70, 0x65, 0x63, 0x74, 0x69, 0x76, 0x65, 0x4f, 0x75, 0x74, 0x70, 0x75, 0x74, 0x44, // rspectiveOutputD
	0x65, 0x70, 0x74, 0x68, 0x28, 0x66, 0x6c, 0x6f, 0x61, 0x74, 0x20, 0x76, 0x69, 0x65, 0x77, 0x44, // epth(float viewD
	0x65, 0x70, 0x74, 0x68, 0x29, 0x0a, 0x7b, 0x0a, 0x66, 0x6c, 0x6f, 0x61, 0x74, 0x20, 0x6e, 0x75, // epth).{.float nu
	0x6d, 0x65, 0x72, 0x61, 0x74, 0x6f, 0x72, 0x20, 0x3d, 0x20, 0x6c, 0x6f, 0x67, 0x32, 0x28, 0x6d, // merator = log2(m
	0x61, 0x78, 0x28, 0x76, 0x69, 0x65, 0x77, 0x44, 0x65, 0x70, 0x74, 0x68, 0x20, 0x2f, 0x20, 0x75, // ax(viewDepth / u
	0x4c, 0x6f, 0x67, 0x44, 0x65, 0x70, 0x74, 0x68, 0x2e, 0x79, 0x2c, 0x20, 0x31, 0x2e, 0x30, 0x29, // LogDepth.y, 1.0)
	0x29, 0x3b, 0x0a, 0x66, 0x6c, 0x6f, 0x61, 0x74, 0x20, 0x64, 0x65, 0x6e, 0x6f, 0x6d, 0x69, 0x6e, // );.float denomin
	0x61, 0x74, 0x6f, 0x72, 0x20, 0x3d, 0x20, 0x6c, 0x6f, 0x67, 0x32, 0x28, 0x6d, 0x61, 0x78, 0x28, // ator = log2(max(
	0x75, 0x4c, 0x6f, 0x67, 0x44, 0x65, 0x70, 0x74, 0x68, 0x2e, 0x7a, 0x20, 0x2f, 0x20, 0x75, 0x4c, // uLogDepth.z / uL
	0x6f, 0x67, 0x44, 0x65, 0x70, 0x74, 0x68, 0x2e, 0x79, 0x2c, 0x20, 0x31, 0x2e, 0x30, 0x30, 0x30, // ogDepth.y, 1.000
	0x30, 0x30, 0x31, 0x29, 0x29, 0x3b, 0x0a, 0x72, 0x65, 0x74, 0x75, 0x72, 0x6e, 0x20, 0x63, 0x6c, // 001));.return cl
	0x61, 0x6d, 0x70, 0x28, 0x6e, 0x75, 0x6d, 0x65, 0x72, 0x61, 0x74, 0x6f, 0x72, 0x20, 0x2f, 0x20, // amp(numerator / 
	0x64, 0x65, 0x6e, 0x6f, 0x6d, 0x69, 0x6e, 0x61, 0x74, 0x6f, 0x72, 0x2c, 0x20, 0x30, 0x2e, 0x30, // denominator, 0.0
	0x2c, 0x20, 0x31, 0x2e, 0x30, 0x29, 0x3b, 0x0a, 0x7d, 0x0a, 0x66, 0x6c, 0x6f, 0x61, 0x74, 0x20, // , 1.0);.}.float 
	0x66, 0x69, 0x6c, 0x74, 0x65, 0x72, 0x65, 0x64, 0x47, 0x72, 0x69, 0x64, 0x4c, 0x69, 0x6e, 0x65, // filteredGridLine
	0x28, 0x66, 0x6c, 0x6f, 0x61, 0x74, 0x20, 0x63, 0x6f, 0x6f, 0x72, 0x64, 0x2c, 0x20, 0x66, 0x6c, // (float coord, fl
	0x6f, 0x61, 0x74, 0x20, 0x73, 0x74, 0x65, 0x70, 0x2c, 0x20, 0x66, 0x6c, 0x6f, 0x61, 0x74, 0x20, // oat step, float 
	0x68, 0x61, 0x6c, 0x66, 0x57, 0x69, 0x64, 0x74, 0x68, 0x50, 0x78, 0x2c, 0x0a, 0x66, 0x6c, 0x6f, // halfWidthPx,.flo
	0x61, 0x74, 0x20, 0x64, 0x65, 0x72, 0x69, 0x76, 0x61, 0x74, 0x69, 0x76, 0x65, 0x2c, 0x20, 0x66, // at derivative, f
	0x6c, 0x6f, 0x61, 0x74, 0x20, 0x6d, 0x69, 0x6e, 0x53, 0x70, 0x61, 0x63, 0x69, 0x6e, 0x67, 0x50, // loat minSpacingP
	0x78, 0x29, 0x0a, 0x7b, 0x0a, 0x66, 0x6c, 0x6f, 0x61, 0x74, 0x20, 0x73, 0x70, 0x61, 0x63, 0x69, // x).{.float spaci
	0x6e, 0x67, 0x50, 0x78, 0x20, 0x3d, 0x20, 0x73, 0x74, 0x65, 0x70, 0x20, 0x2f, 0x20, 0x6d, 0x61, // ngPx = step / ma
	0x78, 0x28, 0x64, 0x65, 0x72, 0x69, 0x76, 0x61, 0x74, 0x69, 0x76, 0x65, 0x2c, 0x20, 0x31, 0x65, // x(derivative, 1e
	0x2d, 0x38, 0x29, 0x3b, 0x0a, 0x66, 0x6c, 0x6f, 0x61, 0x74, 0x20, 0x61, 0x76, 0x65, 0x72, 0x61, // -8);.float avera
	0x67, 0x65, 0x43, 0x6f, 0x76, 0x65, 0x72, 0x61, 0x67, 0x65, 0x20, 0x3d, 0x0a, 0x63, 0x6c, 0x61, // geCoverage =.cla
	0x6d, 0x70, 0x28, 0x28, 0x32, 0x2e, 0x30, 0x20, 0x2a, 0x20, 0x68, 0x61, 0x6c, 0x66, 0x57, 0x69, // mp((2.0 * halfWi
	0x64, 0x74, 0x68, 0x50, 0x78, 0x29, 0x20, 0x2f, 0x20, 0x73, 0x70, 0x61, 0x63, 0x69, 0x6e, 0x67, // dthPx) / spacing
	0x50, 0x78, 0x2c, 0x20, 0x30, 0x2e, 0x30, 0x2c, 0x20, 0x31, 0x2e, 0x30, 0x29, 0x3b, 0x0a, 0x66, // Px, 0.0, 1.0);.f
	0x6c, 0x6f, 0x61, 0x74, 0x20, 0x66, 0x61, 0x64, 0x65, 0x53, 0x74, 0x61, 0x72, 0x74, 0x50, 0x78, // loat fadeStartPx
	0x20, 0x3d, 0x20, 0x6d, 0x69, 0x6e, 0x53, 0x70, 0x61, 0x63, 0x69, 0x6e, 0x67, 0x50, 0x78, 0x20, //  = minSpacingPx 
	0x2a, 0x20, 0x30, 0x2e, 0x35, 0x3b, 0x0a, 0x69, 0x66, 0x20, 0x28, 0x73, 0x70, 0x61, 0x63, 0x69, // * 0.5;.if (spaci
	0x6e, 0x67, 0x50, 0x78, 0x20, 0x3c, 0x3d, 0x20, 0x66, 0x61, 0x64, 0x65, 0x53, 0x74, 0x61, 0x72, // ngPx <= fadeStar
	0x74, 0x50, 0x78, 0x29, 0x0a, 0x72, 0x65, 0x74, 0x75, 0x72, 0x6e, 0x20, 0x61, 0x76, 0x65, 0x72, // tPx).return aver
	0x61, 0x67, 0x65, 0x43, 0x6f, 0x76, 0x65, 0x72, 0x61, 0x67, 0x65, 0x3b, 0x0a, 0x66, 0x6c, 0x6f, // ageCoverage;.flo
	0x61, 0x74, 0x20, 0x70, 0x6f, 0x69, 0x6e, 0x74, 0x4c, 0x69, 0x6e, 0x65, 0x20, 0x3d, 0x20, 0x67, // at pointLine = g
	0x72, 0x69, 0x64, 0x4c, 0x69, 0x6e, 0x65, 0x31, 0x44, 0x28, 0x63, 0x6f, 0x6f, 0x72, 0x64, 0x2c, // ridLine1D(coord,
	0x20, 0x73, 0x74, 0x65, 0x70, 0x2c, 0x20, 0x68, 0x61, 0x6c, 0x66, 0x57, 0x69, 0x64, 0x74, 0x68, //  step, halfWidth
	0x50, 0x78, 0x2c, 0x20, 0x64, 0x65, 0x72, 0x69, 0x76, 0x61, 0x74, 0x69, 0x76, 0x65, 0x29, 0x3b, // Px, derivative);
	0x0a, 0x66, 0x6c, 0x6f, 0x61, 0x74, 0x20, 0x70, 0x6f, 0x69, 0x6e, 0x74, 0x57, 0x65, 0x69, 0x67, // .float pointWeig
	0x68, 0x74, 0x20, 0x3d, 0x20, 0x73, 0x6d, 0x6f, 0x6f, 0x74, 0x68, 0x73, 0x74, 0x65, 0x70, 0x28, // ht = smoothstep(
	0x66, 0x61, 0x64, 0x65, 0x53, 0x74, 0x61, 0x72, 0x74, 0x50, 0x78, 0x2c, 0x20, 0x6d, 0x69, 0x6e, // fadeStartPx, min
	0x53, 0x70, 0x61, 0x63, 0x69, 0x6e, 0x67, 0x50, 0x78, 0x2c, 0x20, 0x73, 0x70, 0x61, 0x63, 0x69, // SpacingPx, spaci
	0x6e, 0x67, 0x50, 0x78, 0x29, 0x3b, 0x0a, 0x72, 0x65, 0x74, 0x75, 0x72, 0x6e, 0x20, 0x6d, 0x69, // ngPx);.return mi
	0x78, 0x28, 0x61, 0x76, 0x65, 0x72, 0x61, 0x67, 0x65, 0x43, 0x6f, 0x76, 0x65, 0x72, 0x61, 0x67, // x(averageCoverag
	0x65, 0x2c, 0x20, 0x70, 0x6f, 0x69, 0x6e, 0x74, 0x4c, 0x69, 0x6e, 0x65, 0x2c, 0x20, 0x70, 0x6f, // e, pointLine, po
	0x69, 0x6e, 0x74, 0x57, 0x65, 0x69, 0x67, 0x68, 0x74, 0x29, 0x3b, 0x0a, 0x7d, 0x0a, 0x66, 0x6c, // intWeight);.}.fl
	0x6f, 0x61, 0x74, 0x20, 0x61, 0x78, 0x69, 0x73, 0x4c, 0x69, 0x6e, 0x65, 0x31, 0x44, 0x28, 0x76, // oat axisLine1D(v
	0x65, 0x63, 0x34, 0x20, 0x61, 0x78, 0x69, 0x73, 0x4c, 0x69, 0x6e, 0x65, 0x2c, 0x20, 0x76, 0x65, // ec4 axisLine, ve
	0x63, 0x32, 0x20, 0x6e, 0x64, 0x63, 0x29, 0x0a, 0x7b, 0x0a, 0x66, 0x6c, 0x6f, 0x61, 0x74, 0x20, // c2 ndc).{.float 
	0x73, 0x69, 0x67, 0x6e, 0x65, 0x64, 0x44, 0x69, 0x73, 0x74, 0x61, 0x6e, 0x63, 0x65, 0x20, 0x3d, // signedDistance =
	0x20, 0x64, 0x6f, 0x74, 0x28, 0x61, 0x78, 0x69, 0x73, 0x4c, 0x69, 0x6e, 0x65, 0x2e, 0x78, 0x79, //  dot(axisLine.xy
	0x2c, 0x20, 0x6e, 0x64, 0x63, 0x29, 0x20, 0x2b, 0x20, 0x61, 0x78, 0x69, 0x73, 0x4c, 0x69, 0x6e, // , ndc) + axisLin
	0x65, 0x2e, 0x7a, 0x3b, 0x0a, 0x76, 0x65, 0x63, 0x32, 0x20, 0x70, 0x69, 0x78, 0x65, 0x6c, 0x47, // e.z;.vec2 pixelG
	0x72, 0x61, 0x64, 0x69, 0x65, 0x6e, 0x74, 0x20, 0x3d, 0x20, 0x76, 0x65, 0x63, 0x32, 0x28, 0x0a, // radient = vec2(.
	0x61, 0x78, 0x69, 0x73, 0x4c, 0x69, 0x6e, 0x65, 0x2e, 0x78, 0x20, 0x2a, 0x20, 0x32, 0x2e, 0x30, // axisLine.x * 2.0
	0x20, 0x2f, 0x20, 0x75, 0x53, 0x63, 0x72, 0x65, 0x65, 0x6e, 0x57, 0x69, 0x64, 0x74, 0x68, 0x2e, //  / uScreenWidth.
	0x78, 0x2c, 0x0a, 0x61, 0x78, 0x69, 0x73, 0x4c, 0x69, 0x6e, 0x65, 0x2e, 0x79, 0x20, 0x2a, 0x20, // x,.axisLine.y * 
	0x32, 0x2e, 0x30, 0x20, 0x2f, 0x20, 0x75, 0x53, 0x63, 0x72, 0x65, 0x65, 0x6e, 0x48, 0x65, 0x69, // 2.0 / uScreenHei
	0x67, 0x68, 0x74, 0x2e, 0x78, 0x29, 0x3b, 0x0a, 0x66, 0x6c, 0x6f, 0x61, 0x74, 0x20, 0x64, 0x69, // ght.x);.float di
	0x73, 0x74, 0x61, 0x6e, 0x63, 0x65, 0x50, 0x78, 0x20, 0x3d, 0x0a, 0x61, 0x62, 0x73, 0x28, 0x73, // stancePx =.abs(s
	0x69, 0x67, 0x6e, 0x65, 0x64, 0x44, 0x69, 0x73, 0x74, 0x61, 0x6e, 0x63, 0x65, 0x29, 0x20, 0x2f, // ignedDistance) /
	0x20, 0x6d, 0x61, 0x78, 0x28, 0x6c, 0x65, 0x6e, 0x67, 0x74, 0x68, 0x28, 0x70, 0x69, 0x78, 0x65, //  max(length(pixe
	0x6c, 0x47, 0x72, 0x61, 0x64, 0x69, 0x65, 0x6e, 0x74, 0x29, 0x2c, 0x20, 0x31, 0x65, 0x2d, 0x32, // lGradient), 1e-2
	0x30, 0x29, 0x3b, 0x0a, 0x72, 0x65, 0x74, 0x75, 0x72, 0x6e, 0x20, 0x31, 0x2e, 0x30, 0x20, 0x2d, // 0);.return 1.0 -
	0x20, 0x73, 0x6d, 0x6f, 0x6f, 0x74, 0x68, 0x73, 0x74, 0x65, 0x70, 0x28, 0x31, 0x2e, 0x35, 0x2c, //  smoothstep(1.5,
	0x20, 0x33, 0x2e, 0x35, 0x2c, 0x20, 0x64, 0x69, 0x73, 0x74, 0x61, 0x6e, 0x63, 0x65, 0x50, 0x78, //  3.5, distancePx
	0x29, 0x3b, 0x0a, 0x7d, 0x0a, 0x76, 0x65, 0x63, 0x32, 0x20, 0x70, 0x6c, 0x61, 0x6e, 0x65, 0x43, // );.}.vec2 planeC
	0x6f, 0x6f, 0x72, 0x64, 0x69, 0x6e, 0x61, 0x74, 0x65, 0x73, 0x28, 0x76, 0x65, 0x63, 0x33, 0x20, // oordinates(vec3 
	0x70, 0x6c, 0x61, 0x6e, 0x65, 0x50, 0x6f, 0x69, 0x6e, 0x74, 0x29, 0x0a, 0x7b, 0x0a, 0x72, 0x65, // planePoint).{.re
	0x74, 0x75, 0x72, 0x6e, 0x20, 0x76, 0x65, 0x63, 0x32, 0x28, 0x64, 0x6f, 0x74, 0x28, 0x70, 0x6c, // turn vec2(dot(pl
	0x61, 0x6e, 0x65, 0x50, 0x6f, 0x69, 0x6e, 0x74, 0x2c, 0x20, 0x75, 0x50, 0x6c, 0x61, 0x6e, 0x65, // anePoint, uPlane
	0x54, 0x61, 0x6e, 0x67, 0x65, 0x6e, 0x74, 0x55, 0x2e, 0x78, 0x79, 0x7a, 0x29, 0x2c, 0x0a, 0x64, // TangentU.xyz),.d
	0x6f, 0x74, 0x28, 0x70, 0x6c, 0x61, 0x6e, 0x65, 0x50, 0x6f, 0x69, 0x6e, 0x74, 0x2c, 0x20, 0x75, // ot(planePoint, u
	0x50, 0x6c, 0x61, 0x6e, 0x65, 0x54, 0x61, 0x6e, 0x67, 0x65, 0x6e, 0x74, 0x56, 0x2e, 0x78, 0x79, // PlaneTangentV.xy
	0x7a, 0x29, 0x29, 0x3b, 0x0a, 0x7d, 0x0a, 0x63, 0x6f, 0x6e, 0x73, 0x74, 0x20, 0x66, 0x6c, 0x6f, // z));.}.const flo
	0x61, 0x74, 0x20, 0x6b, 0x4d, 0x69, 0x6e, 0x50, 0x6c, 0x61, 0x6e, 0x65, 0x43, 0x6f, 0x73, 0x20, // at kMinPlaneCos 
	0x3d, 0x20, 0x30, 0x2e, 0x30, 0x38, 0x37, 0x31, 0x35, 0x35, 0x37, 0x34, 0x33, 0x3b, 0x0a, 0x76, // = 0.087155743;.v
	0x6f, 0x69, 0x64, 0x20, 0x6d, 0x61, 0x69, 0x6e, 0x28, 0x29, 0x0a, 0x7b, 0x0a, 0x76, 0x65, 0x63, // oid main().{.vec
	0x33, 0x20, 0x70, 0x3b, 0x0a, 0x76, 0x65, 0x63, 0x32, 0x20, 0x64, 0x65, 0x72, 0x69, 0x76, 0x61, // 3 p;.vec2 deriva
	0x74, 0x69, 0x76, 0x65, 0x3b, 0x0a, 0x66, 0x6c, 0x6f, 0x61, 0x74, 0x20, 0x67, 0x72, 0x61, 0x7a, // tive;.float graz
	0x69, 0x6e, 0x67, 0x46, 0x61, 0x64, 0x65, 0x3b, 0x0a, 0x69, 0x66, 0x20, 0x28, 0x75, 0x49, 0x73, // ingFade;.if (uIs
	0x4f, 0x72, 0x74, 0x68, 0x6f, 0x2e, 0x78, 0x20, 0x3e, 0x20, 0x30, 0x2e, 0x35, 0x29, 0x0a, 0x7b, // Ortho.x > 0.5).{
	0x0a, 0x69, 0x66, 0x20, 0x28, 0x75, 0x4f, 0x72, 0x74, 0x68, 0x6f, 0x50, 0x6c, 0x61, 0x6e, 0x65, // .if (uOrthoPlane
	0x56, 0x61, 0x6c, 0x69, 0x64, 0x2e, 0x78, 0x20, 0x3c, 0x20, 0x30, 0x2e, 0x35, 0x29, 0x0a, 0x64, // Valid.x < 0.5).d
	0x69, 0x73, 0x63, 0x61, 0x72, 0x64, 0x3b, 0x0a, 0x70, 0x20, 0x3d, 0x20, 0x75, 0x4f, 0x72, 0x74, // iscard;.p = uOrt
	0x68, 0x6f, 0x50, 0x6c, 0x61, 0x6e, 0x65, 0x43, 0x65, 0x6e, 0x74, 0x65, 0x72, 0x2e, 0x78, 0x79, // hoPlaneCenter.xy
	0x7a, 0x0a, 0x2b, 0x20, 0x75, 0x4f, 0x72, 0x74, 0x68, 0x6f, 0x52, 0x69, 0x67, 0x68, 0x74, 0x2e, // z.+ uOrthoRight.
	0x78, 0x79, 0x7a, 0x20, 0x2a, 0x20, 0x76, 0x5f, 0x6e, 0x64, 0x63, 0x2e, 0x78, 0x0a, 0x2b, 0x20, // xyz * v_ndc.x.+ 
	0x75, 0x4f, 0x72, 0x74, 0x68, 0x6f, 0x55, 0x70, 0x2e, 0x78, 0x79, 0x7a, 0x20, 0x2a, 0x20, 0x76, // uOrthoUp.xyz * v
	0x5f, 0x6e, 0x64, 0x63, 0x2e, 0x79, 0x3b, 0x0a, 0x76, 0x65, 0x63, 0x33, 0x20, 0x64, 0x43, 0x6f, // _ndc.y;.vec3 dCo
	0x6f, 0x72, 0x64, 0x44, 0x78, 0x57, 0x6f, 0x72, 0x6c, 0x64, 0x20, 0x3d, 0x20, 0x75, 0x4f, 0x72, // ordDxWorld = uOr
	0x74, 0x68, 0x6f, 0x52, 0x69, 0x67, 0x68, 0x74, 0x2e, 0x78, 0x79, 0x7a, 0x20, 0x2a, 0x20, 0x28, // thoRight.xyz * (
	0x32, 0x2e, 0x30, 0x20, 0x2f, 0x20, 0x75, 0x53, 0x63, 0x72, 0x65, 0x65, 0x6e, 0x57, 0x69, 0x64, // 2.0 / uScreenWid
	0x74, 0x68, 0x2e, 0x78, 0x29, 0x3b, 0x0a, 0x76, 0x65, 0x63, 0x33, 0x20, 0x64, 0x43, 0x6f, 0x6f, // th.x);.vec3 dCoo
	0x72, 0x64, 0x44, 0x79, 0x57, 0x6f, 0x72, 0x6c, 0x64, 0x20, 0x3d, 0x20, 0x75, 0x4f, 0x72, 0x74, // rdDyWorld = uOrt
	0x68, 0x6f, 0x55, 0x70, 0x2e, 0x78, 0x79, 0x7a, 0x20, 0x2a, 0x20, 0x28, 0x32, 0x2e, 0x30, 0x20, // hoUp.xyz * (2.0 
	0x2f, 0x20, 0x75, 0x53, 0x63, 0x72, 0x65, 0x65, 0x6e, 0x48, 0x65, 0x69, 0x67, 0x68, 0x74, 0x2e, // / uScreenHeight.
	0x78, 0x29, 0x3b, 0x0a, 0x76, 0x65, 0x63, 0x32, 0x20, 0x6f, 0x72, 0x74, 0x68, 0x6f, 0x44, 0x65, // x);.vec2 orthoDe
	0x72, 0x69, 0x76, 0x61, 0x74, 0x69, 0x76, 0x65, 0x20, 0x3d, 0x0a, 0x61, 0x62, 0x73, 0x28, 0x76, // rivative =.abs(v
	0x65, 0x63, 0x32, 0x28, 0x64, 0x6f, 0x74, 0x28, 0x64, 0x43, 0x6f, 0x6f, 0x72, 0x64, 0x44, 0x78, // ec2(dot(dCoordDx
	0x57, 0x6f, 0x72, 0x6c, 0x64, 0x2c, 0x20, 0x75, 0x50, 0x6c, 0x61, 0x6e, 0x65, 0x54, 0x61, 0x6e, // World, uPlaneTan
	0x67, 0x65, 0x6e, 0x74, 0x55, 0x2e, 0x78, 0x79, 0x7a, 0x29, 0x2c, 0x0a, 0x64, 0x6f, 0x74, 0x28, // gentU.xyz),.dot(
	0x64, 0x43, 0x6f, 0x6f, 0x72, 0x64, 0x44, 0x78, 0x57, 0x6f, 0x72, 0x6c, 0x64, 0x2c, 0x20, 0x75, // dCoordDxWorld, u
	0x50, 0x6c, 0x61, 0x6e, 0x65, 0x54, 0x61, 0x6e, 0x67, 0x65, 0x6e, 0x74, 0x56, 0x2e, 0x78, 0x79, // PlaneTangentV.xy
	0x7a, 0x29, 0x29, 0x29, 0x20, 0x2b, 0x0a, 0x61, 0x62, 0x73, 0x28, 0x76, 0x65, 0x63, 0x32, 0x28, // z))) +.abs(vec2(
	0x64, 0x6f, 0x74, 0x28, 0x64, 0x43, 0x6f, 0x6f, 0x72, 0x64, 0x44, 0x79, 0x57, 0x6f, 0x72, 0x6c, // dot(dCoordDyWorl
	0x64, 0x2c, 0x20, 0x75, 0x50, 0x6c, 0x61, 0x6e, 0x65, 0x54, 0x61, 0x6e, 0x67, 0x65, 0x6e, 0x74, // d, uPlaneTangent
	0x55, 0x2e, 0x78, 0x79, 0x7a, 0x29, 0x2c, 0x0a, 0x64, 0x6f, 0x74, 0x28, 0x64, 0x43, 0x6f, 0x6f, // U.xyz),.dot(dCoo
	0x72, 0x64, 0x44, 0x79, 0x57, 0x6f, 0x72, 0x6c, 0x64, 0x2c, 0x20, 0x75, 0x50, 0x6c, 0x61, 0x6e, // rdDyWorld, uPlan
	0x65, 0x54, 0x61, 0x6e, 0x67, 0x65, 0x6e, 0x74, 0x56, 0x2e, 0x78, 0x79, 0x7a, 0x29, 0x29, 0x29, // eTangentV.xyz)))
	0x3b, 0x0a, 0x64, 0x65, 0x72, 0x69, 0x76, 0x61, 0x74, 0x69, 0x76, 0x65, 0x20, 0x3d, 0x20, 0x63, // ;.derivative = c
	0x6c, 0x61, 0x6d, 0x70, 0x28, 0x6f, 0x72, 0x74, 0x68, 0x6f, 0x44, 0x65, 0x72, 0x69, 0x76, 0x61, // lamp(orthoDeriva
	0x74, 0x69, 0x76, 0x65, 0x2c, 0x0a, 0x76, 0x65, 0x63, 0x32, 0x28, 0x31, 0x65, 0x2d, 0x38, 0x2c, // tive,.vec2(1e-8,
	0x20, 0x31, 0x65, 0x2d, 0x38, 0x29, 0x2c, 0x20, 0x76, 0x65, 0x63, 0x32, 0x28, 0x31, 0x65, 0x33, //  1e-8), vec2(1e3
	0x30, 0x2c, 0x20, 0x31, 0x65, 0x33, 0x30, 0x29, 0x29, 0x3b, 0x0a, 0x67, 0x72, 0x61, 0x7a, 0x69, // 0, 1e30));.grazi
	0x6e, 0x67, 0x46, 0x61, 0x64, 0x65, 0x20, 0x3d, 0x20, 0x31, 0x2e, 0x30, 0x3b, 0x0a, 0x7d, 0x0a, // ngFade = 1.0;.}.
	0x65, 0x6c, 0x73, 0x65, 0x0a, 0x7b, 0x0a, 0x76, 0x65, 0x63, 0x33, 0x20, 0x6e, 0x6f, 0x72, 0x6d, // else.{.vec3 norm
	0x61, 0x6c, 0x20, 0x3d, 0x20, 0x6e, 0x6f, 0x72, 0x6d, 0x61, 0x6c, 0x69, 0x7a, 0x65, 0x28, 0x75, // al = normalize(u
	0x50, 0x6c, 0x61, 0x6e, 0x65, 0x4e, 0x6f, 0x72, 0x6d, 0x61, 0x6c, 0x2e, 0x78, 0x79, 0x7a, 0x29, // PlaneNormal.xyz)
	0x3b, 0x0a, 0x66, 0x6c, 0x6f, 0x61, 0x74, 0x20, 0x64, 0x69, 0x72, 0x4e, 0x20, 0x3d, 0x20, 0x64, // ;.float dirN = d
	0x6f, 0x74, 0x28, 0x76, 0x5f, 0x72, 0x61, 0x79, 0x44, 0x69, 0x72, 0x2c, 0x20, 0x6e, 0x6f, 0x72, // ot(v_rayDir, nor
	0x6d, 0x61, 0x6c, 0x29, 0x3b, 0x0a, 0x66, 0x6c, 0x6f, 0x61, 0x74, 0x20, 0x6f, 0x72, 0x69, 0x67, // mal);.float orig
	0x69, 0x6e, 0x4e, 0x20, 0x3d, 0x20, 0x64, 0x6f, 0x74, 0x28, 0x76, 0x5f, 0x72, 0x61, 0x79, 0x4f, // inN = dot(v_rayO
	0x72, 0x69, 0x67, 0x69, 0x6e, 0x2c, 0x20, 0x6e, 0x6f, 0x72, 0x6d, 0x61, 0x6c, 0x29, 0x3b, 0x0a, // rigin, normal);.
	0x66, 0x6c, 0x6f, 0x61, 0x74, 0x20, 0x74, 0x20, 0x3d, 0x20, 0x61, 0x62, 0x73, 0x28, 0x64, 0x69, // float t = abs(di
	0x72, 0x4e, 0x29, 0x20, 0x3e, 0x20, 0x31, 0x65, 0x2d, 0x36, 0x0a, 0x3f, 0x20, 0x28, 0x2d, 0x6f, // rN) > 1e-6.? (-o
	0x72, 0x69, 0x67, 0x69, 0x6e, 0x4e, 0x20, 0x2f, 0x20, 0x64, 0x69, 0x72, 0x4e, 0x29, 0x0a, 0x3a, // riginN / dirN).:
	0x20, 0x2d, 0x31, 0x2e, 0x30, 0x3b, 0x0a, 0x70, 0x20, 0x3d, 0x20, 0x76, 0x5f, 0x72, 0x61, 0x79, //  -1.0;.p = v_ray
	0x4f, 0x72, 0x69, 0x67, 0x69, 0x6e, 0x20, 0x2b, 0x20, 0x74, 0x20, 0x2a, 0x20, 0x76, 0x5f, 0x72, // Origin + t * v_r
	0x61, 0x79, 0x44, 0x69, 0x72, 0x3b, 0x0a, 0x76, 0x65, 0x63, 0x32, 0x20, 0x70, 0x65, 0x72, 0x73, // ayDir;.vec2 pers
	0x70, 0x65, 0x63, 0x74, 0x69, 0x76, 0x65, 0x44, 0x65, 0x72, 0x69, 0x76, 0x61, 0x74, 0x69, 0x76, // pectiveDerivativ
	0x65, 0x20, 0x3d, 0x20, 0x61, 0x62, 0x73, 0x28, 0x64, 0x46, 0x64, 0x78, 0x28, 0x70, 0x6c, 0x61, // e = abs(dFdx(pla
	0x6e, 0x65, 0x43, 0x6f, 0x6f, 0x72, 0x64, 0x69, 0x6e, 0x61, 0x74, 0x65, 0x73, 0x28, 0x70, 0x29, // neCoordinates(p)
	0x29, 0x29, 0x20, 0x2b, 0x0a, 0x61, 0x62, 0x73, 0x28, 0x64, 0x46, 0x64, 0x79, 0x28, 0x70, 0x6c, // )) +.abs(dFdy(pl
	0x61, 0x6e, 0x65, 0x43, 0x6f, 0x6f, 0x72, 0x64, 0x69, 0x6e, 0x61, 0x74, 0x65, 0x73, 0x28, 0x70, // aneCoordinates(p
	0x29, 0x29, 0x29, 0x3b, 0x0a, 0x64, 0x65, 0x72, 0x69, 0x76, 0x61, 0x74, 0x69, 0x76, 0x65, 0x20, // )));.derivative 
	0x3d, 0x20, 0x63, 0x6c, 0x61, 0x6d, 0x70, 0x28, 0x70, 0x65, 0x72, 0x73, 0x70, 0x65, 0x63, 0x74, // = clamp(perspect
	0x69, 0x76, 0x65, 0x44, 0x65, 0x72, 0x69, 0x76, 0x61, 0x74, 0x69, 0x76, 0x65, 0x2c, 0x0a, 0x76, // iveDerivative,.v
	0x65, 0x63, 0x32, 0x28, 0x31, 0x65, 0x2d, 0x38, 0x2c, 0x20, 0x31, 0x65, 0x2d, 0x38, 0x29, 0x2c, // ec2(1e-8, 1e-8),
	0x20, 0x76, 0x65, 0x63, 0x32, 0x28, 0x31, 0x65, 0x33, 0x30, 0x2c, 0x20, 0x31, 0x65, 0x33, 0x30, //  vec2(1e30, 1e30
	0x29, 0x29, 0x3b, 0x0a, 0x76, 0x65, 0x63, 0x33, 0x20, 0x72, 0x61, 0x79, 0x44, 0x69, 0x72, 0x20, // ));.vec3 rayDir 
	0x3d, 0x20, 0x6e, 0x6f, 0x72, 0x6d, 0x61, 0x6c, 0x69, 0x7a, 0x65, 0x28, 0x76, 0x5f, 0x72, 0x61, // = normalize(v_ra
	0x79, 0x44, 0x69, 0x72, 0x29, 0x3b, 0x0a, 0x66, 0x6c, 0x6f, 0x61, 0x74, 0x20, 0x70, 0x6c, 0x61, // yDir);.float pla
	0x6e, 0x65, 0x43, 0x6f, 0x73, 0x20, 0x3d, 0x20, 0x61, 0x62, 0x73, 0x28, 0x64, 0x6f, 0x74, 0x28, // neCos = abs(dot(
	0x72, 0x61, 0x79, 0x44, 0x69, 0x72, 0x2c, 0x20, 0x6e, 0x6f, 0x72, 0x6d, 0x61, 0x6c, 0x29, 0x29, // rayDir, normal))
	0x3b, 0x0a, 0x69, 0x66, 0x20, 0x28, 0x70, 0x6c, 0x61, 0x6e, 0x65, 0x43, 0x6f, 0x73, 0x20, 0x3c, // ;.if (planeCos <
	0x20, 0x6b, 0x4d, 0x69, 0x6e, 0x50, 0x6c, 0x61, 0x6e, 0x65, 0x43, 0x6f, 0x73, 0x29, 0x0a, 0x64, //  kMinPlaneCos).d
	0x69, 0x73, 0x63, 0x61, 0x72, 0x64, 0x3b, 0x0a, 0x67, 0x72, 0x61, 0x7a, 0x69, 0x6e, 0x67, 0x46, // iscard;.grazingF
	0x61, 0x64, 0x65, 0x20, 0x3d, 0x20, 0x31, 0x2e, 0x30, 0x3b, 0x0a, 0x69, 0x66, 0x20, 0x28, 0x74, // ade = 1.0;.if (t
	0x20, 0x3c, 0x20, 0x30, 0x2e, 0x30, 0x29, 0x0a, 0x64, 0x69, 0x73, 0x63, 0x61, 0x72, 0x64, 0x3b, //  < 0.0).discard;
	0x0a, 0x7d, 0x0a, 0x76, 0x65, 0x63, 0x33, 0x20, 0x72, 0x65, 0x6c, 0x61, 0x74, 0x69, 0x76, 0x65, // .}.vec3 relative
	0x50, 0x6f, 0x73, 0x20, 0x3d, 0x20, 0x75, 0x4f, 0x72, 0x69, 0x67, 0x69, 0x6e, 0x52, 0x65, 0x6c, // Pos = uOriginRel
	0x61, 0x74, 0x69, 0x76, 0x65, 0x2e, 0x78, 0x79, 0x7a, 0x20, 0x2b, 0x20, 0x70, 0x3b, 0x0a, 0x76, // ative.xyz + p;.v
	0x65, 0x63, 0x34, 0x20, 0x63, 0x6c, 0x69, 0x70, 0x50, 0x6f, 0x73, 0x20, 0x3d, 0x20, 0x28, 0x20, // ec4 clipPos = ( 
	0x28, 0x75, 0x56, 0x69, 0x65, 0x77, 0x50, 0x72, 0x6f, 0x6a, 0x29, 0x20, 0x2a, 0x20, 0x28, 0x76, // (uViewProj) * (v
	0x65, 0x63, 0x34, 0x28, 0x72, 0x65, 0x6c, 0x61, 0x74, 0x69, 0x76, 0x65, 0x50, 0x6f, 0x73, 0x2c, // ec4(relativePos,
	0x20, 0x31, 0x2e, 0x30, 0x29, 0x29, 0x20, 0x29, 0x3b, 0x0a, 0x66, 0x6c, 0x6f, 0x61, 0x74, 0x20, //  1.0)) );.float 
	0x72, 0x61, 0x77, 0x44, 0x65, 0x70, 0x74, 0x68, 0x20, 0x3d, 0x20, 0x63, 0x6c, 0x69, 0x70, 0x50, // rawDepth = clipP
	0x6f, 0x73, 0x2e, 0x7a, 0x20, 0x2f, 0x20, 0x63, 0x6c, 0x69, 0x70, 0x50, 0x6f, 0x73, 0x2e, 0x77, // os.z / clipPos.w
	0x3b, 0x0a, 0x69, 0x66, 0x20, 0x28, 0x72, 0x61, 0x77, 0x44, 0x65, 0x70, 0x74, 0x68, 0x20, 0x3e, // ;.if (rawDepth >
	0x20, 0x31, 0x2e, 0x30, 0x20, 0x7c, 0x7c, 0x20, 0x72, 0x61, 0x77, 0x44, 0x65, 0x70, 0x74, 0x68, //  1.0 || rawDepth
	0x20, 0x3c, 0x20, 0x30, 0x2e, 0x30, 0x29, 0x0a, 0x64, 0x69, 0x73, 0x63, 0x61, 0x72, 0x64, 0x3b, //  < 0.0).discard;
	0x0a, 0x67, 0x6c, 0x5f, 0x46, 0x72, 0x61, 0x67, 0x44, 0x65, 0x70, 0x74, 0x68, 0x20, 0x3d, 0x20, // .gl_FragDepth = 
	0x75, 0x4c, 0x6f, 0x67, 0x44, 0x65, 0x70, 0x74, 0x68, 0x2e, 0x78, 0x20, 0x3e, 0x20, 0x30, 0x2e, // uLogDepth.x > 0.
	0x35, 0x0a, 0x3f, 0x20, 0x70, 0x65, 0x72, 0x73, 0x70, 0x65, 0x63, 0x74, 0x69, 0x76, 0x65, 0x4f, // 5.? perspectiveO
	0x75, 0x74, 0x70, 0x75, 0x74, 0x44, 0x65, 0x70, 0x74, 0x68, 0x28, 0x2d, 0x28, 0x20, 0x28, 0x75, // utputDepth(-( (u
	0x56, 0x69, 0x65, 0x77, 0x29, 0x20, 0x2a, 0x20, 0x28, 0x76, 0x65, 0x63, 0x34, 0x28, 0x72, 0x65, // View) * (vec4(re
	0x6c, 0x61, 0x74, 0x69, 0x76, 0x65, 0x50, 0x6f, 0x73, 0x2c, 0x20, 0x31, 0x2e, 0x30, 0x29, 0x29, // lativePos, 1.0))
	0x20, 0x29, 0x2e, 0x7a, 0x29, 0x0a, 0x3a, 0x20, 0x72, 0x61, 0x77, 0x44, 0x65, 0x70, 0x74, 0x68, //  ).z).: rawDepth
	0x3b, 0x0a, 0x66, 0x6c, 0x6f, 0x61, 0x74, 0x20, 0x6d, 0x69, 0x6e, 0x6f, 0x72, 0x53, 0x74, 0x65, // ;.float minorSte
	0x70, 0x20, 0x3d, 0x20, 0x75, 0x53, 0x74, 0x65, 0x70, 0x2e, 0x78, 0x20, 0x2a, 0x20, 0x30, 0x2e, // p = uStep.x * 0.
	0x31, 0x3b, 0x0a, 0x76, 0x65, 0x63, 0x32, 0x20, 0x67, 0x72, 0x69, 0x64, 0x43, 0x6f, 0x6f, 0x72, // 1;.vec2 gridCoor
	0x64, 0x20, 0x3d, 0x20, 0x70, 0x6c, 0x61, 0x6e, 0x65, 0x43, 0x6f, 0x6f, 0x72, 0x64, 0x69, 0x6e, // d = planeCoordin
	0x61, 0x74, 0x65, 0x73, 0x28, 0x70, 0x29, 0x3b, 0x0a, 0x66, 0x6c, 0x6f, 0x61, 0x74, 0x20, 0x6d, // ates(p);.float m
	0x61, 0x6a, 0x6f, 0x72, 0x58, 0x20, 0x3d, 0x20, 0x66, 0x69, 0x6c, 0x74, 0x65, 0x72, 0x65, 0x64, // ajorX = filtered
	0x47, 0x72, 0x69, 0x64, 0x4c, 0x69, 0x6e, 0x65, 0x28, 0x67, 0x72, 0x69, 0x64, 0x43, 0x6f, 0x6f, // GridLine(gridCoo
	0x72, 0x64, 0x2e, 0x78, 0x2c, 0x20, 0x75, 0x53, 0x74, 0x65, 0x70, 0x2e, 0x78, 0x2c, 0x20, 0x31, // rd.x, uStep.x, 1
	0x2e, 0x35, 0x2c, 0x0a, 0x64, 0x65, 0x72, 0x69, 0x76, 0x61, 0x74, 0x69, 0x76, 0x65, 0x2e, 0x78, // .5,.derivative.x
	0x2c, 0x20, 0x34, 0x2e, 0x30, 0x29, 0x3b, 0x0a, 0x66, 0x6c, 0x6f, 0x61, 0x74, 0x20, 0x6d, 0x61, // , 4.0);.float ma
	0x6a, 0x6f, 0x72, 0x5a, 0x20, 0x3d, 0x20, 0x66, 0x69, 0x6c, 0x74, 0x65, 0x72, 0x65, 0x64, 0x47, // jorZ = filteredG
	0x72, 0x69, 0x64, 0x4c, 0x69, 0x6e, 0x65, 0x28, 0x67, 0x72, 0x69, 0x64, 0x43, 0x6f, 0x6f, 0x72, // ridLine(gridCoor
	0x64, 0x2e, 0x79, 0x2c, 0x20, 0x75, 0x53, 0x74, 0x65, 0x70, 0x2e, 0x78, 0x2c, 0x20, 0x31, 0x2e, // d.y, uStep.x, 1.
	0x35, 0x2c, 0x0a, 0x64, 0x65, 0x72, 0x69, 0x76, 0x61, 0x74, 0x69, 0x76, 0x65, 0x2e, 0x79, 0x2c, // 5,.derivative.y,
	0x20, 0x34, 0x2e, 0x30, 0x29, 0x3b, 0x0a, 0x66, 0x6c, 0x6f, 0x61, 0x74, 0x20, 0x6d, 0x69, 0x6e, //  4.0);.float min
	0x6f, 0x72, 0x58, 0x20, 0x3d, 0x20, 0x66, 0x69, 0x6c, 0x74, 0x65, 0x72, 0x65, 0x64, 0x47, 0x72, // orX = filteredGr
	0x69, 0x64, 0x4c, 0x69, 0x6e, 0x65, 0x28, 0x67, 0x72, 0x69, 0x64, 0x43, 0x6f, 0x6f, 0x72, 0x64, // idLine(gridCoord
	0x2e, 0x78, 0x2c, 0x20, 0x6d, 0x69, 0x6e, 0x6f, 0x72, 0x53, 0x74, 0x65, 0x70, 0x2c, 0x20, 0x30, // .x, minorStep, 0
	0x2e, 0x38, 0x2c, 0x0a, 0x64, 0x65, 0x72, 0x69, 0x76, 0x61, 0x74, 0x69, 0x76, 0x65, 0x2e, 0x78, // .8,.derivative.x
	0x2c, 0x20, 0x32, 0x2e, 0x35, 0x29, 0x3b, 0x0a, 0x66, 0x6c, 0x6f, 0x61, 0x74, 0x20, 0x6d, 0x69, // , 2.5);.float mi
	0x6e, 0x6f, 0x72, 0x5a, 0x20, 0x3d, 0x20, 0x66, 0x69, 0x6c, 0x74, 0x65, 0x72, 0x65, 0x64, 0x47, // norZ = filteredG
	0x72, 0x69, 0x64, 0x4c, 0x69, 0x6e, 0x65, 0x28, 0x67, 0x72, 0x69, 0x64, 0x43, 0x6f, 0x6f, 0x72, // ridLine(gridCoor
	0x64, 0x2e, 0x79, 0x2c, 0x20, 0x6d, 0x69, 0x6e, 0x6f, 0x72, 0x53, 0x74, 0x65, 0x70, 0x2c, 0x20, // d.y, minorStep, 
	0x30, 0x2e, 0x38, 0x2c, 0x0a, 0x64, 0x65, 0x72, 0x69, 0x76, 0x61, 0x74, 0x69, 0x76, 0x65, 0x2e, // 0.8,.derivative.
	0x79, 0x2c, 0x20, 0x32, 0x2e, 0x35, 0x29, 0x3b, 0x0a, 0x66, 0x6c, 0x6f, 0x61, 0x74, 0x20, 0x6d, // y, 2.5);.float m
	0x61, 0x6a, 0x6f, 0x72, 0x20, 0x3d, 0x20, 0x6d, 0x61, 0x78, 0x28, 0x6d, 0x61, 0x6a, 0x6f, 0x72, // ajor = max(major
	0x58, 0x2c, 0x20, 0x6d, 0x61, 0x6a, 0x6f, 0x72, 0x5a, 0x29, 0x3b, 0x0a, 0x66, 0x6c, 0x6f, 0x61, // X, majorZ);.floa
	0x74, 0x20, 0x6d, 0x69, 0x6e, 0x6f, 0x72, 0x20, 0x3d, 0x20, 0x6d, 0x61, 0x78, 0x28, 0x6d, 0x69, // t minor = max(mi
	0x6e, 0x6f, 0x72, 0x58, 0x2c, 0x20, 0x6d, 0x69, 0x6e, 0x6f, 0x72, 0x5a, 0x29, 0x3b, 0x0a, 0x66, // norX, minorZ);.f
	0x6c, 0x6f, 0x61, 0x74, 0x20, 0x61, 0x78, 0x69, 0x73, 0x55, 0x20, 0x3d, 0x20, 0x30, 0x2e, 0x30, // loat axisU = 0.0
	0x3b, 0x0a, 0x66, 0x6c, 0x6f, 0x61, 0x74, 0x20, 0x61, 0x78, 0x69, 0x73, 0x56, 0x20, 0x3d, 0x20, // ;.float axisV = 
	0x30, 0x2e, 0x30, 0x3b, 0x0a, 0x69, 0x66, 0x20, 0x28, 0x75, 0x49, 0x73, 0x4f, 0x72, 0x74, 0x68, // 0.0;.if (uIsOrth
	0x6f, 0x2e, 0x78, 0x20, 0x3e, 0x20, 0x30, 0x2e, 0x35, 0x29, 0x0a, 0x7b, 0x0a, 0x69, 0x66, 0x20, // o.x > 0.5).{.if 
	0x28, 0x75, 0x41, 0x78, 0x69, 0x73, 0x56, 0x69, 0x73, 0x69, 0x62, 0x6c, 0x65, 0x2e, 0x78, 0x20, // (uAxisVisible.x 
	0x3e, 0x20, 0x30, 0x2e, 0x35, 0x29, 0x0a, 0x61, 0x78, 0x69, 0x73, 0x55, 0x20, 0x3d, 0x20, 0x61, // > 0.5).axisU = a
	0x78, 0x69, 0x73, 0x4c, 0x69, 0x6e, 0x65, 0x31, 0x44, 0x28, 0x75, 0x41, 0x78, 0x69, 0x73, 0x4c, // xisLine1D(uAxisL
	0x69, 0x6e, 0x65, 0x58, 0x2c, 0x20, 0x76, 0x5f, 0x6e, 0x64, 0x63, 0x29, 0x3b, 0x0a, 0x69, 0x66, // ineX, v_ndc);.if
	0x20, 0x28, 0x75, 0x41, 0x78, 0x69, 0x73, 0x56, 0x69, 0x73, 0x69, 0x62, 0x6c, 0x65, 0x2e, 0x79, //  (uAxisVisible.y
	0x20, 0x3e, 0x20, 0x30, 0x2e, 0x35, 0x29, 0x0a, 0x61, 0x78, 0x69, 0x73, 0x56, 0x20, 0x3d, 0x20, //  > 0.5).axisV = 
	0x61, 0x78, 0x69, 0x73, 0x4c, 0x69, 0x6e, 0x65, 0x31, 0x44, 0x28, 0x75, 0x41, 0x78, 0x69, 0x73, // axisLine1D(uAxis
	0x4c, 0x69, 0x6e, 0x65, 0x5a, 0x2c, 0x20, 0x76, 0x5f, 0x6e, 0x64, 0x63, 0x29, 0x3b, 0x0a, 0x7d, // LineZ, v_ndc);.}
	0x0a, 0x65, 0x6c, 0x73, 0x65, 0x0a, 0x7b, 0x0a, 0x69, 0x66, 0x20, 0x28, 0x75, 0x41, 0x78, 0x69, // .else.{.if (uAxi
	0x73, 0x56, 0x69, 0x73, 0x69, 0x62, 0x6c, 0x65, 0x2e, 0x78, 0x20, 0x3e, 0x20, 0x30, 0x2e, 0x35, // sVisible.x > 0.5
	0x29, 0x0a, 0x7b, 0x0a, 0x66, 0x6c, 0x6f, 0x61, 0x74, 0x20, 0x61, 0x78, 0x69, 0x73, 0x55, 0x44, // ).{.float axisUD
	0x69, 0x73, 0x74, 0x20, 0x3d, 0x20, 0x61, 0x62, 0x73, 0x28, 0x67, 0x72, 0x69, 0x64, 0x43, 0x6f, // ist = abs(gridCo
	0x6f, 0x72, 0x64, 0x2e, 0x79, 0x20, 0x2d, 0x20, 0x75, 0x41, 0x78, 0x69, 0x73, 0x4f, 0x72, 0x69, // ord.y - uAxisOri
	0x67, 0x69, 0x6e, 0x47, 0x72, 0x69, 0x64, 0x52, 0x65, 0x6c, 0x61, 0x74, 0x69, 0x76, 0x65, 0x2e, // ginGridRelative.
	0x79, 0x29, 0x3b, 0x0a, 0x61, 0x78, 0x69, 0x73, 0x55, 0x20, 0x3d, 0x20, 0x31, 0x2e, 0x30, 0x20, // y);.axisU = 1.0 
	0x2d, 0x20, 0x73, 0x6d, 0x6f, 0x6f, 0x74, 0x68, 0x73, 0x74, 0x65, 0x70, 0x28, 0x31, 0x2e, 0x35, // - smoothstep(1.5
	0x20, 0x2a, 0x20, 0x64, 0x65, 0x72, 0x69, 0x76, 0x61, 0x74, 0x69, 0x76, 0x65, 0x2e, 0x79, 0x2c, //  * derivative.y,
	0x0a, 0x33, 0x2e, 0x35, 0x20, 0x2a, 0x20, 0x64, 0x65, 0x72, 0x69, 0x76, 0x61, 0x74, 0x69, 0x76, // .3.5 * derivativ
	0x65, 0x2e, 0x79, 0x2c, 0x20, 0x61, 0x78, 0x69, 0x73, 0x55, 0x44, 0x69, 0x73, 0x74, 0x29, 0x3b, // e.y, axisUDist);
	0x0a, 0x7d, 0x0a, 0x69, 0x66, 0x20, 0x28, 0x75, 0x41, 0x78, 0x69, 0x73, 0x56, 0x69, 0x73, 0x69, // .}.if (uAxisVisi
	0x62, 0x6c, 0x65, 0x2e, 0x79, 0x20, 0x3e, 0x20, 0x30, 0x2e, 0x35, 0x29, 0x0a, 0x7b, 0x0a, 0x66, // ble.y > 0.5).{.f
	0x6c, 0x6f, 0x61, 0x74, 0x20, 0x61, 0x78, 0x69, 0x73, 0x56, 0x44, 0x69, 0x73, 0x74, 0x20, 0x3d, // loat axisVDist =
	0x20, 0x61, 0x62, 0x73, 0x28, 0x67, 0x72, 0x69, 0x64, 0x43, 0x6f, 0x6f, 0x72, 0x64, 0x2e, 0x78, //  abs(gridCoord.x
	0x20, 0x2d, 0x20, 0x75, 0x41, 0x78, 0x69, 0x73, 0x4f, 0x72, 0x69, 0x67, 0x69, 0x6e, 0x47, 0x72, //  - uAxisOriginGr
	0x69, 0x64, 0x52, 0x65, 0x6c, 0x61, 0x74, 0x69, 0x76, 0x65, 0x2e, 0x78, 0x29, 0x3b, 0x0a, 0x61, // idRelative.x);.a
	0x78, 0x69, 0x73, 0x56, 0x20, 0x3d, 0x20, 0x31, 0x2e, 0x30, 0x20, 0x2d, 0x20, 0x73, 0x6d, 0x6f, // xisV = 1.0 - smo
	0x6f, 0x74, 0x68, 0x73, 0x74, 0x65, 0x70, 0x28, 0x31, 0x2e, 0x35, 0x20, 0x2a, 0x20, 0x64, 0x65, // othstep(1.5 * de
	0x72, 0x69, 0x76, 0x61, 0x74, 0x69, 0x76, 0x65, 0x2e, 0x78, 0x2c, 0x0a, 0x33, 0x2e, 0x35, 0x20, // rivative.x,.3.5 
	0x2a, 0x20, 0x64, 0x65, 0x72, 0x69, 0x76, 0x61, 0x74, 0x69, 0x76, 0x65, 0x2e, 0x78, 0x2c, 0x20, // * derivative.x, 
	0x61, 0x78, 0x69, 0x73, 0x56, 0x44, 0x69, 0x73, 0x74, 0x29, 0x3b, 0x0a, 0x7d, 0x0a, 0x7d, 0x0a, // axisVDist);.}.}.
	0x66, 0x6c, 0x6f, 0x61, 0x74, 0x20, 0x73, 0x74, 0x61, 0x72, 0x74, 0x41, 0x78, 0x69, 0x73, 0x20, // float startAxis 
	0x3d, 0x20, 0x30, 0x2e, 0x30, 0x3b, 0x0a, 0x69, 0x66, 0x20, 0x28, 0x75, 0x53, 0x74, 0x61, 0x72, // = 0.0;.if (uStar
	0x74, 0x41, 0x78, 0x69, 0x73, 0x56, 0x69, 0x73, 0x69, 0x62, 0x6c, 0x65, 0x2e, 0x78, 0x20, 0x3e, // tAxisVisible.x >
	0x20, 0x30, 0x2e, 0x35, 0x29, 0x0a, 0x7b, 0x0a, 0x73, 0x74, 0x61, 0x72, 0x74, 0x41, 0x78, 0x69, //  0.5).{.startAxi
	0x73, 0x20, 0x3d, 0x20, 0x61, 0x78, 0x69, 0x73, 0x4c, 0x69, 0x6e, 0x65, 0x31, 0x44, 0x28, 0x75, // s = axisLine1D(u
	0x53, 0x74, 0x61, 0x72, 0x74, 0x41, 0x78, 0x69, 0x73, 0x4c, 0x69, 0x6e, 0x65, 0x2c, 0x20, 0x76, // StartAxisLine, v
	0x5f, 0x6e, 0x64, 0x63, 0x29, 0x3b, 0x0a, 0x7d, 0x0a, 0x76, 0x65, 0x63, 0x33, 0x20, 0x63, 0x6f, // _ndc);.}.vec3 co
	0x6c, 0x6f, 0x72, 0x20, 0x3d, 0x20, 0x75, 0x47, 0x72, 0x69, 0x64, 0x43, 0x6f, 0x6c, 0x6f, 0x72, // lor = uGridColor
	0x4d, 0x69, 0x6e, 0x6f, 0x72, 0x2e, 0x78, 0x79, 0x7a, 0x3b, 0x0a, 0x66, 0x6c, 0x6f, 0x61, 0x74, // Minor.xyz;.float
	0x20, 0x61, 0x6c, 0x70, 0x68, 0x61, 0x20, 0x3d, 0x20, 0x6d, 0x69, 0x6e, 0x6f, 0x72, 0x20, 0x2a, //  alpha = minor *
	0x20, 0x30, 0x2e, 0x32, 0x3b, 0x0a, 0x63, 0x6f, 0x6c, 0x6f, 0x72, 0x20, 0x3d, 0x20, 0x6d, 0x69, //  0.2;.color = mi
	0x78, 0x28, 0x63, 0x6f, 0x6c, 0x6f, 0x72, 0x2c, 0x20, 0x75, 0x47, 0x72, 0x69, 0x64, 0x43, 0x6f, // x(color, uGridCo
	0x6c, 0x6f, 0x72, 0x4d, 0x61, 0x6a, 0x6f, 0x72, 0x2e, 0x78, 0x79, 0x7a, 0x2c, 0x20, 0x6d, 0x61, // lorMajor.xyz, ma
	0x6a, 0x6f, 0x72, 0x29, 0x3b, 0x0a, 0x61, 0x6c, 0x70, 0x68, 0x61, 0x20, 0x3d, 0x20, 0x6d, 0x61, // jor);.alpha = ma
	0x78, 0x28, 0x61, 0x6c, 0x70, 0x68, 0x61, 0x2c, 0x20, 0x6d, 0x61, 0x6a, 0x6f, 0x72, 0x20, 0x2a, // x(alpha, major *
	0x20, 0x30, 0x2e, 0x35, 0x29, 0x3b, 0x0a, 0x63, 0x6f, 0x6c, 0x6f, 0x72, 0x20, 0x3d, 0x20, 0x6d, //  0.5);.color = m
	0x69, 0x78, 0x28, 0x63, 0x6f, 0x6c, 0x6f, 0x72, 0x2c, 0x20, 0x75, 0x41, 0x78, 0x69, 0x73, 0x43, // ix(color, uAxisC
	0x6f, 0x6c, 0x6f, 0x72, 0x55, 0x2e, 0x78, 0x79, 0x7a, 0x2c, 0x20, 0x61, 0x78, 0x69, 0x73, 0x55, // olorU.xyz, axisU
	0x29, 0x3b, 0x0a, 0x63, 0x6f, 0x6c, 0x6f, 0x72, 0x20, 0x3d, 0x20, 0x6d, 0x69, 0x78, 0x28, 0x63, // );.color = mix(c
	0x6f, 0x6c, 0x6f, 0x72, 0x2c, 0x20, 0x75, 0x41, 0x78, 0x69, 0x73, 0x43, 0x6f, 0x6c, 0x6f, 0x72, // olor, uAxisColor
	0x56, 0x2e, 0x78, 0x79, 0x7a, 0x2c, 0x20, 0x61, 0x78, 0x69, 0x73, 0x56, 0x29, 0x3b, 0x0a, 0x63, // V.xyz, axisV);.c
	0x6f, 0x6c, 0x6f, 0x72, 0x20, 0x3d, 0x20, 0x6d, 0x69, 0x78, 0x28, 0x63, 0x6f, 0x6c, 0x6f, 0x72, // olor = mix(color
	0x2c, 0x20, 0x76, 0x65, 0x63, 0x33, 0x28, 0x31, 0x2e, 0x30, 0x2c, 0x20, 0x30, 0x2e, 0x38, 0x35, // , vec3(1.0, 0.85
	0x2c, 0x20, 0x30, 0x2e, 0x31, 0x29, 0x2c, 0x20, 0x73, 0x74, 0x61, 0x72, 0x74, 0x41, 0x78, 0x69, // , 0.1), startAxi
	0x73, 0x29, 0x3b, 0x0a, 0x61, 0x6c, 0x70, 0x68, 0x61, 0x20, 0x3d, 0x20, 0x6d, 0x61, 0x78, 0x28, // s);.alpha = max(
	0x61, 0x6c, 0x70, 0x68, 0x61, 0x2c, 0x20, 0x6d, 0x61, 0x78, 0x28, 0x6d, 0x61, 0x78, 0x28, 0x61, // alpha, max(max(a
	0x78, 0x69, 0x73, 0x55, 0x2c, 0x20, 0x61, 0x78, 0x69, 0x73, 0x56, 0x29, 0x2c, 0x20, 0x73, 0x74, // xisU, axisV), st
	0x61, 0x72, 0x74, 0x41, 0x78, 0x69, 0x73, 0x29, 0x20, 0x2a, 0x20, 0x30, 0x2e, 0x38, 0x29, 0x3b, // artAxis) * 0.8);
	0x0a, 0x61, 0x6c, 0x70, 0x68, 0x61, 0x20, 0x2a, 0x3d, 0x20, 0x67, 0x72, 0x61, 0x7a, 0x69, 0x6e, // .alpha *= grazin
	0x67, 0x46, 0x61, 0x64, 0x65, 0x20, 0x2a, 0x20, 0x75, 0x47, 0x72, 0x69, 0x64, 0x4f, 0x70, 0x61, // gFade * uGridOpa
	0x63, 0x69, 0x74, 0x79, 0x2e, 0x78, 0x3b, 0x0a, 0x69, 0x66, 0x20, 0x28, 0x61, 0x6c, 0x70, 0x68, // city.x;.if (alph
	0x61, 0x20, 0x3c, 0x3d, 0x20, 0x30, 0x2e, 0x30, 0x29, 0x0a, 0x64, 0x69, 0x73, 0x63, 0x61, 0x72, // a <= 0.0).discar
	0x64, 0x3b, 0x0a, 0x62, 0x67, 0x66, 0x78, 0x5f, 0x46, 0x72, 0x61, 0x67, 0x43, 0x6f, 0x6c, 0x6f, // d;.bgfx_FragColo
	0x72, 0x20, 0x3d, 0x20, 0x76, 0x65, 0x63, 0x34, 0x28, 0x63, 0x6f, 0x6c, 0x6f, 0x72, 0x2c, 0x20, // r = vec4(color, 
	0x61, 0x6c, 0x70, 0x68, 0x61, 0x29, 0x3b, 0x0a, 0x7d, 0x0a, 0x00,                               // alpha);.}..
};
