// Auto-generated shader header. Do not edit.
// Source: fs_present.sc
#pragma once
#include <cstdint>

static const uint8_t fs_present_spv[5044] =
{
	0x46, 0x53, 0x48, 0x0b, 0x89, 0xeb, 0xbe, 0x46, 0x00, 0x00, 0x00, 0x00, 0x02, 0x00, 0x0e, 0x75, // FSH....F.......u
	0x50, 0x72, 0x65, 0x73, 0x65, 0x6e, 0x74, 0x50, 0x61, 0x72, 0x61, 0x6d, 0x73, 0x12, 0x01, 0x00, // PresentParams...
	0x00, 0x01, 0x00, 0x00, 0x00, 0x00, 0x00, 0x0a, 0x73, 0x5f, 0x74, 0x65, 0x78, 0x43, 0x6f, 0x6c, // ........s_texCol
	0x6f, 0x72, 0x30, 0x00, 0x02, 0x00, 0x00, 0x00, 0x00, 0x02, 0x26, 0x00, 0x70, 0x13, 0x00, 0x00, // or0.......&.p...
	0x03, 0x02, 0x23, 0x07, 0x00, 0x00, 0x01, 0x00, 0x0b, 0x00, 0x08, 0x00, 0xe3, 0x03, 0x00, 0x00, // ..#.............
	0x00, 0x00, 0x00, 0x00, 0x11, 0x00, 0x02, 0x00, 0x01, 0x00, 0x00, 0x00, 0x0b, 0x00, 0x06, 0x00, // ................
	0x01, 0x00, 0x00, 0x00, 0x47, 0x4c, 0x53, 0x4c, 0x2e, 0x73, 0x74, 0x64, 0x2e, 0x34, 0x35, 0x30, // ....GLSL.std.450
	0x00, 0x00, 0x00, 0x00, 0x0e, 0x00, 0x03, 0x00, 0x00, 0x00, 0x00, 0x00, 0x01, 0x00, 0x00, 0x00, // ................
	0x0f, 0x00, 0x07, 0x00, 0x04, 0x00, 0x00, 0x00, 0x04, 0x00, 0x00, 0x00, 0x6d, 0x61, 0x69, 0x6e, // ............main
	0x00, 0x00, 0x00, 0x00, 0xbd, 0x01, 0x00, 0x00, 0xc8, 0x01, 0x00, 0x00, 0x10, 0x00, 0x03, 0x00, // ................
	0x04, 0x00, 0x00, 0x00, 0x07, 0x00, 0x00, 0x00, 0x03, 0x00, 0x03, 0x00, 0x05, 0x00, 0x00, 0x00, // ................
	0xf4, 0x01, 0x00, 0x00, 0x05, 0x00, 0x04, 0x00, 0x04, 0x00, 0x00, 0x00, 0x6d, 0x61, 0x69, 0x6e, // ............main
	0x00, 0x00, 0x00, 0x00, 0x05, 0x00, 0x07, 0x00, 0x33, 0x00, 0x00, 0x00, 0x73, 0x5f, 0x74, 0x65, // ........3...s_te
	0x78, 0x43, 0x6f, 0x6c, 0x6f, 0x72, 0x53, 0x61, 0x6d, 0x70, 0x6c, 0x65, 0x72, 0x00, 0x00, 0x00, // xColorSampler...
	0x05, 0x00, 0x07, 0x00, 0x36, 0x00, 0x00, 0x00, 0x73, 0x5f, 0x74, 0x65, 0x78, 0x43, 0x6f, 0x6c, // ....6...s_texCol
	0x6f, 0x72, 0x54, 0x65, 0x78, 0x74, 0x75, 0x72, 0x65, 0x00, 0x00, 0x00, 0x05, 0x00, 0x06, 0x00, // orTexture.......
	0x59, 0x00, 0x00, 0x00, 0x55, 0x6e, 0x69, 0x66, 0x6f, 0x72, 0x6d, 0x42, 0x6c, 0x6f, 0x63, 0x6b, // Y...UniformBlock
	0x00, 0x00, 0x00, 0x00, 0x06, 0x00, 0x07, 0x00, 0x59, 0x00, 0x00, 0x00, 0x00, 0x00, 0x00, 0x00, // ........Y.......
	0x75, 0x50, 0x72, 0x65, 0x73, 0x65, 0x6e, 0x74, 0x50, 0x61, 0x72, 0x61, 0x6d, 0x73, 0x00, 0x00, // uPresentParams..
	0x05, 0x00, 0x03, 0x00, 0x5b, 0x00, 0x00, 0x00, 0x00, 0x00, 0x00, 0x00, 0x05, 0x00, 0x04, 0x00, // ....[...........
	0xbd, 0x01, 0x00, 0x00, 0x76, 0x5f, 0x75, 0x76, 0x00, 0x00, 0x00, 0x00, 0x05, 0x00, 0x06, 0x00, // ....v_uv........
	0xc8, 0x01, 0x00, 0x00, 0x62, 0x67, 0x66, 0x78, 0x5f, 0x46, 0x72, 0x61, 0x67, 0x44, 0x61, 0x74, // ....bgfx_FragDat
	0x61, 0x30, 0x00, 0x00, 0x47, 0x00, 0x04, 0x00, 0x33, 0x00, 0x00, 0x00, 0x21, 0x00, 0x00, 0x00, // a0..G...3...!...
	0x12, 0x00, 0x00, 0x00, 0x47, 0x00, 0x04, 0x00, 0x33, 0x00, 0x00, 0x00, 0x22, 0x00, 0x00, 0x00, // ....G...3..."...
	0x00, 0x00, 0x00, 0x00, 0x47, 0x00, 0x04, 0x00, 0x36, 0x00, 0x00, 0x00, 0x21, 0x00, 0x00, 0x00, // ....G...6...!...
	0x02, 0x00, 0x00, 0x00, 0x47, 0x00, 0x04, 0x00, 0x36, 0x00, 0x00, 0x00, 0x22, 0x00, 0x00, 0x00, // ....G...6..."...
	0x00, 0x00, 0x00, 0x00, 0x47, 0x00, 0x03, 0x00, 0x59, 0x00, 0x00, 0x00, 0x02, 0x00, 0x00, 0x00, // ....G...Y.......
	0x48, 0x00, 0x05, 0x00, 0x59, 0x00, 0x00, 0x00, 0x00, 0x00, 0x00, 0x00, 0x23, 0x00, 0x00, 0x00, // H...Y.......#...
	0x00, 0x00, 0x00, 0x00, 0x47, 0x00, 0x04, 0x00, 0x5b, 0x00, 0x00, 0x00, 0x21, 0x00, 0x00, 0x00, // ....G...[...!...
	0x01, 0x00, 0x00, 0x00, 0x47, 0x00, 0x04, 0x00, 0x5b, 0x00, 0x00, 0x00, 0x22, 0x00, 0x00, 0x00, // ....G...[..."...
	0x00, 0x00, 0x00, 0x00, 0x47, 0x00, 0x04, 0x00, 0xbd, 0x01, 0x00, 0x00, 0x1e, 0x00, 0x00, 0x00, // ....G...........
	0x00, 0x00, 0x00, 0x00, 0x47, 0x00, 0x04, 0x00, 0xc8, 0x01, 0x00, 0x00, 0x1e, 0x00, 0x00, 0x00, // ....G...........
	0x00, 0x00, 0x00, 0x00, 0x13, 0x00, 0x02, 0x00, 0x02, 0x00, 0x00, 0x00, 0x21, 0x00, 0x03, 0x00, // ............!...
	0x03, 0x00, 0x00, 0x00, 0x02, 0x00, 0x00, 0x00, 0x1a, 0x00, 0x02, 0x00, 0x06, 0x00, 0x00, 0x00, // ................
	0x16, 0x00, 0x03, 0x00, 0x07, 0x00, 0x00, 0x00, 0x20, 0x00, 0x00, 0x00, 0x19, 0x00, 0x09, 0x00, // ........ .......
	0x08, 0x00, 0x00, 0x00, 0x07, 0x00, 0x00, 0x00, 0x01, 0x00, 0x00, 0x00, 0x00, 0x00, 0x00, 0x00, // ................
	0x00, 0x00, 0x00, 0x00, 0x00, 0x00, 0x00, 0x00, 0x01, 0x00, 0x00, 0x00, 0x00, 0x00, 0x00, 0x00, // ................
	0x17, 0x00, 0x04, 0x00, 0x0b, 0x00, 0x00, 0x00, 0x07, 0x00, 0x00, 0x00, 0x02, 0x00, 0x00, 0x00, // ................
	0x17, 0x00, 0x04, 0x00, 0x0d, 0x00, 0x00, 0x00, 0x07, 0x00, 0x00, 0x00, 0x04, 0x00, 0x00, 0x00, // ................
	0x17, 0x00, 0x04, 0x00, 0x1c, 0x00, 0x00, 0x00, 0x07, 0x00, 0x00, 0x00, 0x03, 0x00, 0x00, 0x00, // ................
	0x20, 0x00, 0x04, 0x00, 0x32, 0x00, 0x00, 0x00, 0x00, 0x00, 0x00, 0x00, 0x06, 0x00, 0x00, 0x00, //  ...2...........
	0x3b, 0x00, 0x04, 0x00, 0x32, 0x00, 0x00, 0x00, 0x33, 0x00, 0x00, 0x00, 0x00, 0x00, 0x00, 0x00, // ;...2...3.......
	0x20, 0x00, 0x04, 0x00, 0x35, 0x00, 0x00, 0x00, 0x00, 0x00, 0x00, 0x00, 0x08, 0x00, 0x00, 0x00, //  ...5...........
	0x3b, 0x00, 0x04, 0x00, 0x35, 0x00, 0x00, 0x00, 0x36, 0x00, 0x00, 0x00, 0x00, 0x00, 0x00, 0x00, // ;...5...6.......
	0x15, 0x00, 0x04, 0x00, 0x39, 0x00, 0x00, 0x00, 0x20, 0x00, 0x00, 0x00, 0x01, 0x00, 0x00, 0x00, // ....9... .......
	0x2b, 0x00, 0x04, 0x00, 0x39, 0x00, 0x00, 0x00, 0x3e, 0x00, 0x00, 0x00, 0x00, 0x00, 0x00, 0x00, // +...9...>.......
	0x1b, 0x00, 0x03, 0x00, 0x42, 0x00, 0x00, 0x00, 0x08, 0x00, 0x00, 0x00, 0x2b, 0x00, 0x04, 0x00, // ....B.......+...
	0x07, 0x00, 0x00, 0x00, 0x51, 0x00, 0x00, 0x00, 0x87, 0x16, 0x99, 0x3e, 0x2b, 0x00, 0x04, 0x00, // ....Q......>+...
	0x07, 0x00, 0x00, 0x00, 0x52, 0x00, 0x00, 0x00, 0xa2, 0x45, 0x16, 0x3f, 0x2b, 0x00, 0x04, 0x00, // ....R....E.?+...
	0x07, 0x00, 0x00, 0x00, 0x53, 0x00, 0x00, 0x00, 0xd5, 0x78, 0xe9, 0x3d, 0x2c, 0x00, 0x06, 0x00, // ....S....x.=,...
	0x1c, 0x00, 0x00, 0x00, 0x54, 0x00, 0x00, 0x00, 0x51, 0x00, 0x00, 0x00, 0x52, 0x00, 0x00, 0x00, // ....T...Q...R...
	0x53, 0x00, 0x00, 0x00, 0x1e, 0x00, 0x03, 0x00, 0x59, 0x00, 0x00, 0x00, 0x0d, 0x00, 0x00, 0x00, // S.......Y.......
	0x20, 0x00, 0x04, 0x00, 0x5a, 0x00, 0x00, 0x00, 0x02, 0x00, 0x00, 0x00, 0x59, 0x00, 0x00, 0x00, //  ...Z.......Y...
	0x3b, 0x00, 0x04, 0x00, 0x5a, 0x00, 0x00, 0x00, 0x5b, 0x00, 0x00, 0x00, 0x02, 0x00, 0x00, 0x00, // ;...Z...[.......
	0x15, 0x00, 0x04, 0x00, 0x5c, 0x00, 0x00, 0x00, 0x20, 0x00, 0x00, 0x00, 0x00, 0x00, 0x00, 0x00, // ........ .......
	0x2b, 0x00, 0x04, 0x00, 0x5c, 0x00, 0x00, 0x00, 0x5d, 0x00, 0x00, 0x00, 0x01, 0x00, 0x00, 0x00, // +.......].......
	0x20, 0x00, 0x04, 0x00, 0x5e, 0x00, 0x00, 0x00, 0x02, 0x00, 0x00, 0x00, 0x07, 0x00, 0x00, 0x00, //  ...^...........
	0x2b, 0x00, 0x04, 0x00, 0x5c, 0x00, 0x00, 0x00, 0x61, 0x00, 0x00, 0x00, 0x02, 0x00, 0x00, 0x00, // +.......a.......
	0x2b, 0x00, 0x04, 0x00, 0x07, 0x00, 0x00, 0x00, 0x67, 0x00, 0x00, 0x00, 0x00, 0x00, 0x80, 0xbf, // +.......g.......
	0x2c, 0x00, 0x05, 0x00, 0x0b, 0x00, 0x00, 0x00, 0x68, 0x00, 0x00, 0x00, 0x67, 0x00, 0x00, 0x00, // ,.......h...g...
	0x67, 0x00, 0x00, 0x00, 0x2b, 0x00, 0x04, 0x00, 0x07, 0x00, 0x00, 0x00, 0x73, 0x00, 0x00, 0x00, // g...+.......s...
	0x00, 0x00, 0x80, 0x3f, 0x2c, 0x00, 0x05, 0x00, 0x0b, 0x00, 0x00, 0x00, 0x74, 0x00, 0x00, 0x00, // ...?,.......t...
	0x73, 0x00, 0x00, 0x00, 0x67, 0x00, 0x00, 0x00, 0x2c, 0x00, 0x05, 0x00, 0x0b, 0x00, 0x00, 0x00, // s...g...,.......
	0x7f, 0x00, 0x00, 0x00, 0x67, 0x00, 0x00, 0x00, 0x73, 0x00, 0x00, 0x00, 0x2b, 0x00, 0x04, 0x00, // ....g...s...+...
	0x07, 0x00, 0x00, 0x00, 0xdb, 0x00, 0x00, 0x00, 0x00, 0x00, 0x80, 0x3e, 0x2b, 0x00, 0x04, 0x00, // ...........>+...
	0x07, 0x00, 0x00, 0x00, 0xde, 0x00, 0x00, 0x00, 0x00, 0x00, 0x00, 0x3c, 0x2b, 0x00, 0x04, 0x00, // ...........<+...
	0x5c, 0x00, 0x00, 0x00, 0xe1, 0x00, 0x00, 0x00, 0x00, 0x00, 0x00, 0x00, 0x2b, 0x00, 0x04, 0x00, // ............+...
	0x07, 0x00, 0x00, 0x00, 0xef, 0x00, 0x00, 0x00, 0x00, 0x00, 0x00, 0xc1, 0x2b, 0x00, 0x04, 0x00, // ............+...
	0x07, 0x00, 0x00, 0x00, 0xf2, 0x00, 0x00, 0x00, 0x00, 0x00, 0x00, 0x41, 0x2b, 0x00, 0x04, 0x00, // ...........A+...
	0x07, 0x00, 0x00, 0x00, 0xf9, 0x00, 0x00, 0x00, 0x00, 0x00, 0x00, 0x3f, 0x2b, 0x00, 0x04, 0x00, // ...........?+...
	0x07, 0x00, 0x00, 0x00, 0xfc, 0x00, 0x00, 0x00, 0xab, 0xaa, 0x2a, 0xbe, 0x2b, 0x00, 0x04, 0x00, // ..........*.+...
	0x07, 0x00, 0x00, 0x00, 0x06, 0x01, 0x00, 0x00, 0xab, 0xaa, 0x2a, 0x3e, 0x2b, 0x00, 0x04, 0x00, // ..........*>+...
	0x07, 0x00, 0x00, 0x00, 0x15, 0x01, 0x00, 0x00, 0x00, 0x00, 0x00, 0xbf, 0x14, 0x00, 0x02, 0x00, // ................
	0x2f, 0x01, 0x00, 0x00, 0x17, 0x00, 0x04, 0x00, 0x37, 0x01, 0x00, 0x00, 0x2f, 0x01, 0x00, 0x00, // /.......7.../...
	0x03, 0x00, 0x00, 0x00, 0x2b, 0x00, 0x04, 0x00, 0x07, 0x00, 0x00, 0x00, 0x42, 0x01, 0x00, 0x00, // ....+.......B...
	0x00, 0x00, 0x7f, 0x43, 0x2b, 0x00, 0x04, 0x00, 0x07, 0x00, 0x00, 0x00, 0x48, 0x01, 0x00, 0x00, // ...C+.......H...
	0x00, 0x80, 0x7e, 0x43, 0x2b, 0x00, 0x04, 0x00, 0x5c, 0x00, 0x00, 0x00, 0x52, 0x01, 0x00, 0x00, // ..~C+.......R...
	0x03, 0x00, 0x00, 0x00, 0x2c, 0x00, 0x06, 0x00, 0x1c, 0x00, 0x00, 0x00, 0x5a, 0x01, 0x00, 0x00, // ....,.......Z...
	0x73, 0x00, 0x00, 0x00, 0x73, 0x00, 0x00, 0x00, 0x73, 0x00, 0x00, 0x00, 0x2b, 0x00, 0x04, 0x00, // s...s...s...+...
	0x07, 0x00, 0x00, 0x00, 0x5f, 0x01, 0x00, 0x00, 0x00, 0x00, 0x80, 0x47, 0x2b, 0x00, 0x04, 0x00, // ...._......G+...
	0x07, 0x00, 0x00, 0x00, 0x63, 0x01, 0x00, 0x00, 0x00, 0x00, 0x80, 0x43, 0x2b, 0x00, 0x04, 0x00, // ....c......C+...
	0x07, 0x00, 0x00, 0x00, 0x6b, 0x01, 0x00, 0x00, 0x00, 0x00, 0x80, 0x4b, 0x2b, 0x00, 0x04, 0x00, // ....k......K+...
	0x07, 0x00, 0x00, 0x00, 0x7f, 0x01, 0x00, 0x00, 0x00, 0x00, 0x00, 0x00, 0x2b, 0x00, 0x04, 0x00, // ............+...
	0x07, 0x00, 0x00, 0x00, 0x82, 0x01, 0x00, 0x00, 0x9a, 0x99, 0x19, 0x3e, 0x2b, 0x00, 0x04, 0x00, // ...........>+...
	0x07, 0x00, 0x00, 0x00, 0x83, 0x01, 0x00, 0x00, 0x9a, 0x99, 0x59, 0x3f, 0x2b, 0x00, 0x04, 0x00, // ..........Y?+...
	0x07, 0x00, 0x00, 0x00, 0x8b, 0x01, 0x00, 0x00, 0x9a, 0x99, 0x99, 0x3e, 0x2b, 0x00, 0x04, 0x00, // ...........>+...
	0x07, 0x00, 0x00, 0x00, 0x8c, 0x01, 0x00, 0x00, 0x33, 0x33, 0x33, 0x3f, 0x2b, 0x00, 0x04, 0x00, // ........333?+...
	0x07, 0x00, 0x00, 0x00, 0x8e, 0x01, 0x00, 0x00, 0x00, 0x00, 0x00, 0x40, 0x20, 0x00, 0x04, 0x00, // ...........@ ...
	0xbc, 0x01, 0x00, 0x00, 0x01, 0x00, 0x00, 0x00, 0x0b, 0x00, 0x00, 0x00, 0x3b, 0x00, 0x04, 0x00, // ............;...
	0xbc, 0x01, 0x00, 0x00, 0xbd, 0x01, 0x00, 0x00, 0x01, 0x00, 0x00, 0x00, 0x20, 0x00, 0x04, 0x00, // ............ ...
	0xc7, 0x01, 0x00, 0x00, 0x03, 0x00, 0x00, 0x00, 0x0d, 0x00, 0x00, 0x00, 0x3b, 0x00, 0x04, 0x00, // ............;...
	0xc7, 0x01, 0x00, 0x00, 0xc8, 0x01, 0x00, 0x00, 0x03, 0x00, 0x00, 0x00, 0x2b, 0x00, 0x04, 0x00, // ............+...
	0x07, 0x00, 0x00, 0x00, 0xdf, 0x03, 0x00, 0x00, 0x00, 0x00, 0x80, 0x3d, 0x2c, 0x00, 0x05, 0x00, // ...........=,...
	0x0b, 0x00, 0x00, 0x00, 0xe0, 0x03, 0x00, 0x00, 0xef, 0x00, 0x00, 0x00, 0xef, 0x00, 0x00, 0x00, // ................
	0x2c, 0x00, 0x05, 0x00, 0x0b, 0x00, 0x00, 0x00, 0xe1, 0x03, 0x00, 0x00, 0xf2, 0x00, 0x00, 0x00, // ,...............
	0xf2, 0x00, 0x00, 0x00, 0x36, 0x00, 0x05, 0x00, 0x02, 0x00, 0x00, 0x00, 0x04, 0x00, 0x00, 0x00, // ....6...........
	0x00, 0x00, 0x00, 0x00, 0x03, 0x00, 0x00, 0x00, 0xf8, 0x00, 0x02, 0x00, 0x05, 0x00, 0x00, 0x00, // ................
	0x3d, 0x00, 0x04, 0x00, 0x06, 0x00, 0x00, 0x00, 0x34, 0x00, 0x00, 0x00, 0x33, 0x00, 0x00, 0x00, // =.......4...3...
	0x3d, 0x00, 0x04, 0x00, 0x08, 0x00, 0x00, 0x00, 0x37, 0x00, 0x00, 0x00, 0x36, 0x00, 0x00, 0x00, // =.......7...6...
	0x3d, 0x00, 0x04, 0x00, 0x0b, 0x00, 0x00, 0x00, 0xbe, 0x01, 0x00, 0x00, 0xbd, 0x01, 0x00, 0x00, // =...............
	0x41, 0x00, 0x06, 0x00, 0x5e, 0x00, 0x00, 0x00, 0xec, 0x01, 0x00, 0x00, 0x5b, 0x00, 0x00, 0x00, // A...^.......[...
	0x3e, 0x00, 0x00, 0x00, 0x52, 0x01, 0x00, 0x00, 0x3d, 0x00, 0x04, 0x00, 0x07, 0x00, 0x00, 0x00, // >...R...=.......
	0xed, 0x01, 0x00, 0x00, 0xec, 0x01, 0x00, 0x00, 0xba, 0x00, 0x05, 0x00, 0x2f, 0x01, 0x00, 0x00, // ............/...
	0xee, 0x01, 0x00, 0x00, 0xed, 0x01, 0x00, 0x00, 0xf9, 0x00, 0x00, 0x00, 0xf7, 0x00, 0x03, 0x00, // ................
	0x57, 0x02, 0x00, 0x00, 0x00, 0x00, 0x00, 0x00, 0xfb, 0x00, 0x03, 0x00, 0xe1, 0x00, 0x00, 0x00, // W...............
	0x13, 0x02, 0x00, 0x00, 0xf8, 0x00, 0x02, 0x00, 0x13, 0x02, 0x00, 0x00, 0x56, 0x00, 0x05, 0x00, // ............V...
	0x42, 0x00, 0x00, 0x00, 0x5f, 0x02, 0x00, 0x00, 0x37, 0x00, 0x00, 0x00, 0x34, 0x00, 0x00, 0x00, // B..._...7...4...
	0x57, 0x00, 0x05, 0x00, 0x0d, 0x00, 0x00, 0x00, 0x61, 0x02, 0x00, 0x00, 0x5f, 0x02, 0x00, 0x00, // W.......a..._...
	0xbe, 0x01, 0x00, 0x00, 0x8e, 0x00, 0x05, 0x00, 0x0d, 0x00, 0x00, 0x00, 0x17, 0x02, 0x00, 0x00, // ................
	0x61, 0x02, 0x00, 0x00, 0x42, 0x01, 0x00, 0x00, 0x51, 0x00, 0x05, 0x00, 0x07, 0x00, 0x00, 0x00, // a...B...Q.......
	0x19, 0x02, 0x00, 0x00, 0x17, 0x02, 0x00, 0x00, 0x00, 0x00, 0x00, 0x00, 0xba, 0x00, 0x05, 0x00, // ................
	0x2f, 0x01, 0x00, 0x00, 0x1a, 0x02, 0x00, 0x00, 0x19, 0x02, 0x00, 0x00, 0x48, 0x01, 0x00, 0x00, // /...........H...
	0x51, 0x00, 0x05, 0x00, 0x07, 0x00, 0x00, 0x00, 0x1c, 0x02, 0x00, 0x00, 0x17, 0x02, 0x00, 0x00, // Q...............
	0x01, 0x00, 0x00, 0x00, 0xba, 0x00, 0x05, 0x00, 0x2f, 0x01, 0x00, 0x00, 0x1d, 0x02, 0x00, 0x00, // ......../.......
	0x1c, 0x02, 0x00, 0x00, 0x48, 0x01, 0x00, 0x00, 0xa7, 0x00, 0x05, 0x00, 0x2f, 0x01, 0x00, 0x00, // ....H......./...
	0x1e, 0x02, 0x00, 0x00, 0x1a, 0x02, 0x00, 0x00, 0x1d, 0x02, 0x00, 0x00, 0x51, 0x00, 0x05, 0x00, // ............Q...
	0x07, 0x00, 0x00, 0x00, 0x20, 0x02, 0x00, 0x00, 0x17, 0x02, 0x00, 0x00, 0x02, 0x00, 0x00, 0x00, // .... ...........
	0xba, 0x00, 0x05, 0x00, 0x2f, 0x01, 0x00, 0x00, 0x21, 0x02, 0x00, 0x00, 0x20, 0x02, 0x00, 0x00, // ..../...!... ...
	0x48, 0x01, 0x00, 0x00, 0xa7, 0x00, 0x05, 0x00, 0x2f, 0x01, 0x00, 0x00, 0x22, 0x02, 0x00, 0x00, // H......./..."...
	0x1e, 0x02, 0x00, 0x00, 0x21, 0x02, 0x00, 0x00, 0x51, 0x00, 0x05, 0x00, 0x07, 0x00, 0x00, 0x00, // ....!...Q.......
	0x24, 0x02, 0x00, 0x00, 0x17, 0x02, 0x00, 0x00, 0x03, 0x00, 0x00, 0x00, 0xba, 0x00, 0x05, 0x00, // $...............
	0x2f, 0x01, 0x00, 0x00, 0x25, 0x02, 0x00, 0x00, 0x24, 0x02, 0x00, 0x00, 0x48, 0x01, 0x00, 0x00, // /...%...$...H...
	0xa7, 0x00, 0x05, 0x00, 0x2f, 0x01, 0x00, 0x00, 0x26, 0x02, 0x00, 0x00, 0x22, 0x02, 0x00, 0x00, // ..../...&..."...
	0x25, 0x02, 0x00, 0x00, 0xf7, 0x00, 0x03, 0x00, 0x29, 0x02, 0x00, 0x00, 0x00, 0x00, 0x00, 0x00, // %.......).......
	0xfa, 0x00, 0x04, 0x00, 0x26, 0x02, 0x00, 0x00, 0x28, 0x02, 0x00, 0x00, 0x29, 0x02, 0x00, 0x00, // ....&...(...)...
	0xf8, 0x00, 0x02, 0x00, 0x28, 0x02, 0x00, 0x00, 0xf9, 0x00, 0x02, 0x00, 0x57, 0x02, 0x00, 0x00, // ....(.......W...
	0xf8, 0x00, 0x02, 0x00, 0x29, 0x02, 0x00, 0x00, 0x85, 0x00, 0x05, 0x00, 0x07, 0x00, 0x00, 0x00, // ....)...........
	0x2c, 0x02, 0x00, 0x00, 0x19, 0x02, 0x00, 0x00, 0x5f, 0x01, 0x00, 0x00, 0x85, 0x00, 0x05, 0x00, // ,......._.......
	0x07, 0x00, 0x00, 0x00, 0x2f, 0x02, 0x00, 0x00, 0x1c, 0x02, 0x00, 0x00, 0x63, 0x01, 0x00, 0x00, // ..../.......c...
	0x81, 0x00, 0x05, 0x00, 0x07, 0x00, 0x00, 0x00, 0x30, 0x02, 0x00, 0x00, 0x2c, 0x02, 0x00, 0x00, // ........0...,...
	0x2f, 0x02, 0x00, 0x00, 0x81, 0x00, 0x05, 0x00, 0x07, 0x00, 0x00, 0x00, 0x33, 0x02, 0x00, 0x00, // /...........3...
	0x30, 0x02, 0x00, 0x00, 0x20, 0x02, 0x00, 0x00, 0x85, 0x00, 0x05, 0x00, 0x07, 0x00, 0x00, 0x00, // 0... ...........
	0x36, 0x02, 0x00, 0x00, 0x24, 0x02, 0x00, 0x00, 0x6b, 0x01, 0x00, 0x00, 0x81, 0x00, 0x05, 0x00, // 6...$...k.......
	0x07, 0x00, 0x00, 0x00, 0x37, 0x02, 0x00, 0x00, 0x33, 0x02, 0x00, 0x00, 0x36, 0x02, 0x00, 0x00, // ....7...3...6...
	0x41, 0x00, 0x06, 0x00, 0x5e, 0x00, 0x00, 0x00, 0x38, 0x02, 0x00, 0x00, 0x5b, 0x00, 0x00, 0x00, // A...^...8...[...
	0x3e, 0x00, 0x00, 0x00, 0x5d, 0x00, 0x00, 0x00, 0x3d, 0x00, 0x04, 0x00, 0x07, 0x00, 0x00, 0x00, // >...]...=.......
	0x39, 0x02, 0x00, 0x00, 0x38, 0x02, 0x00, 0x00, 0x41, 0x00, 0x06, 0x00, 0x5e, 0x00, 0x00, 0x00, // 9...8...A...^...
	0x3a, 0x02, 0x00, 0x00, 0x5b, 0x00, 0x00, 0x00, 0x3e, 0x00, 0x00, 0x00, 0x61, 0x00, 0x00, 0x00, // :...[...>...a...
	0x3d, 0x00, 0x04, 0x00, 0x07, 0x00, 0x00, 0x00, 0x3b, 0x02, 0x00, 0x00, 0x3a, 0x02, 0x00, 0x00, // =.......;...:...
	0xba, 0x00, 0x05, 0x00, 0x2f, 0x01, 0x00, 0x00, 0x3e, 0x02, 0x00, 0x00, 0x3b, 0x02, 0x00, 0x00, // ..../...>...;...
	0x39, 0x02, 0x00, 0x00, 0x83, 0x00, 0x05, 0x00, 0x07, 0x00, 0x00, 0x00, 0x41, 0x02, 0x00, 0x00, // 9...........A...
	0x37, 0x02, 0x00, 0x00, 0x39, 0x02, 0x00, 0x00, 0x83, 0x00, 0x05, 0x00, 0x07, 0x00, 0x00, 0x00, // 7...9...........
	0x44, 0x02, 0x00, 0x00, 0x3b, 0x02, 0x00, 0x00, 0x39, 0x02, 0x00, 0x00, 0x88, 0x00, 0x05, 0x00, // D...;...9.......
	0x07, 0x00, 0x00, 0x00, 0x45, 0x02, 0x00, 0x00, 0x41, 0x02, 0x00, 0x00, 0x44, 0x02, 0x00, 0x00, // ....E...A...D...
	0x0c, 0x00, 0x08, 0x00, 0x07, 0x00, 0x00, 0x00, 0x46, 0x02, 0x00, 0x00, 0x01, 0x00, 0x00, 0x00, // ........F.......
	0x2b, 0x00, 0x00, 0x00, 0x45, 0x02, 0x00, 0x00, 0x7f, 0x01, 0x00, 0x00, 0x73, 0x00, 0x00, 0x00, // +...E.......s...
	0xa9, 0x00, 0x06, 0x00, 0x07, 0x00, 0x00, 0x00, 0x47, 0x02, 0x00, 0x00, 0x3e, 0x02, 0x00, 0x00, // ........G...>...
	0x46, 0x02, 0x00, 0x00, 0xf9, 0x00, 0x00, 0x00, 0x85, 0x00, 0x05, 0x00, 0x07, 0x00, 0x00, 0x00, // F...............
	0x49, 0x02, 0x00, 0x00, 0x83, 0x01, 0x00, 0x00, 0x47, 0x02, 0x00, 0x00, 0x81, 0x00, 0x05, 0x00, // I.......G.......
	0x07, 0x00, 0x00, 0x00, 0x4a, 0x02, 0x00, 0x00, 0x82, 0x01, 0x00, 0x00, 0x49, 0x02, 0x00, 0x00, // ....J.......I...
	0x83, 0x00, 0x05, 0x00, 0x07, 0x00, 0x00, 0x00, 0x4c, 0x02, 0x00, 0x00, 0x73, 0x00, 0x00, 0x00, // ........L...s...
	0x47, 0x02, 0x00, 0x00, 0x85, 0x00, 0x05, 0x00, 0x07, 0x00, 0x00, 0x00, 0x4d, 0x02, 0x00, 0x00, // G...........M...
	0x83, 0x01, 0x00, 0x00, 0x4c, 0x02, 0x00, 0x00, 0x81, 0x00, 0x05, 0x00, 0x07, 0x00, 0x00, 0x00, // ....L...........
	0x4e, 0x02, 0x00, 0x00, 0x82, 0x01, 0x00, 0x00, 0x4d, 0x02, 0x00, 0x00, 0x85, 0x00, 0x05, 0x00, // N.......M.......
	0x07, 0x00, 0x00, 0x00, 0x50, 0x02, 0x00, 0x00, 0x47, 0x02, 0x00, 0x00, 0x8e, 0x01, 0x00, 0x00, // ....P...G.......
	0x83, 0x00, 0x05, 0x00, 0x07, 0x00, 0x00, 0x00, 0x51, 0x02, 0x00, 0x00, 0x50, 0x02, 0x00, 0x00, // ........Q...P...
	0x73, 0x00, 0x00, 0x00, 0x0c, 0x00, 0x06, 0x00, 0x07, 0x00, 0x00, 0x00, 0x52, 0x02, 0x00, 0x00, // s...........R...
	0x01, 0x00, 0x00, 0x00, 0x04, 0x00, 0x00, 0x00, 0x51, 0x02, 0x00, 0x00, 0x83, 0x00, 0x05, 0x00, // ........Q.......
	0x07, 0x00, 0x00, 0x00, 0x53, 0x02, 0x00, 0x00, 0x73, 0x00, 0x00, 0x00, 0x52, 0x02, 0x00, 0x00, // ....S...s...R...
	0x85, 0x00, 0x05, 0x00, 0x07, 0x00, 0x00, 0x00, 0x54, 0x02, 0x00, 0x00, 0x8c, 0x01, 0x00, 0x00, // ........T.......
	0x53, 0x02, 0x00, 0x00, 0x81, 0x00, 0x05, 0x00, 0x07, 0x00, 0x00, 0x00, 0x55, 0x02, 0x00, 0x00, // S...........U...
	0x8b, 0x01, 0x00, 0x00, 0x54, 0x02, 0x00, 0x00, 0x50, 0x00, 0x06, 0x00, 0x1c, 0x00, 0x00, 0x00, // ....T...P.......
	0x56, 0x02, 0x00, 0x00, 0x4a, 0x02, 0x00, 0x00, 0x4e, 0x02, 0x00, 0x00, 0x55, 0x02, 0x00, 0x00, // V...J...N...U...
	0xf9, 0x00, 0x02, 0x00, 0x57, 0x02, 0x00, 0x00, 0xf8, 0x00, 0x02, 0x00, 0x57, 0x02, 0x00, 0x00, // ....W.......W...
	0xf5, 0x00, 0x07, 0x00, 0x1c, 0x00, 0x00, 0x00, 0xe2, 0x03, 0x00, 0x00, 0x5a, 0x01, 0x00, 0x00, // ............Z...
	0x28, 0x02, 0x00, 0x00, 0x56, 0x02, 0x00, 0x00, 0x29, 0x02, 0x00, 0x00, 0x41, 0x00, 0x06, 0x00, // (...V...)...A...
	0x5e, 0x00, 0x00, 0x00, 0xf1, 0x01, 0x00, 0x00, 0x5b, 0x00, 0x00, 0x00, 0x3e, 0x00, 0x00, 0x00, // ^.......[...>...
	0xe1, 0x00, 0x00, 0x00, 0x3d, 0x00, 0x04, 0x00, 0x07, 0x00, 0x00, 0x00, 0xf2, 0x01, 0x00, 0x00, // ....=...........
	0xf1, 0x01, 0x00, 0x00, 0xba, 0x00, 0x05, 0x00, 0x2f, 0x01, 0x00, 0x00, 0xf3, 0x01, 0x00, 0x00, // ......../.......
	0xf2, 0x01, 0x00, 0x00, 0xf9, 0x00, 0x00, 0x00, 0x41, 0x00, 0x06, 0x00, 0x5e, 0x00, 0x00, 0x00, // ........A...^...
	0x91, 0x02, 0x00, 0x00, 0x5b, 0x00, 0x00, 0x00, 0x3e, 0x00, 0x00, 0x00, 0x5d, 0x00, 0x00, 0x00, // ....[...>...]...
	0x3d, 0x00, 0x04, 0x00, 0x07, 0x00, 0x00, 0x00, 0x92, 0x02, 0x00, 0x00, 0x91, 0x02, 0x00, 0x00, // =...............
	0x41, 0x00, 0x06, 0x00, 0x5e, 0x00, 0x00, 0x00, 0x93, 0x02, 0x00, 0x00, 0x5b, 0x00, 0x00, 0x00, // A...^.......[...
	0x3e, 0x00, 0x00, 0x00, 0x61, 0x00, 0x00, 0x00, 0x3d, 0x00, 0x04, 0x00, 0x07, 0x00, 0x00, 0x00, // >...a...=.......
	0x94, 0x02, 0x00, 0x00, 0x93, 0x02, 0x00, 0x00, 0x50, 0x00, 0x05, 0x00, 0x0b, 0x00, 0x00, 0x00, // ........P.......
	0x95, 0x02, 0x00, 0x00, 0x92, 0x02, 0x00, 0x00, 0x94, 0x02, 0x00, 0x00, 0x85, 0x00, 0x05, 0x00, // ................
	0x0b, 0x00, 0x00, 0x00, 0x98, 0x02, 0x00, 0x00, 0x68, 0x00, 0x00, 0x00, 0x95, 0x02, 0x00, 0x00, // ........h.......
	0x81, 0x00, 0x05, 0x00, 0x0b, 0x00, 0x00, 0x00, 0x99, 0x02, 0x00, 0x00, 0xbe, 0x01, 0x00, 0x00, // ................
	0x98, 0x02, 0x00, 0x00, 0x56, 0x00, 0x05, 0x00, 0x42, 0x00, 0x00, 0x00, 0x34, 0x03, 0x00, 0x00, // ....V...B...4...
	0x37, 0x00, 0x00, 0x00, 0x34, 0x00, 0x00, 0x00, 0x57, 0x00, 0x05, 0x00, 0x0d, 0x00, 0x00, 0x00, // 7...4...W.......
	0x36, 0x03, 0x00, 0x00, 0x34, 0x03, 0x00, 0x00, 0x99, 0x02, 0x00, 0x00, 0x4f, 0x00, 0x08, 0x00, // 6...4.......O...
	0x1c, 0x00, 0x00, 0x00, 0x9c, 0x02, 0x00, 0x00, 0x36, 0x03, 0x00, 0x00, 0x36, 0x03, 0x00, 0x00, // ........6...6...
	0x00, 0x00, 0x00, 0x00, 0x01, 0x00, 0x00, 0x00, 0x02, 0x00, 0x00, 0x00, 0x85, 0x00, 0x05, 0x00, // ................
	0x0b, 0x00, 0x00, 0x00, 0x9f, 0x02, 0x00, 0x00, 0x74, 0x00, 0x00, 0x00, 0x95, 0x02, 0x00, 0x00, // ........t.......
	0x81, 0x00, 0x05, 0x00, 0x0b, 0x00, 0x00, 0x00, 0xa0, 0x02, 0x00, 0x00, 0xbe, 0x01, 0x00, 0x00, // ................
	0x9f, 0x02, 0x00, 0x00, 0x56, 0x00, 0x05, 0x00, 0x42, 0x00, 0x00, 0x00, 0x3d, 0x03, 0x00, 0x00, // ....V...B...=...
	0x37, 0x00, 0x00, 0x00, 0x34, 0x00, 0x00, 0x00, 0x57, 0x00, 0x05, 0x00, 0x0d, 0x00, 0x00, 0x00, // 7...4...W.......
	0x3f, 0x03, 0x00, 0x00, 0x3d, 0x03, 0x00, 0x00, 0xa0, 0x02, 0x00, 0x00, 0x4f, 0x00, 0x08, 0x00, // ?...=.......O...
	0x1c, 0x00, 0x00, 0x00, 0xa3, 0x02, 0x00, 0x00, 0x3f, 0x03, 0x00, 0x00, 0x3f, 0x03, 0x00, 0x00, // ........?...?...
	0x00, 0x00, 0x00, 0x00, 0x01, 0x00, 0x00, 0x00, 0x02, 0x00, 0x00, 0x00, 0x85, 0x00, 0x05, 0x00, // ................
	0x0b, 0x00, 0x00, 0x00, 0xa6, 0x02, 0x00, 0x00, 0x7f, 0x00, 0x00, 0x00, 0x95, 0x02, 0x00, 0x00, // ................
	0x81, 0x00, 0x05, 0x00, 0x0b, 0x00, 0x00, 0x00, 0xa7, 0x02, 0x00, 0x00, 0xbe, 0x01, 0x00, 0x00, // ................
	0xa6, 0x02, 0x00, 0x00, 0x56, 0x00, 0x05, 0x00, 0x42, 0x00, 0x00, 0x00, 0x46, 0x03, 0x00, 0x00, // ....V...B...F...
	0x37, 0x00, 0x00, 0x00, 0x34, 0x00, 0x00, 0x00, 0x57, 0x00, 0x05, 0x00, 0x0d, 0x00, 0x00, 0x00, // 7...4...W.......
	0x48, 0x03, 0x00, 0x00, 0x46, 0x03, 0x00, 0x00, 0xa7, 0x02, 0x00, 0x00, 0x4f, 0x00, 0x08, 0x00, // H...F.......O...
	0x1c, 0x00, 0x00, 0x00, 0xaa, 0x02, 0x00, 0x00, 0x48, 0x03, 0x00, 0x00, 0x48, 0x03, 0x00, 0x00, // ........H...H...
	0x00, 0x00, 0x00, 0x00, 0x01, 0x00, 0x00, 0x00, 0x02, 0x00, 0x00, 0x00, 0x81, 0x00, 0x05, 0x00, // ................
	0x0b, 0x00, 0x00, 0x00, 0xae, 0x02, 0x00, 0x00, 0xbe, 0x01, 0x00, 0x00, 0x95, 0x02, 0x00, 0x00, // ................
	0x56, 0x00, 0x05, 0x00, 0x42, 0x00, 0x00, 0x00, 0x4f, 0x03, 0x00, 0x00, 0x37, 0x00, 0x00, 0x00, // V...B...O...7...
	0x34, 0x00, 0x00, 0x00, 0x57, 0x00, 0x05, 0x00, 0x0d, 0x00, 0x00, 0x00, 0x51, 0x03, 0x00, 0x00, // 4...W.......Q...
	0x4f, 0x03, 0x00, 0x00, 0xae, 0x02, 0x00, 0x00, 0x4f, 0x00, 0x08, 0x00, 0x1c, 0x00, 0x00, 0x00, // O.......O.......
	0xb1, 0x02, 0x00, 0x00, 0x51, 0x03, 0x00, 0x00, 0x51, 0x03, 0x00, 0x00, 0x00, 0x00, 0x00, 0x00, // ....Q...Q.......
	0x01, 0x00, 0x00, 0x00, 0x02, 0x00, 0x00, 0x00, 0x56, 0x00, 0x05, 0x00, 0x42, 0x00, 0x00, 0x00, // ........V...B...
	0x58, 0x03, 0x00, 0x00, 0x37, 0x00, 0x00, 0x00, 0x34, 0x00, 0x00, 0x00, 0x57, 0x00, 0x05, 0x00, // X...7...4...W...
	0x0d, 0x00, 0x00, 0x00, 0x5a, 0x03, 0x00, 0x00, 0x58, 0x03, 0x00, 0x00, 0xbe, 0x01, 0x00, 0x00, // ....Z...X.......
	0x4f, 0x00, 0x08, 0x00, 0x1c, 0x00, 0x00, 0x00, 0xb5, 0x02, 0x00, 0x00, 0x5a, 0x03, 0x00, 0x00, // O...........Z...
	0x5a, 0x03, 0x00, 0x00, 0x00, 0x00, 0x00, 0x00, 0x01, 0x00, 0x00, 0x00, 0x02, 0x00, 0x00, 0x00, // Z...............
	0x94, 0x00, 0x05, 0x00, 0x07, 0x00, 0x00, 0x00, 0x5e, 0x03, 0x00, 0x00, 0x9c, 0x02, 0x00, 0x00, // ........^.......
	0x54, 0x00, 0x00, 0x00, 0x94, 0x00, 0x05, 0x00, 0x07, 0x00, 0x00, 0x00, 0x62, 0x03, 0x00, 0x00, // T...........b...
	0xa3, 0x02, 0x00, 0x00, 0x54, 0x00, 0x00, 0x00, 0x94, 0x00, 0x05, 0x00, 0x07, 0x00, 0x00, 0x00, // ....T...........
	0x66, 0x03, 0x00, 0x00, 0xaa, 0x02, 0x00, 0x00, 0x54, 0x00, 0x00, 0x00, 0x94, 0x00, 0x05, 0x00, // f.......T.......
	0x07, 0x00, 0x00, 0x00, 0x6a, 0x03, 0x00, 0x00, 0xb1, 0x02, 0x00, 0x00, 0x54, 0x00, 0x00, 0x00, // ....j.......T...
	0x94, 0x00, 0x05, 0x00, 0x07, 0x00, 0x00, 0x00, 0x6e, 0x03, 0x00, 0x00, 0xb5, 0x02, 0x00, 0x00, // ........n.......
	0x54, 0x00, 0x00, 0x00, 0x0c, 0x00, 0x07, 0x00, 0x07, 0x00, 0x00, 0x00, 0xc3, 0x02, 0x00, 0x00, // T...............
	0x01, 0x00, 0x00, 0x00, 0x25, 0x00, 0x00, 0x00, 0x5e, 0x03, 0x00, 0x00, 0x62, 0x03, 0x00, 0x00, // ....%...^...b...
	0x0c, 0x00, 0x07, 0x00, 0x07, 0x00, 0x00, 0x00, 0xc6, 0x02, 0x00, 0x00, 0x01, 0x00, 0x00, 0x00, // ................
	0x25, 0x00, 0x00, 0x00, 0x66, 0x03, 0x00, 0x00, 0x6a, 0x03, 0x00, 0x00, 0x0c, 0x00, 0x07, 0x00, // %...f...j.......
	0x07, 0x00, 0x00, 0x00, 0xc7, 0x02, 0x00, 0x00, 0x01, 0x00, 0x00, 0x00, 0x25, 0x00, 0x00, 0x00, // ............%...
	0xc3, 0x02, 0x00, 0x00, 0xc6, 0x02, 0x00, 0x00, 0x0c, 0x00, 0x07, 0x00, 0x07, 0x00, 0x00, 0x00, // ................
	0xc8, 0x02, 0x00, 0x00, 0x01, 0x00, 0x00, 0x00, 0x25, 0x00, 0x00, 0x00, 0x6e, 0x03, 0x00, 0x00, // ........%...n...
	0xc7, 0x02, 0x00, 0x00, 0x0c, 0x00, 0x07, 0x00, 0x07, 0x00, 0x00, 0x00, 0xcc, 0x02, 0x00, 0x00, // ................
	0x01, 0x00, 0x00, 0x00, 0x28, 0x00, 0x00, 0x00, 0x5e, 0x03, 0x00, 0x00, 0x62, 0x03, 0x00, 0x00, // ....(...^...b...
	0x0c, 0x00, 0x07, 0x00, 0x07, 0x00, 0x00, 0x00, 0xcf, 0x02, 0x00, 0x00, 0x01, 0x00, 0x00, 0x00, // ................
	0x28, 0x00, 0x00, 0x00, 0x66, 0x03, 0x00, 0x00, 0x6a, 0x03, 0x00, 0x00, 0x0c, 0x00, 0x07, 0x00, // (...f...j.......
	0x07, 0x00, 0x00, 0x00, 0xd0, 0x02, 0x00, 0x00, 0x01, 0x00, 0x00, 0x00, 0x28, 0x00, 0x00, 0x00, // ............(...
	0xcc, 0x02, 0x00, 0x00, 0xcf, 0x02, 0x00, 0x00, 0x0c, 0x00, 0x07, 0x00, 0x07, 0x00, 0x00, 0x00, // ................
	0xd1, 0x02, 0x00, 0x00, 0x01, 0x00, 0x00, 0x00, 0x28, 0x00, 0x00, 0x00, 0x6e, 0x03, 0x00, 0x00, // ........(...n...
	0xd0, 0x02, 0x00, 0x00, 0x81, 0x00, 0x05, 0x00, 0x07, 0x00, 0x00, 0x00, 0xd4, 0x02, 0x00, 0x00, // ................
	0x5e, 0x03, 0x00, 0x00, 0x62, 0x03, 0x00, 0x00, 0x81, 0x00, 0x05, 0x00, 0x07, 0x00, 0x00, 0x00, // ^...b...........
	0xd7, 0x02, 0x00, 0x00, 0x66, 0x03, 0x00, 0x00, 0x6a, 0x03, 0x00, 0x00, 0x83, 0x00, 0x05, 0x00, // ....f...j.......
	0x07, 0x00, 0x00, 0x00, 0xd8, 0x02, 0x00, 0x00, 0xd4, 0x02, 0x00, 0x00, 0xd7, 0x02, 0x00, 0x00, // ................
	0x7f, 0x00, 0x04, 0x00, 0x07, 0x00, 0x00, 0x00, 0xd9, 0x02, 0x00, 0x00, 0xd8, 0x02, 0x00, 0x00, // ................
	0x81, 0x00, 0x05, 0x00, 0x07, 0x00, 0x00, 0x00, 0xdc, 0x02, 0x00, 0x00, 0x5e, 0x03, 0x00, 0x00, // ............^...
	0x66, 0x03, 0x00, 0x00, 0x81, 0x00, 0x05, 0x00, 0x07, 0x00, 0x00, 0x00, 0xdf, 0x02, 0x00, 0x00, // f...............
	0x62, 0x03, 0x00, 0x00, 0x6a, 0x03, 0x00, 0x00, 0x83, 0x00, 0x05, 0x00, 0x07, 0x00, 0x00, 0x00, // b...j...........
	0xe0, 0x02, 0x00, 0x00, 0xdc, 0x02, 0x00, 0x00, 0xdf, 0x02, 0x00, 0x00, 0x50, 0x00, 0x05, 0x00, // ............P...
	0x0b, 0x00, 0x00, 0x00, 0xe1, 0x02, 0x00, 0x00, 0xd9, 0x02, 0x00, 0x00, 0xe0, 0x02, 0x00, 0x00, // ................
	0x81, 0x00, 0x05, 0x00, 0x07, 0x00, 0x00, 0x00, 0xe6, 0x02, 0x00, 0x00, 0xd4, 0x02, 0x00, 0x00, // ................
	0x66, 0x03, 0x00, 0x00, 0x81, 0x00, 0x05, 0x00, 0x07, 0x00, 0x00, 0x00, 0xe8, 0x02, 0x00, 0x00, // f...............
	0xe6, 0x02, 0x00, 0x00, 0x6a, 0x03, 0x00, 0x00, 0x85, 0x00, 0x05, 0x00, 0x07, 0x00, 0x00, 0x00, // ....j...........
	0xea, 0x02, 0x00, 0x00, 0xe8, 0x02, 0x00, 0x00, 0xdf, 0x03, 0x00, 0x00, 0x0c, 0x00, 0x07, 0x00, // ................
	0x07, 0x00, 0x00, 0x00, 0xeb, 0x02, 0x00, 0x00, 0x01, 0x00, 0x00, 0x00, 0x28, 0x00, 0x00, 0x00, // ............(...
	0xea, 0x02, 0x00, 0x00, 0xde, 0x00, 0x00, 0x00, 0x0c, 0x00, 0x06, 0x00, 0x07, 0x00, 0x00, 0x00, // ................
	0xee, 0x02, 0x00, 0x00, 0x01, 0x00, 0x00, 0x00, 0x04, 0x00, 0x00, 0x00, 0xd9, 0x02, 0x00, 0x00, // ................
	0x0c, 0x00, 0x06, 0x00, 0x07, 0x00, 0x00, 0x00, 0xf1, 0x02, 0x00, 0x00, 0x01, 0x00, 0x00, 0x00, // ................
	0x04, 0x00, 0x00, 0x00, 0xe0, 0x02, 0x00, 0x00, 0x0c, 0x00, 0x07, 0x00, 0x07, 0x00, 0x00, 0x00, // ................
	0xf2, 0x02, 0x00, 0x00, 0x01, 0x00, 0x00, 0x00, 0x25, 0x00, 0x00, 0x00, 0xee, 0x02, 0x00, 0x00, // ........%.......
	0xf1, 0x02, 0x00, 0x00, 0x81, 0x00, 0x05, 0x00, 0x07, 0x00, 0x00, 0x00, 0xf4, 0x02, 0x00, 0x00, // ................
	0xf2, 0x02, 0x00, 0x00, 0xeb, 0x02, 0x00, 0x00, 0x88, 0x00, 0x05, 0x00, 0x07, 0x00, 0x00, 0x00, // ................
	0xf5, 0x02, 0x00, 0x00, 0x73, 0x00, 0x00, 0x00, 0xf4, 0x02, 0x00, 0x00, 0x8e, 0x00, 0x05, 0x00, // ....s...........
	0x0b, 0x00, 0x00, 0x00, 0xf8, 0x02, 0x00, 0x00, 0xe1, 0x02, 0x00, 0x00, 0xf5, 0x02, 0x00, 0x00, // ................
	0x0c, 0x00, 0x08, 0x00, 0x0b, 0x00, 0x00, 0x00, 0xfb, 0x02, 0x00, 0x00, 0x01, 0x00, 0x00, 0x00, // ................
	0x2b, 0x00, 0x00, 0x00, 0xf8, 0x02, 0x00, 0x00, 0xe0, 0x03, 0x00, 0x00, 0xe1, 0x03, 0x00, 0x00, // +...............
	0x85, 0x00, 0x05, 0x00, 0x0b, 0x00, 0x00, 0x00, 0xfd, 0x02, 0x00, 0x00, 0xfb, 0x02, 0x00, 0x00, // ................
	0x95, 0x02, 0x00, 0x00, 0x8e, 0x00, 0x05, 0x00, 0x0b, 0x00, 0x00, 0x00, 0x00, 0x03, 0x00, 0x00, // ................
	0xfd, 0x02, 0x00, 0x00, 0xfc, 0x00, 0x00, 0x00, 0x81, 0x00, 0x05, 0x00, 0x0b, 0x00, 0x00, 0x00, // ................
	0x01, 0x03, 0x00, 0x00, 0xbe, 0x01, 0x00, 0x00, 0x00, 0x03, 0x00, 0x00, 0x56, 0x00, 0x05, 0x00, // ............V...
	0x42, 0x00, 0x00, 0x00, 0x7d, 0x03, 0x00, 0x00, 0x37, 0x00, 0x00, 0x00, 0x34, 0x00, 0x00, 0x00, // B...}...7...4...
	0x57, 0x00, 0x05, 0x00, 0x0d, 0x00, 0x00, 0x00, 0x7f, 0x03, 0x00, 0x00, 0x7d, 0x03, 0x00, 0x00, // W...........}...
	0x01, 0x03, 0x00, 0x00, 0x4f, 0x00, 0x08, 0x00, 0x1c, 0x00, 0x00, 0x00, 0x04, 0x03, 0x00, 0x00, // ....O...........
	0x7f, 0x03, 0x00, 0x00, 0x7f, 0x03, 0x00, 0x00, 0x00, 0x00, 0x00, 0x00, 0x01, 0x00, 0x00, 0x00, // ................
	0x02, 0x00, 0x00, 0x00, 0x8e, 0x00, 0x05, 0x00, 0x0b, 0x00, 0x00, 0x00, 0x07, 0x03, 0x00, 0x00, // ................
	0xfd, 0x02, 0x00, 0x00, 0x06, 0x01, 0x00, 0x00, 0x81, 0x00, 0x05, 0x00, 0x0b, 0x00, 0x00, 0x00, // ................
	0x08, 0x03, 0x00, 0x00, 0xbe, 0x01, 0x00, 0x00, 0x07, 0x03, 0x00, 0x00, 0x56, 0x00, 0x05, 0x00, // ............V...
	0x42, 0x00, 0x00, 0x00, 0x86, 0x03, 0x00, 0x00, 0x37, 0x00, 0x00, 0x00, 0x34, 0x00, 0x00, 0x00, // B.......7...4...
	0x57, 0x00, 0x05, 0x00, 0x0d, 0x00, 0x00, 0x00, 0x88, 0x03, 0x00, 0x00, 0x86, 0x03, 0x00, 0x00, // W...............
	0x08, 0x03, 0x00, 0x00, 0x4f, 0x00, 0x08, 0x00, 0x1c, 0x00, 0x00, 0x00, 0x0b, 0x03, 0x00, 0x00, // ....O...........
	0x88, 0x03, 0x00, 0x00, 0x88, 0x03, 0x00, 0x00, 0x00, 0x00, 0x00, 0x00, 0x01, 0x00, 0x00, 0x00, // ................
	0x02, 0x00, 0x00, 0x00, 0x81, 0x00, 0x05, 0x00, 0x1c, 0x00, 0x00, 0x00, 0x0c, 0x03, 0x00, 0x00, // ................
	0x04, 0x03, 0x00, 0x00, 0x0b, 0x03, 0x00, 0x00, 0x8e, 0x00, 0x05, 0x00, 0x1c, 0x00, 0x00, 0x00, // ................
	0x0d, 0x03, 0x00, 0x00, 0x0c, 0x03, 0x00, 0x00, 0xf9, 0x00, 0x00, 0x00, 0x8e, 0x00, 0x05, 0x00, // ................
	0x1c, 0x00, 0x00, 0x00, 0x0f, 0x03, 0x00, 0x00, 0x0d, 0x03, 0x00, 0x00, 0xf9, 0x00, 0x00, 0x00, // ................
	0x8e, 0x00, 0x05, 0x00, 0x0b, 0x00, 0x00, 0x00, 0x12, 0x03, 0x00, 0x00, 0xfd, 0x02, 0x00, 0x00, // ................
	0x15, 0x01, 0x00, 0x00, 0x81, 0x00, 0x05, 0x00, 0x0b, 0x00, 0x00, 0x00, 0x13, 0x03, 0x00, 0x00, // ................
	0xbe, 0x01, 0x00, 0x00, 0x12, 0x03, 0x00, 0x00, 0x56, 0x00, 0x05, 0x00, 0x42, 0x00, 0x00, 0x00, // ........V...B...
	0x8f, 0x03, 0x00, 0x00, 0x37, 0x00, 0x00, 0x00, 0x34, 0x00, 0x00, 0x00, 0x57, 0x00, 0x05, 0x00, // ....7...4...W...
	0x0d, 0x00, 0x00, 0x00, 0x91, 0x03, 0x00, 0x00, 0x8f, 0x03, 0x00, 0x00, 0x13, 0x03, 0x00, 0x00, // ................
	0x4f, 0x00, 0x08, 0x00, 0x1c, 0x00, 0x00, 0x00, 0x16, 0x03, 0x00, 0x00, 0x91, 0x03, 0x00, 0x00, // O...............
	0x91, 0x03, 0x00, 0x00, 0x00, 0x00, 0x00, 0x00, 0x01, 0x00, 0x00, 0x00, 0x02, 0x00, 0x00, 0x00, // ................
	0x8e, 0x00, 0x05, 0x00, 0x0b, 0x00, 0x00, 0x00, 0x19, 0x03, 0x00, 0x00, 0xfd, 0x02, 0x00, 0x00, // ................
	0xf9, 0x00, 0x00, 0x00, 0x81, 0x00, 0x05, 0x00, 0x0b, 0x00, 0x00, 0x00, 0x1a, 0x03, 0x00, 0x00, // ................
	0xbe, 0x01, 0x00, 0x00, 0x19, 0x03, 0x00, 0x00, 0x56, 0x00, 0x05, 0x00, 0x42, 0x00, 0x00, 0x00, // ........V...B...
	0x98, 0x03, 0x00, 0x00, 0x37, 0x00, 0x00, 0x00, 0x34, 0x00, 0x00, 0x00, 0x57, 0x00, 0x05, 0x00, // ....7...4...W...
	0x0d, 0x00, 0x00, 0x00, 0x9a, 0x03, 0x00, 0x00, 0x98, 0x03, 0x00, 0x00, 0x1a, 0x03, 0x00, 0x00, // ................
	0x4f, 0x00, 0x08, 0x00, 0x1c, 0x00, 0x00, 0x00, 0x1d, 0x03, 0x00, 0x00, 0x9a, 0x03, 0x00, 0x00, // O...............
	0x9a, 0x03, 0x00, 0x00, 0x00, 0x00, 0x00, 0x00, 0x01, 0x00, 0x00, 0x00, 0x02, 0x00, 0x00, 0x00, // ................
	0x81, 0x00, 0x05, 0x00, 0x1c, 0x00, 0x00, 0x00, 0x1e, 0x03, 0x00, 0x00, 0x16, 0x03, 0x00, 0x00, // ................
	0x1d, 0x03, 0x00, 0x00, 0x8e, 0x00, 0x05, 0x00, 0x1c, 0x00, 0x00, 0x00, 0x1f, 0x03, 0x00, 0x00, // ................
	0x1e, 0x03, 0x00, 0x00, 0xdb, 0x00, 0x00, 0x00, 0x81, 0x00, 0x05, 0x00, 0x1c, 0x00, 0x00, 0x00, // ................
	0x20, 0x03, 0x00, 0x00, 0x0f, 0x03, 0x00, 0x00, 0x1f, 0x03, 0x00, 0x00, 0x94, 0x00, 0x05, 0x00, //  ...............
	0x07, 0x00, 0x00, 0x00, 0x9e, 0x03, 0x00, 0x00, 0x20, 0x03, 0x00, 0x00, 0x54, 0x00, 0x00, 0x00, // ........ ...T...
	0xb8, 0x00, 0x05, 0x00, 0x2f, 0x01, 0x00, 0x00, 0x25, 0x03, 0x00, 0x00, 0x9e, 0x03, 0x00, 0x00, // ..../...%.......
	0xc8, 0x02, 0x00, 0x00, 0xba, 0x00, 0x05, 0x00, 0x2f, 0x01, 0x00, 0x00, 0x28, 0x03, 0x00, 0x00, // ......../...(...
	0x9e, 0x03, 0x00, 0x00, 0xd1, 0x02, 0x00, 0x00, 0xa6, 0x00, 0x05, 0x00, 0x2f, 0x01, 0x00, 0x00, // ............/...
	0x29, 0x03, 0x00, 0x00, 0x25, 0x03, 0x00, 0x00, 0x28, 0x03, 0x00, 0x00, 0x50, 0x00, 0x06, 0x00, // )...%...(...P...
	0x37, 0x01, 0x00, 0x00, 0x2c, 0x03, 0x00, 0x00, 0x29, 0x03, 0x00, 0x00, 0x29, 0x03, 0x00, 0x00, // 7...,...)...)...
	0x29, 0x03, 0x00, 0x00, 0xa9, 0x00, 0x06, 0x00, 0x1c, 0x00, 0x00, 0x00, 0x2d, 0x03, 0x00, 0x00, // )...........-...
	0x2c, 0x03, 0x00, 0x00, 0x0d, 0x03, 0x00, 0x00, 0x20, 0x03, 0x00, 0x00, 0x56, 0x00, 0x05, 0x00, // ,....... ...V...
	0x42, 0x00, 0x00, 0x00, 0xa5, 0x03, 0x00, 0x00, 0x37, 0x00, 0x00, 0x00, 0x34, 0x00, 0x00, 0x00, // B.......7...4...
	0x57, 0x00, 0x05, 0x00, 0x0d, 0x00, 0x00, 0x00, 0xa7, 0x03, 0x00, 0x00, 0xa5, 0x03, 0x00, 0x00, // W...............
	0xbe, 0x01, 0x00, 0x00, 0x4f, 0x00, 0x08, 0x00, 0x1c, 0x00, 0x00, 0x00, 0xf9, 0x01, 0x00, 0x00, // ....O...........
	0xa7, 0x03, 0x00, 0x00, 0xa7, 0x03, 0x00, 0x00, 0x00, 0x00, 0x00, 0x00, 0x01, 0x00, 0x00, 0x00, // ................
	0x02, 0x00, 0x00, 0x00, 0x50, 0x00, 0x06, 0x00, 0x37, 0x01, 0x00, 0x00, 0xfa, 0x01, 0x00, 0x00, // ....P...7.......
	0xf3, 0x01, 0x00, 0x00, 0xf3, 0x01, 0x00, 0x00, 0xf3, 0x01, 0x00, 0x00, 0xa9, 0x00, 0x06, 0x00, // ................
	0x1c, 0x00, 0x00, 0x00, 0xfb, 0x01, 0x00, 0x00, 0xfa, 0x01, 0x00, 0x00, 0x2d, 0x03, 0x00, 0x00, // ............-...
	0xf9, 0x01, 0x00, 0x00, 0x50, 0x00, 0x06, 0x00, 0x37, 0x01, 0x00, 0x00, 0xfc, 0x01, 0x00, 0x00, // ....P...7.......
	0xee, 0x01, 0x00, 0x00, 0xee, 0x01, 0x00, 0x00, 0xee, 0x01, 0x00, 0x00, 0xa9, 0x00, 0x06, 0x00, // ................
	0x1c, 0x00, 0x00, 0x00, 0xfd, 0x01, 0x00, 0x00, 0xfc, 0x01, 0x00, 0x00, 0xe2, 0x03, 0x00, 0x00, // ................
	0xfb, 0x01, 0x00, 0x00, 0x51, 0x00, 0x05, 0x00, 0x07, 0x00, 0x00, 0x00, 0xff, 0x01, 0x00, 0x00, // ....Q...........
	0xfd, 0x01, 0x00, 0x00, 0x00, 0x00, 0x00, 0x00, 0x51, 0x00, 0x05, 0x00, 0x07, 0x00, 0x00, 0x00, // ........Q.......
	0x00, 0x02, 0x00, 0x00, 0xfd, 0x01, 0x00, 0x00, 0x01, 0x00, 0x00, 0x00, 0x51, 0x00, 0x05, 0x00, // ............Q...
	0x07, 0x00, 0x00, 0x00, 0x01, 0x02, 0x00, 0x00, 0xfd, 0x01, 0x00, 0x00, 0x02, 0x00, 0x00, 0x00, // ................
	0x50, 0x00, 0x07, 0x00, 0x0d, 0x00, 0x00, 0x00, 0x02, 0x02, 0x00, 0x00, 0xff, 0x01, 0x00, 0x00, // P...............
	0x00, 0x02, 0x00, 0x00, 0x01, 0x02, 0x00, 0x00, 0x73, 0x00, 0x00, 0x00, 0x3e, 0x00, 0x03, 0x00, // ........s...>...
	0xc8, 0x01, 0x00, 0x00, 0x02, 0x02, 0x00, 0x00, 0xfd, 0x00, 0x01, 0x00, 0x38, 0x00, 0x01, 0x00, // ............8...
	0x00, 0x00, 0x10, 0x00,                                                                         // ....
};

static const uint8_t fs_present_dx11[2872] =
{
	0x46, 0x53, 0x48, 0x0b, 0x89, 0xeb, 0xbe, 0x46, 0x00, 0x00, 0x00, 0x00, 0x02, 0x00, 0x0e, 0x75, // FSH....F.......u
	0x50, 0x72, 0x65, 0x73, 0x65, 0x6e, 0x74, 0x50, 0x61, 0x72, 0x61, 0x6d, 0x73, 0x12, 0x00, 0x00, // PresentParams...
	0x00, 0x01, 0x00, 0x00, 0x00, 0x00, 0x00, 0x0a, 0x73, 0x5f, 0x74, 0x65, 0x78, 0x43, 0x6f, 0x6c, // ........s_texCol
	0x6f, 0x72, 0x30, 0x01, 0x00, 0x00, 0x01, 0x00, 0x00, 0x00, 0x00, 0x00, 0xf4, 0x0a, 0x00, 0x00, // or0.............
	0x44, 0x58, 0x42, 0x43, 0x8d, 0xcb, 0x91, 0x22, 0xeb, 0x43, 0x83, 0x47, 0x0a, 0xc7, 0xb2, 0x94, // DXBC...".C.G....
	0x0b, 0xe2, 0xeb, 0x8f, 0x01, 0x00, 0x00, 0x00, 0xf4, 0x0a, 0x00, 0x00, 0x03, 0x00, 0x00, 0x00, // ................
	0x2c, 0x00, 0x00, 0x00, 0x84, 0x00, 0x00, 0x00, 0xb8, 0x00, 0x00, 0x00, 0x49, 0x53, 0x47, 0x4e, // ,...........ISGN
	0x50, 0x00, 0x00, 0x00, 0x02, 0x00, 0x00, 0x00, 0x08, 0x00, 0x00, 0x00, 0x38, 0x00, 0x00, 0x00, // P...........8...
	0x00, 0x00, 0x00, 0x00, 0x01, 0x00, 0x00, 0x00, 0x03, 0x00, 0x00, 0x00, 0x00, 0x00, 0x00, 0x00, // ................
	0x0f, 0x00, 0x00, 0x00, 0x44, 0x00, 0x00, 0x00, 0x00, 0x00, 0x00, 0x00, 0x00, 0x00, 0x00, 0x00, // ....D...........
	0x03, 0x00, 0x00, 0x00, 0x01, 0x00, 0x00, 0x00, 0x03, 0x03, 0x00, 0x00, 0x53, 0x56, 0x5f, 0x50, // ............SV_P
	0x4f, 0x53, 0x49, 0x54, 0x49, 0x4f, 0x4e, 0x00, 0x54, 0x45, 0x58, 0x43, 0x4f, 0x4f, 0x52, 0x44, // OSITION.TEXCOORD
	0x00, 0xab, 0xab, 0xab, 0x4f, 0x53, 0x47, 0x4e, 0x2c, 0x00, 0x00, 0x00, 0x01, 0x00, 0x00, 0x00, // ....OSGN,.......
	0x08, 0x00, 0x00, 0x00, 0x20, 0x00, 0x00, 0x00, 0x00, 0x00, 0x00, 0x00, 0x00, 0x00, 0x00, 0x00, // .... ...........
	0x03, 0x00, 0x00, 0x00, 0x00, 0x00, 0x00, 0x00, 0x0f, 0x00, 0x00, 0x00, 0x53, 0x56, 0x5f, 0x54, // ............SV_T
	0x41, 0x52, 0x47, 0x45, 0x54, 0x00, 0xab, 0xab, 0x53, 0x48, 0x44, 0x52, 0x34, 0x0a, 0x00, 0x00, // ARGET...SHDR4...
	0x40, 0x00, 0x00, 0x00, 0x8d, 0x02, 0x00, 0x00, 0x59, 0x00, 0x00, 0x04, 0x46, 0x8e, 0x20, 0x00, // @.......Y...F. .
	0x00, 0x00, 0x00, 0x00, 0x01, 0x00, 0x00, 0x00, 0x5a, 0x00, 0x00, 0x03, 0x00, 0x60, 0x10, 0x00, // ........Z....`..
	0x00, 0x00, 0x00, 0x00, 0x58, 0x18, 0x00, 0x04, 0x00, 0x70, 0x10, 0x00, 0x00, 0x00, 0x00, 0x00, // ....X....p......
	0x55, 0x55, 0x00, 0x00, 0x62, 0x10, 0x00, 0x03, 0x32, 0x10, 0x10, 0x00, 0x01, 0x00, 0x00, 0x00, // UU..b...2.......
	0x65, 0x00, 0x00, 0x03, 0xf2, 0x20, 0x10, 0x00, 0x00, 0x00, 0x00, 0x00, 0x68, 0x00, 0x00, 0x02, // e.... ......h...
	0x05, 0x00, 0x00, 0x00, 0x00, 0x00, 0x00, 0x09, 0x32, 0x00, 0x10, 0x00, 0x00, 0x00, 0x00, 0x00, // ........2.......
	0x46, 0x10, 0x10, 0x00, 0x01, 0x00, 0x00, 0x00, 0x96, 0x85, 0x20, 0x80, 0x41, 0x00, 0x00, 0x00, // F......... .A...
	0x00, 0x00, 0x00, 0x00, 0x00, 0x00, 0x00, 0x00, 0x45, 0x00, 0x00, 0x09, 0xf2, 0x00, 0x10, 0x00, // ........E.......
	0x00, 0x00, 0x00, 0x00, 0x46, 0x00, 0x10, 0x00, 0x00, 0x00, 0x00, 0x00, 0x46, 0x7e, 0x10, 0x00, // ....F.......F~..
	0x00, 0x00, 0x00, 0x00, 0x00, 0x60, 0x10, 0x00, 0x00, 0x00, 0x00, 0x00, 0x10, 0x00, 0x00, 0x0a, // .....`..........
	0x12, 0x00, 0x10, 0x00, 0x00, 0x00, 0x00, 0x00, 0x46, 0x02, 0x10, 0x00, 0x00, 0x00, 0x00, 0x00, // ........F.......
	0x02, 0x40, 0x00, 0x00, 0x87, 0x16, 0x99, 0x3e, 0xa2, 0x45, 0x16, 0x3f, 0xd5, 0x78, 0xe9, 0x3d, // .@.....>.E.?.x.=
	0x00, 0x00, 0x00, 0x00, 0x32, 0x00, 0x00, 0x0d, 0xf2, 0x00, 0x10, 0x00, 0x01, 0x00, 0x00, 0x00, // ....2...........
	0x96, 0x89, 0x20, 0x00, 0x00, 0x00, 0x00, 0x00, 0x00, 0x00, 0x00, 0x00, 0x02, 0x40, 0x00, 0x00, // .. ..........@..
	0x00, 0x00, 0x80, 0x3f, 0x00, 0x00, 0x80, 0xbf, 0x00, 0x00, 0x80, 0xbf, 0x00, 0x00, 0x80, 0x3f, // ...?...........?
	0x46, 0x14, 0x10, 0x00, 0x01, 0x00, 0x00, 0x00, 0x45, 0x00, 0x00, 0x09, 0xf2, 0x00, 0x10, 0x00, // F.......E.......
	0x02, 0x00, 0x00, 0x00, 0xe6, 0x0a, 0x10, 0x00, 0x01, 0x00, 0x00, 0x00, 0x46, 0x7e, 0x10, 0x00, // ............F~..
	0x00, 0x00, 0x00, 0x00, 0x00, 0x60, 0x10, 0x00, 0x00, 0x00, 0x00, 0x00, 0x45, 0x00, 0x00, 0x09, // .....`......E...
	0xf2, 0x00, 0x10, 0x00, 0x01, 0x00, 0x00, 0x00, 0x46, 0x00, 0x10, 0x00, 0x01, 0x00, 0x00, 0x00, // ........F.......
	0x46, 0x7e, 0x10, 0x00, 0x00, 0x00, 0x00, 0x00, 0x00, 0x60, 0x10, 0x00, 0x00, 0x00, 0x00, 0x00, // F~.......`......
	0x10, 0x00, 0x00, 0x0a, 0x22, 0x00, 0x10, 0x00, 0x00, 0x00, 0x00, 0x00, 0x46, 0x02, 0x10, 0x00, // ....".......F...
	0x01, 0x00, 0x00, 0x00, 0x02, 0x40, 0x00, 0x00, 0x87, 0x16, 0x99, 0x3e, 0xa2, 0x45, 0x16, 0x3f, // .....@.....>.E.?
	0xd5, 0x78, 0xe9, 0x3d, 0x00, 0x00, 0x00, 0x00, 0x10, 0x00, 0x00, 0x0a, 0x42, 0x00, 0x10, 0x00, // .x.=........B...
	0x00, 0x00, 0x00, 0x00, 0x46, 0x02, 0x10, 0x00, 0x02, 0x00, 0x00, 0x00, 0x02, 0x40, 0x00, 0x00, // ....F........@..
	0x87, 0x16, 0x99, 0x3e, 0xa2, 0x45, 0x16, 0x3f, 0xd5, 0x78, 0xe9, 0x3d, 0x00, 0x00, 0x00, 0x00, // ...>.E.?.x.=....
	0x00, 0x00, 0x00, 0x07, 0x82, 0x00, 0x10, 0x00, 0x00, 0x00, 0x00, 0x00, 0x2a, 0x00, 0x10, 0x00, // ............*...
	0x00, 0x00, 0x00, 0x00, 0x0a, 0x00, 0x10, 0x00, 0x00, 0x00, 0x00, 0x00, 0x00, 0x00, 0x00, 0x08, // ................
	0x32, 0x00, 0x10, 0x00, 0x01, 0x00, 0x00, 0x00, 0x46, 0x10, 0x10, 0x00, 0x01, 0x00, 0x00, 0x00, // 2.......F.......
	0x96, 0x85, 0x20, 0x00, 0x00, 0x00, 0x00, 0x00, 0x00, 0x00, 0x00, 0x00, 0x45, 0x00, 0x00, 0x09, // .. .........E...
	0xf2, 0x00, 0x10, 0x00, 0x01, 0x00, 0x00, 0x00, 0x46, 0x00, 0x10, 0x00, 0x01, 0x00, 0x00, 0x00, // ........F.......
	0x46, 0x7e, 0x10, 0x00, 0x00, 0x00, 0x00, 0x00, 0x00, 0x60, 0x10, 0x00, 0x00, 0x00, 0x00, 0x00, // F~.......`......
	0x10, 0x00, 0x00, 0x0a, 0x12, 0x00, 0x10, 0x00, 0x01, 0x00, 0x00, 0x00, 0x46, 0x02, 0x10, 0x00, // ............F...
	0x01, 0x00, 0x00, 0x00, 0x02, 0x40, 0x00, 0x00, 0x87, 0x16, 0x99, 0x3e, 0xa2, 0x45, 0x16, 0x3f, // .....@.....>.E.?
	0xd5, 0x78, 0xe9, 0x3d, 0x00, 0x00, 0x00, 0x00, 0x00, 0x00, 0x00, 0x07, 0x22, 0x00, 0x10, 0x00, // .x.=........"...
	0x01, 0x00, 0x00, 0x00, 0x1a, 0x00, 0x10, 0x00, 0x00, 0x00, 0x00, 0x00, 0x0a, 0x00, 0x10, 0x00, // ................
	0x01, 0x00, 0x00, 0x00, 0x00, 0x00, 0x00, 0x08, 0xa2, 0x00, 0x10, 0x00, 0x02, 0x00, 0x00, 0x00, // ................
	0xf6, 0x0f, 0x10, 0x00, 0x00, 0x00, 0x00, 0x00, 0x56, 0x05, 0x10, 0x80, 0x41, 0x00, 0x00, 0x00, // ........V...A...
	0x01, 0x00, 0x00, 0x00, 0x00, 0x00, 0x00, 0x07, 0x82, 0x00, 0x10, 0x00, 0x00, 0x00, 0x00, 0x00, // ................
	0x1a, 0x00, 0x10, 0x00, 0x00, 0x00, 0x00, 0x00, 0x0a, 0x00, 0x10, 0x00, 0x00, 0x00, 0x00, 0x00, // ................
	0x00, 0x00, 0x00, 0x07, 0x22, 0x00, 0x10, 0x00, 0x01, 0x00, 0x00, 0x00, 0x2a, 0x00, 0x10, 0x00, // ....".......*...
	0x00, 0x00, 0x00, 0x00, 0x0a, 0x00, 0x10, 0x00, 0x01, 0x00, 0x00, 0x00, 0x00, 0x00, 0x00, 0x08, // ................
	0x22, 0x00, 0x10, 0x00, 0x01, 0x00, 0x00, 0x00, 0x3a, 0x00, 0x10, 0x00, 0x00, 0x00, 0x00, 0x00, // ".......:.......
	0x1a, 0x00, 0x10, 0x80, 0x41, 0x00, 0x00, 0x00, 0x01, 0x00, 0x00, 0x00, 0x00, 0x00, 0x00, 0x07, // ....A...........
	0x82, 0x00, 0x10, 0x00, 0x00, 0x00, 0x00, 0x00, 0x2a, 0x00, 0x10, 0x00, 0x00, 0x00, 0x00, 0x00, // ........*.......
	0x3a, 0x00, 0x10, 0x00, 0x00, 0x00, 0x00, 0x00, 0x00, 0x00, 0x00, 0x07, 0x82, 0x00, 0x10, 0x00, // :...............
	0x00, 0x00, 0x00, 0x00, 0x0a, 0x00, 0x10, 0x00, 0x01, 0x00, 0x00, 0x00, 0x3a, 0x00, 0x10, 0x00, // ............:...
	0x00, 0x00, 0x00, 0x00, 0x38, 0x00, 0x00, 0x07, 0x82, 0x00, 0x10, 0x00, 0x00, 0x00, 0x00, 0x00, // ....8...........
	0x3a, 0x00, 0x10, 0x00, 0x00, 0x00, 0x00, 0x00, 0x01, 0x40, 0x00, 0x00, 0x00, 0x00, 0x80, 0x3d, // :........@.....=
	0x34, 0x00, 0x00, 0x07, 0x82, 0x00, 0x10, 0x00, 0x00, 0x00, 0x00, 0x00, 0x3a, 0x00, 0x10, 0x00, // 4...........:...
	0x00, 0x00, 0x00, 0x00, 0x01, 0x40, 0x00, 0x00, 0x00, 0x00, 0x00, 0x3c, 0x33, 0x00, 0x00, 0x09, // .....@.....<3...
	0x42, 0x00, 0x10, 0x00, 0x01, 0x00, 0x00, 0x00, 0x3a, 0x00, 0x10, 0x80, 0x81, 0x00, 0x00, 0x00, // B.......:.......
	0x02, 0x00, 0x00, 0x00, 0x1a, 0x00, 0x10, 0x80, 0x81, 0x00, 0x00, 0x00, 0x01, 0x00, 0x00, 0x00, // ................
	0x36, 0x00, 0x00, 0x06, 0x52, 0x00, 0x10, 0x00, 0x02, 0x00, 0x00, 0x00, 0x56, 0x05, 0x10, 0x80, // 6...R.......V...
	0x41, 0x00, 0x00, 0x00, 0x01, 0x00, 0x00, 0x00, 0x00, 0x00, 0x00, 0x07, 0x82, 0x00, 0x10, 0x00, // A...............
	0x00, 0x00, 0x00, 0x00, 0x3a, 0x00, 0x10, 0x00, 0x00, 0x00, 0x00, 0x00, 0x2a, 0x00, 0x10, 0x00, // ....:.......*...
	0x01, 0x00, 0x00, 0x00, 0x0e, 0x00, 0x00, 0x0a, 0x82, 0x00, 0x10, 0x00, 0x00, 0x00, 0x00, 0x00, // ................
	0x02, 0x40, 0x00, 0x00, 0x00, 0x00, 0x80, 0x3f, 0x00, 0x00, 0x80, 0x3f, 0x00, 0x00, 0x80, 0x3f, // .@.....?...?...?
	0x00, 0x00, 0x80, 0x3f, 0x3a, 0x00, 0x10, 0x00, 0x00, 0x00, 0x00, 0x00, 0x38, 0x00, 0x00, 0x07, // ...?:.......8...
	0xf2, 0x00, 0x10, 0x00, 0x02, 0x00, 0x00, 0x00, 0xf6, 0x0f, 0x10, 0x00, 0x00, 0x00, 0x00, 0x00, // ................
	0x46, 0x0e, 0x10, 0x00, 0x02, 0x00, 0x00, 0x00, 0x34, 0x00, 0x00, 0x0a, 0xf2, 0x00, 0x10, 0x00, // F.......4.......
	0x02, 0x00, 0x00, 0x00, 0x46, 0x0e, 0x10, 0x00, 0x02, 0x00, 0x00, 0x00, 0x02, 0x40, 0x00, 0x00, // ....F........@..
	0x00, 0x00, 0x00, 0xc1, 0x00, 0x00, 0x00, 0xc1, 0x00, 0x00, 0x00, 0xc1, 0x00, 0x00, 0x00, 0xc1, // ................
	0x33, 0x00, 0x00, 0x0a, 0xf2, 0x00, 0x10, 0x00, 0x02, 0x00, 0x00, 0x00, 0x46, 0x0e, 0x10, 0x00, // 3...........F...
	0x02, 0x00, 0x00, 0x00, 0x02, 0x40, 0x00, 0x00, 0x00, 0x00, 0x00, 0x41, 0x00, 0x00, 0x00, 0x41, // .....@.....A...A
	0x00, 0x00, 0x00, 0x41, 0x00, 0x00, 0x00, 0x41, 0x38, 0x00, 0x00, 0x08, 0xf2, 0x00, 0x10, 0x00, // ...A...A8.......
	0x02, 0x00, 0x00, 0x00, 0x46, 0x0e, 0x10, 0x00, 0x02, 0x00, 0x00, 0x00, 0x96, 0x89, 0x20, 0x00, // ....F......... .
	0x00, 0x00, 0x00, 0x00, 0x00, 0x00, 0x00, 0x00, 0x32, 0x00, 0x00, 0x0c, 0xf2, 0x00, 0x10, 0x00, // ........2.......
	0x03, 0x00, 0x00, 0x00, 0x46, 0x0e, 0x10, 0x00, 0x02, 0x00, 0x00, 0x00, 0x02, 0x40, 0x00, 0x00, // ....F........@..
	0x00, 0x00, 0x00, 0xbf, 0x00, 0x00, 0x00, 0xbf, 0x00, 0x00, 0x00, 0x3f, 0x00, 0x00, 0x00, 0x3f, // ...........?...?
	0x46, 0x14, 0x10, 0x00, 0x01, 0x00, 0x00, 0x00, 0x32, 0x00, 0x00, 0x0c, 0xf2, 0x00, 0x10, 0x00, // F.......2.......
	0x02, 0x00, 0x00, 0x00, 0xe6, 0x0e, 0x10, 0x00, 0x02, 0x00, 0x00, 0x00, 0x02, 0x40, 0x00, 0x00, // .............@..
	0xab, 0xaa, 0x2a, 0xbe, 0xab, 0xaa, 0x2a, 0xbe, 0xab, 0xaa, 0x2a, 0x3e, 0xab, 0xaa, 0x2a, 0x3e, // ..*...*...*>..*>
	0x46, 0x14, 0x10, 0x00, 0x01, 0x00, 0x00, 0x00, 0x45, 0x00, 0x00, 0x09, 0xf2, 0x00, 0x10, 0x00, // F.......E.......
	0x04, 0x00, 0x00, 0x00, 0x46, 0x00, 0x10, 0x00, 0x03, 0x00, 0x00, 0x00, 0x46, 0x7e, 0x10, 0x00, // ....F.......F~..
	0x00, 0x00, 0x00, 0x00, 0x00, 0x60, 0x10, 0x00, 0x00, 0x00, 0x00, 0x00, 0x45, 0x00, 0x00, 0x09, // .....`......E...
	0xf2, 0x00, 0x10, 0x00, 0x03, 0x00, 0x00, 0x00, 0xe6, 0x0a, 0x10, 0x00, 0x03, 0x00, 0x00, 0x00, // ................
	0x46, 0x7e, 0x10, 0x00, 0x00, 0x00, 0x00, 0x00, 0x00, 0x60, 0x10, 0x00, 0x00, 0x00, 0x00, 0x00, // F~.......`......
	0x00, 0x00, 0x00, 0x07, 0xe2, 0x00, 0x10, 0x00, 0x01, 0x00, 0x00, 0x00, 0x06, 0x09, 0x10, 0x00, // ................
	0x03, 0x00, 0x00, 0x00, 0x06, 0x09, 0x10, 0x00, 0x04, 0x00, 0x00, 0x00, 0x38, 0x00, 0x00, 0x0a, // ............8...
	0xe2, 0x00, 0x10, 0x00, 0x01, 0x00, 0x00, 0x00, 0x56, 0x0e, 0x10, 0x00, 0x01, 0x00, 0x00, 0x00, // ........V.......
	0x02, 0x40, 0x00, 0x00, 0x00, 0x00, 0x00, 0x00, 0x00, 0x00, 0x80, 0x3e, 0x00, 0x00, 0x80, 0x3e, // .@.........>...>
	0x00, 0x00, 0x80, 0x3e, 0x45, 0x00, 0x00, 0x09, 0xf2, 0x00, 0x10, 0x00, 0x03, 0x00, 0x00, 0x00, // ...>E...........
	0x46, 0x00, 0x10, 0x00, 0x02, 0x00, 0x00, 0x00, 0x46, 0x7e, 0x10, 0x00, 0x00, 0x00, 0x00, 0x00, // F.......F~......
	0x00, 0x60, 0x10, 0x00, 0x00, 0x00, 0x00, 0x00, 0x45, 0x00, 0x00, 0x09, 0xf2, 0x00, 0x10, 0x00, // .`......E.......
	0x02, 0x00, 0x00, 0x00, 0xe6, 0x0a, 0x10, 0x00, 0x02, 0x00, 0x00, 0x00, 0x46, 0x7e, 0x10, 0x00, // ............F~..
	0x00, 0x00, 0x00, 0x00, 0x00, 0x60, 0x10, 0x00, 0x00, 0x00, 0x00, 0x00, 0x00, 0x00, 0x00, 0x07, // .....`..........
	0x72, 0x00, 0x10, 0x00, 0x02, 0x00, 0x00, 0x00, 0x46, 0x02, 0x10, 0x00, 0x02, 0x00, 0x00, 0x00, // r.......F.......
	0x46, 0x02, 0x10, 0x00, 0x03, 0x00, 0x00, 0x00, 0x32, 0x00, 0x00, 0x0c, 0xe2, 0x00, 0x10, 0x00, // F.......2.......
	0x01, 0x00, 0x00, 0x00, 0x06, 0x09, 0x10, 0x00, 0x02, 0x00, 0x00, 0x00, 0x02, 0x40, 0x00, 0x00, // .............@..
	0x00, 0x00, 0x00, 0x00, 0x00, 0x00, 0x80, 0x3e, 0x00, 0x00, 0x80, 0x3e, 0x00, 0x00, 0x80, 0x3e, // .......>...>...>
	0x56, 0x0e, 0x10, 0x00, 0x01, 0x00, 0x00, 0x00, 0x38, 0x00, 0x00, 0x0a, 0x72, 0x00, 0x10, 0x00, // V.......8...r...
	0x02, 0x00, 0x00, 0x00, 0x46, 0x02, 0x10, 0x00, 0x02, 0x00, 0x00, 0x00, 0x02, 0x40, 0x00, 0x00, // ....F........@..
	0x00, 0x00, 0x00, 0x3f, 0x00, 0x00, 0x00, 0x3f, 0x00, 0x00, 0x00, 0x3f, 0x00, 0x00, 0x00, 0x00, // ...?...?...?....
	0x10, 0x00, 0x00, 0x0a, 0x82, 0x00, 0x10, 0x00, 0x00, 0x00, 0x00, 0x00, 0x96, 0x07, 0x10, 0x00, // ................
	0x01, 0x00, 0x00, 0x00, 0x02, 0x40, 0x00, 0x00, 0x87, 0x16, 0x99, 0x3e, 0xa2, 0x45, 0x16, 0x3f, // .....@.....>.E.?
	0xd5, 0x78, 0xe9, 0x3d, 0x00, 0x00, 0x00, 0x00, 0x33, 0x00, 0x00, 0x07, 0x82, 0x00, 0x10, 0x00, // .x.=....3.......
	0x02, 0x00, 0x00, 0x00, 0x1a, 0x00, 0x10, 0x00, 0x00, 0x00, 0x00, 0x00, 0x0a, 0x00, 0x10, 0x00, // ................
	0x00, 0x00, 0x00, 0x00, 0x34, 0x00, 0x00, 0x07, 0x12, 0x00, 0x10, 0x00, 0x00, 0x00, 0x00, 0x00, // ....4...........
	0x1a, 0x00, 0x10, 0x00, 0x00, 0x00, 0x00, 0x00, 0x0a, 0x00, 0x10, 0x00, 0x00, 0x00, 0x00, 0x00, // ................
	0x33, 0x00, 0x00, 0x07, 0x22, 0x00, 0x10, 0x00, 0x00, 0x00, 0x00, 0x00, 0x2a, 0x00, 0x10, 0x00, // 3...".......*...
	0x00, 0x00, 0x00, 0x00, 0x0a, 0x00, 0x10, 0x00, 0x01, 0x00, 0x00, 0x00, 0x34, 0x00, 0x00, 0x07, // ............4...
	0x42, 0x00, 0x10, 0x00, 0x00, 0x00, 0x00, 0x00, 0x2a, 0x00, 0x10, 0x00, 0x00, 0x00, 0x00, 0x00, // B.......*.......
	0x0a, 0x00, 0x10, 0x00, 0x01, 0x00, 0x00, 0x00, 0x34, 0x00, 0x00, 0x07, 0x12, 0x00, 0x10, 0x00, // ........4.......
	0x00, 0x00, 0x00, 0x00, 0x2a, 0x00, 0x10, 0x00, 0x00, 0x00, 0x00, 0x00, 0x0a, 0x00, 0x10, 0x00, // ....*...........
	0x00, 0x00, 0x00, 0x00, 0x33, 0x00, 0x00, 0x07, 0x22, 0x00, 0x10, 0x00, 0x00, 0x00, 0x00, 0x00, // ....3...".......
	0x1a, 0x00, 0x10, 0x00, 0x00, 0x00, 0x00, 0x00, 0x3a, 0x00, 0x10, 0x00, 0x02, 0x00, 0x00, 0x00, // ........:.......
	0x45, 0x00, 0x00, 0x09, 0xf2, 0x00, 0x10, 0x00, 0x03, 0x00, 0x00, 0x00, 0x46, 0x10, 0x10, 0x00, // E...........F...
	0x01, 0x00, 0x00, 0x00, 0x46, 0x7e, 0x10, 0x00, 0x00, 0x00, 0x00, 0x00, 0x00, 0x60, 0x10, 0x00, // ....F~.......`..
	0x00, 0x00, 0x00, 0x00, 0x10, 0x00, 0x00, 0x0a, 0x42, 0x00, 0x10, 0x00, 0x00, 0x00, 0x00, 0x00, // ........B.......
	0x46, 0x02, 0x10, 0x00, 0x03, 0x00, 0x00, 0x00, 0x02, 0x40, 0x00, 0x00, 0x87, 0x16, 0x99, 0x3e, // F........@.....>
	0xa2, 0x45, 0x16, 0x3f, 0xd5, 0x78, 0xe9, 0x3d, 0x00, 0x00, 0x00, 0x00, 0x33, 0x00, 0x00, 0x07, // .E.?.x.=....3...
	0x22, 0x00, 0x10, 0x00, 0x00, 0x00, 0x00, 0x00, 0x1a, 0x00, 0x10, 0x00, 0x00, 0x00, 0x00, 0x00, // "...............
	0x2a, 0x00, 0x10, 0x00, 0x00, 0x00, 0x00, 0x00, 0x34, 0x00, 0x00, 0x07, 0x12, 0x00, 0x10, 0x00, // *.......4.......
	0x00, 0x00, 0x00, 0x00, 0x0a, 0x00, 0x10, 0x00, 0x00, 0x00, 0x00, 0x00, 0x2a, 0x00, 0x10, 0x00, // ............*...
	0x00, 0x00, 0x00, 0x00, 0x31, 0x00, 0x00, 0x07, 0x32, 0x00, 0x10, 0x00, 0x00, 0x00, 0x00, 0x00, // ....1...2.......
	0xc6, 0x00, 0x10, 0x00, 0x00, 0x00, 0x00, 0x00, 0x76, 0x0f, 0x10, 0x00, 0x00, 0x00, 0x00, 0x00, // ........v.......
	0x3c, 0x00, 0x00, 0x07, 0x12, 0x00, 0x10, 0x00, 0x00, 0x00, 0x00, 0x00, 0x0a, 0x00, 0x10, 0x00, // <...............
	0x00, 0x00, 0x00, 0x00, 0x1a, 0x00, 0x10, 0x00, 0x00, 0x00, 0x00, 0x00, 0x37, 0x00, 0x00, 0x09, // ............7...
	0x72, 0x00, 0x10, 0x00, 0x00, 0x00, 0x00, 0x00, 0x06, 0x00, 0x10, 0x00, 0x00, 0x00, 0x00, 0x00, // r...............
	0x46, 0x02, 0x10, 0x00, 0x02, 0x00, 0x00, 0x00, 0x96, 0x07, 0x10, 0x00, 0x01, 0x00, 0x00, 0x00, // F...............
	0x31, 0x00, 0x00, 0x0b, 0x32, 0x00, 0x10, 0x00, 0x01, 0x00, 0x00, 0x00, 0x02, 0x40, 0x00, 0x00, // 1...2........@..
	0x00, 0x00, 0x00, 0x3f, 0x00, 0x00, 0x00, 0x3f, 0x00, 0x00, 0x00, 0x00, 0x00, 0x00, 0x00, 0x00, // ...?...?........
	0x36, 0x8f, 0x20, 0x00, 0x00, 0x00, 0x00, 0x00, 0x00, 0x00, 0x00, 0x00, 0x37, 0x00, 0x00, 0x09, // 6. .........7...
	0x72, 0x00, 0x10, 0x00, 0x00, 0x00, 0x00, 0x00, 0x56, 0x05, 0x10, 0x00, 0x01, 0x00, 0x00, 0x00, // r.......V.......
	0x46, 0x02, 0x10, 0x00, 0x00, 0x00, 0x00, 0x00, 0x46, 0x02, 0x10, 0x00, 0x03, 0x00, 0x00, 0x00, // F.......F.......
	0x31, 0x00, 0x00, 0x0a, 0xf2, 0x00, 0x10, 0x00, 0x02, 0x00, 0x00, 0x00, 0x02, 0x40, 0x00, 0x00, // 1............@..
	0x7f, 0x7f, 0x7f, 0x3f, 0x7f, 0x7f, 0x7f, 0x3f, 0x7f, 0x7f, 0x7f, 0x3f, 0x7f, 0x7f, 0x7f, 0x3f, // ...?...?...?...?
	0x46, 0x0e, 0x10, 0x00, 0x03, 0x00, 0x00, 0x00, 0x11, 0x00, 0x00, 0x0a, 0x82, 0x00, 0x10, 0x00, // F...............
	0x00, 0x00, 0x00, 0x00, 0x46, 0x0e, 0x10, 0x00, 0x03, 0x00, 0x00, 0x00, 0x02, 0x40, 0x00, 0x00, // ....F........@..
	0x00, 0x00, 0x7f, 0x4b, 0x00, 0x00, 0x7f, 0x47, 0x00, 0x00, 0x7f, 0x43, 0x00, 0x00, 0x7f, 0x4f, // ...K...G...C...O
	0x00, 0x00, 0x00, 0x09, 0x82, 0x00, 0x10, 0x00, 0x00, 0x00, 0x00, 0x00, 0x3a, 0x00, 0x10, 0x00, // ............:...
	0x00, 0x00, 0x00, 0x00, 0x1a, 0x80, 0x20, 0x80, 0x41, 0x00, 0x00, 0x00, 0x00, 0x00, 0x00, 0x00, // ...... .A.......
	0x00, 0x00, 0x00, 0x00, 0x01, 0x00, 0x00, 0x07, 0x22, 0x00, 0x10, 0x00, 0x01, 0x00, 0x00, 0x00, // ........".......
	0x1a, 0x00, 0x10, 0x00, 0x02, 0x00, 0x00, 0x00, 0x0a, 0x00, 0x10, 0x00, 0x02, 0x00, 0x00, 0x00, // ................
	0x01, 0x00, 0x00, 0x07, 0x22, 0x00, 0x10, 0x00, 0x01, 0x00, 0x00, 0x00, 0x2a, 0x00, 0x10, 0x00, // ....".......*...
	0x02, 0x00, 0x00, 0x00, 0x1a, 0x00, 0x10, 0x00, 0x01, 0x00, 0x00, 0x00, 0x01, 0x00, 0x00, 0x07, // ................
	0x22, 0x00, 0x10, 0x00, 0x01, 0x00, 0x00, 0x00, 0x3a, 0x00, 0x10, 0x00, 0x02, 0x00, 0x00, 0x00, // ".......:.......
	0x1a, 0x00, 0x10, 0x00, 0x01, 0x00, 0x00, 0x00, 0x00, 0x00, 0x00, 0x0a, 0x42, 0x00, 0x10, 0x00, // ............B...
	0x01, 0x00, 0x00, 0x00, 0x1a, 0x80, 0x20, 0x80, 0x41, 0x00, 0x00, 0x00, 0x00, 0x00, 0x00, 0x00, // ...... .A.......
	0x00, 0x00, 0x00, 0x00, 0x2a, 0x80, 0x20, 0x00, 0x00, 0x00, 0x00, 0x00, 0x00, 0x00, 0x00, 0x00, // ....*. .........
	0x0e, 0x20, 0x00, 0x07, 0x82, 0x00, 0x10, 0x00, 0x00, 0x00, 0x00, 0x00, 0x3a, 0x00, 0x10, 0x00, // . ..........:...
	0x00, 0x00, 0x00, 0x00, 0x2a, 0x00, 0x10, 0x00, 0x01, 0x00, 0x00, 0x00, 0x31, 0x00, 0x00, 0x09, // ....*.......1...
	0x42, 0x00, 0x10, 0x00, 0x01, 0x00, 0x00, 0x00, 0x1a, 0x80, 0x20, 0x00, 0x00, 0x00, 0x00, 0x00, // B......... .....
	0x00, 0x00, 0x00, 0x00, 0x2a, 0x80, 0x20, 0x00, 0x00, 0x00, 0x00, 0x00, 0x00, 0x00, 0x00, 0x00, // ....*. .........
	0x37, 0x00, 0x00, 0x09, 0x82, 0x00, 0x10, 0x00, 0x00, 0x00, 0x00, 0x00, 0x2a, 0x00, 0x10, 0x00, // 7...........*...
	0x01, 0x00, 0x00, 0x00, 0x3a, 0x00, 0x10, 0x00, 0x00, 0x00, 0x00, 0x00, 0x01, 0x40, 0x00, 0x00, // ....:........@..
	0x00, 0x00, 0x00, 0x3f, 0x32, 0x00, 0x00, 0x09, 0x42, 0x00, 0x10, 0x00, 0x01, 0x00, 0x00, 0x00, // ...?2...B.......
	0x3a, 0x00, 0x10, 0x00, 0x00, 0x00, 0x00, 0x00, 0x01, 0x40, 0x00, 0x00, 0x00, 0x00, 0x00, 0x40, // :........@.....@
	0x01, 0x40, 0x00, 0x00, 0x00, 0x00, 0x80, 0xbf, 0x32, 0x00, 0x00, 0x0f, 0xc2, 0x00, 0x10, 0x00, // .@......2.......
	0x02, 0x00, 0x00, 0x00, 0xf6, 0x0f, 0x10, 0x00, 0x00, 0x00, 0x00, 0x00, 0x02, 0x40, 0x00, 0x00, // .............@..
	0x00, 0x00, 0x00, 0x00, 0x00, 0x00, 0x00, 0x00, 0x9a, 0x99, 0x59, 0x3f, 0x9a, 0x99, 0x59, 0xbf, // ..........Y?..Y.
	0x02, 0x40, 0x00, 0x00, 0x00, 0x00, 0x00, 0x00, 0x00, 0x00, 0x00, 0x00, 0x9a, 0x99, 0x19, 0x3e, // .@.............>
	0x00, 0x00, 0x80, 0x3f, 0x00, 0x00, 0x00, 0x08, 0x82, 0x00, 0x10, 0x00, 0x00, 0x00, 0x00, 0x00, // ...?............
	0x2a, 0x00, 0x10, 0x80, 0xc1, 0x00, 0x00, 0x00, 0x01, 0x00, 0x00, 0x00, 0x01, 0x40, 0x00, 0x00, // *............@..
	0x00, 0x00, 0x80, 0x3f, 0x32, 0x00, 0x00, 0x09, 0x22, 0x00, 0x10, 0x00, 0x02, 0x00, 0x00, 0x00, // ...?2...".......
	0x3a, 0x00, 0x10, 0x00, 0x00, 0x00, 0x00, 0x00, 0x01, 0x40, 0x00, 0x00, 0x33, 0x33, 0x33, 0x3f, // :........@..333?
	0x01, 0x40, 0x00, 0x00, 0x9a, 0x99, 0x99, 0x3e, 0x37, 0x00, 0x00, 0x0c, 0xe2, 0x00, 0x10, 0x00, // .@.....>7.......
	0x01, 0x00, 0x00, 0x00, 0x56, 0x05, 0x10, 0x00, 0x01, 0x00, 0x00, 0x00, 0x02, 0x40, 0x00, 0x00, // ....V........@..
	0x00, 0x00, 0x00, 0x00, 0x00, 0x00, 0x80, 0x3f, 0x00, 0x00, 0x80, 0x3f, 0x00, 0x00, 0x80, 0x3f, // .......?...?...?
	0xa6, 0x07, 0x10, 0x00, 0x02, 0x00, 0x00, 0x00, 0x37, 0x00, 0x00, 0x09, 0x72, 0x20, 0x10, 0x00, // ........7...r ..
	0x00, 0x00, 0x00, 0x00, 0x06, 0x00, 0x10, 0x00, 0x01, 0x00, 0x00, 0x00, 0x96, 0x07, 0x10, 0x00, // ................
	0x01, 0x00, 0x00, 0x00, 0x46, 0x02, 0x10, 0x00, 0x00, 0x00, 0x00, 0x00, 0x36, 0x00, 0x00, 0x05, // ....F.......6...
	0x82, 0x20, 0x10, 0x00, 0x00, 0x00, 0x00, 0x00, 0x01, 0x40, 0x00, 0x00, 0x00, 0x00, 0x80, 0x3f, // . .......@.....?
	0x3e, 0x00, 0x00, 0x01, 0x00, 0x00, 0x10, 0x00,                                                 // >.......
};

static const uint8_t fs_present_dx12[2948] =
{
	0x46, 0x53, 0x48, 0x0b, 0x89, 0xeb, 0xbe, 0x46, 0x00, 0x00, 0x00, 0x00, 0x02, 0x00, 0x0e, 0x75, // FSH....F.......u
	0x50, 0x72, 0x65, 0x73, 0x65, 0x6e, 0x74, 0x50, 0x61, 0x72, 0x61, 0x6d, 0x73, 0x12, 0x00, 0x00, // PresentParams...
	0x00, 0x01, 0x00, 0x00, 0x00, 0x00, 0x00, 0x0a, 0x73, 0x5f, 0x74, 0x65, 0x78, 0x43, 0x6f, 0x6c, // ........s_texCol
	0x6f, 0x72, 0x30, 0x01, 0x00, 0x00, 0x01, 0x00, 0x00, 0x00, 0x00, 0x00, 0x40, 0x0b, 0x00, 0x00, // or0.........@...
	0x44, 0x58, 0x42, 0x43, 0x5d, 0xf2, 0x00, 0xae, 0x84, 0xd3, 0x8f, 0x37, 0x5f, 0x45, 0x45, 0xc5, // DXBC]......7_EE.
	0xa7, 0xcb, 0x29, 0x1a, 0x01, 0x00, 0x00, 0x00, 0x40, 0x0b, 0x00, 0x00, 0x03, 0x00, 0x00, 0x00, // ..).....@.......
	0x2c, 0x00, 0x00, 0x00, 0x84, 0x00, 0x00, 0x00, 0xb8, 0x00, 0x00, 0x00, 0x49, 0x53, 0x47, 0x4e, // ,...........ISGN
	0x50, 0x00, 0x00, 0x00, 0x02, 0x00, 0x00, 0x00, 0x08, 0x00, 0x00, 0x00, 0x38, 0x00, 0x00, 0x00, // P...........8...
	0x00, 0x00, 0x00, 0x00, 0x01, 0x00, 0x00, 0x00, 0x03, 0x00, 0x00, 0x00, 0x00, 0x00, 0x00, 0x00, // ................
	0x0f, 0x00, 0x00, 0x00, 0x44, 0x00, 0x00, 0x00, 0x00, 0x00, 0x00, 0x00, 0x00, 0x00, 0x00, 0x00, // ....D...........
	0x03, 0x00, 0x00, 0x00, 0x01, 0x00, 0x00, 0x00, 0x03, 0x03, 0x00, 0x00, 0x53, 0x56, 0x5f, 0x50, // ............SV_P
	0x4f, 0x53, 0x49, 0x54, 0x49, 0x4f, 0x4e, 0x00, 0x54, 0x45, 0x58, 0x43, 0x4f, 0x4f, 0x52, 0x44, // OSITION.TEXCOORD
	0x00, 0xab, 0xab, 0xab, 0x4f, 0x53, 0x47, 0x4e, 0x2c, 0x00, 0x00, 0x00, 0x01, 0x00, 0x00, 0x00, // ....OSGN,.......
	0x08, 0x00, 0x00, 0x00, 0x20, 0x00, 0x00, 0x00, 0x00, 0x00, 0x00, 0x00, 0x00, 0x00, 0x00, 0x00, // .... ...........
	0x03, 0x00, 0x00, 0x00, 0x00, 0x00, 0x00, 0x00, 0x0f, 0x00, 0x00, 0x00, 0x53, 0x56, 0x5f, 0x54, // ............SV_T
	0x41, 0x52, 0x47, 0x45, 0x54, 0x00, 0xab, 0xab, 0x53, 0x48, 0x45, 0x58, 0x80, 0x0a, 0x00, 0x00, // ARGET...SHEX....
	0x50, 0x00, 0x00, 0x00, 0xa0, 0x02, 0x00, 0x00, 0x6a, 0x08, 0x00, 0x01, 0x59, 0x00, 0x00, 0x04, // P.......j...Y...
	0x46, 0x8e, 0x20, 0x00, 0x00, 0x00, 0x00, 0x00, 0x01, 0x00, 0x00, 0x00, 0x5a, 0x00, 0x00, 0x03, // F. .........Z...
	0x00, 0x60, 0x10, 0x00, 0x00, 0x00, 0x00, 0x00, 0x58, 0x18, 0x00, 0x04, 0x00, 0x70, 0x10, 0x00, // .`......X....p..
	0x00, 0x00, 0x00, 0x00, 0x55, 0x55, 0x00, 0x00, 0x62, 0x10, 0x00, 0x03, 0x32, 0x10, 0x10, 0x00, // ....UU..b...2...
	0x01, 0x00, 0x00, 0x00, 0x65, 0x00, 0x00, 0x03, 0xf2, 0x20, 0x10, 0x00, 0x00, 0x00, 0x00, 0x00, // ....e.... ......
	0x68, 0x00, 0x00, 0x02, 0x04, 0x00, 0x00, 0x00, 0x00, 0x00, 0x00, 0x09, 0x32, 0x00, 0x10, 0x00, // h...........2...
	0x00, 0x00, 0x00, 0x00, 0x46, 0x10, 0x10, 0x00, 0x01, 0x00, 0x00, 0x00, 0x96, 0x85, 0x20, 0x80, // ....F......... .
	0x41, 0x00, 0x00, 0x00, 0x00, 0x00, 0x00, 0x00, 0x00, 0x00, 0x00, 0x00, 0x45, 0x00, 0x00, 0x8b, // A...........E...
	0xc2, 0x00, 0x00, 0x80, 0x43, 0x55, 0x15, 0x00, 0x72, 0x00, 0x10, 0x00, 0x00, 0x00, 0x00, 0x00, // ....CU..r.......
	0x46, 0x00, 0x10, 0x00, 0x00, 0x00, 0x00, 0x00, 0x46, 0x7e, 0x10, 0x00, 0x00, 0x00, 0x00, 0x00, // F.......F~......
	0x00, 0x60, 0x10, 0x00, 0x00, 0x00, 0x00, 0x00, 0x10, 0x00, 0x00, 0x0a, 0x12, 0x00, 0x10, 0x00, // .`..............
	0x00, 0x00, 0x00, 0x00, 0x46, 0x02, 0x10, 0x00, 0x00, 0x00, 0x00, 0x00, 0x02, 0x40, 0x00, 0x00, // ....F........@..
	0x87, 0x16, 0x99, 0x3e, 0xa2, 0x45, 0x16, 0x3f, 0xd5, 0x78, 0xe9, 0x3d, 0x00, 0x00, 0x00, 0x00, // ...>.E.?.x.=....
	0x32, 0x00, 0x00, 0x0d, 0xf2, 0x00, 0x10, 0x00, 0x01, 0x00, 0x00, 0x00, 0x96, 0x89, 0x20, 0x00, // 2............. .
	0x00, 0x00, 0x00, 0x00, 0x00, 0x00, 0x00, 0x00, 0x02, 0x40, 0x00, 0x00, 0x00, 0x00, 0x80, 0x3f, // .........@.....?
	0x00, 0x00, 0x80, 0xbf, 0x00, 0x00, 0x80, 0xbf, 0x00, 0x00, 0x80, 0x3f, 0x46, 0x14, 0x10, 0x00, // ...........?F...
	0x01, 0x00, 0x00, 0x00, 0x45, 0x00, 0x00, 0x8b, 0xc2, 0x00, 0x00, 0x80, 0x43, 0x55, 0x15, 0x00, // ....E.......CU..
	0xe2, 0x00, 0x10, 0x00, 0x00, 0x00, 0x00, 0x00, 0xe6, 0x0a, 0x10, 0x00, 0x01, 0x00, 0x00, 0x00, // ................
	0x36, 0x79, 0x10, 0x00, 0x00, 0x00, 0x00, 0x00, 0x00, 0x60, 0x10, 0x00, 0x00, 0x00, 0x00, 0x00, // 6y.......`......
	0x45, 0x00, 0x00, 0x8b, 0xc2, 0x00, 0x00, 0x80, 0x43, 0x55, 0x15, 0x00, 0x72, 0x00, 0x10, 0x00, // E.......CU..r...
	0x01, 0x00, 0x00, 0x00, 0x46, 0x00, 0x10, 0x00, 0x01, 0x00, 0x00, 0x00, 0x46, 0x7e, 0x10, 0x00, // ....F.......F~..
	0x00, 0x00, 0x00, 0x00, 0x00, 0x60, 0x10, 0x00, 0x00, 0x00, 0x00, 0x00, 0x10, 0x00, 0x00, 0x0a, // .....`..........
	0x12, 0x00, 0x10, 0x00, 0x01, 0x00, 0x00, 0x00, 0x46, 0x02, 0x10, 0x00, 0x01, 0x00, 0x00, 0x00, // ........F.......
	0x02, 0x40, 0x00, 0x00, 0x87, 0x16, 0x99, 0x3e, 0xa2, 0x45, 0x16, 0x3f, 0xd5, 0x78, 0xe9, 0x3d, // .@.....>.E.?.x.=
	0x00, 0x00, 0x00, 0x00, 0x10, 0x00, 0x00, 0x0a, 0x22, 0x00, 0x10, 0x00, 0x00, 0x00, 0x00, 0x00, // ........".......
	0x96, 0x07, 0x10, 0x00, 0x00, 0x00, 0x00, 0x00, 0x02, 0x40, 0x00, 0x00, 0x87, 0x16, 0x99, 0x3e, // .........@.....>
	0xa2, 0x45, 0x16, 0x3f, 0xd5, 0x78, 0xe9, 0x3d, 0x00, 0x00, 0x00, 0x00, 0x00, 0x00, 0x00, 0x07, // .E.?.x.=........
	0x42, 0x00, 0x10, 0x00, 0x00, 0x00, 0x00, 0x00, 0x1a, 0x00, 0x10, 0x00, 0x00, 0x00, 0x00, 0x00, // B...............
	0x0a, 0x00, 0x10, 0x00, 0x00, 0x00, 0x00, 0x00, 0x00, 0x00, 0x00, 0x08, 0x62, 0x00, 0x10, 0x00, // ............b...
	0x01, 0x00, 0x00, 0x00, 0x06, 0x11, 0x10, 0x00, 0x01, 0x00, 0x00, 0x00, 0x56, 0x86, 0x20, 0x00, // ............V. .
	0x00, 0x00, 0x00, 0x00, 0x00, 0x00, 0x00, 0x00, 0x45, 0x00, 0x00, 0x8b, 0xc2, 0x00, 0x00, 0x80, // ........E.......
	0x43, 0x55, 0x15, 0x00, 0xe2, 0x00, 0x10, 0x00, 0x01, 0x00, 0x00, 0x00, 0x96, 0x05, 0x10, 0x00, // CU..............
	0x01, 0x00, 0x00, 0x00, 0x36, 0x79, 0x10, 0x00, 0x00, 0x00, 0x00, 0x00, 0x00, 0x60, 0x10, 0x00, // ....6y.......`..
	0x00, 0x00, 0x00, 0x00, 0x10, 0x00, 0x00, 0x0a, 0x82, 0x00, 0x10, 0x00, 0x00, 0x00, 0x00, 0x00, // ................
	0x96, 0x07, 0x10, 0x00, 0x01, 0x00, 0x00, 0x00, 0x02, 0x40, 0x00, 0x00, 0x87, 0x16, 0x99, 0x3e, // .........@.....>
	0xa2, 0x45, 0x16, 0x3f, 0xd5, 0x78, 0xe9, 0x3d, 0x00, 0x00, 0x00, 0x00, 0x00, 0x00, 0x00, 0x07, // .E.?.x.=........
	0x22, 0x00, 0x10, 0x00, 0x01, 0x00, 0x00, 0x00, 0x3a, 0x00, 0x10, 0x00, 0x00, 0x00, 0x00, 0x00, // ".......:.......
	0x0a, 0x00, 0x10, 0x00, 0x01, 0x00, 0x00, 0x00, 0x00, 0x00, 0x00, 0x08, 0xa2, 0x00, 0x10, 0x00, // ................
	0x02, 0x00, 0x00, 0x00, 0xa6, 0x0a, 0x10, 0x00, 0x00, 0x00, 0x00, 0x00, 0x56, 0x05, 0x10, 0x80, // ............V...
	0x41, 0x00, 0x00, 0x00, 0x01, 0x00, 0x00, 0x00, 0x00, 0x00, 0x00, 0x07, 0x42, 0x00, 0x10, 0x00, // A...........B...
	0x00, 0x00, 0x00, 0x00, 0x0a, 0x00, 0x10, 0x00, 0x00, 0x00, 0x00, 0x00, 0x0a, 0x00, 0x10, 0x00, // ................
	0x01, 0x00, 0x00, 0x00, 0x00, 0x00, 0x00, 0x07, 0x22, 0x00, 0x10, 0x00, 0x01, 0x00, 0x00, 0x00, // ........".......
	0x3a, 0x00, 0x10, 0x00, 0x00, 0x00, 0x00, 0x00, 0x1a, 0x00, 0x10, 0x00, 0x00, 0x00, 0x00, 0x00, // :...............
	0x00, 0x00, 0x00, 0x08, 0x22, 0x00, 0x10, 0x00, 0x01, 0x00, 0x00, 0x00, 0x2a, 0x00, 0x10, 0x00, // ....".......*...
	0x00, 0x00, 0x00, 0x00, 0x1a, 0x00, 0x10, 0x80, 0x41, 0x00, 0x00, 0x00, 0x01, 0x00, 0x00, 0x00, // ........A.......
	0x00, 0x00, 0x00, 0x07, 0x42, 0x00, 0x10, 0x00, 0x00, 0x00, 0x00, 0x00, 0x1a, 0x00, 0x10, 0x00, // ....B...........
	0x00, 0x00, 0x00, 0x00, 0x2a, 0x00, 0x10, 0x00, 0x00, 0x00, 0x00, 0x00, 0x00, 0x00, 0x00, 0x07, // ....*...........
	0x42, 0x00, 0x10, 0x00, 0x00, 0x00, 0x00, 0x00, 0x3a, 0x00, 0x10, 0x00, 0x00, 0x00, 0x00, 0x00, // B.......:.......
	0x2a, 0x00, 0x10, 0x00, 0x00, 0x00, 0x00, 0x00, 0x38, 0x00, 0x00, 0x07, 0x42, 0x00, 0x10, 0x00, // *.......8...B...
	0x00, 0x00, 0x00, 0x00, 0x2a, 0x00, 0x10, 0x00, 0x00, 0x00, 0x00, 0x00, 0x01, 0x40, 0x00, 0x00, // ....*........@..
	0x00, 0x00, 0x80, 0x3d, 0x34, 0x00, 0x00, 0x07, 0x42, 0x00, 0x10, 0x00, 0x00, 0x00, 0x00, 0x00, // ...=4...B.......
	0x2a, 0x00, 0x10, 0x00, 0x00, 0x00, 0x00, 0x00, 0x01, 0x40, 0x00, 0x00, 0x00, 0x00, 0x00, 0x3c, // *........@.....<
	0x33, 0x00, 0x00, 0x09, 0x42, 0x00, 0x10, 0x00, 0x01, 0x00, 0x00, 0x00, 0x3a, 0x00, 0x10, 0x80, // 3...B.......:...
	0x81, 0x00, 0x00, 0x00, 0x02, 0x00, 0x00, 0x00, 0x1a, 0x00, 0x10, 0x80, 0x81, 0x00, 0x00, 0x00, // ................
	0x01, 0x00, 0x00, 0x00, 0x36, 0x00, 0x00, 0x06, 0x52, 0x00, 0x10, 0x00, 0x02, 0x00, 0x00, 0x00, // ....6...R.......
	0x56, 0x05, 0x10, 0x80, 0x41, 0x00, 0x00, 0x00, 0x01, 0x00, 0x00, 0x00, 0x00, 0x00, 0x00, 0x07, // V...A...........
	0x42, 0x00, 0x10, 0x00, 0x00, 0x00, 0x00, 0x00, 0x2a, 0x00, 0x10, 0x00, 0x00, 0x00, 0x00, 0x00, // B.......*.......
	0x2a, 0x00, 0x10, 0x00, 0x01, 0x00, 0x00, 0x00, 0x0e, 0x00, 0x00, 0x0a, 0x42, 0x00, 0x10, 0x00, // *...........B...
	0x00, 0x00, 0x00, 0x00, 0x02, 0x40, 0x00, 0x00, 0x00, 0x00, 0x80, 0x3f, 0x00, 0x00, 0x80, 0x3f, // .....@.....?...?
	0x00, 0x00, 0x80, 0x3f, 0x00, 0x00, 0x80, 0x3f, 0x2a, 0x00, 0x10, 0x00, 0x00, 0x00, 0x00, 0x00, // ...?...?*.......
	0x38, 0x00, 0x00, 0x07, 0xf2, 0x00, 0x10, 0x00, 0x02, 0x00, 0x00, 0x00, 0xa6, 0x0a, 0x10, 0x00, // 8...............
	0x00, 0x00, 0x00, 0x00, 0x46, 0x0e, 0x10, 0x00, 0x02, 0x00, 0x00, 0x00, 0x34, 0x00, 0x00, 0x0a, // ....F.......4...
	0xf2, 0x00, 0x10, 0x00, 0x02, 0x00, 0x00, 0x00, 0x46, 0x0e, 0x10, 0x00, 0x02, 0x00, 0x00, 0x00, // ........F.......
	0x02, 0x40, 0x00, 0x00, 0x00, 0x00, 0x00, 0xc1, 0x00, 0x00, 0x00, 0xc1, 0x00, 0x00, 0x00, 0xc1, // .@..............
	0x00, 0x00, 0x00, 0xc1, 0x33, 0x00, 0x00, 0x0a, 0xf2, 0x00, 0x10, 0x00, 0x02, 0x00, 0x00, 0x00, // ....3...........
	0x46, 0x0e, 0x10, 0x00, 0x02, 0x00, 0x00, 0x00, 0x02, 0x40, 0x00, 0x00, 0x00, 0x00, 0x00, 0x41, // F........@.....A
	0x00, 0x00, 0x00, 0x41, 0x00, 0x00, 0x00, 0x41, 0x00, 0x00, 0x00, 0x41, 0x38, 0x00, 0x00, 0x08, // ...A...A...A8...
	0xf2, 0x00, 0x10, 0x00, 0x02, 0x00, 0x00, 0x00, 0x46, 0x0e, 0x10, 0x00, 0x02, 0x00, 0x00, 0x00, // ........F.......
	0x96, 0x89, 0x20, 0x00, 0x00, 0x00, 0x00, 0x00, 0x00, 0x00, 0x00, 0x00, 0x32, 0x00, 0x00, 0x0c, // .. .........2...
	0xf2, 0x00, 0x10, 0x00, 0x03, 0x00, 0x00, 0x00, 0x46, 0x0e, 0x10, 0x00, 0x02, 0x00, 0x00, 0x00, // ........F.......
	0x02, 0x40, 0x00, 0x00, 0x00, 0x00, 0x00, 0xbf, 0x00, 0x00, 0x00, 0xbf, 0x00, 0x00, 0x00, 0x3f, // .@.............?
	0x00, 0x00, 0x00, 0x3f, 0x46, 0x14, 0x10, 0x00, 0x01, 0x00, 0x00, 0x00, 0x32, 0x00, 0x00, 0x0c, // ...?F.......2...
	0xf2, 0x00, 0x10, 0x00, 0x02, 0x00, 0x00, 0x00, 0xe6, 0x0e, 0x10, 0x00, 0x02, 0x00, 0x00, 0x00, // ................
	0x02, 0x40, 0x00, 0x00, 0xab, 0xaa, 0x2a, 0xbe, 0xab, 0xaa, 0x2a, 0xbe, 0xab, 0xaa, 0x2a, 0x3e, // .@....*...*...*>
	0xab, 0xaa, 0x2a, 0x3e, 0x46, 0x14, 0x10, 0x00, 0x01, 0x00, 0x00, 0x00, 0x45, 0x00, 0x00, 0x8b, // ..*>F.......E...
	0xc2, 0x00, 0x00, 0x80, 0x43, 0x55, 0x15, 0x00, 0xe2, 0x00, 0x10, 0x00, 0x01, 0x00, 0x00, 0x00, // ....CU..........
	0x46, 0x00, 0x10, 0x00, 0x03, 0x00, 0x00, 0x00, 0x36, 0x79, 0x10, 0x00, 0x00, 0x00, 0x00, 0x00, // F.......6y......
	0x00, 0x60, 0x10, 0x00, 0x00, 0x00, 0x00, 0x00, 0x45, 0x00, 0x00, 0x8b, 0xc2, 0x00, 0x00, 0x80, // .`......E.......
	0x43, 0x55, 0x15, 0x00, 0x72, 0x00, 0x10, 0x00, 0x03, 0x00, 0x00, 0x00, 0xe6, 0x0a, 0x10, 0x00, // CU..r...........
	0x03, 0x00, 0x00, 0x00, 0x46, 0x7e, 0x10, 0x00, 0x00, 0x00, 0x00, 0x00, 0x00, 0x60, 0x10, 0x00, // ....F~.......`..
	0x00, 0x00, 0x00, 0x00, 0x00, 0x00, 0x00, 0x07, 0xe2, 0x00, 0x10, 0x00, 0x01, 0x00, 0x00, 0x00, // ................
	0x56, 0x0e, 0x10, 0x00, 0x01, 0x00, 0x00, 0x00, 0x06, 0x09, 0x10, 0x00, 0x03, 0x00, 0x00, 0x00, // V...............
	0x38, 0x00, 0x00, 0x0a, 0xe2, 0x00, 0x10, 0x00, 0x01, 0x00, 0x00, 0x00, 0x56, 0x0e, 0x10, 0x00, // 8...........V...
	0x01, 0x00, 0x00, 0x00, 0x02, 0x40, 0x00, 0x00, 0x00, 0x00, 0x00, 0x00, 0x00, 0x00, 0x80, 0x3e, // .....@.........>
	0x00, 0x00, 0x80, 0x3e, 0x00, 0x00, 0x80, 0x3e, 0x45, 0x00, 0x00, 0x8b, 0xc2, 0x00, 0x00, 0x80, // ...>...>E.......
	0x43, 0x55, 0x15, 0x00, 0x72, 0x00, 0x10, 0x00, 0x03, 0x00, 0x00, 0x00, 0x46, 0x00, 0x10, 0x00, // CU..r.......F...
	0x02, 0x00, 0x00, 0x00, 0x46, 0x7e, 0x10, 0x00, 0x00, 0x00, 0x00, 0x00, 0x00, 0x60, 0x10, 0x00, // ....F~.......`..
	0x00, 0x00, 0x00, 0x00, 0x45, 0x00, 0x00, 0x8b, 0xc2, 0x00, 0x00, 0x80, 0x43, 0x55, 0x15, 0x00, // ....E.......CU..
	0x72, 0x00, 0x10, 0x00, 0x02, 0x00, 0x00, 0x00, 0xe6, 0x0a, 0x10, 0x00, 0x02, 0x00, 0x00, 0x00, // r...............
	0x46, 0x7e, 0x10, 0x00, 0x00, 0x00, 0x00, 0x00, 0x00, 0x60, 0x10, 0x00, 0x00, 0x00, 0x00, 0x00, // F~.......`......
	0x00, 0x00, 0x00, 0x07, 0x72, 0x00, 0x10, 0x00, 0x02, 0x00, 0x00, 0x00, 0x46, 0x02, 0x10, 0x00, // ....r.......F...
	0x02, 0x00, 0x00, 0x00, 0x46, 0x02, 0x10, 0x00, 0x03, 0x00, 0x00, 0x00, 0x32, 0x00, 0x00, 0x0c, // ....F.......2...
	0xe2, 0x00, 0x10, 0x00, 0x01, 0x00, 0x00, 0x00, 0x06, 0x09, 0x10, 0x00, 0x02, 0x00, 0x00, 0x00, // ................
	0x02, 0x40, 0x00, 0x00, 0x00, 0x00, 0x00, 0x00, 0x00, 0x00, 0x80, 0x3e, 0x00, 0x00, 0x80, 0x3e, // .@.........>...>
	0x00, 0x00, 0x80, 0x3e, 0x56, 0x0e, 0x10, 0x00, 0x01, 0x00, 0x00, 0x00, 0x38, 0x00, 0x00, 0x0a, // ...>V.......8...
	0x72, 0x00, 0x10, 0x00, 0x02, 0x00, 0x00, 0x00, 0x46, 0x02, 0x10, 0x00, 0x02, 0x00, 0x00, 0x00, // r.......F.......
	0x02, 0x40, 0x00, 0x00, 0x00, 0x00, 0x00, 0x3f, 0x00, 0x00, 0x00, 0x3f, 0x00, 0x00, 0x00, 0x3f, // .@.....?...?...?
	0x00, 0x00, 0x00, 0x00, 0x10, 0x00, 0x00, 0x0a, 0x42, 0x00, 0x10, 0x00, 0x00, 0x00, 0x00, 0x00, // ........B.......
	0x96, 0x07, 0x10, 0x00, 0x01, 0x00, 0x00, 0x00, 0x02, 0x40, 0x00, 0x00, 0x87, 0x16, 0x99, 0x3e, // .........@.....>
	0xa2, 0x45, 0x16, 0x3f, 0xd5, 0x78, 0xe9, 0x3d, 0x00, 0x00, 0x00, 0x00, 0x33, 0x00, 0x00, 0x07, // .E.?.x.=....3...
	0x82, 0x00, 0x10, 0x00, 0x02, 0x00, 0x00, 0x00, 0x0a, 0x00, 0x10, 0x00, 0x00, 0x00, 0x00, 0x00, // ................
	0x0a, 0x00, 0x10, 0x00, 0x01, 0x00, 0x00, 0x00, 0x34, 0x00, 0x00, 0x07, 0x12, 0x00, 0x10, 0x00, // ........4.......
	0x00, 0x00, 0x00, 0x00, 0x0a, 0x00, 0x10, 0x00, 0x00, 0x00, 0x00, 0x00, 0x0a, 0x00, 0x10, 0x00, // ................
	0x01, 0x00, 0x00, 0x00, 0x33, 0x00, 0x00, 0x07, 0x12, 0x00, 0x10, 0x00, 0x01, 0x00, 0x00, 0x00, // ....3...........
	0x3a, 0x00, 0x10, 0x00, 0x00, 0x00, 0x00, 0x00, 0x1a, 0x00, 0x10, 0x00, 0x00, 0x00, 0x00, 0x00, // :...............
	0x34, 0x00, 0x00, 0x07, 0x22, 0x00, 0x10, 0x00, 0x00, 0x00, 0x00, 0x00, 0x3a, 0x00, 0x10, 0x00, // 4...".......:...
	0x00, 0x00, 0x00, 0x00, 0x1a, 0x00, 0x10, 0x00, 0x00, 0x00, 0x00, 0x00, 0x34, 0x00, 0x00, 0x07, // ............4...
	0x12, 0x00, 0x10, 0x00, 0x00, 0x00, 0x00, 0x00, 0x1a, 0x00, 0x10, 0x00, 0x00, 0x00, 0x00, 0x00, // ................
	0x0a, 0x00, 0x10, 0x00, 0x00, 0x00, 0x00, 0x00, 0x33, 0x00, 0x00, 0x07, 0x22, 0x00, 0x10, 0x00, // ........3..."...
	0x00, 0x00, 0x00, 0x00, 0x0a, 0x00, 0x10, 0x00, 0x01, 0x00, 0x00, 0x00, 0x3a, 0x00, 0x10, 0x00, // ............:...
	0x02, 0x00, 0x00, 0x00, 0x45, 0x00, 0x00, 0x8b, 0xc2, 0x00, 0x00, 0x80, 0x43, 0x55, 0x15, 0x00, // ....E.......CU..
	0xf2, 0x00, 0x10, 0x00, 0x03, 0x00, 0x00, 0x00, 0x46, 0x10, 0x10, 0x00, 0x01, 0x00, 0x00, 0x00, // ........F.......
	0x46, 0x7e, 0x10, 0x00, 0x00, 0x00, 0x00, 0x00, 0x00, 0x60, 0x10, 0x00, 0x00, 0x00, 0x00, 0x00, // F~.......`......
	0x10, 0x00, 0x00, 0x0a, 0x82, 0x00, 0x10, 0x00, 0x00, 0x00, 0x00, 0x00, 0x46, 0x02, 0x10, 0x00, // ............F...
	0x03, 0x00, 0x00, 0x00, 0x02, 0x40, 0x00, 0x00, 0x87, 0x16, 0x99, 0x3e, 0xa2, 0x45, 0x16, 0x3f, // .....@.....>.E.?
	0xd5, 0x78, 0xe9, 0x3d, 0x00, 0x00, 0x00, 0x00, 0x33, 0x00, 0x00, 0x07, 0x22, 0x00, 0x10, 0x00, // .x.=....3..."...
	0x00, 0x00, 0x00, 0x00, 0x1a, 0x00, 0x10, 0x00, 0x00, 0x00, 0x00, 0x00, 0x3a, 0x00, 0x10, 0x00, // ............:...
	0x00, 0x00, 0x00, 0x00, 0x34, 0x00, 0x00, 0x07, 0x12, 0x00, 0x10, 0x00, 0x00, 0x00, 0x00, 0x00, // ....4...........
	0x0a, 0x00, 0x10, 0x00, 0x00, 0x00, 0x00, 0x00, 0x3a, 0x00, 0x10, 0x00, 0x00, 0x00, 0x00, 0x00, // ........:.......
	0x31, 0x00, 0x00, 0x07, 0x32, 0x00, 0x10, 0x00, 0x00, 0x00, 0x00, 0x00, 0x86, 0x00, 0x10, 0x00, // 1...2...........
	0x00, 0x00, 0x00, 0x00, 0x66, 0x0a, 0x10, 0x00, 0x00, 0x00, 0x00, 0x00, 0x3c, 0x00, 0x00, 0x07, // ....f.......<...
	0x12, 0x00, 0x10, 0x00, 0x00, 0x00, 0x00, 0x00, 0x0a, 0x00, 0x10, 0x00, 0x00, 0x00, 0x00, 0x00, // ................
	0x1a, 0x00, 0x10, 0x00, 0x00, 0x00, 0x00, 0x00, 0x37, 0x00, 0x00, 0x09, 0x72, 0x00, 0x10, 0x00, // ........7...r...
	0x00, 0x00, 0x00, 0x00, 0x06, 0x00, 0x10, 0x00, 0x00, 0x00, 0x00, 0x00, 0x46, 0x02, 0x10, 0x00, // ............F...
	0x02, 0x00, 0x00, 0x00, 0x96, 0x07, 0x10, 0x00, 0x01, 0x00, 0x00, 0x00, 0x31, 0x00, 0x00, 0x0b, // ............1...
	0x32, 0x00, 0x10, 0x00, 0x01, 0x00, 0x00, 0x00, 0x02, 0x40, 0x00, 0x00, 0x00, 0x00, 0x00, 0x3f, // 2........@.....?
	0x00, 0x00, 0x00, 0x3f, 0x00, 0x00, 0x00, 0x00, 0x00, 0x00, 0x00, 0x00, 0x36, 0x8f, 0x20, 0x00, // ...?........6. .
	0x00, 0x00, 0x00, 0x00, 0x00, 0x00, 0x00, 0x00, 0x37, 0x00, 0x00, 0x09, 0x72, 0x00, 0x10, 0x00, // ........7...r...
	0x00, 0x00, 0x00, 0x00, 0x56, 0x05, 0x10, 0x00, 0x01, 0x00, 0x00, 0x00, 0x46, 0x02, 0x10, 0x00, // ....V.......F...
	0x00, 0x00, 0x00, 0x00, 0x46, 0x02, 0x10, 0x00, 0x03, 0x00, 0x00, 0x00, 0x31, 0x00, 0x00, 0x0a, // ....F.......1...
	0xf2, 0x00, 0x10, 0x00, 0x02, 0x00, 0x00, 0x00, 0x02, 0x40, 0x00, 0x00, 0x7f, 0x7f, 0x7f, 0x3f, // .........@.....?
	0x7f, 0x7f, 0x7f, 0x3f, 0x7f, 0x7f, 0x7f, 0x3f, 0x7f, 0x7f, 0x7f, 0x3f, 0x46, 0x0e, 0x10, 0x00, // ...?...?...?F...
	0x03, 0x00, 0x00, 0x00, 0x11, 0x00, 0x00, 0x0a, 0x82, 0x00, 0x10, 0x00, 0x00, 0x00, 0x00, 0x00, // ................
	0x46, 0x0e, 0x10, 0x00, 0x03, 0x00, 0x00, 0x00, 0x02, 0x40, 0x00, 0x00, 0x00, 0x00, 0x7f, 0x4b, // F........@.....K
	0x00, 0x00, 0x7f, 0x47, 0x00, 0x00, 0x7f, 0x43, 0x00, 0x00, 0x7f, 0x4f, 0x00, 0x00, 0x00, 0x09, // ...G...C...O....
	0x82, 0x00, 0x10, 0x00, 0x00, 0x00, 0x00, 0x00, 0x3a, 0x00, 0x10, 0x00, 0x00, 0x00, 0x00, 0x00, // ........:.......
	0x1a, 0x80, 0x20, 0x80, 0x41, 0x00, 0x00, 0x00, 0x00, 0x00, 0x00, 0x00, 0x00, 0x00, 0x00, 0x00, // .. .A...........
	0x01, 0x00, 0x00, 0x07, 0x22, 0x00, 0x10, 0x00, 0x01, 0x00, 0x00, 0x00, 0x1a, 0x00, 0x10, 0x00, // ...."...........
	0x02, 0x00, 0x00, 0x00, 0x0a, 0x00, 0x10, 0x00, 0x02, 0x00, 0x00, 0x00, 0x01, 0x00, 0x00, 0x07, // ................
	0x22, 0x00, 0x10, 0x00, 0x01, 0x00, 0x00, 0x00, 0x2a, 0x00, 0x10, 0x00, 0x02, 0x00, 0x00, 0x00, // ".......*.......
	0x1a, 0x00, 0x10, 0x00, 0x01, 0x00, 0x00, 0x00, 0x01, 0x00, 0x00, 0x07, 0x22, 0x00, 0x10, 0x00, // ............"...
	0x01, 0x00, 0x00, 0x00, 0x3a, 0x00, 0x10, 0x00, 0x02, 0x00, 0x00, 0x00, 0x1a, 0x00, 0x10, 0x00, // ....:...........
	0x01, 0x00, 0x00, 0x00, 0x00, 0x00, 0x00, 0x0a, 0x42, 0x00, 0x10, 0x00, 0x01, 0x00, 0x00, 0x00, // ........B.......
	0x1a, 0x80, 0x20, 0x80, 0x41, 0x00, 0x00, 0x00, 0x00, 0x00, 0x00, 0x00, 0x00, 0x00, 0x00, 0x00, // .. .A...........
	0x2a, 0x80, 0x20, 0x00, 0x00, 0x00, 0x00, 0x00, 0x00, 0x00, 0x00, 0x00, 0x0e, 0x20, 0x00, 0x07, // *. .......... ..
	0x82, 0x00, 0x10, 0x00, 0x00, 0x00, 0x00, 0x00, 0x3a, 0x00, 0x10, 0x00, 0x00, 0x00, 0x00, 0x00, // ........:.......
	0x2a, 0x00, 0x10, 0x00, 0x01, 0x00, 0x00, 0x00, 0x31, 0x00, 0x00, 0x09, 0x42, 0x00, 0x10, 0x00, // *.......1...B...
	0x01, 0x00, 0x00, 0x00, 0x1a, 0x80, 0x20, 0x00, 0x00, 0x00, 0x00, 0x00, 0x00, 0x00, 0x00, 0x00, // ...... .........
	0x2a, 0x80, 0x20, 0x00, 0x00, 0x00, 0x00, 0x00, 0x00, 0x00, 0x00, 0x00, 0x37, 0x00, 0x00, 0x09, // *. .........7...
	0x82, 0x00, 0x10, 0x00, 0x00, 0x00, 0x00, 0x00, 0x2a, 0x00, 0x10, 0x00, 0x01, 0x00, 0x00, 0x00, // ........*.......
	0x3a, 0x00, 0x10, 0x00, 0x00, 0x00, 0x00, 0x00, 0x01, 0x40, 0x00, 0x00, 0x00, 0x00, 0x00, 0x3f, // :........@.....?
	0x32, 0x00, 0x00, 0x09, 0x42, 0x00, 0x10, 0x00, 0x01, 0x00, 0x00, 0x00, 0x3a, 0x00, 0x10, 0x00, // 2...B.......:...
	0x00, 0x00, 0x00, 0x00, 0x01, 0x40, 0x00, 0x00, 0x00, 0x00, 0x00, 0x40, 0x01, 0x40, 0x00, 0x00, // .....@.....@.@..
	0x00, 0x00, 0x80, 0xbf, 0x32, 0x00, 0x00, 0x0f, 0xc2, 0x00, 0x10, 0x00, 0x02, 0x00, 0x00, 0x00, // ....2...........
	0xf6, 0x0f, 0x10, 0x00, 0x00, 0x00, 0x00, 0x00, 0x02, 0x40, 0x00, 0x00, 0x00, 0x00, 0x00, 0x00, // .........@......
	0x00, 0x00, 0x00, 0x00, 0x9a, 0x99, 0x59, 0x3f, 0x9a, 0x99, 0x59, 0xbf, 0x02, 0x40, 0x00, 0x00, // ......Y?..Y..@..
	0x00, 0x00, 0x00, 0x00, 0x00, 0x00, 0x00, 0x00, 0x9a, 0x99, 0x19, 0x3e, 0x00, 0x00, 0x80, 0x3f, // ...........>...?
	0x00, 0x00, 0x00, 0x08, 0x82, 0x00, 0x10, 0x00, 0x00, 0x00, 0x00, 0x00, 0x2a, 0x00, 0x10, 0x80, // ............*...
	0xc1, 0x00, 0x00, 0x00, 0x01, 0x00, 0x00, 0x00, 0x01, 0x40, 0x00, 0x00, 0x00, 0x00, 0x80, 0x3f, // .........@.....?
	0x32, 0x00, 0x00, 0x09, 0x22, 0x00, 0x10, 0x00, 0x02, 0x00, 0x00, 0x00, 0x3a, 0x00, 0x10, 0x00, // 2...".......:...
	0x00, 0x00, 0x00, 0x00, 0x01, 0x40, 0x00, 0x00, 0x33, 0x33, 0x33, 0x3f, 0x01, 0x40, 0x00, 0x00, // .....@..333?.@..
	0x9a, 0x99, 0x99, 0x3e, 0x37, 0x00, 0x00, 0x0c, 0xe2, 0x00, 0x10, 0x00, 0x01, 0x00, 0x00, 0x00, // ...>7...........
	0x56, 0x05, 0x10, 0x00, 0x01, 0x00, 0x00, 0x00, 0x02, 0x40, 0x00, 0x00, 0x00, 0x00, 0x00, 0x00, // V........@......
	0x00, 0x00, 0x80, 0x3f, 0x00, 0x00, 0x80, 0x3f, 0x00, 0x00, 0x80, 0x3f, 0xa6, 0x07, 0x10, 0x00, // ...?...?...?....
	0x02, 0x00, 0x00, 0x00, 0x37, 0x00, 0x00, 0x09, 0x72, 0x20, 0x10, 0x00, 0x00, 0x00, 0x00, 0x00, // ....7...r ......
	0x06, 0x00, 0x10, 0x00, 0x01, 0x00, 0x00, 0x00, 0x96, 0x07, 0x10, 0x00, 0x01, 0x00, 0x00, 0x00, // ................
	0x46, 0x02, 0x10, 0x00, 0x00, 0x00, 0x00, 0x00, 0x36, 0x00, 0x00, 0x05, 0x82, 0x20, 0x10, 0x00, // F.......6.... ..
	0x00, 0x00, 0x00, 0x00, 0x01, 0x40, 0x00, 0x00, 0x00, 0x00, 0x80, 0x3f, 0x3e, 0x00, 0x00, 0x01, // .....@.....?>...
	0x00, 0x00, 0x10, 0x00,                                                                         // ....
};

static const uint8_t fs_present_glsl[3505] =
{
	0x46, 0x53, 0x48, 0x0b, 0x89, 0xeb, 0xbe, 0x46, 0x00, 0x00, 0x00, 0x00, 0x02, 0x00, 0x0a, 0x73, // FSH....F.......s
	0x5f, 0x74, 0x65, 0x78, 0x43, 0x6f, 0x6c, 0x6f, 0x72, 0x00, 0x01, 0x00, 0x00, 0x01, 0x00, 0x00, // _texColor.......
	0x00, 0x00, 0x00, 0x0e, 0x75, 0x50, 0x72, 0x65, 0x73, 0x65, 0x6e, 0x74, 0x50, 0x61, 0x72, 0x61, // ....uPresentPara
	0x6d, 0x73, 0x02, 0x01, 0x00, 0x00, 0x01, 0x00, 0x00, 0x00, 0x00, 0x00, 0x70, 0x0d, 0x00, 0x00, // ms..........p...
	0x76, 0x61, 0x72, 0x79, 0x69, 0x6e, 0x67, 0x20, 0x76, 0x65, 0x63, 0x32, 0x20, 0x76, 0x5f, 0x75, // varying vec2 v_u
	0x76, 0x3b, 0x0a, 0x75, 0x6e, 0x69, 0x66, 0x6f, 0x72, 0x6d, 0x20, 0x73, 0x61, 0x6d, 0x70, 0x6c, // v;.uniform sampl
	0x65, 0x72, 0x32, 0x44, 0x20, 0x73, 0x5f, 0x74, 0x65, 0x78, 0x43, 0x6f, 0x6c, 0x6f, 0x72, 0x3b, // er2D s_texColor;
	0x0a, 0x75, 0x6e, 0x69, 0x66, 0x6f, 0x72, 0x6d, 0x20, 0x76, 0x65, 0x63, 0x34, 0x20, 0x75, 0x50, // .uniform vec4 uP
	0x72, 0x65, 0x73, 0x65, 0x6e, 0x74, 0x50, 0x61, 0x72, 0x61, 0x6d, 0x73, 0x3b, 0x0a, 0x76, 0x6f, // resentParams;.vo
	0x69, 0x64, 0x20, 0x6d, 0x61, 0x69, 0x6e, 0x20, 0x28, 0x29, 0x0a, 0x7b, 0x0a, 0x20, 0x20, 0x76, // id main ().{.  v
	0x65, 0x63, 0x33, 0x20, 0x74, 0x6d, 0x70, 0x76, 0x61, 0x72, 0x5f, 0x31, 0x3b, 0x0a, 0x20, 0x20, // ec3 tmpvar_1;.  
	0x69, 0x66, 0x20, 0x28, 0x28, 0x75, 0x50, 0x72, 0x65, 0x73, 0x65, 0x6e, 0x74, 0x50, 0x61, 0x72, // if ((uPresentPar
	0x61, 0x6d, 0x73, 0x2e, 0x77, 0x20, 0x3e, 0x20, 0x30, 0x2e, 0x35, 0x29, 0x29, 0x20, 0x7b, 0x0a, // ams.w > 0.5)) {.
	0x20, 0x20, 0x20, 0x20, 0x76, 0x65, 0x63, 0x33, 0x20, 0x74, 0x6d, 0x70, 0x76, 0x61, 0x72, 0x5f, //     vec3 tmpvar_
	0x32, 0x3b, 0x0a, 0x20, 0x20, 0x20, 0x20, 0x76, 0x65, 0x63, 0x34, 0x20, 0x74, 0x6d, 0x70, 0x76, // 2;.    vec4 tmpv
	0x61, 0x72, 0x5f, 0x33, 0x3b, 0x0a, 0x20, 0x20, 0x20, 0x20, 0x74, 0x6d, 0x70, 0x76, 0x61, 0x72, // ar_3;.    tmpvar
	0x5f, 0x33, 0x20, 0x3d, 0x20, 0x28, 0x74, 0x65, 0x78, 0x74, 0x75, 0x72, 0x65, 0x32, 0x44, 0x20, // _3 = (texture2D 
	0x28, 0x73, 0x5f, 0x74, 0x65, 0x78, 0x43, 0x6f, 0x6c, 0x6f, 0x72, 0x2c, 0x20, 0x76, 0x5f, 0x75, // (s_texColor, v_u
	0x76, 0x29, 0x20, 0x2a, 0x20, 0x32, 0x35, 0x35, 0x2e, 0x30, 0x29, 0x3b, 0x0a, 0x20, 0x20, 0x20, // v) * 255.0);.   
	0x20, 0x69, 0x66, 0x20, 0x28, 0x28, 0x28, 0x28, 0x0a, 0x20, 0x20, 0x20, 0x20, 0x20, 0x20, 0x28, //  if ((((.      (
	0x74, 0x6d, 0x70, 0x76, 0x61, 0x72, 0x5f, 0x33, 0x2e, 0x78, 0x20, 0x3e, 0x20, 0x32, 0x35, 0x34, // tmpvar_3.x > 254
	0x2e, 0x35, 0x29, 0x0a, 0x20, 0x20, 0x20, 0x20, 0x20, 0x26, 0x26, 0x20, 0x0a, 0x20, 0x20, 0x20, // .5).     && .   
	0x20, 0x20, 0x20, 0x28, 0x74, 0x6d, 0x70, 0x76, 0x61, 0x72, 0x5f, 0x33, 0x2e, 0x79, 0x20, 0x3e, //    (tmpvar_3.y >
	0x20, 0x32, 0x35, 0x34, 0x2e, 0x35, 0x29, 0x0a, 0x20, 0x20, 0x20, 0x20, 0x29, 0x20, 0x26, 0x26, //  254.5).    ) &&
	0x20, 0x28, 0x74, 0x6d, 0x70, 0x76, 0x61, 0x72, 0x5f, 0x33, 0x2e, 0x7a, 0x20, 0x3e, 0x20, 0x32, //  (tmpvar_3.z > 2
	0x35, 0x34, 0x2e, 0x35, 0x29, 0x29, 0x20, 0x26, 0x26, 0x20, 0x28, 0x74, 0x6d, 0x70, 0x76, 0x61, // 54.5)) && (tmpva
	0x72, 0x5f, 0x33, 0x2e, 0x77, 0x20, 0x3e, 0x20, 0x32, 0x35, 0x34, 0x2e, 0x35, 0x29, 0x29, 0x29, // r_3.w > 254.5)))
	0x20, 0x7b, 0x0a, 0x20, 0x20, 0x20, 0x20, 0x20, 0x20, 0x74, 0x6d, 0x70, 0x76, 0x61, 0x72, 0x5f, //  {.      tmpvar_
	0x32, 0x20, 0x3d, 0x20, 0x76, 0x65, 0x63, 0x33, 0x28, 0x31, 0x2e, 0x30, 0x2c, 0x20, 0x31, 0x2e, // 2 = vec3(1.0, 1.
	0x30, 0x2c, 0x20, 0x31, 0x2e, 0x30, 0x29, 0x3b, 0x0a, 0x20, 0x20, 0x20, 0x20, 0x7d, 0x20, 0x65, // 0, 1.0);.    } e
	0x6c, 0x73, 0x65, 0x20, 0x7b, 0x0a, 0x20, 0x20, 0x20, 0x20, 0x20, 0x20, 0x66, 0x6c, 0x6f, 0x61, // lse {.      floa
	0x74, 0x20, 0x74, 0x6d, 0x70, 0x76, 0x61, 0x72, 0x5f, 0x34, 0x3b, 0x0a, 0x20, 0x20, 0x20, 0x20, // t tmpvar_4;.    
	0x20, 0x20, 0x74, 0x6d, 0x70, 0x76, 0x61, 0x72, 0x5f, 0x34, 0x20, 0x3d, 0x20, 0x28, 0x28, 0x28, //   tmpvar_4 = (((
	0x0a, 0x20, 0x20, 0x20, 0x20, 0x20, 0x20, 0x20, 0x20, 0x28, 0x74, 0x6d, 0x70, 0x76, 0x61, 0x72, // .        (tmpvar
	0x5f, 0x33, 0x2e, 0x78, 0x20, 0x2a, 0x20, 0x36, 0x35, 0x35, 0x33, 0x36, 0x2e, 0x30, 0x29, 0x0a, // _3.x * 65536.0).
	0x20, 0x20, 0x20, 0x20, 0x20, 0x20, 0x20, 0x2b, 0x20, 0x0a, 0x20, 0x20, 0x20, 0x20, 0x20, 0x20, //        + .      
	0x20, 0x20, 0x28, 0x74, 0x6d, 0x70, 0x76, 0x61, 0x72, 0x5f, 0x33, 0x2e, 0x79, 0x20, 0x2a, 0x20, //   (tmpvar_3.y * 
	0x32, 0x35, 0x36, 0x2e, 0x30, 0x29, 0x0a, 0x20, 0x20, 0x20, 0x20, 0x20, 0x20, 0x29, 0x20, 0x2b, // 256.0).      ) +
	0x20, 0x74, 0x6d, 0x70, 0x76, 0x61, 0x72, 0x5f, 0x33, 0x2e, 0x7a, 0x29, 0x20, 0x2b, 0x20, 0x28, //  tmpvar_3.z) + (
	0x74, 0x6d, 0x70, 0x76, 0x61, 0x72, 0x5f, 0x33, 0x2e, 0x77, 0x20, 0x2a, 0x20, 0x31, 0x2e, 0x36, // tmpvar_3.w * 1.6
	0x37, 0x37, 0x37, 0x32, 0x32, 0x65, 0x2b, 0x30, 0x37, 0x29, 0x29, 0x3b, 0x0a, 0x20, 0x20, 0x20, // 77722e+07));.   
	0x20, 0x20, 0x20, 0x66, 0x6c, 0x6f, 0x61, 0x74, 0x20, 0x74, 0x6d, 0x70, 0x76, 0x61, 0x72, 0x5f, //    float tmpvar_
	0x35, 0x3b, 0x0a, 0x20, 0x20, 0x20, 0x20, 0x20, 0x20, 0x69, 0x66, 0x20, 0x28, 0x28, 0x75, 0x50, // 5;.      if ((uP
	0x72, 0x65, 0x73, 0x65, 0x6e, 0x74, 0x50, 0x61, 0x72, 0x61, 0x6d, 0x73, 0x2e, 0x7a, 0x20, 0x3e, // resentParams.z >
	0x20, 0x75, 0x50, 0x72, 0x65, 0x73, 0x65, 0x6e, 0x74, 0x50, 0x61, 0x72, 0x61, 0x6d, 0x73, 0x2e, //  uPresentParams.
	0x79, 0x29, 0x29, 0x20, 0x7b, 0x0a, 0x20, 0x20, 0x20, 0x20, 0x20, 0x20, 0x20, 0x20, 0x74, 0x6d, // y)) {.        tm
	0x70, 0x76, 0x61, 0x72, 0x5f, 0x35, 0x20, 0x3d, 0x20, 0x63, 0x6c, 0x61, 0x6d, 0x70, 0x20, 0x28, // pvar_5 = clamp (
	0x28, 0x28, 0x74, 0x6d, 0x70, 0x76, 0x61, 0x72, 0x5f, 0x34, 0x20, 0x2d, 0x20, 0x75, 0x50, 0x72, // ((tmpvar_4 - uPr
	0x65, 0x73, 0x65, 0x6e, 0x74, 0x50, 0x61, 0x72, 0x61, 0x6d, 0x73, 0x2e, 0x79, 0x29, 0x20, 0x2f, // esentParams.y) /
	0x20, 0x28, 0x75, 0x50, 0x72, 0x65, 0x73, 0x65, 0x6e, 0x74, 0x50, 0x61, 0x72, 0x61, 0x6d, 0x73, //  (uPresentParams
	0x2e, 0x7a, 0x20, 0x2d, 0x20, 0x75, 0x50, 0x72, 0x65, 0x73, 0x65, 0x6e, 0x74, 0x50, 0x61, 0x72, // .z - uPresentPar
	0x61, 0x6d, 0x73, 0x2e, 0x79, 0x29, 0x29, 0x2c, 0x20, 0x30, 0x2e, 0x30, 0x2c, 0x20, 0x31, 0x2e, // ams.y)), 0.0, 1.
	0x30, 0x29, 0x3b, 0x0a, 0x20, 0x20, 0x20, 0x20, 0x20, 0x20, 0x7d, 0x20, 0x65, 0x6c, 0x73, 0x65, // 0);.      } else
	0x20, 0x7b, 0x0a, 0x20, 0x20, 0x20, 0x20, 0x20, 0x20, 0x20, 0x20, 0x74, 0x6d, 0x70, 0x76, 0x61, //  {.        tmpva
	0x72, 0x5f, 0x35, 0x20, 0x3d, 0x20, 0x30, 0x2e, 0x35, 0x3b, 0x0a, 0x20, 0x20, 0x20, 0x20, 0x20, // r_5 = 0.5;.     
	0x20, 0x7d, 0x3b, 0x0a, 0x20, 0x20, 0x20, 0x20, 0x20, 0x20, 0x76, 0x65, 0x63, 0x33, 0x20, 0x74, //  };.      vec3 t
	0x6d, 0x70, 0x76, 0x61, 0x72, 0x5f, 0x36, 0x3b, 0x0a, 0x20, 0x20, 0x20, 0x20, 0x20, 0x20, 0x74, // mpvar_6;.      t
	0x6d, 0x70, 0x76, 0x61, 0x72, 0x5f, 0x36, 0x2e, 0x78, 0x20, 0x3d, 0x20, 0x28, 0x30, 0x2e, 0x31, // mpvar_6.x = (0.1
	0x35, 0x20, 0x2b, 0x20, 0x28, 0x30, 0x2e, 0x38, 0x35, 0x20, 0x2a, 0x20, 0x74, 0x6d, 0x70, 0x76, // 5 + (0.85 * tmpv
	0x61, 0x72, 0x5f, 0x35, 0x29, 0x29, 0x3b, 0x0a, 0x20, 0x20, 0x20, 0x20, 0x20, 0x20, 0x74, 0x6d, // ar_5));.      tm
	0x70, 0x76, 0x61, 0x72, 0x5f, 0x36, 0x2e, 0x79, 0x20, 0x3d, 0x20, 0x28, 0x30, 0x2e, 0x31, 0x35, // pvar_6.y = (0.15
	0x20, 0x2b, 0x20, 0x28, 0x30, 0x2e, 0x38, 0x35, 0x20, 0x2a, 0x20, 0x28, 0x31, 0x2e, 0x30, 0x20, //  + (0.85 * (1.0 
	0x2d, 0x20, 0x74, 0x6d, 0x70, 0x76, 0x61, 0x72, 0x5f, 0x35, 0x29, 0x29, 0x29, 0x3b, 0x0a, 0x20, // - tmpvar_5)));. 
	0x20, 0x20, 0x20, 0x20, 0x20, 0x74, 0x6d, 0x70, 0x76, 0x61, 0x72, 0x5f, 0x36, 0x2e, 0x7a, 0x20, //      tmpvar_6.z 
	0x3d, 0x20, 0x28, 0x30, 0x2e, 0x33, 0x20, 0x2b, 0x20, 0x28, 0x30, 0x2e, 0x37, 0x20, 0x2a, 0x20, // = (0.3 + (0.7 * 
	0x28, 0x31, 0x2e, 0x30, 0x20, 0x2d, 0x20, 0x0a, 0x20, 0x20, 0x20, 0x20, 0x20, 0x20, 0x20, 0x20, // (1.0 - .        
	0x61, 0x62, 0x73, 0x28, 0x28, 0x28, 0x74, 0x6d, 0x70, 0x76, 0x61, 0x72, 0x5f, 0x35, 0x20, 0x2a, // abs(((tmpvar_5 *
	0x20, 0x32, 0x2e, 0x30, 0x29, 0x20, 0x2d, 0x20, 0x31, 0x2e, 0x30, 0x29, 0x29, 0x0a, 0x20, 0x20, //  2.0) - 1.0)).  
	0x20, 0x20, 0x20, 0x20, 0x29, 0x29, 0x29, 0x3b, 0x0a, 0x20, 0x20, 0x20, 0x20, 0x20, 0x20, 0x74, //     )));.      t
	0x6d, 0x70, 0x76, 0x61, 0x72, 0x5f, 0x32, 0x20, 0x3d, 0x20, 0x74, 0x6d, 0x70, 0x76, 0x61, 0x72, // mpvar_2 = tmpvar
	0x5f, 0x36, 0x3b, 0x0a, 0x20, 0x20, 0x20, 0x20, 0x7d, 0x3b, 0x0a, 0x20, 0x20, 0x20, 0x20, 0x74, // _6;.    };.    t
	0x6d, 0x70, 0x76, 0x61, 0x72, 0x5f, 0x31, 0x20, 0x3d, 0x20, 0x74, 0x6d, 0x70, 0x76, 0x61, 0x72, // mpvar_1 = tmpvar
	0x5f, 0x32, 0x3b, 0x0a, 0x20, 0x20, 0x7d, 0x20, 0x65, 0x6c, 0x73, 0x65, 0x20, 0x7b, 0x0a, 0x20, // _2;.  } else {. 
	0x20, 0x20, 0x20, 0x76, 0x65, 0x63, 0x33, 0x20, 0x74, 0x6d, 0x70, 0x76, 0x61, 0x72, 0x5f, 0x37, //    vec3 tmpvar_7
	0x3b, 0x0a, 0x20, 0x20, 0x20, 0x20, 0x69, 0x66, 0x20, 0x28, 0x28, 0x75, 0x50, 0x72, 0x65, 0x73, // ;.    if ((uPres
	0x65, 0x6e, 0x74, 0x50, 0x61, 0x72, 0x61, 0x6d, 0x73, 0x2e, 0x78, 0x20, 0x3e, 0x20, 0x30, 0x2e, // entParams.x > 0.
	0x35, 0x29, 0x29, 0x20, 0x7b, 0x0a, 0x20, 0x20, 0x20, 0x20, 0x20, 0x20, 0x76, 0x65, 0x63, 0x32, // 5)) {.      vec2
	0x20, 0x64, 0x69, 0x72, 0x65, 0x63, 0x74, 0x69, 0x6f, 0x6e, 0x5f, 0x38, 0x3b, 0x0a, 0x20, 0x20, //  direction_8;.  
	0x20, 0x20, 0x20, 0x20, 0x66, 0x6c, 0x6f, 0x61, 0x74, 0x20, 0x74, 0x6d, 0x70, 0x76, 0x61, 0x72, //     float tmpvar
	0x5f, 0x39, 0x3b, 0x0a, 0x20, 0x20, 0x20, 0x20, 0x20, 0x20, 0x74, 0x6d, 0x70, 0x76, 0x61, 0x72, // _9;.      tmpvar
	0x5f, 0x39, 0x20, 0x3d, 0x20, 0x64, 0x6f, 0x74, 0x20, 0x28, 0x74, 0x65, 0x78, 0x74, 0x75, 0x72, // _9 = dot (textur
	0x65, 0x32, 0x44, 0x20, 0x28, 0x73, 0x5f, 0x74, 0x65, 0x78, 0x43, 0x6f, 0x6c, 0x6f, 0x72, 0x2c, // e2D (s_texColor,
	0x20, 0x28, 0x76, 0x5f, 0x75, 0x76, 0x20, 0x2d, 0x20, 0x75, 0x50, 0x72, 0x65, 0x73, 0x65, 0x6e, //  (v_uv - uPresen
	0x74, 0x50, 0x61, 0x72, 0x61, 0x6d, 0x73, 0x2e, 0x79, 0x7a, 0x29, 0x29, 0x2e, 0x78, 0x79, 0x7a, // tParams.yz)).xyz
	0x2c, 0x20, 0x76, 0x65, 0x63, 0x33, 0x28, 0x30, 0x2e, 0x32, 0x39, 0x39, 0x2c, 0x20, 0x30, 0x2e, // , vec3(0.299, 0.
	0x35, 0x38, 0x37, 0x2c, 0x20, 0x30, 0x2e, 0x31, 0x31, 0x34, 0x29, 0x29, 0x3b, 0x0a, 0x20, 0x20, // 587, 0.114));.  
	0x20, 0x20, 0x20, 0x20, 0x66, 0x6c, 0x6f, 0x61, 0x74, 0x20, 0x74, 0x6d, 0x70, 0x76, 0x61, 0x72, //     float tmpvar
	0x5f, 0x31, 0x30, 0x3b, 0x0a, 0x20, 0x20, 0x20, 0x20, 0x20, 0x20, 0x74, 0x6d, 0x70, 0x76, 0x61, // _10;.      tmpva
	0x72, 0x5f, 0x31, 0x30, 0x20, 0x3d, 0x20, 0x64, 0x6f, 0x74, 0x20, 0x28, 0x74, 0x65, 0x78, 0x74, // r_10 = dot (text
	0x75, 0x72, 0x65, 0x32, 0x44, 0x20, 0x28, 0x73, 0x5f, 0x74, 0x65, 0x78, 0x43, 0x6f, 0x6c, 0x6f, // ure2D (s_texColo
	0x72, 0x2c, 0x20, 0x28, 0x76, 0x5f, 0x75, 0x76, 0x20, 0x2b, 0x20, 0x28, 0x76, 0x65, 0x63, 0x32, // r, (v_uv + (vec2
	0x28, 0x31, 0x2e, 0x30, 0x2c, 0x20, 0x2d, 0x31, 0x2e, 0x30, 0x29, 0x20, 0x2a, 0x20, 0x75, 0x50, // (1.0, -1.0) * uP
	0x72, 0x65, 0x73, 0x65, 0x6e, 0x74, 0x50, 0x61, 0x72, 0x61, 0x6d, 0x73, 0x2e, 0x79, 0x7a, 0x29, // resentParams.yz)
	0x29, 0x29, 0x2e, 0x78, 0x79, 0x7a, 0x2c, 0x20, 0x76, 0x65, 0x63, 0x33, 0x28, 0x30, 0x2e, 0x32, // )).xyz, vec3(0.2
	0x39, 0x39, 0x2c, 0x20, 0x30, 0x2e, 0x35, 0x38, 0x37, 0x2c, 0x20, 0x30, 0x2e, 0x31, 0x31, 0x34, // 99, 0.587, 0.114
	0x29, 0x29, 0x3b, 0x0a, 0x20, 0x20, 0x20, 0x20, 0x20, 0x20, 0x66, 0x6c, 0x6f, 0x61, 0x74, 0x20, // ));.      float 
	0x74, 0x6d, 0x70, 0x76, 0x61, 0x72, 0x5f, 0x31, 0x31, 0x3b, 0x0a, 0x20, 0x20, 0x20, 0x20, 0x20, // tmpvar_11;.     
	0x20, 0x74, 0x6d, 0x70, 0x76, 0x61, 0x72, 0x5f, 0x31, 0x31, 0x20, 0x3d, 0x20, 0x64, 0x6f, 0x74, //  tmpvar_11 = dot
	0x20, 0x28, 0x74, 0x65, 0x78, 0x74, 0x75, 0x72, 0x65, 0x32, 0x44, 0x20, 0x28, 0x73, 0x5f, 0x74, //  (texture2D (s_t
	0x65, 0x78, 0x43, 0x6f, 0x6c, 0x6f, 0x72, 0x2c, 0x20, 0x28, 0x76, 0x5f, 0x75, 0x76, 0x20, 0x2b, // exColor, (v_uv +
	0x20, 0x28, 0x76, 0x65, 0x63, 0x32, 0x28, 0x2d, 0x31, 0x2e, 0x30, 0x2c, 0x20, 0x31, 0x2e, 0x30, //  (vec2(-1.0, 1.0
	0x29, 0x20, 0x2a, 0x20, 0x75, 0x50, 0x72, 0x65, 0x73, 0x65, 0x6e, 0x74, 0x50, 0x61, 0x72, 0x61, // ) * uPresentPara
	0x6d, 0x73, 0x2e, 0x79, 0x7a, 0x29, 0x29, 0x29, 0x2e, 0x78, 0x79, 0x7a, 0x2c, 0x20, 0x76, 0x65, // ms.yz))).xyz, ve
	0x63, 0x33, 0x28, 0x30, 0x2e, 0x32, 0x39, 0x39, 0x2c, 0x20, 0x30, 0x2e, 0x35, 0x38, 0x37, 0x2c, // c3(0.299, 0.587,
	0x20, 0x30, 0x2e, 0x31, 0x31, 0x34, 0x29, 0x29, 0x3b, 0x0a, 0x20, 0x20, 0x20, 0x20, 0x20, 0x20, //  0.114));.      
	0x66, 0x6c, 0x6f, 0x61, 0x74, 0x20, 0x74, 0x6d, 0x70, 0x76, 0x61, 0x72, 0x5f, 0x31, 0x32, 0x3b, // float tmpvar_12;
	0x0a, 0x20, 0x20, 0x20, 0x20, 0x20, 0x20, 0x74, 0x6d, 0x70, 0x76, 0x61, 0x72, 0x5f, 0x31, 0x32, // .      tmpvar_12
	0x20, 0x3d, 0x20, 0x64, 0x6f, 0x74, 0x20, 0x28, 0x74, 0x65, 0x78, 0x74, 0x75, 0x72, 0x65, 0x32, //  = dot (texture2
	0x44, 0x20, 0x28, 0x73, 0x5f, 0x74, 0x65, 0x78, 0x43, 0x6f, 0x6c, 0x6f, 0x72, 0x2c, 0x20, 0x28, // D (s_texColor, (
	0x76, 0x5f, 0x75, 0x76, 0x20, 0x2b, 0x20, 0x75, 0x50, 0x72, 0x65, 0x73, 0x65, 0x6e, 0x74, 0x50, // v_uv + uPresentP
	0x61, 0x72, 0x61, 0x6d, 0x73, 0x2e, 0x79, 0x7a, 0x29, 0x29, 0x2e, 0x78, 0x79, 0x7a, 0x2c, 0x20, // arams.yz)).xyz, 
	0x76, 0x65, 0x63, 0x33, 0x28, 0x30, 0x2e, 0x32, 0x39, 0x39, 0x2c, 0x20, 0x30, 0x2e, 0x35, 0x38, // vec3(0.299, 0.58
	0x37, 0x2c, 0x20, 0x30, 0x2e, 0x31, 0x31, 0x34, 0x29, 0x29, 0x3b, 0x0a, 0x20, 0x20, 0x20, 0x20, // 7, 0.114));.    
	0x20, 0x20, 0x66, 0x6c, 0x6f, 0x61, 0x74, 0x20, 0x74, 0x6d, 0x70, 0x76, 0x61, 0x72, 0x5f, 0x31, //   float tmpvar_1
	0x33, 0x3b, 0x0a, 0x20, 0x20, 0x20, 0x20, 0x20, 0x20, 0x74, 0x6d, 0x70, 0x76, 0x61, 0x72, 0x5f, // 3;.      tmpvar_
	0x31, 0x33, 0x20, 0x3d, 0x20, 0x64, 0x6f, 0x74, 0x20, 0x28, 0x74, 0x65, 0x78, 0x74, 0x75, 0x72, // 13 = dot (textur
	0x65, 0x32, 0x44, 0x20, 0x28, 0x73, 0x5f, 0x74, 0x65, 0x78, 0x43, 0x6f, 0x6c, 0x6f, 0x72, 0x2c, // e2D (s_texColor,
	0x20, 0x76, 0x5f, 0x75, 0x76, 0x29, 0x2e, 0x78, 0x79, 0x7a, 0x2c, 0x20, 0x76, 0x65, 0x63, 0x33, //  v_uv).xyz, vec3
	0x28, 0x30, 0x2e, 0x32, 0x39, 0x39, 0x2c, 0x20, 0x30, 0x2e, 0x35, 0x38, 0x37, 0x2c, 0x20, 0x30, // (0.299, 0.587, 0
	0x2e, 0x31, 0x31, 0x34, 0x29, 0x29, 0x3b, 0x0a, 0x20, 0x20, 0x20, 0x20, 0x20, 0x20, 0x66, 0x6c, // .114));.      fl
	0x6f, 0x61, 0x74, 0x20, 0x74, 0x6d, 0x70, 0x76, 0x61, 0x72, 0x5f, 0x31, 0x34, 0x3b, 0x0a, 0x20, // oat tmpvar_14;. 
	0x20, 0x20, 0x20, 0x20, 0x20, 0x74, 0x6d, 0x70, 0x76, 0x61, 0x72, 0x5f, 0x31, 0x34, 0x20, 0x3d, //      tmpvar_14 =
	0x20, 0x6d, 0x69, 0x6e, 0x20, 0x28, 0x6d, 0x69, 0x6e, 0x20, 0x28, 0x74, 0x6d, 0x70, 0x76, 0x61, //  min (min (tmpva
	0x72, 0x5f, 0x31, 0x33, 0x2c, 0x20, 0x74, 0x6d, 0x70, 0x76, 0x61, 0x72, 0x5f, 0x39, 0x29, 0x2c, // r_13, tmpvar_9),
	0x20, 0x6d, 0x69, 0x6e, 0x20, 0x28, 0x6d, 0x69, 0x6e, 0x20, 0x28, 0x74, 0x6d, 0x70, 0x76, 0x61, //  min (min (tmpva
	0x72, 0x5f, 0x31, 0x30, 0x2c, 0x20, 0x74, 0x6d, 0x70, 0x76, 0x61, 0x72, 0x5f, 0x31, 0x31, 0x29, // r_10, tmpvar_11)
	0x2c, 0x20, 0x74, 0x6d, 0x70, 0x76, 0x61, 0x72, 0x5f, 0x31, 0x32, 0x29, 0x29, 0x3b, 0x0a, 0x20, // , tmpvar_12));. 
	0x20, 0x20, 0x20, 0x20, 0x20, 0x66, 0x6c, 0x6f, 0x61, 0x74, 0x20, 0x74, 0x6d, 0x70, 0x76, 0x61, //      float tmpva
	0x72, 0x5f, 0x31, 0x35, 0x3b, 0x0a, 0x20, 0x20, 0x20, 0x20, 0x20, 0x20, 0x74, 0x6d, 0x70, 0x76, // r_15;.      tmpv
	0x61, 0x72, 0x5f, 0x31, 0x35, 0x20, 0x3d, 0x20, 0x6d, 0x61, 0x78, 0x20, 0x28, 0x6d, 0x61, 0x78, // ar_15 = max (max
	0x20, 0x28, 0x74, 0x6d, 0x70, 0x76, 0x61, 0x72, 0x5f, 0x31, 0x33, 0x2c, 0x20, 0x74, 0x6d, 0x70, //  (tmpvar_13, tmp
	0x76, 0x61, 0x72, 0x5f, 0x39, 0x29, 0x2c, 0x20, 0x6d, 0x61, 0x78, 0x20, 0x28, 0x6d, 0x61, 0x78, // var_9), max (max
	0x20, 0x28, 0x74, 0x6d, 0x70, 0x76, 0x61, 0x72, 0x5f, 0x31, 0x30, 0x2c, 0x20, 0x74, 0x6d, 0x70, //  (tmpvar_10, tmp
	0x76, 0x61, 0x72, 0x5f, 0x31, 0x31, 0x29, 0x2c, 0x20, 0x74, 0x6d, 0x70, 0x76, 0x61, 0x72, 0x5f, // var_11), tmpvar_
	0x31, 0x32, 0x29, 0x29, 0x3b, 0x0a, 0x20, 0x20, 0x20, 0x20, 0x20, 0x20, 0x76, 0x65, 0x63, 0x32, // 12));.      vec2
	0x20, 0x74, 0x6d, 0x70, 0x76, 0x61, 0x72, 0x5f, 0x31, 0x36, 0x3b, 0x0a, 0x20, 0x20, 0x20, 0x20, //  tmpvar_16;.    
	0x20, 0x20, 0x74, 0x6d, 0x70, 0x76, 0x61, 0x72, 0x5f, 0x31, 0x36, 0x2e, 0x78, 0x20, 0x3d, 0x20, //   tmpvar_16.x = 
	0x28, 0x28, 0x74, 0x6d, 0x70, 0x76, 0x61, 0x72, 0x5f, 0x31, 0x31, 0x20, 0x2b, 0x20, 0x74, 0x6d, // ((tmpvar_11 + tm
	0x70, 0x76, 0x61, 0x72, 0x5f, 0x31, 0x32, 0x29, 0x20, 0x2d, 0x20, 0x28, 0x74, 0x6d, 0x70, 0x76, // pvar_12) - (tmpv
	0x61, 0x72, 0x5f, 0x39, 0x20, 0x2b, 0x20, 0x74, 0x6d, 0x70, 0x76, 0x61, 0x72, 0x5f, 0x31, 0x30, // ar_9 + tmpvar_10
	0x29, 0x29, 0x3b, 0x0a, 0x20, 0x20, 0x20, 0x20, 0x20, 0x20, 0x74, 0x6d, 0x70, 0x76, 0x61, 0x72, // ));.      tmpvar
	0x5f, 0x31, 0x36, 0x2e, 0x79, 0x20, 0x3d, 0x20, 0x28, 0x28, 0x74, 0x6d, 0x70, 0x76, 0x61, 0x72, // _16.y = ((tmpvar
	0x5f, 0x39, 0x20, 0x2b, 0x20, 0x74, 0x6d, 0x70, 0x76, 0x61, 0x72, 0x5f, 0x31, 0x31, 0x29, 0x20, // _9 + tmpvar_11) 
	0x2d, 0x20, 0x28, 0x74, 0x6d, 0x70, 0x76, 0x61, 0x72, 0x5f, 0x31, 0x30, 0x20, 0x2b, 0x20, 0x74, // - (tmpvar_10 + t
	0x6d, 0x70, 0x76, 0x61, 0x72, 0x5f, 0x31, 0x32, 0x29, 0x29, 0x3b, 0x0a, 0x20, 0x20, 0x20, 0x20, // mpvar_12));.    
	0x20, 0x20, 0x64, 0x69, 0x72, 0x65, 0x63, 0x74, 0x69, 0x6f, 0x6e, 0x5f, 0x38, 0x20, 0x3d, 0x20, //   direction_8 = 
	0x28, 0x63, 0x6c, 0x61, 0x6d, 0x70, 0x20, 0x28, 0x28, 0x74, 0x6d, 0x70, 0x76, 0x61, 0x72, 0x5f, // (clamp ((tmpvar_
	0x31, 0x36, 0x20, 0x2a, 0x20, 0x0a, 0x20, 0x20, 0x20, 0x20, 0x20, 0x20, 0x20, 0x20, 0x28, 0x31, // 16 * .        (1
	0x2e, 0x30, 0x2f, 0x28, 0x28, 0x6d, 0x69, 0x6e, 0x20, 0x28, 0x61, 0x62, 0x73, 0x28, 0x74, 0x6d, // .0/((min (abs(tm
	0x70, 0x76, 0x61, 0x72, 0x5f, 0x31, 0x36, 0x2e, 0x78, 0x29, 0x2c, 0x20, 0x61, 0x62, 0x73, 0x28, // pvar_16.x), abs(
	0x74, 0x6d, 0x70, 0x76, 0x61, 0x72, 0x5f, 0x31, 0x36, 0x2e, 0x79, 0x29, 0x29, 0x20, 0x2b, 0x20, // tmpvar_16.y)) + 
	0x6d, 0x61, 0x78, 0x20, 0x28, 0x28, 0x30, 0x2e, 0x30, 0x36, 0x32, 0x35, 0x20, 0x2a, 0x20, 0x0a, // max ((0.0625 * .
	0x20, 0x20, 0x20, 0x20, 0x20, 0x20, 0x20, 0x20, 0x20, 0x20, 0x28, 0x28, 0x74, 0x6d, 0x70, 0x76, //           ((tmpv
	0x61, 0x72, 0x5f, 0x39, 0x20, 0x2b, 0x20, 0x74, 0x6d, 0x70, 0x76, 0x61, 0x72, 0x5f, 0x31, 0x30, // ar_9 + tmpvar_10
	0x29, 0x20, 0x2b, 0x20, 0x28, 0x74, 0x6d, 0x70, 0x76, 0x61, 0x72, 0x5f, 0x31, 0x31, 0x20, 0x2b, // ) + (tmpvar_11 +
	0x20, 0x74, 0x6d, 0x70, 0x76, 0x61, 0x72, 0x5f, 0x31, 0x32, 0x29, 0x29, 0x0a, 0x20, 0x20, 0x20, //  tmpvar_12)).   
	0x20, 0x20, 0x20, 0x20, 0x20, 0x29, 0x2c, 0x20, 0x30, 0x2e, 0x30, 0x30, 0x37, 0x38, 0x31, 0x32, //      ), 0.007812
	0x35, 0x29, 0x29, 0x29, 0x29, 0x0a, 0x20, 0x20, 0x20, 0x20, 0x20, 0x20, 0x29, 0x2c, 0x20, 0x76, // 5)))).      ), v
	0x65, 0x63, 0x32, 0x28, 0x2d, 0x38, 0x2e, 0x30, 0x2c, 0x20, 0x2d, 0x38, 0x2e, 0x30, 0x29, 0x2c, // ec2(-8.0, -8.0),
	0x20, 0x76, 0x65, 0x63, 0x32, 0x28, 0x38, 0x2e, 0x30, 0x2c, 0x20, 0x38, 0x2e, 0x30, 0x29, 0x29, //  vec2(8.0, 8.0))
	0x20, 0x2a, 0x20, 0x75, 0x50, 0x72, 0x65, 0x73, 0x65, 0x6e, 0x74, 0x50, 0x61, 0x72, 0x61, 0x6d, //  * uPresentParam
	0x73, 0x2e, 0x79, 0x7a, 0x29, 0x3b, 0x0a, 0x20, 0x20, 0x20, 0x20, 0x20, 0x20, 0x76, 0x65, 0x63, // s.yz);.      vec
	0x33, 0x20, 0x74, 0x6d, 0x70, 0x76, 0x61, 0x72, 0x5f, 0x31, 0x37, 0x3b, 0x0a, 0x20, 0x20, 0x20, // 3 tmpvar_17;.   
	0x20, 0x20, 0x20, 0x74, 0x6d, 0x70, 0x76, 0x61, 0x72, 0x5f, 0x31, 0x37, 0x20, 0x3d, 0x20, 0x28, //    tmpvar_17 = (
	0x30, 0x2e, 0x35, 0x20, 0x2a, 0x20, 0x28, 0x74, 0x65, 0x78, 0x74, 0x75, 0x72, 0x65, 0x32, 0x44, // 0.5 * (texture2D
	0x20, 0x28, 0x73, 0x5f, 0x74, 0x65, 0x78, 0x43, 0x6f, 0x6c, 0x6f, 0x72, 0x2c, 0x20, 0x28, 0x76, //  (s_texColor, (v
	0x5f, 0x75, 0x76, 0x20, 0x2b, 0x20, 0x0a, 0x20, 0x20, 0x20, 0x20, 0x20, 0x20, 0x20, 0x20, 0x28, // _uv + .        (
	0x64, 0x69, 0x72, 0x65, 0x63, 0x74, 0x69, 0x6f, 0x6e, 0x5f, 0x38, 0x20, 0x2a, 0x20, 0x2d, 0x30, // direction_8 * -0
	0x2e, 0x31, 0x36, 0x36, 0x36, 0x36, 0x36, 0x37, 0x29, 0x0a, 0x20, 0x20, 0x20, 0x20, 0x20, 0x20, // .1666667).      
	0x29, 0x29, 0x2e, 0x78, 0x79, 0x7a, 0x20, 0x2b, 0x20, 0x74, 0x65, 0x78, 0x74, 0x75, 0x72, 0x65, // )).xyz + texture
	0x32, 0x44, 0x20, 0x28, 0x73, 0x5f, 0x74, 0x65, 0x78, 0x43, 0x6f, 0x6c, 0x6f, 0x72, 0x2c, 0x20, // 2D (s_texColor, 
	0x28, 0x76, 0x5f, 0x75, 0x76, 0x20, 0x2b, 0x20, 0x0a, 0x20, 0x20, 0x20, 0x20, 0x20, 0x20, 0x20, // (v_uv + .       
	0x20, 0x28, 0x64, 0x69, 0x72, 0x65, 0x63, 0x74, 0x69, 0x6f, 0x6e, 0x5f, 0x38, 0x20, 0x2a, 0x20, //  (direction_8 * 
	0x30, 0x2e, 0x31, 0x36, 0x36, 0x36, 0x36, 0x36, 0x37, 0x29, 0x0a, 0x20, 0x20, 0x20, 0x20, 0x20, // 0.1666667).     
	0x20, 0x29, 0x29, 0x2e, 0x78, 0x79, 0x7a, 0x29, 0x29, 0x3b, 0x0a, 0x20, 0x20, 0x20, 0x20, 0x20, //  )).xyz));.     
	0x20, 0x76, 0x65, 0x63, 0x33, 0x20, 0x74, 0x6d, 0x70, 0x76, 0x61, 0x72, 0x5f, 0x31, 0x38, 0x3b, //  vec3 tmpvar_18;
	0x0a, 0x20, 0x20, 0x20, 0x20, 0x20, 0x20, 0x74, 0x6d, 0x70, 0x76, 0x61, 0x72, 0x5f, 0x31, 0x38, // .      tmpvar_18
	0x20, 0x3d, 0x20, 0x28, 0x28, 0x74, 0x6d, 0x70, 0x76, 0x61, 0x72, 0x5f, 0x31, 0x37, 0x20, 0x2a, //  = ((tmpvar_17 *
	0x20, 0x30, 0x2e, 0x35, 0x29, 0x20, 0x2b, 0x20, 0x28, 0x30, 0x2e, 0x32, 0x35, 0x20, 0x2a, 0x20, //  0.5) + (0.25 * 
	0x28, 0x74, 0x65, 0x78, 0x74, 0x75, 0x72, 0x65, 0x32, 0x44, 0x20, 0x28, 0x73, 0x5f, 0x74, 0x65, // (texture2D (s_te
	0x78, 0x43, 0x6f, 0x6c, 0x6f, 0x72, 0x2c, 0x20, 0x0a, 0x20, 0x20, 0x20, 0x20, 0x20, 0x20, 0x20, // xColor, .       
	0x20, 0x28, 0x76, 0x5f, 0x75, 0x76, 0x20, 0x2b, 0x20, 0x28, 0x64, 0x69, 0x72, 0x65, 0x63, 0x74, //  (v_uv + (direct
	0x69, 0x6f, 0x6e, 0x5f, 0x38, 0x20, 0x2a, 0x20, 0x2d, 0x30, 0x2e, 0x35, 0x29, 0x29, 0x0a, 0x20, // ion_8 * -0.5)). 
	0x20, 0x20, 0x20, 0x20, 0x20, 0x29, 0x2e, 0x78, 0x79, 0x7a, 0x20, 0x2b, 0x20, 0x74, 0x65, 0x78, //      ).xyz + tex
	0x74, 0x75, 0x72, 0x65, 0x32, 0x44, 0x20, 0x28, 0x73, 0x5f, 0x74, 0x65, 0x78, 0x43, 0x6f, 0x6c, // ture2D (s_texCol
	0x6f, 0x72, 0x2c, 0x20, 0x0a, 0x20, 0x20, 0x20, 0x20, 0x20, 0x20, 0x20, 0x20, 0x28, 0x76, 0x5f, // or, .        (v_
	0x75, 0x76, 0x20, 0x2b, 0x20, 0x28, 0x64, 0x69, 0x72, 0x65, 0x63, 0x74, 0x69, 0x6f, 0x6e, 0x5f, // uv + (direction_
	0x38, 0x20, 0x2a, 0x20, 0x30, 0x2e, 0x35, 0x29, 0x29, 0x0a, 0x20, 0x20, 0x20, 0x20, 0x20, 0x20, // 8 * 0.5)).      
	0x29, 0x2e, 0x78, 0x79, 0x7a, 0x29, 0x29, 0x29, 0x3b, 0x0a, 0x20, 0x20, 0x20, 0x20, 0x20, 0x20, // ).xyz)));.      
	0x66, 0x6c, 0x6f, 0x61, 0x74, 0x20, 0x74, 0x6d, 0x70, 0x76, 0x61, 0x72, 0x5f, 0x31, 0x39, 0x3b, // float tmpvar_19;
	0x0a, 0x20, 0x20, 0x20, 0x20, 0x20, 0x20, 0x74, 0x6d, 0x70, 0x76, 0x61, 0x72, 0x5f, 0x31, 0x39, // .      tmpvar_19
	0x20, 0x3d, 0x20, 0x64, 0x6f, 0x74, 0x20, 0x28, 0x74, 0x6d, 0x70, 0x76, 0x61, 0x72, 0x5f, 0x31, //  = dot (tmpvar_1
	0x38, 0x2c, 0x20, 0x76, 0x65, 0x63, 0x33, 0x28, 0x30, 0x2e, 0x32, 0x39, 0x39, 0x2c, 0x20, 0x30, // 8, vec3(0.299, 0
	0x2e, 0x35, 0x38, 0x37, 0x2c, 0x20, 0x30, 0x2e, 0x31, 0x31, 0x34, 0x29, 0x29, 0x3b, 0x0a, 0x20, // .587, 0.114));. 
	0x20, 0x20, 0x20, 0x20, 0x20, 0x76, 0x65, 0x63, 0x33, 0x20, 0x74, 0x6d, 0x70, 0x76, 0x61, 0x72, //      vec3 tmpvar
	0x5f, 0x32, 0x30, 0x3b, 0x0a, 0x20, 0x20, 0x20, 0x20, 0x20, 0x20, 0x69, 0x66, 0x20, 0x28, 0x28, // _20;.      if ((
	0x28, 0x74, 0x6d, 0x70, 0x76, 0x61, 0x72, 0x5f, 0x31, 0x39, 0x20, 0x3c, 0x20, 0x74, 0x6d, 0x70, // (tmpvar_19 < tmp
	0x76, 0x61, 0x72, 0x5f, 0x31, 0x34, 0x29, 0x20, 0x7c, 0x7c, 0x20, 0x28, 0x74, 0x6d, 0x70, 0x76, // var_14) || (tmpv
	0x61, 0x72, 0x5f, 0x31, 0x39, 0x20, 0x3e, 0x20, 0x74, 0x6d, 0x70, 0x76, 0x61, 0x72, 0x5f, 0x31, // ar_19 > tmpvar_1
	0x35, 0x29, 0x29, 0x29, 0x20, 0x7b, 0x0a, 0x20, 0x20, 0x20, 0x20, 0x20, 0x20, 0x20, 0x20, 0x74, // 5))) {.        t
	0x6d, 0x70, 0x76, 0x61, 0x72, 0x5f, 0x32, 0x30, 0x20, 0x3d, 0x20, 0x74, 0x6d, 0x70, 0x76, 0x61, // mpvar_20 = tmpva
	0x72, 0x5f, 0x31, 0x37, 0x3b, 0x0a, 0x20, 0x20, 0x20, 0x20, 0x20, 0x20, 0x7d, 0x20, 0x65, 0x6c, // r_17;.      } el
	0x73, 0x65, 0x20, 0x7b, 0x0a, 0x20, 0x20, 0x20, 0x20, 0x20, 0x20, 0x20, 0x20, 0x74, 0x6d, 0x70, // se {.        tmp
	0x76, 0x61, 0x72, 0x5f, 0x32, 0x30, 0x20, 0x3d, 0x20, 0x74, 0x6d, 0x70, 0x76, 0x61, 0x72, 0x5f, // var_20 = tmpvar_
	0x31, 0x38, 0x3b, 0x0a, 0x20, 0x20, 0x20, 0x20, 0x20, 0x20, 0x7d, 0x3b, 0x0a, 0x20, 0x20, 0x20, // 18;.      };.   
	0x20, 0x20, 0x20, 0x74, 0x6d, 0x70, 0x76, 0x61, 0x72, 0x5f, 0x37, 0x20, 0x3d, 0x20, 0x74, 0x6d, //    tmpvar_7 = tm
	0x70, 0x76, 0x61, 0x72, 0x5f, 0x32, 0x30, 0x3b, 0x0a, 0x20, 0x20, 0x20, 0x20, 0x7d, 0x20, 0x65, // pvar_20;.    } e
	0x6c, 0x73, 0x65, 0x20, 0x7b, 0x0a, 0x20, 0x20, 0x20, 0x20, 0x20, 0x20, 0x74, 0x6d, 0x70, 0x76, // lse {.      tmpv
	0x61, 0x72, 0x5f, 0x37, 0x20, 0x3d, 0x20, 0x74, 0x65, 0x78, 0x74, 0x75, 0x72, 0x65, 0x32, 0x44, // ar_7 = texture2D
	0x20, 0x28, 0x73, 0x5f, 0x74, 0x65, 0x78, 0x43, 0x6f, 0x6c, 0x6f, 0x72, 0x2c, 0x20, 0x76, 0x5f, //  (s_texColor, v_
	0x75, 0x76, 0x29, 0x2e, 0x78, 0x79, 0x7a, 0x3b, 0x0a, 0x20, 0x20, 0x20, 0x20, 0x7d, 0x3b, 0x0a, // uv).xyz;.    };.
	0x20, 0x20, 0x20, 0x20, 0x74, 0x6d, 0x70, 0x76, 0x61, 0x72, 0x5f, 0x31, 0x20, 0x3d, 0x20, 0x74, //     tmpvar_1 = t
	0x6d, 0x70, 0x76, 0x61, 0x72, 0x5f, 0x37, 0x3b, 0x0a, 0x20, 0x20, 0x7d, 0x3b, 0x0a, 0x20, 0x20, // mpvar_7;.  };.  
	0x76, 0x65, 0x63, 0x34, 0x20, 0x74, 0x6d, 0x70, 0x76, 0x61, 0x72, 0x5f, 0x32, 0x31, 0x3b, 0x0a, // vec4 tmpvar_21;.
	0x20, 0x20, 0x74, 0x6d, 0x70, 0x76, 0x61, 0x72, 0x5f, 0x32, 0x31, 0x2e, 0x77, 0x20, 0x3d, 0x20, //   tmpvar_21.w = 
	0x31, 0x2e, 0x30, 0x3b, 0x0a, 0x20, 0x20, 0x74, 0x6d, 0x70, 0x76, 0x61, 0x72, 0x5f, 0x32, 0x31, // 1.0;.  tmpvar_21
	0x2e, 0x78, 0x79, 0x7a, 0x20, 0x3d, 0x20, 0x74, 0x6d, 0x70, 0x76, 0x61, 0x72, 0x5f, 0x31, 0x3b, // .xyz = tmpvar_1;
	0x0a, 0x20, 0x20, 0x67, 0x6c, 0x5f, 0x46, 0x72, 0x61, 0x67, 0x43, 0x6f, 0x6c, 0x6f, 0x72, 0x20, // .  gl_FragColor 
	0x3d, 0x20, 0x74, 0x6d, 0x70, 0x76, 0x61, 0x72, 0x5f, 0x32, 0x31, 0x3b, 0x0a, 0x7d, 0x0a, 0x0a, // = tmpvar_21;.}..
	0x00,                                                                                           // .
};

static const uint8_t fs_present_mtl[3798] =
{
	0x46, 0x53, 0x48, 0x0b, 0x89, 0xeb, 0xbe, 0x46, 0x00, 0x00, 0x00, 0x00, 0x04, 0x00, 0x11, 0x73, // FSH....F.......s
	0x5f, 0x74, 0x65, 0x78, 0x43, 0x6f, 0x6c, 0x6f, 0x72, 0x53, 0x61, 0x6d, 0x70, 0x6c, 0x65, 0x72, // _texColorSampler
	0x11, 0x01, 0xff, 0xff, 0x01, 0x00, 0x00, 0x00, 0x00, 0x00, 0x11, 0x73, 0x5f, 0x74, 0x65, 0x78, // ...........s_tex
	0x43, 0x6f, 0x6c, 0x6f, 0x72, 0x54, 0x65, 0x78, 0x74, 0x75, 0x72, 0x65, 0x11, 0x01, 0xff, 0xff, // ColorTexture....
	0x01, 0x00, 0x00, 0x00, 0x00, 0x00, 0x0e, 0x75, 0x50, 0x72, 0x65, 0x73, 0x65, 0x6e, 0x74, 0x50, // .......uPresentP
	0x61, 0x72, 0x61, 0x6d, 0x73, 0x12, 0x01, 0x00, 0x00, 0x01, 0x00, 0x00, 0x00, 0x00, 0x00, 0x0a, // arams...........
	0x73, 0x5f, 0x74, 0x65, 0x78, 0x43, 0x6f, 0x6c, 0x6f, 0x72, 0x10, 0x00, 0x00, 0x00, 0x00, 0x00, // s_texColor......
	0x00, 0x00, 0x00, 0x00, 0x5a, 0x0e, 0x00, 0x00, 0x23, 0x69, 0x6e, 0x63, 0x6c, 0x75, 0x64, 0x65, // ....Z...#include
	0x20, 0x3c, 0x6d, 0x65, 0x74, 0x61, 0x6c, 0x5f, 0x73, 0x74, 0x64, 0x6c, 0x69, 0x62, 0x3e, 0x0a, //  <metal_stdlib>.
	0x23, 0x69, 0x6e, 0x63, 0x6c, 0x75, 0x64, 0x65, 0x20, 0x3c, 0x73, 0x69, 0x6d, 0x64, 0x2f, 0x73, // #include <simd/s
	0x69, 0x6d, 0x64, 0x2e, 0x68, 0x3e, 0x0a, 0x0a, 0x75, 0x73, 0x69, 0x6e, 0x67, 0x20, 0x6e, 0x61, // imd.h>..using na
	0x6d, 0x65, 0x73, 0x70, 0x61, 0x63, 0x65, 0x20, 0x6d, 0x65, 0x74, 0x61, 0x6c, 0x3b, 0x0a, 0x0a, // mespace metal;..
	0x73, 0x74, 0x72, 0x75, 0x63, 0x74, 0x20, 0x5f, 0x47, 0x6c, 0x6f, 0x62, 0x61, 0x6c, 0x0a, 0x7b, // struct _Global.{
	0x0a, 0x20, 0x20, 0x20, 0x20, 0x66, 0x6c, 0x6f, 0x61, 0x74, 0x34, 0x20, 0x75, 0x50, 0x72, 0x65, // .    float4 uPre
	0x73, 0x65, 0x6e, 0x74, 0x50, 0x61, 0x72, 0x61, 0x6d, 0x73, 0x3b, 0x0a, 0x7d, 0x3b, 0x0a, 0x0a, // sentParams;.};..
	0x73, 0x74, 0x72, 0x75, 0x63, 0x74, 0x20, 0x78, 0x6c, 0x61, 0x74, 0x4d, 0x74, 0x6c, 0x4d, 0x61, // struct xlatMtlMa
	0x69, 0x6e, 0x5f, 0x6f, 0x75, 0x74, 0x0a, 0x7b, 0x0a, 0x20, 0x20, 0x20, 0x20, 0x66, 0x6c, 0x6f, // in_out.{.    flo
	0x61, 0x74, 0x34, 0x20, 0x62, 0x67, 0x66, 0x78, 0x5f, 0x46, 0x72, 0x61, 0x67, 0x44, 0x61, 0x74, // at4 bgfx_FragDat
	0x61, 0x30, 0x20, 0x5b, 0x5b, 0x63, 0x6f, 0x6c, 0x6f, 0x72, 0x28, 0x30, 0x29, 0x5d, 0x5d, 0x3b, // a0 [[color(0)]];
	0x0a, 0x7d, 0x3b, 0x0a, 0x0a, 0x73, 0x74, 0x72, 0x75, 0x63, 0x74, 0x20, 0x78, 0x6c, 0x61, 0x74, // .};..struct xlat
	0x4d, 0x74, 0x6c, 0x4d, 0x61, 0x69, 0x6e, 0x5f, 0x69, 0x6e, 0x0a, 0x7b, 0x0a, 0x20, 0x20, 0x20, // MtlMain_in.{.   
	0x20, 0x66, 0x6c, 0x6f, 0x61, 0x74, 0x32, 0x20, 0x76, 0x5f, 0x75, 0x76, 0x20, 0x5b, 0x5b, 0x75, //  float2 v_uv [[u
	0x73, 0x65, 0x72, 0x28, 0x6c, 0x6f, 0x63, 0x6e, 0x30, 0x29, 0x5d, 0x5d, 0x3b, 0x0a, 0x7d, 0x3b, // ser(locn0)]];.};
	0x0a, 0x0a, 0x66, 0x72, 0x61, 0x67, 0x6d, 0x65, 0x6e, 0x74, 0x20, 0x78, 0x6c, 0x61, 0x74, 0x4d, // ..fragment xlatM
	0x74, 0x6c, 0x4d, 0x61, 0x69, 0x6e, 0x5f, 0x6f, 0x75, 0x74, 0x20, 0x78, 0x6c, 0x61, 0x74, 0x4d, // tlMain_out xlatM
	0x74, 0x6c, 0x4d, 0x61, 0x69, 0x6e, 0x28, 0x78, 0x6c, 0x61, 0x74, 0x4d, 0x74, 0x6c, 0x4d, 0x61, // tlMain(xlatMtlMa
	0x69, 0x6e, 0x5f, 0x69, 0x6e, 0x20, 0x69, 0x6e, 0x20, 0x5b, 0x5b, 0x73, 0x74, 0x61, 0x67, 0x65, // in_in in [[stage
	0x5f, 0x69, 0x6e, 0x5d, 0x5d, 0x2c, 0x20, 0x63, 0x6f, 0x6e, 0x73, 0x74, 0x61, 0x6e, 0x74, 0x20, // _in]], constant 
	0x5f, 0x47, 0x6c, 0x6f, 0x62, 0x61, 0x6c, 0x26, 0x20, 0x5f, 0x6d, 0x74, 0x6c, 0x5f, 0x75, 0x20, // _Global& _mtl_u 
	0x5b, 0x5b, 0x62, 0x75, 0x66, 0x66, 0x65, 0x72, 0x28, 0x30, 0x29, 0x5d, 0x5d, 0x2c, 0x20, 0x74, // [[buffer(0)]], t
	0x65, 0x78, 0x74, 0x75, 0x72, 0x65, 0x32, 0x64, 0x3c, 0x66, 0x6c, 0x6f, 0x61, 0x74, 0x3e, 0x20, // exture2d<float> 
	0x73, 0x5f, 0x74, 0x65, 0x78, 0x43, 0x6f, 0x6c, 0x6f, 0x72, 0x20, 0x5b, 0x5b, 0x74, 0x65, 0x78, // s_texColor [[tex
	0x74, 0x75, 0x72, 0x65, 0x28, 0x30, 0x29, 0x5d, 0x5d, 0x2c, 0x20, 0x73, 0x61, 0x6d, 0x70, 0x6c, // ture(0)]], sampl
	0x65, 0x72, 0x20, 0x73, 0x5f, 0x74, 0x65, 0x78, 0x43, 0x6f, 0x6c, 0x6f, 0x72, 0x53, 0x61, 0x6d, // er s_texColorSam
	0x70, 0x6c, 0x65, 0x72, 0x20, 0x5b, 0x5b, 0x73, 0x61, 0x6d, 0x70, 0x6c, 0x65, 0x72, 0x28, 0x30, // pler [[sampler(0
	0x29, 0x5d, 0x5d, 0x29, 0x0a, 0x7b, 0x0a, 0x20, 0x20, 0x20, 0x20, 0x78, 0x6c, 0x61, 0x74, 0x4d, // )]]).{.    xlatM
	0x74, 0x6c, 0x4d, 0x61, 0x69, 0x6e, 0x5f, 0x6f, 0x75, 0x74, 0x20, 0x6f, 0x75, 0x74, 0x20, 0x3d, // tlMain_out out =
	0x20, 0x7b, 0x7d, 0x3b, 0x0a, 0x20, 0x20, 0x20, 0x20, 0x66, 0x6c, 0x6f, 0x61, 0x74, 0x33, 0x20, //  {};.    float3 
	0x5f, 0x39, 0x39, 0x34, 0x3b, 0x0a, 0x20, 0x20, 0x20, 0x20, 0x64, 0x6f, 0x0a, 0x20, 0x20, 0x20, // _994;.    do.   
	0x20, 0x7b, 0x0a, 0x20, 0x20, 0x20, 0x20, 0x20, 0x20, 0x20, 0x20, 0x66, 0x6c, 0x6f, 0x61, 0x74, //  {.        float
	0x34, 0x20, 0x5f, 0x36, 0x30, 0x39, 0x20, 0x3d, 0x20, 0x73, 0x5f, 0x74, 0x65, 0x78, 0x43, 0x6f, // 4 _609 = s_texCo
	0x6c, 0x6f, 0x72, 0x2e, 0x73, 0x61, 0x6d, 0x70, 0x6c, 0x65, 0x28, 0x73, 0x5f, 0x74, 0x65, 0x78, // lor.sample(s_tex
	0x43, 0x6f, 0x6c, 0x6f, 0x72, 0x53, 0x61, 0x6d, 0x70, 0x6c, 0x65, 0x72, 0x2c, 0x20, 0x69, 0x6e, // ColorSampler, in
	0x2e, 0x76, 0x5f, 0x75, 0x76, 0x29, 0x3b, 0x0a, 0x20, 0x20, 0x20, 0x20, 0x20, 0x20, 0x20, 0x20, // .v_uv);.        
	0x66, 0x6c, 0x6f, 0x61, 0x74, 0x34, 0x20, 0x5f, 0x35, 0x33, 0x35, 0x20, 0x3d, 0x20, 0x5f, 0x36, // float4 _535 = _6
	0x30, 0x39, 0x20, 0x2a, 0x20, 0x32, 0x35, 0x35, 0x2e, 0x30, 0x3b, 0x0a, 0x20, 0x20, 0x20, 0x20, // 09 * 255.0;.    
	0x20, 0x20, 0x20, 0x20, 0x66, 0x6c, 0x6f, 0x61, 0x74, 0x20, 0x5f, 0x35, 0x33, 0x37, 0x20, 0x3d, //     float _537 =
	0x20, 0x5f, 0x35, 0x33, 0x35, 0x2e, 0x78, 0x3b, 0x0a, 0x20, 0x20, 0x20, 0x20, 0x20, 0x20, 0x20, //  _535.x;.       
	0x20, 0x66, 0x6c, 0x6f, 0x61, 0x74, 0x20, 0x5f, 0x35, 0x34, 0x30, 0x20, 0x3d, 0x20, 0x5f, 0x35, //  float _540 = _5
	0x33, 0x35, 0x2e, 0x79, 0x3b, 0x0a, 0x20, 0x20, 0x20, 0x20, 0x20, 0x20, 0x20, 0x20, 0x66, 0x6c, // 35.y;.        fl
	0x6f, 0x61, 0x74, 0x20, 0x5f, 0x35, 0x34, 0x34, 0x20, 0x3d, 0x20, 0x5f, 0x35, 0x33, 0x35, 0x2e, // oat _544 = _535.
	0x7a, 0x3b, 0x0a, 0x20, 0x20, 0x20, 0x20, 0x20, 0x20, 0x20, 0x20, 0x66, 0x6c, 0x6f, 0x61, 0x74, // z;.        float
	0x20, 0x5f, 0x35, 0x34, 0x38, 0x20, 0x3d, 0x20, 0x5f, 0x35, 0x33, 0x35, 0x2e, 0x77, 0x3b, 0x0a, //  _548 = _535.w;.
	0x20, 0x20, 0x20, 0x20, 0x20, 0x20, 0x20, 0x20, 0x69, 0x66, 0x20, 0x28, 0x28, 0x28, 0x28, 0x5f, //         if ((((_
	0x35, 0x33, 0x37, 0x20, 0x3e, 0x20, 0x32, 0x35, 0x34, 0x2e, 0x35, 0x29, 0x20, 0x26, 0x26, 0x20, // 537 > 254.5) && 
	0x28, 0x5f, 0x35, 0x34, 0x30, 0x20, 0x3e, 0x20, 0x32, 0x35, 0x34, 0x2e, 0x35, 0x29, 0x29, 0x20, // (_540 > 254.5)) 
	0x26, 0x26, 0x20, 0x28, 0x5f, 0x35, 0x34, 0x34, 0x20, 0x3e, 0x20, 0x32, 0x35, 0x34, 0x2e, 0x35, // && (_544 > 254.5
	0x29, 0x29, 0x20, 0x26, 0x26, 0x20, 0x28, 0x5f, 0x35, 0x34, 0x38, 0x20, 0x3e, 0x20, 0x32, 0x35, // )) && (_548 > 25
	0x34, 0x2e, 0x35, 0x29, 0x29, 0x0a, 0x20, 0x20, 0x20, 0x20, 0x20, 0x20, 0x20, 0x20, 0x7b, 0x0a, // 4.5)).        {.
	0x20, 0x20, 0x20, 0x20, 0x20, 0x20, 0x20, 0x20, 0x20, 0x20, 0x20, 0x20, 0x5f, 0x39, 0x39, 0x34, //             _994
	0x20, 0x3d, 0x20, 0x66, 0x6c, 0x6f, 0x61, 0x74, 0x33, 0x28, 0x31, 0x2e, 0x30, 0x29, 0x3b, 0x0a, //  = float3(1.0);.
	0x20, 0x20, 0x20, 0x20, 0x20, 0x20, 0x20, 0x20, 0x20, 0x20, 0x20, 0x20, 0x62, 0x72, 0x65, 0x61, //             brea
	0x6b, 0x3b, 0x0a, 0x20, 0x20, 0x20, 0x20, 0x20, 0x20, 0x20, 0x20, 0x7d, 0x0a, 0x20, 0x20, 0x20, // k;.        }.   
	0x20, 0x20, 0x20, 0x20, 0x20, 0x66, 0x6c, 0x6f, 0x61, 0x74, 0x20, 0x5f, 0x35, 0x38, 0x33, 0x20, //      float _583 
	0x3d, 0x20, 0x28, 0x5f, 0x6d, 0x74, 0x6c, 0x5f, 0x75, 0x2e, 0x75, 0x50, 0x72, 0x65, 0x73, 0x65, // = (_mtl_u.uPrese
	0x6e, 0x74, 0x50, 0x61, 0x72, 0x61, 0x6d, 0x73, 0x2e, 0x7a, 0x20, 0x3e, 0x20, 0x5f, 0x6d, 0x74, // ntParams.z > _mt
	0x6c, 0x5f, 0x75, 0x2e, 0x75, 0x50, 0x72, 0x65, 0x73, 0x65, 0x6e, 0x74, 0x50, 0x61, 0x72, 0x61, // l_u.uPresentPara
	0x6d, 0x73, 0x2e, 0x79, 0x29, 0x20, 0x3f, 0x20, 0x66, 0x61, 0x73, 0x74, 0x3a, 0x3a, 0x63, 0x6c, // ms.y) ? fast::cl
	0x61, 0x6d, 0x70, 0x28, 0x28, 0x28, 0x28, 0x28, 0x28, 0x5f, 0x35, 0x33, 0x37, 0x20, 0x2a, 0x20, // amp((((((_537 * 
	0x36, 0x35, 0x35, 0x33, 0x36, 0x2e, 0x30, 0x29, 0x20, 0x2b, 0x20, 0x28, 0x5f, 0x35, 0x34, 0x30, // 65536.0) + (_540
	0x20, 0x2a, 0x20, 0x32, 0x35, 0x36, 0x2e, 0x30, 0x29, 0x29, 0x20, 0x2b, 0x20, 0x5f, 0x35, 0x34, //  * 256.0)) + _54
	0x34, 0x29, 0x20, 0x2b, 0x20, 0x28, 0x5f, 0x35, 0x34, 0x38, 0x20, 0x2a, 0x20, 0x31, 0x36, 0x37, // 4) + (_548 * 167
	0x37, 0x37, 0x32, 0x31, 0x36, 0x2e, 0x30, 0x29, 0x29, 0x20, 0x2d, 0x20, 0x5f, 0x6d, 0x74, 0x6c, // 77216.0)) - _mtl
	0x5f, 0x75, 0x2e, 0x75, 0x50, 0x72, 0x65, 0x73, 0x65, 0x6e, 0x74, 0x50, 0x61, 0x72, 0x61, 0x6d, // _u.uPresentParam
	0x73, 0x2e, 0x79, 0x29, 0x20, 0x2f, 0x20, 0x28, 0x5f, 0x6d, 0x74, 0x6c, 0x5f, 0x75, 0x2e, 0x75, // s.y) / (_mtl_u.u
	0x50, 0x72, 0x65, 0x73, 0x65, 0x6e, 0x74, 0x50, 0x61, 0x72, 0x61, 0x6d, 0x73, 0x2e, 0x7a, 0x20, // PresentParams.z 
	0x2d, 0x20, 0x5f, 0x6d, 0x74, 0x6c, 0x5f, 0x75, 0x2e, 0x75, 0x50, 0x72, 0x65, 0x73, 0x65, 0x6e, // - _mtl_u.uPresen
	0x74, 0x50, 0x61, 0x72, 0x61, 0x6d, 0x73, 0x2e, 0x79, 0x29, 0x2c, 0x20, 0x30, 0x2e, 0x30, 0x2c, // tParams.y), 0.0,
	0x20, 0x31, 0x2e, 0x30, 0x29, 0x20, 0x3a, 0x20, 0x30, 0x2e, 0x35, 0x3b, 0x0a, 0x20, 0x20, 0x20, //  1.0) : 0.5;.   
	0x20, 0x20, 0x20, 0x20, 0x20, 0x5f, 0x39, 0x39, 0x34, 0x20, 0x3d, 0x20, 0x66, 0x6c, 0x6f, 0x61, //      _994 = floa
	0x74, 0x33, 0x28, 0x30, 0x2e, 0x31, 0x35, 0x30, 0x30, 0x30, 0x30, 0x30, 0x30, 0x35, 0x39, 0x36, // t3(0.15000000596
	0x30, 0x34, 0x36, 0x34, 0x34, 0x37, 0x37, 0x35, 0x33, 0x39, 0x30, 0x36, 0x32, 0x35, 0x20, 0x2b, // 04644775390625 +
	0x20, 0x28, 0x30, 0x2e, 0x38, 0x35, 0x30, 0x30, 0x30, 0x30, 0x30, 0x32, 0x33, 0x38, 0x34, 0x31, //  (0.850000023841
	0x38, 0x35, 0x37, 0x39, 0x31, 0x30, 0x31, 0x35, 0x36, 0x32, 0x35, 0x20, 0x2a, 0x20, 0x5f, 0x35, // 85791015625 * _5
	0x38, 0x33, 0x29, 0x2c, 0x20, 0x30, 0x2e, 0x31, 0x35, 0x30, 0x30, 0x30, 0x30, 0x30, 0x30, 0x35, // 83), 0.150000005
	0x39, 0x36, 0x30, 0x34, 0x36, 0x34, 0x34, 0x37, 0x37, 0x35, 0x33, 0x39, 0x30, 0x36, 0x32, 0x35, // 9604644775390625
	0x20, 0x2b, 0x20, 0x28, 0x30, 0x2e, 0x38, 0x35, 0x30, 0x30, 0x30, 0x30, 0x30, 0x32, 0x33, 0x38, //  + (0.8500000238
	0x34, 0x31, 0x38, 0x35, 0x37, 0x39, 0x31, 0x30, 0x31, 0x35, 0x36, 0x32, 0x35, 0x20, 0x2a, 0x20, // 4185791015625 * 
	0x28, 0x31, 0x2e, 0x30, 0x20, 0x2d, 0x20, 0x5f, 0x35, 0x38, 0x33, 0x29, 0x29, 0x2c, 0x20, 0x30, // (1.0 - _583)), 0
	0x2e, 0x33, 0x30, 0x30, 0x30, 0x30, 0x30, 0x30, 0x31, 0x31, 0x39, 0x32, 0x30, 0x39, 0x32, 0x38, // .300000011920928
	0x39, 0x35, 0x35, 0x30, 0x37, 0x38, 0x31, 0x32, 0x35, 0x20, 0x2b, 0x20, 0x28, 0x30, 0x2e, 0x36, // 955078125 + (0.6
	0x39, 0x39, 0x39, 0x39, 0x39, 0x39, 0x38, 0x38, 0x30, 0x37, 0x39, 0x30, 0x37, 0x31, 0x30, 0x34, // 9999998807907104
	0x34, 0x39, 0x32, 0x31, 0x38, 0x37, 0x35, 0x20, 0x2a, 0x20, 0x28, 0x31, 0x2e, 0x30, 0x20, 0x2d, // 4921875 * (1.0 -
	0x20, 0x61, 0x62, 0x73, 0x28, 0x28, 0x5f, 0x35, 0x38, 0x33, 0x20, 0x2a, 0x20, 0x32, 0x2e, 0x30, //  abs((_583 * 2.0
	0x29, 0x20, 0x2d, 0x20, 0x31, 0x2e, 0x30, 0x29, 0x29, 0x29, 0x29, 0x3b, 0x0a, 0x20, 0x20, 0x20, // ) - 1.0))));.   
	0x20, 0x20, 0x20, 0x20, 0x20, 0x62, 0x72, 0x65, 0x61, 0x6b, 0x3b, 0x0a, 0x20, 0x20, 0x20, 0x20, //      break;.    
	0x7d, 0x20, 0x77, 0x68, 0x69, 0x6c, 0x65, 0x28, 0x66, 0x61, 0x6c, 0x73, 0x65, 0x29, 0x3b, 0x0a, // } while(false);.
	0x20, 0x20, 0x20, 0x20, 0x66, 0x6c, 0x6f, 0x61, 0x74, 0x32, 0x20, 0x5f, 0x36, 0x36, 0x31, 0x20, //     float2 _661 
	0x3d, 0x20, 0x66, 0x6c, 0x6f, 0x61, 0x74, 0x32, 0x28, 0x5f, 0x6d, 0x74, 0x6c, 0x5f, 0x75, 0x2e, // = float2(_mtl_u.
	0x75, 0x50, 0x72, 0x65, 0x73, 0x65, 0x6e, 0x74, 0x50, 0x61, 0x72, 0x61, 0x6d, 0x73, 0x2e, 0x79, // uPresentParams.y
	0x2c, 0x20, 0x5f, 0x6d, 0x74, 0x6c, 0x5f, 0x75, 0x2e, 0x75, 0x50, 0x72, 0x65, 0x73, 0x65, 0x6e, // , _mtl_u.uPresen
	0x74, 0x50, 0x61, 0x72, 0x61, 0x6d, 0x73, 0x2e, 0x7a, 0x29, 0x3b, 0x0a, 0x20, 0x20, 0x20, 0x20, // tParams.z);.    
	0x66, 0x6c, 0x6f, 0x61, 0x74, 0x20, 0x5f, 0x38, 0x36, 0x32, 0x20, 0x3d, 0x20, 0x64, 0x6f, 0x74, // float _862 = dot
	0x28, 0x73, 0x5f, 0x74, 0x65, 0x78, 0x43, 0x6f, 0x6c, 0x6f, 0x72, 0x2e, 0x73, 0x61, 0x6d, 0x70, // (s_texColor.samp
	0x6c, 0x65, 0x28, 0x73, 0x5f, 0x74, 0x65, 0x78, 0x43, 0x6f, 0x6c, 0x6f, 0x72, 0x53, 0x61, 0x6d, // le(s_texColorSam
	0x70, 0x6c, 0x65, 0x72, 0x2c, 0x20, 0x28, 0x69, 0x6e, 0x2e, 0x76, 0x5f, 0x75, 0x76, 0x20, 0x2b, // pler, (in.v_uv +
	0x20, 0x28, 0x66, 0x6c, 0x6f, 0x61, 0x74, 0x32, 0x28, 0x2d, 0x31, 0x2e, 0x30, 0x29, 0x20, 0x2a, //  (float2(-1.0) *
	0x20, 0x5f, 0x36, 0x36, 0x31, 0x29, 0x29, 0x29, 0x2e, 0x78, 0x79, 0x7a, 0x2c, 0x20, 0x66, 0x6c, //  _661))).xyz, fl
	0x6f, 0x61, 0x74, 0x33, 0x28, 0x30, 0x2e, 0x32, 0x39, 0x38, 0x39, 0x39, 0x39, 0x39, 0x39, 0x34, // oat3(0.298999994
	0x39, 0x39, 0x33, 0x32, 0x30, 0x39, 0x38, 0x33, 0x38, 0x38, 0x36, 0x37, 0x31, 0x38, 0x37, 0x35, // 9932098388671875
	0x2c, 0x20, 0x30, 0x2e, 0x35, 0x38, 0x37, 0x30, 0x30, 0x30, 0x30, 0x31, 0x32, 0x33, 0x39, 0x37, // , 0.587000012397
	0x37, 0x36, 0x36, 0x31, 0x31, 0x33, 0x32, 0x38, 0x31, 0x32, 0x35, 0x2c, 0x20, 0x30, 0x2e, 0x31, // 76611328125, 0.1
	0x31, 0x34, 0x30, 0x30, 0x30, 0x30, 0x30, 0x30, 0x30, 0x35, 0x39, 0x36, 0x30, 0x34, 0x36, 0x34, // 1400000005960464
	0x34, 0x37, 0x37, 0x35, 0x33, 0x39, 0x30, 0x36, 0x32, 0x35, 0x29, 0x29, 0x3b, 0x0a, 0x20, 0x20, // 4775390625));.  
	0x20, 0x20, 0x66, 0x6c, 0x6f, 0x61, 0x74, 0x20, 0x5f, 0x38, 0x36, 0x36, 0x20, 0x3d, 0x20, 0x64, //   float _866 = d
	0x6f, 0x74, 0x28, 0x73, 0x5f, 0x74, 0x65, 0x78, 0x43, 0x6f, 0x6c, 0x6f, 0x72, 0x2e, 0x73, 0x61, // ot(s_texColor.sa
	0x6d, 0x70, 0x6c, 0x65, 0x28, 0x73, 0x5f, 0x74, 0x65, 0x78, 0x43, 0x6f, 0x6c, 0x6f, 0x72, 0x53, // mple(s_texColorS
	0x61, 0x6d, 0x70, 0x6c, 0x65, 0x72, 0x2c, 0x20, 0x28, 0x69, 0x6e, 0x2e, 0x76, 0x5f, 0x75, 0x76, // ampler, (in.v_uv
	0x20, 0x2b, 0x20, 0x28, 0x66, 0x6c, 0x6f, 0x61, 0x74, 0x32, 0x28, 0x31, 0x2e, 0x30, 0x2c, 0x20, //  + (float2(1.0, 
	0x2d, 0x31, 0x2e, 0x30, 0x29, 0x20, 0x2a, 0x20, 0x5f, 0x36, 0x36, 0x31, 0x29, 0x29, 0x29, 0x2e, // -1.0) * _661))).
	0x78, 0x79, 0x7a, 0x2c, 0x20, 0x66, 0x6c, 0x6f, 0x61, 0x74, 0x33, 0x28, 0x30, 0x2e, 0x32, 0x39, // xyz, float3(0.29
	0x38, 0x39, 0x39, 0x39, 0x39, 0x39, 0x34, 0x39, 0x39, 0x33, 0x32, 0x30, 0x39, 0x38, 0x33, 0x38, // 8999994993209838
	0x38, 0x36, 0x37, 0x31, 0x38, 0x37, 0x35, 0x2c, 0x20, 0x30, 0x2e, 0x35, 0x38, 0x37, 0x30, 0x30, // 8671875, 0.58700
	0x30, 0x30, 0x31, 0x32, 0x33, 0x39, 0x37, 0x37, 0x36, 0x36, 0x31, 0x31, 0x33, 0x32, 0x38, 0x31, // 0012397766113281
	0x32, 0x35, 0x2c, 0x20, 0x30, 0x2e, 0x31, 0x31, 0x34, 0x30, 0x30, 0x30, 0x30, 0x30, 0x30, 0x30, // 25, 0.1140000000
	0x35, 0x39, 0x36, 0x30, 0x34, 0x36, 0x34, 0x34, 0x37, 0x37, 0x35, 0x33, 0x39, 0x30, 0x36, 0x32, // 5960464477539062
	0x35, 0x29, 0x29, 0x3b, 0x0a, 0x20, 0x20, 0x20, 0x20, 0x66, 0x6c, 0x6f, 0x61, 0x74, 0x20, 0x5f, // 5));.    float _
	0x38, 0x37, 0x30, 0x20, 0x3d, 0x20, 0x64, 0x6f, 0x74, 0x28, 0x73, 0x5f, 0x74, 0x65, 0x78, 0x43, // 870 = dot(s_texC
	0x6f, 0x6c, 0x6f, 0x72, 0x2e, 0x73, 0x61, 0x6d, 0x70, 0x6c, 0x65, 0x28, 0x73, 0x5f, 0x74, 0x65, // olor.sample(s_te
	0x78, 0x43, 0x6f, 0x6c, 0x6f, 0x72, 0x53, 0x61, 0x6d, 0x70, 0x6c, 0x65, 0x72, 0x2c, 0x20, 0x28, // xColorSampler, (
	0x69, 0x6e, 0x2e, 0x76, 0x5f, 0x75, 0x76, 0x20, 0x2b, 0x20, 0x28, 0x66, 0x6c, 0x6f, 0x61, 0x74, // in.v_uv + (float
	0x32, 0x28, 0x2d, 0x31, 0x2e, 0x30, 0x2c, 0x20, 0x31, 0x2e, 0x30, 0x29, 0x20, 0x2a, 0x20, 0x5f, // 2(-1.0, 1.0) * _
	0x36, 0x36, 0x31, 0x29, 0x29, 0x29, 0x2e, 0x78, 0x79, 0x7a, 0x2c, 0x20, 0x66, 0x6c, 0x6f, 0x61, // 661))).xyz, floa
	0x74, 0x33, 0x28, 0x30, 0x2e, 0x32, 0x39, 0x38, 0x39, 0x39, 0x39, 0x39, 0x39, 0x34, 0x39, 0x39, // t3(0.29899999499
	0x33, 0x32, 0x30, 0x39, 0x38, 0x33, 0x38, 0x38, 0x36, 0x37, 0x31, 0x38, 0x37, 0x35, 0x2c, 0x20, // 32098388671875, 
	0x30, 0x2e, 0x35, 0x38, 0x37, 0x30, 0x30, 0x30, 0x30, 0x31, 0x32, 0x33, 0x39, 0x37, 0x37, 0x36, // 0.58700001239776
	0x36, 0x31, 0x31, 0x33, 0x32, 0x38, 0x31, 0x32, 0x35, 0x2c, 0x20, 0x30, 0x2e, 0x31, 0x31, 0x34, // 611328125, 0.114
	0x30, 0x30, 0x30, 0x30, 0x30, 0x30, 0x30, 0x35, 0x39, 0x36, 0x30, 0x34, 0x36, 0x34, 0x34, 0x37, // 0000000596046447
	0x37, 0x35, 0x33, 0x39, 0x30, 0x36, 0x32, 0x35, 0x29, 0x29, 0x3b, 0x0a, 0x20, 0x20, 0x20, 0x20, // 75390625));.    
	0x66, 0x6c, 0x6f, 0x61, 0x74, 0x20, 0x5f, 0x38, 0x37, 0x34, 0x20, 0x3d, 0x20, 0x64, 0x6f, 0x74, // float _874 = dot
	0x28, 0x73, 0x5f, 0x74, 0x65, 0x78, 0x43, 0x6f, 0x6c, 0x6f, 0x72, 0x2e, 0x73, 0x61, 0x6d, 0x70, // (s_texColor.samp
	0x6c, 0x65, 0x28, 0x73, 0x5f, 0x74, 0x65, 0x78, 0x43, 0x6f, 0x6c, 0x6f, 0x72, 0x53, 0x61, 0x6d, // le(s_texColorSam
	0x70, 0x6c, 0x65, 0x72, 0x2c, 0x20, 0x28, 0x69, 0x6e, 0x2e, 0x76, 0x5f, 0x75, 0x76, 0x20, 0x2b, // pler, (in.v_uv +
	0x20, 0x5f, 0x36, 0x36, 0x31, 0x29, 0x29, 0x2e, 0x78, 0x79, 0x7a, 0x2c, 0x20, 0x66, 0x6c, 0x6f, //  _661)).xyz, flo
	0x61, 0x74, 0x33, 0x28, 0x30, 0x2e, 0x32, 0x39, 0x38, 0x39, 0x39, 0x39, 0x39, 0x39, 0x34, 0x39, // at3(0.2989999949
	0x39, 0x33, 0x32, 0x30, 0x39, 0x38, 0x33, 0x38, 0x38, 0x36, 0x37, 0x31, 0x38, 0x37, 0x35, 0x2c, // 932098388671875,
	0x20, 0x30, 0x2e, 0x35, 0x38, 0x37, 0x30, 0x30, 0x30, 0x30, 0x31, 0x32, 0x33, 0x39, 0x37, 0x37, //  0.5870000123977
	0x36, 0x36, 0x31, 0x31, 0x33, 0x32, 0x38, 0x31, 0x32, 0x35, 0x2c, 0x20, 0x30, 0x2e, 0x31, 0x31, // 6611328125, 0.11
	0x34, 0x30, 0x30, 0x30, 0x30, 0x30, 0x30, 0x30, 0x35, 0x39, 0x36, 0x30, 0x34, 0x36, 0x34, 0x34, // 4000000059604644
	0x37, 0x37, 0x35, 0x33, 0x39, 0x30, 0x36, 0x32, 0x35, 0x29, 0x29, 0x3b, 0x0a, 0x20, 0x20, 0x20, // 775390625));.   
	0x20, 0x66, 0x6c, 0x6f, 0x61, 0x74, 0x20, 0x5f, 0x38, 0x37, 0x38, 0x20, 0x3d, 0x20, 0x64, 0x6f, //  float _878 = do
	0x74, 0x28, 0x73, 0x5f, 0x74, 0x65, 0x78, 0x43, 0x6f, 0x6c, 0x6f, 0x72, 0x2e, 0x73, 0x61, 0x6d, // t(s_texColor.sam
	0x70, 0x6c, 0x65, 0x28, 0x73, 0x5f, 0x74, 0x65, 0x78, 0x43, 0x6f, 0x6c, 0x6f, 0x72, 0x53, 0x61, // ple(s_texColorSa
	0x6d, 0x70, 0x6c, 0x65, 0x72, 0x2c, 0x20, 0x69, 0x6e, 0x2e, 0x76, 0x5f, 0x75, 0x76, 0x29, 0x2e, // mpler, in.v_uv).
	0x78, 0x79, 0x7a, 0x2c, 0x20, 0x66, 0x6c, 0x6f, 0x61, 0x74, 0x33, 0x28, 0x30, 0x2e, 0x32, 0x39, // xyz, float3(0.29
	0x38, 0x39, 0x39, 0x39, 0x39, 0x39, 0x34, 0x39, 0x39, 0x33, 0x32, 0x30, 0x39, 0x38, 0x33, 0x38, // 8999994993209838
	0x38, 0x36, 0x37, 0x31, 0x38, 0x37, 0x35, 0x2c, 0x20, 0x30, 0x2e, 0x35, 0x38, 0x37, 0x30, 0x30, // 8671875, 0.58700
	0x30, 0x30, 0x31, 0x32, 0x33, 0x39, 0x37, 0x37, 0x36, 0x36, 0x31, 0x31, 0x33, 0x32, 0x38, 0x31, // 0012397766113281
	0x32, 0x35, 0x2c, 0x20, 0x30, 0x2e, 0x31, 0x31, 0x34, 0x30, 0x30, 0x30, 0x30, 0x30, 0x30, 0x30, // 25, 0.1140000000
	0x35, 0x39, 0x36, 0x30, 0x34, 0x36, 0x34, 0x34, 0x37, 0x37, 0x35, 0x33, 0x39, 0x30, 0x36, 0x32, // 5960464477539062
	0x35, 0x29, 0x29, 0x3b, 0x0a, 0x20, 0x20, 0x20, 0x20, 0x66, 0x6c, 0x6f, 0x61, 0x74, 0x20, 0x5f, // 5));.    float _
	0x37, 0x32, 0x34, 0x20, 0x3d, 0x20, 0x5f, 0x38, 0x36, 0x32, 0x20, 0x2b, 0x20, 0x5f, 0x38, 0x36, // 724 = _862 + _86
	0x36, 0x3b, 0x0a, 0x20, 0x20, 0x20, 0x20, 0x66, 0x6c, 0x6f, 0x61, 0x74, 0x20, 0x5f, 0x37, 0x32, // 6;.    float _72
	0x39, 0x20, 0x3d, 0x20, 0x2d, 0x28, 0x5f, 0x37, 0x32, 0x34, 0x20, 0x2d, 0x20, 0x28, 0x5f, 0x38, // 9 = -(_724 - (_8
	0x37, 0x30, 0x20, 0x2b, 0x20, 0x5f, 0x38, 0x37, 0x34, 0x29, 0x29, 0x3b, 0x0a, 0x20, 0x20, 0x20, // 70 + _874));.   
	0x20, 0x66, 0x6c, 0x6f, 0x61, 0x74, 0x20, 0x5f, 0x37, 0x33, 0x36, 0x20, 0x3d, 0x20, 0x28, 0x5f, //  float _736 = (_
	0x38, 0x36, 0x32, 0x20, 0x2b, 0x20, 0x5f, 0x38, 0x37, 0x30, 0x29, 0x20, 0x2d, 0x20, 0x28, 0x5f, // 862 + _870) - (_
	0x38, 0x36, 0x36, 0x20, 0x2b, 0x20, 0x5f, 0x38, 0x37, 0x34, 0x29, 0x3b, 0x0a, 0x20, 0x20, 0x20, // 866 + _874);.   
	0x20, 0x66, 0x6c, 0x6f, 0x61, 0x74, 0x32, 0x20, 0x5f, 0x37, 0x36, 0x35, 0x20, 0x3d, 0x20, 0x66, //  float2 _765 = f
	0x61, 0x73, 0x74, 0x3a, 0x3a, 0x63, 0x6c, 0x61, 0x6d, 0x70, 0x28, 0x66, 0x6c, 0x6f, 0x61, 0x74, // ast::clamp(float
	0x32, 0x28, 0x5f, 0x37, 0x32, 0x39, 0x2c, 0x20, 0x5f, 0x37, 0x33, 0x36, 0x29, 0x20, 0x2a, 0x20, // 2(_729, _736) * 
	0x28, 0x31, 0x2e, 0x30, 0x20, 0x2f, 0x20, 0x28, 0x66, 0x61, 0x73, 0x74, 0x3a, 0x3a, 0x6d, 0x69, // (1.0 / (fast::mi
	0x6e, 0x28, 0x61, 0x62, 0x73, 0x28, 0x5f, 0x37, 0x32, 0x39, 0x29, 0x2c, 0x20, 0x61, 0x62, 0x73, // n(abs(_729), abs
	0x28, 0x5f, 0x37, 0x33, 0x36, 0x29, 0x29, 0x20, 0x2b, 0x20, 0x66, 0x61, 0x73, 0x74, 0x3a, 0x3a, // (_736)) + fast::
	0x6d, 0x61, 0x78, 0x28, 0x28, 0x28, 0x5f, 0x37, 0x32, 0x34, 0x20, 0x2b, 0x20, 0x5f, 0x38, 0x37, // max(((_724 + _87
	0x30, 0x29, 0x20, 0x2b, 0x20, 0x5f, 0x38, 0x37, 0x34, 0x29, 0x20, 0x2a, 0x20, 0x30, 0x2e, 0x30, // 0) + _874) * 0.0
	0x36, 0x32, 0x35, 0x2c, 0x20, 0x30, 0x2e, 0x30, 0x30, 0x37, 0x38, 0x31, 0x32, 0x35, 0x29, 0x29, // 625, 0.0078125))
	0x29, 0x2c, 0x20, 0x66, 0x6c, 0x6f, 0x61, 0x74, 0x32, 0x28, 0x2d, 0x38, 0x2e, 0x30, 0x29, 0x2c, // ), float2(-8.0),
	0x20, 0x66, 0x6c, 0x6f, 0x61, 0x74, 0x32, 0x28, 0x38, 0x2e, 0x30, 0x29, 0x29, 0x20, 0x2a, 0x20, //  float2(8.0)) * 
	0x5f, 0x36, 0x36, 0x31, 0x3b, 0x0a, 0x20, 0x20, 0x20, 0x20, 0x66, 0x6c, 0x6f, 0x61, 0x74, 0x33, // _661;.    float3
	0x20, 0x5f, 0x37, 0x38, 0x31, 0x20, 0x3d, 0x20, 0x28, 0x73, 0x5f, 0x74, 0x65, 0x78, 0x43, 0x6f, //  _781 = (s_texCo
	0x6c, 0x6f, 0x72, 0x2e, 0x73, 0x61, 0x6d, 0x70, 0x6c, 0x65, 0x28, 0x73, 0x5f, 0x74, 0x65, 0x78, // lor.sample(s_tex
	0x43, 0x6f, 0x6c, 0x6f, 0x72, 0x53, 0x61, 0x6d, 0x70, 0x6c, 0x65, 0x72, 0x2c, 0x20, 0x28, 0x69, // ColorSampler, (i
	0x6e, 0x2e, 0x76, 0x5f, 0x75, 0x76, 0x20, 0x2b, 0x20, 0x28, 0x5f, 0x37, 0x36, 0x35, 0x20, 0x2a, // n.v_uv + (_765 *
	0x20, 0x28, 0x2d, 0x30, 0x2e, 0x31, 0x36, 0x36, 0x36, 0x36, 0x36, 0x36, 0x37, 0x31, 0x36, 0x33, //  (-0.16666667163
	0x33, 0x37, 0x32, 0x30, 0x33, 0x39, 0x37, 0x39, 0x34, 0x39, 0x32, 0x31, 0x38, 0x37, 0x35, 0x29, // 372039794921875)
	0x29, 0x29, 0x29, 0x2e, 0x78, 0x79, 0x7a, 0x20, 0x2b, 0x20, 0x73, 0x5f, 0x74, 0x65, 0x78, 0x43, // ))).xyz + s_texC
	0x6f, 0x6c, 0x6f, 0x72, 0x2e, 0x73, 0x61, 0x6d, 0x70, 0x6c, 0x65, 0x28, 0x73, 0x5f, 0x74, 0x65, // olor.sample(s_te
	0x78, 0x43, 0x6f, 0x6c, 0x6f, 0x72, 0x53, 0x61, 0x6d, 0x70, 0x6c, 0x65, 0x72, 0x2c, 0x20, 0x28, // xColorSampler, (
	0x69, 0x6e, 0x2e, 0x76, 0x5f, 0x75, 0x76, 0x20, 0x2b, 0x20, 0x28, 0x5f, 0x37, 0x36, 0x35, 0x20, // in.v_uv + (_765 
	0x2a, 0x20, 0x30, 0x2e, 0x31, 0x36, 0x36, 0x36, 0x36, 0x36, 0x36, 0x37, 0x31, 0x36, 0x33, 0x33, // * 0.166666671633
	0x37, 0x32, 0x30, 0x33, 0x39, 0x37, 0x39, 0x34, 0x39, 0x32, 0x31, 0x38, 0x37, 0x35, 0x29, 0x29, // 72039794921875))
	0x29, 0x2e, 0x78, 0x79, 0x7a, 0x29, 0x20, 0x2a, 0x20, 0x30, 0x2e, 0x35, 0x3b, 0x0a, 0x20, 0x20, // ).xyz) * 0.5;.  
	0x20, 0x20, 0x66, 0x6c, 0x6f, 0x61, 0x74, 0x33, 0x20, 0x5f, 0x38, 0x30, 0x30, 0x20, 0x3d, 0x20, //   float3 _800 = 
	0x28, 0x5f, 0x37, 0x38, 0x31, 0x20, 0x2a, 0x20, 0x30, 0x2e, 0x35, 0x29, 0x20, 0x2b, 0x20, 0x28, // (_781 * 0.5) + (
	0x28, 0x73, 0x5f, 0x74, 0x65, 0x78, 0x43, 0x6f, 0x6c, 0x6f, 0x72, 0x2e, 0x73, 0x61, 0x6d, 0x70, // (s_texColor.samp
	0x6c, 0x65, 0x28, 0x73, 0x5f, 0x74, 0x65, 0x78, 0x43, 0x6f, 0x6c, 0x6f, 0x72, 0x53, 0x61, 0x6d, // le(s_texColorSam
	0x70, 0x6c, 0x65, 0x72, 0x2c, 0x20, 0x28, 0x69, 0x6e, 0x2e, 0x76, 0x5f, 0x75, 0x76, 0x20, 0x2b, // pler, (in.v_uv +
	0x20, 0x28, 0x5f, 0x37, 0x36, 0x35, 0x20, 0x2a, 0x20, 0x28, 0x2d, 0x30, 0x2e, 0x35, 0x29, 0x29, //  (_765 * (-0.5))
	0x29, 0x29, 0x2e, 0x78, 0x79, 0x7a, 0x20, 0x2b, 0x20, 0x73, 0x5f, 0x74, 0x65, 0x78, 0x43, 0x6f, // )).xyz + s_texCo
	0x6c, 0x6f, 0x72, 0x2e, 0x73, 0x61, 0x6d, 0x70, 0x6c, 0x65, 0x28, 0x73, 0x5f, 0x74, 0x65, 0x78, // lor.sample(s_tex
	0x43, 0x6f, 0x6c, 0x6f, 0x72, 0x53, 0x61, 0x6d, 0x70, 0x6c, 0x65, 0x72, 0x2c, 0x20, 0x28, 0x69, // ColorSampler, (i
	0x6e, 0x2e, 0x76, 0x5f, 0x75, 0x76, 0x20, 0x2b, 0x20, 0x28, 0x5f, 0x37, 0x36, 0x35, 0x20, 0x2a, // n.v_uv + (_765 *
	0x20, 0x30, 0x2e, 0x35, 0x29, 0x29, 0x29, 0x2e, 0x78, 0x79, 0x7a, 0x29, 0x20, 0x2a, 0x20, 0x30, //  0.5))).xyz) * 0
	0x2e, 0x32, 0x35, 0x29, 0x3b, 0x0a, 0x20, 0x20, 0x20, 0x20, 0x66, 0x6c, 0x6f, 0x61, 0x74, 0x20, // .25);.    float 
	0x5f, 0x39, 0x32, 0x36, 0x20, 0x3d, 0x20, 0x64, 0x6f, 0x74, 0x28, 0x5f, 0x38, 0x30, 0x30, 0x2c, // _926 = dot(_800,
	0x20, 0x66, 0x6c, 0x6f, 0x61, 0x74, 0x33, 0x28, 0x30, 0x2e, 0x32, 0x39, 0x38, 0x39, 0x39, 0x39, //  float3(0.298999
	0x39, 0x39, 0x34, 0x39, 0x39, 0x33, 0x32, 0x30, 0x39, 0x38, 0x33, 0x38, 0x38, 0x36, 0x37, 0x31, // 9949932098388671
	0x38, 0x37, 0x35, 0x2c, 0x20, 0x30, 0x2e, 0x35, 0x38, 0x37, 0x30, 0x30, 0x30, 0x30, 0x31, 0x32, // 875, 0.587000012
	0x33, 0x39, 0x37, 0x37, 0x36, 0x36, 0x31, 0x31, 0x33, 0x32, 0x38, 0x31, 0x32, 0x35, 0x2c, 0x20, // 39776611328125, 
	0x30, 0x2e, 0x31, 0x31, 0x34, 0x30, 0x30, 0x30, 0x30, 0x30, 0x30, 0x30, 0x35, 0x39, 0x36, 0x30, // 0.11400000005960
	0x34, 0x36, 0x34, 0x34, 0x37, 0x37, 0x35, 0x33, 0x39, 0x30, 0x36, 0x32, 0x35, 0x29, 0x29, 0x3b, // 4644775390625));
	0x0a, 0x20, 0x20, 0x20, 0x20, 0x6f, 0x75, 0x74, 0x2e, 0x62, 0x67, 0x66, 0x78, 0x5f, 0x46, 0x72, // .    out.bgfx_Fr
	0x61, 0x67, 0x44, 0x61, 0x74, 0x61, 0x30, 0x20, 0x3d, 0x20, 0x66, 0x6c, 0x6f, 0x61, 0x74, 0x34, // agData0 = float4
	0x28, 0x73, 0x65, 0x6c, 0x65, 0x63, 0x74, 0x28, 0x73, 0x65, 0x6c, 0x65, 0x63, 0x74, 0x28, 0x73, // (select(select(s
	0x5f, 0x74, 0x65, 0x78, 0x43, 0x6f, 0x6c, 0x6f, 0x72, 0x2e, 0x73, 0x61, 0x6d, 0x70, 0x6c, 0x65, // _texColor.sample
	0x28, 0x73, 0x5f, 0x74, 0x65, 0x78, 0x43, 0x6f, 0x6c, 0x6f, 0x72, 0x53, 0x61, 0x6d, 0x70, 0x6c, // (s_texColorSampl
	0x65, 0x72, 0x2c, 0x20, 0x69, 0x6e, 0x2e, 0x76, 0x5f, 0x75, 0x76, 0x29, 0x2e, 0x78, 0x79, 0x7a, // er, in.v_uv).xyz
	0x2c, 0x20, 0x73, 0x65, 0x6c, 0x65, 0x63, 0x74, 0x28, 0x5f, 0x38, 0x30, 0x30, 0x2c, 0x20, 0x5f, // , select(_800, _
	0x37, 0x38, 0x31, 0x2c, 0x20, 0x62, 0x6f, 0x6f, 0x6c, 0x33, 0x28, 0x28, 0x5f, 0x39, 0x32, 0x36, // 781, bool3((_926
	0x20, 0x3c, 0x20, 0x66, 0x61, 0x73, 0x74, 0x3a, 0x3a, 0x6d, 0x69, 0x6e, 0x28, 0x5f, 0x38, 0x37, //  < fast::min(_87
	0x38, 0x2c, 0x20, 0x66, 0x61, 0x73, 0x74, 0x3a, 0x3a, 0x6d, 0x69, 0x6e, 0x28, 0x66, 0x61, 0x73, // 8, fast::min(fas
	0x74, 0x3a, 0x3a, 0x6d, 0x69, 0x6e, 0x28, 0x5f, 0x38, 0x36, 0x32, 0x2c, 0x20, 0x5f, 0x38, 0x36, // t::min(_862, _86
	0x36, 0x29, 0x2c, 0x20, 0x66, 0x61, 0x73, 0x74, 0x3a, 0x3a, 0x6d, 0x69, 0x6e, 0x28, 0x5f, 0x38, // 6), fast::min(_8
	0x37, 0x30, 0x2c, 0x20, 0x5f, 0x38, 0x37, 0x34, 0x29, 0x29, 0x29, 0x29, 0x20, 0x7c, 0x7c, 0x20, // 70, _874)))) || 
	0x28, 0x5f, 0x39, 0x32, 0x36, 0x20, 0x3e, 0x20, 0x66, 0x61, 0x73, 0x74, 0x3a, 0x3a, 0x6d, 0x61, // (_926 > fast::ma
	0x78, 0x28, 0x5f, 0x38, 0x37, 0x38, 0x2c, 0x20, 0x66, 0x61, 0x73, 0x74, 0x3a, 0x3a, 0x6d, 0x61, // x(_878, fast::ma
	0x78, 0x28, 0x66, 0x61, 0x73, 0x74, 0x3a, 0x3a, 0x6d, 0x61, 0x78, 0x28, 0x5f, 0x38, 0x36, 0x32, // x(fast::max(_862
	0x2c, 0x20, 0x5f, 0x38, 0x36, 0x36, 0x29, 0x2c, 0x20, 0x66, 0x61, 0x73, 0x74, 0x3a, 0x3a, 0x6d, // , _866), fast::m
	0x61, 0x78, 0x28, 0x5f, 0x38, 0x37, 0x30, 0x2c, 0x20, 0x5f, 0x38, 0x37, 0x34, 0x29, 0x29, 0x29, // ax(_870, _874)))
	0x29, 0x29, 0x29, 0x2c, 0x20, 0x62, 0x6f, 0x6f, 0x6c, 0x33, 0x28, 0x5f, 0x6d, 0x74, 0x6c, 0x5f, // ))), bool3(_mtl_
	0x75, 0x2e, 0x75, 0x50, 0x72, 0x65, 0x73, 0x65, 0x6e, 0x74, 0x50, 0x61, 0x72, 0x61, 0x6d, 0x73, // u.uPresentParams
	0x2e, 0x78, 0x20, 0x3e, 0x20, 0x30, 0x2e, 0x35, 0x29, 0x29, 0x2c, 0x20, 0x5f, 0x39, 0x39, 0x34, // .x > 0.5)), _994
	0x2c, 0x20, 0x62, 0x6f, 0x6f, 0x6c, 0x33, 0x28, 0x5f, 0x6d, 0x74, 0x6c, 0x5f, 0x75, 0x2e, 0x75, // , bool3(_mtl_u.u
	0x50, 0x72, 0x65, 0x73, 0x65, 0x6e, 0x74, 0x50, 0x61, 0x72, 0x61, 0x6d, 0x73, 0x2e, 0x77, 0x20, // PresentParams.w 
	0x3e, 0x20, 0x30, 0x2e, 0x35, 0x29, 0x29, 0x2c, 0x20, 0x31, 0x2e, 0x30, 0x29, 0x3b, 0x0a, 0x20, // > 0.5)), 1.0);. 
	0x20, 0x20, 0x20, 0x72, 0x65, 0x74, 0x75, 0x72, 0x6e, 0x20, 0x6f, 0x75, 0x74, 0x3b, 0x0a, 0x7d, //    return out;.}
	0x0a, 0x0a, 0x00, 0x00, 0x30, 0x00,                                                             // ....0.
};

static const uint8_t fs_present_essl[4078] =
{
	0x46, 0x53, 0x48, 0x0b, 0x89, 0xeb, 0xbe, 0x46, 0x00, 0x00, 0x00, 0x00, 0x00, 0x00, 0xdb, 0x0f, // FSH....F........
	0x00, 0x00, 0x23, 0x76, 0x65, 0x72, 0x73, 0x69, 0x6f, 0x6e, 0x20, 0x33, 0x32, 0x30, 0x20, 0x65, // ..#version 320 e
	0x73, 0x0a, 0x23, 0x64, 0x65, 0x66, 0x69, 0x6e, 0x65, 0x20, 0x61, 0x74, 0x74, 0x72, 0x69, 0x62, // s.#define attrib
	0x75, 0x74, 0x65, 0x20, 0x69, 0x6e, 0x0a, 0x23, 0x64, 0x65, 0x66, 0x69, 0x6e, 0x65, 0x20, 0x76, // ute in.#define v
	0x61, 0x72, 0x79, 0x69, 0x6e, 0x67, 0x20, 0x69, 0x6e, 0x0a, 0x70, 0x72, 0x65, 0x63, 0x69, 0x73, // arying in.precis
	0x69, 0x6f, 0x6e, 0x20, 0x68, 0x69, 0x67, 0x68, 0x70, 0x20, 0x66, 0x6c, 0x6f, 0x61, 0x74, 0x3b, // ion highp float;
	0x0a, 0x70, 0x72, 0x65, 0x63, 0x69, 0x73, 0x69, 0x6f, 0x6e, 0x20, 0x68, 0x69, 0x67, 0x68, 0x70, // .precision highp
	0x20, 0x69, 0x6e, 0x74, 0x3b, 0x0a, 0x23, 0x64, 0x65, 0x66, 0x69, 0x6e, 0x65, 0x20, 0x73, 0x68, //  int;.#define sh
	0x61, 0x64, 0x6f, 0x77, 0x32, 0x44, 0x28, 0x5f, 0x73, 0x61, 0x6d, 0x70, 0x6c, 0x65, 0x72, 0x2c, // adow2D(_sampler,
	0x20, 0x5f, 0x63, 0x6f, 0x6f, 0x72, 0x64, 0x29, 0x20, 0x74, 0x65, 0x78, 0x74, 0x75, 0x72, 0x65, //  _coord) texture
	0x28, 0x5f, 0x73, 0x61, 0x6d, 0x70, 0x6c, 0x65, 0x72, 0x2c, 0x20, 0x5f, 0x63, 0x6f, 0x6f, 0x72, // (_sampler, _coor
	0x64, 0x29, 0x0a, 0x23, 0x64, 0x65, 0x66, 0x69, 0x6e, 0x65, 0x20, 0x73, 0x68, 0x61, 0x64, 0x6f, // d).#define shado
	0x77, 0x32, 0x44, 0x50, 0x72, 0x6f, 0x6a, 0x28, 0x5f, 0x73, 0x61, 0x6d, 0x70, 0x6c, 0x65, 0x72, // w2DProj(_sampler
	0x2c, 0x20, 0x5f, 0x63, 0x6f, 0x6f, 0x72, 0x64, 0x29, 0x20, 0x74, 0x65, 0x78, 0x74, 0x75, 0x72, // , _coord) textur
	0x65, 0x50, 0x72, 0x6f, 0x6a, 0x28, 0x5f, 0x73, 0x61, 0x6d, 0x70, 0x6c, 0x65, 0x72, 0x2c, 0x20, // eProj(_sampler, 
	0x5f, 0x63, 0x6f, 0x6f, 0x72, 0x64, 0x29, 0x0a, 0x6f, 0x75, 0x74, 0x20, 0x6d, 0x65, 0x64, 0x69, // _coord).out medi
	0x75, 0x6d, 0x70, 0x20, 0x76, 0x65, 0x63, 0x34, 0x20, 0x62, 0x67, 0x66, 0x78, 0x5f, 0x46, 0x72, // ump vec4 bgfx_Fr
	0x61, 0x67, 0x43, 0x6f, 0x6c, 0x6f, 0x72, 0x3b, 0x0a, 0x76, 0x61, 0x72, 0x79, 0x69, 0x6e, 0x67, // agColor;.varying
	0x20, 0x76, 0x65, 0x63, 0x32, 0x20, 0x76, 0x5f, 0x75, 0x76, 0x3b, 0x0a, 0x76, 0x65, 0x63, 0x33, //  vec2 v_uv;.vec3
	0x20, 0x69, 0x6e, 0x73, 0x74, 0x4d, 0x75, 0x6c, 0x28, 0x76, 0x65, 0x63, 0x33, 0x20, 0x5f, 0x76, //  instMul(vec3 _v
	0x65, 0x63, 0x2c, 0x20, 0x6d, 0x61, 0x74, 0x33, 0x20, 0x5f, 0x6d, 0x74, 0x78, 0x29, 0x20, 0x7b, // ec, mat3 _mtx) {
	0x20, 0x72, 0x65, 0x74, 0x75, 0x72, 0x6e, 0x20, 0x28, 0x20, 0x28, 0x5f, 0x76, 0x65, 0x63, 0x29, //  return ( (_vec)
	0x20, 0x2a, 0x20, 0x28, 0x5f, 0x6d, 0x74, 0x78, 0x29, 0x20, 0x29, 0x3b, 0x20, 0x7d, 0x0a, 0x76, //  * (_mtx) ); }.v
	0x65, 0x63, 0x33, 0x20, 0x69, 0x6e, 0x73, 0x74, 0x4d, 0x75, 0x6c, 0x28, 0x6d, 0x61, 0x74, 0x33, // ec3 instMul(mat3
	0x20, 0x5f, 0x6d, 0x74, 0x78, 0x2c, 0x20, 0x76, 0x65, 0x63, 0x33, 0x20, 0x5f, 0x76, 0x65, 0x63, //  _mtx, vec3 _vec
	0x29, 0x20, 0x7b, 0x20, 0x72, 0x65, 0x74, 0x75, 0x72, 0x6e, 0x20, 0x28, 0x20, 0x28, 0x5f, 0x6d, // ) { return ( (_m
	0x74, 0x78, 0x29, 0x20, 0x2a, 0x20, 0x28, 0x5f, 0x76, 0x65, 0x63, 0x29, 0x20, 0x29, 0x3b, 0x20, // tx) * (_vec) ); 
	0x7d, 0x0a, 0x76, 0x65, 0x63, 0x34, 0x20, 0x69, 0x6e, 0x73, 0x74, 0x4d, 0x75, 0x6c, 0x28, 0x76, // }.vec4 instMul(v
	0x65, 0x63, 0x34, 0x20, 0x5f, 0x76, 0x65, 0x63, 0x2c, 0x20, 0x6d, 0x61, 0x74, 0x34, 0x20, 0x5f, // ec4 _vec, mat4 _
	0x6d, 0x74, 0x78, 0x29, 0x20, 0x7b, 0x20, 0x72, 0x65, 0x74, 0x75, 0x72, 0x6e, 0x20, 0x28, 0x20, // mtx) { return ( 
	0x28, 0x5f, 0x76, 0x65, 0x63, 0x29, 0x20, 0x2a, 0x20, 0x28, 0x5f, 0x6d, 0x74, 0x78, 0x29, 0x20, // (_vec) * (_mtx) 
	0x29, 0x3b, 0x20, 0x7d, 0x0a, 0x76, 0x65, 0x63, 0x34, 0x20, 0x69, 0x6e, 0x73, 0x74, 0x4d, 0x75, // ); }.vec4 instMu
	0x6c, 0x28, 0x6d, 0x61, 0x74, 0x34, 0x20, 0x5f, 0x6d, 0x74, 0x78, 0x2c, 0x20, 0x76, 0x65, 0x63, // l(mat4 _mtx, vec
	0x34, 0x20, 0x5f, 0x76, 0x65, 0x63, 0x29, 0x20, 0x7b, 0x20, 0x72, 0x65, 0x74, 0x75, 0x72, 0x6e, // 4 _vec) { return
	0x20, 0x28, 0x20, 0x28, 0x5f, 0x6d, 0x74, 0x78, 0x29, 0x20, 0x2a, 0x20, 0x28, 0x5f, 0x76, 0x65, //  ( (_mtx) * (_ve
	0x63, 0x29, 0x20, 0x29, 0x3b, 0x20, 0x7d, 0x0a, 0x66, 0x6c, 0x6f, 0x61, 0x74, 0x20, 0x72, 0x63, // c) ); }.float rc
	0x70, 0x28, 0x66, 0x6c, 0x6f, 0x61, 0x74, 0x20, 0x5f, 0x61, 0x29, 0x20, 0x7b, 0x20, 0x72, 0x65, // p(float _a) { re
	0x74, 0x75, 0x72, 0x6e, 0x20, 0x31, 0x2e, 0x30, 0x2f, 0x5f, 0x61, 0x3b, 0x20, 0x7d, 0x0a, 0x76, // turn 1.0/_a; }.v
	0x65, 0x63, 0x32, 0x20, 0x72, 0x63, 0x70, 0x28, 0x76, 0x65, 0x63, 0x32, 0x20, 0x5f, 0x61, 0x29, // ec2 rcp(vec2 _a)
	0x20, 0x7b, 0x20, 0x72, 0x65, 0x74, 0x75, 0x72, 0x6e, 0x20, 0x76, 0x65, 0x63, 0x32, 0x28, 0x31, //  { return vec2(1
	0x2e, 0x30, 0x29, 0x2f, 0x5f, 0x61, 0x3b, 0x20, 0x7d, 0x0a, 0x76, 0x65, 0x63, 0x33, 0x20, 0x72, // .0)/_a; }.vec3 r
	0x63, 0x70, 0x28, 0x76, 0x65, 0x63, 0x33, 0x20, 0x5f, 0x61, 0x29, 0x20, 0x7b, 0x20, 0x72, 0x65, // cp(vec3 _a) { re
	0x74, 0x75, 0x72, 0x6e, 0x20, 0x76, 0x65, 0x63, 0x33, 0x28, 0x31, 0x2e, 0x30, 0x29, 0x2f, 0x5f, // turn vec3(1.0)/_
	0x61, 0x3b, 0x20, 0x7d, 0x0a, 0x76, 0x65, 0x63, 0x34, 0x20, 0x72, 0x63, 0x70, 0x28, 0x76, 0x65, // a; }.vec4 rcp(ve
	0x63, 0x34, 0x20, 0x5f, 0x61, 0x29, 0x20, 0x7b, 0x20, 0x72, 0x65, 0x74, 0x75, 0x72, 0x6e, 0x20, // c4 _a) { return 
	0x76, 0x65, 0x63, 0x34, 0x28, 0x31, 0x2e, 0x30, 0x29, 0x2f, 0x5f, 0x61, 0x3b, 0x20, 0x7d, 0x0a, // vec4(1.0)/_a; }.
	0x76, 0x65, 0x63, 0x32, 0x20, 0x76, 0x65, 0x63, 0x32, 0x5f, 0x73, 0x70, 0x6c, 0x61, 0x74, 0x28, // vec2 vec2_splat(
	0x66, 0x6c, 0x6f, 0x61, 0x74, 0x20, 0x5f, 0x78, 0x29, 0x20, 0x7b, 0x20, 0x72, 0x65, 0x74, 0x75, // float _x) { retu
	0x72, 0x6e, 0x20, 0x76, 0x65, 0x63, 0x32, 0x28, 0x5f, 0x78, 0x2c, 0x20, 0x5f, 0x78, 0x29, 0x3b, // rn vec2(_x, _x);
	0x20, 0x7d, 0x0a, 0x76, 0x65, 0x63, 0x33, 0x20, 0x76, 0x65, 0x63, 0x33, 0x5f, 0x73, 0x70, 0x6c, //  }.vec3 vec3_spl
	0x61, 0x74, 0x28, 0x66, 0x6c, 0x6f, 0x61, 0x74, 0x20, 0x5f, 0x78, 0x29, 0x20, 0x7b, 0x20, 0x72, // at(float _x) { r
	0x65, 0x74, 0x75, 0x72, 0x6e, 0x20, 0x76, 0x65, 0x63, 0x33, 0x28, 0x5f, 0x78, 0x2c, 0x20, 0x5f, // eturn vec3(_x, _
	0x78, 0x2c, 0x20, 0x5f, 0x78, 0x29, 0x3b, 0x20, 0x7d, 0x0a, 0x76, 0x65, 0x63, 0x34, 0x20, 0x76, // x, _x); }.vec4 v
	0x65, 0x63, 0x34, 0x5f, 0x73, 0x70, 0x6c, 0x61, 0x74, 0x28, 0x66, 0x6c, 0x6f, 0x61, 0x74, 0x20, // ec4_splat(float 
	0x5f, 0x78, 0x29, 0x20, 0x7b, 0x20, 0x72, 0x65, 0x74, 0x75, 0x72, 0x6e, 0x20, 0x76, 0x65, 0x63, // _x) { return vec
	0x34, 0x28, 0x5f, 0x78, 0x2c, 0x20, 0x5f, 0x78, 0x2c, 0x20, 0x5f, 0x78, 0x2c, 0x20, 0x5f, 0x78, // 4(_x, _x, _x, _x
	0x29, 0x3b, 0x20, 0x7d, 0x0a, 0x75, 0x76, 0x65, 0x63, 0x32, 0x20, 0x75, 0x76, 0x65, 0x63, 0x32, // ); }.uvec2 uvec2
	0x5f, 0x73, 0x70, 0x6c, 0x61, 0x74, 0x28, 0x75, 0x69, 0x6e, 0x74, 0x20, 0x5f, 0x78, 0x29, 0x20, // _splat(uint _x) 
	0x7b, 0x20, 0x72, 0x65, 0x74, 0x75, 0x72, 0x6e, 0x20, 0x75, 0x76, 0x65, 0x63, 0x32, 0x28, 0x5f, // { return uvec2(_
	0x78, 0x2c, 0x20, 0x5f, 0x78, 0x29, 0x3b, 0x20, 0x7d, 0x0a, 0x75, 0x76, 0x65, 0x63, 0x33, 0x20, // x, _x); }.uvec3 
	0x75, 0x76, 0x65, 0x63, 0x33, 0x5f, 0x73, 0x70, 0x6c, 0x61, 0x74, 0x28, 0x75, 0x69, 0x6e, 0x74, // uvec3_splat(uint
	0x20, 0x5f, 0x78, 0x29, 0x20, 0x7b, 0x20, 0x72, 0x65, 0x74, 0x75, 0x72, 0x6e, 0x20, 0x75, 0x76, //  _x) { return uv
	0x65, 0x63, 0x33, 0x28, 0x5f, 0x78, 0x2c, 0x20, 0x5f, 0x78, 0x2c, 0x20, 0x5f, 0x78, 0x29, 0x3b, // ec3(_x, _x, _x);
	0x20, 0x7d, 0x0a, 0x75, 0x76, 0x65, 0x63, 0x34, 0x20, 0x75, 0x76, 0x65, 0x63, 0x34, 0x5f, 0x73, //  }.uvec4 uvec4_s
	0x70, 0x6c, 0x61, 0x74, 0x28, 0x75, 0x69, 0x6e, 0x74, 0x20, 0x5f, 0x78, 0x29, 0x20, 0x7b, 0x20, // plat(uint _x) { 
	0x72, 0x65, 0x74, 0x75, 0x72, 0x6e, 0x20, 0x75, 0x76, 0x65, 0x63, 0x34, 0x28, 0x5f, 0x78, 0x2c, // return uvec4(_x,
	0x20, 0x5f, 0x78, 0x2c, 0x20, 0x5f, 0x78, 0x2c, 0x20, 0x5f, 0x78, 0x29, 0x3b, 0x20, 0x7d, 0x0a, //  _x, _x, _x); }.
	0x6d, 0x61, 0x74, 0x34, 0x20, 0x6d, 0x74, 0x78, 0x46, 0x72, 0x6f, 0x6d, 0x52, 0x6f, 0x77, 0x73, // mat4 mtxFromRows
	0x28, 0x76, 0x65, 0x63, 0x34, 0x20, 0x5f, 0x30, 0x2c, 0x20, 0x76, 0x65, 0x63, 0x34, 0x20, 0x5f, // (vec4 _0, vec4 _
	0x31, 0x2c, 0x20, 0x76, 0x65, 0x63, 0x34, 0x20, 0x5f, 0x32, 0x2c, 0x20, 0x76, 0x65, 0x63, 0x34, // 1, vec4 _2, vec4
	0x20, 0x5f, 0x33, 0x29, 0x0a, 0x7b, 0x0a, 0x72, 0x65, 0x74, 0x75, 0x72, 0x6e, 0x20, 0x74, 0x72, //  _3).{.return tr
	0x61, 0x6e, 0x73, 0x70, 0x6f, 0x73, 0x65, 0x28, 0x6d, 0x61, 0x74, 0x34, 0x28, 0x5f, 0x30, 0x2c, // anspose(mat4(_0,
	0x20, 0x5f, 0x31, 0x2c, 0x20, 0x5f, 0x32, 0x2c, 0x20, 0x5f, 0x33, 0x29, 0x20, 0x29, 0x3b, 0x0a, //  _1, _2, _3) );.
	0x7d, 0x0a, 0x6d, 0x61, 0x74, 0x34, 0x20, 0x6d, 0x74, 0x78, 0x46, 0x72, 0x6f, 0x6d, 0x43, 0x6f, // }.mat4 mtxFromCo
	0x6c, 0x73, 0x28, 0x76, 0x65, 0x63, 0x34, 0x20, 0x5f, 0x30, 0x2c, 0x20, 0x76, 0x65, 0x63, 0x34, // ls(vec4 _0, vec4
	0x20, 0x5f, 0x31, 0x2c, 0x20, 0x76, 0x65, 0x63, 0x34, 0x20, 0x5f, 0x32, 0x2c, 0x20, 0x76, 0x65, //  _1, vec4 _2, ve
	0x63, 0x34, 0x20, 0x5f, 0x33, 0x29, 0x0a, 0x7b, 0x0a, 0x72, 0x65, 0x74, 0x75, 0x72, 0x6e, 0x20, // c4 _3).{.return 
	0x6d, 0x61, 0x74, 0x34, 0x28, 0x5f, 0x30, 0x2c, 0x20, 0x5f, 0x31, 0x2c, 0x20, 0x5f, 0x32, 0x2c, // mat4(_0, _1, _2,
	0x20, 0x5f, 0x33, 0x29, 0x3b, 0x0a, 0x7d, 0x0a, 0x6d, 0x61, 0x74, 0x33, 0x20, 0x6d, 0x74, 0x78, //  _3);.}.mat3 mtx
	0x46, 0x72, 0x6f, 0x6d, 0x52, 0x6f, 0x77, 0x73, 0x28, 0x76, 0x65, 0x63, 0x33, 0x20, 0x5f, 0x30, // FromRows(vec3 _0
	0x2c, 0x20, 0x76, 0x65, 0x63, 0x33, 0x20, 0x5f, 0x31, 0x2c, 0x20, 0x76, 0x65, 0x63, 0x33, 0x20, // , vec3 _1, vec3 
	0x5f, 0x32, 0x29, 0x0a, 0x7b, 0x0a, 0x72, 0x65, 0x74, 0x75, 0x72, 0x6e, 0x20, 0x74, 0x72, 0x61, // _2).{.return tra
	0x6e, 0x73, 0x70, 0x6f, 0x73, 0x65, 0x28, 0x6d, 0x61, 0x74, 0x33, 0x28, 0x5f, 0x30, 0x2c, 0x20, // nspose(mat3(_0, 
	0x5f, 0x31, 0x2c, 0x20, 0x5f, 0x32, 0x29, 0x20, 0x29, 0x3b, 0x0a, 0x7d, 0x0a, 0x6d, 0x61, 0x74, // _1, _2) );.}.mat
	0x33, 0x20, 0x6d, 0x74, 0x78, 0x46, 0x72, 0x6f, 0x6d, 0x43, 0x6f, 0x6c, 0x73, 0x28, 0x76, 0x65, // 3 mtxFromCols(ve
	0x63, 0x33, 0x20, 0x5f, 0x30, 0x2c, 0x20, 0x76, 0x65, 0x63, 0x33, 0x20, 0x5f, 0x31, 0x2c, 0x20, // c3 _0, vec3 _1, 
	0x76, 0x65, 0x63, 0x33, 0x20, 0x5f, 0x32, 0x29, 0x0a, 0x7b, 0x0a, 0x72, 0x65, 0x74, 0x75, 0x72, // vec3 _2).{.retur
	0x6e, 0x20, 0x6d, 0x61, 0x74, 0x33, 0x28, 0x5f, 0x30, 0x2c, 0x20, 0x5f, 0x31, 0x2c, 0x20, 0x5f, // n mat3(_0, _1, _
	0x32, 0x29, 0x3b, 0x0a, 0x7d, 0x0a, 0x75, 0x6e, 0x69, 0x66, 0x6f, 0x72, 0x6d, 0x20, 0x76, 0x65, // 2);.}.uniform ve
	0x63, 0x34, 0x20, 0x75, 0x5f, 0x76, 0x69, 0x65, 0x77, 0x52, 0x65, 0x63, 0x74, 0x3b, 0x0a, 0x75, // c4 u_viewRect;.u
	0x6e, 0x69, 0x66, 0x6f, 0x72, 0x6d, 0x20, 0x76, 0x65, 0x63, 0x34, 0x20, 0x75, 0x5f, 0x76, 0x69, // niform vec4 u_vi
	0x65, 0x77, 0x54, 0x65, 0x78, 0x65, 0x6c, 0x3b, 0x0a, 0x75, 0x6e, 0x69, 0x66, 0x6f, 0x72, 0x6d, // ewTexel;.uniform
	0x20, 0x6d, 0x61, 0x74, 0x34, 0x20, 0x75, 0x5f, 0x76, 0x69, 0x65, 0x77, 0x3b, 0x0a, 0x75, 0x6e, //  mat4 u_view;.un
	0x69, 0x66, 0x6f, 0x72, 0x6d, 0x20, 0x6d, 0x61, 0x74, 0x34, 0x20, 0x75, 0x5f, 0x69, 0x6e, 0x76, // iform mat4 u_inv
	0x56, 0x69, 0x65, 0x77, 0x3b, 0x0a, 0x75, 0x6e, 0x69, 0x66, 0x6f, 0x72, 0x6d, 0x20, 0x6d, 0x61, // View;.uniform ma
	0x74, 0x34, 0x20, 0x75, 0x5f, 0x70, 0x72, 0x6f, 0x6a, 0x3b, 0x0a, 0x75, 0x6e, 0x69, 0x66, 0x6f, // t4 u_proj;.unifo
	0x72, 0x6d, 0x20, 0x6d, 0x61, 0x74, 0x34, 0x20, 0x75, 0x5f, 0x69, 0x6e, 0x76, 0x50, 0x72, 0x6f, // rm mat4 u_invPro
	0x6a, 0x3b, 0x0a, 0x75, 0x6e, 0x69, 0x66, 0x6f, 0x72, 0x6d, 0x20, 0x6d, 0x61, 0x74, 0x34, 0x20, // j;.uniform mat4 
	0x75, 0x5f, 0x76, 0x69, 0x65, 0x77, 0x50, 0x72, 0x6f, 0x6a, 0x3b, 0x0a, 0x75, 0x6e, 0x69, 0x66, // u_viewProj;.unif
	0x6f, 0x72, 0x6d, 0x20, 0x6d, 0x61, 0x74, 0x34, 0x20, 0x75, 0x5f, 0x69, 0x6e, 0x76, 0x56, 0x69, // orm mat4 u_invVi
	0x65, 0x77, 0x50, 0x72, 0x6f, 0x6a, 0x3b, 0x0a, 0x75, 0x6e, 0x69, 0x66, 0x6f, 0x72, 0x6d, 0x20, // ewProj;.uniform 
	0x6d, 0x61, 0x74, 0x34, 0x20, 0x75, 0x5f, 0x6d, 0x6f, 0x64, 0x65, 0x6c, 0x5b, 0x33, 0x32, 0x5d, // mat4 u_model[32]
	0x3b, 0x0a, 0x75, 0x6e, 0x69, 0x66, 0x6f, 0x72, 0x6d, 0x20, 0x6d, 0x61, 0x74, 0x34, 0x20, 0x75, // ;.uniform mat4 u
	0x5f, 0x6d, 0x6f, 0x64, 0x65, 0x6c, 0x56, 0x69, 0x65, 0x77, 0x3b, 0x0a, 0x75, 0x6e, 0x69, 0x66, // _modelView;.unif
	0x6f, 0x72, 0x6d, 0x20, 0x6d, 0x61, 0x74, 0x34, 0x20, 0x75, 0x5f, 0x6d, 0x6f, 0x64, 0x65, 0x6c, // orm mat4 u_model
	0x56, 0x69, 0x65, 0x77, 0x50, 0x72, 0x6f, 0x6a, 0x3b, 0x0a, 0x75, 0x6e, 0x69, 0x66, 0x6f, 0x72, // ViewProj;.unifor
	0x6d, 0x20, 0x76, 0x65, 0x63, 0x34, 0x20, 0x75, 0x5f, 0x61, 0x6c, 0x70, 0x68, 0x61, 0x52, 0x65, // m vec4 u_alphaRe
	0x66, 0x34, 0x3b, 0x0a, 0x75, 0x6e, 0x69, 0x66, 0x6f, 0x72, 0x6d, 0x20, 0x73, 0x61, 0x6d, 0x70, // f4;.uniform samp
	0x6c, 0x65, 0x72, 0x32, 0x44, 0x20, 0x73, 0x5f, 0x74, 0x65, 0x78, 0x43, 0x6f, 0x6c, 0x6f, 0x72, // ler2D s_texColor
	0x3b, 0x0a, 0x75, 0x6e, 0x69, 0x66, 0x6f, 0x72, 0x6d, 0x20, 0x76, 0x65, 0x63, 0x34, 0x20, 0x75, // ;.uniform vec4 u
	0x50, 0x72, 0x65, 0x73, 0x65, 0x6e, 0x74, 0x50, 0x61, 0x72, 0x61, 0x6d, 0x73, 0x3b, 0x0a, 0x66, // PresentParams;.f
	0x6c, 0x6f, 0x61, 0x74, 0x20, 0x70, 0x72, 0x65, 0x73, 0x65, 0x6e, 0x74, 0x4c, 0x75, 0x6d, 0x61, // loat presentLuma
	0x28, 0x76, 0x65, 0x63, 0x33, 0x20, 0x63, 0x6f, 0x6c, 0x6f, 0x72, 0x29, 0x0a, 0x7b, 0x0a, 0x72, // (vec3 color).{.r
	0x65, 0x74, 0x75, 0x72, 0x6e, 0x20, 0x64, 0x6f, 0x74, 0x28, 0x63, 0x6f, 0x6c, 0x6f, 0x72, 0x2c, // eturn dot(color,
	0x20, 0x76, 0x65, 0x63, 0x33, 0x28, 0x30, 0x2e, 0x32, 0x39, 0x39, 0x2c, 0x20, 0x30, 0x2e, 0x35, //  vec3(0.299, 0.5
	0x38, 0x37, 0x2c, 0x20, 0x30, 0x2e, 0x31, 0x31, 0x34, 0x29, 0x29, 0x3b, 0x0a, 0x7d, 0x0a, 0x76, // 87, 0.114));.}.v
	0x65, 0x63, 0x33, 0x20, 0x70, 0x72, 0x65, 0x73, 0x65, 0x6e, 0x74, 0x46, 0x78, 0x61, 0x61, 0x28, // ec3 presentFxaa(
	0x76, 0x65, 0x63, 0x32, 0x20, 0x75, 0x76, 0x29, 0x0a, 0x7b, 0x0a, 0x76, 0x65, 0x63, 0x32, 0x20, // vec2 uv).{.vec2 
	0x74, 0x65, 0x78, 0x65, 0x6c, 0x20, 0x3d, 0x20, 0x76, 0x65, 0x63, 0x32, 0x28, 0x75, 0x50, 0x72, // texel = vec2(uPr
	0x65, 0x73, 0x65, 0x6e, 0x74, 0x50, 0x61, 0x72, 0x61, 0x6d, 0x73, 0x2e, 0x79, 0x2c, 0x20, 0x75, // esentParams.y, u
	0x50, 0x72, 0x65, 0x73, 0x65, 0x6e, 0x74, 0x50, 0x61, 0x72, 0x61, 0x6d, 0x73, 0x2e, 0x7a, 0x29, // PresentParams.z)
	0x3b, 0x0a, 0x76, 0x65, 0x63, 0x33, 0x20, 0x72, 0x67, 0x62, 0x4e, 0x57, 0x20, 0x3d, 0x20, 0x74, // ;.vec3 rgbNW = t
	0x65, 0x78, 0x74, 0x75, 0x72, 0x65, 0x28, 0x73, 0x5f, 0x74, 0x65, 0x78, 0x43, 0x6f, 0x6c, 0x6f, // exture(s_texColo
	0x72, 0x2c, 0x20, 0x75, 0x76, 0x20, 0x2b, 0x20, 0x76, 0x65, 0x63, 0x32, 0x28, 0x2d, 0x31, 0x2e, // r, uv + vec2(-1.
	0x30, 0x2c, 0x20, 0x2d, 0x31, 0x2e, 0x30, 0x29, 0x20, 0x2a, 0x20, 0x74, 0x65, 0x78, 0x65, 0x6c, // 0, -1.0) * texel
	0x29, 0x2e, 0x72, 0x67, 0x62, 0x3b, 0x0a, 0x76, 0x65, 0x63, 0x33, 0x20, 0x72, 0x67, 0x62, 0x4e, // ).rgb;.vec3 rgbN
	0x45, 0x20, 0x3d, 0x20, 0x74, 0x65, 0x78, 0x74, 0x75, 0x72, 0x65, 0x28, 0x73, 0x5f, 0x74, 0x65, // E = texture(s_te
	0x78, 0x43, 0x6f, 0x6c, 0x6f, 0x72, 0x2c, 0x20, 0x75, 0x76, 0x20, 0x2b, 0x20, 0x76, 0x65, 0x63, // xColor, uv + vec
	0x32, 0x28, 0x20, 0x31, 0x2e, 0x30, 0x2c, 0x20, 0x2d, 0x31, 0x2e, 0x30, 0x29, 0x20, 0x2a, 0x20, // 2( 1.0, -1.0) * 
	0x74, 0x65, 0x78, 0x65, 0x6c, 0x29, 0x2e, 0x72, 0x67, 0x62, 0x3b, 0x0a, 0x76, 0x65, 0x63, 0x33, // texel).rgb;.vec3
	0x20, 0x72, 0x67, 0x62, 0x53, 0x57, 0x20, 0x3d, 0x20, 0x74, 0x65, 0x78, 0x74, 0x75, 0x72, 0x65, //  rgbSW = texture
	0x28, 0x73, 0x5f, 0x74, 0x65, 0x78, 0x43, 0x6f, 0x6c, 0x6f, 0x72, 0x2c, 0x20, 0x75, 0x76, 0x20, // (s_texColor, uv 
	0x2b, 0x20, 0x76, 0x65, 0x63, 0x32, 0x28, 0x2d, 0x31, 0x2e, 0x30, 0x2c, 0x20, 0x31, 0x2e, 0x30, // + vec2(-1.0, 1.0
	0x29, 0x20, 0x2a, 0x20, 0x74, 0x65, 0x78, 0x65, 0x6c, 0x29, 0x2e, 0x72, 0x67, 0x62, 0x3b, 0x0a, // ) * texel).rgb;.
	0x76, 0x65, 0x63, 0x33, 0x20, 0x72, 0x67, 0x62, 0x53, 0x45, 0x20, 0x3d, 0x20, 0x74, 0x65, 0x78, // vec3 rgbSE = tex
	0x74, 0x75, 0x72, 0x65, 0x28, 0x73, 0x5f, 0x74, 0x65, 0x78, 0x43, 0x6f, 0x6c, 0x6f, 0x72, 0x2c, // ture(s_texColor,
	0x20, 0x75, 0x76, 0x20, 0x2b, 0x20, 0x76, 0x65, 0x63, 0x32, 0x28, 0x20, 0x31, 0x2e, 0x30, 0x2c, //  uv + vec2( 1.0,
	0x20, 0x31, 0x2e, 0x30, 0x29, 0x20, 0x2a, 0x20, 0x74, 0x65, 0x78, 0x65, 0x6c, 0x29, 0x2e, 0x72, //  1.0) * texel).r
	0x67, 0x62, 0x3b, 0x0a, 0x76, 0x65, 0x63, 0x33, 0x20, 0x72, 0x67, 0x62, 0x4d, 0x20, 0x3d, 0x20, // gb;.vec3 rgbM = 
	0x74, 0x65, 0x78, 0x74, 0x75, 0x72, 0x65, 0x28, 0x73, 0x5f, 0x74, 0x65, 0x78, 0x43, 0x6f, 0x6c, // texture(s_texCol
	0x6f, 0x72, 0x2c, 0x20, 0x75, 0x76, 0x29, 0x2e, 0x72, 0x67, 0x62, 0x3b, 0x0a, 0x66, 0x6c, 0x6f, // or, uv).rgb;.flo
	0x61, 0x74, 0x20, 0x6c, 0x75, 0x6d, 0x61, 0x4e, 0x57, 0x20, 0x3d, 0x20, 0x70, 0x72, 0x65, 0x73, // at lumaNW = pres
	0x65, 0x6e, 0x74, 0x4c, 0x75, 0x6d, 0x61, 0x28, 0x72, 0x67, 0x62, 0x4e, 0x57, 0x29, 0x3b, 0x0a, // entLuma(rgbNW);.
	0x66, 0x6c, 0x6f, 0x61, 0x74, 0x20, 0x6c, 0x75, 0x6d, 0x61, 0x4e, 0x45, 0x20, 0x3d, 0x20, 0x70, // float lumaNE = p
	0x72, 0x65, 0x73, 0x65, 0x6e, 0x74, 0x4c, 0x75, 0x6d, 0x61, 0x28, 0x72, 0x67, 0x62, 0x4e, 0x45, // resentLuma(rgbNE
	0x29, 0x3b, 0x0a, 0x66, 0x6c, 0x6f, 0x61, 0x74, 0x20, 0x6c, 0x75, 0x6d, 0x61, 0x53, 0x57, 0x20, // );.float lumaSW 
	0x3d, 0x20, 0x70, 0x72, 0x65, 0x73, 0x65, 0x6e, 0x74, 0x4c, 0x75, 0x6d, 0x61, 0x28, 0x72, 0x67, // = presentLuma(rg
	0x62, 0x53, 0x57, 0x29, 0x3b, 0x0a, 0x66, 0x6c, 0x6f, 0x61, 0x74, 0x20, 0x6c, 0x75, 0x6d, 0x61, // bSW);.float luma
	0x53, 0x45, 0x20, 0x3d, 0x20, 0x70, 0x72, 0x65, 0x73, 0x65, 0x6e, 0x74, 0x4c, 0x75, 0x6d, 0x61, // SE = presentLuma
	0x28, 0x72, 0x67, 0x62, 0x53, 0x45, 0x29, 0x3b, 0x0a, 0x66, 0x6c, 0x6f, 0x61, 0x74, 0x20, 0x6c, // (rgbSE);.float l
	0x75, 0x6d, 0x61, 0x4d, 0x20, 0x3d, 0x20, 0x70, 0x72, 0x65, 0x73, 0x65, 0x6e, 0x74, 0x4c, 0x75, // umaM = presentLu
	0x6d, 0x61, 0x28, 0x72, 0x67, 0x62, 0x4d, 0x29, 0x3b, 0x0a, 0x66, 0x6c, 0x6f, 0x61, 0x74, 0x20, // ma(rgbM);.float 
	0x6c, 0x75, 0x6d, 0x61, 0x4d, 0x69, 0x6e, 0x20, 0x3d, 0x20, 0x6d, 0x69, 0x6e, 0x28, 0x6c, 0x75, // lumaMin = min(lu
	0x6d, 0x61, 0x4d, 0x2c, 0x20, 0x6d, 0x69, 0x6e, 0x28, 0x6d, 0x69, 0x6e, 0x28, 0x6c, 0x75, 0x6d, // maM, min(min(lum
	0x61, 0x4e, 0x57, 0x2c, 0x20, 0x6c, 0x75, 0x6d, 0x61, 0x4e, 0x45, 0x29, 0x2c, 0x0a, 0x6d, 0x69, // aNW, lumaNE),.mi
	0x6e, 0x28, 0x6c, 0x75, 0x6d, 0x61, 0x53, 0x57, 0x2c, 0x20, 0x6c, 0x75, 0x6d, 0x61, 0x53, 0x45, // n(lumaSW, lumaSE
	0x29, 0x29, 0x29, 0x3b, 0x0a, 0x66, 0x6c, 0x6f, 0x61, 0x74, 0x20, 0x6c, 0x75, 0x6d, 0x61, 0x4d, // )));.float lumaM
	0x61, 0x78, 0x20, 0x3d, 0x20, 0x6d, 0x61, 0x78, 0x28, 0x6c, 0x75, 0x6d, 0x61, 0x4d, 0x2c, 0x20, // ax = max(lumaM, 
	0x6d, 0x61, 0x78, 0x28, 0x6d, 0x61, 0x78, 0x28, 0x6c, 0x75, 0x6d, 0x61, 0x4e, 0x57, 0x2c, 0x20, // max(max(lumaNW, 
	0x6c, 0x75, 0x6d, 0x61, 0x4e, 0x45, 0x29, 0x2c, 0x0a, 0x6d, 0x61, 0x78, 0x28, 0x6c, 0x75, 0x6d, // lumaNE),.max(lum
	0x61, 0x53, 0x57, 0x2c, 0x20, 0x6c, 0x75, 0x6d, 0x61, 0x53, 0x45, 0x29, 0x29, 0x29, 0x3b, 0x0a, // aSW, lumaSE)));.
	0x76, 0x65, 0x63, 0x32, 0x20, 0x64, 0x69, 0x72, 0x65, 0x63, 0x74, 0x69, 0x6f, 0x6e, 0x20, 0x3d, // vec2 direction =
	0x20, 0x76, 0x65, 0x63, 0x32, 0x28, 0x2d, 0x28, 0x28, 0x6c, 0x75, 0x6d, 0x61, 0x4e, 0x57, 0x20, //  vec2(-((lumaNW 
	0x2b, 0x20, 0x6c, 0x75, 0x6d, 0x61, 0x4e, 0x45, 0x29, 0x20, 0x2d, 0x20, 0x28, 0x6c, 0x75, 0x6d, // + lumaNE) - (lum
	0x61, 0x53, 0x57, 0x20, 0x2b, 0x20, 0x6c, 0x75, 0x6d, 0x61, 0x53, 0x45, 0x29, 0x29, 0x2c, 0x0a, // aSW + lumaSE)),.
	0x28, 0x28, 0x6c, 0x75, 0x6d, 0x61, 0x4e, 0x57, 0x20, 0x2b, 0x20, 0x6c, 0x75, 0x6d, 0x61, 0x53, // ((lumaNW + lumaS
	0x57, 0x29, 0x20, 0x2d, 0x20, 0x28, 0x6c, 0x75, 0x6d, 0x61, 0x4e, 0x45, 0x20, 0x2b, 0x20, 0x6c, // W) - (lumaNE + l
	0x75, 0x6d, 0x61, 0x53, 0x45, 0x29, 0x29, 0x29, 0x3b, 0x0a, 0x66, 0x6c, 0x6f, 0x61, 0x74, 0x20, // umaSE)));.float 
	0x72, 0x65, 0x64, 0x75, 0x63, 0x74, 0x69, 0x6f, 0x6e, 0x20, 0x3d, 0x20, 0x6d, 0x61, 0x78, 0x28, // reduction = max(
	0x28, 0x6c, 0x75, 0x6d, 0x61, 0x4e, 0x57, 0x20, 0x2b, 0x20, 0x6c, 0x75, 0x6d, 0x61, 0x4e, 0x45, // (lumaNW + lumaNE
	0x20, 0x2b, 0x20, 0x6c, 0x75, 0x6d, 0x61, 0x53, 0x57, 0x20, 0x2b, 0x20, 0x6c, 0x75, 0x6d, 0x61, //  + lumaSW + luma
	0x53, 0x45, 0x29, 0x20, 0x2a, 0x20, 0x30, 0x2e, 0x32, 0x35, 0x20, 0x2a, 0x20, 0x30, 0x2e, 0x32, // SE) * 0.25 * 0.2
	0x35, 0x2c, 0x0a, 0x31, 0x2e, 0x30, 0x20, 0x2f, 0x20, 0x31, 0x32, 0x38, 0x2e, 0x30, 0x29, 0x3b, // 5,.1.0 / 128.0);
	0x0a, 0x66, 0x6c, 0x6f, 0x61, 0x74, 0x20, 0x72, 0x63, 0x70, 0x44, 0x69, 0x72, 0x65, 0x63, 0x74, // .float rcpDirect
	0x69, 0x6f, 0x6e, 0x4d, 0x69, 0x6e, 0x20, 0x3d, 0x20, 0x31, 0x2e, 0x30, 0x20, 0x2f, 0x20, 0x28, // ionMin = 1.0 / (
	0x6d, 0x69, 0x6e, 0x28, 0x61, 0x62, 0x73, 0x28, 0x64, 0x69, 0x72, 0x65, 0x63, 0x74, 0x69, 0x6f, // min(abs(directio
	0x6e, 0x2e, 0x78, 0x29, 0x2c, 0x0a, 0x61, 0x62, 0x73, 0x28, 0x64, 0x69, 0x72, 0x65, 0x63, 0x74, // n.x),.abs(direct
	0x69, 0x6f, 0x6e, 0x2e, 0x79, 0x29, 0x29, 0x20, 0x2b, 0x20, 0x72, 0x65, 0x64, 0x75, 0x63, 0x74, // ion.y)) + reduct
	0x69, 0x6f, 0x6e, 0x29, 0x3b, 0x0a, 0x64, 0x69, 0x72, 0x65, 0x63, 0x74, 0x69, 0x6f, 0x6e, 0x20, // ion);.direction 
	0x3d, 0x20, 0x63, 0x6c, 0x61, 0x6d, 0x70, 0x28, 0x64, 0x69, 0x72, 0x65, 0x63, 0x74, 0x69, 0x6f, // = clamp(directio
	0x6e, 0x20, 0x2a, 0x20, 0x72, 0x63, 0x70, 0x44, 0x69, 0x72, 0x65, 0x63, 0x74, 0x69, 0x6f, 0x6e, // n * rcpDirection
	0x4d, 0x69, 0x6e, 0x2c, 0x0a, 0x76, 0x65, 0x63, 0x32, 0x5f, 0x73, 0x70, 0x6c, 0x61, 0x74, 0x28, // Min,.vec2_splat(
	0x2d, 0x38, 0x2e, 0x30, 0x29, 0x2c, 0x20, 0x76, 0x65, 0x63, 0x32, 0x5f, 0x73, 0x70, 0x6c, 0x61, // -8.0), vec2_spla
	0x74, 0x28, 0x38, 0x2e, 0x30, 0x29, 0x29, 0x20, 0x2a, 0x20, 0x74, 0x65, 0x78, 0x65, 0x6c, 0x3b, // t(8.0)) * texel;
	0x0a, 0x76, 0x65, 0x63, 0x33, 0x20, 0x72, 0x67, 0x62, 0x41, 0x20, 0x3d, 0x20, 0x30, 0x2e, 0x35, // .vec3 rgbA = 0.5
	0x20, 0x2a, 0x20, 0x28, 0x74, 0x65, 0x78, 0x74, 0x75, 0x72, 0x65, 0x28, 0x73, 0x5f, 0x74, 0x65, //  * (texture(s_te
	0x78, 0x43, 0x6f, 0x6c, 0x6f, 0x72, 0x2c, 0x20, 0x75, 0x76, 0x20, 0x2b, 0x20, 0x64, 0x69, 0x72, // xColor, uv + dir
	0x65, 0x63, 0x74, 0x69, 0x6f, 0x6e, 0x20, 0x2a, 0x20, 0x28, 0x31, 0x2e, 0x30, 0x20, 0x2f, 0x20, // ection * (1.0 / 
	0x33, 0x2e, 0x30, 0x20, 0x2d, 0x20, 0x30, 0x2e, 0x35, 0x29, 0x29, 0x2e, 0x72, 0x67, 0x62, 0x20, // 3.0 - 0.5)).rgb 
	0x2b, 0x0a, 0x74, 0x65, 0x78, 0x74, 0x75, 0x72, 0x65, 0x28, 0x73, 0x5f, 0x74, 0x65, 0x78, 0x43, // +.texture(s_texC
	0x6f, 0x6c, 0x6f, 0x72, 0x2c, 0x20, 0x75, 0x76, 0x20, 0x2b, 0x20, 0x64, 0x69, 0x72, 0x65, 0x63, // olor, uv + direc
	0x74, 0x69, 0x6f, 0x6e, 0x20, 0x2a, 0x20, 0x28, 0x32, 0x2e, 0x30, 0x20, 0x2f, 0x20, 0x33, 0x2e, // tion * (2.0 / 3.
	0x30, 0x20, 0x2d, 0x20, 0x30, 0x2e, 0x35, 0x29, 0x29, 0x2e, 0x72, 0x67, 0x62, 0x29, 0x3b, 0x0a, // 0 - 0.5)).rgb);.
	0x76, 0x65, 0x63, 0x33, 0x20, 0x72, 0x67, 0x62, 0x42, 0x20, 0x3d, 0x20, 0x72, 0x67, 0x62, 0x41, // vec3 rgbB = rgbA
	0x20, 0x2a, 0x20, 0x30, 0x2e, 0x35, 0x20, 0x2b, 0x20, 0x30, 0x2e, 0x32, 0x35, 0x20, 0x2a, 0x20, //  * 0.5 + 0.25 * 
	0x28, 0x0a, 0x74, 0x65, 0x78, 0x74, 0x75, 0x72, 0x65, 0x28, 0x73, 0x5f, 0x74, 0x65, 0x78, 0x43, // (.texture(s_texC
	0x6f, 0x6c, 0x6f, 0x72, 0x2c, 0x20, 0x75, 0x76, 0x20, 0x2b, 0x20, 0x64, 0x69, 0x72, 0x65, 0x63, // olor, uv + direc
	0x74, 0x69, 0x6f, 0x6e, 0x20, 0x2a, 0x20, 0x2d, 0x30, 0x2e, 0x35, 0x29, 0x2e, 0x72, 0x67, 0x62, // tion * -0.5).rgb
	0x20, 0x2b, 0x0a, 0x74, 0x65, 0x78, 0x74, 0x75, 0x72, 0x65, 0x28, 0x73, 0x5f, 0x74, 0x65, 0x78, //  +.texture(s_tex
	0x43, 0x6f, 0x6c, 0x6f, 0x72, 0x2c, 0x20, 0x75, 0x76, 0x20, 0x2b, 0x20, 0x64, 0x69, 0x72, 0x65, // Color, uv + dire
	0x63, 0x74, 0x69, 0x6f, 0x6e, 0x20, 0x2a, 0x20, 0x30, 0x2e, 0x35, 0x29, 0x2e, 0x72, 0x67, 0x62, // ction * 0.5).rgb
	0x29, 0x3b, 0x0a, 0x66, 0x6c, 0x6f, 0x61, 0x74, 0x20, 0x6c, 0x75, 0x6d, 0x61, 0x42, 0x20, 0x3d, // );.float lumaB =
	0x20, 0x70, 0x72, 0x65, 0x73, 0x65, 0x6e, 0x74, 0x4c, 0x75, 0x6d, 0x61, 0x28, 0x72, 0x67, 0x62, //  presentLuma(rgb
	0x42, 0x29, 0x3b, 0x0a, 0x72, 0x65, 0x74, 0x75, 0x72, 0x6e, 0x20, 0x28, 0x6c, 0x75, 0x6d, 0x61, // B);.return (luma
	0x42, 0x20, 0x3c, 0x20, 0x6c, 0x75, 0x6d, 0x61, 0x4d, 0x69, 0x6e, 0x20, 0x7c, 0x7c, 0x20, 0x6c, // B < lumaMin || l
	0x75, 0x6d, 0x61, 0x42, 0x20, 0x3e, 0x20, 0x6c, 0x75, 0x6d, 0x61, 0x4d, 0x61, 0x78, 0x29, 0x20, // umaB > lumaMax) 
	0x3f, 0x20, 0x72, 0x67, 0x62, 0x41, 0x20, 0x3a, 0x20, 0x72, 0x67, 0x62, 0x42, 0x3b, 0x0a, 0x7d, // ? rgbA : rgbB;.}
	0x0a, 0x76, 0x65, 0x63, 0x33, 0x20, 0x70, 0x72, 0x65, 0x73, 0x65, 0x6e, 0x74, 0x49, 0x64, 0x44, // .vec3 presentIdD
	0x65, 0x62, 0x75, 0x67, 0x28, 0x76, 0x65, 0x63, 0x32, 0x20, 0x75, 0x76, 0x29, 0x0a, 0x7b, 0x0a, // ebug(vec2 uv).{.
	0x76, 0x65, 0x63, 0x34, 0x20, 0x62, 0x79, 0x74, 0x65, 0x73, 0x20, 0x3d, 0x20, 0x74, 0x65, 0x78, // vec4 bytes = tex
	0x74, 0x75, 0x72, 0x65, 0x28, 0x73, 0x5f, 0x74, 0x65, 0x78, 0x43, 0x6f, 0x6c, 0x6f, 0x72, 0x2c, // ture(s_texColor,
	0x20, 0x75, 0x76, 0x29, 0x20, 0x2a, 0x20, 0x32, 0x35, 0x35, 0x2e, 0x30, 0x3b, 0x0a, 0x62, 0x6f, //  uv) * 255.0;.bo
	0x6f, 0x6c, 0x20, 0x62, 0x61, 0x63, 0x6b, 0x67, 0x72, 0x6f, 0x75, 0x6e, 0x64, 0x20, 0x3d, 0x20, // ol background = 
	0x62, 0x79, 0x74, 0x65, 0x73, 0x2e, 0x72, 0x20, 0x3e, 0x20, 0x32, 0x35, 0x34, 0x2e, 0x35, 0x20, // bytes.r > 254.5 
	0x26, 0x26, 0x20, 0x62, 0x79, 0x74, 0x65, 0x73, 0x2e, 0x67, 0x20, 0x3e, 0x20, 0x32, 0x35, 0x34, // && bytes.g > 254
	0x2e, 0x35, 0x20, 0x26, 0x26, 0x0a, 0x62, 0x79, 0x74, 0x65, 0x73, 0x2e, 0x62, 0x20, 0x3e, 0x20, // .5 &&.bytes.b > 
	0x32, 0x35, 0x34, 0x2e, 0x35, 0x20, 0x26, 0x26, 0x20, 0x62, 0x79, 0x74, 0x65, 0x73, 0x2e, 0x61, // 254.5 && bytes.a
	0x20, 0x3e, 0x20, 0x32, 0x35, 0x34, 0x2e, 0x35, 0x3b, 0x0a, 0x69, 0x66, 0x20, 0x28, 0x62, 0x61, //  > 254.5;.if (ba
	0x63, 0x6b, 0x67, 0x72, 0x6f, 0x75, 0x6e, 0x64, 0x29, 0x0a, 0x72, 0x65, 0x74, 0x75, 0x72, 0x6e, // ckground).return
	0x20, 0x76, 0x65, 0x63, 0x33, 0x28, 0x31, 0x2e, 0x30, 0x2c, 0x20, 0x31, 0x2e, 0x30, 0x2c, 0x20, //  vec3(1.0, 1.0, 
	0x31, 0x2e, 0x30, 0x29, 0x3b, 0x0a, 0x66, 0x6c, 0x6f, 0x61, 0x74, 0x20, 0x69, 0x64, 0x20, 0x3d, // 1.0);.float id =
	0x20, 0x62, 0x79, 0x74, 0x65, 0x73, 0x2e, 0x72, 0x20, 0x2a, 0x20, 0x36, 0x35, 0x35, 0x33, 0x36, //  bytes.r * 65536
	0x2e, 0x30, 0x20, 0x2b, 0x20, 0x62, 0x79, 0x74, 0x65, 0x73, 0x2e, 0x67, 0x20, 0x2a, 0x20, 0x32, // .0 + bytes.g * 2
	0x35, 0x36, 0x2e, 0x30, 0x20, 0x2b, 0x0a, 0x62, 0x79, 0x74, 0x65, 0x73, 0x2e, 0x62, 0x20, 0x2b, // 56.0 +.bytes.b +
	0x20, 0x62, 0x79, 0x74, 0x65, 0x73, 0x2e, 0x61, 0x20, 0x2a, 0x20, 0x31, 0x36, 0x37, 0x37, 0x37, //  bytes.a * 16777
	0x32, 0x31, 0x36, 0x2e, 0x30, 0x3b, 0x0a, 0x66, 0x6c, 0x6f, 0x61, 0x74, 0x20, 0x6d, 0x69, 0x6e, // 216.0;.float min
	0x49, 0x64, 0x20, 0x3d, 0x20, 0x75, 0x50, 0x72, 0x65, 0x73, 0x65, 0x6e, 0x74, 0x50, 0x61, 0x72, // Id = uPresentPar
	0x61, 0x6d, 0x73, 0x2e, 0x79, 0x3b, 0x0a, 0x66, 0x6c, 0x6f, 0x61, 0x74, 0x20, 0x6d, 0x61, 0x78, // ams.y;.float max
	0x49, 0x64, 0x20, 0x3d, 0x20, 0x75, 0x50, 0x72, 0x65, 0x73, 0x65, 0x6e, 0x74, 0x50, 0x61, 0x72, // Id = uPresentPar
	0x61, 0x6d, 0x73, 0x2e, 0x7a, 0x3b, 0x0a, 0x66, 0x6c, 0x6f, 0x61, 0x74, 0x20, 0x6e, 0x6f, 0x72, // ams.z;.float nor
	0x6d, 0x61, 0x6c, 0x69, 0x7a, 0x65, 0x64, 0x20, 0x3d, 0x20, 0x6d, 0x61, 0x78, 0x49, 0x64, 0x20, // malized = maxId 
	0x3e, 0x20, 0x6d, 0x69, 0x6e, 0x49, 0x64, 0x0a, 0x3f, 0x20, 0x63, 0x6c, 0x61, 0x6d, 0x70, 0x28, // > minId.? clamp(
	0x28, 0x69, 0x64, 0x20, 0x2d, 0x20, 0x6d, 0x69, 0x6e, 0x49, 0x64, 0x29, 0x20, 0x2f, 0x20, 0x28, // (id - minId) / (
	0x6d, 0x61, 0x78, 0x49, 0x64, 0x20, 0x2d, 0x20, 0x6d, 0x69, 0x6e, 0x49, 0x64, 0x29, 0x2c, 0x20, // maxId - minId), 
	0x30, 0x2e, 0x30, 0x2c, 0x20, 0x31, 0x2e, 0x30, 0x29, 0x0a, 0x3a, 0x20, 0x30, 0x2e, 0x35, 0x3b, // 0.0, 1.0).: 0.5;
	0x0a, 0x72, 0x65, 0x74, 0x75, 0x72, 0x6e, 0x20, 0x76, 0x65, 0x63, 0x33, 0x28, 0x30, 0x2e, 0x31, // .return vec3(0.1
	0x35, 0x20, 0x2b, 0x20, 0x30, 0x2e, 0x38, 0x35, 0x20, 0x2a, 0x20, 0x6e, 0x6f, 0x72, 0x6d, 0x61, // 5 + 0.85 * norma
	0x6c, 0x69, 0x7a, 0x65, 0x64, 0x2c, 0x0a, 0x30, 0x2e, 0x31, 0x35, 0x20, 0x2b, 0x20, 0x30, 0x2e, // lized,.0.15 + 0.
	0x38, 0x35, 0x20, 0x2a, 0x20, 0x28, 0x31, 0x2e, 0x30, 0x20, 0x2d, 0x20, 0x6e, 0x6f, 0x72, 0x6d, // 85 * (1.0 - norm
	0x61, 0x6c, 0x69, 0x7a, 0x65, 0x64, 0x29, 0x2c, 0x0a, 0x30, 0x2e, 0x33, 0x30, 0x20, 0x2b, 0x20, // alized),.0.30 + 
	0x30, 0x2e, 0x37, 0x30, 0x20, 0x2a, 0x20, 0x28, 0x31, 0x2e, 0x30, 0x20, 0x2d, 0x20, 0x61, 0x62, // 0.70 * (1.0 - ab
	0x73, 0x28, 0x6e, 0x6f, 0x72, 0x6d, 0x61, 0x6c, 0x69, 0x7a, 0x65, 0x64, 0x20, 0x2a, 0x20, 0x32, // s(normalized * 2
	0x2e, 0x30, 0x20, 0x2d, 0x20, 0x31, 0x2e, 0x30, 0x29, 0x29, 0x29, 0x3b, 0x0a, 0x7d, 0x0a, 0x76, // .0 - 1.0)));.}.v
	0x6f, 0x69, 0x64, 0x20, 0x6d, 0x61, 0x69, 0x6e, 0x28, 0x29, 0x0a, 0x7b, 0x0a, 0x76, 0x65, 0x63, // oid main().{.vec
	0x33, 0x20, 0x63, 0x6f, 0x6c, 0x6f, 0x72, 0x20, 0x3d, 0x20, 0x75, 0x50, 0x72, 0x65, 0x73, 0x65, // 3 color = uPrese
	0x6e, 0x74, 0x50, 0x61, 0x72, 0x61, 0x6d, 0x73, 0x2e, 0x77, 0x20, 0x3e, 0x20, 0x30, 0x2e, 0x35, // ntParams.w > 0.5
	0x0a, 0x3f, 0x20, 0x70, 0x72, 0x65, 0x73, 0x65, 0x6e, 0x74, 0x49, 0x64, 0x44, 0x65, 0x62, 0x75, // .? presentIdDebu
	0x67, 0x28, 0x76, 0x5f, 0x75, 0x76, 0x29, 0x0a, 0x3a, 0x20, 0x28, 0x75, 0x50, 0x72, 0x65, 0x73, // g(v_uv).: (uPres
	0x65, 0x6e, 0x74, 0x50, 0x61, 0x72, 0x61, 0x6d, 0x73, 0x2e, 0x78, 0x20, 0x3e, 0x20, 0x30, 0x2e, // entParams.x > 0.
	0x35, 0x0a, 0x3f, 0x20, 0x70, 0x72, 0x65, 0x73, 0x65, 0x6e, 0x74, 0x46, 0x78, 0x61, 0x61, 0x28, // 5.? presentFxaa(
	0x76, 0x5f, 0x75, 0x76, 0x29, 0x0a, 0x3a, 0x20, 0x74, 0x65, 0x78, 0x74, 0x75, 0x72, 0x65, 0x28, // v_uv).: texture(
	0x73, 0x5f, 0x74, 0x65, 0x78, 0x43, 0x6f, 0x6c, 0x6f, 0x72, 0x2c, 0x20, 0x76, 0x5f, 0x75, 0x76, // s_texColor, v_uv
	0x29, 0x2e, 0x72, 0x67, 0x62, 0x29, 0x3b, 0x0a, 0x62, 0x67, 0x66, 0x78, 0x5f, 0x46, 0x72, 0x61, // ).rgb);.bgfx_Fra
	0x67, 0x43, 0x6f, 0x6c, 0x6f, 0x72, 0x20, 0x3d, 0x20, 0x76, 0x65, 0x63, 0x34, 0x28, 0x63, 0x6f, // gColor = vec4(co
	0x6c, 0x6f, 0x72, 0x2c, 0x20, 0x31, 0x2e, 0x30, 0x29, 0x3b, 0x0a, 0x7d, 0x0a, 0x00,             // lor, 1.0);.}..
};
