// Auto-generated shader header. Do not edit.
// Source: fs_polyline.sc
#pragma once
#include <cstdint>

static const uint8_t fs_polyline_spv[3308] =
{
	0x46, 0x53, 0x48, 0x0b, 0x91, 0x47, 0xdc, 0xdb, 0x00, 0x00, 0x00, 0x00, 0x02, 0x00, 0x09, 0x75, // FSH..G.........u
	0x4c, 0x6f, 0x67, 0x44, 0x65, 0x70, 0x74, 0x68, 0x12, 0x01, 0x00, 0x00, 0x01, 0x00, 0x00, 0x00, // LogDepth........
	0x00, 0x00, 0x0b, 0x75, 0x50, 0x72, 0x69, 0x6d, 0x50, 0x61, 0x72, 0x61, 0x6d, 0x73, 0x12, 0x01, // ...uPrimParams..
	0x10, 0x00, 0x01, 0x00, 0x00, 0x00, 0x00, 0x00, 0xac, 0x0c, 0x00, 0x00, 0x03, 0x02, 0x23, 0x07, // ..............#.
	0x00, 0x00, 0x01, 0x00, 0x0b, 0x00, 0x08, 0x00, 0xfd, 0x01, 0x00, 0x00, 0x00, 0x00, 0x00, 0x00, // ................
	0x11, 0x00, 0x02, 0x00, 0x01, 0x00, 0x00, 0x00, 0x0b, 0x00, 0x06, 0x00, 0x01, 0x00, 0x00, 0x00, // ................
	0x47, 0x4c, 0x53, 0x4c, 0x2e, 0x73, 0x74, 0x64, 0x2e, 0x34, 0x35, 0x30, 0x00, 0x00, 0x00, 0x00, // GLSL.std.450....
	0x0e, 0x00, 0x03, 0x00, 0x00, 0x00, 0x00, 0x00, 0x01, 0x00, 0x00, 0x00, 0x0f, 0x00, 0x0c, 0x00, // ................
	0x04, 0x00, 0x00, 0x00, 0x04, 0x00, 0x00, 0x00, 0x6d, 0x61, 0x69, 0x6e, 0x00, 0x00, 0x00, 0x00, // ........main....
	0xdb, 0x00, 0x00, 0x00, 0xdf, 0x00, 0x00, 0x00, 0xe2, 0x00, 0x00, 0x00, 0xe5, 0x00, 0x00, 0x00, // ................
	0xe8, 0x00, 0x00, 0x00, 0xfc, 0x00, 0x00, 0x00, 0xff, 0x00, 0x00, 0x00, 0x10, 0x00, 0x03, 0x00, // ................
	0x04, 0x00, 0x00, 0x00, 0x07, 0x00, 0x00, 0x00, 0x10, 0x00, 0x03, 0x00, 0x04, 0x00, 0x00, 0x00, // ................
	0x0c, 0x00, 0x00, 0x00, 0x03, 0x00, 0x03, 0x00, 0x05, 0x00, 0x00, 0x00, 0xf4, 0x01, 0x00, 0x00, // ................
	0x05, 0x00, 0x04, 0x00, 0x04, 0x00, 0x00, 0x00, 0x6d, 0x61, 0x69, 0x6e, 0x00, 0x00, 0x00, 0x00, // ........main....
	0x05, 0x00, 0x06, 0x00, 0x34, 0x00, 0x00, 0x00, 0x55, 0x6e, 0x69, 0x66, 0x6f, 0x72, 0x6d, 0x42, // ....4...UniformB
	0x6c, 0x6f, 0x63, 0x6b, 0x00, 0x00, 0x00, 0x00, 0x06, 0x00, 0x06, 0x00, 0x34, 0x00, 0x00, 0x00, // lock........4...
	0x00, 0x00, 0x00, 0x00, 0x75, 0x4c, 0x6f, 0x67, 0x44, 0x65, 0x70, 0x74, 0x68, 0x00, 0x00, 0x00, // ....uLogDepth...
	0x06, 0x00, 0x06, 0x00, 0x34, 0x00, 0x00, 0x00, 0x01, 0x00, 0x00, 0x00, 0x75, 0x50, 0x72, 0x69, // ....4.......uPri
	0x6d, 0x50, 0x61, 0x72, 0x61, 0x6d, 0x73, 0x00, 0x05, 0x00, 0x03, 0x00, 0x36, 0x00, 0x00, 0x00, // mParams.....6...
	0x00, 0x00, 0x00, 0x00, 0x05, 0x00, 0x06, 0x00, 0xdb, 0x00, 0x00, 0x00, 0x67, 0x6c, 0x5f, 0x46, // ............gl_F
	0x72, 0x61, 0x67, 0x43, 0x6f, 0x6f, 0x72, 0x64, 0x00, 0x00, 0x00, 0x00, 0x05, 0x00, 0x04, 0x00, // ragCoord........
	0xdf, 0x00, 0x00, 0x00, 0x76, 0x5f, 0x61, 0x6c, 0x6f, 0x6e, 0x67, 0x00, 0x05, 0x00, 0x04, 0x00, // ....v_along.....
	0xe2, 0x00, 0x00, 0x00, 0x76, 0x5f, 0x63, 0x6f, 0x6c, 0x6f, 0x72, 0x00, 0x05, 0x00, 0x04, 0x00, // ....v_color.....
	0xe5, 0x00, 0x00, 0x00, 0x76, 0x5f, 0x64, 0x65, 0x70, 0x74, 0x68, 0x00, 0x05, 0x00, 0x04, 0x00, // ....v_depth.....
	0xe8, 0x00, 0x00, 0x00, 0x76, 0x5f, 0x65, 0x64, 0x67, 0x65, 0x00, 0x00, 0x05, 0x00, 0x06, 0x00, // ....v_edge......
	0xfc, 0x00, 0x00, 0x00, 0x62, 0x67, 0x66, 0x78, 0x5f, 0x46, 0x72, 0x61, 0x67, 0x44, 0x61, 0x74, // ....bgfx_FragDat
	0x61, 0x30, 0x00, 0x00, 0x05, 0x00, 0x06, 0x00, 0xff, 0x00, 0x00, 0x00, 0x67, 0x6c, 0x5f, 0x46, // a0..........gl_F
	0x72, 0x61, 0x67, 0x44, 0x65, 0x70, 0x74, 0x68, 0x00, 0x00, 0x00, 0x00, 0x47, 0x00, 0x03, 0x00, // ragDepth....G...
	0x34, 0x00, 0x00, 0x00, 0x02, 0x00, 0x00, 0x00, 0x48, 0x00, 0x05, 0x00, 0x34, 0x00, 0x00, 0x00, // 4.......H...4...
	0x00, 0x00, 0x00, 0x00, 0x23, 0x00, 0x00, 0x00, 0x00, 0x00, 0x00, 0x00, 0x48, 0x00, 0x05, 0x00, // ....#.......H...
	0x34, 0x00, 0x00, 0x00, 0x01, 0x00, 0x00, 0x00, 0x23, 0x00, 0x00, 0x00, 0x10, 0x00, 0x00, 0x00, // 4.......#.......
	0x47, 0x00, 0x04, 0x00, 0x36, 0x00, 0x00, 0x00, 0x21, 0x00, 0x00, 0x00, 0x01, 0x00, 0x00, 0x00, // G...6...!.......
	0x47, 0x00, 0x04, 0x00, 0x36, 0x00, 0x00, 0x00, 0x22, 0x00, 0x00, 0x00, 0x00, 0x00, 0x00, 0x00, // G...6...".......
	0x47, 0x00, 0x04, 0x00, 0xdb, 0x00, 0x00, 0x00, 0x0b, 0x00, 0x00, 0x00, 0x0f, 0x00, 0x00, 0x00, // G...............
	0x47, 0x00, 0x04, 0x00, 0xdf, 0x00, 0x00, 0x00, 0x1e, 0x00, 0x00, 0x00, 0x00, 0x00, 0x00, 0x00, // G...............
	0x47, 0x00, 0x04, 0x00, 0xe2, 0x00, 0x00, 0x00, 0x1e, 0x00, 0x00, 0x00, 0x01, 0x00, 0x00, 0x00, // G...............
	0x47, 0x00, 0x04, 0x00, 0xe5, 0x00, 0x00, 0x00, 0x1e, 0x00, 0x00, 0x00, 0x02, 0x00, 0x00, 0x00, // G...............
	0x47, 0x00, 0x04, 0x00, 0xe8, 0x00, 0x00, 0x00, 0x1e, 0x00, 0x00, 0x00, 0x03, 0x00, 0x00, 0x00, // G...............
	0x47, 0x00, 0x04, 0x00, 0xfc, 0x00, 0x00, 0x00, 0x1e, 0x00, 0x00, 0x00, 0x00, 0x00, 0x00, 0x00, // G...............
	0x47, 0x00, 0x04, 0x00, 0xff, 0x00, 0x00, 0x00, 0x0b, 0x00, 0x00, 0x00, 0x16, 0x00, 0x00, 0x00, // G...............
	0x13, 0x00, 0x02, 0x00, 0x02, 0x00, 0x00, 0x00, 0x21, 0x00, 0x03, 0x00, 0x03, 0x00, 0x00, 0x00, // ........!.......
	0x02, 0x00, 0x00, 0x00, 0x16, 0x00, 0x03, 0x00, 0x06, 0x00, 0x00, 0x00, 0x20, 0x00, 0x00, 0x00, // ............ ...
	0x17, 0x00, 0x04, 0x00, 0x0d, 0x00, 0x00, 0x00, 0x06, 0x00, 0x00, 0x00, 0x04, 0x00, 0x00, 0x00, // ................
	0x1e, 0x00, 0x04, 0x00, 0x34, 0x00, 0x00, 0x00, 0x0d, 0x00, 0x00, 0x00, 0x0d, 0x00, 0x00, 0x00, // ....4...........
	0x20, 0x00, 0x04, 0x00, 0x35, 0x00, 0x00, 0x00, 0x02, 0x00, 0x00, 0x00, 0x34, 0x00, 0x00, 0x00, //  ...5.......4...
	0x3b, 0x00, 0x04, 0x00, 0x35, 0x00, 0x00, 0x00, 0x36, 0x00, 0x00, 0x00, 0x02, 0x00, 0x00, 0x00, // ;...5...6.......
	0x15, 0x00, 0x04, 0x00, 0x37, 0x00, 0x00, 0x00, 0x20, 0x00, 0x00, 0x00, 0x01, 0x00, 0x00, 0x00, // ....7... .......
	0x2b, 0x00, 0x04, 0x00, 0x37, 0x00, 0x00, 0x00, 0x38, 0x00, 0x00, 0x00, 0x00, 0x00, 0x00, 0x00, // +...7...8.......
	0x15, 0x00, 0x04, 0x00, 0x39, 0x00, 0x00, 0x00, 0x20, 0x00, 0x00, 0x00, 0x00, 0x00, 0x00, 0x00, // ....9... .......
	0x2b, 0x00, 0x04, 0x00, 0x39, 0x00, 0x00, 0x00, 0x3a, 0x00, 0x00, 0x00, 0x00, 0x00, 0x00, 0x00, // +...9...:.......
	0x20, 0x00, 0x04, 0x00, 0x3b, 0x00, 0x00, 0x00, 0x02, 0x00, 0x00, 0x00, 0x06, 0x00, 0x00, 0x00, //  ...;...........
	0x2b, 0x00, 0x04, 0x00, 0x06, 0x00, 0x00, 0x00, 0x3e, 0x00, 0x00, 0x00, 0x00, 0x00, 0x00, 0x3f, // +.......>......?
	0x14, 0x00, 0x02, 0x00, 0x3f, 0x00, 0x00, 0x00, 0x2b, 0x00, 0x04, 0x00, 0x39, 0x00, 0x00, 0x00, // ....?...+...9...
	0x46, 0x00, 0x00, 0x00, 0x01, 0x00, 0x00, 0x00, 0x2b, 0x00, 0x04, 0x00, 0x39, 0x00, 0x00, 0x00, // F.......+...9...
	0x4b, 0x00, 0x00, 0x00, 0x02, 0x00, 0x00, 0x00, 0x2b, 0x00, 0x04, 0x00, 0x06, 0x00, 0x00, 0x00, // K.......+.......
	0x58, 0x00, 0x00, 0x00, 0x00, 0x00, 0x80, 0x3f, 0x2b, 0x00, 0x04, 0x00, 0x06, 0x00, 0x00, 0x00, // X......?+.......
	0x61, 0x00, 0x00, 0x00, 0x08, 0x00, 0x80, 0x3f, 0x2b, 0x00, 0x04, 0x00, 0x06, 0x00, 0x00, 0x00, // a......?+.......
	0x67, 0x00, 0x00, 0x00, 0x00, 0x00, 0x00, 0x00, 0x2b, 0x00, 0x04, 0x00, 0x06, 0x00, 0x00, 0x00, // g.......+.......
	0x71, 0x00, 0x00, 0x00, 0x0a, 0xd7, 0xa3, 0x3c, 0x2b, 0x00, 0x04, 0x00, 0x37, 0x00, 0x00, 0x00, // q......<+...7...
	0x98, 0x00, 0x00, 0x00, 0x01, 0x00, 0x00, 0x00, 0x2b, 0x00, 0x04, 0x00, 0x39, 0x00, 0x00, 0x00, // ........+...9...
	0x9f, 0x00, 0x00, 0x00, 0x03, 0x00, 0x00, 0x00, 0x2b, 0x00, 0x04, 0x00, 0x06, 0x00, 0x00, 0x00, // ........+.......
	0xb5, 0x00, 0x00, 0x00, 0x00, 0x00, 0xd0, 0x40, 0x2b, 0x00, 0x04, 0x00, 0x06, 0x00, 0x00, 0x00, // .......@+.......
	0xb9, 0x00, 0x00, 0x00, 0x00, 0x00, 0xf0, 0x40, 0x20, 0x00, 0x04, 0x00, 0xda, 0x00, 0x00, 0x00, // .......@ .......
	0x01, 0x00, 0x00, 0x00, 0x0d, 0x00, 0x00, 0x00, 0x3b, 0x00, 0x04, 0x00, 0xda, 0x00, 0x00, 0x00, // ........;.......
	0xdb, 0x00, 0x00, 0x00, 0x01, 0x00, 0x00, 0x00, 0x20, 0x00, 0x04, 0x00, 0xde, 0x00, 0x00, 0x00, // ........ .......
	0x01, 0x00, 0x00, 0x00, 0x06, 0x00, 0x00, 0x00, 0x3b, 0x00, 0x04, 0x00, 0xde, 0x00, 0x00, 0x00, // ........;.......
	0xdf, 0x00, 0x00, 0x00, 0x01, 0x00, 0x00, 0x00, 0x3b, 0x00, 0x04, 0x00, 0xda, 0x00, 0x00, 0x00, // ........;.......
	0xe2, 0x00, 0x00, 0x00, 0x01, 0x00, 0x00, 0x00, 0x3b, 0x00, 0x04, 0x00, 0xde, 0x00, 0x00, 0x00, // ........;.......
	0xe5, 0x00, 0x00, 0x00, 0x01, 0x00, 0x00, 0x00, 0x3b, 0x00, 0x04, 0x00, 0xde, 0x00, 0x00, 0x00, // ........;.......
	0xe8, 0x00, 0x00, 0x00, 0x01, 0x00, 0x00, 0x00, 0x20, 0x00, 0x04, 0x00, 0xfb, 0x00, 0x00, 0x00, // ........ .......
	0x03, 0x00, 0x00, 0x00, 0x0d, 0x00, 0x00, 0x00, 0x3b, 0x00, 0x04, 0x00, 0xfb, 0x00, 0x00, 0x00, // ........;.......
	0xfc, 0x00, 0x00, 0x00, 0x03, 0x00, 0x00, 0x00, 0x20, 0x00, 0x04, 0x00, 0xfe, 0x00, 0x00, 0x00, // ........ .......
	0x03, 0x00, 0x00, 0x00, 0x06, 0x00, 0x00, 0x00, 0x3b, 0x00, 0x04, 0x00, 0xfe, 0x00, 0x00, 0x00, // ........;.......
	0xff, 0x00, 0x00, 0x00, 0x03, 0x00, 0x00, 0x00, 0x2b, 0x00, 0x04, 0x00, 0x06, 0x00, 0x00, 0x00, // ........+.......
	0xf6, 0x01, 0x00, 0x00, 0x9a, 0x99, 0x19, 0x3f, 0x2b, 0x00, 0x04, 0x00, 0x06, 0x00, 0x00, 0x00, // .......?+.......
	0xf7, 0x01, 0x00, 0x00, 0x55, 0x55, 0xd5, 0x3f, 0x36, 0x00, 0x05, 0x00, 0x02, 0x00, 0x00, 0x00, // ....UU.?6.......
	0x04, 0x00, 0x00, 0x00, 0x00, 0x00, 0x00, 0x00, 0x03, 0x00, 0x00, 0x00, 0xf8, 0x00, 0x02, 0x00, // ................
	0x05, 0x00, 0x00, 0x00, 0x3d, 0x00, 0x04, 0x00, 0x0d, 0x00, 0x00, 0x00, 0xdc, 0x00, 0x00, 0x00, // ....=...........
	0xdb, 0x00, 0x00, 0x00, 0x3d, 0x00, 0x04, 0x00, 0x06, 0x00, 0x00, 0x00, 0xe0, 0x00, 0x00, 0x00, // ....=...........
	0xdf, 0x00, 0x00, 0x00, 0x3d, 0x00, 0x04, 0x00, 0x0d, 0x00, 0x00, 0x00, 0xe3, 0x00, 0x00, 0x00, // ....=...........
	0xe2, 0x00, 0x00, 0x00, 0x3d, 0x00, 0x04, 0x00, 0x06, 0x00, 0x00, 0x00, 0xe6, 0x00, 0x00, 0x00, // ....=...........
	0xe5, 0x00, 0x00, 0x00, 0x3d, 0x00, 0x04, 0x00, 0x06, 0x00, 0x00, 0x00, 0xe9, 0x00, 0x00, 0x00, // ....=...........
	0xe8, 0x00, 0x00, 0x00, 0xf7, 0x00, 0x03, 0x00, 0x69, 0x01, 0x00, 0x00, 0x00, 0x00, 0x00, 0x00, // ........i.......
	0xfb, 0x00, 0x03, 0x00, 0x3a, 0x00, 0x00, 0x00, 0x33, 0x01, 0x00, 0x00, 0xf8, 0x00, 0x02, 0x00, // ....:...3.......
	0x33, 0x01, 0x00, 0x00, 0x51, 0x00, 0x05, 0x00, 0x06, 0x00, 0x00, 0x00, 0x36, 0x01, 0x00, 0x00, // 3...Q.......6...
	0xdc, 0x00, 0x00, 0x00, 0x02, 0x00, 0x00, 0x00, 0xf7, 0x00, 0x03, 0x00, 0x98, 0x01, 0x00, 0x00, // ................
	0x00, 0x00, 0x00, 0x00, 0xfb, 0x00, 0x03, 0x00, 0x3a, 0x00, 0x00, 0x00, 0x75, 0x01, 0x00, 0x00, // ........:...u...
	0xf8, 0x00, 0x02, 0x00, 0x75, 0x01, 0x00, 0x00, 0x41, 0x00, 0x06, 0x00, 0x3b, 0x00, 0x00, 0x00, // ....u...A...;...
	0x76, 0x01, 0x00, 0x00, 0x36, 0x00, 0x00, 0x00, 0x38, 0x00, 0x00, 0x00, 0x3a, 0x00, 0x00, 0x00, // v...6...8...:...
	0x3d, 0x00, 0x04, 0x00, 0x06, 0x00, 0x00, 0x00, 0x77, 0x01, 0x00, 0x00, 0x76, 0x01, 0x00, 0x00, // =.......w...v...
	0xb8, 0x00, 0x05, 0x00, 0x3f, 0x00, 0x00, 0x00, 0x78, 0x01, 0x00, 0x00, 0x77, 0x01, 0x00, 0x00, // ....?...x...w...
	0x3e, 0x00, 0x00, 0x00, 0xf7, 0x00, 0x03, 0x00, 0x7b, 0x01, 0x00, 0x00, 0x00, 0x00, 0x00, 0x00, // >.......{.......
	0xfa, 0x00, 0x04, 0x00, 0x78, 0x01, 0x00, 0x00, 0x79, 0x01, 0x00, 0x00, 0x7b, 0x01, 0x00, 0x00, // ....x...y...{...
	0xf8, 0x00, 0x02, 0x00, 0x79, 0x01, 0x00, 0x00, 0xf9, 0x00, 0x02, 0x00, 0x98, 0x01, 0x00, 0x00, // ....y...........
	0xf8, 0x00, 0x02, 0x00, 0x7b, 0x01, 0x00, 0x00, 0x41, 0x00, 0x06, 0x00, 0x3b, 0x00, 0x00, 0x00, // ....{...A...;...
	0x7d, 0x01, 0x00, 0x00, 0x36, 0x00, 0x00, 0x00, 0x38, 0x00, 0x00, 0x00, 0x46, 0x00, 0x00, 0x00, // }...6...8...F...
	0x3d, 0x00, 0x04, 0x00, 0x06, 0x00, 0x00, 0x00, 0x7e, 0x01, 0x00, 0x00, 0x7d, 0x01, 0x00, 0x00, // =.......~...}...
	0xb8, 0x00, 0x05, 0x00, 0x3f, 0x00, 0x00, 0x00, 0x7f, 0x01, 0x00, 0x00, 0xe6, 0x00, 0x00, 0x00, // ....?...........
	0x7e, 0x01, 0x00, 0x00, 0x41, 0x00, 0x06, 0x00, 0x3b, 0x00, 0x00, 0x00, 0x81, 0x01, 0x00, 0x00, // ~...A...;.......
	0x36, 0x00, 0x00, 0x00, 0x38, 0x00, 0x00, 0x00, 0x4b, 0x00, 0x00, 0x00, 0x3d, 0x00, 0x04, 0x00, // 6...8...K...=...
	0x06, 0x00, 0x00, 0x00, 0x82, 0x01, 0x00, 0x00, 0x81, 0x01, 0x00, 0x00, 0xba, 0x00, 0x05, 0x00, // ................
	0x3f, 0x00, 0x00, 0x00, 0x83, 0x01, 0x00, 0x00, 0xe6, 0x00, 0x00, 0x00, 0x82, 0x01, 0x00, 0x00, // ?...............
	0xa6, 0x00, 0x05, 0x00, 0x3f, 0x00, 0x00, 0x00, 0x84, 0x01, 0x00, 0x00, 0x7f, 0x01, 0x00, 0x00, // ....?...........
	0x83, 0x01, 0x00, 0x00, 0xf7, 0x00, 0x03, 0x00, 0x86, 0x01, 0x00, 0x00, 0x00, 0x00, 0x00, 0x00, // ................
	0xfa, 0x00, 0x04, 0x00, 0x84, 0x01, 0x00, 0x00, 0x85, 0x01, 0x00, 0x00, 0x86, 0x01, 0x00, 0x00, // ................
	0xf8, 0x00, 0x02, 0x00, 0x85, 0x01, 0x00, 0x00, 0xfc, 0x00, 0x01, 0x00, 0xf8, 0x00, 0x02, 0x00, // ................
	0x86, 0x01, 0x00, 0x00, 0x88, 0x00, 0x05, 0x00, 0x06, 0x00, 0x00, 0x00, 0x8a, 0x01, 0x00, 0x00, // ................
	0xe6, 0x00, 0x00, 0x00, 0x7e, 0x01, 0x00, 0x00, 0x0c, 0x00, 0x07, 0x00, 0x06, 0x00, 0x00, 0x00, // ....~...........
	0x8b, 0x01, 0x00, 0x00, 0x01, 0x00, 0x00, 0x00, 0x28, 0x00, 0x00, 0x00, 0x8a, 0x01, 0x00, 0x00, // ........(.......
	0x58, 0x00, 0x00, 0x00, 0x0c, 0x00, 0x06, 0x00, 0x06, 0x00, 0x00, 0x00, 0x8c, 0x01, 0x00, 0x00, // X...............
	0x01, 0x00, 0x00, 0x00, 0x1e, 0x00, 0x00, 0x00, 0x8b, 0x01, 0x00, 0x00, 0x88, 0x00, 0x05, 0x00, // ................
	0x06, 0x00, 0x00, 0x00, 0x91, 0x01, 0x00, 0x00, 0x82, 0x01, 0x00, 0x00, 0x7e, 0x01, 0x00, 0x00, // ............~...
	0x0c, 0x00, 0x07, 0x00, 0x06, 0x00, 0x00, 0x00, 0x92, 0x01, 0x00, 0x00, 0x01, 0x00, 0x00, 0x00, // ................
	0x28, 0x00, 0x00, 0x00, 0x91, 0x01, 0x00, 0x00, 0x61, 0x00, 0x00, 0x00, 0x0c, 0x00, 0x06, 0x00, // (.......a.......
	0x06, 0x00, 0x00, 0x00, 0x93, 0x01, 0x00, 0x00, 0x01, 0x00, 0x00, 0x00, 0x1e, 0x00, 0x00, 0x00, // ................
	0x92, 0x01, 0x00, 0x00, 0x88, 0x00, 0x05, 0x00, 0x06, 0x00, 0x00, 0x00, 0x96, 0x01, 0x00, 0x00, // ................
	0x8c, 0x01, 0x00, 0x00, 0x93, 0x01, 0x00, 0x00, 0x0c, 0x00, 0x08, 0x00, 0x06, 0x00, 0x00, 0x00, // ................
	0x97, 0x01, 0x00, 0x00, 0x01, 0x00, 0x00, 0x00, 0x2b, 0x00, 0x00, 0x00, 0x96, 0x01, 0x00, 0x00, // ........+.......
	0x67, 0x00, 0x00, 0x00, 0x58, 0x00, 0x00, 0x00, 0xf9, 0x00, 0x02, 0x00, 0x98, 0x01, 0x00, 0x00, // g...X...........
	0xf8, 0x00, 0x02, 0x00, 0x98, 0x01, 0x00, 0x00, 0xf5, 0x00, 0x07, 0x00, 0x06, 0x00, 0x00, 0x00, // ................
	0xf8, 0x01, 0x00, 0x00, 0x36, 0x01, 0x00, 0x00, 0x79, 0x01, 0x00, 0x00, 0x97, 0x01, 0x00, 0x00, // ....6...y.......
	0x86, 0x01, 0x00, 0x00, 0x41, 0x00, 0x06, 0x00, 0x3b, 0x00, 0x00, 0x00, 0x3a, 0x01, 0x00, 0x00, // ....A...;...:...
	0x36, 0x00, 0x00, 0x00, 0x98, 0x00, 0x00, 0x00, 0x46, 0x00, 0x00, 0x00, 0x3d, 0x00, 0x04, 0x00, // 6.......F...=...
	0x06, 0x00, 0x00, 0x00, 0x3b, 0x01, 0x00, 0x00, 0x3a, 0x01, 0x00, 0x00, 0x0c, 0x00, 0x06, 0x00, // ....;...:.......
	0x06, 0x00, 0x00, 0x00, 0xa0, 0x01, 0x00, 0x00, 0x01, 0x00, 0x00, 0x00, 0x04, 0x00, 0x00, 0x00, // ................
	0xe9, 0x00, 0x00, 0x00, 0x83, 0x00, 0x05, 0x00, 0x06, 0x00, 0x00, 0x00, 0xa1, 0x01, 0x00, 0x00, // ................
	0x58, 0x00, 0x00, 0x00, 0xa0, 0x01, 0x00, 0x00, 0x0c, 0x00, 0x08, 0x00, 0x06, 0x00, 0x00, 0x00, // X...............
	0xa3, 0x01, 0x00, 0x00, 0x01, 0x00, 0x00, 0x00, 0x2b, 0x00, 0x00, 0x00, 0x3b, 0x01, 0x00, 0x00, // ........+...;...
	0x71, 0x00, 0x00, 0x00, 0x58, 0x00, 0x00, 0x00, 0x0c, 0x00, 0x08, 0x00, 0x06, 0x00, 0x00, 0x00, // q...X...........
	0xa6, 0x01, 0x00, 0x00, 0x01, 0x00, 0x00, 0x00, 0x31, 0x00, 0x00, 0x00, 0x67, 0x00, 0x00, 0x00, // ........1...g...
	0xa3, 0x01, 0x00, 0x00, 0xa1, 0x01, 0x00, 0x00, 0x41, 0x00, 0x06, 0x00, 0x3b, 0x00, 0x00, 0x00, // ........A...;...
	0x3d, 0x01, 0x00, 0x00, 0x36, 0x00, 0x00, 0x00, 0x98, 0x00, 0x00, 0x00, 0x9f, 0x00, 0x00, 0x00, // =...6...........
	0x3d, 0x00, 0x04, 0x00, 0x06, 0x00, 0x00, 0x00, 0x3e, 0x01, 0x00, 0x00, 0x3d, 0x01, 0x00, 0x00, // =.......>...=...
	0xba, 0x00, 0x05, 0x00, 0x3f, 0x00, 0x00, 0x00, 0x3f, 0x01, 0x00, 0x00, 0x3e, 0x01, 0x00, 0x00, // ....?...?...>...
	0x3e, 0x00, 0x00, 0x00, 0xf7, 0x00, 0x03, 0x00, 0x45, 0x01, 0x00, 0x00, 0x00, 0x00, 0x00, 0x00, // >.......E.......
	0xfa, 0x00, 0x04, 0x00, 0x3f, 0x01, 0x00, 0x00, 0x40, 0x01, 0x00, 0x00, 0x45, 0x01, 0x00, 0x00, // ....?...@...E...
	0xf8, 0x00, 0x02, 0x00, 0x40, 0x01, 0x00, 0x00, 0x85, 0x00, 0x05, 0x00, 0x06, 0x00, 0x00, 0x00, // ....@...........
	0xb7, 0x01, 0x00, 0x00, 0xe0, 0x00, 0x00, 0x00, 0xf7, 0x01, 0x00, 0x00, 0x0c, 0x00, 0x06, 0x00, // ................
	0x06, 0x00, 0x00, 0x00, 0xb8, 0x01, 0x00, 0x00, 0x01, 0x00, 0x00, 0x00, 0x0a, 0x00, 0x00, 0x00, // ................
	0xb7, 0x01, 0x00, 0x00, 0x0c, 0x00, 0x07, 0x00, 0x06, 0x00, 0x00, 0x00, 0xbe, 0x01, 0x00, 0x00, // ................
	0x01, 0x00, 0x00, 0x00, 0x30, 0x00, 0x00, 0x00, 0xb8, 0x01, 0x00, 0x00, 0xf6, 0x01, 0x00, 0x00, // ....0...........
	0x85, 0x00, 0x05, 0x00, 0x06, 0x00, 0x00, 0x00, 0x44, 0x01, 0x00, 0x00, 0xa6, 0x01, 0x00, 0x00, // ........D.......
	0xbe, 0x01, 0x00, 0x00, 0xf9, 0x00, 0x02, 0x00, 0x45, 0x01, 0x00, 0x00, 0xf8, 0x00, 0x02, 0x00, // ........E.......
	0x45, 0x01, 0x00, 0x00, 0xf5, 0x00, 0x07, 0x00, 0x06, 0x00, 0x00, 0x00, 0xf9, 0x01, 0x00, 0x00, // E...............
	0xa6, 0x01, 0x00, 0x00, 0x98, 0x01, 0x00, 0x00, 0x44, 0x01, 0x00, 0x00, 0x40, 0x01, 0x00, 0x00, // ........D...@...
	0xbc, 0x00, 0x05, 0x00, 0x3f, 0x00, 0x00, 0x00, 0x47, 0x01, 0x00, 0x00, 0xf9, 0x01, 0x00, 0x00, // ....?...G.......
	0x67, 0x00, 0x00, 0x00, 0xf7, 0x00, 0x03, 0x00, 0x49, 0x01, 0x00, 0x00, 0x00, 0x00, 0x00, 0x00, // g.......I.......
	0xfa, 0x00, 0x04, 0x00, 0x47, 0x01, 0x00, 0x00, 0x48, 0x01, 0x00, 0x00, 0x49, 0x01, 0x00, 0x00, // ....G...H...I...
	0xf8, 0x00, 0x02, 0x00, 0x48, 0x01, 0x00, 0x00, 0xfc, 0x00, 0x01, 0x00, 0xf8, 0x00, 0x02, 0x00, // ....H...........
	0x49, 0x01, 0x00, 0x00, 0x41, 0x00, 0x06, 0x00, 0x3b, 0x00, 0x00, 0x00, 0x4a, 0x01, 0x00, 0x00, // I...A...;...J...
	0x36, 0x00, 0x00, 0x00, 0x98, 0x00, 0x00, 0x00, 0x4b, 0x00, 0x00, 0x00, 0x3d, 0x00, 0x04, 0x00, // 6.......K...=...
	0x06, 0x00, 0x00, 0x00, 0x4b, 0x01, 0x00, 0x00, 0x4a, 0x01, 0x00, 0x00, 0xba, 0x00, 0x05, 0x00, // ....K...J.......
	0x3f, 0x00, 0x00, 0x00, 0x4c, 0x01, 0x00, 0x00, 0x4b, 0x01, 0x00, 0x00, 0xb5, 0x00, 0x00, 0x00, // ?...L...K.......
	0xb8, 0x00, 0x05, 0x00, 0x3f, 0x00, 0x00, 0x00, 0x4f, 0x01, 0x00, 0x00, 0x4b, 0x01, 0x00, 0x00, // ....?...O...K...
	0xb9, 0x00, 0x00, 0x00, 0xa7, 0x00, 0x05, 0x00, 0x3f, 0x00, 0x00, 0x00, 0x50, 0x01, 0x00, 0x00, // ........?...P...
	0x4c, 0x01, 0x00, 0x00, 0x4f, 0x01, 0x00, 0x00, 0xf7, 0x00, 0x03, 0x00, 0x5e, 0x01, 0x00, 0x00, // L...O.......^...
	0x00, 0x00, 0x00, 0x00, 0xfa, 0x00, 0x04, 0x00, 0x50, 0x01, 0x00, 0x00, 0x51, 0x01, 0x00, 0x00, // ........P...Q...
	0x5e, 0x01, 0x00, 0x00, 0xf8, 0x00, 0x02, 0x00, 0x51, 0x01, 0x00, 0x00, 0xf7, 0x00, 0x03, 0x00, // ^.......Q.......
	0xea, 0x01, 0x00, 0x00, 0x00, 0x00, 0x00, 0x00, 0xfb, 0x00, 0x03, 0x00, 0x3a, 0x00, 0x00, 0x00, // ............:...
	0xc7, 0x01, 0x00, 0x00, 0xf8, 0x00, 0x02, 0x00, 0xc7, 0x01, 0x00, 0x00, 0xf7, 0x00, 0x03, 0x00, // ................
	0xcd, 0x01, 0x00, 0x00, 0x00, 0x00, 0x00, 0x00, 0xfa, 0x00, 0x04, 0x00, 0x78, 0x01, 0x00, 0x00, // ............x...
	0xcb, 0x01, 0x00, 0x00, 0xcd, 0x01, 0x00, 0x00, 0xf8, 0x00, 0x02, 0x00, 0xcb, 0x01, 0x00, 0x00, // ................
	0xf9, 0x00, 0x02, 0x00, 0xea, 0x01, 0x00, 0x00, 0xf8, 0x00, 0x02, 0x00, 0xcd, 0x01, 0x00, 0x00, // ................
	0x41, 0x00, 0x06, 0x00, 0x3b, 0x00, 0x00, 0x00, 0xcf, 0x01, 0x00, 0x00, 0x36, 0x00, 0x00, 0x00, // A...;.......6...
	0x38, 0x00, 0x00, 0x00, 0x46, 0x00, 0x00, 0x00, 0x3d, 0x00, 0x04, 0x00, 0x06, 0x00, 0x00, 0x00, // 8...F...=.......
	0xd0, 0x01, 0x00, 0x00, 0xcf, 0x01, 0x00, 0x00, 0xb8, 0x00, 0x05, 0x00, 0x3f, 0x00, 0x00, 0x00, // ............?...
	0xd1, 0x01, 0x00, 0x00, 0xe6, 0x00, 0x00, 0x00, 0xd0, 0x01, 0x00, 0x00, 0x41, 0x00, 0x06, 0x00, // ............A...
	0x3b, 0x00, 0x00, 0x00, 0xd3, 0x01, 0x00, 0x00, 0x36, 0x00, 0x00, 0x00, 0x38, 0x00, 0x00, 0x00, // ;.......6...8...
	0x4b, 0x00, 0x00, 0x00, 0x3d, 0x00, 0x04, 0x00, 0x06, 0x00, 0x00, 0x00, 0xd4, 0x01, 0x00, 0x00, // K...=...........
	0xd3, 0x01, 0x00, 0x00, 0xba, 0x00, 0x05, 0x00, 0x3f, 0x00, 0x00, 0x00, 0xd5, 0x01, 0x00, 0x00, // ........?.......
	0xe6, 0x00, 0x00, 0x00, 0xd4, 0x01, 0x00, 0x00, 0xa6, 0x00, 0x05, 0x00, 0x3f, 0x00, 0x00, 0x00, // ............?...
	0xd6, 0x01, 0x00, 0x00, 0xd1, 0x01, 0x00, 0x00, 0xd5, 0x01, 0x00, 0x00, 0xf7, 0x00, 0x03, 0x00, // ................
	0xd8, 0x01, 0x00, 0x00, 0x00, 0x00, 0x00, 0x00, 0xfa, 0x00, 0x04, 0x00, 0xd6, 0x01, 0x00, 0x00, // ................
	0xd7, 0x01, 0x00, 0x00, 0xd8, 0x01, 0x00, 0x00, 0xf8, 0x00, 0x02, 0x00, 0xd7, 0x01, 0x00, 0x00, // ................
	0xfc, 0x00, 0x01, 0x00, 0xf8, 0x00, 0x02, 0x00, 0xd8, 0x01, 0x00, 0x00, 0x88, 0x00, 0x05, 0x00, // ................
	0x06, 0x00, 0x00, 0x00, 0xdc, 0x01, 0x00, 0x00, 0xe6, 0x00, 0x00, 0x00, 0xd0, 0x01, 0x00, 0x00, // ................
	0x0c, 0x00, 0x07, 0x00, 0x06, 0x00, 0x00, 0x00, 0xdd, 0x01, 0x00, 0x00, 0x01, 0x00, 0x00, 0x00, // ................
	0x28, 0x00, 0x00, 0x00, 0xdc, 0x01, 0x00, 0x00, 0x58, 0x00, 0x00, 0x00, 0x0c, 0x00, 0x06, 0x00, // (.......X.......
	0x06, 0x00, 0x00, 0x00, 0xde, 0x01, 0x00, 0x00, 0x01, 0x00, 0x00, 0x00, 0x1e, 0x00, 0x00, 0x00, // ................
	0xdd, 0x01, 0x00, 0x00, 0x88, 0x00, 0x05, 0x00, 0x06, 0x00, 0x00, 0x00, 0xe3, 0x01, 0x00, 0x00, // ................
	0xd4, 0x01, 0x00, 0x00, 0xd0, 0x01, 0x00, 0x00, 0x0c, 0x00, 0x07, 0x00, 0x06, 0x00, 0x00, 0x00, // ................
	0xe4, 0x01, 0x00, 0x00, 0x01, 0x00, 0x00, 0x00, 0x28, 0x00, 0x00, 0x00, 0xe3, 0x01, 0x00, 0x00, // ........(.......
	0x61, 0x00, 0x00, 0x00, 0x0c, 0x00, 0x06, 0x00, 0x06, 0x00, 0x00, 0x00, 0xe5, 0x01, 0x00, 0x00, // a...............
	0x01, 0x00, 0x00, 0x00, 0x1e, 0x00, 0x00, 0x00, 0xe4, 0x01, 0x00, 0x00, 0x88, 0x00, 0x05, 0x00, // ................
	0x06, 0x00, 0x00, 0x00, 0xe8, 0x01, 0x00, 0x00, 0xde, 0x01, 0x00, 0x00, 0xe5, 0x01, 0x00, 0x00, // ................
	0x0c, 0x00, 0x08, 0x00, 0x06, 0x00, 0x00, 0x00, 0xe9, 0x01, 0x00, 0x00, 0x01, 0x00, 0x00, 0x00, // ................
	0x2b, 0x00, 0x00, 0x00, 0xe8, 0x01, 0x00, 0x00, 0x67, 0x00, 0x00, 0x00, 0x58, 0x00, 0x00, 0x00, // +.......g...X...
	0xf9, 0x00, 0x02, 0x00, 0xea, 0x01, 0x00, 0x00, 0xf8, 0x00, 0x02, 0x00, 0xea, 0x01, 0x00, 0x00, // ................
	0xf5, 0x00, 0x07, 0x00, 0x06, 0x00, 0x00, 0x00, 0xfa, 0x01, 0x00, 0x00, 0x36, 0x01, 0x00, 0x00, // ............6...
	0xcb, 0x01, 0x00, 0x00, 0xe9, 0x01, 0x00, 0x00, 0xd8, 0x01, 0x00, 0x00, 0x83, 0x00, 0x05, 0x00, // ................
	0x06, 0x00, 0x00, 0x00, 0x57, 0x01, 0x00, 0x00, 0x58, 0x00, 0x00, 0x00, 0xfa, 0x01, 0x00, 0x00, // ....W...X.......
	0x50, 0x00, 0x07, 0x00, 0x0d, 0x00, 0x00, 0x00, 0x5d, 0x01, 0x00, 0x00, 0x57, 0x01, 0x00, 0x00, // P.......]...W...
	0x57, 0x01, 0x00, 0x00, 0x57, 0x01, 0x00, 0x00, 0xf9, 0x01, 0x00, 0x00, 0xf9, 0x00, 0x02, 0x00, // W...W...........
	0x69, 0x01, 0x00, 0x00, 0xf8, 0x00, 0x02, 0x00, 0x5e, 0x01, 0x00, 0x00, 0x51, 0x00, 0x05, 0x00, // i.......^...Q...
	0x06, 0x00, 0x00, 0x00, 0x62, 0x01, 0x00, 0x00, 0xe3, 0x00, 0x00, 0x00, 0x03, 0x00, 0x00, 0x00, // ....b...........
	0x85, 0x00, 0x05, 0x00, 0x06, 0x00, 0x00, 0x00, 0x64, 0x01, 0x00, 0x00, 0x62, 0x01, 0x00, 0x00, // ........d...b...
	0xf9, 0x01, 0x00, 0x00, 0x51, 0x00, 0x05, 0x00, 0x06, 0x00, 0x00, 0x00, 0x65, 0x01, 0x00, 0x00, // ....Q.......e...
	0xe3, 0x00, 0x00, 0x00, 0x00, 0x00, 0x00, 0x00, 0x51, 0x00, 0x05, 0x00, 0x06, 0x00, 0x00, 0x00, // ........Q.......
	0x66, 0x01, 0x00, 0x00, 0xe3, 0x00, 0x00, 0x00, 0x01, 0x00, 0x00, 0x00, 0x51, 0x00, 0x05, 0x00, // f...........Q...
	0x06, 0x00, 0x00, 0x00, 0x67, 0x01, 0x00, 0x00, 0xe3, 0x00, 0x00, 0x00, 0x02, 0x00, 0x00, 0x00, // ....g...........
	0x50, 0x00, 0x07, 0x00, 0x0d, 0x00, 0x00, 0x00, 0x68, 0x01, 0x00, 0x00, 0x65, 0x01, 0x00, 0x00, // P.......h...e...
	0x66, 0x01, 0x00, 0x00, 0x67, 0x01, 0x00, 0x00, 0x64, 0x01, 0x00, 0x00, 0xf9, 0x00, 0x02, 0x00, // f...g...d.......
	0x69, 0x01, 0x00, 0x00, 0xf8, 0x00, 0x02, 0x00, 0x69, 0x01, 0x00, 0x00, 0xf5, 0x00, 0x07, 0x00, // i.......i.......
	0x0d, 0x00, 0x00, 0x00, 0xfc, 0x01, 0x00, 0x00, 0x5d, 0x01, 0x00, 0x00, 0xea, 0x01, 0x00, 0x00, // ........].......
	0x68, 0x01, 0x00, 0x00, 0x5e, 0x01, 0x00, 0x00, 0x3e, 0x00, 0x03, 0x00, 0xfc, 0x00, 0x00, 0x00, // h...^...>.......
	0xfc, 0x01, 0x00, 0x00, 0x3e, 0x00, 0x03, 0x00, 0xff, 0x00, 0x00, 0x00, 0xf8, 0x01, 0x00, 0x00, // ....>...........
	0xfd, 0x00, 0x01, 0x00, 0x38, 0x00, 0x01, 0x00, 0x00, 0x00, 0x20, 0x00,                         // ....8..... .
};

static const uint8_t fs_polyline_dx11[1920] =
{
	0x46, 0x53, 0x48, 0x0b, 0x91, 0x47, 0xdc, 0xdb, 0x00, 0x00, 0x00, 0x00, 0x02, 0x00, 0x09, 0x75, // FSH..G.........u
	0x4c, 0x6f, 0x67, 0x44, 0x65, 0x70, 0x74, 0x68, 0x12, 0x00, 0x00, 0x00, 0x01, 0x00, 0x00, 0x00, // LogDepth........
	0x00, 0x00, 0x0b, 0x75, 0x50, 0x72, 0x69, 0x6d, 0x50, 0x61, 0x72, 0x61, 0x6d, 0x73, 0x12, 0x00, // ...uPrimParams..
	0x10, 0x00, 0x01, 0x00, 0x00, 0x00, 0x00, 0x00, 0x40, 0x07, 0x00, 0x00, 0x44, 0x58, 0x42, 0x43, // ........@...DXBC
	0xf4, 0x58, 0x5c, 0x29, 0x98, 0x43, 0xbb, 0x9b, 0xe0, 0xc8, 0x7e, 0x12, 0x8d, 0x55, 0x2d, 0x1e, // .X.).C....~..U-.
	0x01, 0x00, 0x00, 0x00, 0x40, 0x07, 0x00, 0x00, 0x03, 0x00, 0x00, 0x00, 0x2c, 0x00, 0x00, 0x00, // ....@.......,...
	0xd0, 0x00, 0x00, 0x00, 0x24, 0x01, 0x00, 0x00, 0x49, 0x53, 0x47, 0x4e, 0x9c, 0x00, 0x00, 0x00, // ....$...ISGN....
	0x05, 0x00, 0x00, 0x00, 0x08, 0x00, 0x00, 0x00, 0x80, 0x00, 0x00, 0x00, 0x00, 0x00, 0x00, 0x00, // ................
	0x01, 0x00, 0x00, 0x00, 0x03, 0x00, 0x00, 0x00, 0x00, 0x00, 0x00, 0x00, 0x0f, 0x04, 0x00, 0x00, // ................
	0x8c, 0x00, 0x00, 0x00, 0x02, 0x00, 0x00, 0x00, 0x00, 0x00, 0x00, 0x00, 0x03, 0x00, 0x00, 0x00, // ................
	0x01, 0x00, 0x00, 0x00, 0x01, 0x01, 0x00, 0x00, 0x8c, 0x00, 0x00, 0x00, 0x01, 0x00, 0x00, 0x00, // ................
	0x00, 0x00, 0x00, 0x00, 0x03, 0x00, 0x00, 0x00, 0x01, 0x00, 0x00, 0x00, 0x02, 0x02, 0x00, 0x00, // ................
	0x8c, 0x00, 0x00, 0x00, 0x00, 0x00, 0x00, 0x00, 0x00, 0x00, 0x00, 0x00, 0x03, 0x00, 0x00, 0x00, // ................
	0x01, 0x00, 0x00, 0x00, 0x04, 0x04, 0x00, 0x00, 0x95, 0x00, 0x00, 0x00, 0x00, 0x00, 0x00, 0x00, // ................
	0x00, 0x00, 0x00, 0x00, 0x03, 0x00, 0x00, 0x00, 0x02, 0x00, 0x00, 0x00, 0x0f, 0x0f, 0x00, 0x00, // ................
	0x53, 0x56, 0x5f, 0x50, 0x4f, 0x53, 0x49, 0x54, 0x49, 0x4f, 0x4e, 0x00, 0x54, 0x45, 0x58, 0x43, // SV_POSITION.TEXC
	0x4f, 0x4f, 0x52, 0x44, 0x00, 0x43, 0x4f, 0x4c, 0x4f, 0x52, 0x00, 0xab, 0x4f, 0x53, 0x47, 0x4e, // OORD.COLOR..OSGN
	0x4c, 0x00, 0x00, 0x00, 0x02, 0x00, 0x00, 0x00, 0x08, 0x00, 0x00, 0x00, 0x38, 0x00, 0x00, 0x00, // L...........8...
	0x00, 0x00, 0x00, 0x00, 0x00, 0x00, 0x00, 0x00, 0x03, 0x00, 0x00, 0x00, 0x00, 0x00, 0x00, 0x00, // ................
	0x0f, 0x00, 0x00, 0x00, 0x42, 0x00, 0x00, 0x00, 0x00, 0x00, 0x00, 0x00, 0x00, 0x00, 0x00, 0x00, // ....B...........
	0x03, 0x00, 0x00, 0x00, 0xff, 0xff, 0xff, 0xff, 0x01, 0x0e, 0x00, 0x00, 0x53, 0x56, 0x5f, 0x54, // ............SV_T
	0x41, 0x52, 0x47, 0x45, 0x54, 0x00, 0x53, 0x56, 0x5f, 0x44, 0x45, 0x50, 0x54, 0x48, 0x00, 0xab, // ARGET.SV_DEPTH..
	0x53, 0x48, 0x44, 0x52, 0x14, 0x06, 0x00, 0x00, 0x40, 0x00, 0x00, 0x00, 0x85, 0x01, 0x00, 0x00, // SHDR....@.......
	0x59, 0x00, 0x00, 0x04, 0x46, 0x8e, 0x20, 0x00, 0x00, 0x00, 0x00, 0x00, 0x02, 0x00, 0x00, 0x00, // Y...F. .........
	0x64, 0x20, 0x00, 0x04, 0x42, 0x10, 0x10, 0x00, 0x00, 0x00, 0x00, 0x00, 0x01, 0x00, 0x00, 0x00, // d ..B...........
	0x62, 0x10, 0x00, 0x03, 0x12, 0x10, 0x10, 0x00, 0x01, 0x00, 0x00, 0x00, 0x62, 0x10, 0x00, 0x03, // b...........b...
	0x22, 0x10, 0x10, 0x00, 0x01, 0x00, 0x00, 0x00, 0x62, 0x10, 0x00, 0x03, 0x42, 0x10, 0x10, 0x00, // ".......b...B...
	0x01, 0x00, 0x00, 0x00, 0x62, 0x10, 0x00, 0x03, 0xf2, 0x10, 0x10, 0x00, 0x02, 0x00, 0x00, 0x00, // ....b...........
	0x65, 0x00, 0x00, 0x03, 0xf2, 0x20, 0x10, 0x00, 0x00, 0x00, 0x00, 0x00, 0x65, 0x00, 0x00, 0x02, // e.... ......e...
	0x01, 0xc0, 0x00, 0x00, 0x68, 0x00, 0x00, 0x02, 0x02, 0x00, 0x00, 0x00, 0x1d, 0x00, 0x00, 0x08, // ....h...........
	0x12, 0x00, 0x10, 0x00, 0x00, 0x00, 0x00, 0x00, 0x0a, 0x80, 0x20, 0x00, 0x00, 0x00, 0x00, 0x00, // .......... .....
	0x00, 0x00, 0x00, 0x00, 0x01, 0x40, 0x00, 0x00, 0x00, 0x00, 0x00, 0x3f, 0x31, 0x00, 0x00, 0x08, // .....@.....?1...
	0x22, 0x00, 0x10, 0x00, 0x00, 0x00, 0x00, 0x00, 0x1a, 0x10, 0x10, 0x00, 0x01, 0x00, 0x00, 0x00, // "...............
	0x1a, 0x80, 0x20, 0x00, 0x00, 0x00, 0x00, 0x00, 0x00, 0x00, 0x00, 0x00, 0x31, 0x00, 0x00, 0x08, // .. .........1...
	0x42, 0x00, 0x10, 0x00, 0x00, 0x00, 0x00, 0x00, 0x2a, 0x80, 0x20, 0x00, 0x00, 0x00, 0x00, 0x00, // B.......*. .....
	0x00, 0x00, 0x00, 0x00, 0x1a, 0x10, 0x10, 0x00, 0x01, 0x00, 0x00, 0x00, 0x3c, 0x00, 0x00, 0x07, // ............<...
	0x22, 0x00, 0x10, 0x00, 0x00, 0x00, 0x00, 0x00, 0x2a, 0x00, 0x10, 0x00, 0x00, 0x00, 0x00, 0x00, // ".......*.......
	0x1a, 0x00, 0x10, 0x00, 0x00, 0x00, 0x00, 0x00, 0x01, 0x00, 0x00, 0x07, 0x22, 0x00, 0x10, 0x00, // ............"...
	0x00, 0x00, 0x00, 0x00, 0x1a, 0x00, 0x10, 0x00, 0x00, 0x00, 0x00, 0x00, 0x0a, 0x00, 0x10, 0x00, // ................
	0x00, 0x00, 0x00, 0x00, 0x0d, 0x00, 0x04, 0x03, 0x1a, 0x00, 0x10, 0x00, 0x00, 0x00, 0x00, 0x00, // ................
	0x0e, 0x00, 0x00, 0x08, 0x42, 0x00, 0x10, 0x00, 0x00, 0x00, 0x00, 0x00, 0x1a, 0x10, 0x10, 0x00, // ....B...........
	0x01, 0x00, 0x00, 0x00, 0x1a, 0x80, 0x20, 0x00, 0x00, 0x00, 0x00, 0x00, 0x00, 0x00, 0x00, 0x00, // ...... .........
	0x34, 0x00, 0x00, 0x07, 0x42, 0x00, 0x10, 0x00, 0x00, 0x00, 0x00, 0x00, 0x2a, 0x00, 0x10, 0x00, // 4...B.......*...
	0x00, 0x00, 0x00, 0x00, 0x01, 0x40, 0x00, 0x00, 0x00, 0x00, 0x80, 0x3f, 0x2f, 0x00, 0x00, 0x05, // .....@.....?/...
	0x42, 0x00, 0x10, 0x00, 0x00, 0x00, 0x00, 0x00, 0x2a, 0x00, 0x10, 0x00, 0x00, 0x00, 0x00, 0x00, // B.......*.......
	0x0e, 0x00, 0x00, 0x09, 0x82, 0x00, 0x10, 0x00, 0x00, 0x00, 0x00, 0x00, 0x2a, 0x80, 0x20, 0x00, // ............*. .
	0x00, 0x00, 0x00, 0x00, 0x00, 0x00, 0x00, 0x00, 0x1a, 0x80, 0x20, 0x00, 0x00, 0x00, 0x00, 0x00, // .......... .....
	0x00, 0x00, 0x00, 0x00, 0x34, 0x00, 0x00, 0x07, 0x82, 0x00, 0x10, 0x00, 0x00, 0x00, 0x00, 0x00, // ....4...........
	0x3a, 0x00, 0x10, 0x00, 0x00, 0x00, 0x00, 0x00, 0x01, 0x40, 0x00, 0x00, 0x08, 0x00, 0x80, 0x3f, // :........@.....?
	0x2f, 0x00, 0x00, 0x05, 0x82, 0x00, 0x10, 0x00, 0x00, 0x00, 0x00, 0x00, 0x3a, 0x00, 0x10, 0x00, // /...........:...
	0x00, 0x00, 0x00, 0x00, 0x0e, 0x00, 0x00, 0x07, 0x42, 0x00, 0x10, 0x00, 0x00, 0x00, 0x00, 0x00, // ........B.......
	0x2a, 0x00, 0x10, 0x00, 0x00, 0x00, 0x00, 0x00, 0x3a, 0x00, 0x10, 0x00, 0x00, 0x00, 0x00, 0x00, // *.......:.......
	0x33, 0x00, 0x00, 0x07, 0x42, 0x00, 0x10, 0x00, 0x00, 0x00, 0x00, 0x00, 0x2a, 0x00, 0x10, 0x00, // 3...B.......*...
	0x00, 0x00, 0x00, 0x00, 0x01, 0x40, 0x00, 0x00, 0x00, 0x00, 0x80, 0x3f, 0x37, 0x00, 0x00, 0x09, // .....@.....?7...
	0x42, 0x00, 0x10, 0x00, 0x00, 0x00, 0x00, 0x00, 0x0a, 0x00, 0x10, 0x00, 0x00, 0x00, 0x00, 0x00, // B...............
	0x2a, 0x00, 0x10, 0x00, 0x00, 0x00, 0x00, 0x00, 0x2a, 0x10, 0x10, 0x00, 0x00, 0x00, 0x00, 0x00, // *.......*.......
	0x00, 0x00, 0x00, 0x08, 0x82, 0x00, 0x10, 0x00, 0x00, 0x00, 0x00, 0x00, 0x2a, 0x10, 0x10, 0x80, // ............*...
	0xc1, 0x00, 0x00, 0x00, 0x01, 0x00, 0x00, 0x00, 0x01, 0x40, 0x00, 0x00, 0x00, 0x00, 0x80, 0x3f, // .........@.....?
	0x34, 0x00, 0x00, 0x08, 0x12, 0x00, 0x10, 0x00, 0x01, 0x00, 0x00, 0x00, 0x1a, 0x80, 0x20, 0x00, // 4............. .
	0x00, 0x00, 0x00, 0x00, 0x01, 0x00, 0x00, 0x00, 0x01, 0x40, 0x00, 0x00, 0x0a, 0xd7, 0xa3, 0x3c, // .........@.....<
	0x33, 0x00, 0x00, 0x07, 0x12, 0x00, 0x10, 0x00, 0x01, 0x00, 0x00, 0x00, 0x0a, 0x00, 0x10, 0x00, // 3...............
	0x01, 0x00, 0x00, 0x00, 0x01, 0x40, 0x00, 0x00, 0x00, 0x00, 0x80, 0x3f, 0x0e, 0x00, 0x00, 0x0a, // .....@.....?....
	0x12, 0x00, 0x10, 0x00, 0x01, 0x00, 0x00, 0x00, 0x02, 0x40, 0x00, 0x00, 0x00, 0x00, 0x80, 0x3f, // .........@.....?
	0x00, 0x00, 0x80, 0x3f, 0x00, 0x00, 0x80, 0x3f, 0x00, 0x00, 0x80, 0x3f, 0x0a, 0x00, 0x10, 0x00, // ...?...?...?....
	0x01, 0x00, 0x00, 0x00, 0x38, 0x20, 0x00, 0x07, 0x82, 0x00, 0x10, 0x00, 0x00, 0x00, 0x00, 0x00, // ....8 ..........
	0x3a, 0x00, 0x10, 0x00, 0x00, 0x00, 0x00, 0x00, 0x0a, 0x00, 0x10, 0x00, 0x01, 0x00, 0x00, 0x00, // :...............
	0x32, 0x00, 0x00, 0x09, 0x12, 0x00, 0x10, 0x00, 0x01, 0x00, 0x00, 0x00, 0x3a, 0x00, 0x10, 0x00, // 2...........:...
	0x00, 0x00, 0x00, 0x00, 0x01, 0x40, 0x00, 0x00, 0x00, 0x00, 0x00, 0xc0, 0x01, 0x40, 0x00, 0x00, // .....@.......@..
	0x00, 0x00, 0x40, 0x40, 0x38, 0x00, 0x00, 0x07, 0x82, 0x00, 0x10, 0x00, 0x00, 0x00, 0x00, 0x00, // ..@@8...........
	0x3a, 0x00, 0x10, 0x00, 0x00, 0x00, 0x00, 0x00, 0x3a, 0x00, 0x10, 0x00, 0x00, 0x00, 0x00, 0x00, // :.......:.......
	0x38, 0x00, 0x00, 0x07, 0x82, 0x00, 0x10, 0x00, 0x00, 0x00, 0x00, 0x00, 0x3a, 0x00, 0x10, 0x00, // 8...........:...
	0x00, 0x00, 0x00, 0x00, 0x0a, 0x00, 0x10, 0x00, 0x01, 0x00, 0x00, 0x00, 0x31, 0x00, 0x00, 0x08, // ............1...
	0x12, 0x00, 0x10, 0x00, 0x01, 0x00, 0x00, 0x00, 0x01, 0x40, 0x00, 0x00, 0x00, 0x00, 0x00, 0x3f, // .........@.....?
	0x3a, 0x80, 0x20, 0x00, 0x00, 0x00, 0x00, 0x00, 0x01, 0x00, 0x00, 0x00, 0x38, 0x00, 0x00, 0x07, // :. .........8...
	0x22, 0x00, 0x10, 0x00, 0x01, 0x00, 0x00, 0x00, 0x0a, 0x10, 0x10, 0x00, 0x01, 0x00, 0x00, 0x00, // "...............
	0x01, 0x40, 0x00, 0x00, 0x55, 0x55, 0xd5, 0x3f, 0x1a, 0x00, 0x00, 0x05, 0x22, 0x00, 0x10, 0x00, // .@..UU.?...."...
	0x01, 0x00, 0x00, 0x00, 0x1a, 0x00, 0x10, 0x00, 0x01, 0x00, 0x00, 0x00, 0x1d, 0x00, 0x00, 0x07, // ................
	0x22, 0x00, 0x10, 0x00, 0x01, 0x00, 0x00, 0x00, 0x01, 0x40, 0x00, 0x00, 0x9a, 0x99, 0x19, 0x3f, // "........@.....?
	0x1a, 0x00, 0x10, 0x00, 0x01, 0x00, 0x00, 0x00, 0x01, 0x00, 0x00, 0x07, 0x22, 0x00, 0x10, 0x00, // ............"...
	0x01, 0x00, 0x00, 0x00, 0x1a, 0x00, 0x10, 0x00, 0x01, 0x00, 0x00, 0x00, 0x01, 0x40, 0x00, 0x00, // .............@..
	0x00, 0x00, 0x80, 0x3f, 0x38, 0x00, 0x00, 0x07, 0x22, 0x00, 0x10, 0x00, 0x01, 0x00, 0x00, 0x00, // ...?8...".......
	0x3a, 0x00, 0x10, 0x00, 0x00, 0x00, 0x00, 0x00, 0x1a, 0x00, 0x10, 0x00, 0x01, 0x00, 0x00, 0x00, // :...............
	0x37, 0x00, 0x00, 0x09, 0x82, 0x00, 0x10, 0x00, 0x00, 0x00, 0x00, 0x00, 0x0a, 0x00, 0x10, 0x00, // 7...............
	0x01, 0x00, 0x00, 0x00, 0x1a, 0x00, 0x10, 0x00, 0x01, 0x00, 0x00, 0x00, 0x3a, 0x00, 0x10, 0x00, // ............:...
	0x00, 0x00, 0x00, 0x00, 0x1d, 0x00, 0x00, 0x07, 0x12, 0x00, 0x10, 0x00, 0x01, 0x00, 0x00, 0x00, // ................
	0x01, 0x40, 0x00, 0x00, 0x00, 0x00, 0x00, 0x00, 0x3a, 0x00, 0x10, 0x00, 0x00, 0x00, 0x00, 0x00, // .@......:.......
	0x0d, 0x00, 0x04, 0x03, 0x0a, 0x00, 0x10, 0x00, 0x01, 0x00, 0x00, 0x00, 0x31, 0x00, 0x00, 0x08, // ............1...
	0x12, 0x00, 0x10, 0x00, 0x01, 0x00, 0x00, 0x00, 0x01, 0x40, 0x00, 0x00, 0x00, 0x00, 0xd0, 0x40, // .........@.....@
	0x2a, 0x80, 0x20, 0x00, 0x00, 0x00, 0x00, 0x00, 0x01, 0x00, 0x00, 0x00, 0x31, 0x00, 0x00, 0x08, // *. .........1...
	0x22, 0x00, 0x10, 0x00, 0x01, 0x00, 0x00, 0x00, 0x2a, 0x80, 0x20, 0x00, 0x00, 0x00, 0x00, 0x00, // ".......*. .....
	0x01, 0x00, 0x00, 0x00, 0x01, 0x40, 0x00, 0x00, 0x00, 0x00, 0xf0, 0x40, 0x01, 0x00, 0x00, 0x07, // .....@.....@....
	0x12, 0x00, 0x10, 0x00, 0x01, 0x00, 0x00, 0x00, 0x1a, 0x00, 0x10, 0x00, 0x01, 0x00, 0x00, 0x00, // ................
	0x0a, 0x00, 0x10, 0x00, 0x01, 0x00, 0x00, 0x00, 0x1f, 0x00, 0x04, 0x03, 0x0a, 0x00, 0x10, 0x00, // ................
	0x01, 0x00, 0x00, 0x00, 0x0d, 0x00, 0x04, 0x03, 0x1a, 0x00, 0x10, 0x00, 0x00, 0x00, 0x00, 0x00, // ................
	0x0e, 0x00, 0x00, 0x08, 0x22, 0x00, 0x10, 0x00, 0x00, 0x00, 0x00, 0x00, 0x1a, 0x10, 0x10, 0x00, // ...."...........
	0x01, 0x00, 0x00, 0x00, 0x1a, 0x80, 0x20, 0x00, 0x00, 0x00, 0x00, 0x00, 0x00, 0x00, 0x00, 0x00, // ...... .........
	0x34, 0x00, 0x00, 0x07, 0x22, 0x00, 0x10, 0x00, 0x00, 0x00, 0x00, 0x00, 0x1a, 0x00, 0x10, 0x00, // 4..."...........
	0x00, 0x00, 0x00, 0x00, 0x01, 0x40, 0x00, 0x00, 0x00, 0x00, 0x80, 0x3f, 0x2f, 0x00, 0x00, 0x05, // .....@.....?/...
	0x22, 0x00, 0x10, 0x00, 0x00, 0x00, 0x00, 0x00, 0x1a, 0x00, 0x10, 0x00, 0x00, 0x00, 0x00, 0x00, // "...............
	0x0e, 0x00, 0x00, 0x09, 0x12, 0x00, 0x10, 0x00, 0x01, 0x00, 0x00, 0x00, 0x2a, 0x80, 0x20, 0x00, // ............*. .
	0x00, 0x00, 0x00, 0x00, 0x00, 0x00, 0x00, 0x00, 0x1a, 0x80, 0x20, 0x00, 0x00, 0x00, 0x00, 0x00, // .......... .....
	0x00, 0x00, 0x00, 0x00, 0x34, 0x00, 0x00, 0x07, 0x12, 0x00, 0x10, 0x00, 0x01, 0x00, 0x00, 0x00, // ....4...........
	0x0a, 0x00, 0x10, 0x00, 0x01, 0x00, 0x00, 0x00, 0x01, 0x40, 0x00, 0x00, 0x08, 0x00, 0x80, 0x3f, // .........@.....?
	0x2f, 0x00, 0x00, 0x05, 0x12, 0x00, 0x10, 0x00, 0x01, 0x00, 0x00, 0x00, 0x0a, 0x00, 0x10, 0x00, // /...............
	0x01, 0x00, 0x00, 0x00, 0x0e, 0x00, 0x00, 0x07, 0x22, 0x00, 0x10, 0x00, 0x00, 0x00, 0x00, 0x00, // ........".......
	0x1a, 0x00, 0x10, 0x00, 0x00, 0x00, 0x00, 0x00, 0x0a, 0x00, 0x10, 0x00, 0x01, 0x00, 0x00, 0x00, // ................
	0x33, 0x00, 0x00, 0x07, 0x22, 0x00, 0x10, 0x00, 0x00, 0x00, 0x00, 0x00, 0x1a, 0x00, 0x10, 0x00, // 3..."...........
	0x00, 0x00, 0x00, 0x00, 0x01, 0x40, 0x00, 0x00, 0x00, 0x00, 0x80, 0x3f, 0x37, 0x00, 0x00, 0x09, // .....@.....?7...
	0x12, 0x00, 0x10, 0x00, 0x00, 0x00, 0x00, 0x00, 0x0a, 0x00, 0x10, 0x00, 0x00, 0x00, 0x00, 0x00, // ................
	0x1a, 0x00, 0x10, 0x00, 0x00, 0x00, 0x00, 0x00, 0x2a, 0x10, 0x10, 0x00, 0x00, 0x00, 0x00, 0x00, // ........*.......
	0x00, 0x00, 0x00, 0x0b, 0x72, 0x20, 0x10, 0x00, 0x00, 0x00, 0x00, 0x00, 0x06, 0x00, 0x10, 0x80, // ....r ..........
	0x41, 0x00, 0x00, 0x00, 0x00, 0x00, 0x00, 0x00, 0x02, 0x40, 0x00, 0x00, 0x00, 0x00, 0x80, 0x3f, // A........@.....?
	0x00, 0x00, 0x80, 0x3f, 0x00, 0x00, 0x80, 0x3f, 0x00, 0x00, 0x00, 0x00, 0x36, 0x00, 0x00, 0x05, // ...?...?....6...
	0x82, 0x20, 0x10, 0x00, 0x00, 0x00, 0x00, 0x00, 0x3a, 0x00, 0x10, 0x00, 0x00, 0x00, 0x00, 0x00, // . ......:.......
	0x36, 0x00, 0x00, 0x04, 0x01, 0xc0, 0x00, 0x00, 0x2a, 0x00, 0x10, 0x00, 0x00, 0x00, 0x00, 0x00, // 6.......*.......
	0x3e, 0x00, 0x00, 0x01, 0x15, 0x00, 0x00, 0x01, 0x38, 0x00, 0x00, 0x07, 0x82, 0x20, 0x10, 0x00, // >.......8.... ..
	0x00, 0x00, 0x00, 0x00, 0x3a, 0x00, 0x10, 0x00, 0x00, 0x00, 0x00, 0x00, 0x3a, 0x10, 0x10, 0x00, // ....:.......:...
	0x02, 0x00, 0x00, 0x00, 0x36, 0x00, 0x00, 0x05, 0x72, 0x20, 0x10, 0x00, 0x00, 0x00, 0x00, 0x00, // ....6...r ......
	0x46, 0x12, 0x10, 0x00, 0x02, 0x00, 0x00, 0x00, 0x36, 0x00, 0x00, 0x04, 0x01, 0xc0, 0x00, 0x00, // F.......6.......
	0x2a, 0x00, 0x10, 0x00, 0x00, 0x00, 0x00, 0x00, 0x3e, 0x00, 0x00, 0x01, 0x00, 0x00, 0x20, 0x00, // *.......>..... .
};

static const uint8_t fs_polyline_dx12[1924] =
{
	0x46, 0x53, 0x48, 0x0b, 0x91, 0x47, 0xdc, 0xdb, 0x00, 0x00, 0x00, 0x00, 0x02, 0x00, 0x09, 0x75, // FSH..G.........u
	0x4c, 0x6f, 0x67, 0x44, 0x65, 0x70, 0x74, 0x68, 0x12, 0x00, 0x00, 0x00, 0x01, 0x00, 0x00, 0x00, // LogDepth........
	0x00, 0x00, 0x0b, 0x75, 0x50, 0x72, 0x69, 0x6d, 0x50, 0x61, 0x72, 0x61, 0x6d, 0x73, 0x12, 0x00, // ...uPrimParams..
	0x10, 0x00, 0x01, 0x00, 0x00, 0x00, 0x00, 0x00, 0x44, 0x07, 0x00, 0x00, 0x44, 0x58, 0x42, 0x43, // ........D...DXBC
	0x3e, 0xb7, 0x10, 0xc0, 0xa8, 0xdf, 0xc7, 0xda, 0xef, 0xd2, 0x5a, 0x0c, 0x2a, 0xb0, 0xe4, 0x03, // >.........Z.*...
	0x01, 0x00, 0x00, 0x00, 0x44, 0x07, 0x00, 0x00, 0x03, 0x00, 0x00, 0x00, 0x2c, 0x00, 0x00, 0x00, // ....D.......,...
	0xd0, 0x00, 0x00, 0x00, 0x24, 0x01, 0x00, 0x00, 0x49, 0x53, 0x47, 0x4e, 0x9c, 0x00, 0x00, 0x00, // ....$...ISGN....
	0x05, 0x00, 0x00, 0x00, 0x08, 0x00, 0x00, 0x00, 0x80, 0x00, 0x00, 0x00, 0x00, 0x00, 0x00, 0x00, // ................
	0x01, 0x00, 0x00, 0x00, 0x03, 0x00, 0x00, 0x00, 0x00, 0x00, 0x00, 0x00, 0x0f, 0x04, 0x00, 0x00, // ................
	0x8c, 0x00, 0x00, 0x00, 0x02, 0x00, 0x00, 0x00, 0x00, 0x00, 0x00, 0x00, 0x03, 0x00, 0x00, 0x00, // ................
	0x01, 0x00, 0x00, 0x00, 0x01, 0x01, 0x00, 0x00, 0x8c, 0x00, 0x00, 0x00, 0x01, 0x00, 0x00, 0x00, // ................
	0x00, 0x00, 0x00, 0x00, 0x03, 0x00, 0x00, 0x00, 0x01, 0x00, 0x00, 0x00, 0x02, 0x02, 0x00, 0x00, // ................
	0x8c, 0x00, 0x00, 0x00, 0x00, 0x00, 0x00, 0x00, 0x00, 0x00, 0x00, 0x00, 0x03, 0x00, 0x00, 0x00, // ................
	0x01, 0x00, 0x00, 0x00, 0x04, 0x04, 0x00, 0x00, 0x95, 0x00, 0x00, 0x00, 0x00, 0x00, 0x00, 0x00, // ................
	0x00, 0x00, 0x00, 0x00, 0x03, 0x00, 0x00, 0x00, 0x02, 0x00, 0x00, 0x00, 0x0f, 0x0f, 0x00, 0x00, // ................
	0x53, 0x56, 0x5f, 0x50, 0x4f, 0x53, 0x49, 0x54, 0x49, 0x4f, 0x4e, 0x00, 0x54, 0x45, 0x58, 0x43, // SV_POSITION.TEXC
	0x4f, 0x4f, 0x52, 0x44, 0x00, 0x43, 0x4f, 0x4c, 0x4f, 0x52, 0x00, 0xab, 0x4f, 0x53, 0x47, 0x4e, // OORD.COLOR..OSGN
	0x4c, 0x00, 0x00, 0x00, 0x02, 0x00, 0x00, 0x00, 0x08, 0x00, 0x00, 0x00, 0x38, 0x00, 0x00, 0x00, // L...........8...
	0x00, 0x00, 0x00, 0x00, 0x00, 0x00, 0x00, 0x00, 0x03, 0x00, 0x00, 0x00, 0x00, 0x00, 0x00, 0x00, // ................
	0x0f, 0x00, 0x00, 0x00, 0x42, 0x00, 0x00, 0x00, 0x00, 0x00, 0x00, 0x00, 0x00, 0x00, 0x00, 0x00, // ....B...........
	0x03, 0x00, 0x00, 0x00, 0xff, 0xff, 0xff, 0xff, 0x01, 0x0e, 0x00, 0x00, 0x53, 0x56, 0x5f, 0x54, // ............SV_T
	0x41, 0x52, 0x47, 0x45, 0x54, 0x00, 0x53, 0x56, 0x5f, 0x44, 0x45, 0x50, 0x54, 0x48, 0x00, 0xab, // ARGET.SV_DEPTH..
	0x53, 0x48, 0x45, 0x58, 0x18, 0x06, 0x00, 0x00, 0x50, 0x00, 0x00, 0x00, 0x86, 0x01, 0x00, 0x00, // SHEX....P.......
	0x6a, 0x08, 0x00, 0x01, 0x59, 0x00, 0x00, 0x04, 0x46, 0x8e, 0x20, 0x00, 0x00, 0x00, 0x00, 0x00, // j...Y...F. .....
	0x02, 0x00, 0x00, 0x00, 0x64, 0x20, 0x00, 0x04, 0x42, 0x10, 0x10, 0x00, 0x00, 0x00, 0x00, 0x00, // ....d ..B.......
	0x01, 0x00, 0x00, 0x00, 0x62, 0x10, 0x00, 0x03, 0x12, 0x10, 0x10, 0x00, 0x01, 0x00, 0x00, 0x00, // ....b...........
	0x62, 0x10, 0x00, 0x03, 0x22, 0x10, 0x10, 0x00, 0x01, 0x00, 0x00, 0x00, 0x62, 0x10, 0x00, 0x03, // b...".......b...
	0x42, 0x10, 0x10, 0x00, 0x01, 0x00, 0x00, 0x00, 0x62, 0x10, 0x00, 0x03, 0xf2, 0x10, 0x10, 0x00, // B.......b.......
	0x02, 0x00, 0x00, 0x00, 0x65, 0x00, 0x00, 0x03, 0xf2, 0x20, 0x10, 0x00, 0x00, 0x00, 0x00, 0x00, // ....e.... ......
	0x65, 0x00, 0x00, 0x02, 0x01, 0xc0, 0x00, 0x00, 0x68, 0x00, 0x00, 0x02, 0x02, 0x00, 0x00, 0x00, // e.......h.......
	0x1d, 0x00, 0x00, 0x08, 0x12, 0x00, 0x10, 0x00, 0x00, 0x00, 0x00, 0x00, 0x0a, 0x80, 0x20, 0x00, // .............. .
	0x00, 0x00, 0x00, 0x00, 0x00, 0x00, 0x00, 0x00, 0x01, 0x40, 0x00, 0x00, 0x00, 0x00, 0x00, 0x3f, // .........@.....?
	0x31, 0x00, 0x00, 0x08, 0x22, 0x00, 0x10, 0x00, 0x00, 0x00, 0x00, 0x00, 0x1a, 0x10, 0x10, 0x00, // 1..."...........
	0x01, 0x00, 0x00, 0x00, 0x1a, 0x80, 0x20, 0x00, 0x00, 0x00, 0x00, 0x00, 0x00, 0x00, 0x00, 0x00, // ...... .........
	0x31, 0x00, 0x00, 0x08, 0x42, 0x00, 0x10, 0x00, 0x00, 0x00, 0x00, 0x00, 0x2a, 0x80, 0x20, 0x00, // 1...B.......*. .
	0x00, 0x00, 0x00, 0x00, 0x00, 0x00, 0x00, 0x00, 0x1a, 0x10, 0x10, 0x00, 0x01, 0x00, 0x00, 0x00, // ................
	0x3c, 0x00, 0x00, 0x07, 0x22, 0x00, 0x10, 0x00, 0x00, 0x00, 0x00, 0x00, 0x2a, 0x00, 0x10, 0x00, // <...".......*...
	0x00, 0x00, 0x00, 0x00, 0x1a, 0x00, 0x10, 0x00, 0x00, 0x00, 0x00, 0x00, 0x01, 0x00, 0x00, 0x07, // ................
	0x22, 0x00, 0x10, 0x00, 0x00, 0x00, 0x00, 0x00, 0x1a, 0x00, 0x10, 0x00, 0x00, 0x00, 0x00, 0x00, // "...............
	0x0a, 0x00, 0x10, 0x00, 0x00, 0x00, 0x00, 0x00, 0x0d, 0x00, 0x04, 0x03, 0x1a, 0x00, 0x10, 0x00, // ................
	0x00, 0x00, 0x00, 0x00, 0x0e, 0x00, 0x00, 0x08, 0x42, 0x00, 0x10, 0x00, 0x00, 0x00, 0x00, 0x00, // ........B.......
	0x1a, 0x10, 0x10, 0x00, 0x01, 0x00, 0x00, 0x00, 0x1a, 0x80, 0x20, 0x00, 0x00, 0x00, 0x00, 0x00, // .......... .....
	0x00, 0x00, 0x00, 0x00, 0x34, 0x00, 0x00, 0x07, 0x42, 0x00, 0x10, 0x00, 0x00, 0x00, 0x00, 0x00, // ....4...B.......
	0x2a, 0x00, 0x10, 0x00, 0x00, 0x00, 0x00, 0x00, 0x01, 0x40, 0x00, 0x00, 0x00, 0x00, 0x80, 0x3f, // *........@.....?
	0x2f, 0x00, 0x00, 0x05, 0x42, 0x00, 0x10, 0x00, 0x00, 0x00, 0x00, 0x00, 0x2a, 0x00, 0x10, 0x00, // /...B.......*...
	0x00, 0x00, 0x00, 0x00, 0x0e, 0x00, 0x00, 0x09, 0x82, 0x00, 0x10, 0x00, 0x00, 0x00, 0x00, 0x00, // ................
	0x2a, 0x80, 0x20, 0x00, 0x00, 0x00, 0x00, 0x00, 0x00, 0x00, 0x00, 0x00, 0x1a, 0x80, 0x20, 0x00, // *. ........... .
	0x00, 0x00, 0x00, 0x00, 0x00, 0x00, 0x00, 0x00, 0x34, 0x00, 0x00, 0x07, 0x82, 0x00, 0x10, 0x00, // ........4.......
	0x00, 0x00, 0x00, 0x00, 0x3a, 0x00, 0x10, 0x00, 0x00, 0x00, 0x00, 0x00, 0x01, 0x40, 0x00, 0x00, // ....:........@..
	0x08, 0x00, 0x80, 0x3f, 0x2f, 0x00, 0x00, 0x05, 0x82, 0x00, 0x10, 0x00, 0x00, 0x00, 0x00, 0x00, // ...?/...........
	0x3a, 0x00, 0x10, 0x00, 0x00, 0x00, 0x00, 0x00, 0x0e, 0x00, 0x00, 0x07, 0x42, 0x00, 0x10, 0x00, // :...........B...
	0x00, 0x00, 0x00, 0x00, 0x2a, 0x00, 0x10, 0x00, 0x00, 0x00, 0x00, 0x00, 0x3a, 0x00, 0x10, 0x00, // ....*.......:...
	0x00, 0x00, 0x00, 0x00, 0x33, 0x00, 0x00, 0x07, 0x42, 0x00, 0x10, 0x00, 0x00, 0x00, 0x00, 0x00, // ....3...B.......
	0x2a, 0x00, 0x10, 0x00, 0x00, 0x00, 0x00, 0x00, 0x01, 0x40, 0x00, 0x00, 0x00, 0x00, 0x80, 0x3f, // *........@.....?
	0x37, 0x00, 0x00, 0x09, 0x42, 0x00, 0x10, 0x00, 0x00, 0x00, 0x00, 0x00, 0x0a, 0x00, 0x10, 0x00, // 7...B...........
	0x00, 0x00, 0x00, 0x00, 0x2a, 0x00, 0x10, 0x00, 0x00, 0x00, 0x00, 0x00, 0x2a, 0x10, 0x10, 0x00, // ....*.......*...
	0x00, 0x00, 0x00, 0x00, 0x00, 0x00, 0x00, 0x08, 0x82, 0x00, 0x10, 0x00, 0x00, 0x00, 0x00, 0x00, // ................
	0x2a, 0x10, 0x10, 0x80, 0xc1, 0x00, 0x00, 0x00, 0x01, 0x00, 0x00, 0x00, 0x01, 0x40, 0x00, 0x00, // *............@..
	0x00, 0x00, 0x80, 0x3f, 0x34, 0x00, 0x00, 0x08, 0x12, 0x00, 0x10, 0x00, 0x01, 0x00, 0x00, 0x00, // ...?4...........
	0x1a, 0x80, 0x20, 0x00, 0x00, 0x00, 0x00, 0x00, 0x01, 0x00, 0x00, 0x00, 0x01, 0x40, 0x00, 0x00, // .. ..........@..
	0x0a, 0xd7, 0xa3, 0x3c, 0x33, 0x00, 0x00, 0x07, 0x12, 0x00, 0x10, 0x00, 0x01, 0x00, 0x00, 0x00, // ...<3...........
	0x0a, 0x00, 0x10, 0x00, 0x01, 0x00, 0x00, 0x00, 0x01, 0x40, 0x00, 0x00, 0x00, 0x00, 0x80, 0x3f, // .........@.....?
	0x0e, 0x00, 0x00, 0x0a, 0x12, 0x00, 0x10, 0x00, 0x01, 0x00, 0x00, 0x00, 0x02, 0x40, 0x00, 0x00, // .............@..
	0x00, 0x00, 0x80, 0x3f, 0x00, 0x00, 0x80, 0x3f, 0x00, 0x00, 0x80, 0x3f, 0x00, 0x00, 0x80, 0x3f, // ...?...?...?...?
	0x0a, 0x00, 0x10, 0x00, 0x01, 0x00, 0x00, 0x00, 0x38, 0x20, 0x00, 0x07, 0x82, 0x00, 0x10, 0x00, // ........8 ......
	0x00, 0x00, 0x00, 0x00, 0x3a, 0x00, 0x10, 0x00, 0x00, 0x00, 0x00, 0x00, 0x0a, 0x00, 0x10, 0x00, // ....:...........
	0x01, 0x00, 0x00, 0x00, 0x32, 0x00, 0x00, 0x09, 0x12, 0x00, 0x10, 0x00, 0x01, 0x00, 0x00, 0x00, // ....2...........
	0x3a, 0x00, 0x10, 0x00, 0x00, 0x00, 0x00, 0x00, 0x01, 0x40, 0x00, 0x00, 0x00, 0x00, 0x00, 0xc0, // :........@......
	0x01, 0x40, 0x00, 0x00, 0x00, 0x00, 0x40, 0x40, 0x38, 0x00, 0x00, 0x07, 0x82, 0x00, 0x10, 0x00, // .@....@@8.......
	0x00, 0x00, 0x00, 0x00, 0x3a, 0x00, 0x10, 0x00, 0x00, 0x00, 0x00, 0x00, 0x3a, 0x00, 0x10, 0x00, // ....:.......:...
	0x00, 0x00, 0x00, 0x00, 0x38, 0x00, 0x00, 0x07, 0x82, 0x00, 0x10, 0x00, 0x00, 0x00, 0x00, 0x00, // ....8...........
	0x3a, 0x00, 0x10, 0x00, 0x00, 0x00, 0x00, 0x00, 0x0a, 0x00, 0x10, 0x00, 0x01, 0x00, 0x00, 0x00, // :...............
	0x31, 0x00, 0x00, 0x08, 0x12, 0x00, 0x10, 0x00, 0x01, 0x00, 0x00, 0x00, 0x01, 0x40, 0x00, 0x00, // 1............@..
	0x00, 0x00, 0x00, 0x3f, 0x3a, 0x80, 0x20, 0x00, 0x00, 0x00, 0x00, 0x00, 0x01, 0x00, 0x00, 0x00, // ...?:. .........
	0x38, 0x00, 0x00, 0x07, 0x22, 0x00, 0x10, 0x00, 0x01, 0x00, 0x00, 0x00, 0x0a, 0x10, 0x10, 0x00, // 8..."...........
	0x01, 0x00, 0x00, 0x00, 0x01, 0x40, 0x00, 0x00, 0x55, 0x55, 0xd5, 0x3f, 0x1a, 0x00, 0x00, 0x05, // .....@..UU.?....
	0x22, 0x00, 0x10, 0x00, 0x01, 0x00, 0x00, 0x00, 0x1a, 0x00, 0x10, 0x00, 0x01, 0x00, 0x00, 0x00, // "...............
	0x1d, 0x00, 0x00, 0x07, 0x22, 0x00, 0x10, 0x00, 0x01, 0x00, 0x00, 0x00, 0x01, 0x40, 0x00, 0x00, // ...."........@..
	0x9a, 0x99, 0x19, 0x3f, 0x1a, 0x00, 0x10, 0x00, 0x01, 0x00, 0x00, 0x00, 0x01, 0x00, 0x00, 0x07, // ...?............
	0x22, 0x00, 0x10, 0x00, 0x01, 0x00, 0x00, 0x00, 0x1a, 0x00, 0x10, 0x00, 0x01, 0x00, 0x00, 0x00, // "...............
	0x01, 0x40, 0x00, 0x00, 0x00, 0x00, 0x80, 0x3f, 0x38, 0x00, 0x00, 0x07, 0x22, 0x00, 0x10, 0x00, // .@.....?8..."...
	0x01, 0x00, 0x00, 0x00, 0x3a, 0x00, 0x10, 0x00, 0x00, 0x00, 0x00, 0x00, 0x1a, 0x00, 0x10, 0x00, // ....:...........
	0x01, 0x00, 0x00, 0x00, 0x37, 0x00, 0x00, 0x09, 0x82, 0x00, 0x10, 0x00, 0x00, 0x00, 0x00, 0x00, // ....7...........
	0x0a, 0x00, 0x10, 0x00, 0x01, 0x00, 0x00, 0x00, 0x1a, 0x00, 0x10, 0x00, 0x01, 0x00, 0x00, 0x00, // ................
	0x3a, 0x00, 0x10, 0x00, 0x00, 0x00, 0x00, 0x00, 0x1d, 0x00, 0x00, 0x07, 0x12, 0x00, 0x10, 0x00, // :...............
	0x01, 0x00, 0x00, 0x00, 0x01, 0x40, 0x00, 0x00, 0x00, 0x00, 0x00, 0x00, 0x3a, 0x00, 0x10, 0x00, // .....@......:...
	0x00, 0x00, 0x00, 0x00, 0x0d, 0x00, 0x04, 0x03, 0x0a, 0x00, 0x10, 0x00, 0x01, 0x00, 0x00, 0x00, // ................
	0x31, 0x00, 0x00, 0x08, 0x12, 0x00, 0x10, 0x00, 0x01, 0x00, 0x00, 0x00, 0x01, 0x40, 0x00, 0x00, // 1............@..
	0x00, 0x00, 0xd0, 0x40, 0x2a, 0x80, 0x20, 0x00, 0x00, 0x00, 0x00, 0x00, 0x01, 0x00, 0x00, 0x00, // ...@*. .........
	0x31, 0x00, 0x00, 0x08, 0x22, 0x00, 0x10, 0x00, 0x01, 0x00, 0x00, 0x00, 0x2a, 0x80, 0x20, 0x00, // 1...".......*. .
	0x00, 0x00, 0x00, 0x00, 0x01, 0x00, 0x00, 0x00, 0x01, 0x40, 0x00, 0x00, 0x00, 0x00, 0xf0, 0x40, // .........@.....@
	0x01, 0x00, 0x00, 0x07, 0x12, 0x00, 0x10, 0x00, 0x01, 0x00, 0x00, 0x00, 0x1a, 0x00, 0x10, 0x00, // ................
	0x01, 0x00, 0x00, 0x00, 0x0a, 0x00, 0x10, 0x00, 0x01, 0x00, 0x00, 0x00, 0x1f, 0x00, 0x04, 0x03, // ................
	0x0a, 0x00, 0x10, 0x00, 0x01, 0x00, 0x00, 0x00, 0x0d, 0x00, 0x04, 0x03, 0x1a, 0x00, 0x10, 0x00, // ................
	0x00, 0x00, 0x00, 0x00, 0x0e, 0x00, 0x00, 0x08, 0x22, 0x00, 0x10, 0x00, 0x00, 0x00, 0x00, 0x00, // ........".......
	0x1a, 0x10, 0x10, 0x00, 0x01, 0x00, 0x00, 0x00, 0x1a, 0x80, 0x20, 0x00, 0x00, 0x00, 0x00, 0x00, // .......... .....
	0x00, 0x00, 0x00, 0x00, 0x34, 0x00, 0x00, 0x07, 0x22, 0x00, 0x10, 0x00, 0x00, 0x00, 0x00, 0x00, // ....4...".......
	0x1a, 0x00, 0x10, 0x00, 0x00, 0x00, 0x00, 0x00, 0x01, 0x40, 0x00, 0x00, 0x00, 0x00, 0x80, 0x3f, // .........@.....?
	0x2f, 0x00, 0x00, 0x05, 0x22, 0x00, 0x10, 0x00, 0x00, 0x00, 0x00, 0x00, 0x1a, 0x00, 0x10, 0x00, // /..."...........
	0x00, 0x00, 0x00, 0x00, 0x0e, 0x00, 0x00, 0x09, 0x12, 0x00, 0x10, 0x00, 0x01, 0x00, 0x00, 0x00, // ................
	0x2a, 0x80, 0x20, 0x00, 0x00, 0x00, 0x00, 0x00, 0x00, 0x00, 0x00, 0x00, 0x1a, 0x80, 0x20, 0x00, // *. ........... .
	0x00, 0x00, 0x00, 0x00, 0x00, 0x00, 0x00, 0x00, 0x34, 0x00, 0x00, 0x07, 0x12, 0x00, 0x10, 0x00, // ........4.......
	0x01, 0x00, 0x00, 0x00, 0x0a, 0x00, 0x10, 0x00, 0x01, 0x00, 0x00, 0x00, 0x01, 0x40, 0x00, 0x00, // .............@..
	0x08, 0x00, 0x80, 0x3f, 0x2f, 0x00, 0x00, 0x05, 0x12, 0x00, 0x10, 0x00, 0x01, 0x00, 0x00, 0x00, // ...?/...........
	0x0a, 0x00, 0x10, 0x00, 0x01, 0x00, 0x00, 0x00, 0x0e, 0x00, 0x00, 0x07, 0x22, 0x00, 0x10, 0x00, // ............"...
	0x00, 0x00, 0x00, 0x00, 0x1a, 0x00, 0x10, 0x00, 0x00, 0x00, 0x00, 0x00, 0x0a, 0x00, 0x10, 0x00, // ................
	0x01, 0x00, 0x00, 0x00, 0x33, 0x00, 0x00, 0x07, 0x22, 0x00, 0x10, 0x00, 0x00, 0x00, 0x00, 0x00, // ....3...".......
	0x1a, 0x00, 0x10, 0x00, 0x00, 0x00, 0x00, 0x00, 0x01, 0x40, 0x00, 0x00, 0x00, 0x00, 0x80, 0x3f, // .........@.....?
	0x37, 0x00, 0x00, 0x09, 0x12, 0x00, 0x10, 0x00, 0x00, 0x00, 0x00, 0x00, 0x0a, 0x00, 0x10, 0x00, // 7...............
	0x00, 0x00, 0x00, 0x00, 0x1a, 0x00, 0x10, 0x00, 0x00, 0x00, 0x00, 0x00, 0x2a, 0x10, 0x10, 0x00, // ............*...
	0x00, 0x00, 0x00, 0x00, 0x00, 0x00, 0x00, 0x0b, 0x72, 0x20, 0x10, 0x00, 0x00, 0x00, 0x00, 0x00, // ........r ......
	0x06, 0x00, 0x10, 0x80, 0x41, 0x00, 0x00, 0x00, 0x00, 0x00, 0x00, 0x00, 0x02, 0x40, 0x00, 0x00, // ....A........@..
	0x00, 0x00, 0x80, 0x3f, 0x00, 0x00, 0x80, 0x3f, 0x00, 0x00, 0x80, 0x3f, 0x00, 0x00, 0x00, 0x00, // ...?...?...?....
	0x36, 0x00, 0x00, 0x05, 0x82, 0x20, 0x10, 0x00, 0x00, 0x00, 0x00, 0x00, 0x3a, 0x00, 0x10, 0x00, // 6.... ......:...
	0x00, 0x00, 0x00, 0x00, 0x36, 0x00, 0x00, 0x04, 0x01, 0xc0, 0x00, 0x00, 0x2a, 0x00, 0x10, 0x00, // ....6.......*...
	0x00, 0x00, 0x00, 0x00, 0x3e, 0x00, 0x00, 0x01, 0x15, 0x00, 0x00, 0x01, 0x38, 0x00, 0x00, 0x07, // ....>.......8...
	0x82, 0x20, 0x10, 0x00, 0x00, 0x00, 0x00, 0x00, 0x3a, 0x00, 0x10, 0x00, 0x00, 0x00, 0x00, 0x00, // . ......:.......
	0x3a, 0x10, 0x10, 0x00, 0x02, 0x00, 0x00, 0x00, 0x36, 0x00, 0x00, 0x05, 0x72, 0x20, 0x10, 0x00, // :.......6...r ..
	0x00, 0x00, 0x00, 0x00, 0x46, 0x12, 0x10, 0x00, 0x02, 0x00, 0x00, 0x00, 0x36, 0x00, 0x00, 0x04, // ....F.......6...
	0x01, 0xc0, 0x00, 0x00, 0x2a, 0x00, 0x10, 0x00, 0x00, 0x00, 0x00, 0x00, 0x3e, 0x00, 0x00, 0x01, // ....*.......>...
	0x00, 0x00, 0x20, 0x00,                                                                         // .. .
};

static const uint8_t fs_polyline_glsl[1855] =
{
	0x46, 0x53, 0x48, 0x0b, 0x91, 0x47, 0xdc, 0xdb, 0x00, 0x00, 0x00, 0x00, 0x02, 0x00, 0x09, 0x75, // FSH..G.........u
	0x4c, 0x6f, 0x67, 0x44, 0x65, 0x70, 0x74, 0x68, 0x02, 0x01, 0x00, 0x00, 0x01, 0x00, 0x00, 0x00, // LogDepth........
	0x00, 0x00, 0x0b, 0x75, 0x50, 0x72, 0x69, 0x6d, 0x50, 0x61, 0x72, 0x61, 0x6d, 0x73, 0x02, 0x01, // ...uPrimParams..
	0x00, 0x00, 0x01, 0x00, 0x00, 0x00, 0x00, 0x00, 0x02, 0x07, 0x00, 0x00, 0x76, 0x61, 0x72, 0x79, // ............vary
	0x69, 0x6e, 0x67, 0x20, 0x66, 0x6c, 0x6f, 0x61, 0x74, 0x20, 0x76, 0x5f, 0x61, 0x6c, 0x6f, 0x6e, // ing float v_alon
	0x67, 0x3b, 0x0a, 0x76, 0x61, 0x72, 0x79, 0x69, 0x6e, 0x67, 0x20, 0x76, 0x65, 0x63, 0x34, 0x20, // g;.varying vec4 
	0x76, 0x5f, 0x63, 0x6f, 0x6c, 0x6f, 0x72, 0x3b, 0x0a, 0x76, 0x61, 0x72, 0x79, 0x69, 0x6e, 0x67, // v_color;.varying
	0x20, 0x66, 0x6c, 0x6f, 0x61, 0x74, 0x20, 0x76, 0x5f, 0x64, 0x65, 0x70, 0x74, 0x68, 0x3b, 0x0a, //  float v_depth;.
	0x76, 0x61, 0x72, 0x79, 0x69, 0x6e, 0x67, 0x20, 0x66, 0x6c, 0x6f, 0x61, 0x74, 0x20, 0x76, 0x5f, // varying float v_
	0x65, 0x64, 0x67, 0x65, 0x3b, 0x0a, 0x75, 0x6e, 0x69, 0x66, 0x6f, 0x72, 0x6d, 0x20, 0x76, 0x65, // edge;.uniform ve
	0x63, 0x34, 0x20, 0x75, 0x4c, 0x6f, 0x67, 0x44, 0x65, 0x70, 0x74, 0x68, 0x3b, 0x0a, 0x75, 0x6e, // c4 uLogDepth;.un
	0x69, 0x66, 0x6f, 0x72, 0x6d, 0x20, 0x76, 0x65, 0x63, 0x34, 0x20, 0x75, 0x50, 0x72, 0x69, 0x6d, // iform vec4 uPrim
	0x50, 0x61, 0x72, 0x61, 0x6d, 0x73, 0x3b, 0x0a, 0x76, 0x6f, 0x69, 0x64, 0x20, 0x6d, 0x61, 0x69, // Params;.void mai
	0x6e, 0x20, 0x28, 0x29, 0x0a, 0x7b, 0x0a, 0x20, 0x20, 0x66, 0x6c, 0x6f, 0x61, 0x74, 0x20, 0x61, // n ().{.  float a
	0x6c, 0x70, 0x68, 0x61, 0x5f, 0x31, 0x3b, 0x0a, 0x20, 0x20, 0x66, 0x6c, 0x6f, 0x61, 0x74, 0x20, // lpha_1;.  float 
	0x72, 0x61, 0x77, 0x44, 0x65, 0x70, 0x74, 0x68, 0x5f, 0x32, 0x3b, 0x0a, 0x20, 0x20, 0x72, 0x61, // rawDepth_2;.  ra
	0x77, 0x44, 0x65, 0x70, 0x74, 0x68, 0x5f, 0x32, 0x20, 0x3d, 0x20, 0x67, 0x6c, 0x5f, 0x46, 0x72, // wDepth_2 = gl_Fr
	0x61, 0x67, 0x43, 0x6f, 0x6f, 0x72, 0x64, 0x2e, 0x7a, 0x3b, 0x0a, 0x20, 0x20, 0x66, 0x6c, 0x6f, // agCoord.z;.  flo
	0x61, 0x74, 0x20, 0x74, 0x6d, 0x70, 0x76, 0x61, 0x72, 0x5f, 0x33, 0x3b, 0x0a, 0x20, 0x20, 0x69, // at tmpvar_3;.  i
	0x66, 0x20, 0x28, 0x28, 0x75, 0x4c, 0x6f, 0x67, 0x44, 0x65, 0x70, 0x74, 0x68, 0x2e, 0x78, 0x20, // f ((uLogDepth.x 
	0x3c, 0x20, 0x30, 0x2e, 0x35, 0x29, 0x29, 0x20, 0x7b, 0x0a, 0x20, 0x20, 0x20, 0x20, 0x74, 0x6d, // < 0.5)) {.    tm
	0x70, 0x76, 0x61, 0x72, 0x5f, 0x33, 0x20, 0x3d, 0x20, 0x72, 0x61, 0x77, 0x44, 0x65, 0x70, 0x74, // pvar_3 = rawDept
	0x68, 0x5f, 0x32, 0x3b, 0x0a, 0x20, 0x20, 0x7d, 0x20, 0x65, 0x6c, 0x73, 0x65, 0x20, 0x7b, 0x0a, // h_2;.  } else {.
	0x20, 0x20, 0x20, 0x20, 0x69, 0x66, 0x20, 0x28, 0x28, 0x28, 0x76, 0x5f, 0x64, 0x65, 0x70, 0x74, //     if (((v_dept
	0x68, 0x20, 0x3c, 0x20, 0x75, 0x4c, 0x6f, 0x67, 0x44, 0x65, 0x70, 0x74, 0x68, 0x2e, 0x79, 0x29, // h < uLogDepth.y)
	0x20, 0x7c, 0x7c, 0x20, 0x28, 0x76, 0x5f, 0x64, 0x65, 0x70, 0x74, 0x68, 0x20, 0x3e, 0x20, 0x75, //  || (v_depth > u
	0x4c, 0x6f, 0x67, 0x44, 0x65, 0x70, 0x74, 0x68, 0x2e, 0x7a, 0x29, 0x29, 0x29, 0x20, 0x7b, 0x0a, // LogDepth.z))) {.
	0x20, 0x20, 0x20, 0x20, 0x20, 0x20, 0x64, 0x69, 0x73, 0x63, 0x61, 0x72, 0x64, 0x3b, 0x0a, 0x20, //       discard;. 
	0x20, 0x20, 0x20, 0x7d, 0x3b, 0x0a, 0x20, 0x20, 0x20, 0x20, 0x74, 0x6d, 0x70, 0x76, 0x61, 0x72, //    };.    tmpvar
	0x5f, 0x33, 0x20, 0x3d, 0x20, 0x63, 0x6c, 0x61, 0x6d, 0x70, 0x20, 0x28, 0x28, 0x6c, 0x6f, 0x67, // _3 = clamp ((log
	0x32, 0x28, 0x0a, 0x20, 0x20, 0x20, 0x20, 0x20, 0x20, 0x6d, 0x61, 0x78, 0x20, 0x28, 0x28, 0x76, // 2(.      max ((v
	0x5f, 0x64, 0x65, 0x70, 0x74, 0x68, 0x20, 0x2f, 0x20, 0x75, 0x4c, 0x6f, 0x67, 0x44, 0x65, 0x70, // _depth / uLogDep
	0x74, 0x68, 0x2e, 0x79, 0x29, 0x2c, 0x20, 0x31, 0x2e, 0x30, 0x29, 0x0a, 0x20, 0x20, 0x20, 0x20, // th.y), 1.0).    
	0x29, 0x20, 0x2f, 0x20, 0x6c, 0x6f, 0x67, 0x32, 0x28, 0x0a, 0x20, 0x20, 0x20, 0x20, 0x20, 0x20, // ) / log2(.      
	0x6d, 0x61, 0x78, 0x20, 0x28, 0x28, 0x75, 0x4c, 0x6f, 0x67, 0x44, 0x65, 0x70, 0x74, 0x68, 0x2e, // max ((uLogDepth.
	0x7a, 0x20, 0x2f, 0x20, 0x75, 0x4c, 0x6f, 0x67, 0x44, 0x65, 0x70, 0x74, 0x68, 0x2e, 0x79, 0x29, // z / uLogDepth.y)
	0x2c, 0x20, 0x31, 0x2e, 0x30, 0x30, 0x30, 0x30, 0x30, 0x31, 0x29, 0x0a, 0x20, 0x20, 0x20, 0x20, // , 1.000001).    
	0x29, 0x29, 0x2c, 0x20, 0x30, 0x2e, 0x30, 0x2c, 0x20, 0x31, 0x2e, 0x30, 0x29, 0x3b, 0x0a, 0x20, // )), 0.0, 1.0);. 
	0x20, 0x7d, 0x3b, 0x0a, 0x20, 0x20, 0x67, 0x6c, 0x5f, 0x46, 0x72, 0x61, 0x67, 0x44, 0x65, 0x70, //  };.  gl_FragDep
	0x74, 0x68, 0x20, 0x3d, 0x20, 0x74, 0x6d, 0x70, 0x76, 0x61, 0x72, 0x5f, 0x33, 0x3b, 0x0a, 0x20, // th = tmpvar_3;. 
	0x20, 0x66, 0x6c, 0x6f, 0x61, 0x74, 0x20, 0x74, 0x6d, 0x70, 0x76, 0x61, 0x72, 0x5f, 0x34, 0x3b, //  float tmpvar_4;
	0x0a, 0x20, 0x20, 0x74, 0x6d, 0x70, 0x76, 0x61, 0x72, 0x5f, 0x34, 0x20, 0x3d, 0x20, 0x63, 0x6c, // .  tmpvar_4 = cl
	0x61, 0x6d, 0x70, 0x20, 0x28, 0x28, 0x28, 0x31, 0x2e, 0x30, 0x20, 0x2d, 0x20, 0x0a, 0x20, 0x20, // amp (((1.0 - .  
	0x20, 0x20, 0x61, 0x62, 0x73, 0x28, 0x76, 0x5f, 0x65, 0x64, 0x67, 0x65, 0x29, 0x0a, 0x20, 0x20, //   abs(v_edge).  
	0x29, 0x20, 0x2f, 0x20, 0x63, 0x6c, 0x61, 0x6d, 0x70, 0x20, 0x28, 0x75, 0x50, 0x72, 0x69, 0x6d, // ) / clamp (uPrim
	0x50, 0x61, 0x72, 0x61, 0x6d, 0x73, 0x2e, 0x79, 0x2c, 0x20, 0x30, 0x2e, 0x30, 0x32, 0x2c, 0x20, // Params.y, 0.02, 
	0x31, 0x2e, 0x30, 0x29, 0x29, 0x2c, 0x20, 0x30, 0x2e, 0x30, 0x2c, 0x20, 0x31, 0x2e, 0x30, 0x29, // 1.0)), 0.0, 1.0)
	0x3b, 0x0a, 0x20, 0x20, 0x61, 0x6c, 0x70, 0x68, 0x61, 0x5f, 0x31, 0x20, 0x3d, 0x20, 0x28, 0x74, // ;.  alpha_1 = (t
	0x6d, 0x70, 0x76, 0x61, 0x72, 0x5f, 0x34, 0x20, 0x2a, 0x20, 0x28, 0x74, 0x6d, 0x70, 0x76, 0x61, // mpvar_4 * (tmpva
	0x72, 0x5f, 0x34, 0x20, 0x2a, 0x20, 0x28, 0x33, 0x2e, 0x30, 0x20, 0x2d, 0x20, 0x0a, 0x20, 0x20, // r_4 * (3.0 - .  
	0x20, 0x20, 0x28, 0x32, 0x2e, 0x30, 0x20, 0x2a, 0x20, 0x74, 0x6d, 0x70, 0x76, 0x61, 0x72, 0x5f, //   (2.0 * tmpvar_
	0x34, 0x29, 0x0a, 0x20, 0x20, 0x29, 0x29, 0x29, 0x3b, 0x0a, 0x20, 0x20, 0x69, 0x66, 0x20, 0x28, // 4).  )));.  if (
	0x28, 0x75, 0x50, 0x72, 0x69, 0x6d, 0x50, 0x61, 0x72, 0x61, 0x6d, 0x73, 0x2e, 0x77, 0x20, 0x3e, // (uPrimParams.w >
	0x20, 0x30, 0x2e, 0x35, 0x29, 0x29, 0x20, 0x7b, 0x0a, 0x20, 0x20, 0x20, 0x20, 0x61, 0x6c, 0x70, //  0.5)) {.    alp
	0x68, 0x61, 0x5f, 0x31, 0x20, 0x3d, 0x20, 0x28, 0x61, 0x6c, 0x70, 0x68, 0x61, 0x5f, 0x31, 0x20, // ha_1 = (alpha_1 
	0x2a, 0x20, 0x66, 0x6c, 0x6f, 0x61, 0x74, 0x28, 0x28, 0x0a, 0x20, 0x20, 0x20, 0x20, 0x20, 0x20, // * float((.      
	0x63, 0x6c, 0x61, 0x6d, 0x70, 0x20, 0x28, 0x30, 0x2e, 0x36, 0x2c, 0x20, 0x30, 0x2e, 0x30, 0x2c, // clamp (0.6, 0.0,
	0x20, 0x31, 0x2e, 0x30, 0x29, 0x0a, 0x20, 0x20, 0x20, 0x20, 0x20, 0x3e, 0x3d, 0x20, 0x0a, 0x20, //  1.0).     >= . 
	0x20, 0x20, 0x20, 0x20, 0x20, 0x66, 0x72, 0x61, 0x63, 0x74, 0x28, 0x28, 0x76, 0x5f, 0x61, 0x6c, //      fract((v_al
	0x6f, 0x6e, 0x67, 0x20, 0x2f, 0x20, 0x30, 0x2e, 0x36, 0x29, 0x29, 0x0a, 0x20, 0x20, 0x20, 0x20, // ong / 0.6)).    
	0x29, 0x29, 0x29, 0x3b, 0x0a, 0x20, 0x20, 0x7d, 0x3b, 0x0a, 0x20, 0x20, 0x69, 0x66, 0x20, 0x28, // )));.  };.  if (
	0x28, 0x61, 0x6c, 0x70, 0x68, 0x61, 0x5f, 0x31, 0x20, 0x3c, 0x3d, 0x20, 0x30, 0x2e, 0x30, 0x29, // (alpha_1 <= 0.0)
	0x29, 0x20, 0x7b, 0x0a, 0x20, 0x20, 0x20, 0x20, 0x64, 0x69, 0x73, 0x63, 0x61, 0x72, 0x64, 0x3b, // ) {.    discard;
	0x0a, 0x20, 0x20, 0x7d, 0x3b, 0x0a, 0x20, 0x20, 0x69, 0x66, 0x20, 0x28, 0x28, 0x28, 0x75, 0x50, // .  };.  if (((uP
	0x72, 0x69, 0x6d, 0x50, 0x61, 0x72, 0x61, 0x6d, 0x73, 0x2e, 0x7a, 0x20, 0x3e, 0x20, 0x36, 0x2e, // rimParams.z > 6.
	0x35, 0x29, 0x20, 0x26, 0x26, 0x20, 0x28, 0x75, 0x50, 0x72, 0x69, 0x6d, 0x50, 0x61, 0x72, 0x61, // 5) && (uPrimPara
	0x6d, 0x73, 0x2e, 0x7a, 0x20, 0x3c, 0x20, 0x37, 0x2e, 0x35, 0x29, 0x29, 0x29, 0x20, 0x7b, 0x0a, // ms.z < 7.5))) {.
	0x20, 0x20, 0x20, 0x20, 0x66, 0x6c, 0x6f, 0x61, 0x74, 0x20, 0x72, 0x61, 0x77, 0x44, 0x65, 0x70, //     float rawDep
	0x74, 0x68, 0x5f, 0x35, 0x3b, 0x0a, 0x20, 0x20, 0x20, 0x20, 0x72, 0x61, 0x77, 0x44, 0x65, 0x70, // th_5;.    rawDep
	0x74, 0x68, 0x5f, 0x35, 0x20, 0x3d, 0x20, 0x67, 0x6c, 0x5f, 0x46, 0x72, 0x61, 0x67, 0x43, 0x6f, // th_5 = gl_FragCo
	0x6f, 0x72, 0x64, 0x2e, 0x7a, 0x3b, 0x0a, 0x20, 0x20, 0x20, 0x20, 0x66, 0x6c, 0x6f, 0x61, 0x74, // ord.z;.    float
	0x20, 0x74, 0x6d, 0x70, 0x76, 0x61, 0x72, 0x5f, 0x36, 0x3b, 0x0a, 0x20, 0x20, 0x20, 0x20, 0x69, //  tmpvar_6;.    i
	0x66, 0x20, 0x28, 0x28, 0x75, 0x4c, 0x6f, 0x67, 0x44, 0x65, 0x70, 0x74, 0x68, 0x2e, 0x78, 0x20, // f ((uLogDepth.x 
	0x3c, 0x20, 0x30, 0x2e, 0x35, 0x29, 0x29, 0x20, 0x7b, 0x0a, 0x20, 0x20, 0x20, 0x20, 0x20, 0x20, // < 0.5)) {.      
	0x74, 0x6d, 0x70, 0x76, 0x61, 0x72, 0x5f, 0x36, 0x20, 0x3d, 0x20, 0x72, 0x61, 0x77, 0x44, 0x65, // tmpvar_6 = rawDe
	0x70, 0x74, 0x68, 0x5f, 0x35, 0x3b, 0x0a, 0x20, 0x20, 0x20, 0x20, 0x7d, 0x20, 0x65, 0x6c, 0x73, // pth_5;.    } els
	0x65, 0x20, 0x7b, 0x0a, 0x20, 0x20, 0x20, 0x20, 0x20, 0x20, 0x69, 0x66, 0x20, 0x28, 0x28, 0x28, // e {.      if (((
	0x76, 0x5f, 0x64, 0x65, 0x70, 0x74, 0x68, 0x20, 0x3c, 0x20, 0x75, 0x4c, 0x6f, 0x67, 0x44, 0x65, // v_depth < uLogDe
	0x70, 0x74, 0x68, 0x2e, 0x79, 0x29, 0x20, 0x7c, 0x7c, 0x20, 0x28, 0x76, 0x5f, 0x64, 0x65, 0x70, // pth.y) || (v_dep
	0x74, 0x68, 0x20, 0x3e, 0x20, 0x75, 0x4c, 0x6f, 0x67, 0x44, 0x65, 0x70, 0x74, 0x68, 0x2e, 0x7a, // th > uLogDepth.z
	0x29, 0x29, 0x29, 0x20, 0x7b, 0x0a, 0x20, 0x20, 0x20, 0x20, 0x20, 0x20, 0x20, 0x20, 0x64, 0x69, // ))) {.        di
	0x73, 0x63, 0x61, 0x72, 0x64, 0x3b, 0x0a, 0x20, 0x20, 0x20, 0x20, 0x20, 0x20, 0x7d, 0x3b, 0x0a, // scard;.      };.
	0x20, 0x20, 0x20, 0x20, 0x20, 0x20, 0x74, 0x6d, 0x70, 0x76, 0x61, 0x72, 0x5f, 0x36, 0x20, 0x3d, //       tmpvar_6 =
	0x20, 0x63, 0x6c, 0x61, 0x6d, 0x70, 0x20, 0x28, 0x28, 0x6c, 0x6f, 0x67, 0x32, 0x28, 0x0a, 0x20, //  clamp ((log2(. 
	0x20, 0x20, 0x20, 0x20, 0x20, 0x20, 0x20, 0x6d, 0x61, 0x78, 0x20, 0x28, 0x28, 0x76, 0x5f, 0x64, //        max ((v_d
	0x65, 0x70, 0x74, 0x68, 0x20, 0x2f, 0x20, 0x75, 0x4c, 0x6f, 0x67, 0x44, 0x65, 0x70, 0x74, 0x68, // epth / uLogDepth
	0x2e, 0x79, 0x29, 0x2c, 0x20, 0x31, 0x2e, 0x30, 0x29, 0x0a, 0x20, 0x20, 0x20, 0x20, 0x20, 0x20, // .y), 1.0).      
	0x29, 0x20, 0x2f, 0x20, 0x6c, 0x6f, 0x67, 0x32, 0x28, 0x0a, 0x20, 0x20, 0x20, 0x20, 0x20, 0x20, // ) / log2(.      
	0x20, 0x20, 0x6d, 0x61, 0x78, 0x20, 0x28, 0x28, 0x75, 0x4c, 0x6f, 0x67, 0x44, 0x65, 0x70, 0x74, //   max ((uLogDept
	0x68, 0x2e, 0x7a, 0x20, 0x2f, 0x20, 0x75, 0x4c, 0x6f, 0x67, 0x44, 0x65, 0x70, 0x74, 0x68, 0x2e, // h.z / uLogDepth.
	0x79, 0x29, 0x2c, 0x20, 0x31, 0x2e, 0x30, 0x30, 0x30, 0x30, 0x30, 0x31, 0x29, 0x0a, 0x20, 0x20, // y), 1.000001).  
	0x20, 0x20, 0x20, 0x20, 0x29, 0x29, 0x2c, 0x20, 0x30, 0x2e, 0x30, 0x2c, 0x20, 0x31, 0x2e, 0x30, //     )), 0.0, 1.0
	0x29, 0x3b, 0x0a, 0x20, 0x20, 0x20, 0x20, 0x7d, 0x3b, 0x0a, 0x20, 0x20, 0x20, 0x20, 0x66, 0x6c, // );.    };.    fl
	0x6f, 0x61, 0x74, 0x20, 0x5f, 0x78, 0x5f, 0x37, 0x3b, 0x0a, 0x20, 0x20, 0x20, 0x20, 0x5f, 0x78, // oat _x_7;.    _x
	0x5f, 0x37, 0x20, 0x3d, 0x20, 0x28, 0x31, 0x2e, 0x30, 0x20, 0x2d, 0x20, 0x74, 0x6d, 0x70, 0x76, // _7 = (1.0 - tmpv
	0x61, 0x72, 0x5f, 0x36, 0x29, 0x3b, 0x0a, 0x20, 0x20, 0x20, 0x20, 0x76, 0x65, 0x63, 0x33, 0x20, // ar_6);.    vec3 
	0x74, 0x6d, 0x70, 0x76, 0x61, 0x72, 0x5f, 0x38, 0x3b, 0x0a, 0x20, 0x20, 0x20, 0x20, 0x74, 0x6d, // tmpvar_8;.    tm
	0x70, 0x76, 0x61, 0x72, 0x5f, 0x38, 0x2e, 0x78, 0x20, 0x3d, 0x20, 0x5f, 0x78, 0x5f, 0x37, 0x3b, // pvar_8.x = _x_7;
	0x0a, 0x20, 0x20, 0x20, 0x20, 0x74, 0x6d, 0x70, 0x76, 0x61, 0x72, 0x5f, 0x38, 0x2e, 0x79, 0x20, // .    tmpvar_8.y 
	0x3d, 0x20, 0x5f, 0x78, 0x5f, 0x37, 0x3b, 0x0a, 0x20, 0x20, 0x20, 0x20, 0x74, 0x6d, 0x70, 0x76, // = _x_7;.    tmpv
	0x61, 0x72, 0x5f, 0x38, 0x2e, 0x7a, 0x20, 0x3d, 0x20, 0x5f, 0x78, 0x5f, 0x37, 0x3b, 0x0a, 0x20, // ar_8.z = _x_7;. 
	0x20, 0x20, 0x20, 0x76, 0x65, 0x63, 0x34, 0x20, 0x74, 0x6d, 0x70, 0x76, 0x61, 0x72, 0x5f, 0x39, //    vec4 tmpvar_9
	0x3b, 0x0a, 0x20, 0x20, 0x20, 0x20, 0x74, 0x6d, 0x70, 0x76, 0x61, 0x72, 0x5f, 0x39, 0x2e, 0x78, // ;.    tmpvar_9.x
	0x79, 0x7a, 0x20, 0x3d, 0x20, 0x74, 0x6d, 0x70, 0x76, 0x61, 0x72, 0x5f, 0x38, 0x3b, 0x0a, 0x20, // yz = tmpvar_8;. 
	0x20, 0x20, 0x20, 0x74, 0x6d, 0x70, 0x76, 0x61, 0x72, 0x5f, 0x39, 0x2e, 0x77, 0x20, 0x3d, 0x20, //    tmpvar_9.w = 
	0x61, 0x6c, 0x70, 0x68, 0x61, 0x5f, 0x31, 0x3b, 0x0a, 0x20, 0x20, 0x20, 0x20, 0x67, 0x6c, 0x5f, // alpha_1;.    gl_
	0x46, 0x72, 0x61, 0x67, 0x43, 0x6f, 0x6c, 0x6f, 0x72, 0x20, 0x3d, 0x20, 0x74, 0x6d, 0x70, 0x76, // FragColor = tmpv
	0x61, 0x72, 0x5f, 0x39, 0x3b, 0x0a, 0x20, 0x20, 0x20, 0x20, 0x72, 0x65, 0x74, 0x75, 0x72, 0x6e, // ar_9;.    return
	0x3b, 0x0a, 0x20, 0x20, 0x7d, 0x3b, 0x0a, 0x20, 0x20, 0x76, 0x65, 0x63, 0x34, 0x20, 0x74, 0x6d, // ;.  };.  vec4 tm
	0x70, 0x76, 0x61, 0x72, 0x5f, 0x31, 0x30, 0x3b, 0x0a, 0x20, 0x20, 0x74, 0x6d, 0x70, 0x76, 0x61, // pvar_10;.  tmpva
	0x72, 0x5f, 0x31, 0x30, 0x2e, 0x78, 0x79, 0x7a, 0x20, 0x3d, 0x20, 0x76, 0x5f, 0x63, 0x6f, 0x6c, // r_10.xyz = v_col
	0x6f, 0x72, 0x2e, 0x78, 0x79, 0x7a, 0x3b, 0x0a, 0x20, 0x20, 0x74, 0x6d, 0x70, 0x76, 0x61, 0x72, // or.xyz;.  tmpvar
	0x5f, 0x31, 0x30, 0x2e, 0x77, 0x20, 0x3d, 0x20, 0x28, 0x76, 0x5f, 0x63, 0x6f, 0x6c, 0x6f, 0x72, // _10.w = (v_color
	0x2e, 0x77, 0x20, 0x2a, 0x20, 0x61, 0x6c, 0x70, 0x68, 0x61, 0x5f, 0x31, 0x29, 0x3b, 0x0a, 0x20, // .w * alpha_1);. 
	0x20, 0x67, 0x6c, 0x5f, 0x46, 0x72, 0x61, 0x67, 0x43, 0x6f, 0x6c, 0x6f, 0x72, 0x20, 0x3d, 0x20, //  gl_FragColor = 
	0x74, 0x6d, 0x70, 0x76, 0x61, 0x72, 0x5f, 0x31, 0x30, 0x3b, 0x0a, 0x7d, 0x0a, 0x0a, 0x00,       // tmpvar_10;.}...
};

static const uint8_t fs_polyline_mtl[2688] =
{
	0x46, 0x53, 0x48, 0x0b, 0x91, 0x47, 0xdc, 0xdb, 0x00, 0x00, 0x00, 0x00, 0x02, 0x00, 0x09, 0x75, // FSH..G.........u
	0x4c, 0x6f, 0x67, 0x44, 0x65, 0x70, 0x74, 0x68, 0x12, 0x01, 0x00, 0x00, 0x01, 0x00, 0x00, 0x00, // LogDepth........
	0x00, 0x00, 0x0b, 0x75, 0x50, 0x72, 0x69, 0x6d, 0x50, 0x61, 0x72, 0x61, 0x6d, 0x73, 0x12, 0x01, // ...uPrimParams..
	0x10, 0x00, 0x01, 0x00, 0x00, 0x00, 0x00, 0x00, 0x40, 0x0a, 0x00, 0x00, 0x23, 0x69, 0x6e, 0x63, // ........@...#inc
	0x6c, 0x75, 0x64, 0x65, 0x20, 0x3c, 0x6d, 0x65, 0x74, 0x61, 0x6c, 0x5f, 0x73, 0x74, 0x64, 0x6c, // lude <metal_stdl
	0x69, 0x62, 0x3e, 0x0a, 0x23, 0x69, 0x6e, 0x63, 0x6c, 0x75, 0x64, 0x65, 0x20, 0x3c, 0x73, 0x69, // ib>.#include <si
	0x6d, 0x64, 0x2f, 0x73, 0x69, 0x6d, 0x64, 0x2e, 0x68, 0x3e, 0x0a, 0x0a, 0x75, 0x73, 0x69, 0x6e, // md/simd.h>..usin
	0x67, 0x20, 0x6e, 0x61, 0x6d, 0x65, 0x73, 0x70, 0x61, 0x63, 0x65, 0x20, 0x6d, 0x65, 0x74, 0x61, // g namespace meta
	0x6c, 0x3b, 0x0a, 0x0a, 0x73, 0x74, 0x72, 0x75, 0x63, 0x74, 0x20, 0x5f, 0x47, 0x6c, 0x6f, 0x62, // l;..struct _Glob
	0x61, 0x6c, 0x0a, 0x7b, 0x0a, 0x20, 0x20, 0x20, 0x20, 0x66, 0x6c, 0x6f, 0x61, 0x74, 0x34, 0x20, // al.{.    float4 
	0x75, 0x4c, 0x6f, 0x67, 0x44, 0x65, 0x70, 0x74, 0x68, 0x3b, 0x0a, 0x20, 0x20, 0x20, 0x20, 0x66, // uLogDepth;.    f
	0x6c, 0x6f, 0x61, 0x74, 0x34, 0x20, 0x75, 0x50, 0x72, 0x69, 0x6d, 0x50, 0x61, 0x72, 0x61, 0x6d, // loat4 uPrimParam
	0x73, 0x3b, 0x0a, 0x7d, 0x3b, 0x0a, 0x0a, 0x73, 0x74, 0x72, 0x75, 0x63, 0x74, 0x20, 0x78, 0x6c, // s;.};..struct xl
	0x61, 0x74, 0x4d, 0x74, 0x6c, 0x4d, 0x61, 0x69, 0x6e, 0x5f, 0x6f, 0x75, 0x74, 0x0a, 0x7b, 0x0a, // atMtlMain_out.{.
	0x20, 0x20, 0x20, 0x20, 0x66, 0x6c, 0x6f, 0x61, 0x74, 0x34, 0x20, 0x62, 0x67, 0x66, 0x78, 0x5f, //     float4 bgfx_
	0x46, 0x72, 0x61, 0x67, 0x44, 0x61, 0x74, 0x61, 0x30, 0x20, 0x5b, 0x5b, 0x63, 0x6f, 0x6c, 0x6f, // FragData0 [[colo
	0x72, 0x28, 0x30, 0x29, 0x5d, 0x5d, 0x3b, 0x0a, 0x20, 0x20, 0x20, 0x20, 0x66, 0x6c, 0x6f, 0x61, // r(0)]];.    floa
	0x74, 0x20, 0x67, 0x6c, 0x5f, 0x46, 0x72, 0x61, 0x67, 0x44, 0x65, 0x70, 0x74, 0x68, 0x20, 0x5b, // t gl_FragDepth [
	0x5b, 0x64, 0x65, 0x70, 0x74, 0x68, 0x28, 0x61, 0x6e, 0x79, 0x29, 0x5d, 0x5d, 0x3b, 0x0a, 0x7d, // [depth(any)]];.}
	0x3b, 0x0a, 0x0a, 0x73, 0x74, 0x72, 0x75, 0x63, 0x74, 0x20, 0x78, 0x6c, 0x61, 0x74, 0x4d, 0x74, // ;..struct xlatMt
	0x6c, 0x4d, 0x61, 0x69, 0x6e, 0x5f, 0x69, 0x6e, 0x0a, 0x7b, 0x0a, 0x20, 0x20, 0x20, 0x20, 0x66, // lMain_in.{.    f
	0x6c, 0x6f, 0x61, 0x74, 0x20, 0x76, 0x5f, 0x61, 0x6c, 0x6f, 0x6e, 0x67, 0x20, 0x5b, 0x5b, 0x75, // loat v_along [[u
	0x73, 0x65, 0x72, 0x28, 0x6c, 0x6f, 0x63, 0x6e, 0x30, 0x29, 0x5d, 0x5d, 0x3b, 0x0a, 0x20, 0x20, // ser(locn0)]];.  
	0x20, 0x20, 0x66, 0x6c, 0x6f, 0x61, 0x74, 0x34, 0x20, 0x76, 0x5f, 0x63, 0x6f, 0x6c, 0x6f, 0x72, //   float4 v_color
	0x20, 0x5b, 0x5b, 0x75, 0x73, 0x65, 0x72, 0x28, 0x6c, 0x6f, 0x63, 0x6e, 0x31, 0x29, 0x5d, 0x5d, //  [[user(locn1)]]
	0x3b, 0x0a, 0x20, 0x20, 0x20, 0x20, 0x66, 0x6c, 0x6f, 0x61, 0x74, 0x20, 0x76, 0x5f, 0x64, 0x65, // ;.    float v_de
	0x70, 0x74, 0x68, 0x20, 0x5b, 0x5b, 0x75, 0x73, 0x65, 0x72, 0x28, 0x6c, 0x6f, 0x63, 0x6e, 0x32, // pth [[user(locn2
	0x29, 0x5d, 0x5d, 0x3b, 0x0a, 0x20, 0x20, 0x20, 0x20, 0x66, 0x6c, 0x6f, 0x61, 0x74, 0x20, 0x76, // )]];.    float v
	0x5f, 0x65, 0x64, 0x67, 0x65, 0x20, 0x5b, 0x5b, 0x75, 0x73, 0x65, 0x72, 0x28, 0x6c, 0x6f, 0x63, // _edge [[user(loc
	0x6e, 0x33, 0x29, 0x5d, 0x5d, 0x3b, 0x0a, 0x7d, 0x3b, 0x0a, 0x0a, 0x66, 0x72, 0x61, 0x67, 0x6d, // n3)]];.};..fragm
	0x65, 0x6e, 0x74, 0x20, 0x78, 0x6c, 0x61, 0x74, 0x4d, 0x74, 0x6c, 0x4d, 0x61, 0x69, 0x6e, 0x5f, // ent xlatMtlMain_
	0x6f, 0x75, 0x74, 0x20, 0x78, 0x6c, 0x61, 0x74, 0x4d, 0x74, 0x6c, 0x4d, 0x61, 0x69, 0x6e, 0x28, // out xlatMtlMain(
	0x78, 0x6c, 0x61, 0x74, 0x4d, 0x74, 0x6c, 0x4d, 0x61, 0x69, 0x6e, 0x5f, 0x69, 0x6e, 0x20, 0x69, // xlatMtlMain_in i
	0x6e, 0x20, 0x5b, 0x5b, 0x73, 0x74, 0x61, 0x67, 0x65, 0x5f, 0x69, 0x6e, 0x5d, 0x5d, 0x2c, 0x20, // n [[stage_in]], 
	0x63, 0x6f, 0x6e, 0x73, 0x74, 0x61, 0x6e, 0x74, 0x20, 0x5f, 0x47, 0x6c, 0x6f, 0x62, 0x61, 0x6c, // constant _Global
	0x26, 0x20, 0x5f, 0x6d, 0x74, 0x6c, 0x5f, 0x75, 0x20, 0x5b, 0x5b, 0x62, 0x75, 0x66, 0x66, 0x65, // & _mtl_u [[buffe
	0x72, 0x28, 0x30, 0x29, 0x5d, 0x5d, 0x2c, 0x20, 0x66, 0x6c, 0x6f, 0x61, 0x74, 0x34, 0x20, 0x67, // r(0)]], float4 g
	0x6c, 0x5f, 0x46, 0x72, 0x61, 0x67, 0x43, 0x6f, 0x6f, 0x72, 0x64, 0x20, 0x5b, 0x5b, 0x70, 0x6f, // l_FragCoord [[po
	0x73, 0x69, 0x74, 0x69, 0x6f, 0x6e, 0x5d, 0x5d, 0x29, 0x0a, 0x7b, 0x0a, 0x20, 0x20, 0x20, 0x20, // sition]]).{.    
	0x78, 0x6c, 0x61, 0x74, 0x4d, 0x74, 0x6c, 0x4d, 0x61, 0x69, 0x6e, 0x5f, 0x6f, 0x75, 0x74, 0x20, // xlatMtlMain_out 
	0x6f, 0x75, 0x74, 0x20, 0x3d, 0x20, 0x7b, 0x7d, 0x3b, 0x0a, 0x20, 0x20, 0x20, 0x20, 0x66, 0x6c, // out = {};.    fl
	0x6f, 0x61, 0x74, 0x20, 0x5f, 0x35, 0x30, 0x34, 0x3b, 0x0a, 0x20, 0x20, 0x20, 0x20, 0x66, 0x6c, // oat _504;.    fl
	0x6f, 0x61, 0x74, 0x34, 0x20, 0x5f, 0x35, 0x30, 0x38, 0x3b, 0x0a, 0x20, 0x20, 0x20, 0x20, 0x64, // oat4 _508;.    d
	0x6f, 0x0a, 0x20, 0x20, 0x20, 0x20, 0x7b, 0x0a, 0x20, 0x20, 0x20, 0x20, 0x20, 0x20, 0x20, 0x20, // o.    {.        
	0x62, 0x6f, 0x6f, 0x6c, 0x20, 0x5f, 0x33, 0x37, 0x36, 0x3b, 0x0a, 0x20, 0x20, 0x20, 0x20, 0x20, // bool _376;.     
	0x20, 0x20, 0x20, 0x64, 0x6f, 0x0a, 0x20, 0x20, 0x20, 0x20, 0x20, 0x20, 0x20, 0x20, 0x7b, 0x0a, //    do.        {.
	0x20, 0x20, 0x20, 0x20, 0x20, 0x20, 0x20, 0x20, 0x20, 0x20, 0x20, 0x20, 0x5f, 0x33, 0x37, 0x36, //             _376
	0x20, 0x3d, 0x20, 0x5f, 0x6d, 0x74, 0x6c, 0x5f, 0x75, 0x2e, 0x75, 0x4c, 0x6f, 0x67, 0x44, 0x65, //  = _mtl_u.uLogDe
	0x70, 0x74, 0x68, 0x2e, 0x78, 0x20, 0x3c, 0x20, 0x30, 0x2e, 0x35, 0x3b, 0x0a, 0x20, 0x20, 0x20, // pth.x < 0.5;.   
	0x20, 0x20, 0x20, 0x20, 0x20, 0x20, 0x20, 0x20, 0x20, 0x69, 0x66, 0x20, 0x28, 0x5f, 0x33, 0x37, //          if (_37
	0x36, 0x29, 0x0a, 0x20, 0x20, 0x20, 0x20, 0x20, 0x20, 0x20, 0x20, 0x20, 0x20, 0x20, 0x20, 0x7b, // 6).            {
	0x0a, 0x20, 0x20, 0x20, 0x20, 0x20, 0x20, 0x20, 0x20, 0x20, 0x20, 0x20, 0x20, 0x20, 0x20, 0x20, // .               
	0x20, 0x5f, 0x35, 0x30, 0x34, 0x20, 0x3d, 0x20, 0x67, 0x6c, 0x5f, 0x46, 0x72, 0x61, 0x67, 0x43, //  _504 = gl_FragC
	0x6f, 0x6f, 0x72, 0x64, 0x2e, 0x7a, 0x3b, 0x0a, 0x20, 0x20, 0x20, 0x20, 0x20, 0x20, 0x20, 0x20, // oord.z;.        
	0x20, 0x20, 0x20, 0x20, 0x20, 0x20, 0x20, 0x20, 0x62, 0x72, 0x65, 0x61, 0x6b, 0x3b, 0x0a, 0x20, //         break;. 
	0x20, 0x20, 0x20, 0x20, 0x20, 0x20, 0x20, 0x20, 0x20, 0x20, 0x20, 0x7d, 0x0a, 0x20, 0x20, 0x20, //            }.   
	0x20, 0x20, 0x20, 0x20, 0x20, 0x20, 0x20, 0x20, 0x20, 0x69, 0x66, 0x20, 0x28, 0x28, 0x69, 0x6e, //          if ((in
	0x2e, 0x76, 0x5f, 0x64, 0x65, 0x70, 0x74, 0x68, 0x20, 0x3c, 0x20, 0x5f, 0x6d, 0x74, 0x6c, 0x5f, // .v_depth < _mtl_
	0x75, 0x2e, 0x75, 0x4c, 0x6f, 0x67, 0x44, 0x65, 0x70, 0x74, 0x68, 0x2e, 0x79, 0x29, 0x20, 0x7c, // u.uLogDepth.y) |
	0x7c, 0x20, 0x28, 0x69, 0x6e, 0x2e, 0x76, 0x5f, 0x64, 0x65, 0x70, 0x74, 0x68, 0x20, 0x3e, 0x20, // | (in.v_depth > 
	0x5f, 0x6d, 0x74, 0x6c, 0x5f, 0x75, 0x2e, 0x75, 0x4c, 0x6f, 0x67, 0x44, 0x65, 0x70, 0x74, 0x68, // _mtl_u.uLogDepth
	0x2e, 0x7a, 0x29, 0x29, 0x0a, 0x20, 0x20, 0x20, 0x20, 0x20, 0x20, 0x20, 0x20, 0x20, 0x20, 0x20, // .z)).           
	0x20, 0x7b, 0x0a, 0x20, 0x20, 0x20, 0x20, 0x20, 0x20, 0x20, 0x20, 0x20, 0x20, 0x20, 0x20, 0x20, //  {.             
	0x20, 0x20, 0x20, 0x64, 0x69, 0x73, 0x63, 0x61, 0x72, 0x64, 0x5f, 0x66, 0x72, 0x61, 0x67, 0x6d, //    discard_fragm
	0x65, 0x6e, 0x74, 0x28, 0x29, 0x3b, 0x0a, 0x20, 0x20, 0x20, 0x20, 0x20, 0x20, 0x20, 0x20, 0x20, // ent();.         
	0x20, 0x20, 0x20, 0x7d, 0x0a, 0x20, 0x20, 0x20, 0x20, 0x20, 0x20, 0x20, 0x20, 0x20, 0x20, 0x20, //    }.           
	0x20, 0x5f, 0x35, 0x30, 0x34, 0x20, 0x3d, 0x20, 0x66, 0x61, 0x73, 0x74, 0x3a, 0x3a, 0x63, 0x6c, //  _504 = fast::cl
	0x61, 0x6d, 0x70, 0x28, 0x6c, 0x6f, 0x67, 0x32, 0x28, 0x66, 0x61, 0x73, 0x74, 0x3a, 0x3a, 0x6d, // amp(log2(fast::m
	0x61, 0x78, 0x28, 0x69, 0x6e, 0x2e, 0x76, 0x5f, 0x64, 0x65, 0x70, 0x74, 0x68, 0x20, 0x2f, 0x20, // ax(in.v_depth / 
	0x5f, 0x6d, 0x74, 0x6c, 0x5f, 0x75, 0x2e, 0x75, 0x4c, 0x6f, 0x67, 0x44, 0x65, 0x70, 0x74, 0x68, // _mtl_u.uLogDepth
	0x2e, 0x79, 0x2c, 0x20, 0x31, 0x2e, 0x30, 0x29, 0x29, 0x20, 0x2f, 0x20, 0x6c, 0x6f, 0x67, 0x32, // .y, 1.0)) / log2
	0x28, 0x66, 0x61, 0x73, 0x74, 0x3a, 0x3a, 0x6d, 0x61, 0x78, 0x28, 0x5f, 0x6d, 0x74, 0x6c, 0x5f, // (fast::max(_mtl_
	0x75, 0x2e, 0x75, 0x4c, 0x6f, 0x67, 0x44, 0x65, 0x70, 0x74, 0x68, 0x2e, 0x7a, 0x20, 0x2f, 0x20, // u.uLogDepth.z / 
	0x5f, 0x6d, 0x74, 0x6c, 0x5f, 0x75, 0x2e, 0x75, 0x4c, 0x6f, 0x67, 0x44, 0x65, 0x70, 0x74, 0x68, // _mtl_u.uLogDepth
	0x2e, 0x79, 0x2c, 0x20, 0x31, 0x2e, 0x30, 0x30, 0x30, 0x30, 0x30, 0x30, 0x39, 0x35, 0x33, 0x36, // .y, 1.0000009536
	0x37, 0x34, 0x33, 0x31, 0x36, 0x34, 0x30, 0x36, 0x32, 0x35, 0x29, 0x29, 0x2c, 0x20, 0x30, 0x2e, // 7431640625)), 0.
	0x30, 0x2c, 0x20, 0x31, 0x2e, 0x30, 0x29, 0x3b, 0x0a, 0x20, 0x20, 0x20, 0x20, 0x20, 0x20, 0x20, // 0, 1.0);.       
	0x20, 0x20, 0x20, 0x20, 0x20, 0x62, 0x72, 0x65, 0x61, 0x6b, 0x3b, 0x0a, 0x20, 0x20, 0x20, 0x20, //      break;.    
	0x20, 0x20, 0x20, 0x20, 0x7d, 0x20, 0x77, 0x68, 0x69, 0x6c, 0x65, 0x28, 0x66, 0x61, 0x6c, 0x73, //     } while(fals
	0x65, 0x29, 0x3b, 0x0a, 0x20, 0x20, 0x20, 0x20, 0x20, 0x20, 0x20, 0x20, 0x66, 0x6c, 0x6f, 0x61, // e);.        floa
	0x74, 0x20, 0x5f, 0x34, 0x32, 0x32, 0x20, 0x3d, 0x20, 0x73, 0x6d, 0x6f, 0x6f, 0x74, 0x68, 0x73, // t _422 = smooths
	0x74, 0x65, 0x70, 0x28, 0x30, 0x2e, 0x30, 0x2c, 0x20, 0x66, 0x61, 0x73, 0x74, 0x3a, 0x3a, 0x63, // tep(0.0, fast::c
	0x6c, 0x61, 0x6d, 0x70, 0x28, 0x5f, 0x6d, 0x74, 0x6c, 0x5f, 0x75, 0x2e, 0x75, 0x50, 0x72, 0x69, // lamp(_mtl_u.uPri
	0x6d, 0x50, 0x61, 0x72, 0x61, 0x6d, 0x73, 0x2e, 0x79, 0x2c, 0x20, 0x30, 0x2e, 0x30, 0x31, 0x39, // mParams.y, 0.019
	0x39, 0x39, 0x39, 0x39, 0x39, 0x39, 0x35, 0x35, 0x32, 0x39, 0x36, 0x35, 0x31, 0x36, 0x34, 0x31, // 9999995529651641
	0x38, 0x34, 0x35, 0x37, 0x30, 0x33, 0x31, 0x32, 0x35, 0x2c, 0x20, 0x31, 0x2e, 0x30, 0x29, 0x2c, // 845703125, 1.0),
	0x20, 0x31, 0x2e, 0x30, 0x20, 0x2d, 0x20, 0x61, 0x62, 0x73, 0x28, 0x69, 0x6e, 0x2e, 0x76, 0x5f, //  1.0 - abs(in.v_
	0x65, 0x64, 0x67, 0x65, 0x29, 0x29, 0x3b, 0x0a, 0x20, 0x20, 0x20, 0x20, 0x20, 0x20, 0x20, 0x20, // edge));.        
	0x66, 0x6c, 0x6f, 0x61, 0x74, 0x20, 0x5f, 0x35, 0x30, 0x35, 0x3b, 0x0a, 0x20, 0x20, 0x20, 0x20, // float _505;.    
	0x20, 0x20, 0x20, 0x20, 0x69, 0x66, 0x20, 0x28, 0x5f, 0x6d, 0x74, 0x6c, 0x5f, 0x75, 0x2e, 0x75, //     if (_mtl_u.u
	0x50, 0x72, 0x69, 0x6d, 0x50, 0x61, 0x72, 0x61, 0x6d, 0x73, 0x2e, 0x77, 0x20, 0x3e, 0x20, 0x30, // PrimParams.w > 0
	0x2e, 0x35, 0x29, 0x0a, 0x20, 0x20, 0x20, 0x20, 0x20, 0x20, 0x20, 0x20, 0x7b, 0x0a, 0x20, 0x20, // .5).        {.  
	0x20, 0x20, 0x20, 0x20, 0x20, 0x20, 0x20, 0x20, 0x20, 0x20, 0x5f, 0x35, 0x30, 0x35, 0x20, 0x3d, //           _505 =
	0x20, 0x5f, 0x34, 0x32, 0x32, 0x20, 0x2a, 0x20, 0x73, 0x74, 0x65, 0x70, 0x28, 0x66, 0x72, 0x61, //  _422 * step(fra
	0x63, 0x74, 0x28, 0x69, 0x6e, 0x2e, 0x76, 0x5f, 0x61, 0x6c, 0x6f, 0x6e, 0x67, 0x20, 0x2a, 0x20, // ct(in.v_along * 
	0x31, 0x2e, 0x36, 0x36, 0x36, 0x36, 0x36, 0x36, 0x36, 0x32, 0x36, 0x39, 0x33, 0x30, 0x32, 0x33, // 1.66666662693023
	0x36, 0x38, 0x31, 0x36, 0x34, 0x30, 0x36, 0x32, 0x35, 0x29, 0x2c, 0x20, 0x30, 0x2e, 0x36, 0x30, // 681640625), 0.60
	0x30, 0x30, 0x30, 0x30, 0x30, 0x32, 0x33, 0x38, 0x34, 0x31, 0x38, 0x35, 0x37, 0x39, 0x31, 0x30, // 0000023841857910
	0x31, 0x35, 0x36, 0x32, 0x35, 0x29, 0x3b, 0x0a, 0x20, 0x20, 0x20, 0x20, 0x20, 0x20, 0x20, 0x20, // 15625);.        
	0x7d, 0x0a, 0x20, 0x20, 0x20, 0x20, 0x20, 0x20, 0x20, 0x20, 0x65, 0x6c, 0x73, 0x65, 0x0a, 0x20, // }.        else. 
	0x20, 0x20, 0x20, 0x20, 0x20, 0x20, 0x20, 0x7b, 0x0a, 0x20, 0x20, 0x20, 0x20, 0x20, 0x20, 0x20, //        {.       
	0x20, 0x20, 0x20, 0x20, 0x20, 0x5f, 0x35, 0x30, 0x35, 0x20, 0x3d, 0x20, 0x5f, 0x34, 0x32, 0x32, //      _505 = _422
	0x3b, 0x0a, 0x20, 0x20, 0x20, 0x20, 0x20, 0x20, 0x20, 0x20, 0x7d, 0x0a, 0x20, 0x20, 0x20, 0x20, // ;.        }.    
	0x20, 0x20, 0x20, 0x20, 0x69, 0x66, 0x20, 0x28, 0x5f, 0x35, 0x30, 0x35, 0x20, 0x3c, 0x3d, 0x20, //     if (_505 <= 
	0x30, 0x2e, 0x30, 0x29, 0x0a, 0x20, 0x20, 0x20, 0x20, 0x20, 0x20, 0x20, 0x20, 0x7b, 0x0a, 0x20, // 0.0).        {. 
	0x20, 0x20, 0x20, 0x20, 0x20, 0x20, 0x20, 0x20, 0x20, 0x20, 0x20, 0x64, 0x69, 0x73, 0x63, 0x61, //            disca
	0x72, 0x64, 0x5f, 0x66, 0x72, 0x61, 0x67, 0x6d, 0x65, 0x6e, 0x74, 0x28, 0x29, 0x3b, 0x0a, 0x20, // rd_fragment();. 
	0x20, 0x20, 0x20, 0x20, 0x20, 0x20, 0x20, 0x7d, 0x0a, 0x20, 0x20, 0x20, 0x20, 0x20, 0x20, 0x20, //        }.       
	0x20, 0x69, 0x66, 0x20, 0x28, 0x28, 0x5f, 0x6d, 0x74, 0x6c, 0x5f, 0x75, 0x2e, 0x75, 0x50, 0x72, //  if ((_mtl_u.uPr
	0x69, 0x6d, 0x50, 0x61, 0x72, 0x61, 0x6d, 0x73, 0x2e, 0x7a, 0x20, 0x3e, 0x20, 0x36, 0x2e, 0x35, // imParams.z > 6.5
	0x29, 0x20, 0x26, 0x26, 0x20, 0x28, 0x5f, 0x6d, 0x74, 0x6c, 0x5f, 0x75, 0x2e, 0x75, 0x50, 0x72, // ) && (_mtl_u.uPr
	0x69, 0x6d, 0x50, 0x61, 0x72, 0x61, 0x6d, 0x73, 0x2e, 0x7a, 0x20, 0x3c, 0x20, 0x37, 0x2e, 0x35, // imParams.z < 7.5
	0x29, 0x29, 0x0a, 0x20, 0x20, 0x20, 0x20, 0x20, 0x20, 0x20, 0x20, 0x7b, 0x0a, 0x20, 0x20, 0x20, // )).        {.   
	0x20, 0x20, 0x20, 0x20, 0x20, 0x20, 0x20, 0x20, 0x20, 0x66, 0x6c, 0x6f, 0x61, 0x74, 0x20, 0x5f, //          float _
	0x35, 0x30, 0x36, 0x3b, 0x0a, 0x20, 0x20, 0x20, 0x20, 0x20, 0x20, 0x20, 0x20, 0x20, 0x20, 0x20, // 506;.           
	0x20, 0x64, 0x6f, 0x0a, 0x20, 0x20, 0x20, 0x20, 0x20, 0x20, 0x20, 0x20, 0x20, 0x20, 0x20, 0x20, //  do.            
	0x7b, 0x0a, 0x20, 0x20, 0x20, 0x20, 0x20, 0x20, 0x20, 0x20, 0x20, 0x20, 0x20, 0x20, 0x20, 0x20, // {.              
	0x20, 0x20, 0x69, 0x66, 0x20, 0x28, 0x5f, 0x33, 0x37, 0x36, 0x29, 0x0a, 0x20, 0x20, 0x20, 0x20, //   if (_376).    
	0x20, 0x20, 0x20, 0x20, 0x20, 0x20, 0x20, 0x20, 0x20, 0x20, 0x20, 0x20, 0x7b, 0x0a, 0x20, 0x20, //             {.  
	0x20, 0x20, 0x20, 0x20, 0x20, 0x20, 0x20, 0x20, 0x20, 0x20, 0x20, 0x20, 0x20, 0x20, 0x20, 0x20, //                 
	0x20, 0x20, 0x5f, 0x35, 0x30, 0x36, 0x20, 0x3d, 0x20, 0x67, 0x6c, 0x5f, 0x46, 0x72, 0x61, 0x67, //   _506 = gl_Frag
	0x43, 0x6f, 0x6f, 0x72, 0x64, 0x2e, 0x7a, 0x3b, 0x0a, 0x20, 0x20, 0x20, 0x20, 0x20, 0x20, 0x20, // Coord.z;.       
	0x20, 0x20, 0x20, 0x20, 0x20, 0x20, 0x20, 0x20, 0x20, 0x20, 0x20, 0x20, 0x20, 0x62, 0x72, 0x65, //              bre
	0x61, 0x6b, 0x3b, 0x0a, 0x20, 0x20, 0x20, 0x20, 0x20, 0x20, 0x20, 0x20, 0x20, 0x20, 0x20, 0x20, // ak;.            
	0x20, 0x20, 0x20, 0x20, 0x7d, 0x0a, 0x20, 0x20, 0x20, 0x20, 0x20, 0x20, 0x20, 0x20, 0x20, 0x20, //     }.          
	0x20, 0x20, 0x20, 0x20, 0x20, 0x20, 0x69, 0x66, 0x20, 0x28, 0x28, 0x69, 0x6e, 0x2e, 0x76, 0x5f, //       if ((in.v_
	0x64, 0x65, 0x70, 0x74, 0x68, 0x20, 0x3c, 0x20, 0x5f, 0x6d, 0x74, 0x6c, 0x5f, 0x75, 0x2e, 0x75, // depth < _mtl_u.u
	0x4c, 0x6f, 0x67, 0x44, 0x65, 0x70, 0x74, 0x68, 0x2e, 0x79, 0x29, 0x20, 0x7c, 0x7c, 0x20, 0x28, // LogDepth.y) || (
	0x69, 0x6e, 0x2e, 0x76, 0x5f, 0x64, 0x65, 0x70, 0x74, 0x68, 0x20, 0x3e, 0x20, 0x5f, 0x6d, 0x74, // in.v_depth > _mt
	0x6c, 0x5f, 0x75, 0x2e, 0x75, 0x4c, 0x6f, 0x67, 0x44, 0x65, 0x70, 0x74, 0x68, 0x2e, 0x7a, 0x29, // l_u.uLogDepth.z)
	0x29, 0x0a, 0x20, 0x20, 0x20, 0x20, 0x20, 0x20, 0x20, 0x20, 0x20, 0x20, 0x20, 0x20, 0x20, 0x20, // ).              
	0x20, 0x20, 0x7b, 0x0a, 0x20, 0x20, 0x20, 0x20, 0x20, 0x20, 0x20, 0x20, 0x20, 0x20, 0x20, 0x20, //   {.            
	0x20, 0x20, 0x20, 0x20, 0x20, 0x20, 0x20, 0x20, 0x64, 0x69, 0x73, 0x63, 0x61, 0x72, 0x64, 0x5f, //         discard_
	0x66, 0x72, 0x61, 0x67, 0x6d, 0x65, 0x6e, 0x74, 0x28, 0x29, 0x3b, 0x0a, 0x20, 0x20, 0x20, 0x20, // fragment();.    
	0x20, 0x20, 0x20, 0x20, 0x20, 0x20, 0x20, 0x20, 0x20, 0x20, 0x20, 0x20, 0x7d, 0x0a, 0x20, 0x20, //             }.  
	0x20, 0x20, 0x20, 0x20, 0x20, 0x20, 0x20, 0x20, 0x20, 0x20, 0x20, 0x20, 0x20, 0x20, 0x5f, 0x35, //               _5
	0x30, 0x36, 0x20, 0x3d, 0x20, 0x66, 0x61, 0x73, 0x74, 0x3a, 0x3a, 0x63, 0x6c, 0x61, 0x6d, 0x70, // 06 = fast::clamp
	0x28, 0x6c, 0x6f, 0x67, 0x32, 0x28, 0x66, 0x61, 0x73, 0x74, 0x3a, 0x3a, 0x6d, 0x61, 0x78, 0x28, // (log2(fast::max(
	0x69, 0x6e, 0x2e, 0x76, 0x5f, 0x64, 0x65, 0x70, 0x74, 0x68, 0x20, 0x2f, 0x20, 0x5f, 0x6d, 0x74, // in.v_depth / _mt
	0x6c, 0x5f, 0x75, 0x2e, 0x75, 0x4c, 0x6f, 0x67, 0x44, 0x65, 0x70, 0x74, 0x68, 0x2e, 0x79, 0x2c, // l_u.uLogDepth.y,
	0x20, 0x31, 0x2e, 0x30, 0x29, 0x29, 0x20, 0x2f, 0x20, 0x6c, 0x6f, 0x67, 0x32, 0x28, 0x66, 0x61, //  1.0)) / log2(fa
	0x73, 0x74, 0x3a, 0x3a, 0x6d, 0x61, 0x78, 0x28, 0x5f, 0x6d, 0x74, 0x6c, 0x5f, 0x75, 0x2e, 0x75, // st::max(_mtl_u.u
	0x4c, 0x6f, 0x67, 0x44, 0x65, 0x70, 0x74, 0x68, 0x2e, 0x7a, 0x20, 0x2f, 0x20, 0x5f, 0x6d, 0x74, // LogDepth.z / _mt
	0x6c, 0x5f, 0x75, 0x2e, 0x75, 0x4c, 0x6f, 0x67, 0x44, 0x65, 0x70, 0x74, 0x68, 0x2e, 0x79, 0x2c, // l_u.uLogDepth.y,
	0x20, 0x31, 0x2e, 0x30, 0x30, 0x30, 0x30, 0x30, 0x30, 0x39, 0x35, 0x33, 0x36, 0x37, 0x34, 0x33, //  1.0000009536743
	0x31, 0x36, 0x34, 0x30, 0x36, 0x32, 0x35, 0x29, 0x29, 0x2c, 0x20, 0x30, 0x2e, 0x30, 0x2c, 0x20, // 1640625)), 0.0, 
	0x31, 0x2e, 0x30, 0x29, 0x3b, 0x0a, 0x20, 0x20, 0x20, 0x20, 0x20, 0x20, 0x20, 0x20, 0x20, 0x20, // 1.0);.          
	0x20, 0x20, 0x20, 0x20, 0x20, 0x20, 0x62, 0x72, 0x65, 0x61, 0x6b, 0x3b, 0x0a, 0x20, 0x20, 0x20, //       break;.   
	0x20, 0x20, 0x20, 0x20, 0x20, 0x20, 0x20, 0x20, 0x20, 0x7d, 0x20, 0x77, 0x68, 0x69, 0x6c, 0x65, //          } while
	0x28, 0x66, 0x61, 0x6c, 0x73, 0x65, 0x29, 0x3b, 0x0a, 0x20, 0x20, 0x20, 0x20, 0x20, 0x20, 0x20, // (false);.       
	0x20, 0x20, 0x20, 0x20, 0x20, 0x66, 0x6c, 0x6f, 0x61, 0x74, 0x20, 0x5f, 0x33, 0x34, 0x33, 0x20, //      float _343 
	0x3d, 0x20, 0x31, 0x2e, 0x30, 0x20, 0x2d, 0x20, 0x5f, 0x35, 0x30, 0x36, 0x3b, 0x0a, 0x20, 0x20, // = 1.0 - _506;.  
	0x20, 0x20, 0x20, 0x20, 0x20, 0x20, 0x20, 0x20, 0x20, 0x20, 0x5f, 0x35, 0x30, 0x38, 0x20, 0x3d, //           _508 =
	0x20, 0x66, 0x6c, 0x6f, 0x61, 0x74, 0x34, 0x28, 0x5f, 0x33, 0x34, 0x33, 0x2c, 0x20, 0x5f, 0x33, //  float4(_343, _3
	0x34, 0x33, 0x2c, 0x20, 0x5f, 0x33, 0x34, 0x33, 0x2c, 0x20, 0x5f, 0x35, 0x30, 0x35, 0x29, 0x3b, // 43, _343, _505);
	0x0a, 0x20, 0x20, 0x20, 0x20, 0x20, 0x20, 0x20, 0x20, 0x20, 0x20, 0x20, 0x20, 0x62, 0x72, 0x65, // .            bre
	0x61, 0x6b, 0x3b, 0x0a, 0x20, 0x20, 0x20, 0x20, 0x20, 0x20, 0x20, 0x20, 0x7d, 0x0a, 0x20, 0x20, // ak;.        }.  
	0x20, 0x20, 0x20, 0x20, 0x20, 0x20, 0x5f, 0x35, 0x30, 0x38, 0x20, 0x3d, 0x20, 0x66, 0x6c, 0x6f, //       _508 = flo
	0x61, 0x74, 0x34, 0x28, 0x69, 0x6e, 0x2e, 0x76, 0x5f, 0x63, 0x6f, 0x6c, 0x6f, 0x72, 0x2e, 0x78, // at4(in.v_color.x
	0x79, 0x7a, 0x2c, 0x20, 0x69, 0x6e, 0x2e, 0x76, 0x5f, 0x63, 0x6f, 0x6c, 0x6f, 0x72, 0x2e, 0x77, // yz, in.v_color.w
	0x20, 0x2a, 0x20, 0x5f, 0x35, 0x30, 0x35, 0x29, 0x3b, 0x0a, 0x20, 0x20, 0x20, 0x20, 0x20, 0x20, //  * _505);.      
	0x20, 0x20, 0x62, 0x72, 0x65, 0x61, 0x6b, 0x3b, 0x0a, 0x20, 0x20, 0x20, 0x20, 0x7d, 0x20, 0x77, //   break;.    } w
	0x68, 0x69, 0x6c, 0x65, 0x28, 0x66, 0x61, 0x6c, 0x73, 0x65, 0x29, 0x3b, 0x0a, 0x20, 0x20, 0x20, // hile(false);.   
	0x20, 0x6f, 0x75, 0x74, 0x2e, 0x62, 0x67, 0x66, 0x78, 0x5f, 0x46, 0x72, 0x61, 0x67, 0x44, 0x61, //  out.bgfx_FragDa
	0x74, 0x61, 0x30, 0x20, 0x3d, 0x20, 0x5f, 0x35, 0x30, 0x38, 0x3b, 0x0a, 0x20, 0x20, 0x20, 0x20, // ta0 = _508;.    
	0x6f, 0x75, 0x74, 0x2e, 0x67, 0x6c, 0x5f, 0x46, 0x72, 0x61, 0x67, 0x44, 0x65, 0x70, 0x74, 0x68, // out.gl_FragDepth
	0x20, 0x3d, 0x20, 0x5f, 0x35, 0x30, 0x34, 0x3b, 0x0a, 0x20, 0x20, 0x20, 0x20, 0x72, 0x65, 0x74, //  = _504;.    ret
	0x75, 0x72, 0x6e, 0x20, 0x6f, 0x75, 0x74, 0x3b, 0x0a, 0x7d, 0x0a, 0x0a, 0x00, 0x00, 0x20, 0x00, // urn out;.}.... .
};

static const uint8_t fs_polyline_essl[3499] =
{
	0x46, 0x53, 0x48, 0x0b, 0x91, 0x47, 0xdc, 0xdb, 0x00, 0x00, 0x00, 0x00, 0x00, 0x00, 0x98, 0x0d, // FSH..G..........
	0x00, 0x00, 0x23, 0x76, 0x65, 0x72, 0x73, 0x69, 0x6f, 0x6e, 0x20, 0x33, 0x32, 0x30, 0x20, 0x65, // ..#version 320 e
	0x73, 0x0a, 0x23, 0x64, 0x65, 0x66, 0x69, 0x6e, 0x65, 0x20, 0x61, 0x74, 0x74, 0x72, 0x69, 0x62, // s.#define attrib
	0x75, 0x74, 0x65, 0x20, 0x69, 0x6e, 0x0a, 0x23, 0x64, 0x65, 0x66, 0x69, 0x6e, 0x65, 0x20, 0x76, // ute in.#define v
	0x61, 0x72, 0x79, 0x69, 0x6e, 0x67, 0x20, 0x69, 0x6e, 0x0a, 0x70, 0x72, 0x65, 0x63, 0x69, 0x73, // arying in.precis
	0x69, 0x6f, 0x6e, 0x20, 0x68, 0x69, 0x67, 0x68, 0x70, 0x20, 0x66, 0x6c, 0x6f, 0x61, 0x74, 0x3b, // ion highp float;
	0x0a, 0x70, 0x72, 0x65, 0x63, 0x69, 0x73, 0x69, 0x6f, 0x6e, 0x20, 0x68, 0x69, 0x67, 0x68, 0x70, // .precision highp
	0x20, 0x69, 0x6e, 0x74, 0x3b, 0x0a, 0x23, 0x64, 0x65, 0x66, 0x69, 0x6e, 0x65, 0x20, 0x73, 0x68, //  int;.#define sh
	0x61, 0x64, 0x6f, 0x77, 0x32, 0x44, 0x28, 0x5f, 0x73, 0x61, 0x6d, 0x70, 0x6c, 0x65, 0x72, 0x2c, // adow2D(_sampler,
	0x20, 0x5f, 0x63, 0x6f, 0x6f, 0x72, 0x64, 0x29, 0x20, 0x74, 0x65, 0x78, 0x74, 0x75, 0x72, 0x65, //  _coord) texture
	0x28, 0x5f, 0x73, 0x61, 0x6d, 0x70, 0x6c, 0x65, 0x72, 0x2c, 0x20, 0x5f, 0x63, 0x6f, 0x6f, 0x72, // (_sampler, _coor
	0x64, 0x29, 0x0a, 0x23, 0x64, 0x65, 0x66, 0x69, 0x6e, 0x65, 0x20, 0x73, 0x68, 0x61, 0x64, 0x6f, // d).#define shado
	0x77, 0x32, 0x44, 0x50, 0x72, 0x6f, 0x6a, 0x28, 0x5f, 0x73, 0x61, 0x6d, 0x70, 0x6c, 0x65, 0x72, // w2DProj(_sampler
	0x2c, 0x20, 0x5f, 0x63, 0x6f, 0x6f, 0x72, 0x64, 0x29, 0x20, 0x74, 0x65, 0x78, 0x74, 0x75, 0x72, // , _coord) textur
	0x65, 0x50, 0x72, 0x6f, 0x6a, 0x28, 0x5f, 0x73, 0x61, 0x6d, 0x70, 0x6c, 0x65, 0x72, 0x2c, 0x20, // eProj(_sampler, 
	0x5f, 0x63, 0x6f, 0x6f, 0x72, 0x64, 0x29, 0x0a, 0x6f, 0x75, 0x74, 0x20, 0x6d, 0x65, 0x64, 0x69, // _coord).out medi
	0x75, 0x6d, 0x70, 0x20, 0x76, 0x65, 0x63, 0x34, 0x20, 0x62, 0x67, 0x66, 0x78, 0x5f, 0x46, 0x72, // ump vec4 bgfx_Fr
	0x61, 0x67, 0x43, 0x6f, 0x6c, 0x6f, 0x72, 0x3b, 0x0a, 0x76, 0x61, 0x72, 0x79, 0x69, 0x6e, 0x67, // agColor;.varying
	0x20, 0x66, 0x6c, 0x6f, 0x61, 0x74, 0x20, 0x76, 0x5f, 0x61, 0x6c, 0x6f, 0x6e, 0x67, 0x3b, 0x0a, //  float v_along;.
	0x76, 0x61, 0x72, 0x79, 0x69, 0x6e, 0x67, 0x20, 0x76, 0x65, 0x63, 0x34, 0x20, 0x76, 0x5f, 0x63, // varying vec4 v_c
	0x6f, 0x6c, 0x6f, 0x72, 0x3b, 0x0a, 0x76, 0x61, 0x72, 0x79, 0x69, 0x6e, 0x67, 0x20, 0x66, 0x6c, // olor;.varying fl
	0x6f, 0x61, 0x74, 0x20, 0x76, 0x5f, 0x64, 0x65, 0x70, 0x74, 0x68, 0x3b, 0x0a, 0x76, 0x61, 0x72, // oat v_depth;.var
	0x79, 0x69, 0x6e, 0x67, 0x20, 0x66, 0x6c, 0x6f, 0x61, 0x74, 0x20, 0x76, 0x5f, 0x65, 0x64, 0x67, // ying float v_edg
	0x65, 0x3b, 0x0a, 0x76, 0x65, 0x63, 0x33, 0x20, 0x69, 0x6e, 0x73, 0x74, 0x4d, 0x75, 0x6c, 0x28, // e;.vec3 instMul(
	0x76, 0x65, 0x63, 0x33, 0x20, 0x5f, 0x76, 0x65, 0x63, 0x2c, 0x20, 0x6d, 0x61, 0x74, 0x33, 0x20, // vec3 _vec, mat3 
	0x5f, 0x6d, 0x74, 0x78, 0x29, 0x20, 0x7b, 0x20, 0x72, 0x65, 0x74, 0x75, 0x72, 0x6e, 0x20, 0x28, // _mtx) { return (
	0x20, 0x28, 0x5f, 0x76, 0x65, 0x63, 0x29, 0x20, 0x2a, 0x20, 0x28, 0x5f, 0x6d, 0x74, 0x78, 0x29, //  (_vec) * (_mtx)
	0x20, 0x29, 0x3b, 0x20, 0x7d, 0x0a, 0x76, 0x65, 0x63, 0x33, 0x20, 0x69, 0x6e, 0x73, 0x74, 0x4d, //  ); }.vec3 instM
	0x75, 0x6c, 0x28, 0x6d, 0x61, 0x74, 0x33, 0x20, 0x5f, 0x6d, 0x74, 0x78, 0x2c, 0x20, 0x76, 0x65, // ul(mat3 _mtx, ve
	0x63, 0x33, 0x20, 0x5f, 0x76, 0x65, 0x63, 0x29, 0x20, 0x7b, 0x20, 0x72, 0x65, 0x74, 0x75, 0x72, // c3 _vec) { retur
	0x6e, 0x20, 0x28, 0x20, 0x28, 0x5f, 0x6d, 0x74, 0x78, 0x29, 0x20, 0x2a, 0x20, 0x28, 0x5f, 0x76, // n ( (_mtx) * (_v
	0x65, 0x63, 0x29, 0x20, 0x29, 0x3b, 0x20, 0x7d, 0x0a, 0x76, 0x65, 0x63, 0x34, 0x20, 0x69, 0x6e, // ec) ); }.vec4 in
	0x73, 0x74, 0x4d, 0x75, 0x6c, 0x28, 0x76, 0x65, 0x63, 0x34, 0x20, 0x5f, 0x76, 0x65, 0x63, 0x2c, // stMul(vec4 _vec,
	0x20, 0x6d, 0x61, 0x74, 0x34, 0x20, 0x5f, 0x6d, 0x74, 0x78, 0x29, 0x20, 0x7b, 0x20, 0x72, 0x65, //  mat4 _mtx) { re
	0x74, 0x75, 0x72, 0x6e, 0x20, 0x28, 0x20, 0x28, 0x5f, 0x76, 0x65, 0x63, 0x29, 0x20, 0x2a, 0x20, // turn ( (_vec) * 
	0x28, 0x5f, 0x6d, 0x74, 0x78, 0x29, 0x20, 0x29, 0x3b, 0x20, 0x7d, 0x0a, 0x76, 0x65, 0x63, 0x34, // (_mtx) ); }.vec4
	0x20, 0x69, 0x6e, 0x73, 0x74, 0x4d, 0x75, 0x6c, 0x28, 0x6d, 0x61, 0x74, 0x34, 0x20, 0x5f, 0x6d, //  instMul(mat4 _m
	0x74, 0x78, 0x2c, 0x20, 0x76, 0x65, 0x63, 0x34, 0x20, 0x5f, 0x76, 0x65, 0x63, 0x29, 0x20, 0x7b, // tx, vec4 _vec) {
	0x20, 0x72, 0x65, 0x74, 0x75, 0x72, 0x6e, 0x20, 0x28, 0x20, 0x28, 0x5f, 0x6d, 0x74, 0x78, 0x29, //  return ( (_mtx)
	0x20, 0x2a, 0x20, 0x28, 0x5f, 0x76, 0x65, 0x63, 0x29, 0x20, 0x29, 0x3b, 0x20, 0x7d, 0x0a, 0x66, //  * (_vec) ); }.f
	0x6c, 0x6f, 0x61, 0x74, 0x20, 0x72, 0x63, 0x70, 0x28, 0x66, 0x6c, 0x6f, 0x61, 0x74, 0x20, 0x5f, // loat rcp(float _
	0x61, 0x29, 0x20, 0x7b, 0x20, 0x72, 0x65, 0x74, 0x75, 0x72, 0x6e, 0x20, 0x31, 0x2e, 0x30, 0x2f, // a) { return 1.0/
	0x5f, 0x61, 0x3b, 0x20, 0x7d, 0x0a, 0x76, 0x65, 0x63, 0x32, 0x20, 0x72, 0x63, 0x70, 0x28, 0x76, // _a; }.vec2 rcp(v
	0x65, 0x63, 0x32, 0x20, 0x5f, 0x61, 0x29, 0x20, 0x7b, 0x20, 0x72, 0x65, 0x74, 0x75, 0x72, 0x6e, // ec2 _a) { return
	0x20, 0x76, 0x65, 0x63, 0x32, 0x28, 0x31, 0x2e, 0x30, 0x29, 0x2f, 0x5f, 0x61, 0x3b, 0x20, 0x7d, //  vec2(1.0)/_a; }
	0x0a, 0x76, 0x65, 0x63, 0x33, 0x20, 0x72, 0x63, 0x70, 0x28, 0x76, 0x65, 0x63, 0x33, 0x20, 0x5f, // .vec3 rcp(vec3 _
	0x61, 0x29, 0x20, 0x7b, 0x20, 0x72, 0x65, 0x74, 0x75, 0x72, 0x6e, 0x20, 0x76, 0x65, 0x63, 0x33, // a) { return vec3
	0x28, 0x31, 0x2e, 0x30, 0x29, 0x2f, 0x5f, 0x61, 0x3b, 0x20, 0x7d, 0x0a, 0x76, 0x65, 0x63, 0x34, // (1.0)/_a; }.vec4
	0x20, 0x72, 0x63, 0x70, 0x28, 0x76, 0x65, 0x63, 0x34, 0x20, 0x5f, 0x61, 0x29, 0x20, 0x7b, 0x20, //  rcp(vec4 _a) { 
	0x72, 0x65, 0x74, 0x75, 0x72, 0x6e, 0x20, 0x76, 0x65, 0x63, 0x34, 0x28, 0x31, 0x2e, 0x30, 0x29, // return vec4(1.0)
	0x2f, 0x5f, 0x61, 0x3b, 0x20, 0x7d, 0x0a, 0x76, 0x65, 0x63, 0x32, 0x20, 0x76, 0x65, 0x63, 0x32, // /_a; }.vec2 vec2
	0x5f, 0x73, 0x70, 0x6c, 0x61, 0x74, 0x28, 0x66, 0x6c, 0x6f, 0x61, 0x74, 0x20, 0x5f, 0x78, 0x29, // _splat(float _x)
	0x20, 0x7b, 0x20, 0x72, 0x65, 0x74, 0x75, 0x72, 0x6e, 0x20, 0x76, 0x65, 0x63, 0x32, 0x28, 0x5f, //  { return vec2(_
	0x78, 0x2c, 0x20, 0x5f, 0x78, 0x29, 0x3b, 0x20, 0x7d, 0x0a, 0x76, 0x65, 0x63, 0x33, 0x20, 0x76, // x, _x); }.vec3 v
	0x65, 0x63, 0x33, 0x5f, 0x73, 0x70, 0x6c, 0x61, 0x74, 0x28, 0x66, 0x6c, 0x6f, 0x61, 0x74, 0x20, // ec3_splat(float 
	0x5f, 0x78, 0x29, 0x20, 0x7b, 0x20, 0x72, 0x65, 0x74, 0x75, 0x72, 0x6e, 0x20, 0x76, 0x65, 0x63, // _x) { return vec
	0x33, 0x28, 0x5f, 0x78, 0x2c, 0x20, 0x5f, 0x78, 0x2c, 0x20, 0x5f, 0x78, 0x29, 0x3b, 0x20, 0x7d, // 3(_x, _x, _x); }
	0x0a, 0x76, 0x65, 0x63, 0x34, 0x20, 0x76, 0x65, 0x63, 0x34, 0x5f, 0x73, 0x70, 0x6c, 0x61, 0x74, // .vec4 vec4_splat
	0x28, 0x66, 0x6c, 0x6f, 0x61, 0x74, 0x20, 0x5f, 0x78, 0x29, 0x20, 0x7b, 0x20, 0x72, 0x65, 0x74, // (float _x) { ret
	0x75, 0x72, 0x6e, 0x20, 0x76, 0x65, 0x63, 0x34, 0x28, 0x5f, 0x78, 0x2c, 0x20, 0x5f, 0x78, 0x2c, // urn vec4(_x, _x,
	0x20, 0x5f, 0x78, 0x2c, 0x20, 0x5f, 0x78, 0x29, 0x3b, 0x20, 0x7d, 0x0a, 0x75, 0x76, 0x65, 0x63, //  _x, _x); }.uvec
	0x32, 0x20, 0x75, 0x76, 0x65, 0x63, 0x32, 0x5f, 0x73, 0x70, 0x6c, 0x61, 0x74, 0x28, 0x75, 0x69, // 2 uvec2_splat(ui
	0x6e, 0x74, 0x20, 0x5f, 0x78, 0x29, 0x20, 0x7b, 0x20, 0x72, 0x65, 0x74, 0x75, 0x72, 0x6e, 0x20, // nt _x) { return 
	0x75, 0x76, 0x65, 0x63, 0x32, 0x28, 0x5f, 0x78, 0x2c, 0x20, 0x5f, 0x78, 0x29, 0x3b, 0x20, 0x7d, // uvec2(_x, _x); }
	0x0a, 0x75, 0x76, 0x65, 0x63, 0x33, 0x20, 0x75, 0x76, 0x65, 0x63, 0x33, 0x5f, 0x73, 0x70, 0x6c, // .uvec3 uvec3_spl
	0x61, 0x74, 0x28, 0x75, 0x69, 0x6e, 0x74, 0x20, 0x5f, 0x78, 0x29, 0x20, 0x7b, 0x20, 0x72, 0x65, // at(uint _x) { re
	0x74, 0x75, 0x72, 0x6e, 0x20, 0x75, 0x76, 0x65, 0x63, 0x33, 0x28, 0x5f, 0x78, 0x2c, 0x20, 0x5f, // turn uvec3(_x, _
	0x78, 0x2c, 0x20, 0x5f, 0x78, 0x29, 0x3b, 0x20, 0x7d, 0x0a, 0x75, 0x76, 0x65, 0x63, 0x34, 0x20, // x, _x); }.uvec4 
	0x75, 0x76, 0x65, 0x63, 0x34, 0x5f, 0x73, 0x70, 0x6c, 0x61, 0x74, 0x28, 0x75, 0x69, 0x6e, 0x74, // uvec4_splat(uint
	0x20, 0x5f, 0x78, 0x29, 0x20, 0x7b, 0x20, 0x72, 0x65, 0x74, 0x75, 0x72, 0x6e, 0x20, 0x75, 0x76, //  _x) { return uv
	0x65, 0x63, 0x34, 0x28, 0x5f, 0x78, 0x2c, 0x20, 0x5f, 0x78, 0x2c, 0x20, 0x5f, 0x78, 0x2c, 0x20, // ec4(_x, _x, _x, 
	0x5f, 0x78, 0x29, 0x3b, 0x20, 0x7d, 0x0a, 0x6d, 0x61, 0x74, 0x34, 0x20, 0x6d, 0x74, 0x78, 0x46, // _x); }.mat4 mtxF
	0x72, 0x6f, 0x6d, 0x52, 0x6f, 0x77, 0x73, 0x28, 0x76, 0x65, 0x63, 0x34, 0x20, 0x5f, 0x30, 0x2c, // romRows(vec4 _0,
	0x20, 0x76, 0x65, 0x63, 0x34, 0x20, 0x5f, 0x31, 0x2c, 0x20, 0x76, 0x65, 0x63, 0x34, 0x20, 0x5f, //  vec4 _1, vec4 _
	0x32, 0x2c, 0x20, 0x76, 0x65, 0x63, 0x34, 0x20, 0x5f, 0x33, 0x29, 0x0a, 0x7b, 0x0a, 0x72, 0x65, // 2, vec4 _3).{.re
	0x74, 0x75, 0x72, 0x6e, 0x20, 0x74, 0x72, 0x61, 0x6e, 0x73, 0x70, 0x6f, 0x73, 0x65, 0x28, 0x6d, // turn transpose(m
	0x61, 0x74, 0x34, 0x28, 0x5f, 0x30, 0x2c, 0x20, 0x5f, 0x31, 0x2c, 0x20, 0x5f, 0x32, 0x2c, 0x20, // at4(_0, _1, _2, 
	0x5f, 0x33, 0x29, 0x20, 0x29, 0x3b, 0x0a, 0x7d, 0x0a, 0x6d, 0x61, 0x74, 0x34, 0x20, 0x6d, 0x74, // _3) );.}.mat4 mt
	0x78, 0x46, 0x72, 0x6f, 0x6d, 0x43, 0x6f, 0x6c, 0x73, 0x28, 0x76, 0x65, 0x63, 0x34, 0x20, 0x5f, // xFromCols(vec4 _
	0x30, 0x2c, 0x20, 0x76, 0x65, 0x63, 0x34, 0x20, 0x5f, 0x31, 0x2c, 0x20, 0x76, 0x65, 0x63, 0x34, // 0, vec4 _1, vec4
	0x20, 0x5f, 0x32, 0x2c, 0x20, 0x76, 0x65, 0x63, 0x34, 0x20, 0x5f, 0x33, 0x29, 0x0a, 0x7b, 0x0a, //  _2, vec4 _3).{.
	0x72, 0x65, 0x74, 0x75, 0x72, 0x6e, 0x20, 0x6d, 0x61, 0x74, 0x34, 0x28, 0x5f, 0x30, 0x2c, 0x20, // return mat4(_0, 
	0x5f, 0x31, 0x2c, 0x20, 0x5f, 0x32, 0x2c, 0x20, 0x5f, 0x33, 0x29, 0x3b, 0x0a, 0x7d, 0x0a, 0x6d, // _1, _2, _3);.}.m
	0x61, 0x74, 0x33, 0x20, 0x6d, 0x74, 0x78, 0x46, 0x72, 0x6f, 0x6d, 0x52, 0x6f, 0x77, 0x73, 0x28, // at3 mtxFromRows(
	0x76, 0x65, 0x63, 0x33, 0x20, 0x5f, 0x30, 0x2c, 0x20, 0x76, 0x65, 0x63, 0x33, 0x20, 0x5f, 0x31, // vec3 _0, vec3 _1
	0x2c, 0x20, 0x76, 0x65, 0x63, 0x33, 0x20, 0x5f, 0x32, 0x29, 0x0a, 0x7b, 0x0a, 0x72, 0x65, 0x74, // , vec3 _2).{.ret
	0x75, 0x72, 0x6e, 0x20, 0x74, 0x72, 0x61, 0x6e, 0x73, 0x70, 0x6f, 0x73, 0x65, 0x28, 0x6d, 0x61, // urn transpose(ma
	0x74, 0x33, 0x28, 0x5f, 0x30, 0x2c, 0x20, 0x5f, 0x31, 0x2c, 0x20, 0x5f, 0x32, 0x29, 0x20, 0x29, // t3(_0, _1, _2) )
	0x3b, 0x0a, 0x7d, 0x0a, 0x6d, 0x61, 0x74, 0x33, 0x20, 0x6d, 0x74, 0x78, 0x46, 0x72, 0x6f, 0x6d, // ;.}.mat3 mtxFrom
	0x43, 0x6f, 0x6c, 0x73, 0x28, 0x76, 0x65, 0x63, 0x33, 0x20, 0x5f, 0x30, 0x2c, 0x20, 0x76, 0x65, // Cols(vec3 _0, ve
	0x63, 0x33, 0x20, 0x5f, 0x31, 0x2c, 0x20, 0x76, 0x65, 0x63, 0x33, 0x20, 0x5f, 0x32, 0x29, 0x0a, // c3 _1, vec3 _2).
	0x7b, 0x0a, 0x72, 0x65, 0x74, 0x75, 0x72, 0x6e, 0x20, 0x6d, 0x61, 0x74, 0x33, 0x28, 0x5f, 0x30, // {.return mat3(_0
	0x2c, 0x20, 0x5f, 0x31, 0x2c, 0x20, 0x5f, 0x32, 0x29, 0x3b, 0x0a, 0x7d, 0x0a, 0x75, 0x6e, 0x69, // , _1, _2);.}.uni
	0x66, 0x6f, 0x72, 0x6d, 0x20, 0x76, 0x65, 0x63, 0x34, 0x20, 0x75, 0x5f, 0x76, 0x69, 0x65, 0x77, // form vec4 u_view
	0x52, 0x65, 0x63, 0x74, 0x3b, 0x0a, 0x75, 0x6e, 0x69, 0x66, 0x6f, 0x72, 0x6d, 0x20, 0x76, 0x65, // Rect;.uniform ve
	0x63, 0x34, 0x20, 0x75, 0x5f, 0x76, 0x69, 0x65, 0x77, 0x54, 0x65, 0x78, 0x65, 0x6c, 0x3b, 0x0a, // c4 u_viewTexel;.
	0x75, 0x6e, 0x69, 0x66, 0x6f, 0x72, 0x6d, 0x20, 0x6d, 0x61, 0x74, 0x34, 0x20, 0x75, 0x5f, 0x76, // uniform mat4 u_v
	0x69, 0x65, 0x77, 0x3b, 0x0a, 0x75, 0x6e, 0x69, 0x66, 0x6f, 0x72, 0x6d, 0x20, 0x6d, 0x61, 0x74, // iew;.uniform mat
	0x34, 0x20, 0x75, 0x5f, 0x69, 0x6e, 0x76, 0x56, 0x69, 0x65, 0x77, 0x3b, 0x0a, 0x75, 0x6e, 0x69, // 4 u_invView;.uni
	0x66, 0x6f, 0x72, 0x6d, 0x20, 0x6d, 0x61, 0x74, 0x34, 0x20, 0x75, 0x5f, 0x70, 0x72, 0x6f, 0x6a, // form mat4 u_proj
	0x3b, 0x0a, 0x75, 0x6e, 0x69, 0x66, 0x6f, 0x72, 0x6d, 0x20, 0x6d, 0x61, 0x74, 0x34, 0x20, 0x75, // ;.uniform mat4 u
	0x5f, 0x69, 0x6e, 0x76, 0x50, 0x72, 0x6f, 0x6a, 0x3b, 0x0a, 0x75, 0x6e, 0x69, 0x66, 0x6f, 0x72, // _invProj;.unifor
	0x6d, 0x20, 0x6d, 0x61, 0x74, 0x34, 0x20, 0x75, 0x5f, 0x76, 0x69, 0x65, 0x77, 0x50, 0x72, 0x6f, // m mat4 u_viewPro
	0x6a, 0x3b, 0x0a, 0x75, 0x6e, 0x69, 0x66, 0x6f, 0x72, 0x6d, 0x20, 0x6d, 0x61, 0x74, 0x34, 0x20, // j;.uniform mat4 
	0x75, 0x5f, 0x69, 0x6e, 0x76, 0x56, 0x69, 0x65, 0x77, 0x50, 0x72, 0x6f, 0x6a, 0x3b, 0x0a, 0x75, // u_invViewProj;.u
	0x6e, 0x69, 0x66, 0x6f, 0x72, 0x6d, 0x20, 0x6d, 0x61, 0x74, 0x34, 0x20, 0x75, 0x5f, 0x6d, 0x6f, // niform mat4 u_mo
	0x64, 0x65, 0x6c, 0x5b, 0x33, 0x32, 0x5d, 0x3b, 0x0a, 0x75, 0x6e, 0x69, 0x66, 0x6f, 0x72, 0x6d, // del[32];.uniform
	0x20, 0x6d, 0x61, 0x74, 0x34, 0x20, 0x75, 0x5f, 0x6d, 0x6f, 0x64, 0x65, 0x6c, 0x56, 0x69, 0x65, //  mat4 u_modelVie
	0x77, 0x3b, 0x0a, 0x75, 0x6e, 0x69, 0x66, 0x6f, 0x72, 0x6d, 0x20, 0x6d, 0x61, 0x74, 0x34, 0x20, // w;.uniform mat4 
	0x75, 0x5f, 0x6d, 0x6f, 0x64, 0x65, 0x6c, 0x56, 0x69, 0x65, 0x77, 0x50, 0x72, 0x6f, 0x6a, 0x3b, // u_modelViewProj;
	0x0a, 0x75, 0x6e, 0x69, 0x66, 0x6f, 0x72, 0x6d, 0x20, 0x76, 0x65, 0x63, 0x34, 0x20, 0x75, 0x5f, // .uniform vec4 u_
	0x61, 0x6c, 0x70, 0x68, 0x61, 0x52, 0x65, 0x66, 0x34, 0x3b, 0x0a, 0x75, 0x6e, 0x69, 0x66, 0x6f, // alphaRef4;.unifo
	0x72, 0x6d, 0x20, 0x76, 0x65, 0x63, 0x34, 0x20, 0x75, 0x4c, 0x6f, 0x67, 0x44, 0x65, 0x70, 0x74, // rm vec4 uLogDept
	0x68, 0x3b, 0x0a, 0x66, 0x6c, 0x6f, 0x61, 0x74, 0x20, 0x63, 0x61, 0x64, 0x5f, 0x6f, 0x75, 0x74, // h;.float cad_out
	0x70, 0x75, 0x74, 0x44, 0x65, 0x70, 0x74, 0x68, 0x28, 0x66, 0x6c, 0x6f, 0x61, 0x74, 0x20, 0x72, // putDepth(float r
	0x61, 0x77, 0x44, 0x65, 0x70, 0x74, 0x68, 0x2c, 0x20, 0x66, 0x6c, 0x6f, 0x61, 0x74, 0x20, 0x76, // awDepth, float v
	0x69, 0x65, 0x77, 0x44, 0x65, 0x70, 0x74, 0x68, 0x29, 0x0a, 0x7b, 0x0a, 0x69, 0x66, 0x20, 0x28, // iewDepth).{.if (
	0x75, 0x4c, 0x6f, 0x67, 0x44, 0x65, 0x70, 0x74, 0x68, 0x2e, 0x78, 0x20, 0x3c, 0x20, 0x30, 0x2e, // uLogDepth.x < 0.
	0x35, 0x29, 0x0a, 0x72, 0x65, 0x74, 0x75, 0x72, 0x6e, 0x20, 0x72, 0x61, 0x77, 0x44, 0x65, 0x70, // 5).return rawDep
	0x74, 0x68, 0x3b, 0x0a, 0x69, 0x66, 0x20, 0x28, 0x76, 0x69, 0x65, 0x77, 0x44, 0x65, 0x70, 0x74, // th;.if (viewDept
	0x68, 0x20, 0x3c, 0x20, 0x75, 0x4c, 0x6f, 0x67, 0x44, 0x65, 0x70, 0x74, 0x68, 0x2e, 0x79, 0x20, // h < uLogDepth.y 
	0x7c, 0x7c, 0x20, 0x76, 0x69, 0x65, 0x77, 0x44, 0x65, 0x70, 0x74, 0x68, 0x20, 0x3e, 0x20, 0x75, // || viewDepth > u
	0x4c, 0x6f, 0x67, 0x44, 0x65, 0x70, 0x74, 0x68, 0x2e, 0x7a, 0x29, 0x0a, 0x64, 0x69, 0x73, 0x63, // LogDepth.z).disc
	0x61, 0x72, 0x64, 0x3b, 0x0a, 0x66, 0x6c, 0x6f, 0x61, 0x74, 0x20, 0x6e, 0x75, 0x6d, 0x65, 0x72, // ard;.float numer
	0x61, 0x74, 0x6f, 0x72, 0x20, 0x3d, 0x20, 0x6c, 0x6f, 0x67, 0x32, 0x28, 0x6d, 0x61, 0x78, 0x28, // ator = log2(max(
	0x76, 0x69, 0x65, 0x77, 0x44, 0x65, 0x70, 0x74, 0x68, 0x20, 0x2f, 0x20, 0x75, 0x4c, 0x6f, 0x67, // viewDepth / uLog
	0x44, 0x65, 0x70, 0x74, 0x68, 0x2e, 0x79, 0x2c, 0x20, 0x31, 0x2e, 0x30, 0x29, 0x29, 0x3b, 0x0a, // Depth.y, 1.0));.
	0x66, 0x6c, 0x6f, 0x61, 0x74, 0x20, 0x64, 0x65, 0x6e, 0x6f, 0x6d, 0x69, 0x6e, 0x61, 0x74, 0x6f, // float denominato
	0x72, 0x20, 0x3d, 0x20, 0x6c, 0x6f, 0x67, 0x32, 0x28, 0x6d, 0x61, 0x78, 0x28, 0x75, 0x4c, 0x6f, // r = log2(max(uLo
	0x67, 0x44, 0x65, 0x70, 0x74, 0x68, 0x2e, 0x7a, 0x20, 0x2f, 0x20, 0x75, 0x4c, 0x6f, 0x67, 0x44, // gDepth.z / uLogD
	0x65, 0x70, 0x74, 0x68, 0x2e, 0x79, 0x2c, 0x20, 0x31, 0x2e, 0x30, 0x30, 0x30, 0x30, 0x30, 0x31, // epth.y, 1.000001
	0x29, 0x29, 0x3b, 0x0a, 0x72, 0x65, 0x74, 0x75, 0x72, 0x6e, 0x20, 0x63, 0x6c, 0x61, 0x6d, 0x70, // ));.return clamp
	0x28, 0x6e, 0x75, 0x6d, 0x65, 0x72, 0x61, 0x74, 0x6f, 0x72, 0x20, 0x2f, 0x20, 0x64, 0x65, 0x6e, // (numerator / den
	0x6f, 0x6d, 0x69, 0x6e, 0x61, 0x74, 0x6f, 0x72, 0x2c, 0x20, 0x30, 0x2e, 0x30, 0x2c, 0x20, 0x31, // ominator, 0.0, 1
	0x2e, 0x30, 0x29, 0x3b, 0x0a, 0x7d, 0x0a, 0x66, 0x6c, 0x6f, 0x61, 0x74, 0x20, 0x63, 0x61, 0x64, // .0);.}.float cad
	0x5f, 0x6c, 0x69, 0x6e, 0x65, 0x41, 0x6c, 0x70, 0x68, 0x61, 0x28, 0x66, 0x6c, 0x6f, 0x61, 0x74, // _lineAlpha(float
	0x20, 0x65, 0x64, 0x67, 0x65, 0x2c, 0x20, 0x66, 0x6c, 0x6f, 0x61, 0x74, 0x20, 0x65, 0x64, 0x67, //  edge, float edg
	0x65, 0x53, 0x6f, 0x66, 0x74, 0x6e, 0x65, 0x73, 0x73, 0x29, 0x0a, 0x7b, 0x0a, 0x66, 0x6c, 0x6f, // eSoftness).{.flo
	0x61, 0x74, 0x20, 0x64, 0x69, 0x73, 0x74, 0x61, 0x6e, 0x63, 0x65, 0x54, 0x6f, 0x43, 0x65, 0x6e, // at distanceToCen
	0x74, 0x65, 0x72, 0x20, 0x3d, 0x20, 0x31, 0x2e, 0x30, 0x20, 0x2d, 0x20, 0x61, 0x62, 0x73, 0x28, // ter = 1.0 - abs(
	0x65, 0x64, 0x67, 0x65, 0x29, 0x3b, 0x0a, 0x66, 0x6c, 0x6f, 0x61, 0x74, 0x20, 0x61, 0x61, 0x20, // edge);.float aa 
	0x3d, 0x20, 0x63, 0x6c, 0x61, 0x6d, 0x70, 0x28, 0x65, 0x64, 0x67, 0x65, 0x53, 0x6f, 0x66, 0x74, // = clamp(edgeSoft
	0x6e, 0x65, 0x73, 0x73, 0x2c, 0x20, 0x30, 0x2e, 0x30, 0x32, 0x2c, 0x20, 0x31, 0x2e, 0x30, 0x29, // ness, 0.02, 1.0)
	0x3b, 0x0a, 0x72, 0x65, 0x74, 0x75, 0x72, 0x6e, 0x20, 0x73, 0x6d, 0x6f, 0x6f, 0x74, 0x68, 0x73, // ;.return smooths
	0x74, 0x65, 0x70, 0x28, 0x30, 0x2e, 0x30, 0x2c, 0x20, 0x61, 0x61, 0x2c, 0x20, 0x64, 0x69, 0x73, // tep(0.0, aa, dis
	0x74, 0x61, 0x6e, 0x63, 0x65, 0x54, 0x6f, 0x43, 0x65, 0x6e, 0x74, 0x65, 0x72, 0x29, 0x3b, 0x0a, // tanceToCenter);.
	0x7d, 0x0a, 0x66, 0x6c, 0x6f, 0x61, 0x74, 0x20, 0x63, 0x61, 0x64, 0x5f, 0x64, 0x61, 0x73, 0x68, // }.float cad_dash
	0x41, 0x6c, 0x70, 0x68, 0x61, 0x28, 0x66, 0x6c, 0x6f, 0x61, 0x74, 0x20, 0x61, 0x6c, 0x6f, 0x6e, // Alpha(float alon
	0x67, 0x2c, 0x20, 0x66, 0x6c, 0x6f, 0x61, 0x74, 0x20, 0x64, 0x61, 0x73, 0x68, 0x4c, 0x65, 0x6e, // g, float dashLen
	0x67, 0x74, 0x68, 0x2c, 0x20, 0x66, 0x6c, 0x6f, 0x61, 0x74, 0x20, 0x67, 0x61, 0x70, 0x4c, 0x65, // gth, float gapLe
	0x6e, 0x67, 0x74, 0x68, 0x29, 0x0a, 0x7b, 0x0a, 0x66, 0x6c, 0x6f, 0x61, 0x74, 0x20, 0x63, 0x79, // ngth).{.float cy
	0x63, 0x6c, 0x65, 0x20, 0x3d, 0x20, 0x64, 0x61, 0x73, 0x68, 0x4c, 0x65, 0x6e, 0x67, 0x74, 0x68, // cle = dashLength
	0x20, 0x2b, 0x20, 0x67, 0x61, 0x70, 0x4c, 0x65, 0x6e, 0x67, 0x74, 0x68, 0x3b, 0x0a, 0x69, 0x66, //  + gapLength;.if
	0x20, 0x28, 0x63, 0x79, 0x63, 0x6c, 0x65, 0x20, 0x3c, 0x3d, 0x20, 0x30, 0x2e, 0x30, 0x29, 0x0a, //  (cycle <= 0.0).
	0x72, 0x65, 0x74, 0x75, 0x72, 0x6e, 0x20, 0x31, 0x2e, 0x30, 0x3b, 0x0a, 0x66, 0x6c, 0x6f, 0x61, // return 1.0;.floa
	0x74, 0x20, 0x70, 0x68, 0x61, 0x73, 0x65, 0x20, 0x3d, 0x20, 0x66, 0x72, 0x61, 0x63, 0x74, 0x28, // t phase = fract(
	0x61, 0x6c, 0x6f, 0x6e, 0x67, 0x20, 0x2f, 0x20, 0x63, 0x79, 0x63, 0x6c, 0x65, 0x29, 0x3b, 0x0a, // along / cycle);.
	0x72, 0x65, 0x74, 0x75, 0x72, 0x6e, 0x20, 0x73, 0x74, 0x65, 0x70, 0x28, 0x70, 0x68, 0x61, 0x73, // return step(phas
	0x65, 0x2c, 0x20, 0x63, 0x6c, 0x61, 0x6d, 0x70, 0x28, 0x64, 0x61, 0x73, 0x68, 0x4c, 0x65, 0x6e, // e, clamp(dashLen
	0x67, 0x74, 0x68, 0x20, 0x2f, 0x20, 0x63, 0x79, 0x63, 0x6c, 0x65, 0x2c, 0x20, 0x30, 0x2e, 0x30, // gth / cycle, 0.0
	0x2c, 0x20, 0x31, 0x2e, 0x30, 0x29, 0x29, 0x3b, 0x0a, 0x7d, 0x0a, 0x66, 0x6c, 0x6f, 0x61, 0x74, // , 1.0));.}.float
	0x20, 0x63, 0x61, 0x64, 0x5f, 0x72, 0x6f, 0x75, 0x6e, 0x64, 0x43, 0x61, 0x70, 0x28, 0x76, 0x65, //  cad_roundCap(ve
	0x63, 0x32, 0x20, 0x75, 0x76, 0x29, 0x0a, 0x7b, 0x0a, 0x72, 0x65, 0x74, 0x75, 0x72, 0x6e, 0x20, // c2 uv).{.return 
	0x31, 0x2e, 0x30, 0x20, 0x2d, 0x20, 0x73, 0x74, 0x65, 0x70, 0x28, 0x31, 0x2e, 0x30, 0x2c, 0x20, // 1.0 - step(1.0, 
	0x6c, 0x65, 0x6e, 0x67, 0x74, 0x68, 0x28, 0x75, 0x76, 0x29, 0x29, 0x3b, 0x0a, 0x7d, 0x0a, 0x66, // length(uv));.}.f
	0x6c, 0x6f, 0x61, 0x74, 0x20, 0x63, 0x61, 0x64, 0x5f, 0x73, 0x71, 0x75, 0x61, 0x72, 0x65, 0x43, // loat cad_squareC
	0x61, 0x70, 0x28, 0x76, 0x65, 0x63, 0x32, 0x20, 0x75, 0x76, 0x29, 0x0a, 0x7b, 0x0a, 0x72, 0x65, // ap(vec2 uv).{.re
	0x74, 0x75, 0x72, 0x6e, 0x20, 0x31, 0x2e, 0x30, 0x20, 0x2d, 0x20, 0x73, 0x74, 0x65, 0x70, 0x28, // turn 1.0 - step(
	0x31, 0x2e, 0x30, 0x2c, 0x20, 0x6d, 0x61, 0x78, 0x28, 0x61, 0x62, 0x73, 0x28, 0x75, 0x76, 0x2e, // 1.0, max(abs(uv.
	0x78, 0x29, 0x2c, 0x20, 0x61, 0x62, 0x73, 0x28, 0x75, 0x76, 0x2e, 0x79, 0x29, 0x29, 0x29, 0x3b, // x), abs(uv.y)));
	0x0a, 0x7d, 0x0a, 0x66, 0x6c, 0x6f, 0x61, 0x74, 0x20, 0x63, 0x61, 0x64, 0x5f, 0x74, 0x72, 0x69, // .}.float cad_tri
	0x61, 0x6e, 0x67, 0x6c, 0x65, 0x43, 0x61, 0x70, 0x28, 0x76, 0x65, 0x63, 0x32, 0x20, 0x75, 0x76, // angleCap(vec2 uv
	0x29, 0x0a, 0x7b, 0x0a, 0x72, 0x65, 0x74, 0x75, 0x72, 0x6e, 0x20, 0x31, 0x2e, 0x30, 0x20, 0x2d, // ).{.return 1.0 -
	0x20, 0x73, 0x74, 0x65, 0x70, 0x28, 0x31, 0x2e, 0x30, 0x2c, 0x20, 0x61, 0x62, 0x73, 0x28, 0x75, //  step(1.0, abs(u
	0x76, 0x2e, 0x78, 0x29, 0x20, 0x2b, 0x20, 0x61, 0x62, 0x73, 0x28, 0x75, 0x76, 0x2e, 0x79, 0x29, // v.x) + abs(uv.y)
	0x29, 0x3b, 0x0a, 0x7d, 0x0a, 0x66, 0x6c, 0x6f, 0x61, 0x74, 0x20, 0x63, 0x61, 0x64, 0x5f, 0x63, // );.}.float cad_c
	0x61, 0x70, 0x28, 0x76, 0x65, 0x63, 0x32, 0x20, 0x75, 0x76, 0x2c, 0x20, 0x66, 0x6c, 0x6f, 0x61, // ap(vec2 uv, floa
	0x74, 0x20, 0x63, 0x61, 0x70, 0x53, 0x74, 0x79, 0x6c, 0x65, 0x29, 0x0a, 0x7b, 0x0a, 0x69, 0x66, // t capStyle).{.if
	0x20, 0x28, 0x63, 0x61, 0x70, 0x53, 0x74, 0x79, 0x6c, 0x65, 0x20, 0x3c, 0x20, 0x31, 0x2e, 0x35, //  (capStyle < 1.5
	0x29, 0x0a, 0x72, 0x65, 0x74, 0x75, 0x72, 0x6e, 0x20, 0x63, 0x61, 0x64, 0x5f, 0x73, 0x71, 0x75, // ).return cad_squ
	0x61, 0x72, 0x65, 0x43, 0x61, 0x70, 0x28, 0x75, 0x76, 0x29, 0x3b, 0x0a, 0x69, 0x66, 0x20, 0x28, // areCap(uv);.if (
	0x63, 0x61, 0x70, 0x53, 0x74, 0x79, 0x6c, 0x65, 0x20, 0x3c, 0x20, 0x32, 0x2e, 0x35, 0x29, 0x0a, // capStyle < 2.5).
	0x72, 0x65, 0x74, 0x75, 0x72, 0x6e, 0x20, 0x63, 0x61, 0x64, 0x5f, 0x72, 0x6f, 0x75, 0x6e, 0x64, // return cad_round
	0x43, 0x61, 0x70, 0x28, 0x75, 0x76, 0x29, 0x3b, 0x0a, 0x69, 0x66, 0x20, 0x28, 0x63, 0x61, 0x70, // Cap(uv);.if (cap
	0x53, 0x74, 0x79, 0x6c, 0x65, 0x20, 0x3c, 0x20, 0x33, 0x2e, 0x35, 0x29, 0x0a, 0x72, 0x65, 0x74, // Style < 3.5).ret
	0x75, 0x72, 0x6e, 0x20, 0x63, 0x61, 0x64, 0x5f, 0x74, 0x72, 0x69, 0x61, 0x6e, 0x67, 0x6c, 0x65, // urn cad_triangle
	0x43, 0x61, 0x70, 0x28, 0x75, 0x76, 0x29, 0x3b, 0x0a, 0x72, 0x65, 0x74, 0x75, 0x72, 0x6e, 0x20, // Cap(uv);.return 
	0x31, 0x2e, 0x30, 0x20, 0x2d, 0x20, 0x73, 0x74, 0x65, 0x70, 0x28, 0x31, 0x2e, 0x30, 0x2c, 0x20, // 1.0 - step(1.0, 
	0x61, 0x62, 0x73, 0x28, 0x75, 0x76, 0x2e, 0x79, 0x29, 0x29, 0x3b, 0x0a, 0x7d, 0x0a, 0x75, 0x6e, // abs(uv.y));.}.un
	0x69, 0x66, 0x6f, 0x72, 0x6d, 0x20, 0x76, 0x65, 0x63, 0x34, 0x20, 0x75, 0x50, 0x72, 0x69, 0x6d, // iform vec4 uPrim
	0x50, 0x61, 0x72, 0x61, 0x6d, 0x73, 0x3b, 0x0a, 0x76, 0x6f, 0x69, 0x64, 0x20, 0x6d, 0x61, 0x69, // Params;.void mai
	0x6e, 0x28, 0x29, 0x0a, 0x7b, 0x0a, 0x67, 0x6c, 0x5f, 0x46, 0x72, 0x61, 0x67, 0x44, 0x65, 0x70, // n().{.gl_FragDep
	0x74, 0x68, 0x20, 0x3d, 0x20, 0x63, 0x61, 0x64, 0x5f, 0x6f, 0x75, 0x74, 0x70, 0x75, 0x74, 0x44, // th = cad_outputD
	0x65, 0x70, 0x74, 0x68, 0x28, 0x67, 0x6c, 0x5f, 0x46, 0x72, 0x61, 0x67, 0x43, 0x6f, 0x6f, 0x72, // epth(gl_FragCoor
	0x64, 0x2e, 0x7a, 0x2c, 0x20, 0x76, 0x5f, 0x64, 0x65, 0x70, 0x74, 0x68, 0x29, 0x3b, 0x0a, 0x66, // d.z, v_depth);.f
	0x6c, 0x6f, 0x61, 0x74, 0x20, 0x61, 0x6c, 0x70, 0x68, 0x61, 0x20, 0x3d, 0x20, 0x63, 0x61, 0x64, // loat alpha = cad
	0x5f, 0x6c, 0x69, 0x6e, 0x65, 0x41, 0x6c, 0x70, 0x68, 0x61, 0x28, 0x76, 0x5f, 0x65, 0x64, 0x67, // _lineAlpha(v_edg
	0x65, 0x2c, 0x20, 0x75, 0x50, 0x72, 0x69, 0x6d, 0x50, 0x61, 0x72, 0x61, 0x6d, 0x73, 0x2e, 0x79, // e, uPrimParams.y
	0x29, 0x3b, 0x0a, 0x69, 0x66, 0x20, 0x28, 0x75, 0x50, 0x72, 0x69, 0x6d, 0x50, 0x61, 0x72, 0x61, // );.if (uPrimPara
	0x6d, 0x73, 0x2e, 0x77, 0x20, 0x3e, 0x20, 0x30, 0x2e, 0x35, 0x29, 0x0a, 0x61, 0x6c, 0x70, 0x68, // ms.w > 0.5).alph
	0x61, 0x20, 0x2a, 0x3d, 0x20, 0x63, 0x61, 0x64, 0x5f, 0x64, 0x61, 0x73, 0x68, 0x41, 0x6c, 0x70, // a *= cad_dashAlp
	0x68, 0x61, 0x28, 0x76, 0x5f, 0x61, 0x6c, 0x6f, 0x6e, 0x67, 0x2c, 0x20, 0x30, 0x2e, 0x33, 0x36, // ha(v_along, 0.36
	0x2c, 0x20, 0x30, 0x2e, 0x32, 0x34, 0x29, 0x3b, 0x0a, 0x69, 0x66, 0x20, 0x28, 0x61, 0x6c, 0x70, // , 0.24);.if (alp
	0x68, 0x61, 0x20, 0x3c, 0x3d, 0x20, 0x30, 0x2e, 0x30, 0x29, 0x0a, 0x64, 0x69, 0x73, 0x63, 0x61, // ha <= 0.0).disca
	0x72, 0x64, 0x3b, 0x0a, 0x69, 0x66, 0x20, 0x28, 0x75, 0x50, 0x72, 0x69, 0x6d, 0x50, 0x61, 0x72, // rd;.if (uPrimPar
	0x61, 0x6d, 0x73, 0x2e, 0x7a, 0x20, 0x3e, 0x20, 0x36, 0x2e, 0x35, 0x20, 0x26, 0x26, 0x20, 0x75, // ams.z > 6.5 && u
	0x50, 0x72, 0x69, 0x6d, 0x50, 0x61, 0x72, 0x61, 0x6d, 0x73, 0x2e, 0x7a, 0x20, 0x3c, 0x20, 0x37, // PrimParams.z < 7
	0x2e, 0x35, 0x29, 0x0a, 0x7b, 0x0a, 0x66, 0x6c, 0x6f, 0x61, 0x74, 0x20, 0x64, 0x65, 0x70, 0x74, // .5).{.float dept
	0x68, 0x54, 0x20, 0x3d, 0x20, 0x63, 0x61, 0x64, 0x5f, 0x6f, 0x75, 0x74, 0x70, 0x75, 0x74, 0x44, // hT = cad_outputD
	0x65, 0x70, 0x74, 0x68, 0x28, 0x67, 0x6c, 0x5f, 0x46, 0x72, 0x61, 0x67, 0x43, 0x6f, 0x6f, 0x72, // epth(gl_FragCoor
	0x64, 0x2e, 0x7a, 0x2c, 0x20, 0x76, 0x5f, 0x64, 0x65, 0x70, 0x74, 0x68, 0x29, 0x3b, 0x0a, 0x62, // d.z, v_depth);.b
	0x67, 0x66, 0x78, 0x5f, 0x46, 0x72, 0x61, 0x67, 0x43, 0x6f, 0x6c, 0x6f, 0x72, 0x20, 0x3d, 0x20, // gfx_FragColor = 
	0x76, 0x65, 0x63, 0x34, 0x28, 0x76, 0x65, 0x63, 0x33, 0x5f, 0x73, 0x70, 0x6c, 0x61, 0x74, 0x28, // vec4(vec3_splat(
	0x31, 0x2e, 0x30, 0x20, 0x2d, 0x20, 0x64, 0x65, 0x70, 0x74, 0x68, 0x54, 0x29, 0x2c, 0x20, 0x61, // 1.0 - depthT), a
	0x6c, 0x70, 0x68, 0x61, 0x29, 0x3b, 0x0a, 0x72, 0x65, 0x74, 0x75, 0x72, 0x6e, 0x3b, 0x0a, 0x7d, // lpha);.return;.}
	0x0a, 0x62, 0x67, 0x66, 0x78, 0x5f, 0x46, 0x72, 0x61, 0x67, 0x43, 0x6f, 0x6c, 0x6f, 0x72, 0x20, // .bgfx_FragColor 
	0x3d, 0x20, 0x76, 0x65, 0x63, 0x34, 0x28, 0x76, 0x5f, 0x63, 0x6f, 0x6c, 0x6f, 0x72, 0x2e, 0x72, // = vec4(v_color.r
	0x67, 0x62, 0x2c, 0x20, 0x76, 0x5f, 0x63, 0x6f, 0x6c, 0x6f, 0x72, 0x2e, 0x61, 0x20, 0x2a, 0x20, // gb, v_color.a * 
	0x61, 0x6c, 0x70, 0x68, 0x61, 0x29, 0x3b, 0x0a, 0x7d, 0x0a, 0x00,                               // alpha);.}..
};
