// Auto-generated shader header. Do not edit.
// Source: fs_outline_overlay.sc
#pragma once
#include <cstdint>

static const uint8_t fs_outline_overlay_spv[4222] =
{
	0x46, 0x53, 0x48, 0x0b, 0x89, 0xeb, 0xbe, 0x46, 0x00, 0x00, 0x00, 0x00, 0x04, 0x00, 0x10, 0x75, // FSH....F.......u
	0x5f, 0x6f, 0x75, 0x74, 0x6c, 0x69, 0x6e, 0x65, 0x5f, 0x70, 0x61, 0x72, 0x61, 0x6d, 0x73, 0x12, // _outline_params.
	0x01, 0x10, 0x00, 0x01, 0x00, 0x00, 0x00, 0x00, 0x00, 0x0b, 0x75, 0x5f, 0x76, 0x69, 0x65, 0x77, // ..........u_view
	0x54, 0x65, 0x78, 0x65, 0x6c, 0x12, 0x01, 0x00, 0x00, 0x01, 0x00, 0x00, 0x00, 0x00, 0x00, 0x0f, // Texel...........
	0x75, 0x5f, 0x6f, 0x75, 0x74, 0x6c, 0x69, 0x6e, 0x65, 0x5f, 0x63, 0x6f, 0x6c, 0x6f, 0x72, 0x12, // u_outline_color.
	0x01, 0x20, 0x00, 0x01, 0x00, 0x00, 0x00, 0x00, 0x00, 0x0a, 0x73, 0x5f, 0x74, 0x65, 0x78, 0x43, // . ........s_texC
	0x6f, 0x6c, 0x6f, 0x72, 0x30, 0x00, 0x02, 0x00, 0x00, 0x00, 0x00, 0x02, 0x26, 0x00, 0x08, 0x10, // olor0.......&...
	0x00, 0x00, 0x03, 0x02, 0x23, 0x07, 0x00, 0x00, 0x01, 0x00, 0x0b, 0x00, 0x08, 0x00, 0x90, 0x02, // ....#...........
	0x00, 0x00, 0x00, 0x00, 0x00, 0x00, 0x11, 0x00, 0x02, 0x00, 0x01, 0x00, 0x00, 0x00, 0x0b, 0x00, // ................
	0x06, 0x00, 0x01, 0x00, 0x00, 0x00, 0x47, 0x4c, 0x53, 0x4c, 0x2e, 0x73, 0x74, 0x64, 0x2e, 0x34, // ......GLSL.std.4
	0x35, 0x30, 0x00, 0x00, 0x00, 0x00, 0x0e, 0x00, 0x03, 0x00, 0x00, 0x00, 0x00, 0x00, 0x01, 0x00, // 50..............
	0x00, 0x00, 0x0f, 0x00, 0x07, 0x00, 0x04, 0x00, 0x00, 0x00, 0x04, 0x00, 0x00, 0x00, 0x6d, 0x61, // ..............ma
	0x69, 0x6e, 0x00, 0x00, 0x00, 0x00, 0x00, 0x01, 0x00, 0x00, 0x0b, 0x01, 0x00, 0x00, 0x10, 0x00, // in..............
	0x03, 0x00, 0x04, 0x00, 0x00, 0x00, 0x07, 0x00, 0x00, 0x00, 0x03, 0x00, 0x03, 0x00, 0x05, 0x00, // ................
	0x00, 0x00, 0xf4, 0x01, 0x00, 0x00, 0x05, 0x00, 0x04, 0x00, 0x04, 0x00, 0x00, 0x00, 0x6d, 0x61, // ..............ma
	0x69, 0x6e, 0x00, 0x00, 0x00, 0x00, 0x05, 0x00, 0x07, 0x00, 0x26, 0x00, 0x00, 0x00, 0x73, 0x5f, // in........&...s_
	0x74, 0x65, 0x78, 0x43, 0x6f, 0x6c, 0x6f, 0x72, 0x53, 0x61, 0x6d, 0x70, 0x6c, 0x65, 0x72, 0x00, // texColorSampler.
	0x00, 0x00, 0x05, 0x00, 0x07, 0x00, 0x29, 0x00, 0x00, 0x00, 0x73, 0x5f, 0x74, 0x65, 0x78, 0x43, // ......)...s_texC
	0x6f, 0x6c, 0x6f, 0x72, 0x54, 0x65, 0x78, 0x74, 0x75, 0x72, 0x65, 0x00, 0x00, 0x00, 0x05, 0x00, // olorTexture.....
	0x06, 0x00, 0x64, 0x00, 0x00, 0x00, 0x55, 0x6e, 0x69, 0x66, 0x6f, 0x72, 0x6d, 0x42, 0x6c, 0x6f, // ..d...UniformBlo
	0x63, 0x6b, 0x00, 0x00, 0x00, 0x00, 0x06, 0x00, 0x06, 0x00, 0x64, 0x00, 0x00, 0x00, 0x00, 0x00, // ck........d.....
	0x00, 0x00, 0x75, 0x5f, 0x76, 0x69, 0x65, 0x77, 0x54, 0x65, 0x78, 0x65, 0x6c, 0x00, 0x06, 0x00, // ..u_viewTexel...
	0x08, 0x00, 0x64, 0x00, 0x00, 0x00, 0x01, 0x00, 0x00, 0x00, 0x75, 0x5f, 0x6f, 0x75, 0x74, 0x6c, // ..d.......u_outl
	0x69, 0x6e, 0x65, 0x5f, 0x70, 0x61, 0x72, 0x61, 0x6d, 0x73, 0x00, 0x00, 0x00, 0x00, 0x06, 0x00, // ine_params......
	0x07, 0x00, 0x64, 0x00, 0x00, 0x00, 0x02, 0x00, 0x00, 0x00, 0x75, 0x5f, 0x6f, 0x75, 0x74, 0x6c, // ..d.......u_outl
	0x69, 0x6e, 0x65, 0x5f, 0x63, 0x6f, 0x6c, 0x6f, 0x72, 0x00, 0x05, 0x00, 0x03, 0x00, 0x66, 0x00, // ine_color.....f.
	0x00, 0x00, 0x00, 0x00, 0x00, 0x00, 0x05, 0x00, 0x04, 0x00, 0x00, 0x01, 0x00, 0x00, 0x76, 0x5f, // ..............v_
	0x75, 0x76, 0x00, 0x00, 0x00, 0x00, 0x05, 0x00, 0x06, 0x00, 0x0b, 0x01, 0x00, 0x00, 0x62, 0x67, // uv............bg
	0x66, 0x78, 0x5f, 0x46, 0x72, 0x61, 0x67, 0x44, 0x61, 0x74, 0x61, 0x30, 0x00, 0x00, 0x47, 0x00, // fx_FragData0..G.
	0x04, 0x00, 0x26, 0x00, 0x00, 0x00, 0x21, 0x00, 0x00, 0x00, 0x12, 0x00, 0x00, 0x00, 0x47, 0x00, // ..&...!.......G.
	0x04, 0x00, 0x26, 0x00, 0x00, 0x00, 0x22, 0x00, 0x00, 0x00, 0x00, 0x00, 0x00, 0x00, 0x47, 0x00, // ..&...".......G.
	0x04, 0x00, 0x29, 0x00, 0x00, 0x00, 0x21, 0x00, 0x00, 0x00, 0x02, 0x00, 0x00, 0x00, 0x47, 0x00, // ..)...!.......G.
	0x04, 0x00, 0x29, 0x00, 0x00, 0x00, 0x22, 0x00, 0x00, 0x00, 0x00, 0x00, 0x00, 0x00, 0x47, 0x00, // ..)...".......G.
	0x03, 0x00, 0x64, 0x00, 0x00, 0x00, 0x02, 0x00, 0x00, 0x00, 0x48, 0x00, 0x05, 0x00, 0x64, 0x00, // ..d.......H...d.
	0x00, 0x00, 0x00, 0x00, 0x00, 0x00, 0x23, 0x00, 0x00, 0x00, 0x00, 0x00, 0x00, 0x00, 0x48, 0x00, // ......#.......H.
	0x05, 0x00, 0x64, 0x00, 0x00, 0x00, 0x01, 0x00, 0x00, 0x00, 0x23, 0x00, 0x00, 0x00, 0x10, 0x00, // ..d.......#.....
	0x00, 0x00, 0x48, 0x00, 0x05, 0x00, 0x64, 0x00, 0x00, 0x00, 0x02, 0x00, 0x00, 0x00, 0x23, 0x00, // ..H...d.......#.
	0x00, 0x00, 0x20, 0x00, 0x00, 0x00, 0x47, 0x00, 0x04, 0x00, 0x66, 0x00, 0x00, 0x00, 0x21, 0x00, // .. ...G...f...!.
	0x00, 0x00, 0x01, 0x00, 0x00, 0x00, 0x47, 0x00, 0x04, 0x00, 0x66, 0x00, 0x00, 0x00, 0x22, 0x00, // ......G...f...".
	0x00, 0x00, 0x00, 0x00, 0x00, 0x00, 0x47, 0x00, 0x04, 0x00, 0x00, 0x01, 0x00, 0x00, 0x1e, 0x00, // ......G.........
	0x00, 0x00, 0x00, 0x00, 0x00, 0x00, 0x47, 0x00, 0x04, 0x00, 0x0b, 0x01, 0x00, 0x00, 0x1e, 0x00, // ......G.........
	0x00, 0x00, 0x00, 0x00, 0x00, 0x00, 0x13, 0x00, 0x02, 0x00, 0x02, 0x00, 0x00, 0x00, 0x21, 0x00, // ..............!.
	0x03, 0x00, 0x03, 0x00, 0x00, 0x00, 0x02, 0x00, 0x00, 0x00, 0x1a, 0x00, 0x02, 0x00, 0x06, 0x00, // ................
	0x00, 0x00, 0x16, 0x00, 0x03, 0x00, 0x07, 0x00, 0x00, 0x00, 0x20, 0x00, 0x00, 0x00, 0x19, 0x00, // .......... .....
	0x09, 0x00, 0x08, 0x00, 0x00, 0x00, 0x07, 0x00, 0x00, 0x00, 0x01, 0x00, 0x00, 0x00, 0x00, 0x00, // ................
	0x00, 0x00, 0x00, 0x00, 0x00, 0x00, 0x00, 0x00, 0x00, 0x00, 0x01, 0x00, 0x00, 0x00, 0x00, 0x00, // ................
	0x00, 0x00, 0x17, 0x00, 0x04, 0x00, 0x0b, 0x00, 0x00, 0x00, 0x07, 0x00, 0x00, 0x00, 0x02, 0x00, // ................
	0x00, 0x00, 0x17, 0x00, 0x04, 0x00, 0x0d, 0x00, 0x00, 0x00, 0x07, 0x00, 0x00, 0x00, 0x04, 0x00, // ................
	0x00, 0x00, 0x20, 0x00, 0x04, 0x00, 0x25, 0x00, 0x00, 0x00, 0x00, 0x00, 0x00, 0x00, 0x06, 0x00, // .. ...%.........
	0x00, 0x00, 0x3b, 0x00, 0x04, 0x00, 0x25, 0x00, 0x00, 0x00, 0x26, 0x00, 0x00, 0x00, 0x00, 0x00, // ..;...%...&.....
	0x00, 0x00, 0x20, 0x00, 0x04, 0x00, 0x28, 0x00, 0x00, 0x00, 0x00, 0x00, 0x00, 0x00, 0x08, 0x00, // .. ...(.........
	0x00, 0x00, 0x3b, 0x00, 0x04, 0x00, 0x28, 0x00, 0x00, 0x00, 0x29, 0x00, 0x00, 0x00, 0x00, 0x00, // ..;...(...).....
	0x00, 0x00, 0x15, 0x00, 0x04, 0x00, 0x2c, 0x00, 0x00, 0x00, 0x20, 0x00, 0x00, 0x00, 0x01, 0x00, // ......,... .....
	0x00, 0x00, 0x2b, 0x00, 0x04, 0x00, 0x2c, 0x00, 0x00, 0x00, 0x2d, 0x00, 0x00, 0x00, 0x01, 0x00, // ..+...,...-.....
	0x00, 0x00, 0x2b, 0x00, 0x04, 0x00, 0x2c, 0x00, 0x00, 0x00, 0x31, 0x00, 0x00, 0x00, 0x00, 0x00, // ..+...,...1.....
	0x00, 0x00, 0x1b, 0x00, 0x03, 0x00, 0x35, 0x00, 0x00, 0x00, 0x08, 0x00, 0x00, 0x00, 0x2b, 0x00, // ......5.......+.
	0x04, 0x00, 0x07, 0x00, 0x00, 0x00, 0x45, 0x00, 0x00, 0x00, 0x00, 0x00, 0x7f, 0x43, 0x15, 0x00, // ......E......C..
	0x04, 0x00, 0x47, 0x00, 0x00, 0x00, 0x20, 0x00, 0x00, 0x00, 0x00, 0x00, 0x00, 0x00, 0x2b, 0x00, // ..G... .......+.
	0x04, 0x00, 0x47, 0x00, 0x00, 0x00, 0x4b, 0x00, 0x00, 0x00, 0x01, 0x00, 0x00, 0x00, 0x2b, 0x00, // ..G...K.......+.
	0x04, 0x00, 0x07, 0x00, 0x00, 0x00, 0x4e, 0x00, 0x00, 0x00, 0x00, 0x00, 0x80, 0x43, 0x2b, 0x00, // ......N......C+.
	0x04, 0x00, 0x47, 0x00, 0x00, 0x00, 0x51, 0x00, 0x00, 0x00, 0x00, 0x00, 0x00, 0x00, 0x2b, 0x00, // ..G...Q.......+.
	0x04, 0x00, 0x07, 0x00, 0x00, 0x00, 0x54, 0x00, 0x00, 0x00, 0x00, 0x00, 0x80, 0x47, 0x2b, 0x00, // ......T......G+.
	0x04, 0x00, 0x07, 0x00, 0x00, 0x00, 0x5a, 0x00, 0x00, 0x00, 0x00, 0x00, 0x80, 0x4b, 0x2b, 0x00, // ......Z......K+.
	0x04, 0x00, 0x07, 0x00, 0x00, 0x00, 0x60, 0x00, 0x00, 0x00, 0x00, 0x00, 0x00, 0x00, 0x1e, 0x00, // ......`.........
	0x05, 0x00, 0x64, 0x00, 0x00, 0x00, 0x0d, 0x00, 0x00, 0x00, 0x0d, 0x00, 0x00, 0x00, 0x0d, 0x00, // ..d.............
	0x00, 0x00, 0x20, 0x00, 0x04, 0x00, 0x65, 0x00, 0x00, 0x00, 0x02, 0x00, 0x00, 0x00, 0x64, 0x00, // .. ...e.......d.
	0x00, 0x00, 0x3b, 0x00, 0x04, 0x00, 0x65, 0x00, 0x00, 0x00, 0x66, 0x00, 0x00, 0x00, 0x02, 0x00, // ..;...e...f.....
	0x00, 0x00, 0x20, 0x00, 0x04, 0x00, 0x67, 0x00, 0x00, 0x00, 0x02, 0x00, 0x00, 0x00, 0x07, 0x00, // .. ...g.........
	0x00, 0x00, 0x14, 0x00, 0x02, 0x00, 0x6a, 0x00, 0x00, 0x00, 0x2b, 0x00, 0x04, 0x00, 0x07, 0x00, // ......j...+.....
	0x00, 0x00, 0x6f, 0x00, 0x00, 0x00, 0x00, 0x00, 0x00, 0x3f, 0x2b, 0x00, 0x04, 0x00, 0x07, 0x00, // ..o......?+.....
	0x00, 0x00, 0x89, 0x00, 0x00, 0x00, 0x00, 0x80, 0x7e, 0x43, 0x2c, 0x00, 0x07, 0x00, 0x0d, 0x00, // ........~C,.....
	0x00, 0x00, 0x91, 0x00, 0x00, 0x00, 0x60, 0x00, 0x00, 0x00, 0x60, 0x00, 0x00, 0x00, 0x60, 0x00, // ......`...`...`.
	0x00, 0x00, 0x60, 0x00, 0x00, 0x00, 0x2b, 0x00, 0x04, 0x00, 0x2c, 0x00, 0x00, 0x00, 0xf3, 0x00, // ..`...+...,.....
	0x00, 0x00, 0x02, 0x00, 0x00, 0x00, 0x20, 0x00, 0x04, 0x00, 0xf4, 0x00, 0x00, 0x00, 0x02, 0x00, // ...... .........
	0x00, 0x00, 0x0d, 0x00, 0x00, 0x00, 0x17, 0x00, 0x04, 0x00, 0xf7, 0x00, 0x00, 0x00, 0x6a, 0x00, // ..............j.
	0x00, 0x00, 0x04, 0x00, 0x00, 0x00, 0x20, 0x00, 0x04, 0x00, 0xff, 0x00, 0x00, 0x00, 0x01, 0x00, // ...... .........
	0x00, 0x00, 0x0b, 0x00, 0x00, 0x00, 0x3b, 0x00, 0x04, 0x00, 0xff, 0x00, 0x00, 0x00, 0x00, 0x01, // ......;.........
	0x00, 0x00, 0x01, 0x00, 0x00, 0x00, 0x20, 0x00, 0x04, 0x00, 0x0a, 0x01, 0x00, 0x00, 0x03, 0x00, // ...... .........
	0x00, 0x00, 0x0d, 0x00, 0x00, 0x00, 0x3b, 0x00, 0x04, 0x00, 0x0a, 0x01, 0x00, 0x00, 0x0b, 0x01, // ......;.........
	0x00, 0x00, 0x03, 0x00, 0x00, 0x00, 0x36, 0x00, 0x05, 0x00, 0x02, 0x00, 0x00, 0x00, 0x04, 0x00, // ......6.........
	0x00, 0x00, 0x00, 0x00, 0x00, 0x00, 0x03, 0x00, 0x00, 0x00, 0xf8, 0x00, 0x02, 0x00, 0x05, 0x00, // ................
	0x00, 0x00, 0x3d, 0x00, 0x04, 0x00, 0x06, 0x00, 0x00, 0x00, 0x27, 0x00, 0x00, 0x00, 0x26, 0x00, // ..=.......'...&.
	0x00, 0x00, 0x3d, 0x00, 0x04, 0x00, 0x08, 0x00, 0x00, 0x00, 0x2a, 0x00, 0x00, 0x00, 0x29, 0x00, // ..=.......*...).
	0x00, 0x00, 0x3d, 0x00, 0x04, 0x00, 0x0b, 0x00, 0x00, 0x00, 0x01, 0x01, 0x00, 0x00, 0x00, 0x01, // ..=.............
	0x00, 0x00, 0xf7, 0x00, 0x03, 0x00, 0xb1, 0x01, 0x00, 0x00, 0x00, 0x00, 0x00, 0x00, 0xfb, 0x00, // ................
	0x03, 0x00, 0x51, 0x00, 0x00, 0x00, 0x3d, 0x01, 0x00, 0x00, 0xf8, 0x00, 0x02, 0x00, 0x3d, 0x01, // ..Q...=.......=.
	0x00, 0x00, 0x41, 0x00, 0x06, 0x00, 0x67, 0x00, 0x00, 0x00, 0x3f, 0x01, 0x00, 0x00, 0x66, 0x00, // ..A...g...?...f.
	0x00, 0x00, 0x2d, 0x00, 0x00, 0x00, 0x51, 0x00, 0x00, 0x00, 0x3d, 0x00, 0x04, 0x00, 0x07, 0x00, // ..-...Q...=.....
	0x00, 0x00, 0x40, 0x01, 0x00, 0x00, 0x3f, 0x01, 0x00, 0x00, 0x41, 0x00, 0x06, 0x00, 0x67, 0x00, // ..@...?...A...g.
	0x00, 0x00, 0x41, 0x01, 0x00, 0x00, 0x66, 0x00, 0x00, 0x00, 0x2d, 0x00, 0x00, 0x00, 0x4b, 0x00, // ..A...f...-...K.
	0x00, 0x00, 0x3d, 0x00, 0x04, 0x00, 0x07, 0x00, 0x00, 0x00, 0x42, 0x01, 0x00, 0x00, 0x41, 0x01, // ..=.......B...A.
	0x00, 0x00, 0xba, 0x00, 0x05, 0x00, 0x6a, 0x00, 0x00, 0x00, 0x43, 0x01, 0x00, 0x00, 0x42, 0x01, // ......j...C...B.
	0x00, 0x00, 0x6f, 0x00, 0x00, 0x00, 0x56, 0x00, 0x05, 0x00, 0x35, 0x00, 0x00, 0x00, 0xd3, 0x01, // ..o...V...5.....
	0x00, 0x00, 0x2a, 0x00, 0x00, 0x00, 0x27, 0x00, 0x00, 0x00, 0x57, 0x00, 0x05, 0x00, 0x0d, 0x00, // ..*...'...W.....
	0x00, 0x00, 0xd5, 0x01, 0x00, 0x00, 0xd3, 0x01, 0x00, 0x00, 0x01, 0x01, 0x00, 0x00, 0x8e, 0x00, // ................
	0x05, 0x00, 0x0d, 0x00, 0x00, 0x00, 0xbe, 0x01, 0x00, 0x00, 0xd5, 0x01, 0x00, 0x00, 0x45, 0x00, // ..............E.
	0x00, 0x00, 0x51, 0x00, 0x05, 0x00, 0x07, 0x00, 0x00, 0x00, 0xc0, 0x01, 0x00, 0x00, 0xbe, 0x01, // ..Q.............
	0x00, 0x00, 0x02, 0x00, 0x00, 0x00, 0x51, 0x00, 0x05, 0x00, 0x07, 0x00, 0x00, 0x00, 0xc2, 0x01, // ......Q.........
	0x00, 0x00, 0xbe, 0x01, 0x00, 0x00, 0x01, 0x00, 0x00, 0x00, 0x85, 0x00, 0x05, 0x00, 0x07, 0x00, // ................
	0x00, 0x00, 0xc3, 0x01, 0x00, 0x00, 0xc2, 0x01, 0x00, 0x00, 0x4e, 0x00, 0x00, 0x00, 0x81, 0x00, // ..........N.....
	0x05, 0x00, 0x07, 0x00, 0x00, 0x00, 0xc4, 0x01, 0x00, 0x00, 0xc0, 0x01, 0x00, 0x00, 0xc3, 0x01, // ................
	0x00, 0x00, 0x51, 0x00, 0x05, 0x00, 0x07, 0x00, 0x00, 0x00, 0xc6, 0x01, 0x00, 0x00, 0xbe, 0x01, // ..Q.............
	0x00, 0x00, 0x00, 0x00, 0x00, 0x00, 0x85, 0x00, 0x05, 0x00, 0x07, 0x00, 0x00, 0x00, 0xc7, 0x01, // ................
	0x00, 0x00, 0xc6, 0x01, 0x00, 0x00, 0x54, 0x00, 0x00, 0x00, 0x81, 0x00, 0x05, 0x00, 0x07, 0x00, // ......T.........
	0x00, 0x00, 0xc8, 0x01, 0x00, 0x00, 0xc4, 0x01, 0x00, 0x00, 0xc7, 0x01, 0x00, 0x00, 0x51, 0x00, // ..............Q.
	0x05, 0x00, 0x07, 0x00, 0x00, 0x00, 0xca, 0x01, 0x00, 0x00, 0xbe, 0x01, 0x00, 0x00, 0x03, 0x00, // ................
	0x00, 0x00, 0x85, 0x00, 0x05, 0x00, 0x07, 0x00, 0x00, 0x00, 0xcb, 0x01, 0x00, 0x00, 0xca, 0x01, // ................
	0x00, 0x00, 0x5a, 0x00, 0x00, 0x00, 0x81, 0x00, 0x05, 0x00, 0x07, 0x00, 0x00, 0x00, 0xcc, 0x01, // ..Z.............
	0x00, 0x00, 0xc8, 0x01, 0x00, 0x00, 0xcb, 0x01, 0x00, 0x00, 0x56, 0x00, 0x05, 0x00, 0x35, 0x00, // ..........V...5.
	0x00, 0x00, 0xdc, 0x01, 0x00, 0x00, 0x2a, 0x00, 0x00, 0x00, 0x27, 0x00, 0x00, 0x00, 0x57, 0x00, // ......*...'...W.
	0x05, 0x00, 0x0d, 0x00, 0x00, 0x00, 0xde, 0x01, 0x00, 0x00, 0xdc, 0x01, 0x00, 0x00, 0x01, 0x01, // ................
	0x00, 0x00, 0x51, 0x00, 0x05, 0x00, 0x07, 0x00, 0x00, 0x00, 0x4a, 0x01, 0x00, 0x00, 0xde, 0x01, // ..Q.......J.....
	0x00, 0x00, 0x00, 0x00, 0x00, 0x00, 0x51, 0x00, 0x05, 0x00, 0x07, 0x00, 0x00, 0x00, 0x4c, 0x01, // ......Q.......L.
	0x00, 0x00, 0xde, 0x01, 0x00, 0x00, 0x01, 0x00, 0x00, 0x00, 0x0c, 0x00, 0x07, 0x00, 0x07, 0x00, // ................
	0x00, 0x00, 0x4d, 0x01, 0x00, 0x00, 0x01, 0x00, 0x00, 0x00, 0x25, 0x00, 0x00, 0x00, 0x4a, 0x01, // ..M.......%...J.
	0x00, 0x00, 0x4c, 0x01, 0x00, 0x00, 0x51, 0x00, 0x05, 0x00, 0x07, 0x00, 0x00, 0x00, 0x4f, 0x01, // ..L...Q.......O.
	0x00, 0x00, 0xde, 0x01, 0x00, 0x00, 0x02, 0x00, 0x00, 0x00, 0x51, 0x00, 0x05, 0x00, 0x07, 0x00, // ..........Q.....
	0x00, 0x00, 0x51, 0x01, 0x00, 0x00, 0xde, 0x01, 0x00, 0x00, 0x03, 0x00, 0x00, 0x00, 0x0c, 0x00, // ..Q.............
	0x07, 0x00, 0x07, 0x00, 0x00, 0x00, 0x52, 0x01, 0x00, 0x00, 0x01, 0x00, 0x00, 0x00, 0x25, 0x00, // ......R.......%.
	0x00, 0x00, 0x4f, 0x01, 0x00, 0x00, 0x51, 0x01, 0x00, 0x00, 0x0c, 0x00, 0x07, 0x00, 0x07, 0x00, // ..O...Q.........
	0x00, 0x00, 0x53, 0x01, 0x00, 0x00, 0x01, 0x00, 0x00, 0x00, 0x25, 0x00, 0x00, 0x00, 0x4d, 0x01, // ..S.......%...M.
	0x00, 0x00, 0x52, 0x01, 0x00, 0x00, 0xba, 0x00, 0x05, 0x00, 0x6a, 0x00, 0x00, 0x00, 0x55, 0x01, // ..R.......j...U.
	0x00, 0x00, 0x53, 0x01, 0x00, 0x00, 0x89, 0x00, 0x00, 0x00, 0xf7, 0x00, 0x03, 0x00, 0x65, 0x01, // ..S...........e.
	0x00, 0x00, 0x00, 0x00, 0x00, 0x00, 0xfa, 0x00, 0x04, 0x00, 0x43, 0x01, 0x00, 0x00, 0x57, 0x01, // ..........C...W.
	0x00, 0x00, 0x5b, 0x01, 0x00, 0x00, 0xf8, 0x00, 0x02, 0x00, 0x57, 0x01, 0x00, 0x00, 0xf7, 0x00, // ..[.......W.....
	0x03, 0x00, 0x5a, 0x01, 0x00, 0x00, 0x00, 0x00, 0x00, 0x00, 0xfa, 0x00, 0x04, 0x00, 0x55, 0x01, // ..Z...........U.
	0x00, 0x00, 0x59, 0x01, 0x00, 0x00, 0x5a, 0x01, 0x00, 0x00, 0xf8, 0x00, 0x02, 0x00, 0x59, 0x01, // ..Y...Z.......Y.
	0x00, 0x00, 0xf9, 0x00, 0x02, 0x00, 0xb1, 0x01, 0x00, 0x00, 0xf8, 0x00, 0x02, 0x00, 0x5a, 0x01, // ..............Z.
	0x00, 0x00, 0xf9, 0x00, 0x02, 0x00, 0x65, 0x01, 0x00, 0x00, 0xf8, 0x00, 0x02, 0x00, 0x5b, 0x01, // ......e.......[.
	0x00, 0x00, 0xb7, 0x00, 0x05, 0x00, 0x6a, 0x00, 0x00, 0x00, 0x5e, 0x01, 0x00, 0x00, 0xcc, 0x01, // ......j...^.....
	0x00, 0x00, 0x40, 0x01, 0x00, 0x00, 0xf7, 0x00, 0x03, 0x00, 0x60, 0x01, 0x00, 0x00, 0x00, 0x00, // ..@.......`.....
	0x00, 0x00, 0xfa, 0x00, 0x04, 0x00, 0x5e, 0x01, 0x00, 0x00, 0x5f, 0x01, 0x00, 0x00, 0x60, 0x01, // ......^..._...`.
	0x00, 0x00, 0xf8, 0x00, 0x02, 0x00, 0x5f, 0x01, 0x00, 0x00, 0xf9, 0x00, 0x02, 0x00, 0xb1, 0x01, // ......_.........
	0x00, 0x00, 0xf8, 0x00, 0x02, 0x00, 0x60, 0x01, 0x00, 0x00, 0xb8, 0x00, 0x05, 0x00, 0x6a, 0x00, // ......`.......j.
	0x00, 0x00, 0x62, 0x01, 0x00, 0x00, 0x40, 0x01, 0x00, 0x00, 0x6f, 0x00, 0x00, 0x00, 0xf7, 0x00, // ..b...@...o.....
	0x03, 0x00, 0x64, 0x01, 0x00, 0x00, 0x00, 0x00, 0x00, 0x00, 0xfa, 0x00, 0x04, 0x00, 0x62, 0x01, // ..d...........b.
	0x00, 0x00, 0x63, 0x01, 0x00, 0x00, 0x64, 0x01, 0x00, 0x00, 0xf8, 0x00, 0x02, 0x00, 0x63, 0x01, // ..c...d.......c.
	0x00, 0x00, 0xf9, 0x00, 0x02, 0x00, 0xb1, 0x01, 0x00, 0x00, 0xf8, 0x00, 0x02, 0x00, 0x64, 0x01, // ..............d.
	0x00, 0x00, 0xf9, 0x00, 0x02, 0x00, 0x65, 0x01, 0x00, 0x00, 0xf8, 0x00, 0x02, 0x00, 0x65, 0x01, // ......e.......e.
	0x00, 0x00, 0x41, 0x00, 0x06, 0x00, 0x67, 0x00, 0x00, 0x00, 0x67, 0x01, 0x00, 0x00, 0x66, 0x00, // ..A...g...g...f.
	0x00, 0x00, 0x31, 0x00, 0x00, 0x00, 0x51, 0x00, 0x00, 0x00, 0x3d, 0x00, 0x04, 0x00, 0x07, 0x00, // ..1...Q...=.....
	0x00, 0x00, 0x68, 0x01, 0x00, 0x00, 0x67, 0x01, 0x00, 0x00, 0x50, 0x00, 0x05, 0x00, 0x0b, 0x00, // ..h...g...P.....
	0x00, 0x00, 0x69, 0x01, 0x00, 0x00, 0x68, 0x01, 0x00, 0x00, 0x60, 0x00, 0x00, 0x00, 0x83, 0x00, // ..i...h...`.....
	0x05, 0x00, 0x0b, 0x00, 0x00, 0x00, 0x6a, 0x01, 0x00, 0x00, 0x01, 0x01, 0x00, 0x00, 0x69, 0x01, // ......j.......i.
	0x00, 0x00, 0x56, 0x00, 0x05, 0x00, 0x35, 0x00, 0x00, 0x00, 0xfc, 0x01, 0x00, 0x00, 0x2a, 0x00, // ..V...5.......*.
	0x00, 0x00, 0x27, 0x00, 0x00, 0x00, 0x57, 0x00, 0x05, 0x00, 0x0d, 0x00, 0x00, 0x00, 0xfe, 0x01, // ..'...W.........
	0x00, 0x00, 0xfc, 0x01, 0x00, 0x00, 0x6a, 0x01, 0x00, 0x00, 0x8e, 0x00, 0x05, 0x00, 0x0d, 0x00, // ......j.........
	0x00, 0x00, 0xe7, 0x01, 0x00, 0x00, 0xfe, 0x01, 0x00, 0x00, 0x45, 0x00, 0x00, 0x00, 0x51, 0x00, // ..........E...Q.
	0x05, 0x00, 0x07, 0x00, 0x00, 0x00, 0xe9, 0x01, 0x00, 0x00, 0xe7, 0x01, 0x00, 0x00, 0x02, 0x00, // ................
	0x00, 0x00, 0x51, 0x00, 0x05, 0x00, 0x07, 0x00, 0x00, 0x00, 0xeb, 0x01, 0x00, 0x00, 0xe7, 0x01, // ..Q.............
	0x00, 0x00, 0x01, 0x00, 0x00, 0x00, 0x85, 0x00, 0x05, 0x00, 0x07, 0x00, 0x00, 0x00, 0xec, 0x01, // ................
	0x00, 0x00, 0xeb, 0x01, 0x00, 0x00, 0x4e, 0x00, 0x00, 0x00, 0x81, 0x00, 0x05, 0x00, 0x07, 0x00, // ......N.........
	0x00, 0x00, 0xed, 0x01, 0x00, 0x00, 0xe9, 0x01, 0x00, 0x00, 0xec, 0x01, 0x00, 0x00, 0x51, 0x00, // ..............Q.
	0x05, 0x00, 0x07, 0x00, 0x00, 0x00, 0xef, 0x01, 0x00, 0x00, 0xe7, 0x01, 0x00, 0x00, 0x00, 0x00, // ................
	0x00, 0x00, 0x85, 0x00, 0x05, 0x00, 0x07, 0x00, 0x00, 0x00, 0xf0, 0x01, 0x00, 0x00, 0xef, 0x01, // ................
	0x00, 0x00, 0x54, 0x00, 0x00, 0x00, 0x81, 0x00, 0x05, 0x00, 0x07, 0x00, 0x00, 0x00, 0xf1, 0x01, // ..T.............
	0x00, 0x00, 0xed, 0x01, 0x00, 0x00, 0xf0, 0x01, 0x00, 0x00, 0x51, 0x00, 0x05, 0x00, 0x07, 0x00, // ..........Q.....
	0x00, 0x00, 0xf3, 0x01, 0x00, 0x00, 0xe7, 0x01, 0x00, 0x00, 0x03, 0x00, 0x00, 0x00, 0x85, 0x00, // ................
	0x05, 0x00, 0x07, 0x00, 0x00, 0x00, 0xf4, 0x01, 0x00, 0x00, 0xf3, 0x01, 0x00, 0x00, 0x5a, 0x00, // ..............Z.
	0x00, 0x00, 0x81, 0x00, 0x05, 0x00, 0x07, 0x00, 0x00, 0x00, 0xf5, 0x01, 0x00, 0x00, 0xf1, 0x01, // ................
	0x00, 0x00, 0xf4, 0x01, 0x00, 0x00, 0x81, 0x00, 0x05, 0x00, 0x0b, 0x00, 0x00, 0x00, 0x70, 0x01, // ..............p.
	0x00, 0x00, 0x01, 0x01, 0x00, 0x00, 0x69, 0x01, 0x00, 0x00, 0x56, 0x00, 0x05, 0x00, 0x35, 0x00, // ......i...V...5.
	0x00, 0x00, 0x1c, 0x02, 0x00, 0x00, 0x2a, 0x00, 0x00, 0x00, 0x27, 0x00, 0x00, 0x00, 0x57, 0x00, // ......*...'...W.
	0x05, 0x00, 0x0d, 0x00, 0x00, 0x00, 0x1e, 0x02, 0x00, 0x00, 0x1c, 0x02, 0x00, 0x00, 0x70, 0x01, // ..............p.
	0x00, 0x00, 0x8e, 0x00, 0x05, 0x00, 0x0d, 0x00, 0x00, 0x00, 0x07, 0x02, 0x00, 0x00, 0x1e, 0x02, // ................
	0x00, 0x00, 0x45, 0x00, 0x00, 0x00, 0x51, 0x00, 0x05, 0x00, 0x07, 0x00, 0x00, 0x00, 0x09, 0x02, // ..E...Q.........
	0x00, 0x00, 0x07, 0x02, 0x00, 0x00, 0x02, 0x00, 0x00, 0x00, 0x51, 0x00, 0x05, 0x00, 0x07, 0x00, // ..........Q.....
	0x00, 0x00, 0x0b, 0x02, 0x00, 0x00, 0x07, 0x02, 0x00, 0x00, 0x01, 0x00, 0x00, 0x00, 0x85, 0x00, // ................
	0x05, 0x00, 0x07, 0x00, 0x00, 0x00, 0x0c, 0x02, 0x00, 0x00, 0x0b, 0x02, 0x00, 0x00, 0x4e, 0x00, // ..............N.
	0x00, 0x00, 0x81, 0x00, 0x05, 0x00, 0x07, 0x00, 0x00, 0x00, 0x0d, 0x02, 0x00, 0x00, 0x09, 0x02, // ................
	0x00, 0x00, 0x0c, 0x02, 0x00, 0x00, 0x51, 0x00, 0x05, 0x00, 0x07, 0x00, 0x00, 0x00, 0x0f, 0x02, // ......Q.........
	0x00, 0x00, 0x07, 0x02, 0x00, 0x00, 0x00, 0x00, 0x00, 0x00, 0x85, 0x00, 0x05, 0x00, 0x07, 0x00, // ................
	0x00, 0x00, 0x10, 0x02, 0x00, 0x00, 0x0f, 0x02, 0x00, 0x00, 0x54, 0x00, 0x00, 0x00, 0x81, 0x00, // ..........T.....
	0x05, 0x00, 0x07, 0x00, 0x00, 0x00, 0x11, 0x02, 0x00, 0x00, 0x0d, 0x02, 0x00, 0x00, 0x10, 0x02, // ................
	0x00, 0x00, 0x51, 0x00, 0x05, 0x00, 0x07, 0x00, 0x00, 0x00, 0x13, 0x02, 0x00, 0x00, 0x07, 0x02, // ..Q.............
	0x00, 0x00, 0x03, 0x00, 0x00, 0x00, 0x85, 0x00, 0x05, 0x00, 0x07, 0x00, 0x00, 0x00, 0x14, 0x02, // ................
	0x00, 0x00, 0x13, 0x02, 0x00, 0x00, 0x5a, 0x00, 0x00, 0x00, 0x81, 0x00, 0x05, 0x00, 0x07, 0x00, // ......Z.........
	0x00, 0x00, 0x15, 0x02, 0x00, 0x00, 0x11, 0x02, 0x00, 0x00, 0x14, 0x02, 0x00, 0x00, 0x41, 0x00, // ..............A.
	0x06, 0x00, 0x67, 0x00, 0x00, 0x00, 0x73, 0x01, 0x00, 0x00, 0x66, 0x00, 0x00, 0x00, 0x31, 0x00, // ..g...s...f...1.
	0x00, 0x00, 0x4b, 0x00, 0x00, 0x00, 0x3d, 0x00, 0x04, 0x00, 0x07, 0x00, 0x00, 0x00, 0x74, 0x01, // ..K...=.......t.
	0x00, 0x00, 0x73, 0x01, 0x00, 0x00, 0x50, 0x00, 0x05, 0x00, 0x0b, 0x00, 0x00, 0x00, 0x75, 0x01, // ..s...P.......u.
	0x00, 0x00, 0x60, 0x00, 0x00, 0x00, 0x74, 0x01, 0x00, 0x00, 0x83, 0x00, 0x05, 0x00, 0x0b, 0x00, // ..`...t.........
	0x00, 0x00, 0x76, 0x01, 0x00, 0x00, 0x01, 0x01, 0x00, 0x00, 0x75, 0x01, 0x00, 0x00, 0x56, 0x00, // ..v.......u...V.
	0x05, 0x00, 0x35, 0x00, 0x00, 0x00, 0x3c, 0x02, 0x00, 0x00, 0x2a, 0x00, 0x00, 0x00, 0x27, 0x00, // ..5...<...*...'.
	0x00, 0x00, 0x57, 0x00, 0x05, 0x00, 0x0d, 0x00, 0x00, 0x00, 0x3e, 0x02, 0x00, 0x00, 0x3c, 0x02, // ..W.......>...<.
	0x00, 0x00, 0x76, 0x01, 0x00, 0x00, 0x8e, 0x00, 0x05, 0x00, 0x0d, 0x00, 0x00, 0x00, 0x27, 0x02, // ..v...........'.
	0x00, 0x00, 0x3e, 0x02, 0x00, 0x00, 0x45, 0x00, 0x00, 0x00, 0x51, 0x00, 0x05, 0x00, 0x07, 0x00, // ..>...E...Q.....
	0x00, 0x00, 0x29, 0x02, 0x00, 0x00, 0x27, 0x02, 0x00, 0x00, 0x02, 0x00, 0x00, 0x00, 0x51, 0x00, // ..)...'.......Q.
	0x05, 0x00, 0x07, 0x00, 0x00, 0x00, 0x2b, 0x02, 0x00, 0x00, 0x27, 0x02, 0x00, 0x00, 0x01, 0x00, // ......+...'.....
	0x00, 0x00, 0x85, 0x00, 0x05, 0x00, 0x07, 0x00, 0x00, 0x00, 0x2c, 0x02, 0x00, 0x00, 0x2b, 0x02, // ..........,...+.
	0x00, 0x00, 0x4e, 0x00, 0x00, 0x00, 0x81, 0x00, 0x05, 0x00, 0x07, 0x00, 0x00, 0x00, 0x2d, 0x02, // ..N...........-.
	0x00, 0x00, 0x29, 0x02, 0x00, 0x00, 0x2c, 0x02, 0x00, 0x00, 0x51, 0x00, 0x05, 0x00, 0x07, 0x00, // ..)...,...Q.....
	0x00, 0x00, 0x2f, 0x02, 0x00, 0x00, 0x27, 0x02, 0x00, 0x00, 0x00, 0x00, 0x00, 0x00, 0x85, 0x00, // ../...'.........
	0x05, 0x00, 0x07, 0x00, 0x00, 0x00, 0x30, 0x02, 0x00, 0x00, 0x2f, 0x02, 0x00, 0x00, 0x54, 0x00, // ......0.../...T.
	0x00, 0x00, 0x81, 0x00, 0x05, 0x00, 0x07, 0x00, 0x00, 0x00, 0x31, 0x02, 0x00, 0x00, 0x2d, 0x02, // ..........1...-.
	0x00, 0x00, 0x30, 0x02, 0x00, 0x00, 0x51, 0x00, 0x05, 0x00, 0x07, 0x00, 0x00, 0x00, 0x33, 0x02, // ..0...Q.......3.
	0x00, 0x00, 0x27, 0x02, 0x00, 0x00, 0x03, 0x00, 0x00, 0x00, 0x85, 0x00, 0x05, 0x00, 0x07, 0x00, // ..'.............
	0x00, 0x00, 0x34, 0x02, 0x00, 0x00, 0x33, 0x02, 0x00, 0x00, 0x5a, 0x00, 0x00, 0x00, 0x81, 0x00, // ..4...3...Z.....
	0x05, 0x00, 0x07, 0x00, 0x00, 0x00, 0x35, 0x02, 0x00, 0x00, 0x31, 0x02, 0x00, 0x00, 0x34, 0x02, // ......5...1...4.
	0x00, 0x00, 0x81, 0x00, 0x05, 0x00, 0x0b, 0x00, 0x00, 0x00, 0x7c, 0x01, 0x00, 0x00, 0x01, 0x01, // ..........|.....
	0x00, 0x00, 0x75, 0x01, 0x00, 0x00, 0x56, 0x00, 0x05, 0x00, 0x35, 0x00, 0x00, 0x00, 0x5c, 0x02, // ..u...V...5.....
	0x00, 0x00, 0x2a, 0x00, 0x00, 0x00, 0x27, 0x00, 0x00, 0x00, 0x57, 0x00, 0x05, 0x00, 0x0d, 0x00, // ..*...'...W.....
	0x00, 0x00, 0x5e, 0x02, 0x00, 0x00, 0x5c, 0x02, 0x00, 0x00, 0x7c, 0x01, 0x00, 0x00, 0x8e, 0x00, // ..^.......|.....
	0x05, 0x00, 0x0d, 0x00, 0x00, 0x00, 0x47, 0x02, 0x00, 0x00, 0x5e, 0x02, 0x00, 0x00, 0x45, 0x00, // ......G...^...E.
	0x00, 0x00, 0x51, 0x00, 0x05, 0x00, 0x07, 0x00, 0x00, 0x00, 0x49, 0x02, 0x00, 0x00, 0x47, 0x02, // ..Q.......I...G.
	0x00, 0x00, 0x02, 0x00, 0x00, 0x00, 0x51, 0x00, 0x05, 0x00, 0x07, 0x00, 0x00, 0x00, 0x4b, 0x02, // ......Q.......K.
	0x00, 0x00, 0x47, 0x02, 0x00, 0x00, 0x01, 0x00, 0x00, 0x00, 0x85, 0x00, 0x05, 0x00, 0x07, 0x00, // ..G.............
	0x00, 0x00, 0x4c, 0x02, 0x00, 0x00, 0x4b, 0x02, 0x00, 0x00, 0x4e, 0x00, 0x00, 0x00, 0x81, 0x00, // ..L...K...N.....
	0x05, 0x00, 0x07, 0x00, 0x00, 0x00, 0x4d, 0x02, 0x00, 0x00, 0x49, 0x02, 0x00, 0x00, 0x4c, 0x02, // ......M...I...L.
	0x00, 0x00, 0x51, 0x00, 0x05, 0x00, 0x07, 0x00, 0x00, 0x00, 0x4f, 0x02, 0x00, 0x00, 0x47, 0x02, // ..Q.......O...G.
	0x00, 0x00, 0x00, 0x00, 0x00, 0x00, 0x85, 0x00, 0x05, 0x00, 0x07, 0x00, 0x00, 0x00, 0x50, 0x02, // ..............P.
	0x00, 0x00, 0x4f, 0x02, 0x00, 0x00, 0x54, 0x00, 0x00, 0x00, 0x81, 0x00, 0x05, 0x00, 0x07, 0x00, // ..O...T.........
	0x00, 0x00, 0x51, 0x02, 0x00, 0x00, 0x4d, 0x02, 0x00, 0x00, 0x50, 0x02, 0x00, 0x00, 0x51, 0x00, // ..Q...M...P...Q.
	0x05, 0x00, 0x07, 0x00, 0x00, 0x00, 0x53, 0x02, 0x00, 0x00, 0x47, 0x02, 0x00, 0x00, 0x03, 0x00, // ......S...G.....
	0x00, 0x00, 0x85, 0x00, 0x05, 0x00, 0x07, 0x00, 0x00, 0x00, 0x54, 0x02, 0x00, 0x00, 0x53, 0x02, // ..........T...S.
	0x00, 0x00, 0x5a, 0x00, 0x00, 0x00, 0x81, 0x00, 0x05, 0x00, 0x07, 0x00, 0x00, 0x00, 0x55, 0x02, // ..Z...........U.
	0x00, 0x00, 0x51, 0x02, 0x00, 0x00, 0x54, 0x02, 0x00, 0x00, 0x83, 0x00, 0x05, 0x00, 0x07, 0x00, // ..Q...T.........
	0x00, 0x00, 0x80, 0x01, 0x00, 0x00, 0xf5, 0x01, 0x00, 0x00, 0xcc, 0x01, 0x00, 0x00, 0x0c, 0x00, // ................
	0x06, 0x00, 0x07, 0x00, 0x00, 0x00, 0x81, 0x01, 0x00, 0x00, 0x01, 0x00, 0x00, 0x00, 0x04, 0x00, // ................
	0x00, 0x00, 0x80, 0x01, 0x00, 0x00, 0x83, 0x00, 0x05, 0x00, 0x07, 0x00, 0x00, 0x00, 0x84, 0x01, // ................
	0x00, 0x00, 0x15, 0x02, 0x00, 0x00, 0xcc, 0x01, 0x00, 0x00, 0x0c, 0x00, 0x06, 0x00, 0x07, 0x00, // ................
	0x00, 0x00, 0x85, 0x01, 0x00, 0x00, 0x01, 0x00, 0x00, 0x00, 0x04, 0x00, 0x00, 0x00, 0x84, 0x01, // ................
	0x00, 0x00, 0x0c, 0x00, 0x07, 0x00, 0x07, 0x00, 0x00, 0x00, 0x86, 0x01, 0x00, 0x00, 0x01, 0x00, // ................
	0x00, 0x00, 0x28, 0x00, 0x00, 0x00, 0x81, 0x01, 0x00, 0x00, 0x85, 0x01, 0x00, 0x00, 0x83, 0x00, // ..(.............
	0x05, 0x00, 0x07, 0x00, 0x00, 0x00, 0x89, 0x01, 0x00, 0x00, 0x35, 0x02, 0x00, 0x00, 0xcc, 0x01, // ..........5.....
	0x00, 0x00, 0x0c, 0x00, 0x06, 0x00, 0x07, 0x00, 0x00, 0x00, 0x8a, 0x01, 0x00, 0x00, 0x01, 0x00, // ................
	0x00, 0x00, 0x04, 0x00, 0x00, 0x00, 0x89, 0x01, 0x00, 0x00, 0x83, 0x00, 0x05, 0x00, 0x07, 0x00, // ................
	0x00, 0x00, 0x8d, 0x01, 0x00, 0x00, 0x55, 0x02, 0x00, 0x00, 0xcc, 0x01, 0x00, 0x00, 0x0c, 0x00, // ......U.........
	0x06, 0x00, 0x07, 0x00, 0x00, 0x00, 0x8e, 0x01, 0x00, 0x00, 0x01, 0x00, 0x00, 0x00, 0x04, 0x00, // ................
	0x00, 0x00, 0x8d, 0x01, 0x00, 0x00, 0x0c, 0x00, 0x07, 0x00, 0x07, 0x00, 0x00, 0x00, 0x8f, 0x01, // ................
	0x00, 0x00, 0x01, 0x00, 0x00, 0x00, 0x28, 0x00, 0x00, 0x00, 0x8a, 0x01, 0x00, 0x00, 0x8e, 0x01, // ......(.........
	0x00, 0x00, 0x83, 0x00, 0x05, 0x00, 0x07, 0x00, 0x00, 0x00, 0x92, 0x01, 0x00, 0x00, 0xf5, 0x01, // ................
	0x00, 0x00, 0x40, 0x01, 0x00, 0x00, 0x0c, 0x00, 0x06, 0x00, 0x07, 0x00, 0x00, 0x00, 0x93, 0x01, // ..@.............
	0x00, 0x00, 0x01, 0x00, 0x00, 0x00, 0x04, 0x00, 0x00, 0x00, 0x92, 0x01, 0x00, 0x00, 0x83, 0x00, // ................
	0x05, 0x00, 0x07, 0x00, 0x00, 0x00, 0x96, 0x01, 0x00, 0x00, 0x15, 0x02, 0x00, 0x00, 0x40, 0x01, // ..............@.
	0x00, 0x00, 0x0c, 0x00, 0x06, 0x00, 0x07, 0x00, 0x00, 0x00, 0x97, 0x01, 0x00, 0x00, 0x01, 0x00, // ................
	0x00, 0x00, 0x04, 0x00, 0x00, 0x00, 0x96, 0x01, 0x00, 0x00, 0x0c, 0x00, 0x07, 0x00, 0x07, 0x00, // ................
	0x00, 0x00, 0x98, 0x01, 0x00, 0x00, 0x01, 0x00, 0x00, 0x00, 0x28, 0x00, 0x00, 0x00, 0x93, 0x01, // ..........(.....
	0x00, 0x00, 0x97, 0x01, 0x00, 0x00, 0x83, 0x00, 0x05, 0x00, 0x07, 0x00, 0x00, 0x00, 0x9b, 0x01, // ................
	0x00, 0x00, 0x35, 0x02, 0x00, 0x00, 0x40, 0x01, 0x00, 0x00, 0x0c, 0x00, 0x06, 0x00, 0x07, 0x00, // ..5...@.........
	0x00, 0x00, 0x9c, 0x01, 0x00, 0x00, 0x01, 0x00, 0x00, 0x00, 0x04, 0x00, 0x00, 0x00, 0x9b, 0x01, // ................
	0x00, 0x00, 0x83, 0x00, 0x05, 0x00, 0x07, 0x00, 0x00, 0x00, 0x9f, 0x01, 0x00, 0x00, 0x55, 0x02, // ..............U.
	0x00, 0x00, 0x40, 0x01, 0x00, 0x00, 0x0c, 0x00, 0x06, 0x00, 0x07, 0x00, 0x00, 0x00, 0xa0, 0x01, // ..@.............
	0x00, 0x00, 0x01, 0x00, 0x00, 0x00, 0x04, 0x00, 0x00, 0x00, 0x9f, 0x01, 0x00, 0x00, 0x0c, 0x00, // ................
	0x07, 0x00, 0x07, 0x00, 0x00, 0x00, 0xa1, 0x01, 0x00, 0x00, 0x01, 0x00, 0x00, 0x00, 0x28, 0x00, // ..............(.
	0x00, 0x00, 0x9c, 0x01, 0x00, 0x00, 0xa0, 0x01, 0x00, 0x00, 0x0c, 0x00, 0x07, 0x00, 0x07, 0x00, // ................
	0x00, 0x00, 0xa5, 0x01, 0x00, 0x00, 0x01, 0x00, 0x00, 0x00, 0x28, 0x00, 0x00, 0x00, 0x86, 0x01, // ..........(.....
	0x00, 0x00, 0x8f, 0x01, 0x00, 0x00, 0xba, 0x00, 0x05, 0x00, 0x6a, 0x00, 0x00, 0x00, 0xa6, 0x01, // ..........j.....
	0x00, 0x00, 0xa5, 0x01, 0x00, 0x00, 0x6f, 0x00, 0x00, 0x00, 0x0c, 0x00, 0x07, 0x00, 0x07, 0x00, // ......o.........
	0x00, 0x00, 0xa9, 0x01, 0x00, 0x00, 0x01, 0x00, 0x00, 0x00, 0x28, 0x00, 0x00, 0x00, 0x98, 0x01, // ..........(.....
	0x00, 0x00, 0xa1, 0x01, 0x00, 0x00, 0xba, 0x00, 0x05, 0x00, 0x6a, 0x00, 0x00, 0x00, 0xaa, 0x01, // ..........j.....
	0x00, 0x00, 0xa9, 0x01, 0x00, 0x00, 0x6f, 0x00, 0x00, 0x00, 0xa9, 0x00, 0x06, 0x00, 0x6a, 0x00, // ......o.......j.
	0x00, 0x00, 0xab, 0x01, 0x00, 0x00, 0x43, 0x01, 0x00, 0x00, 0xa6, 0x01, 0x00, 0x00, 0xaa, 0x01, // ......C.........
	0x00, 0x00, 0x41, 0x00, 0x05, 0x00, 0xf4, 0x00, 0x00, 0x00, 0xad, 0x01, 0x00, 0x00, 0x66, 0x00, // ..A...........f.
	0x00, 0x00, 0xf3, 0x00, 0x00, 0x00, 0x3d, 0x00, 0x04, 0x00, 0x0d, 0x00, 0x00, 0x00, 0xae, 0x01, // ......=.........
	0x00, 0x00, 0xad, 0x01, 0x00, 0x00, 0x50, 0x00, 0x07, 0x00, 0xf7, 0x00, 0x00, 0x00, 0xaf, 0x01, // ......P.........
	0x00, 0x00, 0xab, 0x01, 0x00, 0x00, 0xab, 0x01, 0x00, 0x00, 0xab, 0x01, 0x00, 0x00, 0xab, 0x01, // ................
	0x00, 0x00, 0xa9, 0x00, 0x06, 0x00, 0x0d, 0x00, 0x00, 0x00, 0xb0, 0x01, 0x00, 0x00, 0xaf, 0x01, // ................
	0x00, 0x00, 0xae, 0x01, 0x00, 0x00, 0x91, 0x00, 0x00, 0x00, 0xf9, 0x00, 0x02, 0x00, 0xb1, 0x01, // ................
	0x00, 0x00, 0xf8, 0x00, 0x02, 0x00, 0xb1, 0x01, 0x00, 0x00, 0xf5, 0x00, 0x0b, 0x00, 0x0d, 0x00, // ................
	0x00, 0x00, 0x8f, 0x02, 0x00, 0x00, 0x91, 0x00, 0x00, 0x00, 0x59, 0x01, 0x00, 0x00, 0x91, 0x00, // ..........Y.....
	0x00, 0x00, 0x5f, 0x01, 0x00, 0x00, 0x91, 0x00, 0x00, 0x00, 0x63, 0x01, 0x00, 0x00, 0xb0, 0x01, // .._.......c.....
	0x00, 0x00, 0x65, 0x01, 0x00, 0x00, 0x3e, 0x00, 0x03, 0x00, 0x0b, 0x01, 0x00, 0x00, 0x8f, 0x02, // ..e...>.........
	0x00, 0x00, 0xfd, 0x00, 0x01, 0x00, 0x38, 0x00, 0x01, 0x00, 0x00, 0x00, 0x30, 0x00,             // ......8.....0.
};

static const uint8_t fs_outline_overlay_dx11[1762] =
{
	0x46, 0x53, 0x48, 0x0b, 0x89, 0xeb, 0xbe, 0x46, 0x00, 0x00, 0x00, 0x00, 0x04, 0x00, 0x0b, 0x75, // FSH....F.......u
	0x5f, 0x76, 0x69, 0x65, 0x77, 0x54, 0x65, 0x78, 0x65, 0x6c, 0x12, 0x00, 0x00, 0x00, 0x01, 0x00, // _viewTexel......
	0x00, 0x00, 0x00, 0x00, 0x10, 0x75, 0x5f, 0x6f, 0x75, 0x74, 0x6c, 0x69, 0x6e, 0x65, 0x5f, 0x70, // .....u_outline_p
	0x61, 0x72, 0x61, 0x6d, 0x73, 0x12, 0x00, 0x10, 0x00, 0x01, 0x00, 0x00, 0x00, 0x00, 0x00, 0x0f, // arams...........
	0x75, 0x5f, 0x6f, 0x75, 0x74, 0x6c, 0x69, 0x6e, 0x65, 0x5f, 0x63, 0x6f, 0x6c, 0x6f, 0x72, 0x12, // u_outline_color.
	0x00, 0x20, 0x00, 0x01, 0x00, 0x00, 0x00, 0x00, 0x00, 0x0a, 0x73, 0x5f, 0x74, 0x65, 0x78, 0x43, // . ........s_texC
	0x6f, 0x6c, 0x6f, 0x72, 0x30, 0x01, 0x00, 0x00, 0x01, 0x00, 0x00, 0x00, 0x00, 0x00, 0x6c, 0x06, // olor0.........l.
	0x00, 0x00, 0x44, 0x58, 0x42, 0x43, 0xac, 0x65, 0xcc, 0xa7, 0x14, 0x4e, 0xc0, 0xc1, 0xde, 0x90, // ..DXBC.e...N....
	0xf3, 0x4e, 0xad, 0x0d, 0x12, 0xfd, 0x01, 0x00, 0x00, 0x00, 0x6c, 0x06, 0x00, 0x00, 0x03, 0x00, // .N........l.....
	0x00, 0x00, 0x2c, 0x00, 0x00, 0x00, 0x84, 0x00, 0x00, 0x00, 0xb8, 0x00, 0x00, 0x00, 0x49, 0x53, // ..,...........IS
	0x47, 0x4e, 0x50, 0x00, 0x00, 0x00, 0x02, 0x00, 0x00, 0x00, 0x08, 0x00, 0x00, 0x00, 0x38, 0x00, // GNP...........8.
	0x00, 0x00, 0x00, 0x00, 0x00, 0x00, 0x01, 0x00, 0x00, 0x00, 0x03, 0x00, 0x00, 0x00, 0x00, 0x00, // ................
	0x00, 0x00, 0x0f, 0x00, 0x00, 0x00, 0x44, 0x00, 0x00, 0x00, 0x00, 0x00, 0x00, 0x00, 0x00, 0x00, // ......D.........
	0x00, 0x00, 0x03, 0x00, 0x00, 0x00, 0x01, 0x00, 0x00, 0x00, 0x03, 0x03, 0x00, 0x00, 0x53, 0x56, // ..............SV
	0x5f, 0x50, 0x4f, 0x53, 0x49, 0x54, 0x49, 0x4f, 0x4e, 0x00, 0x54, 0x45, 0x58, 0x43, 0x4f, 0x4f, // _POSITION.TEXCOO
	0x52, 0x44, 0x00, 0xab, 0xab, 0xab, 0x4f, 0x53, 0x47, 0x4e, 0x2c, 0x00, 0x00, 0x00, 0x01, 0x00, // RD....OSGN,.....
	0x00, 0x00, 0x08, 0x00, 0x00, 0x00, 0x20, 0x00, 0x00, 0x00, 0x00, 0x00, 0x00, 0x00, 0x00, 0x00, // ...... .........
	0x00, 0x00, 0x03, 0x00, 0x00, 0x00, 0x00, 0x00, 0x00, 0x00, 0x0f, 0x00, 0x00, 0x00, 0x53, 0x56, // ..............SV
	0x5f, 0x54, 0x41, 0x52, 0x47, 0x45, 0x54, 0x00, 0xab, 0xab, 0x53, 0x48, 0x44, 0x52, 0xac, 0x05, // _TARGET...SHDR..
	0x00, 0x00, 0x40, 0x00, 0x00, 0x00, 0x6b, 0x01, 0x00, 0x00, 0x59, 0x00, 0x00, 0x04, 0x46, 0x8e, // ..@...k...Y...F.
	0x20, 0x00, 0x00, 0x00, 0x00, 0x00, 0x03, 0x00, 0x00, 0x00, 0x5a, 0x00, 0x00, 0x03, 0x00, 0x60, //  .........Z....`
	0x10, 0x00, 0x00, 0x00, 0x00, 0x00, 0x58, 0x18, 0x00, 0x04, 0x00, 0x70, 0x10, 0x00, 0x00, 0x00, // ......X....p....
	0x00, 0x00, 0x55, 0x55, 0x00, 0x00, 0x62, 0x10, 0x00, 0x03, 0x32, 0x10, 0x10, 0x00, 0x01, 0x00, // ..UU..b...2.....
	0x00, 0x00, 0x65, 0x00, 0x00, 0x03, 0xf2, 0x20, 0x10, 0x00, 0x00, 0x00, 0x00, 0x00, 0x68, 0x00, // ..e.... ......h.
	0x00, 0x02, 0x04, 0x00, 0x00, 0x00, 0x31, 0x00, 0x00, 0x08, 0x12, 0x00, 0x10, 0x00, 0x00, 0x00, // ......1.........
	0x00, 0x00, 0x01, 0x40, 0x00, 0x00, 0x00, 0x00, 0x00, 0x3f, 0x1a, 0x80, 0x20, 0x00, 0x00, 0x00, // ...@.....?.. ...
	0x00, 0x00, 0x01, 0x00, 0x00, 0x00, 0x45, 0x00, 0x00, 0x09, 0xf2, 0x00, 0x10, 0x00, 0x01, 0x00, // ......E.........
	0x00, 0x00, 0x46, 0x10, 0x10, 0x00, 0x01, 0x00, 0x00, 0x00, 0x46, 0x7e, 0x10, 0x00, 0x00, 0x00, // ..F.......F~....
	0x00, 0x00, 0x00, 0x60, 0x10, 0x00, 0x00, 0x00, 0x00, 0x00, 0x11, 0x00, 0x00, 0x0a, 0x22, 0x00, // ...`..........".
	0x10, 0x00, 0x00, 0x00, 0x00, 0x00, 0x66, 0x0c, 0x10, 0x00, 0x01, 0x00, 0x00, 0x00, 0x02, 0x40, // ......f........@
	0x00, 0x00, 0x00, 0x00, 0x7f, 0x43, 0x00, 0x00, 0x7f, 0x47, 0x00, 0x00, 0x7f, 0x4b, 0x00, 0x00, // .....C...G...K..
	0x7f, 0x4f, 0x1f, 0x00, 0x04, 0x03, 0x0a, 0x00, 0x10, 0x00, 0x00, 0x00, 0x00, 0x00, 0x33, 0x00, // .O............3.
	0x00, 0x07, 0xc2, 0x00, 0x10, 0x00, 0x00, 0x00, 0x00, 0x00, 0x56, 0x0d, 0x10, 0x00, 0x01, 0x00, // ..........V.....
	0x00, 0x00, 0x06, 0x08, 0x10, 0x00, 0x01, 0x00, 0x00, 0x00, 0x33, 0x00, 0x00, 0x07, 0x42, 0x00, // ..........3...B.
	0x10, 0x00, 0x00, 0x00, 0x00, 0x00, 0x3a, 0x00, 0x10, 0x00, 0x00, 0x00, 0x00, 0x00, 0x2a, 0x00, // ......:.......*.
	0x10, 0x00, 0x00, 0x00, 0x00, 0x00, 0x31, 0x00, 0x00, 0x07, 0x42, 0x00, 0x10, 0x00, 0x00, 0x00, // ......1...B.....
	0x00, 0x00, 0x01, 0x40, 0x00, 0x00, 0x00, 0x80, 0x7e, 0x43, 0x2a, 0x00, 0x10, 0x00, 0x00, 0x00, // ...@....~C*.....
	0x00, 0x00, 0x1f, 0x00, 0x04, 0x03, 0x2a, 0x00, 0x10, 0x00, 0x00, 0x00, 0x00, 0x00, 0x36, 0x00, // ......*.......6.
	0x00, 0x08, 0xf2, 0x20, 0x10, 0x00, 0x00, 0x00, 0x00, 0x00, 0x02, 0x40, 0x00, 0x00, 0x00, 0x00, // ... .......@....
	0x00, 0x00, 0x00, 0x00, 0x00, 0x00, 0x00, 0x00, 0x00, 0x00, 0x00, 0x00, 0x00, 0x00, 0x3e, 0x00, // ..............>.
	0x00, 0x01, 0x15, 0x00, 0x00, 0x01, 0x12, 0x00, 0x00, 0x01, 0x39, 0x00, 0x00, 0x08, 0x42, 0x00, // ..........9...B.
	0x10, 0x00, 0x00, 0x00, 0x00, 0x00, 0x1a, 0x00, 0x10, 0x00, 0x00, 0x00, 0x00, 0x00, 0x0a, 0x80, // ................
	0x20, 0x00, 0x00, 0x00, 0x00, 0x00, 0x01, 0x00, 0x00, 0x00, 0x1f, 0x00, 0x04, 0x03, 0x2a, 0x00, //  .............*.
	0x10, 0x00, 0x00, 0x00, 0x00, 0x00, 0x36, 0x00, 0x00, 0x08, 0xf2, 0x20, 0x10, 0x00, 0x00, 0x00, // ......6.... ....
	0x00, 0x00, 0x02, 0x40, 0x00, 0x00, 0x00, 0x00, 0x00, 0x00, 0x00, 0x00, 0x00, 0x00, 0x00, 0x00, // ...@............
	0x00, 0x00, 0x00, 0x00, 0x00, 0x00, 0x3e, 0x00, 0x00, 0x01, 0x15, 0x00, 0x00, 0x01, 0x31, 0x00, // ......>.......1.
	0x00, 0x08, 0x42, 0x00, 0x10, 0x00, 0x00, 0x00, 0x00, 0x00, 0x0a, 0x80, 0x20, 0x00, 0x00, 0x00, // ..B......... ...
	0x00, 0x00, 0x01, 0x00, 0x00, 0x00, 0x01, 0x40, 0x00, 0x00, 0x00, 0x00, 0x00, 0x3f, 0x1f, 0x00, // .......@.....?..
	0x04, 0x03, 0x2a, 0x00, 0x10, 0x00, 0x00, 0x00, 0x00, 0x00, 0x36, 0x00, 0x00, 0x08, 0xf2, 0x20, // ..*.......6.... 
	0x10, 0x00, 0x00, 0x00, 0x00, 0x00, 0x02, 0x40, 0x00, 0x00, 0x00, 0x00, 0x00, 0x00, 0x00, 0x00, // .......@........
	0x00, 0x00, 0x00, 0x00, 0x00, 0x00, 0x00, 0x00, 0x00, 0x00, 0x3e, 0x00, 0x00, 0x01, 0x15, 0x00, // ..........>.....
	0x00, 0x01, 0x15, 0x00, 0x00, 0x01, 0x36, 0x00, 0x00, 0x06, 0x92, 0x00, 0x10, 0x00, 0x01, 0x00, // ......6.........
	0x00, 0x00, 0x06, 0x84, 0x20, 0x00, 0x00, 0x00, 0x00, 0x00, 0x00, 0x00, 0x00, 0x00, 0x36, 0x00, // .... .........6.
	0x00, 0x08, 0x62, 0x00, 0x10, 0x00, 0x01, 0x00, 0x00, 0x00, 0x02, 0x40, 0x00, 0x00, 0x00, 0x00, // ..b........@....
	0x00, 0x00, 0x00, 0x00, 0x00, 0x00, 0x00, 0x00, 0x00, 0x00, 0x00, 0x00, 0x00, 0x00, 0x00, 0x00, // ................
	0x00, 0x08, 0xf2, 0x00, 0x10, 0x00, 0x02, 0x00, 0x00, 0x00, 0x46, 0x0e, 0x10, 0x80, 0x41, 0x00, // ..........F...A.
	0x00, 0x00, 0x01, 0x00, 0x00, 0x00, 0x46, 0x14, 0x10, 0x00, 0x01, 0x00, 0x00, 0x00, 0x45, 0x00, // ......F.......E.
	0x00, 0x09, 0xf2, 0x00, 0x10, 0x00, 0x03, 0x00, 0x00, 0x00, 0x46, 0x00, 0x10, 0x00, 0x02, 0x00, // ..........F.....
	0x00, 0x00, 0x46, 0x7e, 0x10, 0x00, 0x00, 0x00, 0x00, 0x00, 0x00, 0x60, 0x10, 0x00, 0x00, 0x00, // ..F~.......`....
	0x00, 0x00, 0x11, 0x00, 0x00, 0x0a, 0x42, 0x00, 0x10, 0x00, 0x00, 0x00, 0x00, 0x00, 0x66, 0x0c, // ......B.......f.
	0x10, 0x00, 0x03, 0x00, 0x00, 0x00, 0x02, 0x40, 0x00, 0x00, 0x00, 0x00, 0x7f, 0x43, 0x00, 0x00, // .......@.....C..
	0x7f, 0x47, 0x00, 0x00, 0x7f, 0x4b, 0x00, 0x00, 0x7f, 0x4f, 0x00, 0x00, 0x00, 0x07, 0xf2, 0x00, // .G...K...O......
	0x10, 0x00, 0x01, 0x00, 0x00, 0x00, 0x46, 0x0e, 0x10, 0x00, 0x01, 0x00, 0x00, 0x00, 0x46, 0x14, // ......F.......F.
	0x10, 0x00, 0x01, 0x00, 0x00, 0x00, 0x45, 0x00, 0x00, 0x09, 0xf2, 0x00, 0x10, 0x00, 0x03, 0x00, // ......E.........
	0x00, 0x00, 0x46, 0x00, 0x10, 0x00, 0x01, 0x00, 0x00, 0x00, 0x46, 0x7e, 0x10, 0x00, 0x00, 0x00, // ..F.......F~....
	0x00, 0x00, 0x00, 0x60, 0x10, 0x00, 0x00, 0x00, 0x00, 0x00, 0x11, 0x00, 0x00, 0x0a, 0x82, 0x00, // ...`............
	0x10, 0x00, 0x00, 0x00, 0x00, 0x00, 0x66, 0x0c, 0x10, 0x00, 0x03, 0x00, 0x00, 0x00, 0x02, 0x40, // ......f........@
	0x00, 0x00, 0x00, 0x00, 0x7f, 0x43, 0x00, 0x00, 0x7f, 0x47, 0x00, 0x00, 0x7f, 0x4b, 0x00, 0x00, // .....C...G...K..
	0x7f, 0x4f, 0x45, 0x00, 0x00, 0x09, 0xf2, 0x00, 0x10, 0x00, 0x02, 0x00, 0x00, 0x00, 0xe6, 0x0a, // .OE.............
	0x10, 0x00, 0x02, 0x00, 0x00, 0x00, 0x46, 0x7e, 0x10, 0x00, 0x00, 0x00, 0x00, 0x00, 0x00, 0x60, // ......F~.......`
	0x10, 0x00, 0x00, 0x00, 0x00, 0x00, 0x11, 0x00, 0x00, 0x0a, 0x12, 0x00, 0x10, 0x00, 0x01, 0x00, // ................
	0x00, 0x00, 0x66, 0x0c, 0x10, 0x00, 0x02, 0x00, 0x00, 0x00, 0x02, 0x40, 0x00, 0x00, 0x00, 0x00, // ..f........@....
	0x7f, 0x43, 0x00, 0x00, 0x7f, 0x47, 0x00, 0x00, 0x7f, 0x4b, 0x00, 0x00, 0x7f, 0x4f, 0x45, 0x00, // .C...G...K...OE.
	0x00, 0x09, 0xf2, 0x00, 0x10, 0x00, 0x02, 0x00, 0x00, 0x00, 0xe6, 0x0a, 0x10, 0x00, 0x01, 0x00, // ................
	0x00, 0x00, 0x46, 0x7e, 0x10, 0x00, 0x00, 0x00, 0x00, 0x00, 0x00, 0x60, 0x10, 0x00, 0x00, 0x00, // ..F~.......`....
	0x00, 0x00, 0x11, 0x00, 0x00, 0x0a, 0x22, 0x00, 0x10, 0x00, 0x01, 0x00, 0x00, 0x00, 0x66, 0x0c, // ......".......f.
	0x10, 0x00, 0x02, 0x00, 0x00, 0x00, 0x02, 0x40, 0x00, 0x00, 0x00, 0x00, 0x7f, 0x43, 0x00, 0x00, // .......@.....C..
	0x7f, 0x47, 0x00, 0x00, 0x7f, 0x4b, 0x00, 0x00, 0x7f, 0x4f, 0x00, 0x00, 0x00, 0x08, 0xc2, 0x00, // .G...K...O......
	0x10, 0x00, 0x01, 0x00, 0x00, 0x00, 0x56, 0x05, 0x10, 0x80, 0x41, 0x00, 0x00, 0x00, 0x00, 0x00, // ......V...A.....
	0x00, 0x00, 0xa6, 0x0e, 0x10, 0x00, 0x00, 0x00, 0x00, 0x00, 0x34, 0x00, 0x00, 0x09, 0x42, 0x00, // ..........4...B.
	0x10, 0x00, 0x01, 0x00, 0x00, 0x00, 0x3a, 0x00, 0x10, 0x80, 0x81, 0x00, 0x00, 0x00, 0x01, 0x00, // ......:.........
	0x00, 0x00, 0x2a, 0x00, 0x10, 0x80, 0x81, 0x00, 0x00, 0x00, 0x01, 0x00, 0x00, 0x00, 0x00, 0x00, // ..*.............
	0x00, 0x08, 0x82, 0x00, 0x10, 0x00, 0x01, 0x00, 0x00, 0x00, 0x1a, 0x00, 0x10, 0x80, 0x41, 0x00, // ..............A.
	0x00, 0x00, 0x00, 0x00, 0x00, 0x00, 0x0a, 0x00, 0x10, 0x00, 0x01, 0x00, 0x00, 0x00, 0x00, 0x00, // ................
	0x00, 0x08, 0x22, 0x00, 0x10, 0x00, 0x00, 0x00, 0x00, 0x00, 0x1a, 0x00, 0x10, 0x80, 0x41, 0x00, // .."...........A.
	0x00, 0x00, 0x00, 0x00, 0x00, 0x00, 0x1a, 0x00, 0x10, 0x00, 0x01, 0x00, 0x00, 0x00, 0x34, 0x00, // ..............4.
	0x00, 0x09, 0x22, 0x00, 0x10, 0x00, 0x00, 0x00, 0x00, 0x00, 0x1a, 0x00, 0x10, 0x80, 0x81, 0x00, // ..".............
	0x00, 0x00, 0x00, 0x00, 0x00, 0x00, 0x3a, 0x00, 0x10, 0x80, 0x81, 0x00, 0x00, 0x00, 0x01, 0x00, // ......:.........
	0x00, 0x00, 0x00, 0x00, 0x00, 0x09, 0xc2, 0x00, 0x10, 0x00, 0x00, 0x00, 0x00, 0x00, 0xa6, 0x0e, // ................
	0x10, 0x00, 0x00, 0x00, 0x00, 0x00, 0x06, 0x80, 0x20, 0x80, 0x41, 0x00, 0x00, 0x00, 0x00, 0x00, // ........ .A.....
	0x00, 0x00, 0x01, 0x00, 0x00, 0x00, 0x34, 0x00, 0x00, 0x09, 0x42, 0x00, 0x10, 0x00, 0x00, 0x00, // ......4...B.....
	0x00, 0x00, 0x3a, 0x00, 0x10, 0x80, 0x81, 0x00, 0x00, 0x00, 0x00, 0x00, 0x00, 0x00, 0x2a, 0x00, // ..:...........*.
	0x10, 0x80, 0x81, 0x00, 0x00, 0x00, 0x00, 0x00, 0x00, 0x00, 0x00, 0x00, 0x00, 0x09, 0x82, 0x00, // ................
	0x10, 0x00, 0x00, 0x00, 0x00, 0x00, 0x0a, 0x00, 0x10, 0x00, 0x01, 0x00, 0x00, 0x00, 0x0a, 0x80, // ................
	0x20, 0x80, 0x41, 0x00, 0x00, 0x00, 0x00, 0x00, 0x00, 0x00, 0x01, 0x00, 0x00, 0x00, 0x00, 0x00, //  .A.............
	0x00, 0x09, 0x12, 0x00, 0x10, 0x00, 0x01, 0x00, 0x00, 0x00, 0x1a, 0x00, 0x10, 0x00, 0x01, 0x00, // ................
	0x00, 0x00, 0x0a, 0x80, 0x20, 0x80, 0x41, 0x00, 0x00, 0x00, 0x00, 0x00, 0x00, 0x00, 0x01, 0x00, // .... .A.........
	0x00, 0x00, 0x34, 0x00, 0x00, 0x09, 0x82, 0x00, 0x10, 0x00, 0x00, 0x00, 0x00, 0x00, 0x3a, 0x00, // ..4...........:.
	0x10, 0x80, 0x81, 0x00, 0x00, 0x00, 0x00, 0x00, 0x00, 0x00, 0x0a, 0x00, 0x10, 0x80, 0x81, 0x00, // ................
	0x00, 0x00, 0x01, 0x00, 0x00, 0x00, 0x34, 0x00, 0x00, 0x07, 0x22, 0x00, 0x10, 0x00, 0x00, 0x00, // ......4...".....
	0x00, 0x00, 0x1a, 0x00, 0x10, 0x00, 0x00, 0x00, 0x00, 0x00, 0x2a, 0x00, 0x10, 0x00, 0x01, 0x00, // ..........*.....
	0x00, 0x00, 0x34, 0x00, 0x00, 0x07, 0x42, 0x00, 0x10, 0x00, 0x00, 0x00, 0x00, 0x00, 0x3a, 0x00, // ..4...B.......:.
	0x10, 0x00, 0x00, 0x00, 0x00, 0x00, 0x2a, 0x00, 0x10, 0x00, 0x00, 0x00, 0x00, 0x00, 0x31, 0x00, // ......*.......1.
	0x00, 0x0a, 0x62, 0x00, 0x10, 0x00, 0x00, 0x00, 0x00, 0x00, 0x02, 0x40, 0x00, 0x00, 0x00, 0x00, // ..b........@....
	0x00, 0x00, 0x00, 0x00, 0x00, 0x3f, 0x00, 0x00, 0x00, 0x3f, 0x00, 0x00, 0x00, 0x00, 0x56, 0x06, // .....?...?....V.
	0x10, 0x00, 0x00, 0x00, 0x00, 0x00, 0x37, 0x00, 0x00, 0x09, 0x12, 0x00, 0x10, 0x00, 0x00, 0x00, // ......7.........
	0x00, 0x00, 0x0a, 0x00, 0x10, 0x00, 0x00, 0x00, 0x00, 0x00, 0x1a, 0x00, 0x10, 0x00, 0x00, 0x00, // ................
	0x00, 0x00, 0x2a, 0x00, 0x10, 0x00, 0x00, 0x00, 0x00, 0x00, 0x01, 0x00, 0x00, 0x08, 0xf2, 0x20, // ..*............ 
	0x10, 0x00, 0x00, 0x00, 0x00, 0x00, 0x06, 0x00, 0x10, 0x00, 0x00, 0x00, 0x00, 0x00, 0x46, 0x8e, // ..............F.
	0x20, 0x00, 0x00, 0x00, 0x00, 0x00, 0x02, 0x00, 0x00, 0x00, 0x3e, 0x00, 0x00, 0x01, 0x00, 0x00, //  .........>.....
	0x30, 0x00,                                                                                     // 0.
};

static const uint8_t fs_outline_overlay_dx12[1806] =
{
	0x46, 0x53, 0x48, 0x0b, 0x89, 0xeb, 0xbe, 0x46, 0x00, 0x00, 0x00, 0x00, 0x04, 0x00, 0x0b, 0x75, // FSH....F.......u
	0x5f, 0x76, 0x69, 0x65, 0x77, 0x54, 0x65, 0x78, 0x65, 0x6c, 0x12, 0x00, 0x00, 0x00, 0x01, 0x00, // _viewTexel......
	0x00, 0x00, 0x00, 0x00, 0x10, 0x75, 0x5f, 0x6f, 0x75, 0x74, 0x6c, 0x69, 0x6e, 0x65, 0x5f, 0x70, // .....u_outline_p
	0x61, 0x72, 0x61, 0x6d, 0x73, 0x12, 0x00, 0x10, 0x00, 0x01, 0x00, 0x00, 0x00, 0x00, 0x00, 0x0f, // arams...........
	0x75, 0x5f, 0x6f, 0x75, 0x74, 0x6c, 0x69, 0x6e, 0x65, 0x5f, 0x63, 0x6f, 0x6c, 0x6f, 0x72, 0x12, // u_outline_color.
	0x00, 0x20, 0x00, 0x01, 0x00, 0x00, 0x00, 0x00, 0x00, 0x0a, 0x73, 0x5f, 0x74, 0x65, 0x78, 0x43, // . ........s_texC
	0x6f, 0x6c, 0x6f, 0x72, 0x30, 0x01, 0x00, 0x00, 0x01, 0x00, 0x00, 0x00, 0x00, 0x00, 0x98, 0x06, // olor0...........
	0x00, 0x00, 0x44, 0x58, 0x42, 0x43, 0x77, 0xe5, 0x1e, 0xab, 0xf2, 0x30, 0x50, 0x05, 0x77, 0x0b, // ..DXBCw....0P.w.
	0x7a, 0x0b, 0x51, 0xdd, 0x17, 0x30, 0x01, 0x00, 0x00, 0x00, 0x98, 0x06, 0x00, 0x00, 0x03, 0x00, // z.Q..0..........
	0x00, 0x00, 0x2c, 0x00, 0x00, 0x00, 0x84, 0x00, 0x00, 0x00, 0xb8, 0x00, 0x00, 0x00, 0x49, 0x53, // ..,...........IS
	0x47, 0x4e, 0x50, 0x00, 0x00, 0x00, 0x02, 0x00, 0x00, 0x00, 0x08, 0x00, 0x00, 0x00, 0x38, 0x00, // GNP...........8.
	0x00, 0x00, 0x00, 0x00, 0x00, 0x00, 0x01, 0x00, 0x00, 0x00, 0x03, 0x00, 0x00, 0x00, 0x00, 0x00, // ................
	0x00, 0x00, 0x0f, 0x00, 0x00, 0x00, 0x44, 0x00, 0x00, 0x00, 0x00, 0x00, 0x00, 0x00, 0x00, 0x00, // ......D.........
	0x00, 0x00, 0x03, 0x00, 0x00, 0x00, 0x01, 0x00, 0x00, 0x00, 0x03, 0x03, 0x00, 0x00, 0x53, 0x56, // ..............SV
	0x5f, 0x50, 0x4f, 0x53, 0x49, 0x54, 0x49, 0x4f, 0x4e, 0x00, 0x54, 0x45, 0x58, 0x43, 0x4f, 0x4f, // _POSITION.TEXCOO
	0x52, 0x44, 0x00, 0xab, 0xab, 0xab, 0x4f, 0x53, 0x47, 0x4e, 0x2c, 0x00, 0x00, 0x00, 0x01, 0x00, // RD....OSGN,.....
	0x00, 0x00, 0x08, 0x00, 0x00, 0x00, 0x20, 0x00, 0x00, 0x00, 0x00, 0x00, 0x00, 0x00, 0x00, 0x00, // ...... .........
	0x00, 0x00, 0x03, 0x00, 0x00, 0x00, 0x00, 0x00, 0x00, 0x00, 0x0f, 0x00, 0x00, 0x00, 0x53, 0x56, // ..............SV
	0x5f, 0x54, 0x41, 0x52, 0x47, 0x45, 0x54, 0x00, 0xab, 0xab, 0x53, 0x48, 0x45, 0x58, 0xd8, 0x05, // _TARGET...SHEX..
	0x00, 0x00, 0x50, 0x00, 0x00, 0x00, 0x76, 0x01, 0x00, 0x00, 0x6a, 0x08, 0x00, 0x01, 0x59, 0x00, // ..P...v...j...Y.
	0x00, 0x04, 0x46, 0x8e, 0x20, 0x00, 0x00, 0x00, 0x00, 0x00, 0x03, 0x00, 0x00, 0x00, 0x5a, 0x00, // ..F. .........Z.
	0x00, 0x03, 0x00, 0x60, 0x10, 0x00, 0x00, 0x00, 0x00, 0x00, 0x58, 0x18, 0x00, 0x04, 0x00, 0x70, // ...`......X....p
	0x10, 0x00, 0x00, 0x00, 0x00, 0x00, 0x55, 0x55, 0x00, 0x00, 0x62, 0x10, 0x00, 0x03, 0x32, 0x10, // ......UU..b...2.
	0x10, 0x00, 0x01, 0x00, 0x00, 0x00, 0x65, 0x00, 0x00, 0x03, 0xf2, 0x20, 0x10, 0x00, 0x00, 0x00, // ......e.... ....
	0x00, 0x00, 0x68, 0x00, 0x00, 0x02, 0x04, 0x00, 0x00, 0x00, 0x31, 0x00, 0x00, 0x08, 0x12, 0x00, // ..h.......1.....
	0x10, 0x00, 0x00, 0x00, 0x00, 0x00, 0x01, 0x40, 0x00, 0x00, 0x00, 0x00, 0x00, 0x3f, 0x1a, 0x80, // .......@.....?..
	0x20, 0x00, 0x00, 0x00, 0x00, 0x00, 0x01, 0x00, 0x00, 0x00, 0x45, 0x00, 0x00, 0x8b, 0xc2, 0x00, //  .........E.....
	0x00, 0x80, 0x43, 0x55, 0x15, 0x00, 0xf2, 0x00, 0x10, 0x00, 0x01, 0x00, 0x00, 0x00, 0x46, 0x10, // ..CU..........F.
	0x10, 0x00, 0x01, 0x00, 0x00, 0x00, 0x46, 0x7e, 0x10, 0x00, 0x00, 0x00, 0x00, 0x00, 0x00, 0x60, // ......F~.......`
	0x10, 0x00, 0x00, 0x00, 0x00, 0x00, 0x11, 0x00, 0x00, 0x0a, 0x22, 0x00, 0x10, 0x00, 0x00, 0x00, // ..........".....
	0x00, 0x00, 0x66, 0x0c, 0x10, 0x00, 0x01, 0x00, 0x00, 0x00, 0x02, 0x40, 0x00, 0x00, 0x00, 0x00, // ..f........@....
	0x7f, 0x43, 0x00, 0x00, 0x7f, 0x47, 0x00, 0x00, 0x7f, 0x4b, 0x00, 0x00, 0x7f, 0x4f, 0x1f, 0x00, // .C...G...K...O..
	0x04, 0x03, 0x0a, 0x00, 0x10, 0x00, 0x00, 0x00, 0x00, 0x00, 0x33, 0x00, 0x00, 0x07, 0xc2, 0x00, // ..........3.....
	0x10, 0x00, 0x00, 0x00, 0x00, 0x00, 0x56, 0x0d, 0x10, 0x00, 0x01, 0x00, 0x00, 0x00, 0x06, 0x08, // ......V.........
	0x10, 0x00, 0x01, 0x00, 0x00, 0x00, 0x33, 0x00, 0x00, 0x07, 0x42, 0x00, 0x10, 0x00, 0x00, 0x00, // ......3...B.....
	0x00, 0x00, 0x3a, 0x00, 0x10, 0x00, 0x00, 0x00, 0x00, 0x00, 0x2a, 0x00, 0x10, 0x00, 0x00, 0x00, // ..:.......*.....
	0x00, 0x00, 0x31, 0x00, 0x00, 0x07, 0x42, 0x00, 0x10, 0x00, 0x00, 0x00, 0x00, 0x00, 0x01, 0x40, // ..1...B........@
	0x00, 0x00, 0x00, 0x80, 0x7e, 0x43, 0x2a, 0x00, 0x10, 0x00, 0x00, 0x00, 0x00, 0x00, 0x1f, 0x00, // ....~C*.........
	0x04, 0x03, 0x2a, 0x00, 0x10, 0x00, 0x00, 0x00, 0x00, 0x00, 0x36, 0x00, 0x00, 0x08, 0xf2, 0x20, // ..*.......6.... 
	0x10, 0x00, 0x00, 0x00, 0x00, 0x00, 0x02, 0x40, 0x00, 0x00, 0x00, 0x00, 0x00, 0x00, 0x00, 0x00, // .......@........
	0x00, 0x00, 0x00, 0x00, 0x00, 0x00, 0x00, 0x00, 0x00, 0x00, 0x3e, 0x00, 0x00, 0x01, 0x15, 0x00, // ..........>.....
	0x00, 0x01, 0x12, 0x00, 0x00, 0x01, 0x39, 0x00, 0x00, 0x08, 0x42, 0x00, 0x10, 0x00, 0x00, 0x00, // ......9...B.....
	0x00, 0x00, 0x1a, 0x00, 0x10, 0x00, 0x00, 0x00, 0x00, 0x00, 0x0a, 0x80, 0x20, 0x00, 0x00, 0x00, // ............ ...
	0x00, 0x00, 0x01, 0x00, 0x00, 0x00, 0x1f, 0x00, 0x04, 0x03, 0x2a, 0x00, 0x10, 0x00, 0x00, 0x00, // ..........*.....
	0x00, 0x00, 0x36, 0x00, 0x00, 0x08, 0xf2, 0x20, 0x10, 0x00, 0x00, 0x00, 0x00, 0x00, 0x02, 0x40, // ..6.... .......@
	0x00, 0x00, 0x00, 0x00, 0x00, 0x00, 0x00, 0x00, 0x00, 0x00, 0x00, 0x00, 0x00, 0x00, 0x00, 0x00, // ................
	0x00, 0x00, 0x3e, 0x00, 0x00, 0x01, 0x15, 0x00, 0x00, 0x01, 0x31, 0x00, 0x00, 0x08, 0x42, 0x00, // ..>.......1...B.
	0x10, 0x00, 0x00, 0x00, 0x00, 0x00, 0x0a, 0x80, 0x20, 0x00, 0x00, 0x00, 0x00, 0x00, 0x01, 0x00, // ........ .......
	0x00, 0x00, 0x01, 0x40, 0x00, 0x00, 0x00, 0x00, 0x00, 0x3f, 0x1f, 0x00, 0x04, 0x03, 0x2a, 0x00, // ...@.....?....*.
	0x10, 0x00, 0x00, 0x00, 0x00, 0x00, 0x36, 0x00, 0x00, 0x08, 0xf2, 0x20, 0x10, 0x00, 0x00, 0x00, // ......6.... ....
	0x00, 0x00, 0x02, 0x40, 0x00, 0x00, 0x00, 0x00, 0x00, 0x00, 0x00, 0x00, 0x00, 0x00, 0x00, 0x00, // ...@............
	0x00, 0x00, 0x00, 0x00, 0x00, 0x00, 0x3e, 0x00, 0x00, 0x01, 0x15, 0x00, 0x00, 0x01, 0x15, 0x00, // ......>.........
	0x00, 0x01, 0x36, 0x00, 0x00, 0x06, 0x92, 0x00, 0x10, 0x00, 0x01, 0x00, 0x00, 0x00, 0x06, 0x84, // ..6.............
	0x20, 0x00, 0x00, 0x00, 0x00, 0x00, 0x00, 0x00, 0x00, 0x00, 0x36, 0x00, 0x00, 0x08, 0x62, 0x00, //  .........6...b.
	0x10, 0x00, 0x01, 0x00, 0x00, 0x00, 0x02, 0x40, 0x00, 0x00, 0x00, 0x00, 0x00, 0x00, 0x00, 0x00, // .......@........
	0x00, 0x00, 0x00, 0x00, 0x00, 0x00, 0x00, 0x00, 0x00, 0x00, 0x00, 0x00, 0x00, 0x08, 0xf2, 0x00, // ................
	0x10, 0x00, 0x02, 0x00, 0x00, 0x00, 0x46, 0x0e, 0x10, 0x80, 0x41, 0x00, 0x00, 0x00, 0x01, 0x00, // ......F...A.....
	0x00, 0x00, 0x46, 0x14, 0x10, 0x00, 0x01, 0x00, 0x00, 0x00, 0x45, 0x00, 0x00, 0x8b, 0xc2, 0x00, // ..F.......E.....
	0x00, 0x80, 0x43, 0x55, 0x15, 0x00, 0xf2, 0x00, 0x10, 0x00, 0x03, 0x00, 0x00, 0x00, 0x46, 0x00, // ..CU..........F.
	0x10, 0x00, 0x02, 0x00, 0x00, 0x00, 0x46, 0x7e, 0x10, 0x00, 0x00, 0x00, 0x00, 0x00, 0x00, 0x60, // ......F~.......`
	0x10, 0x00, 0x00, 0x00, 0x00, 0x00, 0x11, 0x00, 0x00, 0x0a, 0x42, 0x00, 0x10, 0x00, 0x00, 0x00, // ..........B.....
	0x00, 0x00, 0x66, 0x0c, 0x10, 0x00, 0x03, 0x00, 0x00, 0x00, 0x02, 0x40, 0x00, 0x00, 0x00, 0x00, // ..f........@....
	0x7f, 0x43, 0x00, 0x00, 0x7f, 0x47, 0x00, 0x00, 0x7f, 0x4b, 0x00, 0x00, 0x7f, 0x4f, 0x00, 0x00, // .C...G...K...O..
	0x00, 0x07, 0xf2, 0x00, 0x10, 0x00, 0x01, 0x00, 0x00, 0x00, 0x46, 0x0e, 0x10, 0x00, 0x01, 0x00, // ..........F.....
	0x00, 0x00, 0x46, 0x14, 0x10, 0x00, 0x01, 0x00, 0x00, 0x00, 0x45, 0x00, 0x00, 0x8b, 0xc2, 0x00, // ..F.......E.....
	0x00, 0x80, 0x43, 0x55, 0x15, 0x00, 0xf2, 0x00, 0x10, 0x00, 0x03, 0x00, 0x00, 0x00, 0x46, 0x00, // ..CU..........F.
	0x10, 0x00, 0x01, 0x00, 0x00, 0x00, 0x46, 0x7e, 0x10, 0x00, 0x00, 0x00, 0x00, 0x00, 0x00, 0x60, // ......F~.......`
	0x10, 0x00, 0x00, 0x00, 0x00, 0x00, 0x11, 0x00, 0x00, 0x0a, 0x82, 0x00, 0x10, 0x00, 0x00, 0x00, // ................
	0x00, 0x00, 0x66, 0x0c, 0x10, 0x00, 0x03, 0x00, 0x00, 0x00, 0x02, 0x40, 0x00, 0x00, 0x00, 0x00, // ..f........@....
	0x7f, 0x43, 0x00, 0x00, 0x7f, 0x47, 0x00, 0x00, 0x7f, 0x4b, 0x00, 0x00, 0x7f, 0x4f, 0x45, 0x00, // .C...G...K...OE.
	0x00, 0x8b, 0xc2, 0x00, 0x00, 0x80, 0x43, 0x55, 0x15, 0x00, 0xf2, 0x00, 0x10, 0x00, 0x02, 0x00, // ......CU........
	0x00, 0x00, 0xe6, 0x0a, 0x10, 0x00, 0x02, 0x00, 0x00, 0x00, 0x46, 0x7e, 0x10, 0x00, 0x00, 0x00, // ..........F~....
	0x00, 0x00, 0x00, 0x60, 0x10, 0x00, 0x00, 0x00, 0x00, 0x00, 0x11, 0x00, 0x00, 0x0a, 0x12, 0x00, // ...`............
	0x10, 0x00, 0x01, 0x00, 0x00, 0x00, 0x66, 0x0c, 0x10, 0x00, 0x02, 0x00, 0x00, 0x00, 0x02, 0x40, // ......f........@
	0x00, 0x00, 0x00, 0x00, 0x7f, 0x43, 0x00, 0x00, 0x7f, 0x47, 0x00, 0x00, 0x7f, 0x4b, 0x00, 0x00, // .....C...G...K..
	0x7f, 0x4f, 0x45, 0x00, 0x00, 0x8b, 0xc2, 0x00, 0x00, 0x80, 0x43, 0x55, 0x15, 0x00, 0xf2, 0x00, // .OE.......CU....
	0x10, 0x00, 0x02, 0x00, 0x00, 0x00, 0xe6, 0x0a, 0x10, 0x00, 0x01, 0x00, 0x00, 0x00, 0x46, 0x7e, // ..............F~
	0x10, 0x00, 0x00, 0x00, 0x00, 0x00, 0x00, 0x60, 0x10, 0x00, 0x00, 0x00, 0x00, 0x00, 0x11, 0x00, // .......`........
	0x00, 0x0a, 0x22, 0x00, 0x10, 0x00, 0x01, 0x00, 0x00, 0x00, 0x66, 0x0c, 0x10, 0x00, 0x02, 0x00, // ..".......f.....
	0x00, 0x00, 0x02, 0x40, 0x00, 0x00, 0x00, 0x00, 0x7f, 0x43, 0x00, 0x00, 0x7f, 0x47, 0x00, 0x00, // ...@.....C...G..
	0x7f, 0x4b, 0x00, 0x00, 0x7f, 0x4f, 0x00, 0x00, 0x00, 0x08, 0xc2, 0x00, 0x10, 0x00, 0x01, 0x00, // .K...O..........
	0x00, 0x00, 0x56, 0x05, 0x10, 0x80, 0x41, 0x00, 0x00, 0x00, 0x00, 0x00, 0x00, 0x00, 0xa6, 0x0e, // ..V...A.........
	0x10, 0x00, 0x00, 0x00, 0x00, 0x00, 0x34, 0x00, 0x00, 0x09, 0x42, 0x00, 0x10, 0x00, 0x01, 0x00, // ......4...B.....
	0x00, 0x00, 0x3a, 0x00, 0x10, 0x80, 0x81, 0x00, 0x00, 0x00, 0x01, 0x00, 0x00, 0x00, 0x2a, 0x00, // ..:...........*.
	0x10, 0x80, 0x81, 0x00, 0x00, 0x00, 0x01, 0x00, 0x00, 0x00, 0x00, 0x00, 0x00, 0x08, 0x82, 0x00, // ................
	0x10, 0x00, 0x01, 0x00, 0x00, 0x00, 0x1a, 0x00, 0x10, 0x80, 0x41, 0x00, 0x00, 0x00, 0x00, 0x00, // ..........A.....
	0x00, 0x00, 0x0a, 0x00, 0x10, 0x00, 0x01, 0x00, 0x00, 0x00, 0x00, 0x00, 0x00, 0x08, 0x22, 0x00, // ..............".
	0x10, 0x00, 0x00, 0x00, 0x00, 0x00, 0x1a, 0x00, 0x10, 0x80, 0x41, 0x00, 0x00, 0x00, 0x00, 0x00, // ..........A.....
	0x00, 0x00, 0x1a, 0x00, 0x10, 0x00, 0x01, 0x00, 0x00, 0x00, 0x34, 0x00, 0x00, 0x09, 0x22, 0x00, // ..........4...".
	0x10, 0x00, 0x00, 0x00, 0x00, 0x00, 0x1a, 0x00, 0x10, 0x80, 0x81, 0x00, 0x00, 0x00, 0x00, 0x00, // ................
	0x00, 0x00, 0x3a, 0x00, 0x10, 0x80, 0x81, 0x00, 0x00, 0x00, 0x01, 0x00, 0x00, 0x00, 0x00, 0x00, // ..:.............
	0x00, 0x09, 0xc2, 0x00, 0x10, 0x00, 0x00, 0x00, 0x00, 0x00, 0xa6, 0x0e, 0x10, 0x00, 0x00, 0x00, // ................
	0x00, 0x00, 0x06, 0x80, 0x20, 0x80, 0x41, 0x00, 0x00, 0x00, 0x00, 0x00, 0x00, 0x00, 0x01, 0x00, // .... .A.........
	0x00, 0x00, 0x34, 0x00, 0x00, 0x09, 0x42, 0x00, 0x10, 0x00, 0x00, 0x00, 0x00, 0x00, 0x3a, 0x00, // ..4...B.......:.
	0x10, 0x80, 0x81, 0x00, 0x00, 0x00, 0x00, 0x00, 0x00, 0x00, 0x2a, 0x00, 0x10, 0x80, 0x81, 0x00, // ..........*.....
	0x00, 0x00, 0x00, 0x00, 0x00, 0x00, 0x00, 0x00, 0x00, 0x09, 0x82, 0x00, 0x10, 0x00, 0x00, 0x00, // ................
	0x00, 0x00, 0x0a, 0x00, 0x10, 0x00, 0x01, 0x00, 0x00, 0x00, 0x0a, 0x80, 0x20, 0x80, 0x41, 0x00, // ............ .A.
	0x00, 0x00, 0x00, 0x00, 0x00, 0x00, 0x01, 0x00, 0x00, 0x00, 0x00, 0x00, 0x00, 0x09, 0x12, 0x00, // ................
	0x10, 0x00, 0x01, 0x00, 0x00, 0x00, 0x1a, 0x00, 0x10, 0x00, 0x01, 0x00, 0x00, 0x00, 0x0a, 0x80, // ................
	0x20, 0x80, 0x41, 0x00, 0x00, 0x00, 0x00, 0x00, 0x00, 0x00, 0x01, 0x00, 0x00, 0x00, 0x34, 0x00, //  .A...........4.
	0x00, 0x09, 0x82, 0x00, 0x10, 0x00, 0x00, 0x00, 0x00, 0x00, 0x3a, 0x00, 0x10, 0x80, 0x81, 0x00, // ..........:.....
	0x00, 0x00, 0x00, 0x00, 0x00, 0x00, 0x0a, 0x00, 0x10, 0x80, 0x81, 0x00, 0x00, 0x00, 0x01, 0x00, // ................
	0x00, 0x00, 0x34, 0x00, 0x00, 0x07, 0x22, 0x00, 0x10, 0x00, 0x00, 0x00, 0x00, 0x00, 0x1a, 0x00, // ..4...".........
	0x10, 0x00, 0x00, 0x00, 0x00, 0x00, 0x2a, 0x00, 0x10, 0x00, 0x01, 0x00, 0x00, 0x00, 0x34, 0x00, // ......*.......4.
	0x00, 0x07, 0x42, 0x00, 0x10, 0x00, 0x00, 0x00, 0x00, 0x00, 0x3a, 0x00, 0x10, 0x00, 0x00, 0x00, // ..B.......:.....
	0x00, 0x00, 0x2a, 0x00, 0x10, 0x00, 0x00, 0x00, 0x00, 0x00, 0x31, 0x00, 0x00, 0x0a, 0x62, 0x00, // ..*.......1...b.
	0x10, 0x00, 0x00, 0x00, 0x00, 0x00, 0x02, 0x40, 0x00, 0x00, 0x00, 0x00, 0x00, 0x00, 0x00, 0x00, // .......@........
	0x00, 0x3f, 0x00, 0x00, 0x00, 0x3f, 0x00, 0x00, 0x00, 0x00, 0x56, 0x06, 0x10, 0x00, 0x00, 0x00, // .?...?....V.....
	0x00, 0x00, 0x37, 0x00, 0x00, 0x09, 0x12, 0x00, 0x10, 0x00, 0x00, 0x00, 0x00, 0x00, 0x0a, 0x00, // ..7.............
	0x10, 0x00, 0x00, 0x00, 0x00, 0x00, 0x1a, 0x00, 0x10, 0x00, 0x00, 0x00, 0x00, 0x00, 0x2a, 0x00, // ..............*.
	0x10, 0x00, 0x00, 0x00, 0x00, 0x00, 0x01, 0x00, 0x00, 0x08, 0xf2, 0x20, 0x10, 0x00, 0x00, 0x00, // ........... ....
	0x00, 0x00, 0x06, 0x00, 0x10, 0x00, 0x00, 0x00, 0x00, 0x00, 0x46, 0x8e, 0x20, 0x00, 0x00, 0x00, // ..........F. ...
	0x00, 0x00, 0x02, 0x00, 0x00, 0x00, 0x3e, 0x00, 0x00, 0x01, 0x00, 0x00, 0x30, 0x00,             // ......>.....0.
};

static const uint8_t fs_outline_overlay_glsl[2928] =
{
	0x46, 0x53, 0x48, 0x0b, 0x89, 0xeb, 0xbe, 0x46, 0x00, 0x00, 0x00, 0x00, 0x04, 0x00, 0x0b, 0x75, // FSH....F.......u
	0x5f, 0x76, 0x69, 0x65, 0x77, 0x54, 0x65, 0x78, 0x65, 0x6c, 0x02, 0x01, 0x00, 0x00, 0x01, 0x00, // _viewTexel......
	0x00, 0x00, 0x00, 0x00, 0x0a, 0x73, 0x5f, 0x74, 0x65, 0x78, 0x43, 0x6f, 0x6c, 0x6f, 0x72, 0x00, // .....s_texColor.
	0x01, 0x00, 0x00, 0x01, 0x00, 0x00, 0x00, 0x00, 0x00, 0x10, 0x75, 0x5f, 0x6f, 0x75, 0x74, 0x6c, // ..........u_outl
	0x69, 0x6e, 0x65, 0x5f, 0x70, 0x61, 0x72, 0x61, 0x6d, 0x73, 0x02, 0x01, 0x00, 0x00, 0x01, 0x00, // ine_params......
	0x00, 0x00, 0x00, 0x00, 0x0f, 0x75, 0x5f, 0x6f, 0x75, 0x74, 0x6c, 0x69, 0x6e, 0x65, 0x5f, 0x63, // .....u_outline_c
	0x6f, 0x6c, 0x6f, 0x72, 0x02, 0x01, 0x00, 0x00, 0x01, 0x00, 0x00, 0x00, 0x00, 0x00, 0xfd, 0x0a, // olor............
	0x00, 0x00, 0x76, 0x61, 0x72, 0x79, 0x69, 0x6e, 0x67, 0x20, 0x76, 0x65, 0x63, 0x32, 0x20, 0x76, // ..varying vec2 v
	0x5f, 0x75, 0x76, 0x3b, 0x0a, 0x75, 0x6e, 0x69, 0x66, 0x6f, 0x72, 0x6d, 0x20, 0x76, 0x65, 0x63, // _uv;.uniform vec
	0x34, 0x20, 0x75, 0x5f, 0x76, 0x69, 0x65, 0x77, 0x54, 0x65, 0x78, 0x65, 0x6c, 0x3b, 0x0a, 0x75, // 4 u_viewTexel;.u
	0x6e, 0x69, 0x66, 0x6f, 0x72, 0x6d, 0x20, 0x73, 0x61, 0x6d, 0x70, 0x6c, 0x65, 0x72, 0x32, 0x44, // niform sampler2D
	0x20, 0x73, 0x5f, 0x74, 0x65, 0x78, 0x43, 0x6f, 0x6c, 0x6f, 0x72, 0x3b, 0x0a, 0x75, 0x6e, 0x69, //  s_texColor;.uni
	0x66, 0x6f, 0x72, 0x6d, 0x20, 0x76, 0x65, 0x63, 0x34, 0x20, 0x75, 0x5f, 0x6f, 0x75, 0x74, 0x6c, // form vec4 u_outl
	0x69, 0x6e, 0x65, 0x5f, 0x70, 0x61, 0x72, 0x61, 0x6d, 0x73, 0x3b, 0x0a, 0x75, 0x6e, 0x69, 0x66, // ine_params;.unif
	0x6f, 0x72, 0x6d, 0x20, 0x76, 0x65, 0x63, 0x34, 0x20, 0x75, 0x5f, 0x6f, 0x75, 0x74, 0x6c, 0x69, // orm vec4 u_outli
	0x6e, 0x65, 0x5f, 0x63, 0x6f, 0x6c, 0x6f, 0x72, 0x3b, 0x0a, 0x76, 0x6f, 0x69, 0x64, 0x20, 0x6d, // ne_color;.void m
	0x61, 0x69, 0x6e, 0x20, 0x28, 0x29, 0x0a, 0x7b, 0x0a, 0x20, 0x20, 0x62, 0x6f, 0x6f, 0x6c, 0x20, // ain ().{.  bool 
	0x74, 0x6d, 0x70, 0x76, 0x61, 0x72, 0x5f, 0x31, 0x3b, 0x0a, 0x20, 0x20, 0x74, 0x6d, 0x70, 0x76, // tmpvar_1;.  tmpv
	0x61, 0x72, 0x5f, 0x31, 0x20, 0x3d, 0x20, 0x28, 0x75, 0x5f, 0x6f, 0x75, 0x74, 0x6c, 0x69, 0x6e, // ar_1 = (u_outlin
	0x65, 0x5f, 0x70, 0x61, 0x72, 0x61, 0x6d, 0x73, 0x2e, 0x79, 0x20, 0x3e, 0x20, 0x30, 0x2e, 0x35, // e_params.y > 0.5
	0x29, 0x3b, 0x0a, 0x20, 0x20, 0x66, 0x6c, 0x6f, 0x61, 0x74, 0x20, 0x74, 0x6d, 0x70, 0x76, 0x61, // );.  float tmpva
	0x72, 0x5f, 0x32, 0x3b, 0x0a, 0x20, 0x20, 0x76, 0x65, 0x63, 0x34, 0x20, 0x74, 0x6d, 0x70, 0x76, // r_2;.  vec4 tmpv
	0x61, 0x72, 0x5f, 0x33, 0x3b, 0x0a, 0x20, 0x20, 0x76, 0x65, 0x63, 0x34, 0x20, 0x74, 0x6d, 0x70, // ar_3;.  vec4 tmp
	0x76, 0x61, 0x72, 0x5f, 0x34, 0x3b, 0x0a, 0x20, 0x20, 0x74, 0x6d, 0x70, 0x76, 0x61, 0x72, 0x5f, // var_4;.  tmpvar_
	0x34, 0x20, 0x3d, 0x20, 0x74, 0x65, 0x78, 0x74, 0x75, 0x72, 0x65, 0x32, 0x44, 0x20, 0x28, 0x73, // 4 = texture2D (s
	0x5f, 0x74, 0x65, 0x78, 0x43, 0x6f, 0x6c, 0x6f, 0x72, 0x2c, 0x20, 0x76, 0x5f, 0x75, 0x76, 0x29, // _texColor, v_uv)
	0x3b, 0x0a, 0x20, 0x20, 0x74, 0x6d, 0x70, 0x76, 0x61, 0x72, 0x5f, 0x33, 0x20, 0x3d, 0x20, 0x28, // ;.  tmpvar_3 = (
	0x74, 0x6d, 0x70, 0x76, 0x61, 0x72, 0x5f, 0x34, 0x20, 0x2a, 0x20, 0x32, 0x35, 0x35, 0x2e, 0x30, // tmpvar_4 * 255.0
	0x29, 0x3b, 0x0a, 0x20, 0x20, 0x74, 0x6d, 0x70, 0x76, 0x61, 0x72, 0x5f, 0x32, 0x20, 0x3d, 0x20, // );.  tmpvar_2 = 
	0x28, 0x28, 0x28, 0x74, 0x6d, 0x70, 0x76, 0x61, 0x72, 0x5f, 0x33, 0x2e, 0x7a, 0x20, 0x2b, 0x20, // (((tmpvar_3.z + 
	0x0a, 0x20, 0x20, 0x20, 0x20, 0x28, 0x74, 0x6d, 0x70, 0x76, 0x61, 0x72, 0x5f, 0x33, 0x2e, 0x79, // .    (tmpvar_3.y
	0x20, 0x2a, 0x20, 0x32, 0x35, 0x36, 0x2e, 0x30, 0x29, 0x0a, 0x20, 0x20, 0x29, 0x20, 0x2b, 0x20, //  * 256.0).  ) + 
	0x28, 0x74, 0x6d, 0x70, 0x76, 0x61, 0x72, 0x5f, 0x33, 0x2e, 0x78, 0x20, 0x2a, 0x20, 0x36, 0x35, // (tmpvar_3.x * 65
	0x35, 0x33, 0x36, 0x2e, 0x30, 0x29, 0x29, 0x20, 0x2b, 0x20, 0x28, 0x74, 0x6d, 0x70, 0x76, 0x61, // 536.0)) + (tmpva
	0x72, 0x5f, 0x33, 0x2e, 0x77, 0x20, 0x2a, 0x20, 0x31, 0x2e, 0x36, 0x37, 0x37, 0x37, 0x32, 0x32, // r_3.w * 1.677722
	0x65, 0x2b, 0x30, 0x37, 0x29, 0x29, 0x3b, 0x0a, 0x20, 0x20, 0x62, 0x6f, 0x6f, 0x6c, 0x20, 0x74, // e+07));.  bool t
	0x6d, 0x70, 0x76, 0x61, 0x72, 0x5f, 0x35, 0x3b, 0x0a, 0x20, 0x20, 0x74, 0x6d, 0x70, 0x76, 0x61, // mpvar_5;.  tmpva
	0x72, 0x5f, 0x35, 0x20, 0x3d, 0x20, 0x28, 0x6d, 0x69, 0x6e, 0x20, 0x28, 0x6d, 0x69, 0x6e, 0x20, // r_5 = (min (min 
	0x28, 0x74, 0x6d, 0x70, 0x76, 0x61, 0x72, 0x5f, 0x34, 0x2e, 0x78, 0x2c, 0x20, 0x74, 0x6d, 0x70, // (tmpvar_4.x, tmp
	0x76, 0x61, 0x72, 0x5f, 0x34, 0x2e, 0x79, 0x29, 0x2c, 0x20, 0x6d, 0x69, 0x6e, 0x20, 0x28, 0x74, // var_4.y), min (t
	0x6d, 0x70, 0x76, 0x61, 0x72, 0x5f, 0x34, 0x2e, 0x7a, 0x2c, 0x20, 0x74, 0x6d, 0x70, 0x76, 0x61, // mpvar_4.z, tmpva
	0x72, 0x5f, 0x34, 0x2e, 0x77, 0x29, 0x29, 0x20, 0x3e, 0x20, 0x32, 0x35, 0x34, 0x2e, 0x35, 0x29, // r_4.w)) > 254.5)
	0x3b, 0x0a, 0x20, 0x20, 0x69, 0x66, 0x20, 0x28, 0x74, 0x6d, 0x70, 0x76, 0x61, 0x72, 0x5f, 0x31, // ;.  if (tmpvar_1
	0x29, 0x20, 0x7b, 0x0a, 0x20, 0x20, 0x20, 0x20, 0x69, 0x66, 0x20, 0x28, 0x74, 0x6d, 0x70, 0x76, // ) {.    if (tmpv
	0x61, 0x72, 0x5f, 0x35, 0x29, 0x20, 0x7b, 0x0a, 0x20, 0x20, 0x20, 0x20, 0x20, 0x20, 0x67, 0x6c, // ar_5) {.      gl
	0x5f, 0x46, 0x72, 0x61, 0x67, 0x43, 0x6f, 0x6c, 0x6f, 0x72, 0x20, 0x3d, 0x20, 0x76, 0x65, 0x63, // _FragColor = vec
	0x34, 0x28, 0x30, 0x2e, 0x30, 0x2c, 0x20, 0x30, 0x2e, 0x30, 0x2c, 0x20, 0x30, 0x2e, 0x30, 0x2c, // 4(0.0, 0.0, 0.0,
	0x20, 0x30, 0x2e, 0x30, 0x29, 0x3b, 0x0a, 0x20, 0x20, 0x20, 0x20, 0x20, 0x20, 0x72, 0x65, 0x74, //  0.0);.      ret
	0x75, 0x72, 0x6e, 0x3b, 0x0a, 0x20, 0x20, 0x20, 0x20, 0x7d, 0x3b, 0x0a, 0x20, 0x20, 0x7d, 0x20, // urn;.    };.  } 
	0x65, 0x6c, 0x73, 0x65, 0x20, 0x7b, 0x0a, 0x20, 0x20, 0x20, 0x20, 0x69, 0x66, 0x20, 0x28, 0x28, // else {.    if ((
	0x74, 0x6d, 0x70, 0x76, 0x61, 0x72, 0x5f, 0x32, 0x20, 0x21, 0x3d, 0x20, 0x75, 0x5f, 0x6f, 0x75, // tmpvar_2 != u_ou
	0x74, 0x6c, 0x69, 0x6e, 0x65, 0x5f, 0x70, 0x61, 0x72, 0x61, 0x6d, 0x73, 0x2e, 0x78, 0x29, 0x29, // tline_params.x))
	0x20, 0x7b, 0x0a, 0x20, 0x20, 0x20, 0x20, 0x20, 0x20, 0x67, 0x6c, 0x5f, 0x46, 0x72, 0x61, 0x67, //  {.      gl_Frag
	0x43, 0x6f, 0x6c, 0x6f, 0x72, 0x20, 0x3d, 0x20, 0x76, 0x65, 0x63, 0x34, 0x28, 0x30, 0x2e, 0x30, // Color = vec4(0.0
	0x2c, 0x20, 0x30, 0x2e, 0x30, 0x2c, 0x20, 0x30, 0x2e, 0x30, 0x2c, 0x20, 0x30, 0x2e, 0x30, 0x29, // , 0.0, 0.0, 0.0)
	0x3b, 0x0a, 0x20, 0x20, 0x20, 0x20, 0x20, 0x20, 0x72, 0x65, 0x74, 0x75, 0x72, 0x6e, 0x3b, 0x0a, // ;.      return;.
	0x20, 0x20, 0x20, 0x20, 0x7d, 0x3b, 0x0a, 0x20, 0x20, 0x20, 0x20, 0x69, 0x66, 0x20, 0x28, 0x28, //     };.    if ((
	0x75, 0x5f, 0x6f, 0x75, 0x74, 0x6c, 0x69, 0x6e, 0x65, 0x5f, 0x70, 0x61, 0x72, 0x61, 0x6d, 0x73, // u_outline_params
	0x2e, 0x78, 0x20, 0x3c, 0x20, 0x30, 0x2e, 0x35, 0x29, 0x29, 0x20, 0x7b, 0x0a, 0x20, 0x20, 0x20, // .x < 0.5)) {.   
	0x20, 0x20, 0x20, 0x67, 0x6c, 0x5f, 0x46, 0x72, 0x61, 0x67, 0x43, 0x6f, 0x6c, 0x6f, 0x72, 0x20, //    gl_FragColor 
	0x3d, 0x20, 0x76, 0x65, 0x63, 0x34, 0x28, 0x30, 0x2e, 0x30, 0x2c, 0x20, 0x30, 0x2e, 0x30, 0x2c, // = vec4(0.0, 0.0,
	0x20, 0x30, 0x2e, 0x30, 0x2c, 0x20, 0x30, 0x2e, 0x30, 0x29, 0x3b, 0x0a, 0x20, 0x20, 0x20, 0x20, //  0.0, 0.0);.    
	0x20, 0x20, 0x72, 0x65, 0x74, 0x75, 0x72, 0x6e, 0x3b, 0x0a, 0x20, 0x20, 0x20, 0x20, 0x7d, 0x3b, //   return;.    };
	0x0a, 0x20, 0x20, 0x7d, 0x3b, 0x0a, 0x20, 0x20, 0x76, 0x65, 0x63, 0x32, 0x20, 0x74, 0x6d, 0x70, // .  };.  vec2 tmp
	0x76, 0x61, 0x72, 0x5f, 0x36, 0x3b, 0x0a, 0x20, 0x20, 0x74, 0x6d, 0x70, 0x76, 0x61, 0x72, 0x5f, // var_6;.  tmpvar_
	0x36, 0x2e, 0x79, 0x20, 0x3d, 0x20, 0x30, 0x2e, 0x30, 0x3b, 0x0a, 0x20, 0x20, 0x74, 0x6d, 0x70, // 6.y = 0.0;.  tmp
	0x76, 0x61, 0x72, 0x5f, 0x36, 0x2e, 0x78, 0x20, 0x3d, 0x20, 0x75, 0x5f, 0x76, 0x69, 0x65, 0x77, // var_6.x = u_view
	0x54, 0x65, 0x78, 0x65, 0x6c, 0x2e, 0x78, 0x3b, 0x0a, 0x20, 0x20, 0x66, 0x6c, 0x6f, 0x61, 0x74, // Texel.x;.  float
	0x20, 0x74, 0x6d, 0x70, 0x76, 0x61, 0x72, 0x5f, 0x37, 0x3b, 0x0a, 0x20, 0x20, 0x76, 0x65, 0x63, //  tmpvar_7;.  vec
	0x34, 0x20, 0x74, 0x6d, 0x70, 0x76, 0x61, 0x72, 0x5f, 0x38, 0x3b, 0x0a, 0x20, 0x20, 0x74, 0x6d, // 4 tmpvar_8;.  tm
	0x70, 0x76, 0x61, 0x72, 0x5f, 0x38, 0x20, 0x3d, 0x20, 0x28, 0x74, 0x65, 0x78, 0x74, 0x75, 0x72, // pvar_8 = (textur
	0x65, 0x32, 0x44, 0x20, 0x28, 0x73, 0x5f, 0x74, 0x65, 0x78, 0x43, 0x6f, 0x6c, 0x6f, 0x72, 0x2c, // e2D (s_texColor,
	0x20, 0x28, 0x76, 0x5f, 0x75, 0x76, 0x20, 0x2d, 0x20, 0x74, 0x6d, 0x70, 0x76, 0x61, 0x72, 0x5f, //  (v_uv - tmpvar_
	0x36, 0x29, 0x29, 0x20, 0x2a, 0x20, 0x32, 0x35, 0x35, 0x2e, 0x30, 0x29, 0x3b, 0x0a, 0x20, 0x20, // 6)) * 255.0);.  
	0x74, 0x6d, 0x70, 0x76, 0x61, 0x72, 0x5f, 0x37, 0x20, 0x3d, 0x20, 0x28, 0x28, 0x28, 0x74, 0x6d, // tmpvar_7 = (((tm
	0x70, 0x76, 0x61, 0x72, 0x5f, 0x38, 0x2e, 0x7a, 0x20, 0x2b, 0x20, 0x0a, 0x20, 0x20, 0x20, 0x20, // pvar_8.z + .    
	0x28, 0x74, 0x6d, 0x70, 0x76, 0x61, 0x72, 0x5f, 0x38, 0x2e, 0x79, 0x20, 0x2a, 0x20, 0x32, 0x35, // (tmpvar_8.y * 25
	0x36, 0x2e, 0x30, 0x29, 0x0a, 0x20, 0x20, 0x29, 0x20, 0x2b, 0x20, 0x28, 0x74, 0x6d, 0x70, 0x76, // 6.0).  ) + (tmpv
	0x61, 0x72, 0x5f, 0x38, 0x2e, 0x78, 0x20, 0x2a, 0x20, 0x36, 0x35, 0x35, 0x33, 0x36, 0x2e, 0x30, // ar_8.x * 65536.0
	0x29, 0x29, 0x20, 0x2b, 0x20, 0x28, 0x74, 0x6d, 0x70, 0x76, 0x61, 0x72, 0x5f, 0x38, 0x2e, 0x77, // )) + (tmpvar_8.w
	0x20, 0x2a, 0x20, 0x31, 0x2e, 0x36, 0x37, 0x37, 0x37, 0x32, 0x32, 0x65, 0x2b, 0x30, 0x37, 0x29, //  * 1.677722e+07)
	0x29, 0x3b, 0x0a, 0x20, 0x20, 0x76, 0x65, 0x63, 0x32, 0x20, 0x74, 0x6d, 0x70, 0x76, 0x61, 0x72, // );.  vec2 tmpvar
	0x5f, 0x39, 0x3b, 0x0a, 0x20, 0x20, 0x74, 0x6d, 0x70, 0x76, 0x61, 0x72, 0x5f, 0x39, 0x2e, 0x79, // _9;.  tmpvar_9.y
	0x20, 0x3d, 0x20, 0x30, 0x2e, 0x30, 0x3b, 0x0a, 0x20, 0x20, 0x74, 0x6d, 0x70, 0x76, 0x61, 0x72, //  = 0.0;.  tmpvar
	0x5f, 0x39, 0x2e, 0x78, 0x20, 0x3d, 0x20, 0x75, 0x5f, 0x76, 0x69, 0x65, 0x77, 0x54, 0x65, 0x78, // _9.x = u_viewTex
	0x65, 0x6c, 0x2e, 0x78, 0x3b, 0x0a, 0x20, 0x20, 0x66, 0x6c, 0x6f, 0x61, 0x74, 0x20, 0x74, 0x6d, // el.x;.  float tm
	0x70, 0x76, 0x61, 0x72, 0x5f, 0x31, 0x30, 0x3b, 0x0a, 0x20, 0x20, 0x76, 0x65, 0x63, 0x34, 0x20, // pvar_10;.  vec4 
	0x74, 0x6d, 0x70, 0x76, 0x61, 0x72, 0x5f, 0x31, 0x31, 0x3b, 0x0a, 0x20, 0x20, 0x74, 0x6d, 0x70, // tmpvar_11;.  tmp
	0x76, 0x61, 0x72, 0x5f, 0x31, 0x31, 0x20, 0x3d, 0x20, 0x28, 0x74, 0x65, 0x78, 0x74, 0x75, 0x72, // var_11 = (textur
	0x65, 0x32, 0x44, 0x20, 0x28, 0x73, 0x5f, 0x74, 0x65, 0x78, 0x43, 0x6f, 0x6c, 0x6f, 0x72, 0x2c, // e2D (s_texColor,
	0x20, 0x28, 0x76, 0x5f, 0x75, 0x76, 0x20, 0x2b, 0x20, 0x74, 0x6d, 0x70, 0x76, 0x61, 0x72, 0x5f, //  (v_uv + tmpvar_
	0x39, 0x29, 0x29, 0x20, 0x2a, 0x20, 0x32, 0x35, 0x35, 0x2e, 0x30, 0x29, 0x3b, 0x0a, 0x20, 0x20, // 9)) * 255.0);.  
	0x74, 0x6d, 0x70, 0x76, 0x61, 0x72, 0x5f, 0x31, 0x30, 0x20, 0x3d, 0x20, 0x28, 0x28, 0x28, 0x74, // tmpvar_10 = (((t
	0x6d, 0x70, 0x76, 0x61, 0x72, 0x5f, 0x31, 0x31, 0x2e, 0x7a, 0x20, 0x2b, 0x20, 0x0a, 0x20, 0x20, // mpvar_11.z + .  
	0x20, 0x20, 0x28, 0x74, 0x6d, 0x70, 0x76, 0x61, 0x72, 0x5f, 0x31, 0x31, 0x2e, 0x79, 0x20, 0x2a, //   (tmpvar_11.y *
	0x20, 0x32, 0x35, 0x36, 0x2e, 0x30, 0x29, 0x0a, 0x20, 0x20, 0x29, 0x20, 0x2b, 0x20, 0x28, 0x74, //  256.0).  ) + (t
	0x6d, 0x70, 0x76, 0x61, 0x72, 0x5f, 0x31, 0x31, 0x2e, 0x78, 0x20, 0x2a, 0x20, 0x36, 0x35, 0x35, // mpvar_11.x * 655
	0x33, 0x36, 0x2e, 0x30, 0x29, 0x29, 0x20, 0x2b, 0x20, 0x28, 0x74, 0x6d, 0x70, 0x76, 0x61, 0x72, // 36.0)) + (tmpvar
	0x5f, 0x31, 0x31, 0x2e, 0x77, 0x20, 0x2a, 0x20, 0x31, 0x2e, 0x36, 0x37, 0x37, 0x37, 0x32, 0x32, // _11.w * 1.677722
	0x65, 0x2b, 0x30, 0x37, 0x29, 0x29, 0x3b, 0x0a, 0x20, 0x20, 0x76, 0x65, 0x63, 0x32, 0x20, 0x74, // e+07));.  vec2 t
	0x6d, 0x70, 0x76, 0x61, 0x72, 0x5f, 0x31, 0x32, 0x3b, 0x0a, 0x20, 0x20, 0x74, 0x6d, 0x70, 0x76, // mpvar_12;.  tmpv
	0x61, 0x72, 0x5f, 0x31, 0x32, 0x2e, 0x78, 0x20, 0x3d, 0x20, 0x30, 0x2e, 0x30, 0x3b, 0x0a, 0x20, // ar_12.x = 0.0;. 
	0x20, 0x74, 0x6d, 0x70, 0x76, 0x61, 0x72, 0x5f, 0x31, 0x32, 0x2e, 0x79, 0x20, 0x3d, 0x20, 0x75, //  tmpvar_12.y = u
	0x5f, 0x76, 0x69, 0x65, 0x77, 0x54, 0x65, 0x78, 0x65, 0x6c, 0x2e, 0x79, 0x3b, 0x0a, 0x20, 0x20, // _viewTexel.y;.  
	0x66, 0x6c, 0x6f, 0x61, 0x74, 0x20, 0x74, 0x6d, 0x70, 0x76, 0x61, 0x72, 0x5f, 0x31, 0x33, 0x3b, // float tmpvar_13;
	0x0a, 0x20, 0x20, 0x76, 0x65, 0x63, 0x34, 0x20, 0x74, 0x6d, 0x70, 0x76, 0x61, 0x72, 0x5f, 0x31, // .  vec4 tmpvar_1
	0x34, 0x3b, 0x0a, 0x20, 0x20, 0x74, 0x6d, 0x70, 0x76, 0x61, 0x72, 0x5f, 0x31, 0x34, 0x20, 0x3d, // 4;.  tmpvar_14 =
	0x20, 0x28, 0x74, 0x65, 0x78, 0x74, 0x75, 0x72, 0x65, 0x32, 0x44, 0x20, 0x28, 0x73, 0x5f, 0x74, //  (texture2D (s_t
	0x65, 0x78, 0x43, 0x6f, 0x6c, 0x6f, 0x72, 0x2c, 0x20, 0x28, 0x76, 0x5f, 0x75, 0x76, 0x20, 0x2d, // exColor, (v_uv -
	0x20, 0x74, 0x6d, 0x70, 0x76, 0x61, 0x72, 0x5f, 0x31, 0x32, 0x29, 0x29, 0x20, 0x2a, 0x20, 0x32, //  tmpvar_12)) * 2
	0x35, 0x35, 0x2e, 0x30, 0x29, 0x3b, 0x0a, 0x20, 0x20, 0x74, 0x6d, 0x70, 0x76, 0x61, 0x72, 0x5f, // 55.0);.  tmpvar_
	0x31, 0x33, 0x20, 0x3d, 0x20, 0x28, 0x28, 0x28, 0x74, 0x6d, 0x70, 0x76, 0x61, 0x72, 0x5f, 0x31, // 13 = (((tmpvar_1
	0x34, 0x2e, 0x7a, 0x20, 0x2b, 0x20, 0x0a, 0x20, 0x20, 0x20, 0x20, 0x28, 0x74, 0x6d, 0x70, 0x76, // 4.z + .    (tmpv
	0x61, 0x72, 0x5f, 0x31, 0x34, 0x2e, 0x79, 0x20, 0x2a, 0x20, 0x32, 0x35, 0x36, 0x2e, 0x30, 0x29, // ar_14.y * 256.0)
	0x0a, 0x20, 0x20, 0x29, 0x20, 0x2b, 0x20, 0x28, 0x74, 0x6d, 0x70, 0x76, 0x61, 0x72, 0x5f, 0x31, // .  ) + (tmpvar_1
	0x34, 0x2e, 0x78, 0x20, 0x2a, 0x20, 0x36, 0x35, 0x35, 0x33, 0x36, 0x2e, 0x30, 0x29, 0x29, 0x20, // 4.x * 65536.0)) 
	0x2b, 0x20, 0x28, 0x74, 0x6d, 0x70, 0x76, 0x61, 0x72, 0x5f, 0x31, 0x34, 0x2e, 0x77, 0x20, 0x2a, // + (tmpvar_14.w *
	0x20, 0x31, 0x2e, 0x36, 0x37, 0x37, 0x37, 0x32, 0x32, 0x65, 0x2b, 0x30, 0x37, 0x29, 0x29, 0x3b, //  1.677722e+07));
	0x0a, 0x20, 0x20, 0x76, 0x65, 0x63, 0x32, 0x20, 0x74, 0x6d, 0x70, 0x76, 0x61, 0x72, 0x5f, 0x31, // .  vec2 tmpvar_1
	0x35, 0x3b, 0x0a, 0x20, 0x20, 0x74, 0x6d, 0x70, 0x76, 0x61, 0x72, 0x5f, 0x31, 0x35, 0x2e, 0x78, // 5;.  tmpvar_15.x
	0x20, 0x3d, 0x20, 0x30, 0x2e, 0x30, 0x3b, 0x0a, 0x20, 0x20, 0x74, 0x6d, 0x70, 0x76, 0x61, 0x72, //  = 0.0;.  tmpvar
	0x5f, 0x31, 0x35, 0x2e, 0x79, 0x20, 0x3d, 0x20, 0x75, 0x5f, 0x76, 0x69, 0x65, 0x77, 0x54, 0x65, // _15.y = u_viewTe
	0x78, 0x65, 0x6c, 0x2e, 0x79, 0x3b, 0x0a, 0x20, 0x20, 0x66, 0x6c, 0x6f, 0x61, 0x74, 0x20, 0x74, // xel.y;.  float t
	0x6d, 0x70, 0x76, 0x61, 0x72, 0x5f, 0x31, 0x36, 0x3b, 0x0a, 0x20, 0x20, 0x76, 0x65, 0x63, 0x34, // mpvar_16;.  vec4
	0x20, 0x74, 0x6d, 0x70, 0x76, 0x61, 0x72, 0x5f, 0x31, 0x37, 0x3b, 0x0a, 0x20, 0x20, 0x74, 0x6d, //  tmpvar_17;.  tm
	0x70, 0x76, 0x61, 0x72, 0x5f, 0x31, 0x37, 0x20, 0x3d, 0x20, 0x28, 0x74, 0x65, 0x78, 0x74, 0x75, // pvar_17 = (textu
	0x72, 0x65, 0x32, 0x44, 0x20, 0x28, 0x73, 0x5f, 0x74, 0x65, 0x78, 0x43, 0x6f, 0x6c, 0x6f, 0x72, // re2D (s_texColor
	0x2c, 0x20, 0x28, 0x76, 0x5f, 0x75, 0x76, 0x20, 0x2b, 0x20, 0x74, 0x6d, 0x70, 0x76, 0x61, 0x72, // , (v_uv + tmpvar
	0x5f, 0x31, 0x35, 0x29, 0x29, 0x20, 0x2a, 0x20, 0x32, 0x35, 0x35, 0x2e, 0x30, 0x29, 0x3b, 0x0a, // _15)) * 255.0);.
	0x20, 0x20, 0x74, 0x6d, 0x70, 0x76, 0x61, 0x72, 0x5f, 0x31, 0x36, 0x20, 0x3d, 0x20, 0x28, 0x28, //   tmpvar_16 = ((
	0x28, 0x74, 0x6d, 0x70, 0x76, 0x61, 0x72, 0x5f, 0x31, 0x37, 0x2e, 0x7a, 0x20, 0x2b, 0x20, 0x0a, // (tmpvar_17.z + .
	0x20, 0x20, 0x20, 0x20, 0x28, 0x74, 0x6d, 0x70, 0x76, 0x61, 0x72, 0x5f, 0x31, 0x37, 0x2e, 0x79, //     (tmpvar_17.y
	0x20, 0x2a, 0x20, 0x32, 0x35, 0x36, 0x2e, 0x30, 0x29, 0x0a, 0x20, 0x20, 0x29, 0x20, 0x2b, 0x20, //  * 256.0).  ) + 
	0x28, 0x74, 0x6d, 0x70, 0x76, 0x61, 0x72, 0x5f, 0x31, 0x37, 0x2e, 0x78, 0x20, 0x2a, 0x20, 0x36, // (tmpvar_17.x * 6
	0x35, 0x35, 0x33, 0x36, 0x2e, 0x30, 0x29, 0x29, 0x20, 0x2b, 0x20, 0x28, 0x74, 0x6d, 0x70, 0x76, // 5536.0)) + (tmpv
	0x61, 0x72, 0x5f, 0x31, 0x37, 0x2e, 0x77, 0x20, 0x2a, 0x20, 0x31, 0x2e, 0x36, 0x37, 0x37, 0x37, // ar_17.w * 1.6777
	0x32, 0x32, 0x65, 0x2b, 0x30, 0x37, 0x29, 0x29, 0x3b, 0x0a, 0x20, 0x20, 0x66, 0x6c, 0x6f, 0x61, // 22e+07));.  floa
	0x74, 0x20, 0x74, 0x6d, 0x70, 0x76, 0x61, 0x72, 0x5f, 0x31, 0x38, 0x3b, 0x0a, 0x20, 0x20, 0x74, // t tmpvar_18;.  t
	0x6d, 0x70, 0x76, 0x61, 0x72, 0x5f, 0x31, 0x38, 0x20, 0x3d, 0x20, 0x6d, 0x61, 0x78, 0x20, 0x28, // mpvar_18 = max (
	0x61, 0x62, 0x73, 0x28, 0x28, 0x74, 0x6d, 0x70, 0x76, 0x61, 0x72, 0x5f, 0x37, 0x20, 0x2d, 0x20, // abs((tmpvar_7 - 
	0x74, 0x6d, 0x70, 0x76, 0x61, 0x72, 0x5f, 0x32, 0x29, 0x29, 0x2c, 0x20, 0x61, 0x62, 0x73, 0x28, // tmpvar_2)), abs(
	0x28, 0x74, 0x6d, 0x70, 0x76, 0x61, 0x72, 0x5f, 0x31, 0x30, 0x20, 0x2d, 0x20, 0x74, 0x6d, 0x70, // (tmpvar_10 - tmp
	0x76, 0x61, 0x72, 0x5f, 0x32, 0x29, 0x29, 0x29, 0x3b, 0x0a, 0x20, 0x20, 0x66, 0x6c, 0x6f, 0x61, // var_2)));.  floa
	0x74, 0x20, 0x74, 0x6d, 0x70, 0x76, 0x61, 0x72, 0x5f, 0x31, 0x39, 0x3b, 0x0a, 0x20, 0x20, 0x74, // t tmpvar_19;.  t
	0x6d, 0x70, 0x76, 0x61, 0x72, 0x5f, 0x31, 0x39, 0x20, 0x3d, 0x20, 0x6d, 0x61, 0x78, 0x20, 0x28, // mpvar_19 = max (
	0x61, 0x62, 0x73, 0x28, 0x28, 0x74, 0x6d, 0x70, 0x76, 0x61, 0x72, 0x5f, 0x31, 0x33, 0x20, 0x2d, // abs((tmpvar_13 -
	0x20, 0x74, 0x6d, 0x70, 0x76, 0x61, 0x72, 0x5f, 0x32, 0x29, 0x29, 0x2c, 0x20, 0x61, 0x62, 0x73, //  tmpvar_2)), abs
	0x28, 0x28, 0x74, 0x6d, 0x70, 0x76, 0x61, 0x72, 0x5f, 0x31, 0x36, 0x20, 0x2d, 0x20, 0x74, 0x6d, // ((tmpvar_16 - tm
	0x70, 0x76, 0x61, 0x72, 0x5f, 0x32, 0x29, 0x29, 0x29, 0x3b, 0x0a, 0x20, 0x20, 0x66, 0x6c, 0x6f, // pvar_2)));.  flo
	0x61, 0x74, 0x20, 0x74, 0x6d, 0x70, 0x76, 0x61, 0x72, 0x5f, 0x32, 0x30, 0x3b, 0x0a, 0x20, 0x20, // at tmpvar_20;.  
	0x74, 0x6d, 0x70, 0x76, 0x61, 0x72, 0x5f, 0x32, 0x30, 0x20, 0x3d, 0x20, 0x6d, 0x61, 0x78, 0x20, // tmpvar_20 = max 
	0x28, 0x61, 0x62, 0x73, 0x28, 0x28, 0x74, 0x6d, 0x70, 0x76, 0x61, 0x72, 0x5f, 0x37, 0x20, 0x2d, // (abs((tmpvar_7 -
	0x20, 0x75, 0x5f, 0x6f, 0x75, 0x74, 0x6c, 0x69, 0x6e, 0x65, 0x5f, 0x70, 0x61, 0x72, 0x61, 0x6d, //  u_outline_param
	0x73, 0x2e, 0x78, 0x29, 0x29, 0x2c, 0x20, 0x61, 0x62, 0x73, 0x28, 0x28, 0x74, 0x6d, 0x70, 0x76, // s.x)), abs((tmpv
	0x61, 0x72, 0x5f, 0x31, 0x30, 0x20, 0x2d, 0x20, 0x75, 0x5f, 0x6f, 0x75, 0x74, 0x6c, 0x69, 0x6e, // ar_10 - u_outlin
	0x65, 0x5f, 0x70, 0x61, 0x72, 0x61, 0x6d, 0x73, 0x2e, 0x78, 0x29, 0x29, 0x29, 0x3b, 0x0a, 0x20, // e_params.x)));. 
	0x20, 0x66, 0x6c, 0x6f, 0x61, 0x74, 0x20, 0x74, 0x6d, 0x70, 0x76, 0x61, 0x72, 0x5f, 0x32, 0x31, //  float tmpvar_21
	0x3b, 0x0a, 0x20, 0x20, 0x74, 0x6d, 0x70, 0x76, 0x61, 0x72, 0x5f, 0x32, 0x31, 0x20, 0x3d, 0x20, // ;.  tmpvar_21 = 
	0x6d, 0x61, 0x78, 0x20, 0x28, 0x61, 0x62, 0x73, 0x28, 0x28, 0x74, 0x6d, 0x70, 0x76, 0x61, 0x72, // max (abs((tmpvar
	0x5f, 0x31, 0x33, 0x20, 0x2d, 0x20, 0x75, 0x5f, 0x6f, 0x75, 0x74, 0x6c, 0x69, 0x6e, 0x65, 0x5f, // _13 - u_outline_
	0x70, 0x61, 0x72, 0x61, 0x6d, 0x73, 0x2e, 0x78, 0x29, 0x29, 0x2c, 0x20, 0x61, 0x62, 0x73, 0x28, // params.x)), abs(
	0x28, 0x74, 0x6d, 0x70, 0x76, 0x61, 0x72, 0x5f, 0x31, 0x36, 0x20, 0x2d, 0x20, 0x75, 0x5f, 0x6f, // (tmpvar_16 - u_o
	0x75, 0x74, 0x6c, 0x69, 0x6e, 0x65, 0x5f, 0x70, 0x61, 0x72, 0x61, 0x6d, 0x73, 0x2e, 0x78, 0x29, // utline_params.x)
	0x29, 0x29, 0x3b, 0x0a, 0x20, 0x20, 0x62, 0x6f, 0x6f, 0x6c, 0x20, 0x74, 0x6d, 0x70, 0x76, 0x61, // ));.  bool tmpva
	0x72, 0x5f, 0x32, 0x32, 0x3b, 0x0a, 0x20, 0x20, 0x69, 0x66, 0x20, 0x28, 0x74, 0x6d, 0x70, 0x76, // r_22;.  if (tmpv
	0x61, 0x72, 0x5f, 0x31, 0x29, 0x20, 0x7b, 0x0a, 0x20, 0x20, 0x20, 0x20, 0x74, 0x6d, 0x70, 0x76, // ar_1) {.    tmpv
	0x61, 0x72, 0x5f, 0x32, 0x32, 0x20, 0x3d, 0x20, 0x28, 0x6d, 0x61, 0x78, 0x20, 0x28, 0x74, 0x6d, // ar_22 = (max (tm
	0x70, 0x76, 0x61, 0x72, 0x5f, 0x31, 0x38, 0x2c, 0x20, 0x74, 0x6d, 0x70, 0x76, 0x61, 0x72, 0x5f, // pvar_18, tmpvar_
	0x31, 0x39, 0x29, 0x20, 0x3e, 0x20, 0x30, 0x2e, 0x35, 0x29, 0x3b, 0x0a, 0x20, 0x20, 0x7d, 0x20, // 19) > 0.5);.  } 
	0x65, 0x6c, 0x73, 0x65, 0x20, 0x7b, 0x0a, 0x20, 0x20, 0x20, 0x20, 0x74, 0x6d, 0x70, 0x76, 0x61, // else {.    tmpva
	0x72, 0x5f, 0x32, 0x32, 0x20, 0x3d, 0x20, 0x28, 0x6d, 0x61, 0x78, 0x20, 0x28, 0x74, 0x6d, 0x70, // r_22 = (max (tmp
	0x76, 0x61, 0x72, 0x5f, 0x32, 0x30, 0x2c, 0x20, 0x74, 0x6d, 0x70, 0x76, 0x61, 0x72, 0x5f, 0x32, // var_20, tmpvar_2
	0x31, 0x29, 0x20, 0x3e, 0x20, 0x30, 0x2e, 0x35, 0x29, 0x3b, 0x0a, 0x20, 0x20, 0x7d, 0x3b, 0x0a, // 1) > 0.5);.  };.
	0x20, 0x20, 0x76, 0x65, 0x63, 0x34, 0x20, 0x74, 0x6d, 0x70, 0x76, 0x61, 0x72, 0x5f, 0x32, 0x33, //   vec4 tmpvar_23
	0x3b, 0x0a, 0x20, 0x20, 0x69, 0x66, 0x20, 0x28, 0x74, 0x6d, 0x70, 0x76, 0x61, 0x72, 0x5f, 0x32, // ;.  if (tmpvar_2
	0x32, 0x29, 0x20, 0x7b, 0x0a, 0x20, 0x20, 0x20, 0x20, 0x74, 0x6d, 0x70, 0x76, 0x61, 0x72, 0x5f, // 2) {.    tmpvar_
	0x32, 0x33, 0x20, 0x3d, 0x20, 0x75, 0x5f, 0x6f, 0x75, 0x74, 0x6c, 0x69, 0x6e, 0x65, 0x5f, 0x63, // 23 = u_outline_c
	0x6f, 0x6c, 0x6f, 0x72, 0x3b, 0x0a, 0x20, 0x20, 0x7d, 0x20, 0x65, 0x6c, 0x73, 0x65, 0x20, 0x7b, // olor;.  } else {
	0x0a, 0x20, 0x20, 0x20, 0x20, 0x74, 0x6d, 0x70, 0x76, 0x61, 0x72, 0x5f, 0x32, 0x33, 0x20, 0x3d, // .    tmpvar_23 =
	0x20, 0x76, 0x65, 0x63, 0x34, 0x28, 0x30, 0x2e, 0x30, 0x2c, 0x20, 0x30, 0x2e, 0x30, 0x2c, 0x20, //  vec4(0.0, 0.0, 
	0x30, 0x2e, 0x30, 0x2c, 0x20, 0x30, 0x2e, 0x30, 0x29, 0x3b, 0x0a, 0x20, 0x20, 0x7d, 0x3b, 0x0a, // 0.0, 0.0);.  };.
	0x20, 0x20, 0x67, 0x6c, 0x5f, 0x46, 0x72, 0x61, 0x67, 0x43, 0x6f, 0x6c, 0x6f, 0x72, 0x20, 0x3d, //   gl_FragColor =
	0x20, 0x74, 0x6d, 0x70, 0x76, 0x61, 0x72, 0x5f, 0x32, 0x33, 0x3b, 0x0a, 0x7d, 0x0a, 0x0a, 0x00, //  tmpvar_23;.}...
};

static const uint8_t fs_outline_overlay_mtl[2896] =
{
	0x46, 0x53, 0x48, 0x0b, 0x89, 0xeb, 0xbe, 0x46, 0x00, 0x00, 0x00, 0x00, 0x06, 0x00, 0x11, 0x73, // FSH....F.......s
	0x5f, 0x74, 0x65, 0x78, 0x43, 0x6f, 0x6c, 0x6f, 0x72, 0x53, 0x61, 0x6d, 0x70, 0x6c, 0x65, 0x72, // _texColorSampler
	0x11, 0x01, 0xff, 0xff, 0x01, 0x00, 0x00, 0x00, 0x00, 0x00, 0x11, 0x73, 0x5f, 0x74, 0x65, 0x78, // ...........s_tex
	0x43, 0x6f, 0x6c, 0x6f, 0x72, 0x54, 0x65, 0x78, 0x74, 0x75, 0x72, 0x65, 0x11, 0x01, 0xff, 0xff, // ColorTexture....
	0x01, 0x00, 0x00, 0x00, 0x00, 0x00, 0x10, 0x75, 0x5f, 0x6f, 0x75, 0x74, 0x6c, 0x69, 0x6e, 0x65, // .......u_outline
	0x5f, 0x70, 0x61, 0x72, 0x61, 0x6d, 0x73, 0x12, 0x01, 0x10, 0x00, 0x01, 0x00, 0x00, 0x00, 0x00, // _params.........
	0x00, 0x0b, 0x75, 0x5f, 0x76, 0x69, 0x65, 0x77, 0x54, 0x65, 0x78, 0x65, 0x6c, 0x12, 0x01, 0x00, // ..u_viewTexel...
	0x00, 0x01, 0x00, 0x00, 0x00, 0x00, 0x00, 0x0f, 0x75, 0x5f, 0x6f, 0x75, 0x74, 0x6c, 0x69, 0x6e, // ........u_outlin
	0x65, 0x5f, 0x63, 0x6f, 0x6c, 0x6f, 0x72, 0x12, 0x01, 0x20, 0x00, 0x01, 0x00, 0x00, 0x00, 0x00, // e_color.. ......
	0x00, 0x0a, 0x73, 0x5f, 0x74, 0x65, 0x78, 0x43, 0x6f, 0x6c, 0x6f, 0x72, 0x10, 0x00, 0x00, 0x00, // ..s_texColor....
	0x00, 0x00, 0x00, 0x00, 0x00, 0x00, 0xa2, 0x0a, 0x00, 0x00, 0x23, 0x69, 0x6e, 0x63, 0x6c, 0x75, // ..........#inclu
	0x64, 0x65, 0x20, 0x3c, 0x6d, 0x65, 0x74, 0x61, 0x6c, 0x5f, 0x73, 0x74, 0x64, 0x6c, 0x69, 0x62, // de <metal_stdlib
	0x3e, 0x0a, 0x23, 0x69, 0x6e, 0x63, 0x6c, 0x75, 0x64, 0x65, 0x20, 0x3c, 0x73, 0x69, 0x6d, 0x64, // >.#include <simd
	0x2f, 0x73, 0x69, 0x6d, 0x64, 0x2e, 0x68, 0x3e, 0x0a, 0x0a, 0x75, 0x73, 0x69, 0x6e, 0x67, 0x20, // /simd.h>..using 
	0x6e, 0x61, 0x6d, 0x65, 0x73, 0x70, 0x61, 0x63, 0x65, 0x20, 0x6d, 0x65, 0x74, 0x61, 0x6c, 0x3b, // namespace metal;
	0x0a, 0x0a, 0x73, 0x74, 0x72, 0x75, 0x63, 0x74, 0x20, 0x5f, 0x47, 0x6c, 0x6f, 0x62, 0x61, 0x6c, // ..struct _Global
	0x0a, 0x7b, 0x0a, 0x20, 0x20, 0x20, 0x20, 0x66, 0x6c, 0x6f, 0x61, 0x74, 0x34, 0x20, 0x75, 0x5f, // .{.    float4 u_
	0x76, 0x69, 0x65, 0x77, 0x54, 0x65, 0x78, 0x65, 0x6c, 0x3b, 0x0a, 0x20, 0x20, 0x20, 0x20, 0x66, // viewTexel;.    f
	0x6c, 0x6f, 0x61, 0x74, 0x34, 0x20, 0x75, 0x5f, 0x6f, 0x75, 0x74, 0x6c, 0x69, 0x6e, 0x65, 0x5f, // loat4 u_outline_
	0x70, 0x61, 0x72, 0x61, 0x6d, 0x73, 0x3b, 0x0a, 0x20, 0x20, 0x20, 0x20, 0x66, 0x6c, 0x6f, 0x61, // params;.    floa
	0x74, 0x34, 0x20, 0x75, 0x5f, 0x6f, 0x75, 0x74, 0x6c, 0x69, 0x6e, 0x65, 0x5f, 0x63, 0x6f, 0x6c, // t4 u_outline_col
	0x6f, 0x72, 0x3b, 0x0a, 0x7d, 0x3b, 0x0a, 0x0a, 0x73, 0x74, 0x72, 0x75, 0x63, 0x74, 0x20, 0x78, // or;.};..struct x
	0x6c, 0x61, 0x74, 0x4d, 0x74, 0x6c, 0x4d, 0x61, 0x69, 0x6e, 0x5f, 0x6f, 0x75, 0x74, 0x0a, 0x7b, // latMtlMain_out.{
	0x0a, 0x20, 0x20, 0x20, 0x20, 0x66, 0x6c, 0x6f, 0x61, 0x74, 0x34, 0x20, 0x62, 0x67, 0x66, 0x78, // .    float4 bgfx
	0x5f, 0x46, 0x72, 0x61, 0x67, 0x44, 0x61, 0x74, 0x61, 0x30, 0x20, 0x5b, 0x5b, 0x63, 0x6f, 0x6c, // _FragData0 [[col
	0x6f, 0x72, 0x28, 0x30, 0x29, 0x5d, 0x5d, 0x3b, 0x0a, 0x7d, 0x3b, 0x0a, 0x0a, 0x73, 0x74, 0x72, // or(0)]];.};..str
	0x75, 0x63, 0x74, 0x20, 0x78, 0x6c, 0x61, 0x74, 0x4d, 0x74, 0x6c, 0x4d, 0x61, 0x69, 0x6e, 0x5f, // uct xlatMtlMain_
	0x69, 0x6e, 0x0a, 0x7b, 0x0a, 0x20, 0x20, 0x20, 0x20, 0x66, 0x6c, 0x6f, 0x61, 0x74, 0x32, 0x20, // in.{.    float2 
	0x76, 0x5f, 0x75, 0x76, 0x20, 0x5b, 0x5b, 0x75, 0x73, 0x65, 0x72, 0x28, 0x6c, 0x6f, 0x63, 0x6e, // v_uv [[user(locn
	0x30, 0x29, 0x5d, 0x5d, 0x3b, 0x0a, 0x7d, 0x3b, 0x0a, 0x0a, 0x66, 0x72, 0x61, 0x67, 0x6d, 0x65, // 0)]];.};..fragme
	0x6e, 0x74, 0x20, 0x78, 0x6c, 0x61, 0x74, 0x4d, 0x74, 0x6c, 0x4d, 0x61, 0x69, 0x6e, 0x5f, 0x6f, // nt xlatMtlMain_o
	0x75, 0x74, 0x20, 0x78, 0x6c, 0x61, 0x74, 0x4d, 0x74, 0x6c, 0x4d, 0x61, 0x69, 0x6e, 0x28, 0x78, // ut xlatMtlMain(x
	0x6c, 0x61, 0x74, 0x4d, 0x74, 0x6c, 0x4d, 0x61, 0x69, 0x6e, 0x5f, 0x69, 0x6e, 0x20, 0x69, 0x6e, // latMtlMain_in in
	0x20, 0x5b, 0x5b, 0x73, 0x74, 0x61, 0x67, 0x65, 0x5f, 0x69, 0x6e, 0x5d, 0x5d, 0x2c, 0x20, 0x63, //  [[stage_in]], c
	0x6f, 0x6e, 0x73, 0x74, 0x61, 0x6e, 0x74, 0x20, 0x5f, 0x47, 0x6c, 0x6f, 0x62, 0x61, 0x6c, 0x26, // onstant _Global&
	0x20, 0x5f, 0x6d, 0x74, 0x6c, 0x5f, 0x75, 0x20, 0x5b, 0x5b, 0x62, 0x75, 0x66, 0x66, 0x65, 0x72, //  _mtl_u [[buffer
	0x28, 0x30, 0x29, 0x5d, 0x5d, 0x2c, 0x20, 0x74, 0x65, 0x78, 0x74, 0x75, 0x72, 0x65, 0x32, 0x64, // (0)]], texture2d
	0x3c, 0x66, 0x6c, 0x6f, 0x61, 0x74, 0x3e, 0x20, 0x73, 0x5f, 0x74, 0x65, 0x78, 0x43, 0x6f, 0x6c, // <float> s_texCol
	0x6f, 0x72, 0x20, 0x5b, 0x5b, 0x74, 0x65, 0x78, 0x74, 0x75, 0x72, 0x65, 0x28, 0x30, 0x29, 0x5d, // or [[texture(0)]
	0x5d, 0x2c, 0x20, 0x73, 0x61, 0x6d, 0x70, 0x6c, 0x65, 0x72, 0x20, 0x73, 0x5f, 0x74, 0x65, 0x78, // ], sampler s_tex
	0x43, 0x6f, 0x6c, 0x6f, 0x72, 0x53, 0x61, 0x6d, 0x70, 0x6c, 0x65, 0x72, 0x20, 0x5b, 0x5b, 0x73, // ColorSampler [[s
	0x61, 0x6d, 0x70, 0x6c, 0x65, 0x72, 0x28, 0x30, 0x29, 0x5d, 0x5d, 0x29, 0x0a, 0x7b, 0x0a, 0x20, // ampler(0)]]).{. 
	0x20, 0x20, 0x20, 0x78, 0x6c, 0x61, 0x74, 0x4d, 0x74, 0x6c, 0x4d, 0x61, 0x69, 0x6e, 0x5f, 0x6f, //    xlatMtlMain_o
	0x75, 0x74, 0x20, 0x6f, 0x75, 0x74, 0x20, 0x3d, 0x20, 0x7b, 0x7d, 0x3b, 0x0a, 0x20, 0x20, 0x20, // ut out = {};.   
	0x20, 0x66, 0x6c, 0x6f, 0x61, 0x74, 0x34, 0x20, 0x5f, 0x36, 0x35, 0x35, 0x3b, 0x0a, 0x20, 0x20, //  float4 _655;.  
	0x20, 0x20, 0x64, 0x6f, 0x0a, 0x20, 0x20, 0x20, 0x20, 0x7b, 0x0a, 0x20, 0x20, 0x20, 0x20, 0x20, //   do.    {.     
	0x20, 0x20, 0x20, 0x62, 0x6f, 0x6f, 0x6c, 0x20, 0x5f, 0x33, 0x32, 0x33, 0x20, 0x3d, 0x20, 0x5f, //    bool _323 = _
	0x6d, 0x74, 0x6c, 0x5f, 0x75, 0x2e, 0x75, 0x5f, 0x6f, 0x75, 0x74, 0x6c, 0x69, 0x6e, 0x65, 0x5f, // mtl_u.u_outline_
	0x70, 0x61, 0x72, 0x61, 0x6d, 0x73, 0x2e, 0x79, 0x20, 0x3e, 0x20, 0x30, 0x2e, 0x35, 0x3b, 0x0a, // params.y > 0.5;.
	0x20, 0x20, 0x20, 0x20, 0x20, 0x20, 0x20, 0x20, 0x66, 0x6c, 0x6f, 0x61, 0x74, 0x34, 0x20, 0x5f, //         float4 _
	0x34, 0x36, 0x39, 0x20, 0x3d, 0x20, 0x73, 0x5f, 0x74, 0x65, 0x78, 0x43, 0x6f, 0x6c, 0x6f, 0x72, // 469 = s_texColor
	0x2e, 0x73, 0x61, 0x6d, 0x70, 0x6c, 0x65, 0x28, 0x73, 0x5f, 0x74, 0x65, 0x78, 0x43, 0x6f, 0x6c, // .sample(s_texCol
	0x6f, 0x72, 0x53, 0x61, 0x6d, 0x70, 0x6c, 0x65, 0x72, 0x2c, 0x20, 0x69, 0x6e, 0x2e, 0x76, 0x5f, // orSampler, in.v_
	0x75, 0x76, 0x29, 0x3b, 0x0a, 0x20, 0x20, 0x20, 0x20, 0x20, 0x20, 0x20, 0x20, 0x66, 0x6c, 0x6f, // uv);.        flo
	0x61, 0x74, 0x34, 0x20, 0x5f, 0x34, 0x34, 0x36, 0x20, 0x3d, 0x20, 0x5f, 0x34, 0x36, 0x39, 0x20, // at4 _446 = _469 
	0x2a, 0x20, 0x32, 0x35, 0x35, 0x2e, 0x30, 0x3b, 0x0a, 0x20, 0x20, 0x20, 0x20, 0x20, 0x20, 0x20, // * 255.0;.       
	0x20, 0x66, 0x6c, 0x6f, 0x61, 0x74, 0x20, 0x5f, 0x34, 0x36, 0x30, 0x20, 0x3d, 0x20, 0x28, 0x28, //  float _460 = ((
	0x5f, 0x34, 0x34, 0x36, 0x2e, 0x7a, 0x20, 0x2b, 0x20, 0x28, 0x5f, 0x34, 0x34, 0x36, 0x2e, 0x79, // _446.z + (_446.y
	0x20, 0x2a, 0x20, 0x32, 0x35, 0x36, 0x2e, 0x30, 0x29, 0x29, 0x20, 0x2b, 0x20, 0x28, 0x5f, 0x34, //  * 256.0)) + (_4
	0x34, 0x36, 0x2e, 0x78, 0x20, 0x2a, 0x20, 0x36, 0x35, 0x35, 0x33, 0x36, 0x2e, 0x30, 0x29, 0x29, // 46.x * 65536.0))
	0x20, 0x2b, 0x20, 0x28, 0x5f, 0x34, 0x34, 0x36, 0x2e, 0x77, 0x20, 0x2a, 0x20, 0x31, 0x36, 0x37, //  + (_446.w * 167
	0x37, 0x37, 0x32, 0x31, 0x36, 0x2e, 0x30, 0x29, 0x3b, 0x0a, 0x20, 0x20, 0x20, 0x20, 0x20, 0x20, // 77216.0);.      
	0x20, 0x20, 0x66, 0x6c, 0x6f, 0x61, 0x74, 0x34, 0x20, 0x5f, 0x34, 0x37, 0x38, 0x20, 0x3d, 0x20, //   float4 _478 = 
	0x73, 0x5f, 0x74, 0x65, 0x78, 0x43, 0x6f, 0x6c, 0x6f, 0x72, 0x2e, 0x73, 0x61, 0x6d, 0x70, 0x6c, // s_texColor.sampl
	0x65, 0x28, 0x73, 0x5f, 0x74, 0x65, 0x78, 0x43, 0x6f, 0x6c, 0x6f, 0x72, 0x53, 0x61, 0x6d, 0x70, // e(s_texColorSamp
	0x6c, 0x65, 0x72, 0x2c, 0x20, 0x69, 0x6e, 0x2e, 0x76, 0x5f, 0x75, 0x76, 0x29, 0x3b, 0x0a, 0x20, // ler, in.v_uv);. 
	0x20, 0x20, 0x20, 0x20, 0x20, 0x20, 0x20, 0x69, 0x66, 0x20, 0x28, 0x5f, 0x33, 0x32, 0x33, 0x29, //        if (_323)
	0x0a, 0x20, 0x20, 0x20, 0x20, 0x20, 0x20, 0x20, 0x20, 0x7b, 0x0a, 0x20, 0x20, 0x20, 0x20, 0x20, // .        {.     
	0x20, 0x20, 0x20, 0x20, 0x20, 0x20, 0x20, 0x69, 0x66, 0x20, 0x28, 0x66, 0x61, 0x73, 0x74, 0x3a, //        if (fast:
	0x3a, 0x6d, 0x69, 0x6e, 0x28, 0x66, 0x61, 0x73, 0x74, 0x3a, 0x3a, 0x6d, 0x69, 0x6e, 0x28, 0x5f, // :min(fast::min(_
	0x34, 0x37, 0x38, 0x2e, 0x78, 0x2c, 0x20, 0x5f, 0x34, 0x37, 0x38, 0x2e, 0x79, 0x29, 0x2c, 0x20, // 478.x, _478.y), 
	0x66, 0x61, 0x73, 0x74, 0x3a, 0x3a, 0x6d, 0x69, 0x6e, 0x28, 0x5f, 0x34, 0x37, 0x38, 0x2e, 0x7a, // fast::min(_478.z
	0x2c, 0x20, 0x5f, 0x34, 0x37, 0x38, 0x2e, 0x77, 0x29, 0x29, 0x20, 0x3e, 0x20, 0x32, 0x35, 0x34, // , _478.w)) > 254
	0x2e, 0x35, 0x29, 0x0a, 0x20, 0x20, 0x20, 0x20, 0x20, 0x20, 0x20, 0x20, 0x20, 0x20, 0x20, 0x20, // .5).            
	0x7b, 0x0a, 0x20, 0x20, 0x20, 0x20, 0x20, 0x20, 0x20, 0x20, 0x20, 0x20, 0x20, 0x20, 0x20, 0x20, // {.              
	0x20, 0x20, 0x5f, 0x36, 0x35, 0x35, 0x20, 0x3d, 0x20, 0x66, 0x6c, 0x6f, 0x61, 0x74, 0x34, 0x28, //   _655 = float4(
	0x30, 0x2e, 0x30, 0x29, 0x3b, 0x0a, 0x20, 0x20, 0x20, 0x20, 0x20, 0x20, 0x20, 0x20, 0x20, 0x20, // 0.0);.          
	0x20, 0x20, 0x20, 0x20, 0x20, 0x20, 0x62, 0x72, 0x65, 0x61, 0x6b, 0x3b, 0x0a, 0x20, 0x20, 0x20, //       break;.   
	0x20, 0x20, 0x20, 0x20, 0x20, 0x20, 0x20, 0x20, 0x20, 0x7d, 0x0a, 0x20, 0x20, 0x20, 0x20, 0x20, //          }.     
	0x20, 0x20, 0x20, 0x7d, 0x0a, 0x20, 0x20, 0x20, 0x20, 0x20, 0x20, 0x20, 0x20, 0x65, 0x6c, 0x73, //    }.        els
	0x65, 0x0a, 0x20, 0x20, 0x20, 0x20, 0x20, 0x20, 0x20, 0x20, 0x7b, 0x0a, 0x20, 0x20, 0x20, 0x20, // e.        {.    
	0x20, 0x20, 0x20, 0x20, 0x20, 0x20, 0x20, 0x20, 0x69, 0x66, 0x20, 0x28, 0x5f, 0x34, 0x36, 0x30, //         if (_460
	0x20, 0x21, 0x3d, 0x20, 0x5f, 0x6d, 0x74, 0x6c, 0x5f, 0x75, 0x2e, 0x75, 0x5f, 0x6f, 0x75, 0x74, //  != _mtl_u.u_out
	0x6c, 0x69, 0x6e, 0x65, 0x5f, 0x70, 0x61, 0x72, 0x61, 0x6d, 0x73, 0x2e, 0x78, 0x29, 0x0a, 0x20, // line_params.x). 
	0x20, 0x20, 0x20, 0x20, 0x20, 0x20, 0x20, 0x20, 0x20, 0x20, 0x20, 0x7b, 0x0a, 0x20, 0x20, 0x20, //            {.   
	0x20, 0x20, 0x20, 0x20, 0x20, 0x20, 0x20, 0x20, 0x20, 0x20, 0x20, 0x20, 0x20, 0x5f, 0x36, 0x35, //              _65
	0x35, 0x20, 0x3d, 0x20, 0x66, 0x6c, 0x6f, 0x61, 0x74, 0x34, 0x28, 0x30, 0x2e, 0x30, 0x29, 0x3b, // 5 = float4(0.0);
	0x0a, 0x20, 0x20, 0x20, 0x20, 0x20, 0x20, 0x20, 0x20, 0x20, 0x20, 0x20, 0x20, 0x20, 0x20, 0x20, // .               
	0x20, 0x62, 0x72, 0x65, 0x61, 0x6b, 0x3b, 0x0a, 0x20, 0x20, 0x20, 0x20, 0x20, 0x20, 0x20, 0x20, //  break;.        
	0x20, 0x20, 0x20, 0x20, 0x7d, 0x0a, 0x20, 0x20, 0x20, 0x20, 0x20, 0x20, 0x20, 0x20, 0x20, 0x20, //     }.          
	0x20, 0x20, 0x69, 0x66, 0x20, 0x28, 0x5f, 0x6d, 0x74, 0x6c, 0x5f, 0x75, 0x2e, 0x75, 0x5f, 0x6f, //   if (_mtl_u.u_o
	0x75, 0x74, 0x6c, 0x69, 0x6e, 0x65, 0x5f, 0x70, 0x61, 0x72, 0x61, 0x6d, 0x73, 0x2e, 0x78, 0x20, // utline_params.x 
	0x3c, 0x20, 0x30, 0x2e, 0x35, 0x29, 0x0a, 0x20, 0x20, 0x20, 0x20, 0x20, 0x20, 0x20, 0x20, 0x20, // < 0.5).         
	0x20, 0x20, 0x20, 0x7b, 0x0a, 0x20, 0x20, 0x20, 0x20, 0x20, 0x20, 0x20, 0x20, 0x20, 0x20, 0x20, //    {.           
	0x20, 0x20, 0x20, 0x20, 0x20, 0x5f, 0x36, 0x35, 0x35, 0x20, 0x3d, 0x20, 0x66, 0x6c, 0x6f, 0x61, //      _655 = floa
	0x74, 0x34, 0x28, 0x30, 0x2e, 0x30, 0x29, 0x3b, 0x0a, 0x20, 0x20, 0x20, 0x20, 0x20, 0x20, 0x20, // t4(0.0);.       
	0x20, 0x20, 0x20, 0x20, 0x20, 0x20, 0x20, 0x20, 0x20, 0x62, 0x72, 0x65, 0x61, 0x6b, 0x3b, 0x0a, //          break;.
	0x20, 0x20, 0x20, 0x20, 0x20, 0x20, 0x20, 0x20, 0x20, 0x20, 0x20, 0x20, 0x7d, 0x0a, 0x20, 0x20, //             }.  
	0x20, 0x20, 0x20, 0x20, 0x20, 0x20, 0x7d, 0x0a, 0x20, 0x20, 0x20, 0x20, 0x20, 0x20, 0x20, 0x20, //       }.        
	0x66, 0x6c, 0x6f, 0x61, 0x74, 0x32, 0x20, 0x5f, 0x33, 0x36, 0x31, 0x20, 0x3d, 0x20, 0x66, 0x6c, // float2 _361 = fl
	0x6f, 0x61, 0x74, 0x32, 0x28, 0x5f, 0x6d, 0x74, 0x6c, 0x5f, 0x75, 0x2e, 0x75, 0x5f, 0x76, 0x69, // oat2(_mtl_u.u_vi
	0x65, 0x77, 0x54, 0x65, 0x78, 0x65, 0x6c, 0x2e, 0x78, 0x2c, 0x20, 0x30, 0x2e, 0x30, 0x29, 0x3b, // ewTexel.x, 0.0);
	0x0a, 0x20, 0x20, 0x20, 0x20, 0x20, 0x20, 0x20, 0x20, 0x66, 0x6c, 0x6f, 0x61, 0x74, 0x34, 0x20, // .        float4 
	0x5f, 0x34, 0x38, 0x37, 0x20, 0x3d, 0x20, 0x73, 0x5f, 0x74, 0x65, 0x78, 0x43, 0x6f, 0x6c, 0x6f, // _487 = s_texColo
	0x72, 0x2e, 0x73, 0x61, 0x6d, 0x70, 0x6c, 0x65, 0x28, 0x73, 0x5f, 0x74, 0x65, 0x78, 0x43, 0x6f, // r.sample(s_texCo
	0x6c, 0x6f, 0x72, 0x53, 0x61, 0x6d, 0x70, 0x6c, 0x65, 0x72, 0x2c, 0x20, 0x28, 0x69, 0x6e, 0x2e, // lorSampler, (in.
	0x76, 0x5f, 0x75, 0x76, 0x20, 0x2d, 0x20, 0x5f, 0x33, 0x36, 0x31, 0x29, 0x29, 0x20, 0x2a, 0x20, // v_uv - _361)) * 
	0x32, 0x35, 0x35, 0x2e, 0x30, 0x3b, 0x0a, 0x20, 0x20, 0x20, 0x20, 0x20, 0x20, 0x20, 0x20, 0x66, // 255.0;.        f
	0x6c, 0x6f, 0x61, 0x74, 0x20, 0x5f, 0x35, 0x30, 0x31, 0x20, 0x3d, 0x20, 0x28, 0x28, 0x5f, 0x34, // loat _501 = ((_4
	0x38, 0x37, 0x2e, 0x7a, 0x20, 0x2b, 0x20, 0x28, 0x5f, 0x34, 0x38, 0x37, 0x2e, 0x79, 0x20, 0x2a, // 87.z + (_487.y *
	0x20, 0x32, 0x35, 0x36, 0x2e, 0x30, 0x29, 0x29, 0x20, 0x2b, 0x20, 0x28, 0x5f, 0x34, 0x38, 0x37, //  256.0)) + (_487
	0x2e, 0x78, 0x20, 0x2a, 0x20, 0x36, 0x35, 0x35, 0x33, 0x36, 0x2e, 0x30, 0x29, 0x29, 0x20, 0x2b, // .x * 65536.0)) +
	0x20, 0x28, 0x5f, 0x34, 0x38, 0x37, 0x2e, 0x77, 0x20, 0x2a, 0x20, 0x31, 0x36, 0x37, 0x37, 0x37, //  (_487.w * 16777
	0x32, 0x31, 0x36, 0x2e, 0x30, 0x29, 0x3b, 0x0a, 0x20, 0x20, 0x20, 0x20, 0x20, 0x20, 0x20, 0x20, // 216.0);.        
	0x66, 0x6c, 0x6f, 0x61, 0x74, 0x34, 0x20, 0x5f, 0x35, 0x31, 0x39, 0x20, 0x3d, 0x20, 0x73, 0x5f, // float4 _519 = s_
	0x74, 0x65, 0x78, 0x43, 0x6f, 0x6c, 0x6f, 0x72, 0x2e, 0x73, 0x61, 0x6d, 0x70, 0x6c, 0x65, 0x28, // texColor.sample(
	0x73, 0x5f, 0x74, 0x65, 0x78, 0x43, 0x6f, 0x6c, 0x6f, 0x72, 0x53, 0x61, 0x6d, 0x70, 0x6c, 0x65, // s_texColorSample
	0x72, 0x2c, 0x20, 0x28, 0x69, 0x6e, 0x2e, 0x76, 0x5f, 0x75, 0x76, 0x20, 0x2b, 0x20, 0x5f, 0x33, // r, (in.v_uv + _3
	0x36, 0x31, 0x29, 0x29, 0x20, 0x2a, 0x20, 0x32, 0x35, 0x35, 0x2e, 0x30, 0x3b, 0x0a, 0x20, 0x20, // 61)) * 255.0;.  
	0x20, 0x20, 0x20, 0x20, 0x20, 0x20, 0x66, 0x6c, 0x6f, 0x61, 0x74, 0x20, 0x5f, 0x35, 0x33, 0x33, //       float _533
	0x20, 0x3d, 0x20, 0x28, 0x28, 0x5f, 0x35, 0x31, 0x39, 0x2e, 0x7a, 0x20, 0x2b, 0x20, 0x28, 0x5f, //  = ((_519.z + (_
	0x35, 0x31, 0x39, 0x2e, 0x79, 0x20, 0x2a, 0x20, 0x32, 0x35, 0x36, 0x2e, 0x30, 0x29, 0x29, 0x20, // 519.y * 256.0)) 
	0x2b, 0x20, 0x28, 0x5f, 0x35, 0x31, 0x39, 0x2e, 0x78, 0x20, 0x2a, 0x20, 0x36, 0x35, 0x35, 0x33, // + (_519.x * 6553
	0x36, 0x2e, 0x30, 0x29, 0x29, 0x20, 0x2b, 0x20, 0x28, 0x5f, 0x35, 0x31, 0x39, 0x2e, 0x77, 0x20, // 6.0)) + (_519.w 
	0x2a, 0x20, 0x31, 0x36, 0x37, 0x37, 0x37, 0x32, 0x31, 0x36, 0x2e, 0x30, 0x29, 0x3b, 0x0a, 0x20, // * 16777216.0);. 
	0x20, 0x20, 0x20, 0x20, 0x20, 0x20, 0x20, 0x66, 0x6c, 0x6f, 0x61, 0x74, 0x32, 0x20, 0x5f, 0x33, //        float2 _3
	0x37, 0x33, 0x20, 0x3d, 0x20, 0x66, 0x6c, 0x6f, 0x61, 0x74, 0x32, 0x28, 0x30, 0x2e, 0x30, 0x2c, // 73 = float2(0.0,
	0x20, 0x5f, 0x6d, 0x74, 0x6c, 0x5f, 0x75, 0x2e, 0x75, 0x5f, 0x76, 0x69, 0x65, 0x77, 0x54, 0x65, //  _mtl_u.u_viewTe
	0x78, 0x65, 0x6c, 0x2e, 0x79, 0x29, 0x3b, 0x0a, 0x20, 0x20, 0x20, 0x20, 0x20, 0x20, 0x20, 0x20, // xel.y);.        
	0x66, 0x6c, 0x6f, 0x61, 0x74, 0x34, 0x20, 0x5f, 0x35, 0x35, 0x31, 0x20, 0x3d, 0x20, 0x73, 0x5f, // float4 _551 = s_
	0x74, 0x65, 0x78, 0x43, 0x6f, 0x6c, 0x6f, 0x72, 0x2e, 0x73, 0x61, 0x6d, 0x70, 0x6c, 0x65, 0x28, // texColor.sample(
	0x73, 0x5f, 0x74, 0x65, 0x78, 0x43, 0x6f, 0x6c, 0x6f, 0x72, 0x53, 0x61, 0x6d, 0x70, 0x6c, 0x65, // s_texColorSample
	0x72, 0x2c, 0x20, 0x28, 0x69, 0x6e, 0x2e, 0x76, 0x5f, 0x75, 0x76, 0x20, 0x2d, 0x20, 0x5f, 0x33, // r, (in.v_uv - _3
	0x37, 0x33, 0x29, 0x29, 0x20, 0x2a, 0x20, 0x32, 0x35, 0x35, 0x2e, 0x30, 0x3b, 0x0a, 0x20, 0x20, // 73)) * 255.0;.  
	0x20, 0x20, 0x20, 0x20, 0x20, 0x20, 0x66, 0x6c, 0x6f, 0x61, 0x74, 0x20, 0x5f, 0x35, 0x36, 0x35, //       float _565
	0x20, 0x3d, 0x20, 0x28, 0x28, 0x5f, 0x35, 0x35, 0x31, 0x2e, 0x7a, 0x20, 0x2b, 0x20, 0x28, 0x5f, //  = ((_551.z + (_
	0x35, 0x35, 0x31, 0x2e, 0x79, 0x20, 0x2a, 0x20, 0x32, 0x35, 0x36, 0x2e, 0x30, 0x29, 0x29, 0x20, // 551.y * 256.0)) 
	0x2b, 0x20, 0x28, 0x5f, 0x35, 0x35, 0x31, 0x2e, 0x78, 0x20, 0x2a, 0x20, 0x36, 0x35, 0x35, 0x33, // + (_551.x * 6553
	0x36, 0x2e, 0x30, 0x29, 0x29, 0x20, 0x2b, 0x20, 0x28, 0x5f, 0x35, 0x35, 0x31, 0x2e, 0x77, 0x20, // 6.0)) + (_551.w 
	0x2a, 0x20, 0x31, 0x36, 0x37, 0x37, 0x37, 0x32, 0x31, 0x36, 0x2e, 0x30, 0x29, 0x3b, 0x0a, 0x20, // * 16777216.0);. 
	0x20, 0x20, 0x20, 0x20, 0x20, 0x20, 0x20, 0x66, 0x6c, 0x6f, 0x61, 0x74, 0x34, 0x20, 0x5f, 0x35, //        float4 _5
	0x38, 0x33, 0x20, 0x3d, 0x20, 0x73, 0x5f, 0x74, 0x65, 0x78, 0x43, 0x6f, 0x6c, 0x6f, 0x72, 0x2e, // 83 = s_texColor.
	0x73, 0x61, 0x6d, 0x70, 0x6c, 0x65, 0x28, 0x73, 0x5f, 0x74, 0x65, 0x78, 0x43, 0x6f, 0x6c, 0x6f, // sample(s_texColo
	0x72, 0x53, 0x61, 0x6d, 0x70, 0x6c, 0x65, 0x72, 0x2c, 0x20, 0x28, 0x69, 0x6e, 0x2e, 0x76, 0x5f, // rSampler, (in.v_
	0x75, 0x76, 0x20, 0x2b, 0x20, 0x5f, 0x33, 0x37, 0x33, 0x29, 0x29, 0x20, 0x2a, 0x20, 0x32, 0x35, // uv + _373)) * 25
	0x35, 0x2e, 0x30, 0x3b, 0x0a, 0x20, 0x20, 0x20, 0x20, 0x20, 0x20, 0x20, 0x20, 0x66, 0x6c, 0x6f, // 5.0;.        flo
	0x61, 0x74, 0x20, 0x5f, 0x35, 0x39, 0x37, 0x20, 0x3d, 0x20, 0x28, 0x28, 0x5f, 0x35, 0x38, 0x33, // at _597 = ((_583
	0x2e, 0x7a, 0x20, 0x2b, 0x20, 0x28, 0x5f, 0x35, 0x38, 0x33, 0x2e, 0x79, 0x20, 0x2a, 0x20, 0x32, // .z + (_583.y * 2
	0x35, 0x36, 0x2e, 0x30, 0x29, 0x29, 0x20, 0x2b, 0x20, 0x28, 0x5f, 0x35, 0x38, 0x33, 0x2e, 0x78, // 56.0)) + (_583.x
	0x20, 0x2a, 0x20, 0x36, 0x35, 0x35, 0x33, 0x36, 0x2e, 0x30, 0x29, 0x29, 0x20, 0x2b, 0x20, 0x28, //  * 65536.0)) + (
	0x5f, 0x35, 0x38, 0x33, 0x2e, 0x77, 0x20, 0x2a, 0x20, 0x31, 0x36, 0x37, 0x37, 0x37, 0x32, 0x31, // _583.w * 1677721
	0x36, 0x2e, 0x30, 0x29, 0x3b, 0x0a, 0x20, 0x20, 0x20, 0x20, 0x20, 0x20, 0x20, 0x20, 0x5f, 0x36, // 6.0);.        _6
	0x35, 0x35, 0x20, 0x3d, 0x20, 0x73, 0x65, 0x6c, 0x65, 0x63, 0x74, 0x28, 0x66, 0x6c, 0x6f, 0x61, // 55 = select(floa
	0x74, 0x34, 0x28, 0x30, 0x2e, 0x30, 0x29, 0x2c, 0x20, 0x5f, 0x6d, 0x74, 0x6c, 0x5f, 0x75, 0x2e, // t4(0.0), _mtl_u.
	0x75, 0x5f, 0x6f, 0x75, 0x74, 0x6c, 0x69, 0x6e, 0x65, 0x5f, 0x63, 0x6f, 0x6c, 0x6f, 0x72, 0x2c, // u_outline_color,
	0x20, 0x62, 0x6f, 0x6f, 0x6c, 0x34, 0x28, 0x5f, 0x33, 0x32, 0x33, 0x20, 0x3f, 0x20, 0x28, 0x66, //  bool4(_323 ? (f
	0x61, 0x73, 0x74, 0x3a, 0x3a, 0x6d, 0x61, 0x78, 0x28, 0x66, 0x61, 0x73, 0x74, 0x3a, 0x3a, 0x6d, // ast::max(fast::m
	0x61, 0x78, 0x28, 0x61, 0x62, 0x73, 0x28, 0x5f, 0x35, 0x30, 0x31, 0x20, 0x2d, 0x20, 0x5f, 0x34, // ax(abs(_501 - _4
	0x36, 0x30, 0x29, 0x2c, 0x20, 0x61, 0x62, 0x73, 0x28, 0x5f, 0x35, 0x33, 0x33, 0x20, 0x2d, 0x20, // 60), abs(_533 - 
	0x5f, 0x34, 0x36, 0x30, 0x29, 0x29, 0x2c, 0x20, 0x66, 0x61, 0x73, 0x74, 0x3a, 0x3a, 0x6d, 0x61, // _460)), fast::ma
	0x78, 0x28, 0x61, 0x62, 0x73, 0x28, 0x5f, 0x35, 0x36, 0x35, 0x20, 0x2d, 0x20, 0x5f, 0x34, 0x36, // x(abs(_565 - _46
	0x30, 0x29, 0x2c, 0x20, 0x61, 0x62, 0x73, 0x28, 0x5f, 0x35, 0x39, 0x37, 0x20, 0x2d, 0x20, 0x5f, // 0), abs(_597 - _
	0x34, 0x36, 0x30, 0x29, 0x29, 0x29, 0x20, 0x3e, 0x20, 0x30, 0x2e, 0x35, 0x29, 0x20, 0x3a, 0x20, // 460))) > 0.5) : 
	0x28, 0x66, 0x61, 0x73, 0x74, 0x3a, 0x3a, 0x6d, 0x61, 0x78, 0x28, 0x66, 0x61, 0x73, 0x74, 0x3a, // (fast::max(fast:
	0x3a, 0x6d, 0x61, 0x78, 0x28, 0x61, 0x62, 0x73, 0x28, 0x5f, 0x35, 0x30, 0x31, 0x20, 0x2d, 0x20, // :max(abs(_501 - 
	0x5f, 0x6d, 0x74, 0x6c, 0x5f, 0x75, 0x2e, 0x75, 0x5f, 0x6f, 0x75, 0x74, 0x6c, 0x69, 0x6e, 0x65, // _mtl_u.u_outline
	0x5f, 0x70, 0x61, 0x72, 0x61, 0x6d, 0x73, 0x2e, 0x78, 0x29, 0x2c, 0x20, 0x61, 0x62, 0x73, 0x28, // _params.x), abs(
	0x5f, 0x35, 0x33, 0x33, 0x20, 0x2d, 0x20, 0x5f, 0x6d, 0x74, 0x6c, 0x5f, 0x75, 0x2e, 0x75, 0x5f, // _533 - _mtl_u.u_
	0x6f, 0x75, 0x74, 0x6c, 0x69, 0x6e, 0x65, 0x5f, 0x70, 0x61, 0x72, 0x61, 0x6d, 0x73, 0x2e, 0x78, // outline_params.x
	0x29, 0x29, 0x2c, 0x20, 0x66, 0x61, 0x73, 0x74, 0x3a, 0x3a, 0x6d, 0x61, 0x78, 0x28, 0x61, 0x62, // )), fast::max(ab
	0x73, 0x28, 0x5f, 0x35, 0x36, 0x35, 0x20, 0x2d, 0x20, 0x5f, 0x6d, 0x74, 0x6c, 0x5f, 0x75, 0x2e, // s(_565 - _mtl_u.
	0x75, 0x5f, 0x6f, 0x75, 0x74, 0x6c, 0x69, 0x6e, 0x65, 0x5f, 0x70, 0x61, 0x72, 0x61, 0x6d, 0x73, // u_outline_params
	0x2e, 0x78, 0x29, 0x2c, 0x20, 0x61, 0x62, 0x73, 0x28, 0x5f, 0x35, 0x39, 0x37, 0x20, 0x2d, 0x20, // .x), abs(_597 - 
	0x5f, 0x6d, 0x74, 0x6c, 0x5f, 0x75, 0x2e, 0x75, 0x5f, 0x6f, 0x75, 0x74, 0x6c, 0x69, 0x6e, 0x65, // _mtl_u.u_outline
	0x5f, 0x70, 0x61, 0x72, 0x61, 0x6d, 0x73, 0x2e, 0x78, 0x29, 0x29, 0x29, 0x20, 0x3e, 0x20, 0x30, // _params.x))) > 0
	0x2e, 0x35, 0x29, 0x29, 0x29, 0x3b, 0x0a, 0x20, 0x20, 0x20, 0x20, 0x20, 0x20, 0x20, 0x20, 0x62, // .5)));.        b
	0x72, 0x65, 0x61, 0x6b, 0x3b, 0x0a, 0x20, 0x20, 0x20, 0x20, 0x7d, 0x20, 0x77, 0x68, 0x69, 0x6c, // reak;.    } whil
	0x65, 0x28, 0x66, 0x61, 0x6c, 0x73, 0x65, 0x29, 0x3b, 0x0a, 0x20, 0x20, 0x20, 0x20, 0x6f, 0x75, // e(false);.    ou
	0x74, 0x2e, 0x62, 0x67, 0x66, 0x78, 0x5f, 0x46, 0x72, 0x61, 0x67, 0x44, 0x61, 0x74, 0x61, 0x30, // t.bgfx_FragData0
	0x20, 0x3d, 0x20, 0x5f, 0x36, 0x35, 0x35, 0x3b, 0x0a, 0x20, 0x20, 0x20, 0x20, 0x72, 0x65, 0x74, //  = _655;.    ret
	0x75, 0x72, 0x6e, 0x20, 0x6f, 0x75, 0x74, 0x3b, 0x0a, 0x7d, 0x0a, 0x0a, 0x00, 0x00, 0x50, 0x00, // urn out;.}....P.
};

static const uint8_t fs_outline_overlay_essl[3164] =
{
	0x46, 0x53, 0x48, 0x0b, 0x89, 0xeb, 0xbe, 0x46, 0x00, 0x00, 0x00, 0x00, 0x00, 0x00, 0x49, 0x0c, // FSH....F......I.
	0x00, 0x00, 0x23, 0x76, 0x65, 0x72, 0x73, 0x69, 0x6f, 0x6e, 0x20, 0x33, 0x32, 0x30, 0x20, 0x65, // ..#version 320 e
	0x73, 0x0a, 0x23, 0x64, 0x65, 0x66, 0x69, 0x6e, 0x65, 0x20, 0x61, 0x74, 0x74, 0x72, 0x69, 0x62, // s.#define attrib
	0x75, 0x74, 0x65, 0x20, 0x69, 0x6e, 0x0a, 0x23, 0x64, 0x65, 0x66, 0x69, 0x6e, 0x65, 0x20, 0x76, // ute in.#define v
	0x61, 0x72, 0x79, 0x69, 0x6e, 0x67, 0x20, 0x69, 0x6e, 0x0a, 0x70, 0x72, 0x65, 0x63, 0x69, 0x73, // arying in.precis
	0x69, 0x6f, 0x6e, 0x20, 0x68, 0x69, 0x67, 0x68, 0x70, 0x20, 0x66, 0x6c, 0x6f, 0x61, 0x74, 0x3b, // ion highp float;
	0x0a, 0x70, 0x72, 0x65, 0x63, 0x69, 0x73, 0x69, 0x6f, 0x6e, 0x20, 0x68, 0x69, 0x67, 0x68, 0x70, // .precision highp
	0x20, 0x69, 0x6e, 0x74, 0x3b, 0x0a, 0x23, 0x64, 0x65, 0x66, 0x69, 0x6e, 0x65, 0x20, 0x73, 0x68, //  int;.#define sh
	0x61, 0x64, 0x6f, 0x77, 0x32, 0x44, 0x28, 0x5f, 0x73, 0x61, 0x6d, 0x70, 0x6c, 0x65, 0x72, 0x2c, // adow2D(_sampler,
	0x20, 0x5f, 0x63, 0x6f, 0x6f, 0x72, 0x64, 0x29, 0x20, 0x74, 0x65, 0x78, 0x74, 0x75, 0x72, 0x65, //  _coord) texture
	0x28, 0x5f, 0x73, 0x61, 0x6d, 0x70, 0x6c, 0x65, 0x72, 0x2c, 0x20, 0x5f, 0x63, 0x6f, 0x6f, 0x72, // (_sampler, _coor
	0x64, 0x29, 0x0a, 0x23, 0x64, 0x65, 0x66, 0x69, 0x6e, 0x65, 0x20, 0x73, 0x68, 0x61, 0x64, 0x6f, // d).#define shado
	0x77, 0x32, 0x44, 0x50, 0x72, 0x6f, 0x6a, 0x28, 0x5f, 0x73, 0x61, 0x6d, 0x70, 0x6c, 0x65, 0x72, // w2DProj(_sampler
	0x2c, 0x20, 0x5f, 0x63, 0x6f, 0x6f, 0x72, 0x64, 0x29, 0x20, 0x74, 0x65, 0x78, 0x74, 0x75, 0x72, // , _coord) textur
	0x65, 0x50, 0x72, 0x6f, 0x6a, 0x28, 0x5f, 0x73, 0x61, 0x6d, 0x70, 0x6c, 0x65, 0x72, 0x2c, 0x20, // eProj(_sampler, 
	0x5f, 0x63, 0x6f, 0x6f, 0x72, 0x64, 0x29, 0x0a, 0x6f, 0x75, 0x74, 0x20, 0x6d, 0x65, 0x64, 0x69, // _coord).out medi
	0x75, 0x6d, 0x70, 0x20, 0x76, 0x65, 0x63, 0x34, 0x20, 0x62, 0x67, 0x66, 0x78, 0x5f, 0x46, 0x72, // ump vec4 bgfx_Fr
	0x61, 0x67, 0x43, 0x6f, 0x6c, 0x6f, 0x72, 0x3b, 0x0a, 0x76, 0x61, 0x72, 0x79, 0x69, 0x6e, 0x67, // agColor;.varying
	0x20, 0x76, 0x65, 0x63, 0x32, 0x20, 0x76, 0x5f, 0x75, 0x76, 0x3b, 0x0a, 0x76, 0x65, 0x63, 0x33, //  vec2 v_uv;.vec3
	0x20, 0x69, 0x6e, 0x73, 0x74, 0x4d, 0x75, 0x6c, 0x28, 0x76, 0x65, 0x63, 0x33, 0x20, 0x5f, 0x76, //  instMul(vec3 _v
	0x65, 0x63, 0x2c, 0x20, 0x6d, 0x61, 0x74, 0x33, 0x20, 0x5f, 0x6d, 0x74, 0x78, 0x29, 0x20, 0x7b, // ec, mat3 _mtx) {
	0x20, 0x72, 0x65, 0x74, 0x75, 0x72, 0x6e, 0x20, 0x28, 0x20, 0x28, 0x5f, 0x76, 0x65, 0x63, 0x29, //  return ( (_vec)
	0x20, 0x2a, 0x20, 0x28, 0x5f, 0x6d, 0x74, 0x78, 0x29, 0x20, 0x29, 0x3b, 0x20, 0x7d, 0x0a, 0x76, //  * (_mtx) ); }.v
	0x65, 0x63, 0x33, 0x20, 0x69, 0x6e, 0x73, 0x74, 0x4d, 0x75, 0x6c, 0x28, 0x6d, 0x61, 0x74, 0x33, // ec3 instMul(mat3
	0x20, 0x5f, 0x6d, 0x74, 0x78, 0x2c, 0x20, 0x76, 0x65, 0x63, 0x33, 0x20, 0x5f, 0x76, 0x65, 0x63, //  _mtx, vec3 _vec
	0x29, 0x20, 0x7b, 0x20, 0x72, 0x65, 0x74, 0x75, 0x72, 0x6e, 0x20, 0x28, 0x20, 0x28, 0x5f, 0x6d, // ) { return ( (_m
	0x74, 0x78, 0x29, 0x20, 0x2a, 0x20, 0x28, 0x5f, 0x76, 0x65, 0x63, 0x29, 0x20, 0x29, 0x3b, 0x20, // tx) * (_vec) ); 
	0x7d, 0x0a, 0x76, 0x65, 0x63, 0x34, 0x20, 0x69, 0x6e, 0x73, 0x74, 0x4d, 0x75, 0x6c, 0x28, 0x76, // }.vec4 instMul(v
	0x65, 0x63, 0x34, 0x20, 0x5f, 0x76, 0x65, 0x63, 0x2c, 0x20, 0x6d, 0x61, 0x74, 0x34, 0x20, 0x5f, // ec4 _vec, mat4 _
	0x6d, 0x74, 0x78, 0x29, 0x20, 0x7b, 0x20, 0x72, 0x65, 0x74, 0x75, 0x72, 0x6e, 0x20, 0x28, 0x20, // mtx) { return ( 
	0x28, 0x5f, 0x76, 0x65, 0x63, 0x29, 0x20, 0x2a, 0x20, 0x28, 0x5f, 0x6d, 0x74, 0x78, 0x29, 0x20, // (_vec) * (_mtx) 
	0x29, 0x3b, 0x20, 0x7d, 0x0a, 0x76, 0x65, 0x63, 0x34, 0x20, 0x69, 0x6e, 0x73, 0x74, 0x4d, 0x75, // ); }.vec4 instMu
	0x6c, 0x28, 0x6d, 0x61, 0x74, 0x34, 0x20, 0x5f, 0x6d, 0x74, 0x78, 0x2c, 0x20, 0x76, 0x65, 0x63, // l(mat4 _mtx, vec
	0x34, 0x20, 0x5f, 0x76, 0x65, 0x63, 0x29, 0x20, 0x7b, 0x20, 0x72, 0x65, 0x74, 0x75, 0x72, 0x6e, // 4 _vec) { return
	0x20, 0x28, 0x20, 0x28, 0x5f, 0x6d, 0x74, 0x78, 0x29, 0x20, 0x2a, 0x20, 0x28, 0x5f, 0x76, 0x65, //  ( (_mtx) * (_ve
	0x63, 0x29, 0x20, 0x29, 0x3b, 0x20, 0x7d, 0x0a, 0x66, 0x6c, 0x6f, 0x61, 0x74, 0x20, 0x72, 0x63, // c) ); }.float rc
	0x70, 0x28, 0x66, 0x6c, 0x6f, 0x61, 0x74, 0x20, 0x5f, 0x61, 0x29, 0x20, 0x7b, 0x20, 0x72, 0x65, // p(float _a) { re
	0x74, 0x75, 0x72, 0x6e, 0x20, 0x31, 0x2e, 0x30, 0x2f, 0x5f, 0x61, 0x3b, 0x20, 0x7d, 0x0a, 0x76, // turn 1.0/_a; }.v
	0x65, 0x63, 0x32, 0x20, 0x72, 0x63, 0x70, 0x28, 0x76, 0x65, 0x63, 0x32, 0x20, 0x5f, 0x61, 0x29, // ec2 rcp(vec2 _a)
	0x20, 0x7b, 0x20, 0x72, 0x65, 0x74, 0x75, 0x72, 0x6e, 0x20, 0x76, 0x65, 0x63, 0x32, 0x28, 0x31, //  { return vec2(1
	0x2e, 0x30, 0x29, 0x2f, 0x5f, 0x61, 0x3b, 0x20, 0x7d, 0x0a, 0x76, 0x65, 0x63, 0x33, 0x20, 0x72, // .0)/_a; }.vec3 r
	0x63, 0x70, 0x28, 0x76, 0x65, 0x63, 0x33, 0x20, 0x5f, 0x61, 0x29, 0x20, 0x7b, 0x20, 0x72, 0x65, // cp(vec3 _a) { re
	0x74, 0x75, 0x72, 0x6e, 0x20, 0x76, 0x65, 0x63, 0x33, 0x28, 0x31, 0x2e, 0x30, 0x29, 0x2f, 0x5f, // turn vec3(1.0)/_
	0x61, 0x3b, 0x20, 0x7d, 0x0a, 0x76, 0x65, 0x63, 0x34, 0x20, 0x72, 0x63, 0x70, 0x28, 0x76, 0x65, // a; }.vec4 rcp(ve
	0x63, 0x34, 0x20, 0x5f, 0x61, 0x29, 0x20, 0x7b, 0x20, 0x72, 0x65, 0x74, 0x75, 0x72, 0x6e, 0x20, // c4 _a) { return 
	0x76, 0x65, 0x63, 0x34, 0x28, 0x31, 0x2e, 0x30, 0x29, 0x2f, 0x5f, 0x61, 0x3b, 0x20, 0x7d, 0x0a, // vec4(1.0)/_a; }.
	0x76, 0x65, 0x63, 0x32, 0x20, 0x76, 0x65, 0x63, 0x32, 0x5f, 0x73, 0x70, 0x6c, 0x61, 0x74, 0x28, // vec2 vec2_splat(
	0x66, 0x6c, 0x6f, 0x61, 0x74, 0x20, 0x5f, 0x78, 0x29, 0x20, 0x7b, 0x20, 0x72, 0x65, 0x74, 0x75, // float _x) { retu
	0x72, 0x6e, 0x20, 0x76, 0x65, 0x63, 0x32, 0x28, 0x5f, 0x78, 0x2c, 0x20, 0x5f, 0x78, 0x29, 0x3b, // rn vec2(_x, _x);
	0x20, 0x7d, 0x0a, 0x76, 0x65, 0x63, 0x33, 0x20, 0x76, 0x65, 0x63, 0x33, 0x5f, 0x73, 0x70, 0x6c, //  }.vec3 vec3_spl
	0x61, 0x74, 0x28, 0x66, 0x6c, 0x6f, 0x61, 0x74, 0x20, 0x5f, 0x78, 0x29, 0x20, 0x7b, 0x20, 0x72, // at(float _x) { r
	0x65, 0x74, 0x75, 0x72, 0x6e, 0x20, 0x76, 0x65, 0x63, 0x33, 0x28, 0x5f, 0x78, 0x2c, 0x20, 0x5f, // eturn vec3(_x, _
	0x78, 0x2c, 0x20, 0x5f, 0x78, 0x29, 0x3b, 0x20, 0x7d, 0x0a, 0x76, 0x65, 0x63, 0x34, 0x20, 0x76, // x, _x); }.vec4 v
	0x65, 0x63, 0x34, 0x5f, 0x73, 0x70, 0x6c, 0x61, 0x74, 0x28, 0x66, 0x6c, 0x6f, 0x61, 0x74, 0x20, // ec4_splat(float 
	0x5f, 0x78, 0x29, 0x20, 0x7b, 0x20, 0x72, 0x65, 0x74, 0x75, 0x72, 0x6e, 0x20, 0x76, 0x65, 0x63, // _x) { return vec
	0x34, 0x28, 0x5f, 0x78, 0x2c, 0x20, 0x5f, 0x78, 0x2c, 0x20, 0x5f, 0x78, 0x2c, 0x20, 0x5f, 0x78, // 4(_x, _x, _x, _x
	0x29, 0x3b, 0x20, 0x7d, 0x0a, 0x75, 0x76, 0x65, 0x63, 0x32, 0x20, 0x75, 0x76, 0x65, 0x63, 0x32, // ); }.uvec2 uvec2
	0x5f, 0x73, 0x70, 0x6c, 0x61, 0x74, 0x28, 0x75, 0x69, 0x6e, 0x74, 0x20, 0x5f, 0x78, 0x29, 0x20, // _splat(uint _x) 
	0x7b, 0x20, 0x72, 0x65, 0x74, 0x75, 0x72, 0x6e, 0x20, 0x75, 0x76, 0x65, 0x63, 0x32, 0x28, 0x5f, // { return uvec2(_
	0x78, 0x2c, 0x20, 0x5f, 0x78, 0x29, 0x3b, 0x20, 0x7d, 0x0a, 0x75, 0x76, 0x65, 0x63, 0x33, 0x20, // x, _x); }.uvec3 
	0x75, 0x76, 0x65, 0x63, 0x33, 0x5f, 0x73, 0x70, 0x6c, 0x61, 0x74, 0x28, 0x75, 0x69, 0x6e, 0x74, // uvec3_splat(uint
	0x20, 0x5f, 0x78, 0x29, 0x20, 0x7b, 0x20, 0x72, 0x65, 0x74, 0x75, 0x72, 0x6e, 0x20, 0x75, 0x76, //  _x) { return uv
	0x65, 0x63, 0x33, 0x28, 0x5f, 0x78, 0x2c, 0x20, 0x5f, 0x78, 0x2c, 0x20, 0x5f, 0x78, 0x29, 0x3b, // ec3(_x, _x, _x);
	0x20, 0x7d, 0x0a, 0x75, 0x76, 0x65, 0x63, 0x34, 0x20, 0x75, 0x76, 0x65, 0x63, 0x34, 0x5f, 0x73, //  }.uvec4 uvec4_s
	0x70, 0x6c, 0x61, 0x74, 0x28, 0x75, 0x69, 0x6e, 0x74, 0x20, 0x5f, 0x78, 0x29, 0x20, 0x7b, 0x20, // plat(uint _x) { 
	0x72, 0x65, 0x74, 0x75, 0x72, 0x6e, 0x20, 0x75, 0x76, 0x65, 0x63, 0x34, 0x28, 0x5f, 0x78, 0x2c, // return uvec4(_x,
	0x20, 0x5f, 0x78, 0x2c, 0x20, 0x5f, 0x78, 0x2c, 0x20, 0x5f, 0x78, 0x29, 0x3b, 0x20, 0x7d, 0x0a, //  _x, _x, _x); }.
	0x6d, 0x61, 0x74, 0x34, 0x20, 0x6d, 0x74, 0x78, 0x46, 0x72, 0x6f, 0x6d, 0x52, 0x6f, 0x77, 0x73, // mat4 mtxFromRows
	0x28, 0x76, 0x65, 0x63, 0x34, 0x20, 0x5f, 0x30, 0x2c, 0x20, 0x76, 0x65, 0x63, 0x34, 0x20, 0x5f, // (vec4 _0, vec4 _
	0x31, 0x2c, 0x20, 0x76, 0x65, 0x63, 0x34, 0x20, 0x5f, 0x32, 0x2c, 0x20, 0x76, 0x65, 0x63, 0x34, // 1, vec4 _2, vec4
	0x20, 0x5f, 0x33, 0x29, 0x0a, 0x7b, 0x0a, 0x72, 0x65, 0x74, 0x75, 0x72, 0x6e, 0x20, 0x74, 0x72, //  _3).{.return tr
	0x61, 0x6e, 0x73, 0x70, 0x6f, 0x73, 0x65, 0x28, 0x6d, 0x61, 0x74, 0x34, 0x28, 0x5f, 0x30, 0x2c, // anspose(mat4(_0,
	0x20, 0x5f, 0x31, 0x2c, 0x20, 0x5f, 0x32, 0x2c, 0x20, 0x5f, 0x33, 0x29, 0x20, 0x29, 0x3b, 0x0a, //  _1, _2, _3) );.
	0x7d, 0x0a, 0x6d, 0x61, 0x74, 0x34, 0x20, 0x6d, 0x74, 0x78, 0x46, 0x72, 0x6f, 0x6d, 0x43, 0x6f, // }.mat4 mtxFromCo
	0x6c, 0x73, 0x28, 0x76, 0x65, 0x63, 0x34, 0x20, 0x5f, 0x30, 0x2c, 0x20, 0x76, 0x65, 0x63, 0x34, // ls(vec4 _0, vec4
	0x20, 0x5f, 0x31, 0x2c, 0x20, 0x76, 0x65, 0x63, 0x34, 0x20, 0x5f, 0x32, 0x2c, 0x20, 0x76, 0x65, //  _1, vec4 _2, ve
	0x63, 0x34, 0x20, 0x5f, 0x33, 0x29, 0x0a, 0x7b, 0x0a, 0x72, 0x65, 0x74, 0x75, 0x72, 0x6e, 0x20, // c4 _3).{.return 
	0x6d, 0x61, 0x74, 0x34, 0x28, 0x5f, 0x30, 0x2c, 0x20, 0x5f, 0x31, 0x2c, 0x20, 0x5f, 0x32, 0x2c, // mat4(_0, _1, _2,
	0x20, 0x5f, 0x33, 0x29, 0x3b, 0x0a, 0x7d, 0x0a, 0x6d, 0x61, 0x74, 0x33, 0x20, 0x6d, 0x74, 0x78, //  _3);.}.mat3 mtx
	0x46, 0x72, 0x6f, 0x6d, 0x52, 0x6f, 0x77, 0x73, 0x28, 0x76, 0x65, 0x63, 0x33, 0x20, 0x5f, 0x30, // FromRows(vec3 _0
	0x2c, 0x20, 0x76, 0x65, 0x63, 0x33, 0x20, 0x5f, 0x31, 0x2c, 0x20, 0x76, 0x65, 0x63, 0x33, 0x20, // , vec3 _1, vec3 
	0x5f, 0x32, 0x29, 0x0a, 0x7b, 0x0a, 0x72, 0x65, 0x74, 0x75, 0x72, 0x6e, 0x20, 0x74, 0x72, 0x61, // _2).{.return tra
	0x6e, 0x73, 0x70, 0x6f, 0x73, 0x65, 0x28, 0x6d, 0x61, 0x74, 0x33, 0x28, 0x5f, 0x30, 0x2c, 0x20, // nspose(mat3(_0, 
	0x5f, 0x31, 0x2c, 0x20, 0x5f, 0x32, 0x29, 0x20, 0x29, 0x3b, 0x0a, 0x7d, 0x0a, 0x6d, 0x61, 0x74, // _1, _2) );.}.mat
	0x33, 0x20, 0x6d, 0x74, 0x78, 0x46, 0x72, 0x6f, 0x6d, 0x43, 0x6f, 0x6c, 0x73, 0x28, 0x76, 0x65, // 3 mtxFromCols(ve
	0x63, 0x33, 0x20, 0x5f, 0x30, 0x2c, 0x20, 0x76, 0x65, 0x63, 0x33, 0x20, 0x5f, 0x31, 0x2c, 0x20, // c3 _0, vec3 _1, 
	0x76, 0x65, 0x63, 0x33, 0x20, 0x5f, 0x32, 0x29, 0x0a, 0x7b, 0x0a, 0x72, 0x65, 0x74, 0x75, 0x72, // vec3 _2).{.retur
	0x6e, 0x20, 0x6d, 0x61, 0x74, 0x33, 0x28, 0x5f, 0x30, 0x2c, 0x20, 0x5f, 0x31, 0x2c, 0x20, 0x5f, // n mat3(_0, _1, _
	0x32, 0x29, 0x3b, 0x0a, 0x7d, 0x0a, 0x75, 0x6e, 0x69, 0x66, 0x6f, 0x72, 0x6d, 0x20, 0x76, 0x65, // 2);.}.uniform ve
	0x63, 0x34, 0x20, 0x75, 0x5f, 0x76, 0x69, 0x65, 0x77, 0x52, 0x65, 0x63, 0x74, 0x3b, 0x0a, 0x75, // c4 u_viewRect;.u
	0x6e, 0x69, 0x66, 0x6f, 0x72, 0x6d, 0x20, 0x76, 0x65, 0x63, 0x34, 0x20, 0x75, 0x5f, 0x76, 0x69, // niform vec4 u_vi
	0x65, 0x77, 0x54, 0x65, 0x78, 0x65, 0x6c, 0x3b, 0x0a, 0x75, 0x6e, 0x69, 0x66, 0x6f, 0x72, 0x6d, // ewTexel;.uniform
	0x20, 0x6d, 0x61, 0x74, 0x34, 0x20, 0x75, 0x5f, 0x76, 0x69, 0x65, 0x77, 0x3b, 0x0a, 0x75, 0x6e, //  mat4 u_view;.un
	0x69, 0x66, 0x6f, 0x72, 0x6d, 0x20, 0x6d, 0x61, 0x74, 0x34, 0x20, 0x75, 0x5f, 0x69, 0x6e, 0x76, // iform mat4 u_inv
	0x56, 0x69, 0x65, 0x77, 0x3b, 0x0a, 0x75, 0x6e, 0x69, 0x66, 0x6f, 0x72, 0x6d, 0x20, 0x6d, 0x61, // View;.uniform ma
	0x74, 0x34, 0x20, 0x75, 0x5f, 0x70, 0x72, 0x6f, 0x6a, 0x3b, 0x0a, 0x75, 0x6e, 0x69, 0x66, 0x6f, // t4 u_proj;.unifo
	0x72, 0x6d, 0x20, 0x6d, 0x61, 0x74, 0x34, 0x20, 0x75, 0x5f, 0x69, 0x6e, 0x76, 0x50, 0x72, 0x6f, // rm mat4 u_invPro
	0x6a, 0x3b, 0x0a, 0x75, 0x6e, 0x69, 0x66, 0x6f, 0x72, 0x6d, 0x20, 0x6d, 0x61, 0x74, 0x34, 0x20, // j;.uniform mat4 
	0x75, 0x5f, 0x76, 0x69, 0x65, 0x77, 0x50, 0x72, 0x6f, 0x6a, 0x3b, 0x0a, 0x75, 0x6e, 0x69, 0x66, // u_viewProj;.unif
	0x6f, 0x72, 0x6d, 0x20, 0x6d, 0x61, 0x74, 0x34, 0x20, 0x75, 0x5f, 0x69, 0x6e, 0x76, 0x56, 0x69, // orm mat4 u_invVi
	0x65, 0x77, 0x50, 0x72, 0x6f, 0x6a, 0x3b, 0x0a, 0x75, 0x6e, 0x69, 0x66, 0x6f, 0x72, 0x6d, 0x20, // ewProj;.uniform 
	0x6d, 0x61, 0x74, 0x34, 0x20, 0x75, 0x5f, 0x6d, 0x6f, 0x64, 0x65, 0x6c, 0x5b, 0x33, 0x32, 0x5d, // mat4 u_model[32]
	0x3b, 0x0a, 0x75, 0x6e, 0x69, 0x66, 0x6f, 0x72, 0x6d, 0x20, 0x6d, 0x61, 0x74, 0x34, 0x20, 0x75, // ;.uniform mat4 u
	0x5f, 0x6d, 0x6f, 0x64, 0x65, 0x6c, 0x56, 0x69, 0x65, 0x77, 0x3b, 0x0a, 0x75, 0x6e, 0x69, 0x66, // _modelView;.unif
	0x6f, 0x72, 0x6d, 0x20, 0x6d, 0x61, 0x74, 0x34, 0x20, 0x75, 0x5f, 0x6d, 0x6f, 0x64, 0x65, 0x6c, // orm mat4 u_model
	0x56, 0x69, 0x65, 0x77, 0x50, 0x72, 0x6f, 0x6a, 0x3b, 0x0a, 0x75, 0x6e, 0x69, 0x66, 0x6f, 0x72, // ViewProj;.unifor
	0x6d, 0x20, 0x76, 0x65, 0x63, 0x34, 0x20, 0x75, 0x5f, 0x61, 0x6c, 0x70, 0x68, 0x61, 0x52, 0x65, // m vec4 u_alphaRe
	0x66, 0x34, 0x3b, 0x0a, 0x75, 0x6e, 0x69, 0x66, 0x6f, 0x72, 0x6d, 0x20, 0x73, 0x61, 0x6d, 0x70, // f4;.uniform samp
	0x6c, 0x65, 0x72, 0x32, 0x44, 0x20, 0x73, 0x5f, 0x74, 0x65, 0x78, 0x43, 0x6f, 0x6c, 0x6f, 0x72, // ler2D s_texColor
	0x3b, 0x0a, 0x75, 0x6e, 0x69, 0x66, 0x6f, 0x72, 0x6d, 0x20, 0x76, 0x65, 0x63, 0x34, 0x20, 0x75, // ;.uniform vec4 u
	0x5f, 0x6f, 0x75, 0x74, 0x6c, 0x69, 0x6e, 0x65, 0x5f, 0x70, 0x61, 0x72, 0x61, 0x6d, 0x73, 0x3b, // _outline_params;
	0x0a, 0x75, 0x6e, 0x69, 0x66, 0x6f, 0x72, 0x6d, 0x20, 0x76, 0x65, 0x63, 0x34, 0x20, 0x75, 0x5f, // .uniform vec4 u_
	0x6f, 0x75, 0x74, 0x6c, 0x69, 0x6e, 0x65, 0x5f, 0x63, 0x6f, 0x6c, 0x6f, 0x72, 0x3b, 0x0a, 0x66, // outline_color;.f
	0x6c, 0x6f, 0x61, 0x74, 0x20, 0x72, 0x65, 0x61, 0x64, 0x49, 0x64, 0x28, 0x76, 0x65, 0x63, 0x32, // loat readId(vec2
	0x20, 0x75, 0x76, 0x29, 0x0a, 0x7b, 0x0a, 0x76, 0x65, 0x63, 0x34, 0x20, 0x62, 0x79, 0x74, 0x65, //  uv).{.vec4 byte
	0x73, 0x20, 0x3d, 0x20, 0x74, 0x65, 0x78, 0x74, 0x75, 0x72, 0x65, 0x28, 0x73, 0x5f, 0x74, 0x65, // s = texture(s_te
	0x78, 0x43, 0x6f, 0x6c, 0x6f, 0x72, 0x2c, 0x20, 0x75, 0x76, 0x29, 0x20, 0x2a, 0x20, 0x32, 0x35, // xColor, uv) * 25
	0x35, 0x2e, 0x30, 0x3b, 0x0a, 0x72, 0x65, 0x74, 0x75, 0x72, 0x6e, 0x20, 0x62, 0x79, 0x74, 0x65, // 5.0;.return byte
	0x73, 0x2e, 0x62, 0x20, 0x2b, 0x20, 0x62, 0x79, 0x74, 0x65, 0x73, 0x2e, 0x67, 0x20, 0x2a, 0x20, // s.b + bytes.g * 
	0x32, 0x35, 0x36, 0x2e, 0x30, 0x20, 0x2b, 0x0a, 0x62, 0x79, 0x74, 0x65, 0x73, 0x2e, 0x72, 0x20, // 256.0 +.bytes.r 
	0x2a, 0x20, 0x36, 0x35, 0x35, 0x33, 0x36, 0x2e, 0x30, 0x20, 0x2b, 0x20, 0x62, 0x79, 0x74, 0x65, // * 65536.0 + byte
	0x73, 0x2e, 0x61, 0x20, 0x2a, 0x20, 0x31, 0x36, 0x37, 0x37, 0x37, 0x32, 0x31, 0x36, 0x2e, 0x30, // s.a * 16777216.0
	0x3b, 0x0a, 0x7d, 0x0a, 0x76, 0x6f, 0x69, 0x64, 0x20, 0x6d, 0x61, 0x69, 0x6e, 0x28, 0x29, 0x0a, // ;.}.void main().
	0x7b, 0x0a, 0x66, 0x6c, 0x6f, 0x61, 0x74, 0x20, 0x73, 0x65, 0x6c, 0x65, 0x63, 0x74, 0x65, 0x64, // {.float selected
	0x49, 0x64, 0x20, 0x3d, 0x20, 0x75, 0x5f, 0x6f, 0x75, 0x74, 0x6c, 0x69, 0x6e, 0x65, 0x5f, 0x70, // Id = u_outline_p
	0x61, 0x72, 0x61, 0x6d, 0x73, 0x2e, 0x78, 0x3b, 0x0a, 0x62, 0x6f, 0x6f, 0x6c, 0x20, 0x6f, 0x75, // arams.x;.bool ou
	0x74, 0x6c, 0x69, 0x6e, 0x65, 0x41, 0x6c, 0x6c, 0x20, 0x3d, 0x20, 0x75, 0x5f, 0x6f, 0x75, 0x74, // tlineAll = u_out
	0x6c, 0x69, 0x6e, 0x65, 0x5f, 0x70, 0x61, 0x72, 0x61, 0x6d, 0x73, 0x2e, 0x79, 0x20, 0x3e, 0x20, // line_params.y > 
	0x30, 0x2e, 0x35, 0x3b, 0x0a, 0x66, 0x6c, 0x6f, 0x61, 0x74, 0x20, 0x69, 0x64, 0x20, 0x3d, 0x20, // 0.5;.float id = 
	0x72, 0x65, 0x61, 0x64, 0x49, 0x64, 0x28, 0x76, 0x5f, 0x75, 0x76, 0x29, 0x3b, 0x0a, 0x76, 0x65, // readId(v_uv);.ve
	0x63, 0x34, 0x20, 0x63, 0x65, 0x6e, 0x74, 0x65, 0x72, 0x42, 0x79, 0x74, 0x65, 0x73, 0x20, 0x3d, // c4 centerBytes =
	0x20, 0x74, 0x65, 0x78, 0x74, 0x75, 0x72, 0x65, 0x28, 0x73, 0x5f, 0x74, 0x65, 0x78, 0x43, 0x6f, //  texture(s_texCo
	0x6c, 0x6f, 0x72, 0x2c, 0x20, 0x76, 0x5f, 0x75, 0x76, 0x29, 0x3b, 0x0a, 0x66, 0x6c, 0x6f, 0x61, // lor, v_uv);.floa
	0x74, 0x20, 0x6d, 0x69, 0x6e, 0x42, 0x79, 0x74, 0x65, 0x20, 0x3d, 0x20, 0x6d, 0x69, 0x6e, 0x28, // t minByte = min(
	0x6d, 0x69, 0x6e, 0x28, 0x63, 0x65, 0x6e, 0x74, 0x65, 0x72, 0x42, 0x79, 0x74, 0x65, 0x73, 0x2e, // min(centerBytes.
	0x72, 0x2c, 0x20, 0x63, 0x65, 0x6e, 0x74, 0x65, 0x72, 0x42, 0x79, 0x74, 0x65, 0x73, 0x2e, 0x67, // r, centerBytes.g
	0x29, 0x2c, 0x0a, 0x6d, 0x69, 0x6e, 0x28, 0x63, 0x65, 0x6e, 0x74, 0x65, 0x72, 0x42, 0x79, 0x74, // ),.min(centerByt
	0x65, 0x73, 0x2e, 0x62, 0x2c, 0x20, 0x63, 0x65, 0x6e, 0x74, 0x65, 0x72, 0x42, 0x79, 0x74, 0x65, // es.b, centerByte
	0x73, 0x2e, 0x61, 0x29, 0x29, 0x3b, 0x0a, 0x62, 0x6f, 0x6f, 0x6c, 0x20, 0x62, 0x61, 0x63, 0x6b, // s.a));.bool back
	0x67, 0x72, 0x6f, 0x75, 0x6e, 0x64, 0x20, 0x3d, 0x20, 0x6d, 0x69, 0x6e, 0x42, 0x79, 0x74, 0x65, // ground = minByte
	0x20, 0x3e, 0x20, 0x32, 0x35, 0x34, 0x2e, 0x35, 0x3b, 0x0a, 0x69, 0x66, 0x20, 0x28, 0x6f, 0x75, //  > 254.5;.if (ou
	0x74, 0x6c, 0x69, 0x6e, 0x65, 0x41, 0x6c, 0x6c, 0x29, 0x0a, 0x7b, 0x0a, 0x69, 0x66, 0x20, 0x28, // tlineAll).{.if (
	0x62, 0x61, 0x63, 0x6b, 0x67, 0x72, 0x6f, 0x75, 0x6e, 0x64, 0x29, 0x0a, 0x7b, 0x0a, 0x62, 0x67, // background).{.bg
	0x66, 0x78, 0x5f, 0x46, 0x72, 0x61, 0x67, 0x43, 0x6f, 0x6c, 0x6f, 0x72, 0x20, 0x3d, 0x20, 0x76, // fx_FragColor = v
	0x65, 0x63, 0x34, 0x28, 0x30, 0x2e, 0x30, 0x2c, 0x20, 0x30, 0x2e, 0x30, 0x2c, 0x20, 0x30, 0x2e, // ec4(0.0, 0.0, 0.
	0x30, 0x2c, 0x20, 0x30, 0x2e, 0x30, 0x29, 0x3b, 0x0a, 0x72, 0x65, 0x74, 0x75, 0x72, 0x6e, 0x3b, // 0, 0.0);.return;
	0x0a, 0x7d, 0x0a, 0x7d, 0x0a, 0x65, 0x6c, 0x73, 0x65, 0x0a, 0x7b, 0x0a, 0x69, 0x66, 0x20, 0x28, // .}.}.else.{.if (
	0x69, 0x64, 0x20, 0x21, 0x3d, 0x20, 0x73, 0x65, 0x6c, 0x65, 0x63, 0x74, 0x65, 0x64, 0x49, 0x64, // id != selectedId
	0x29, 0x0a, 0x7b, 0x0a, 0x62, 0x67, 0x66, 0x78, 0x5f, 0x46, 0x72, 0x61, 0x67, 0x43, 0x6f, 0x6c, // ).{.bgfx_FragCol
	0x6f, 0x72, 0x20, 0x3d, 0x20, 0x76, 0x65, 0x63, 0x34, 0x28, 0x30, 0x2e, 0x30, 0x2c, 0x20, 0x30, // or = vec4(0.0, 0
	0x2e, 0x30, 0x2c, 0x20, 0x30, 0x2e, 0x30, 0x2c, 0x20, 0x30, 0x2e, 0x30, 0x29, 0x3b, 0x0a, 0x72, // .0, 0.0, 0.0);.r
	0x65, 0x74, 0x75, 0x72, 0x6e, 0x3b, 0x0a, 0x7d, 0x0a, 0x69, 0x66, 0x20, 0x28, 0x73, 0x65, 0x6c, // eturn;.}.if (sel
	0x65, 0x63, 0x74, 0x65, 0x64, 0x49, 0x64, 0x20, 0x3c, 0x20, 0x30, 0x2e, 0x35, 0x29, 0x0a, 0x7b, // ectedId < 0.5).{
	0x0a, 0x62, 0x67, 0x66, 0x78, 0x5f, 0x46, 0x72, 0x61, 0x67, 0x43, 0x6f, 0x6c, 0x6f, 0x72, 0x20, // .bgfx_FragColor 
	0x3d, 0x20, 0x76, 0x65, 0x63, 0x34, 0x28, 0x30, 0x2e, 0x30, 0x2c, 0x20, 0x30, 0x2e, 0x30, 0x2c, // = vec4(0.0, 0.0,
	0x20, 0x30, 0x2e, 0x30, 0x2c, 0x20, 0x30, 0x2e, 0x30, 0x29, 0x3b, 0x0a, 0x72, 0x65, 0x74, 0x75, //  0.0, 0.0);.retu
	0x72, 0x6e, 0x3b, 0x0a, 0x7d, 0x0a, 0x7d, 0x0a, 0x66, 0x6c, 0x6f, 0x61, 0x74, 0x20, 0x6c, 0x65, // rn;.}.}.float le
	0x66, 0x74, 0x20, 0x3d, 0x20, 0x72, 0x65, 0x61, 0x64, 0x49, 0x64, 0x28, 0x76, 0x5f, 0x75, 0x76, // ft = readId(v_uv
	0x20, 0x2d, 0x20, 0x76, 0x65, 0x63, 0x32, 0x28, 0x75, 0x5f, 0x76, 0x69, 0x65, 0x77, 0x54, 0x65, //  - vec2(u_viewTe
	0x78, 0x65, 0x6c, 0x2e, 0x78, 0x2c, 0x20, 0x30, 0x2e, 0x30, 0x29, 0x29, 0x3b, 0x0a, 0x66, 0x6c, // xel.x, 0.0));.fl
	0x6f, 0x61, 0x74, 0x20, 0x72, 0x69, 0x67, 0x68, 0x74, 0x20, 0x3d, 0x20, 0x72, 0x65, 0x61, 0x64, // oat right = read
	0x49, 0x64, 0x28, 0x76, 0x5f, 0x75, 0x76, 0x20, 0x2b, 0x20, 0x76, 0x65, 0x63, 0x32, 0x28, 0x75, // Id(v_uv + vec2(u
	0x5f, 0x76, 0x69, 0x65, 0x77, 0x54, 0x65, 0x78, 0x65, 0x6c, 0x2e, 0x78, 0x2c, 0x20, 0x30, 0x2e, // _viewTexel.x, 0.
	0x30, 0x29, 0x29, 0x3b, 0x0a, 0x66, 0x6c, 0x6f, 0x61, 0x74, 0x20, 0x64, 0x6f, 0x77, 0x6e, 0x20, // 0));.float down 
	0x3d, 0x20, 0x72, 0x65, 0x61, 0x64, 0x49, 0x64, 0x28, 0x76, 0x5f, 0x75, 0x76, 0x20, 0x2d, 0x20, // = readId(v_uv - 
	0x76, 0x65, 0x63, 0x32, 0x28, 0x30, 0x2e, 0x30, 0x2c, 0x20, 0x75, 0x5f, 0x76, 0x69, 0x65, 0x77, // vec2(0.0, u_view
	0x54, 0x65, 0x78, 0x65, 0x6c, 0x2e, 0x79, 0x29, 0x29, 0x3b, 0x0a, 0x66, 0x6c, 0x6f, 0x61, 0x74, // Texel.y));.float
	0x20, 0x75, 0x70, 0x20, 0x3d, 0x20, 0x72, 0x65, 0x61, 0x64, 0x49, 0x64, 0x28, 0x76, 0x5f, 0x75, //  up = readId(v_u
	0x76, 0x20, 0x2b, 0x20, 0x76, 0x65, 0x63, 0x32, 0x28, 0x30, 0x2e, 0x30, 0x2c, 0x20, 0x75, 0x5f, // v + vec2(0.0, u_
	0x76, 0x69, 0x65, 0x77, 0x54, 0x65, 0x78, 0x65, 0x6c, 0x2e, 0x79, 0x29, 0x29, 0x3b, 0x0a, 0x66, // viewTexel.y));.f
	0x6c, 0x6f, 0x61, 0x74, 0x20, 0x69, 0x64, 0x44, 0x65, 0x6c, 0x74, 0x61, 0x4c, 0x52, 0x20, 0x3d, // loat idDeltaLR =
	0x20, 0x6d, 0x61, 0x78, 0x28, 0x61, 0x62, 0x73, 0x28, 0x6c, 0x65, 0x66, 0x74, 0x20, 0x2d, 0x20, //  max(abs(left - 
	0x69, 0x64, 0x29, 0x2c, 0x20, 0x61, 0x62, 0x73, 0x28, 0x72, 0x69, 0x67, 0x68, 0x74, 0x20, 0x2d, // id), abs(right -
	0x20, 0x69, 0x64, 0x29, 0x29, 0x3b, 0x0a, 0x66, 0x6c, 0x6f, 0x61, 0x74, 0x20, 0x69, 0x64, 0x44, //  id));.float idD
	0x65, 0x6c, 0x74, 0x61, 0x55, 0x44, 0x20, 0x3d, 0x20, 0x6d, 0x61, 0x78, 0x28, 0x61, 0x62, 0x73, // eltaUD = max(abs
	0x28, 0x64, 0x6f, 0x77, 0x6e, 0x20, 0x2d, 0x20, 0x69, 0x64, 0x29, 0x2c, 0x20, 0x61, 0x62, 0x73, // (down - id), abs
	0x28, 0x75, 0x70, 0x20, 0x2d, 0x20, 0x69, 0x64, 0x29, 0x29, 0x3b, 0x0a, 0x66, 0x6c, 0x6f, 0x61, // (up - id));.floa
	0x74, 0x20, 0x73, 0x65, 0x6c, 0x65, 0x63, 0x74, 0x65, 0x64, 0x44, 0x65, 0x6c, 0x74, 0x61, 0x4c, // t selectedDeltaL
	0x52, 0x20, 0x3d, 0x20, 0x6d, 0x61, 0x78, 0x28, 0x61, 0x62, 0x73, 0x28, 0x6c, 0x65, 0x66, 0x74, // R = max(abs(left
	0x20, 0x2d, 0x20, 0x73, 0x65, 0x6c, 0x65, 0x63, 0x74, 0x65, 0x64, 0x49, 0x64, 0x29, 0x2c, 0x20, //  - selectedId), 
	0x61, 0x62, 0x73, 0x28, 0x72, 0x69, 0x67, 0x68, 0x74, 0x20, 0x2d, 0x20, 0x73, 0x65, 0x6c, 0x65, // abs(right - sele
	0x63, 0x74, 0x65, 0x64, 0x49, 0x64, 0x29, 0x29, 0x3b, 0x0a, 0x66, 0x6c, 0x6f, 0x61, 0x74, 0x20, // ctedId));.float 
	0x73, 0x65, 0x6c, 0x65, 0x63, 0x74, 0x65, 0x64, 0x44, 0x65, 0x6c, 0x74, 0x61, 0x55, 0x44, 0x20, // selectedDeltaUD 
	0x3d, 0x20, 0x6d, 0x61, 0x78, 0x28, 0x61, 0x62, 0x73, 0x28, 0x64, 0x6f, 0x77, 0x6e, 0x20, 0x2d, // = max(abs(down -
	0x20, 0x73, 0x65, 0x6c, 0x65, 0x63, 0x74, 0x65, 0x64, 0x49, 0x64, 0x29, 0x2c, 0x20, 0x61, 0x62, //  selectedId), ab
	0x73, 0x28, 0x75, 0x70, 0x20, 0x2d, 0x20, 0x73, 0x65, 0x6c, 0x65, 0x63, 0x74, 0x65, 0x64, 0x49, // s(up - selectedI
	0x64, 0x29, 0x29, 0x3b, 0x0a, 0x62, 0x6f, 0x6f, 0x6c, 0x20, 0x62, 0x6f, 0x75, 0x6e, 0x64, 0x61, // d));.bool bounda
	0x72, 0x79, 0x20, 0x3d, 0x20, 0x6f, 0x75, 0x74, 0x6c, 0x69, 0x6e, 0x65, 0x41, 0x6c, 0x6c, 0x0a, // ry = outlineAll.
	0x3f, 0x20, 0x6d, 0x61, 0x78, 0x28, 0x69, 0x64, 0x44, 0x65, 0x6c, 0x74, 0x61, 0x4c, 0x52, 0x2c, // ? max(idDeltaLR,
	0x20, 0x69, 0x64, 0x44, 0x65, 0x6c, 0x74, 0x61, 0x55, 0x44, 0x29, 0x20, 0x3e, 0x20, 0x30, 0x2e, //  idDeltaUD) > 0.
	0x35, 0x0a, 0x3a, 0x20, 0x6d, 0x61, 0x78, 0x28, 0x73, 0x65, 0x6c, 0x65, 0x63, 0x74, 0x65, 0x64, // 5.: max(selected
	0x44, 0x65, 0x6c, 0x74, 0x61, 0x4c, 0x52, 0x2c, 0x20, 0x73, 0x65, 0x6c, 0x65, 0x63, 0x74, 0x65, // DeltaLR, selecte
	0x64, 0x44, 0x65, 0x6c, 0x74, 0x61, 0x55, 0x44, 0x29, 0x20, 0x3e, 0x20, 0x30, 0x2e, 0x35, 0x3b, // dDeltaUD) > 0.5;
	0x0a, 0x62, 0x67, 0x66, 0x78, 0x5f, 0x46, 0x72, 0x61, 0x67, 0x43, 0x6f, 0x6c, 0x6f, 0x72, 0x20, // .bgfx_FragColor 
	0x3d, 0x20, 0x62, 0x6f, 0x75, 0x6e, 0x64, 0x61, 0x72, 0x79, 0x20, 0x3f, 0x20, 0x75, 0x5f, 0x6f, // = boundary ? u_o
	0x75, 0x74, 0x6c, 0x69, 0x6e, 0x65, 0x5f, 0x63, 0x6f, 0x6c, 0x6f, 0x72, 0x20, 0x3a, 0x20, 0x76, // utline_color : v
	0x65, 0x63, 0x34, 0x28, 0x30, 0x2e, 0x30, 0x2c, 0x20, 0x30, 0x2e, 0x30, 0x2c, 0x20, 0x30, 0x2e, // ec4(0.0, 0.0, 0.
	0x30, 0x2c, 0x20, 0x30, 0x2e, 0x30, 0x29, 0x3b, 0x0a, 0x7d, 0x0a, 0x00,                         // 0, 0.0);.}..
};
