// Auto-generated shader header. Do not edit.
// Source: vs_mesh_edge_ribbon.sc
#pragma once
#include <cstdint>

static const uint8_t vs_mesh_edge_ribbon_spv[3995] =
{
	0x56, 0x53, 0x48, 0x0b, 0x00, 0x00, 0x00, 0x00, 0x91, 0x47, 0xdc, 0xdb, 0x06, 0x00, 0x08, 0x75, // VSH......G.....u
	0x45, 0x79, 0x65, 0x48, 0x69, 0x67, 0x68, 0x02, 0x01, 0x80, 0x00, 0x01, 0x00, 0x00, 0x00, 0x00, // EyeHigh.........
	0x00, 0x07, 0x75, 0x45, 0x79, 0x65, 0x4c, 0x6f, 0x77, 0x02, 0x01, 0x90, 0x00, 0x01, 0x00, 0x00, // ..uEyeLow.......
	0x00, 0x00, 0x00, 0x05, 0x75, 0x56, 0x69, 0x65, 0x77, 0x04, 0x01, 0x00, 0x00, 0x04, 0x00, 0x00, // ....uView.......
	0x00, 0x00, 0x00, 0x0b, 0x75, 0x45, 0x64, 0x67, 0x65, 0x52, 0x69, 0x62, 0x62, 0x6f, 0x6e, 0x02, // ....uEdgeRibbon.
	0x01, 0xb0, 0x00, 0x01, 0x00, 0x00, 0x00, 0x00, 0x00, 0x0c, 0x75, 0x4c, 0x61, 0x79, 0x65, 0x72, // ..........uLayer
	0x4f, 0x66, 0x66, 0x73, 0x65, 0x74, 0x02, 0x01, 0xa0, 0x00, 0x01, 0x00, 0x00, 0x00, 0x00, 0x00, // Offset..........
	0x0a, 0x70, 0x72, 0x6f, 0x6a, 0x65, 0x63, 0x74, 0x69, 0x6f, 0x6e, 0x04, 0x01, 0x40, 0x00, 0x04, // .projection..@..
	0x00, 0x00, 0x00, 0x00, 0x00, 0x00, 0x0f, 0x00, 0x00, 0x03, 0x02, 0x23, 0x07, 0x00, 0x00, 0x01, // ...........#....
	0x00, 0x0b, 0x00, 0x08, 0x00, 0x0d, 0x02, 0x00, 0x00, 0x00, 0x00, 0x00, 0x00, 0x11, 0x00, 0x02, // ................
	0x00, 0x01, 0x00, 0x00, 0x00, 0x0b, 0x00, 0x06, 0x00, 0x01, 0x00, 0x00, 0x00, 0x47, 0x4c, 0x53, // .............GLS
	0x4c, 0x2e, 0x73, 0x74, 0x64, 0x2e, 0x34, 0x35, 0x30, 0x00, 0x00, 0x00, 0x00, 0x0e, 0x00, 0x03, // L.std.450.......
	0x00, 0x00, 0x00, 0x00, 0x00, 0x01, 0x00, 0x00, 0x00, 0x0f, 0x00, 0x11, 0x00, 0x00, 0x00, 0x00, // ................
	0x00, 0x04, 0x00, 0x00, 0x00, 0x6d, 0x61, 0x69, 0x6e, 0x00, 0x00, 0x00, 0x00, 0xe2, 0x00, 0x00, // .....main.......
	0x00, 0xe5, 0x00, 0x00, 0x00, 0xe8, 0x00, 0x00, 0x00, 0xeb, 0x00, 0x00, 0x00, 0xee, 0x00, 0x00, // ................
	0x00, 0xf1, 0x00, 0x00, 0x00, 0xf4, 0x00, 0x00, 0x00, 0x07, 0x01, 0x00, 0x00, 0x0b, 0x01, 0x00, // ................
	0x00, 0x0e, 0x01, 0x00, 0x00, 0x11, 0x01, 0x00, 0x00, 0x14, 0x01, 0x00, 0x00, 0x03, 0x00, 0x03, // ................
	0x00, 0x05, 0x00, 0x00, 0x00, 0xf4, 0x01, 0x00, 0x00, 0x05, 0x00, 0x04, 0x00, 0x04, 0x00, 0x00, // ................
	0x00, 0x6d, 0x61, 0x69, 0x6e, 0x00, 0x00, 0x00, 0x00, 0x05, 0x00, 0x06, 0x00, 0x2d, 0x00, 0x00, // .main........-..
	0x00, 0x55, 0x6e, 0x69, 0x66, 0x6f, 0x72, 0x6d, 0x42, 0x6c, 0x6f, 0x63, 0x6b, 0x00, 0x00, 0x00, // .UniformBlock...
	0x00, 0x06, 0x00, 0x05, 0x00, 0x2d, 0x00, 0x00, 0x00, 0x00, 0x00, 0x00, 0x00, 0x75, 0x56, 0x69, // .....-.......uVi
	0x65, 0x77, 0x00, 0x00, 0x00, 0x06, 0x00, 0x06, 0x00, 0x2d, 0x00, 0x00, 0x00, 0x01, 0x00, 0x00, // ew.......-......
	0x00, 0x70, 0x72, 0x6f, 0x6a, 0x65, 0x63, 0x74, 0x69, 0x6f, 0x6e, 0x00, 0x00, 0x06, 0x00, 0x06, // .projection.....
	0x00, 0x2d, 0x00, 0x00, 0x00, 0x02, 0x00, 0x00, 0x00, 0x75, 0x45, 0x79, 0x65, 0x48, 0x69, 0x67, // .-.......uEyeHig
	0x68, 0x00, 0x00, 0x00, 0x00, 0x06, 0x00, 0x05, 0x00, 0x2d, 0x00, 0x00, 0x00, 0x03, 0x00, 0x00, // h........-......
	0x00, 0x75, 0x45, 0x79, 0x65, 0x4c, 0x6f, 0x77, 0x00, 0x06, 0x00, 0x07, 0x00, 0x2d, 0x00, 0x00, // .uEyeLow.....-..
	0x00, 0x04, 0x00, 0x00, 0x00, 0x75, 0x4c, 0x61, 0x79, 0x65, 0x72, 0x4f, 0x66, 0x66, 0x73, 0x65, // .....uLayerOffse
	0x74, 0x00, 0x00, 0x00, 0x00, 0x06, 0x00, 0x06, 0x00, 0x2d, 0x00, 0x00, 0x00, 0x05, 0x00, 0x00, // t........-......
	0x00, 0x75, 0x45, 0x64, 0x67, 0x65, 0x52, 0x69, 0x62, 0x62, 0x6f, 0x6e, 0x00, 0x05, 0x00, 0x03, // .uEdgeRibbon....
	0x00, 0x2f, 0x00, 0x00, 0x00, 0x00, 0x00, 0x00, 0x00, 0x05, 0x00, 0x05, 0x00, 0xe2, 0x00, 0x00, // ./..............
	0x00, 0x61, 0x5f, 0x6e, 0x6f, 0x72, 0x6d, 0x61, 0x6c, 0x00, 0x00, 0x00, 0x00, 0x05, 0x00, 0x05, // .a_normal.......
	0x00, 0xe5, 0x00, 0x00, 0x00, 0x61, 0x5f, 0x70, 0x6f, 0x73, 0x69, 0x74, 0x69, 0x6f, 0x6e, 0x00, // .....a_position.
	0x00, 0x05, 0x00, 0x04, 0x00, 0xe8, 0x00, 0x00, 0x00, 0x69, 0x5f, 0x64, 0x61, 0x74, 0x61, 0x30, // .........i_data0
	0x00, 0x05, 0x00, 0x04, 0x00, 0xeb, 0x00, 0x00, 0x00, 0x69, 0x5f, 0x64, 0x61, 0x74, 0x61, 0x31, // .........i_data1
	0x00, 0x05, 0x00, 0x04, 0x00, 0xee, 0x00, 0x00, 0x00, 0x69, 0x5f, 0x64, 0x61, 0x74, 0x61, 0x32, // .........i_data2
	0x00, 0x05, 0x00, 0x04, 0x00, 0xf1, 0x00, 0x00, 0x00, 0x69, 0x5f, 0x64, 0x61, 0x74, 0x61, 0x33, // .........i_data3
	0x00, 0x05, 0x00, 0x04, 0x00, 0xf4, 0x00, 0x00, 0x00, 0x69, 0x5f, 0x64, 0x61, 0x74, 0x61, 0x34, // .........i_data4
	0x00, 0x05, 0x00, 0x0a, 0x00, 0x07, 0x01, 0x00, 0x00, 0x40, 0x65, 0x6e, 0x74, 0x72, 0x79, 0x50, // .........@entryP
	0x6f, 0x69, 0x6e, 0x74, 0x4f, 0x75, 0x74, 0x70, 0x75, 0x74, 0x2e, 0x67, 0x6c, 0x5f, 0x50, 0x6f, // ointOutput.gl_Po
	0x73, 0x69, 0x74, 0x69, 0x6f, 0x6e, 0x00, 0x00, 0x00, 0x05, 0x00, 0x09, 0x00, 0x0b, 0x01, 0x00, // sition..........
	0x00, 0x40, 0x65, 0x6e, 0x74, 0x72, 0x79, 0x50, 0x6f, 0x69, 0x6e, 0x74, 0x4f, 0x75, 0x74, 0x70, // .@entryPointOutp
	0x75, 0x74, 0x2e, 0x76, 0x5f, 0x61, 0x6c, 0x6f, 0x6e, 0x67, 0x00, 0x00, 0x00, 0x05, 0x00, 0x09, // ut.v_along......
	0x00, 0x0e, 0x01, 0x00, 0x00, 0x40, 0x65, 0x6e, 0x74, 0x72, 0x79, 0x50, 0x6f, 0x69, 0x6e, 0x74, // .....@entryPoint
	0x4f, 0x75, 0x74, 0x70, 0x75, 0x74, 0x2e, 0x76, 0x5f, 0x63, 0x6f, 0x6c, 0x6f, 0x72, 0x00, 0x00, // Output.v_color..
	0x00, 0x05, 0x00, 0x09, 0x00, 0x11, 0x01, 0x00, 0x00, 0x40, 0x65, 0x6e, 0x74, 0x72, 0x79, 0x50, // .........@entryP
	0x6f, 0x69, 0x6e, 0x74, 0x4f, 0x75, 0x74, 0x70, 0x75, 0x74, 0x2e, 0x76, 0x5f, 0x64, 0x65, 0x70, // ointOutput.v_dep
	0x74, 0x68, 0x00, 0x00, 0x00, 0x05, 0x00, 0x09, 0x00, 0x14, 0x01, 0x00, 0x00, 0x40, 0x65, 0x6e, // th...........@en
	0x74, 0x72, 0x79, 0x50, 0x6f, 0x69, 0x6e, 0x74, 0x4f, 0x75, 0x74, 0x70, 0x75, 0x74, 0x2e, 0x76, // tryPointOutput.v
	0x5f, 0x65, 0x64, 0x67, 0x65, 0x00, 0x00, 0x00, 0x00, 0x47, 0x00, 0x03, 0x00, 0x2d, 0x00, 0x00, // _edge....G...-..
	0x00, 0x02, 0x00, 0x00, 0x00, 0x48, 0x00, 0x04, 0x00, 0x2d, 0x00, 0x00, 0x00, 0x00, 0x00, 0x00, // .....H...-......
	0x00, 0x04, 0x00, 0x00, 0x00, 0x48, 0x00, 0x05, 0x00, 0x2d, 0x00, 0x00, 0x00, 0x00, 0x00, 0x00, // .....H...-......
	0x00, 0x07, 0x00, 0x00, 0x00, 0x10, 0x00, 0x00, 0x00, 0x48, 0x00, 0x05, 0x00, 0x2d, 0x00, 0x00, // .........H...-..
	0x00, 0x00, 0x00, 0x00, 0x00, 0x23, 0x00, 0x00, 0x00, 0x00, 0x00, 0x00, 0x00, 0x48, 0x00, 0x04, // .....#.......H..
	0x00, 0x2d, 0x00, 0x00, 0x00, 0x01, 0x00, 0x00, 0x00, 0x04, 0x00, 0x00, 0x00, 0x48, 0x00, 0x05, // .-...........H..
	0x00, 0x2d, 0x00, 0x00, 0x00, 0x01, 0x00, 0x00, 0x00, 0x07, 0x00, 0x00, 0x00, 0x10, 0x00, 0x00, // .-..............
	0x00, 0x48, 0x00, 0x05, 0x00, 0x2d, 0x00, 0x00, 0x00, 0x01, 0x00, 0x00, 0x00, 0x23, 0x00, 0x00, // .H...-.......#..
	0x00, 0x40, 0x00, 0x00, 0x00, 0x48, 0x00, 0x05, 0x00, 0x2d, 0x00, 0x00, 0x00, 0x02, 0x00, 0x00, // .@...H...-......
	0x00, 0x23, 0x00, 0x00, 0x00, 0x80, 0x00, 0x00, 0x00, 0x48, 0x00, 0x05, 0x00, 0x2d, 0x00, 0x00, // .#.......H...-..
	0x00, 0x03, 0x00, 0x00, 0x00, 0x23, 0x00, 0x00, 0x00, 0x90, 0x00, 0x00, 0x00, 0x48, 0x00, 0x05, // .....#.......H..
	0x00, 0x2d, 0x00, 0x00, 0x00, 0x04, 0x00, 0x00, 0x00, 0x23, 0x00, 0x00, 0x00, 0xa0, 0x00, 0x00, // .-.......#......
	0x00, 0x48, 0x00, 0x05, 0x00, 0x2d, 0x00, 0x00, 0x00, 0x05, 0x00, 0x00, 0x00, 0x23, 0x00, 0x00, // .H...-.......#..
	0x00, 0xb0, 0x00, 0x00, 0x00, 0x47, 0x00, 0x04, 0x00, 0x2f, 0x00, 0x00, 0x00, 0x21, 0x00, 0x00, // .....G.../...!..
	0x00, 0x00, 0x00, 0x00, 0x00, 0x47, 0x00, 0x04, 0x00, 0x2f, 0x00, 0x00, 0x00, 0x22, 0x00, 0x00, // .....G.../..."..
	0x00, 0x00, 0x00, 0x00, 0x00, 0x47, 0x00, 0x04, 0x00, 0xe2, 0x00, 0x00, 0x00, 0x1e, 0x00, 0x00, // .....G..........
	0x00, 0x00, 0x00, 0x00, 0x00, 0x47, 0x00, 0x04, 0x00, 0xe5, 0x00, 0x00, 0x00, 0x1e, 0x00, 0x00, // .....G..........
	0x00, 0x01, 0x00, 0x00, 0x00, 0x47, 0x00, 0x04, 0x00, 0xe8, 0x00, 0x00, 0x00, 0x1e, 0x00, 0x00, // .....G..........
	0x00, 0x02, 0x00, 0x00, 0x00, 0x47, 0x00, 0x04, 0x00, 0xeb, 0x00, 0x00, 0x00, 0x1e, 0x00, 0x00, // .....G..........
	0x00, 0x03, 0x00, 0x00, 0x00, 0x47, 0x00, 0x04, 0x00, 0xee, 0x00, 0x00, 0x00, 0x1e, 0x00, 0x00, // .....G..........
	0x00, 0x04, 0x00, 0x00, 0x00, 0x47, 0x00, 0x04, 0x00, 0xf1, 0x00, 0x00, 0x00, 0x1e, 0x00, 0x00, // .....G..........
	0x00, 0x05, 0x00, 0x00, 0x00, 0x47, 0x00, 0x04, 0x00, 0xf4, 0x00, 0x00, 0x00, 0x1e, 0x00, 0x00, // .....G..........
	0x00, 0x06, 0x00, 0x00, 0x00, 0x47, 0x00, 0x04, 0x00, 0x07, 0x01, 0x00, 0x00, 0x0b, 0x00, 0x00, // .....G..........
	0x00, 0x00, 0x00, 0x00, 0x00, 0x47, 0x00, 0x04, 0x00, 0x0b, 0x01, 0x00, 0x00, 0x1e, 0x00, 0x00, // .....G..........
	0x00, 0x00, 0x00, 0x00, 0x00, 0x47, 0x00, 0x04, 0x00, 0x0e, 0x01, 0x00, 0x00, 0x1e, 0x00, 0x00, // .....G..........
	0x00, 0x01, 0x00, 0x00, 0x00, 0x47, 0x00, 0x04, 0x00, 0x11, 0x01, 0x00, 0x00, 0x1e, 0x00, 0x00, // .....G..........
	0x00, 0x02, 0x00, 0x00, 0x00, 0x47, 0x00, 0x04, 0x00, 0x14, 0x01, 0x00, 0x00, 0x1e, 0x00, 0x00, // .....G..........
	0x00, 0x03, 0x00, 0x00, 0x00, 0x13, 0x00, 0x02, 0x00, 0x02, 0x00, 0x00, 0x00, 0x21, 0x00, 0x03, // .............!..
	0x00, 0x03, 0x00, 0x00, 0x00, 0x02, 0x00, 0x00, 0x00, 0x16, 0x00, 0x03, 0x00, 0x06, 0x00, 0x00, // ................
	0x00, 0x20, 0x00, 0x00, 0x00, 0x17, 0x00, 0x04, 0x00, 0x07, 0x00, 0x00, 0x00, 0x06, 0x00, 0x00, // . ..............
	0x00, 0x03, 0x00, 0x00, 0x00, 0x17, 0x00, 0x04, 0x00, 0x0f, 0x00, 0x00, 0x00, 0x06, 0x00, 0x00, // ................
	0x00, 0x04, 0x00, 0x00, 0x00, 0x15, 0x00, 0x04, 0x00, 0x24, 0x00, 0x00, 0x00, 0x20, 0x00, 0x00, // .........$... ..
	0x00, 0x01, 0x00, 0x00, 0x00, 0x2b, 0x00, 0x04, 0x00, 0x24, 0x00, 0x00, 0x00, 0x25, 0x00, 0x00, // .....+...$...%..
	0x00, 0x01, 0x00, 0x00, 0x00, 0x2b, 0x00, 0x04, 0x00, 0x24, 0x00, 0x00, 0x00, 0x26, 0x00, 0x00, // .....+...$...&..
	0x00, 0x02, 0x00, 0x00, 0x00, 0x2b, 0x00, 0x04, 0x00, 0x24, 0x00, 0x00, 0x00, 0x27, 0x00, 0x00, // .....+...$...'..
	0x00, 0x03, 0x00, 0x00, 0x00, 0x2b, 0x00, 0x04, 0x00, 0x24, 0x00, 0x00, 0x00, 0x28, 0x00, 0x00, // .....+...$...(..
	0x00, 0x04, 0x00, 0x00, 0x00, 0x18, 0x00, 0x04, 0x00, 0x2c, 0x00, 0x00, 0x00, 0x0f, 0x00, 0x00, // .........,......
	0x00, 0x04, 0x00, 0x00, 0x00, 0x1e, 0x00, 0x08, 0x00, 0x2d, 0x00, 0x00, 0x00, 0x2c, 0x00, 0x00, // .........-...,..
	0x00, 0x2c, 0x00, 0x00, 0x00, 0x0f, 0x00, 0x00, 0x00, 0x0f, 0x00, 0x00, 0x00, 0x0f, 0x00, 0x00, // .,..............
	0x00, 0x0f, 0x00, 0x00, 0x00, 0x20, 0x00, 0x04, 0x00, 0x2e, 0x00, 0x00, 0x00, 0x02, 0x00, 0x00, // ..... ..........
	0x00, 0x2d, 0x00, 0x00, 0x00, 0x3b, 0x00, 0x04, 0x00, 0x2e, 0x00, 0x00, 0x00, 0x2f, 0x00, 0x00, // .-...;......./..
	0x00, 0x02, 0x00, 0x00, 0x00, 0x20, 0x00, 0x04, 0x00, 0x30, 0x00, 0x00, 0x00, 0x02, 0x00, 0x00, // ..... ...0......
	0x00, 0x0f, 0x00, 0x00, 0x00, 0x15, 0x00, 0x04, 0x00, 0x3d, 0x00, 0x00, 0x00, 0x20, 0x00, 0x00, // .........=... ..
	0x00, 0x00, 0x00, 0x00, 0x00, 0x2b, 0x00, 0x04, 0x00, 0x3d, 0x00, 0x00, 0x00, 0x3e, 0x00, 0x00, // .....+...=...>..
	0x00, 0x00, 0x00, 0x00, 0x00, 0x2b, 0x00, 0x04, 0x00, 0x06, 0x00, 0x00, 0x00, 0x6b, 0x00, 0x00, // .....+.......k..
	0x00, 0x00, 0x00, 0x80, 0x3f, 0x2b, 0x00, 0x04, 0x00, 0x24, 0x00, 0x00, 0x00, 0x70, 0x00, 0x00, // ....?+...$...p..
	0x00, 0x00, 0x00, 0x00, 0x00, 0x20, 0x00, 0x04, 0x00, 0x71, 0x00, 0x00, 0x00, 0x02, 0x00, 0x00, // ..... ...q......
	0x00, 0x2c, 0x00, 0x00, 0x00, 0x17, 0x00, 0x04, 0x00, 0x80, 0x00, 0x00, 0x00, 0x06, 0x00, 0x00, // .,..............
	0x00, 0x02, 0x00, 0x00, 0x00, 0x2b, 0x00, 0x04, 0x00, 0x06, 0x00, 0x00, 0x00, 0x8b, 0x00, 0x00, // .....+..........
	0x00, 0xbd, 0x37, 0x86, 0x35, 0x2b, 0x00, 0x04, 0x00, 0x24, 0x00, 0x00, 0x00, 0xaa, 0x00, 0x00, // ..7.5+...$......
	0x00, 0x05, 0x00, 0x00, 0x00, 0x20, 0x00, 0x04, 0x00, 0xab, 0x00, 0x00, 0x00, 0x02, 0x00, 0x00, // ..... ..........
	0x00, 0x06, 0x00, 0x00, 0x00, 0x2b, 0x00, 0x04, 0x00, 0x06, 0x00, 0x00, 0x00, 0xc5, 0x00, 0x00, // .....+..........
	0x00, 0x66, 0x66, 0x66, 0x3f, 0x20, 0x00, 0x04, 0x00, 0xe1, 0x00, 0x00, 0x00, 0x01, 0x00, 0x00, // .fff? ..........
	0x00, 0x0f, 0x00, 0x00, 0x00, 0x3b, 0x00, 0x04, 0x00, 0xe1, 0x00, 0x00, 0x00, 0xe2, 0x00, 0x00, // .....;..........
	0x00, 0x01, 0x00, 0x00, 0x00, 0x3b, 0x00, 0x04, 0x00, 0xe1, 0x00, 0x00, 0x00, 0xe5, 0x00, 0x00, // .....;..........
	0x00, 0x01, 0x00, 0x00, 0x00, 0x3b, 0x00, 0x04, 0x00, 0xe1, 0x00, 0x00, 0x00, 0xe8, 0x00, 0x00, // .....;..........
	0x00, 0x01, 0x00, 0x00, 0x00, 0x3b, 0x00, 0x04, 0x00, 0xe1, 0x00, 0x00, 0x00, 0xeb, 0x00, 0x00, // .....;..........
	0x00, 0x01, 0x00, 0x00, 0x00, 0x3b, 0x00, 0x04, 0x00, 0xe1, 0x00, 0x00, 0x00, 0xee, 0x00, 0x00, // .....;..........
	0x00, 0x01, 0x00, 0x00, 0x00, 0x3b, 0x00, 0x04, 0x00, 0xe1, 0x00, 0x00, 0x00, 0xf1, 0x00, 0x00, // .....;..........
	0x00, 0x01, 0x00, 0x00, 0x00, 0x3b, 0x00, 0x04, 0x00, 0xe1, 0x00, 0x00, 0x00, 0xf4, 0x00, 0x00, // .....;..........
	0x00, 0x01, 0x00, 0x00, 0x00, 0x20, 0x00, 0x04, 0x00, 0x06, 0x01, 0x00, 0x00, 0x03, 0x00, 0x00, // ..... ..........
	0x00, 0x0f, 0x00, 0x00, 0x00, 0x3b, 0x00, 0x04, 0x00, 0x06, 0x01, 0x00, 0x00, 0x07, 0x01, 0x00, // .....;..........
	0x00, 0x03, 0x00, 0x00, 0x00, 0x20, 0x00, 0x04, 0x00, 0x0a, 0x01, 0x00, 0x00, 0x03, 0x00, 0x00, // ..... ..........
	0x00, 0x06, 0x00, 0x00, 0x00, 0x3b, 0x00, 0x04, 0x00, 0x0a, 0x01, 0x00, 0x00, 0x0b, 0x01, 0x00, // .....;..........
	0x00, 0x03, 0x00, 0x00, 0x00, 0x3b, 0x00, 0x04, 0x00, 0x06, 0x01, 0x00, 0x00, 0x0e, 0x01, 0x00, // .....;..........
	0x00, 0x03, 0x00, 0x00, 0x00, 0x3b, 0x00, 0x04, 0x00, 0x0a, 0x01, 0x00, 0x00, 0x11, 0x01, 0x00, // .....;..........
	0x00, 0x03, 0x00, 0x00, 0x00, 0x3b, 0x00, 0x04, 0x00, 0x0a, 0x01, 0x00, 0x00, 0x14, 0x01, 0x00, // .....;..........
	0x00, 0x03, 0x00, 0x00, 0x00, 0x2e, 0x00, 0x03, 0x00, 0x07, 0x00, 0x00, 0x00, 0x0c, 0x02, 0x00, // ................
	0x00, 0x36, 0x00, 0x05, 0x00, 0x02, 0x00, 0x00, 0x00, 0x04, 0x00, 0x00, 0x00, 0x00, 0x00, 0x00, // .6..............
	0x00, 0x03, 0x00, 0x00, 0x00, 0xf8, 0x00, 0x02, 0x00, 0x05, 0x00, 0x00, 0x00, 0x3d, 0x00, 0x04, // .............=..
	0x00, 0x0f, 0x00, 0x00, 0x00, 0xe3, 0x00, 0x00, 0x00, 0xe2, 0x00, 0x00, 0x00, 0x3d, 0x00, 0x04, // .............=..
	0x00, 0x0f, 0x00, 0x00, 0x00, 0xe6, 0x00, 0x00, 0x00, 0xe5, 0x00, 0x00, 0x00, 0x3d, 0x00, 0x04, // .............=..
	0x00, 0x0f, 0x00, 0x00, 0x00, 0xe9, 0x00, 0x00, 0x00, 0xe8, 0x00, 0x00, 0x00, 0x3d, 0x00, 0x04, // .............=..
	0x00, 0x0f, 0x00, 0x00, 0x00, 0xec, 0x00, 0x00, 0x00, 0xeb, 0x00, 0x00, 0x00, 0x3d, 0x00, 0x04, // .............=..
	0x00, 0x0f, 0x00, 0x00, 0x00, 0xef, 0x00, 0x00, 0x00, 0xee, 0x00, 0x00, 0x00, 0x3d, 0x00, 0x04, // .............=..
	0x00, 0x0f, 0x00, 0x00, 0x00, 0xf2, 0x00, 0x00, 0x00, 0xf1, 0x00, 0x00, 0x00, 0x3d, 0x00, 0x04, // .............=..
	0x00, 0x0f, 0x00, 0x00, 0x00, 0xf5, 0x00, 0x00, 0x00, 0xf4, 0x00, 0x00, 0x00, 0x4f, 0x00, 0x08, // .............O..
	0x00, 0x07, 0x00, 0x00, 0x00, 0x3b, 0x01, 0x00, 0x00, 0xf2, 0x00, 0x00, 0x00, 0xf2, 0x00, 0x00, // .....;..........
	0x00, 0x00, 0x00, 0x00, 0x00, 0x01, 0x00, 0x00, 0x00, 0x02, 0x00, 0x00, 0x00, 0x41, 0x00, 0x05, // .............A..
	0x00, 0x30, 0x00, 0x00, 0x00, 0x3c, 0x01, 0x00, 0x00, 0x2f, 0x00, 0x00, 0x00, 0x26, 0x00, 0x00, // .0...<.../...&..
	0x00, 0x3d, 0x00, 0x04, 0x00, 0x0f, 0x00, 0x00, 0x00, 0x3d, 0x01, 0x00, 0x00, 0x3c, 0x01, 0x00, // .=.......=...<..
	0x00, 0x4f, 0x00, 0x08, 0x00, 0x07, 0x00, 0x00, 0x00, 0x3e, 0x01, 0x00, 0x00, 0x3d, 0x01, 0x00, // .O.......>...=..
	0x00, 0x3d, 0x01, 0x00, 0x00, 0x00, 0x00, 0x00, 0x00, 0x01, 0x00, 0x00, 0x00, 0x02, 0x00, 0x00, // .=..............
	0x00, 0x83, 0x00, 0x05, 0x00, 0x07, 0x00, 0x00, 0x00, 0x3f, 0x01, 0x00, 0x00, 0x3b, 0x01, 0x00, // .........?...;..
	0x00, 0x3e, 0x01, 0x00, 0x00, 0x4f, 0x00, 0x08, 0x00, 0x07, 0x00, 0x00, 0x00, 0x41, 0x01, 0x00, // .>...O.......A..
	0x00, 0xf5, 0x00, 0x00, 0x00, 0xf5, 0x00, 0x00, 0x00, 0x00, 0x00, 0x00, 0x00, 0x01, 0x00, 0x00, // ................
	0x00, 0x02, 0x00, 0x00, 0x00, 0x41, 0x00, 0x05, 0x00, 0x30, 0x00, 0x00, 0x00, 0x42, 0x01, 0x00, // .....A...0...B..
	0x00, 0x2f, 0x00, 0x00, 0x00, 0x27, 0x00, 0x00, 0x00, 0x3d, 0x00, 0x04, 0x00, 0x0f, 0x00, 0x00, // ./...'...=......
	0x00, 0x43, 0x01, 0x00, 0x00, 0x42, 0x01, 0x00, 0x00, 0x4f, 0x00, 0x08, 0x00, 0x07, 0x00, 0x00, // .C...B...O......
	0x00, 0x44, 0x01, 0x00, 0x00, 0x43, 0x01, 0x00, 0x00, 0x43, 0x01, 0x00, 0x00, 0x00, 0x00, 0x00, // .D...C...C......
	0x00, 0x01, 0x00, 0x00, 0x00, 0x02, 0x00, 0x00, 0x00, 0x83, 0x00, 0x05, 0x00, 0x07, 0x00, 0x00, // ................
	0x00, 0x45, 0x01, 0x00, 0x00, 0x41, 0x01, 0x00, 0x00, 0x44, 0x01, 0x00, 0x00, 0x81, 0x00, 0x05, // .E...A...D......
	0x00, 0x07, 0x00, 0x00, 0x00, 0x46, 0x01, 0x00, 0x00, 0x3f, 0x01, 0x00, 0x00, 0x45, 0x01, 0x00, // .....F...?...E..
	0x00, 0x51, 0x00, 0x05, 0x00, 0x06, 0x00, 0x00, 0x00, 0x48, 0x01, 0x00, 0x00, 0xe6, 0x00, 0x00, // .Q.......H......
	0x00, 0x00, 0x00, 0x00, 0x00, 0x4f, 0x00, 0x08, 0x00, 0x07, 0x00, 0x00, 0x00, 0x4a, 0x01, 0x00, // .....O.......J..
	0x00, 0xe9, 0x00, 0x00, 0x00, 0xe9, 0x00, 0x00, 0x00, 0x00, 0x00, 0x00, 0x00, 0x01, 0x00, 0x00, // ................
	0x00, 0x02, 0x00, 0x00, 0x00, 0x8e, 0x00, 0x05, 0x00, 0x07, 0x00, 0x00, 0x00, 0x4b, 0x01, 0x00, // .............K..
	0x00, 0x4a, 0x01, 0x00, 0x00, 0x48, 0x01, 0x00, 0x00, 0x51, 0x00, 0x05, 0x00, 0x06, 0x00, 0x00, // .J...H...Q......
	0x00, 0x4d, 0x01, 0x00, 0x00, 0xe6, 0x00, 0x00, 0x00, 0x01, 0x00, 0x00, 0x00, 0x4f, 0x00, 0x08, // .M...........O..
	0x00, 0x07, 0x00, 0x00, 0x00, 0x4f, 0x01, 0x00, 0x00, 0xec, 0x00, 0x00, 0x00, 0xec, 0x00, 0x00, // .....O..........
	0x00, 0x00, 0x00, 0x00, 0x00, 0x01, 0x00, 0x00, 0x00, 0x02, 0x00, 0x00, 0x00, 0x8e, 0x00, 0x05, // ................
	0x00, 0x07, 0x00, 0x00, 0x00, 0x50, 0x01, 0x00, 0x00, 0x4f, 0x01, 0x00, 0x00, 0x4d, 0x01, 0x00, // .....P...O...M..
	0x00, 0x81, 0x00, 0x05, 0x00, 0x07, 0x00, 0x00, 0x00, 0x51, 0x01, 0x00, 0x00, 0x4b, 0x01, 0x00, // .........Q...K..
	0x00, 0x50, 0x01, 0x00, 0x00, 0x51, 0x00, 0x05, 0x00, 0x06, 0x00, 0x00, 0x00, 0x53, 0x01, 0x00, // .P...Q.......S..
	0x00, 0xe6, 0x00, 0x00, 0x00, 0x02, 0x00, 0x00, 0x00, 0x4f, 0x00, 0x08, 0x00, 0x07, 0x00, 0x00, // .........O......
	0x00, 0x55, 0x01, 0x00, 0x00, 0xef, 0x00, 0x00, 0x00, 0xef, 0x00, 0x00, 0x00, 0x00, 0x00, 0x00, // .U..............
	0x00, 0x01, 0x00, 0x00, 0x00, 0x02, 0x00, 0x00, 0x00, 0x8e, 0x00, 0x05, 0x00, 0x07, 0x00, 0x00, // ................
	0x00, 0x56, 0x01, 0x00, 0x00, 0x55, 0x01, 0x00, 0x00, 0x53, 0x01, 0x00, 0x00, 0x81, 0x00, 0x05, // .V...U...S......
	0x00, 0x07, 0x00, 0x00, 0x00, 0x57, 0x01, 0x00, 0x00, 0x51, 0x01, 0x00, 0x00, 0x56, 0x01, 0x00, // .....W...Q...V..
	0x00, 0x81, 0x00, 0x05, 0x00, 0x07, 0x00, 0x00, 0x00, 0x59, 0x01, 0x00, 0x00, 0x57, 0x01, 0x00, // .........Y...W..
	0x00, 0x46, 0x01, 0x00, 0x00, 0x51, 0x00, 0x05, 0x00, 0x06, 0x00, 0x00, 0x00, 0x5b, 0x01, 0x00, // .F...Q.......[..
	0x00, 0xe3, 0x00, 0x00, 0x00, 0x00, 0x00, 0x00, 0x00, 0x8e, 0x00, 0x05, 0x00, 0x07, 0x00, 0x00, // ................
	0x00, 0x5e, 0x01, 0x00, 0x00, 0x4a, 0x01, 0x00, 0x00, 0x5b, 0x01, 0x00, 0x00, 0x51, 0x00, 0x05, // .^...J...[...Q..
	0x00, 0x06, 0x00, 0x00, 0x00, 0x60, 0x01, 0x00, 0x00, 0xe3, 0x00, 0x00, 0x00, 0x01, 0x00, 0x00, // .....`..........
	0x00, 0x8e, 0x00, 0x05, 0x00, 0x07, 0x00, 0x00, 0x00, 0x63, 0x01, 0x00, 0x00, 0x4f, 0x01, 0x00, // .........c...O..
	0x00, 0x60, 0x01, 0x00, 0x00, 0x81, 0x00, 0x05, 0x00, 0x07, 0x00, 0x00, 0x00, 0x64, 0x01, 0x00, // .`...........d..
	0x00, 0x5e, 0x01, 0x00, 0x00, 0x63, 0x01, 0x00, 0x00, 0x51, 0x00, 0x05, 0x00, 0x06, 0x00, 0x00, // .^...c...Q......
	0x00, 0x66, 0x01, 0x00, 0x00, 0xe3, 0x00, 0x00, 0x00, 0x02, 0x00, 0x00, 0x00, 0x8e, 0x00, 0x05, // .f..............
	0x00, 0x07, 0x00, 0x00, 0x00, 0x69, 0x01, 0x00, 0x00, 0x55, 0x01, 0x00, 0x00, 0x66, 0x01, 0x00, // .....i...U...f..
	0x00, 0x81, 0x00, 0x05, 0x00, 0x07, 0x00, 0x00, 0x00, 0x6a, 0x01, 0x00, 0x00, 0x64, 0x01, 0x00, // .........j...d..
	0x00, 0x69, 0x01, 0x00, 0x00, 0x81, 0x00, 0x05, 0x00, 0x07, 0x00, 0x00, 0x00, 0x6c, 0x01, 0x00, // .i...........l..
	0x00, 0x6a, 0x01, 0x00, 0x00, 0x46, 0x01, 0x00, 0x00, 0x51, 0x00, 0x05, 0x00, 0x06, 0x00, 0x00, // .j...F...Q......
	0x00, 0x6e, 0x01, 0x00, 0x00, 0x59, 0x01, 0x00, 0x00, 0x00, 0x00, 0x00, 0x00, 0x51, 0x00, 0x05, // .n...Y.......Q..
	0x00, 0x06, 0x00, 0x00, 0x00, 0x6f, 0x01, 0x00, 0x00, 0x59, 0x01, 0x00, 0x00, 0x01, 0x00, 0x00, // .....o...Y......
	0x00, 0x51, 0x00, 0x05, 0x00, 0x06, 0x00, 0x00, 0x00, 0x70, 0x01, 0x00, 0x00, 0x59, 0x01, 0x00, // .Q.......p...Y..
	0x00, 0x02, 0x00, 0x00, 0x00, 0x50, 0x00, 0x07, 0x00, 0x0f, 0x00, 0x00, 0x00, 0x71, 0x01, 0x00, // .....P.......q..
	0x00, 0x6e, 0x01, 0x00, 0x00, 0x6f, 0x01, 0x00, 0x00, 0x70, 0x01, 0x00, 0x00, 0x6b, 0x00, 0x00, // .n...o...p...k..
	0x00, 0x41, 0x00, 0x05, 0x00, 0x71, 0x00, 0x00, 0x00, 0x72, 0x01, 0x00, 0x00, 0x2f, 0x00, 0x00, // .A...q...r.../..
	0x00, 0x70, 0x00, 0x00, 0x00, 0x3d, 0x00, 0x04, 0x00, 0x2c, 0x00, 0x00, 0x00, 0x73, 0x01, 0x00, // .p...=...,...s..
	0x00, 0x72, 0x01, 0x00, 0x00, 0x90, 0x00, 0x05, 0x00, 0x0f, 0x00, 0x00, 0x00, 0x74, 0x01, 0x00, // .r...........t..
	0x00, 0x71, 0x01, 0x00, 0x00, 0x73, 0x01, 0x00, 0x00, 0x4f, 0x00, 0x08, 0x00, 0x07, 0x00, 0x00, // .q...s...O......
	0x00, 0x75, 0x01, 0x00, 0x00, 0x74, 0x01, 0x00, 0x00, 0x74, 0x01, 0x00, 0x00, 0x00, 0x00, 0x00, // .u...t...t......
	0x00, 0x01, 0x00, 0x00, 0x00, 0x02, 0x00, 0x00, 0x00, 0x51, 0x00, 0x05, 0x00, 0x06, 0x00, 0x00, // .........Q......
	0x00, 0x77, 0x01, 0x00, 0x00, 0x6c, 0x01, 0x00, 0x00, 0x00, 0x00, 0x00, 0x00, 0x51, 0x00, 0x05, // .w...l.......Q..
	0x00, 0x06, 0x00, 0x00, 0x00, 0x78, 0x01, 0x00, 0x00, 0x6c, 0x01, 0x00, 0x00, 0x01, 0x00, 0x00, // .....x...l......
	0x00, 0x51, 0x00, 0x05, 0x00, 0x06, 0x00, 0x00, 0x00, 0x79, 0x01, 0x00, 0x00, 0x6c, 0x01, 0x00, // .Q.......y...l..
	0x00, 0x02, 0x00, 0x00, 0x00, 0x50, 0x00, 0x07, 0x00, 0x0f, 0x00, 0x00, 0x00, 0x7a, 0x01, 0x00, // .....P.......z..
	0x00, 0x77, 0x01, 0x00, 0x00, 0x78, 0x01, 0x00, 0x00, 0x79, 0x01, 0x00, 0x00, 0x6b, 0x00, 0x00, // .w...x...y...k..
	0x00, 0x90, 0x00, 0x05, 0x00, 0x0f, 0x00, 0x00, 0x00, 0x7d, 0x01, 0x00, 0x00, 0x7a, 0x01, 0x00, // .........}...z..
	0x00, 0x73, 0x01, 0x00, 0x00, 0x4f, 0x00, 0x08, 0x00, 0x07, 0x00, 0x00, 0x00, 0x7e, 0x01, 0x00, // .s...O.......~..
	0x00, 0x7d, 0x01, 0x00, 0x00, 0x7d, 0x01, 0x00, 0x00, 0x00, 0x00, 0x00, 0x00, 0x01, 0x00, 0x00, // .}...}..........
	0x00, 0x02, 0x00, 0x00, 0x00, 0x4f, 0x00, 0x07, 0x00, 0x80, 0x00, 0x00, 0x00, 0x80, 0x01, 0x00, // .....O..........
	0x00, 0x7d, 0x01, 0x00, 0x00, 0x0c, 0x02, 0x00, 0x00, 0x00, 0x00, 0x00, 0x00, 0x01, 0x00, 0x00, // .}..............
	0x00, 0x4f, 0x00, 0x07, 0x00, 0x80, 0x00, 0x00, 0x00, 0x82, 0x01, 0x00, 0x00, 0x74, 0x01, 0x00, // .O...........t..
	0x00, 0x0c, 0x02, 0x00, 0x00, 0x00, 0x00, 0x00, 0x00, 0x01, 0x00, 0x00, 0x00, 0x83, 0x00, 0x05, // ................
	0x00, 0x80, 0x00, 0x00, 0x00, 0x83, 0x01, 0x00, 0x00, 0x80, 0x01, 0x00, 0x00, 0x82, 0x01, 0x00, // ................
	0x00, 0x0c, 0x00, 0x06, 0x00, 0x06, 0x00, 0x00, 0x00, 0x85, 0x01, 0x00, 0x00, 0x01, 0x00, 0x00, // ................
	0x00, 0x42, 0x00, 0x00, 0x00, 0x83, 0x01, 0x00, 0x00, 0x0c, 0x00, 0x07, 0x00, 0x06, 0x00, 0x00, // .B..............
	0x00, 0x86, 0x01, 0x00, 0x00, 0x01, 0x00, 0x00, 0x00, 0x28, 0x00, 0x00, 0x00, 0x85, 0x01, 0x00, // .........(......
	0x00, 0x8b, 0x00, 0x00, 0x00, 0x50, 0x00, 0x05, 0x00, 0x80, 0x00, 0x00, 0x00, 0x89, 0x01, 0x00, // .....P..........
	0x00, 0x86, 0x01, 0x00, 0x00, 0x86, 0x01, 0x00, 0x00, 0x88, 0x00, 0x05, 0x00, 0x80, 0x00, 0x00, // ................
	0x00, 0x8a, 0x01, 0x00, 0x00, 0x83, 0x01, 0x00, 0x00, 0x89, 0x01, 0x00, 0x00, 0x51, 0x00, 0x05, // .............Q..
	0x00, 0x06, 0x00, 0x00, 0x00, 0x8c, 0x01, 0x00, 0x00, 0x8a, 0x01, 0x00, 0x00, 0x01, 0x00, 0x00, // ................
	0x00, 0x7f, 0x00, 0x04, 0x00, 0x06, 0x00, 0x00, 0x00, 0x8d, 0x01, 0x00, 0x00, 0x8c, 0x01, 0x00, // ................
	0x00, 0x51, 0x00, 0x05, 0x00, 0x06, 0x00, 0x00, 0x00, 0x8f, 0x01, 0x00, 0x00, 0x8a, 0x01, 0x00, // .Q..............
	0x00, 0x00, 0x00, 0x00, 0x00, 0x50, 0x00, 0x05, 0x00, 0x80, 0x00, 0x00, 0x00, 0x90, 0x01, 0x00, // .....P..........
	0x00, 0x8d, 0x01, 0x00, 0x00, 0x8f, 0x01, 0x00, 0x00, 0x51, 0x00, 0x05, 0x00, 0x06, 0x00, 0x00, // .........Q......
	0x00, 0x92, 0x01, 0x00, 0x00, 0xe6, 0x00, 0x00, 0x00, 0x03, 0x00, 0x00, 0x00, 0x51, 0x00, 0x05, // .............Q..
	0x00, 0x06, 0x00, 0x00, 0x00, 0x94, 0x01, 0x00, 0x00, 0xe3, 0x00, 0x00, 0x00, 0x03, 0x00, 0x00, // ................
	0x00, 0x50, 0x00, 0x06, 0x00, 0x07, 0x00, 0x00, 0x00, 0x96, 0x01, 0x00, 0x00, 0x92, 0x01, 0x00, // .P..............
	0x00, 0x92, 0x01, 0x00, 0x00, 0x92, 0x01, 0x00, 0x00, 0x0c, 0x00, 0x08, 0x00, 0x07, 0x00, 0x00, // ................
	0x00, 0xd1, 0x01, 0x00, 0x00, 0x01, 0x00, 0x00, 0x00, 0x2e, 0x00, 0x00, 0x00, 0x75, 0x01, 0x00, // .............u..
	0x00, 0x7e, 0x01, 0x00, 0x00, 0x96, 0x01, 0x00, 0x00, 0x41, 0x00, 0x06, 0x00, 0xab, 0x00, 0x00, // .~.......A......
	0x00, 0x9b, 0x01, 0x00, 0x00, 0x2f, 0x00, 0x00, 0x00, 0xaa, 0x00, 0x00, 0x00, 0x3e, 0x00, 0x00, // ...../.......>..
	0x00, 0x3d, 0x00, 0x04, 0x00, 0x06, 0x00, 0x00, 0x00, 0x9c, 0x01, 0x00, 0x00, 0x9b, 0x01, 0x00, // .=..............
	0x00, 0x8e, 0x00, 0x05, 0x00, 0x80, 0x00, 0x00, 0x00, 0x9d, 0x01, 0x00, 0x00, 0x90, 0x01, 0x00, // ................
	0x00, 0x9c, 0x01, 0x00, 0x00, 0x8e, 0x00, 0x05, 0x00, 0x80, 0x00, 0x00, 0x00, 0x9f, 0x01, 0x00, // ................
	0x00, 0x9d, 0x01, 0x00, 0x00, 0x94, 0x01, 0x00, 0x00, 0x4f, 0x00, 0x07, 0x00, 0x80, 0x00, 0x00, // .........O......
	0x00, 0xa1, 0x01, 0x00, 0x00, 0xd1, 0x01, 0x00, 0x00, 0xd1, 0x01, 0x00, 0x00, 0x00, 0x00, 0x00, // ................
	0x00, 0x01, 0x00, 0x00, 0x00, 0x81, 0x00, 0x05, 0x00, 0x80, 0x00, 0x00, 0x00, 0xa2, 0x01, 0x00, // ................
	0x00, 0xa1, 0x01, 0x00, 0x00, 0x9f, 0x01, 0x00, 0x00, 0x51, 0x00, 0x05, 0x00, 0x06, 0x00, 0x00, // .........Q......
	0x00, 0xa4, 0x01, 0x00, 0x00, 0xa2, 0x01, 0x00, 0x00, 0x00, 0x00, 0x00, 0x00, 0x51, 0x00, 0x05, // .............Q..
	0x00, 0x06, 0x00, 0x00, 0x00, 0xa6, 0x01, 0x00, 0x00, 0xa2, 0x01, 0x00, 0x00, 0x01, 0x00, 0x00, // ................
	0x00, 0x41, 0x00, 0x06, 0x00, 0xab, 0x00, 0x00, 0x00, 0xa7, 0x01, 0x00, 0x00, 0x2f, 0x00, 0x00, // .A.........../..
	0x00, 0x28, 0x00, 0x00, 0x00, 0x3e, 0x00, 0x00, 0x00, 0x3d, 0x00, 0x04, 0x00, 0x06, 0x00, 0x00, // .(...>...=......
	0x00, 0xa8, 0x01, 0x00, 0x00, 0xa7, 0x01, 0x00, 0x00, 0x51, 0x00, 0x05, 0x00, 0x06, 0x00, 0x00, // .........Q......
	0x00, 0xaa, 0x01, 0x00, 0x00, 0xd1, 0x01, 0x00, 0x00, 0x02, 0x00, 0x00, 0x00, 0x81, 0x00, 0x05, // ................
	0x00, 0x06, 0x00, 0x00, 0x00, 0xab, 0x01, 0x00, 0x00, 0xaa, 0x01, 0x00, 0x00, 0xa8, 0x01, 0x00, // ................
	0x00, 0x51, 0x00, 0x05, 0x00, 0x06, 0x00, 0x00, 0x00, 0xae, 0x01, 0x00, 0x00, 0xe9, 0x00, 0x00, // .Q..............
	0x00, 0x03, 0x00, 0x00, 0x00, 0x51, 0x00, 0x05, 0x00, 0x06, 0x00, 0x00, 0x00, 0xb0, 0x01, 0x00, // .....Q..........
	0x00, 0xec, 0x00, 0x00, 0x00, 0x03, 0x00, 0x00, 0x00, 0x51, 0x00, 0x05, 0x00, 0x06, 0x00, 0x00, // .........Q......
	0x00, 0xb2, 0x01, 0x00, 0x00, 0xef, 0x00, 0x00, 0x00, 0x03, 0x00, 0x00, 0x00, 0x50, 0x00, 0x06, // .............P..
	0x00, 0x07, 0x00, 0x00, 0x00, 0xb3, 0x01, 0x00, 0x00, 0xae, 0x01, 0x00, 0x00, 0xb0, 0x01, 0x00, // ................
	0x00, 0xb2, 0x01, 0x00, 0x00, 0x8e, 0x00, 0x05, 0x00, 0x07, 0x00, 0x00, 0x00, 0xb4, 0x01, 0x00, // ................
	0x00, 0xb3, 0x01, 0x00, 0x00, 0xc5, 0x00, 0x00, 0x00, 0x51, 0x00, 0x05, 0x00, 0x06, 0x00, 0x00, // .........Q......
	0x00, 0xb5, 0x01, 0x00, 0x00, 0xb4, 0x01, 0x00, 0x00, 0x00, 0x00, 0x00, 0x00, 0x51, 0x00, 0x05, // .............Q..
	0x00, 0x06, 0x00, 0x00, 0x00, 0xb6, 0x01, 0x00, 0x00, 0xb4, 0x01, 0x00, 0x00, 0x01, 0x00, 0x00, // ................
	0x00, 0x51, 0x00, 0x05, 0x00, 0x06, 0x00, 0x00, 0x00, 0xb7, 0x01, 0x00, 0x00, 0xb4, 0x01, 0x00, // .Q..............
	0x00, 0x02, 0x00, 0x00, 0x00, 0x50, 0x00, 0x07, 0x00, 0x0f, 0x00, 0x00, 0x00, 0xb8, 0x01, 0x00, // .....P..........
	0x00, 0xb5, 0x01, 0x00, 0x00, 0xb6, 0x01, 0x00, 0x00, 0xb7, 0x01, 0x00, 0x00, 0x6b, 0x00, 0x00, // .............k..
	0x00, 0x7f, 0x00, 0x04, 0x00, 0x06, 0x00, 0x00, 0x00, 0xbe, 0x01, 0x00, 0x00, 0xab, 0x01, 0x00, // ................
	0x00, 0x50, 0x00, 0x07, 0x00, 0x0f, 0x00, 0x00, 0x00, 0xc6, 0x01, 0x00, 0x00, 0xa4, 0x01, 0x00, // .P..............
	0x00, 0xa6, 0x01, 0x00, 0x00, 0xab, 0x01, 0x00, 0x00, 0x6b, 0x00, 0x00, 0x00, 0x41, 0x00, 0x05, // .........k...A..
	0x00, 0x71, 0x00, 0x00, 0x00, 0xc7, 0x01, 0x00, 0x00, 0x2f, 0x00, 0x00, 0x00, 0x25, 0x00, 0x00, // .q......./...%..
	0x00, 0x3d, 0x00, 0x04, 0x00, 0x2c, 0x00, 0x00, 0x00, 0xc8, 0x01, 0x00, 0x00, 0xc7, 0x01, 0x00, // .=...,..........
	0x00, 0x90, 0x00, 0x05, 0x00, 0x0f, 0x00, 0x00, 0x00, 0xc9, 0x01, 0x00, 0x00, 0xc6, 0x01, 0x00, // ................
	0x00, 0xc8, 0x01, 0x00, 0x00, 0x3e, 0x00, 0x03, 0x00, 0x07, 0x01, 0x00, 0x00, 0xc9, 0x01, 0x00, // .....>..........
	0x00, 0x3e, 0x00, 0x03, 0x00, 0x0b, 0x01, 0x00, 0x00, 0x92, 0x01, 0x00, 0x00, 0x3e, 0x00, 0x03, // .>...........>..
	0x00, 0x0e, 0x01, 0x00, 0x00, 0xb8, 0x01, 0x00, 0x00, 0x3e, 0x00, 0x03, 0x00, 0x11, 0x01, 0x00, // .........>......
	0x00, 0xbe, 0x01, 0x00, 0x00, 0x3e, 0x00, 0x03, 0x00, 0x14, 0x01, 0x00, 0x00, 0x94, 0x01, 0x00, // .....>..........
	0x00, 0xfd, 0x00, 0x01, 0x00, 0x38, 0x00, 0x01, 0x00, 0x00, 0x07, 0x02, 0x00, 0x01, 0x00, 0xff, // .....8..........
	0xff, 0xff, 0xff, 0xff, 0xff, 0xff, 0xff, 0xff, 0xff, 0xc0, 0x00,                               // ...........
};

static const uint8_t vs_mesh_edge_ribbon_dx11[2067] =
{
	0x56, 0x53, 0x48, 0x0b, 0x00, 0x00, 0x00, 0x00, 0x91, 0x47, 0xdc, 0xdb, 0x06, 0x00, 0x05, 0x75, // VSH......G.....u
	0x56, 0x69, 0x65, 0x77, 0x04, 0x00, 0x00, 0x00, 0x04, 0x00, 0x00, 0x00, 0x00, 0x00, 0x0a, 0x70, // View...........p
	0x72, 0x6f, 0x6a, 0x65, 0x63, 0x74, 0x69, 0x6f, 0x6e, 0x04, 0x00, 0x40, 0x00, 0x04, 0x00, 0x00, // rojection..@....
	0x00, 0x00, 0x00, 0x08, 0x75, 0x45, 0x79, 0x65, 0x48, 0x69, 0x67, 0x68, 0x02, 0x00, 0x80, 0x00, // ....uEyeHigh....
	0x01, 0x00, 0x00, 0x00, 0x00, 0x00, 0x07, 0x75, 0x45, 0x79, 0x65, 0x4c, 0x6f, 0x77, 0x02, 0x00, // .......uEyeLow..
	0x90, 0x00, 0x01, 0x00, 0x00, 0x00, 0x00, 0x00, 0x0c, 0x75, 0x4c, 0x61, 0x79, 0x65, 0x72, 0x4f, // .........uLayerO
	0x66, 0x66, 0x73, 0x65, 0x74, 0x02, 0x00, 0xa0, 0x00, 0x01, 0x00, 0x00, 0x00, 0x00, 0x00, 0x0b, // ffset...........
	0x75, 0x45, 0x64, 0x67, 0x65, 0x52, 0x69, 0x62, 0x62, 0x6f, 0x6e, 0x02, 0x00, 0xb0, 0x00, 0x01, // uEdgeRibbon.....
	0x00, 0x00, 0x00, 0x00, 0x00, 0x78, 0x07, 0x00, 0x00, 0x44, 0x58, 0x42, 0x43, 0xd5, 0xcd, 0x25, // .....x...DXBC..%
	0xf0, 0x25, 0x7e, 0x68, 0x82, 0xe9, 0x53, 0x70, 0x71, 0xea, 0xae, 0xa0, 0x41, 0x01, 0x00, 0x00, // .%~h..Spq...A...
	0x00, 0x78, 0x07, 0x00, 0x00, 0x03, 0x00, 0x00, 0x00, 0x2c, 0x00, 0x00, 0x00, 0x00, 0x01, 0x00, // .x.......,......
	0x00, 0xa4, 0x01, 0x00, 0x00, 0x49, 0x53, 0x47, 0x4e, 0xcc, 0x00, 0x00, 0x00, 0x07, 0x00, 0x00, // .....ISGN.......
	0x00, 0x08, 0x00, 0x00, 0x00, 0xb0, 0x00, 0x00, 0x00, 0x00, 0x00, 0x00, 0x00, 0x00, 0x00, 0x00, // ................
	0x00, 0x03, 0x00, 0x00, 0x00, 0x00, 0x00, 0x00, 0x00, 0x0f, 0x0f, 0x00, 0x00, 0xb7, 0x00, 0x00, // ................
	0x00, 0x00, 0x00, 0x00, 0x00, 0x00, 0x00, 0x00, 0x00, 0x03, 0x00, 0x00, 0x00, 0x01, 0x00, 0x00, // ................
	0x00, 0x0f, 0x0f, 0x00, 0x00, 0xc0, 0x00, 0x00, 0x00, 0x07, 0x00, 0x00, 0x00, 0x00, 0x00, 0x00, // ................
	0x00, 0x03, 0x00, 0x00, 0x00, 0x02, 0x00, 0x00, 0x00, 0x0f, 0x0f, 0x00, 0x00, 0xc0, 0x00, 0x00, // ................
	0x00, 0x06, 0x00, 0x00, 0x00, 0x00, 0x00, 0x00, 0x00, 0x03, 0x00, 0x00, 0x00, 0x03, 0x00, 0x00, // ................
	0x00, 0x0f, 0x0f, 0x00, 0x00, 0xc0, 0x00, 0x00, 0x00, 0x05, 0x00, 0x00, 0x00, 0x00, 0x00, 0x00, // ................
	0x00, 0x03, 0x00, 0x00, 0x00, 0x04, 0x00, 0x00, 0x00, 0x0f, 0x0f, 0x00, 0x00, 0xc0, 0x00, 0x00, // ................
	0x00, 0x04, 0x00, 0x00, 0x00, 0x00, 0x00, 0x00, 0x00, 0x03, 0x00, 0x00, 0x00, 0x05, 0x00, 0x00, // ................
	0x00, 0x0f, 0x07, 0x00, 0x00, 0xc0, 0x00, 0x00, 0x00, 0x03, 0x00, 0x00, 0x00, 0x00, 0x00, 0x00, // ................
	0x00, 0x03, 0x00, 0x00, 0x00, 0x06, 0x00, 0x00, 0x00, 0x0f, 0x07, 0x00, 0x00, 0x4e, 0x4f, 0x52, // .............NOR
	0x4d, 0x41, 0x4c, 0x00, 0x50, 0x4f, 0x53, 0x49, 0x54, 0x49, 0x4f, 0x4e, 0x00, 0x54, 0x45, 0x58, // MAL.POSITION.TEX
	0x43, 0x4f, 0x4f, 0x52, 0x44, 0x00, 0xab, 0xab, 0xab, 0x4f, 0x53, 0x47, 0x4e, 0x9c, 0x00, 0x00, // COORD....OSGN...
	0x00, 0x05, 0x00, 0x00, 0x00, 0x08, 0x00, 0x00, 0x00, 0x80, 0x00, 0x00, 0x00, 0x00, 0x00, 0x00, // ................
	0x00, 0x01, 0x00, 0x00, 0x00, 0x03, 0x00, 0x00, 0x00, 0x00, 0x00, 0x00, 0x00, 0x0f, 0x00, 0x00, // ................
	0x00, 0x8c, 0x00, 0x00, 0x00, 0x02, 0x00, 0x00, 0x00, 0x00, 0x00, 0x00, 0x00, 0x03, 0x00, 0x00, // ................
	0x00, 0x01, 0x00, 0x00, 0x00, 0x01, 0x0e, 0x00, 0x00, 0x8c, 0x00, 0x00, 0x00, 0x01, 0x00, 0x00, // ................
	0x00, 0x00, 0x00, 0x00, 0x00, 0x03, 0x00, 0x00, 0x00, 0x01, 0x00, 0x00, 0x00, 0x02, 0x0d, 0x00, // ................
	0x00, 0x8c, 0x00, 0x00, 0x00, 0x00, 0x00, 0x00, 0x00, 0x00, 0x00, 0x00, 0x00, 0x03, 0x00, 0x00, // ................
	0x00, 0x01, 0x00, 0x00, 0x00, 0x04, 0x0b, 0x00, 0x00, 0x95, 0x00, 0x00, 0x00, 0x00, 0x00, 0x00, // ................
	0x00, 0x00, 0x00, 0x00, 0x00, 0x03, 0x00, 0x00, 0x00, 0x02, 0x00, 0x00, 0x00, 0x0f, 0x00, 0x00, // ................
	0x00, 0x53, 0x56, 0x5f, 0x50, 0x4f, 0x53, 0x49, 0x54, 0x49, 0x4f, 0x4e, 0x00, 0x54, 0x45, 0x58, // .SV_POSITION.TEX
	0x43, 0x4f, 0x4f, 0x52, 0x44, 0x00, 0x43, 0x4f, 0x4c, 0x4f, 0x52, 0x00, 0xab, 0x53, 0x48, 0x44, // COORD.COLOR..SHD
	0x52, 0xcc, 0x05, 0x00, 0x00, 0x40, 0x00, 0x01, 0x00, 0x73, 0x01, 0x00, 0x00, 0x59, 0x00, 0x00, // R....@...s...Y..
	0x04, 0x46, 0x8e, 0x20, 0x00, 0x00, 0x00, 0x00, 0x00, 0x0c, 0x00, 0x00, 0x00, 0x5f, 0x00, 0x00, // .F. ........._..
	0x03, 0xf2, 0x10, 0x10, 0x00, 0x00, 0x00, 0x00, 0x00, 0x5f, 0x00, 0x00, 0x03, 0xf2, 0x10, 0x10, // ........._......
	0x00, 0x01, 0x00, 0x00, 0x00, 0x5f, 0x00, 0x00, 0x03, 0xf2, 0x10, 0x10, 0x00, 0x02, 0x00, 0x00, // ....._..........
	0x00, 0x5f, 0x00, 0x00, 0x03, 0xf2, 0x10, 0x10, 0x00, 0x03, 0x00, 0x00, 0x00, 0x5f, 0x00, 0x00, // ._..........._..
	0x03, 0xf2, 0x10, 0x10, 0x00, 0x04, 0x00, 0x00, 0x00, 0x5f, 0x00, 0x00, 0x03, 0x72, 0x10, 0x10, // ........._...r..
	0x00, 0x05, 0x00, 0x00, 0x00, 0x5f, 0x00, 0x00, 0x03, 0x72, 0x10, 0x10, 0x00, 0x06, 0x00, 0x00, // ....._...r......
	0x00, 0x67, 0x00, 0x00, 0x04, 0xf2, 0x20, 0x10, 0x00, 0x00, 0x00, 0x00, 0x00, 0x01, 0x00, 0x00, // .g.... .........
	0x00, 0x65, 0x00, 0x00, 0x03, 0x12, 0x20, 0x10, 0x00, 0x01, 0x00, 0x00, 0x00, 0x65, 0x00, 0x00, // .e.... ......e..
	0x03, 0x22, 0x20, 0x10, 0x00, 0x01, 0x00, 0x00, 0x00, 0x65, 0x00, 0x00, 0x03, 0x42, 0x20, 0x10, // ." ......e...B .
	0x00, 0x01, 0x00, 0x00, 0x00, 0x65, 0x00, 0x00, 0x03, 0xf2, 0x20, 0x10, 0x00, 0x02, 0x00, 0x00, // .....e.... .....
	0x00, 0x68, 0x00, 0x00, 0x02, 0x03, 0x00, 0x00, 0x00, 0x38, 0x00, 0x00, 0x07, 0x72, 0x00, 0x10, // .h.......8...r..
	0x00, 0x00, 0x00, 0x00, 0x00, 0x56, 0x15, 0x10, 0x00, 0x00, 0x00, 0x00, 0x00, 0x46, 0x12, 0x10, // .....V.......F..
	0x00, 0x03, 0x00, 0x00, 0x00, 0x32, 0x00, 0x00, 0x09, 0x72, 0x00, 0x10, 0x00, 0x00, 0x00, 0x00, // .....2...r......
	0x00, 0x06, 0x10, 0x10, 0x00, 0x00, 0x00, 0x00, 0x00, 0x46, 0x12, 0x10, 0x00, 0x02, 0x00, 0x00, // .........F......
	0x00, 0x46, 0x02, 0x10, 0x00, 0x00, 0x00, 0x00, 0x00, 0x32, 0x00, 0x00, 0x09, 0x72, 0x00, 0x10, // .F.......2...r..
	0x00, 0x00, 0x00, 0x00, 0x00, 0xa6, 0x1a, 0x10, 0x00, 0x00, 0x00, 0x00, 0x00, 0x46, 0x12, 0x10, // .............F..
	0x00, 0x04, 0x00, 0x00, 0x00, 0x46, 0x02, 0x10, 0x00, 0x00, 0x00, 0x00, 0x00, 0x00, 0x00, 0x00, // .....F..........
	0x09, 0x72, 0x00, 0x10, 0x00, 0x01, 0x00, 0x00, 0x00, 0x46, 0x12, 0x10, 0x00, 0x05, 0x00, 0x00, // .r.......F......
	0x00, 0x46, 0x82, 0x20, 0x80, 0x41, 0x00, 0x00, 0x00, 0x00, 0x00, 0x00, 0x00, 0x08, 0x00, 0x00, // .F. .A..........
	0x00, 0x00, 0x00, 0x00, 0x09, 0x72, 0x00, 0x10, 0x00, 0x02, 0x00, 0x00, 0x00, 0x46, 0x12, 0x10, // .....r.......F..
	0x00, 0x06, 0x00, 0x00, 0x00, 0x46, 0x82, 0x20, 0x80, 0x41, 0x00, 0x00, 0x00, 0x00, 0x00, 0x00, // .....F. .A......
	0x00, 0x09, 0x00, 0x00, 0x00, 0x00, 0x00, 0x00, 0x07, 0x72, 0x00, 0x10, 0x00, 0x01, 0x00, 0x00, // .........r......
	0x00, 0x46, 0x02, 0x10, 0x00, 0x01, 0x00, 0x00, 0x00, 0x46, 0x02, 0x10, 0x00, 0x02, 0x00, 0x00, // .F.......F......
	0x00, 0x00, 0x00, 0x00, 0x07, 0x72, 0x00, 0x10, 0x00, 0x00, 0x00, 0x00, 0x00, 0x46, 0x02, 0x10, // .....r.......F..
	0x00, 0x00, 0x00, 0x00, 0x00, 0x46, 0x02, 0x10, 0x00, 0x01, 0x00, 0x00, 0x00, 0x38, 0x00, 0x00, // .....F.......8..
	0x08, 0x72, 0x00, 0x10, 0x00, 0x02, 0x00, 0x00, 0x00, 0x56, 0x05, 0x10, 0x00, 0x00, 0x00, 0x00, // .r.......V......
	0x00, 0x46, 0x82, 0x20, 0x00, 0x00, 0x00, 0x00, 0x00, 0x01, 0x00, 0x00, 0x00, 0x32, 0x00, 0x00, // .F. .........2..
	0x0a, 0xb2, 0x00, 0x10, 0x00, 0x00, 0x00, 0x00, 0x00, 0x46, 0x88, 0x20, 0x00, 0x00, 0x00, 0x00, // .........F. ....
	0x00, 0x00, 0x00, 0x00, 0x00, 0x06, 0x00, 0x10, 0x00, 0x00, 0x00, 0x00, 0x00, 0x46, 0x08, 0x10, // .............F..
	0x00, 0x02, 0x00, 0x00, 0x00, 0x32, 0x00, 0x00, 0x0a, 0x72, 0x00, 0x10, 0x00, 0x00, 0x00, 0x00, // .....2...r......
	0x00, 0x46, 0x82, 0x20, 0x00, 0x00, 0x00, 0x00, 0x00, 0x02, 0x00, 0x00, 0x00, 0xa6, 0x0a, 0x10, // .F. ............
	0x00, 0x00, 0x00, 0x00, 0x00, 0x46, 0x03, 0x10, 0x00, 0x00, 0x00, 0x00, 0x00, 0x00, 0x00, 0x00, // .....F..........
	0x08, 0x72, 0x00, 0x10, 0x00, 0x00, 0x00, 0x00, 0x00, 0x46, 0x02, 0x10, 0x00, 0x00, 0x00, 0x00, // .r.......F......
	0x00, 0x46, 0x82, 0x20, 0x00, 0x00, 0x00, 0x00, 0x00, 0x03, 0x00, 0x00, 0x00, 0x38, 0x00, 0x00, // .F. .........8..
	0x07, 0x72, 0x00, 0x10, 0x00, 0x02, 0x00, 0x00, 0x00, 0x56, 0x15, 0x10, 0x00, 0x01, 0x00, 0x00, // .r.......V......
	0x00, 0x46, 0x12, 0x10, 0x00, 0x03, 0x00, 0x00, 0x00, 0x32, 0x00, 0x00, 0x09, 0x72, 0x00, 0x10, // .F.......2...r..
	0x00, 0x02, 0x00, 0x00, 0x00, 0x06, 0x10, 0x10, 0x00, 0x01, 0x00, 0x00, 0x00, 0x46, 0x12, 0x10, // .............F..
	0x00, 0x02, 0x00, 0x00, 0x00, 0x46, 0x02, 0x10, 0x00, 0x02, 0x00, 0x00, 0x00, 0x32, 0x00, 0x00, // .....F.......2..
	0x09, 0x72, 0x00, 0x10, 0x00, 0x02, 0x00, 0x00, 0x00, 0xa6, 0x1a, 0x10, 0x00, 0x01, 0x00, 0x00, // .r..............
	0x00, 0x46, 0x12, 0x10, 0x00, 0x04, 0x00, 0x00, 0x00, 0x46, 0x02, 0x10, 0x00, 0x02, 0x00, 0x00, // .F.......F......
	0x00, 0x00, 0x00, 0x00, 0x07, 0x72, 0x00, 0x10, 0x00, 0x01, 0x00, 0x00, 0x00, 0x46, 0x02, 0x10, // .....r.......F..
	0x00, 0x01, 0x00, 0x00, 0x00, 0x46, 0x02, 0x10, 0x00, 0x02, 0x00, 0x00, 0x00, 0x38, 0x00, 0x00, // .....F.......8..
	0x08, 0x72, 0x00, 0x10, 0x00, 0x02, 0x00, 0x00, 0x00, 0x56, 0x05, 0x10, 0x00, 0x01, 0x00, 0x00, // .r.......V......
	0x00, 0x46, 0x82, 0x20, 0x00, 0x00, 0x00, 0x00, 0x00, 0x01, 0x00, 0x00, 0x00, 0x32, 0x00, 0x00, // .F. .........2..
	0x0a, 0xb2, 0x00, 0x10, 0x00, 0x01, 0x00, 0x00, 0x00, 0x46, 0x88, 0x20, 0x00, 0x00, 0x00, 0x00, // .........F. ....
	0x00, 0x00, 0x00, 0x00, 0x00, 0x06, 0x00, 0x10, 0x00, 0x01, 0x00, 0x00, 0x00, 0x46, 0x08, 0x10, // .............F..
	0x00, 0x02, 0x00, 0x00, 0x00, 0x32, 0x00, 0x00, 0x0a, 0x72, 0x00, 0x10, 0x00, 0x01, 0x00, 0x00, // .....2...r......
	0x00, 0x46, 0x82, 0x20, 0x00, 0x00, 0x00, 0x00, 0x00, 0x02, 0x00, 0x00, 0x00, 0xa6, 0x0a, 0x10, // .F. ............
	0x00, 0x01, 0x00, 0x00, 0x00, 0x46, 0x03, 0x10, 0x00, 0x01, 0x00, 0x00, 0x00, 0x00, 0x00, 0x00, // .....F..........
	0x08, 0x72, 0x00, 0x10, 0x00, 0x01, 0x00, 0x00, 0x00, 0x46, 0x02, 0x10, 0x00, 0x01, 0x00, 0x00, // .r.......F......
	0x00, 0x46, 0x82, 0x20, 0x00, 0x00, 0x00, 0x00, 0x00, 0x03, 0x00, 0x00, 0x00, 0x00, 0x00, 0x00, // .F. ............
	0x08, 0x32, 0x00, 0x10, 0x00, 0x02, 0x00, 0x00, 0x00, 0x46, 0x00, 0x10, 0x00, 0x00, 0x00, 0x00, // .2.......F......
	0x00, 0x46, 0x00, 0x10, 0x80, 0x41, 0x00, 0x00, 0x00, 0x01, 0x00, 0x00, 0x00, 0x00, 0x00, 0x00, // .F...A..........
	0x08, 0x72, 0x00, 0x10, 0x00, 0x00, 0x00, 0x00, 0x00, 0x46, 0x02, 0x10, 0x00, 0x00, 0x00, 0x00, // .r.......F......
	0x00, 0x46, 0x02, 0x10, 0x80, 0x41, 0x00, 0x00, 0x00, 0x01, 0x00, 0x00, 0x00, 0x32, 0x00, 0x00, // .F...A.......2..
	0x09, 0x72, 0x00, 0x10, 0x00, 0x00, 0x00, 0x00, 0x00, 0xf6, 0x1f, 0x10, 0x00, 0x01, 0x00, 0x00, // .r..............
	0x00, 0x46, 0x02, 0x10, 0x00, 0x00, 0x00, 0x00, 0x00, 0x46, 0x02, 0x10, 0x00, 0x01, 0x00, 0x00, // .F.......F......
	0x00, 0x0f, 0x00, 0x00, 0x07, 0x82, 0x00, 0x10, 0x00, 0x00, 0x00, 0x00, 0x00, 0x46, 0x00, 0x10, // .............F..
	0x00, 0x02, 0x00, 0x00, 0x00, 0x46, 0x00, 0x10, 0x00, 0x02, 0x00, 0x00, 0x00, 0x4b, 0x00, 0x00, // .....F.......K..
	0x05, 0x82, 0x00, 0x10, 0x00, 0x00, 0x00, 0x00, 0x00, 0x3a, 0x00, 0x10, 0x00, 0x00, 0x00, 0x00, // .........:......
	0x00, 0x34, 0x00, 0x00, 0x07, 0x82, 0x00, 0x10, 0x00, 0x00, 0x00, 0x00, 0x00, 0x3a, 0x00, 0x10, // .4...........:..
	0x00, 0x00, 0x00, 0x00, 0x00, 0x01, 0x40, 0x00, 0x00, 0xbd, 0x37, 0x86, 0x35, 0x0e, 0x00, 0x00, // ......@...7.5...
	0x07, 0x32, 0x00, 0x10, 0x00, 0x01, 0x00, 0x00, 0x00, 0x46, 0x00, 0x10, 0x00, 0x02, 0x00, 0x00, // .2.......F......
	0x00, 0xf6, 0x0f, 0x10, 0x00, 0x00, 0x00, 0x00, 0x00, 0x36, 0x00, 0x00, 0x06, 0x42, 0x00, 0x10, // .........6...B..
	0x00, 0x01, 0x00, 0x00, 0x00, 0x1a, 0x00, 0x10, 0x80, 0x41, 0x00, 0x00, 0x00, 0x01, 0x00, 0x00, // .........A......
	0x00, 0x38, 0x00, 0x00, 0x08, 0x32, 0x00, 0x10, 0x00, 0x01, 0x00, 0x00, 0x00, 0x26, 0x0a, 0x10, // .8...2.......&..
	0x00, 0x01, 0x00, 0x00, 0x00, 0x06, 0x80, 0x20, 0x00, 0x00, 0x00, 0x00, 0x00, 0x0b, 0x00, 0x00, // ....... ........
	0x00, 0x32, 0x00, 0x00, 0x09, 0x32, 0x00, 0x10, 0x00, 0x00, 0x00, 0x00, 0x00, 0x46, 0x00, 0x10, // .2...2.......F..
	0x00, 0x01, 0x00, 0x00, 0x00, 0xf6, 0x1f, 0x10, 0x00, 0x00, 0x00, 0x00, 0x00, 0x46, 0x00, 0x10, // .............F..
	0x00, 0x00, 0x00, 0x00, 0x00, 0x00, 0x00, 0x00, 0x08, 0x42, 0x00, 0x10, 0x00, 0x00, 0x00, 0x00, // .........B......
	0x00, 0x2a, 0x00, 0x10, 0x00, 0x00, 0x00, 0x00, 0x00, 0x0a, 0x80, 0x20, 0x00, 0x00, 0x00, 0x00, // .*......... ....
	0x00, 0x0a, 0x00, 0x00, 0x00, 0x38, 0x00, 0x00, 0x08, 0xf2, 0x00, 0x10, 0x00, 0x01, 0x00, 0x00, // .....8..........
	0x00, 0x56, 0x05, 0x10, 0x00, 0x00, 0x00, 0x00, 0x00, 0x46, 0x8e, 0x20, 0x00, 0x00, 0x00, 0x00, // .V.......F. ....
	0x00, 0x05, 0x00, 0x00, 0x00, 0x32, 0x00, 0x00, 0x0a, 0xf2, 0x00, 0x10, 0x00, 0x01, 0x00, 0x00, // .....2..........
	0x00, 0x46, 0x8e, 0x20, 0x00, 0x00, 0x00, 0x00, 0x00, 0x04, 0x00, 0x00, 0x00, 0x06, 0x00, 0x10, // .F. ............
	0x00, 0x00, 0x00, 0x00, 0x00, 0x46, 0x0e, 0x10, 0x00, 0x01, 0x00, 0x00, 0x00, 0x32, 0x00, 0x00, // .....F.......2..
	0x0a, 0xf2, 0x00, 0x10, 0x00, 0x01, 0x00, 0x00, 0x00, 0x46, 0x8e, 0x20, 0x00, 0x00, 0x00, 0x00, // .........F. ....
	0x00, 0x06, 0x00, 0x00, 0x00, 0xa6, 0x0a, 0x10, 0x00, 0x00, 0x00, 0x00, 0x00, 0x46, 0x0e, 0x10, // .............F..
	0x00, 0x01, 0x00, 0x00, 0x00, 0x36, 0x00, 0x00, 0x06, 0x22, 0x20, 0x10, 0x00, 0x01, 0x00, 0x00, // .....6..." .....
	0x00, 0x2a, 0x00, 0x10, 0x80, 0x41, 0x00, 0x00, 0x00, 0x00, 0x00, 0x00, 0x00, 0x00, 0x00, 0x00, // .*...A..........
	0x08, 0xf2, 0x20, 0x10, 0x00, 0x00, 0x00, 0x00, 0x00, 0x46, 0x0e, 0x10, 0x00, 0x01, 0x00, 0x00, // .. ......F......
	0x00, 0x46, 0x8e, 0x20, 0x00, 0x00, 0x00, 0x00, 0x00, 0x07, 0x00, 0x00, 0x00, 0x36, 0x00, 0x00, // .F. .........6..
	0x05, 0x12, 0x20, 0x10, 0x00, 0x01, 0x00, 0x00, 0x00, 0x3a, 0x10, 0x10, 0x00, 0x01, 0x00, 0x00, // .. ......:......
	0x00, 0x36, 0x00, 0x00, 0x05, 0x42, 0x20, 0x10, 0x00, 0x01, 0x00, 0x00, 0x00, 0x3a, 0x10, 0x10, // .6...B ......:..
	0x00, 0x00, 0x00, 0x00, 0x00, 0x36, 0x00, 0x00, 0x05, 0x12, 0x00, 0x10, 0x00, 0x00, 0x00, 0x00, // .....6..........
	0x00, 0x3a, 0x10, 0x10, 0x00, 0x02, 0x00, 0x00, 0x00, 0x36, 0x00, 0x00, 0x05, 0x22, 0x00, 0x10, // .:.......6..."..
	0x00, 0x00, 0x00, 0x00, 0x00, 0x3a, 0x10, 0x10, 0x00, 0x03, 0x00, 0x00, 0x00, 0x36, 0x00, 0x00, // .....:.......6..
	0x05, 0x42, 0x00, 0x10, 0x00, 0x00, 0x00, 0x00, 0x00, 0x3a, 0x10, 0x10, 0x00, 0x04, 0x00, 0x00, // .B.......:......
	0x00, 0x38, 0x00, 0x00, 0x0a, 0x72, 0x20, 0x10, 0x00, 0x02, 0x00, 0x00, 0x00, 0x46, 0x02, 0x10, // .8...r ......F..
	0x00, 0x00, 0x00, 0x00, 0x00, 0x02, 0x40, 0x00, 0x00, 0x66, 0x66, 0x66, 0x3f, 0x66, 0x66, 0x66, // ......@..fff?fff
	0x3f, 0x66, 0x66, 0x66, 0x3f, 0x00, 0x00, 0x00, 0x00, 0x36, 0x00, 0x00, 0x05, 0x82, 0x20, 0x10, // ?fff?....6.... .
	0x00, 0x02, 0x00, 0x00, 0x00, 0x01, 0x40, 0x00, 0x00, 0x00, 0x00, 0x80, 0x3f, 0x3e, 0x00, 0x00, // ......@.....?>..
	0x01, 0x00, 0x07, 0x02, 0x00, 0x01, 0x00, 0x17, 0x00, 0x16, 0x00, 0x15, 0x00, 0x14, 0x00, 0x13, // ................
	0x00, 0xc0, 0x00,                                                                               // ...
};

static const uint8_t vs_mesh_edge_ribbon_dx12[2071] =
{
	0x56, 0x53, 0x48, 0x0b, 0x00, 0x00, 0x00, 0x00, 0x91, 0x47, 0xdc, 0xdb, 0x06, 0x00, 0x05, 0x75, // VSH......G.....u
	0x56, 0x69, 0x65, 0x77, 0x04, 0x00, 0x00, 0x00, 0x04, 0x00, 0x00, 0x00, 0x00, 0x00, 0x0a, 0x70, // View...........p
	0x72, 0x6f, 0x6a, 0x65, 0x63, 0x74, 0x69, 0x6f, 0x6e, 0x04, 0x00, 0x40, 0x00, 0x04, 0x00, 0x00, // rojection..@....
	0x00, 0x00, 0x00, 0x08, 0x75, 0x45, 0x79, 0x65, 0x48, 0x69, 0x67, 0x68, 0x02, 0x00, 0x80, 0x00, // ....uEyeHigh....
	0x01, 0x00, 0x00, 0x00, 0x00, 0x00, 0x07, 0x75, 0x45, 0x79, 0x65, 0x4c, 0x6f, 0x77, 0x02, 0x00, // .......uEyeLow..
	0x90, 0x00, 0x01, 0x00, 0x00, 0x00, 0x00, 0x00, 0x0c, 0x75, 0x4c, 0x61, 0x79, 0x65, 0x72, 0x4f, // .........uLayerO
	0x66, 0x66, 0x73, 0x65, 0x74, 0x02, 0x00, 0xa0, 0x00, 0x01, 0x00, 0x00, 0x00, 0x00, 0x00, 0x0b, // ffset...........
	0x75, 0x45, 0x64, 0x67, 0x65, 0x52, 0x69, 0x62, 0x62, 0x6f, 0x6e, 0x02, 0x00, 0xb0, 0x00, 0x01, // uEdgeRibbon.....
	0x00, 0x00, 0x00, 0x00, 0x00, 0x7c, 0x07, 0x00, 0x00, 0x44, 0x58, 0x42, 0x43, 0x0e, 0xe4, 0x32, // .....|...DXBC..2
	0x58, 0x3e, 0x90, 0xc6, 0xdc, 0x45, 0x63, 0x65, 0xe1, 0x69, 0x02, 0x45, 0x5c, 0x01, 0x00, 0x00, // X>...Ece.i.E....
	0x00, 0x7c, 0x07, 0x00, 0x00, 0x03, 0x00, 0x00, 0x00, 0x2c, 0x00, 0x00, 0x00, 0x00, 0x01, 0x00, // .|.......,......
	0x00, 0xa4, 0x01, 0x00, 0x00, 0x49, 0x53, 0x47, 0x4e, 0xcc, 0x00, 0x00, 0x00, 0x07, 0x00, 0x00, // .....ISGN.......
	0x00, 0x08, 0x00, 0x00, 0x00, 0xb0, 0x00, 0x00, 0x00, 0x00, 0x00, 0x00, 0x00, 0x00, 0x00, 0x00, // ................
	0x00, 0x03, 0x00, 0x00, 0x00, 0x00, 0x00, 0x00, 0x00, 0x0f, 0x0f, 0x00, 0x00, 0xb7, 0x00, 0x00, // ................
	0x00, 0x00, 0x00, 0x00, 0x00, 0x00, 0x00, 0x00, 0x00, 0x03, 0x00, 0x00, 0x00, 0x01, 0x00, 0x00, // ................
	0x00, 0x0f, 0x0f, 0x00, 0x00, 0xc0, 0x00, 0x00, 0x00, 0x07, 0x00, 0x00, 0x00, 0x00, 0x00, 0x00, // ................
	0x00, 0x03, 0x00, 0x00, 0x00, 0x02, 0x00, 0x00, 0x00, 0x0f, 0x0f, 0x00, 0x00, 0xc0, 0x00, 0x00, // ................
	0x00, 0x06, 0x00, 0x00, 0x00, 0x00, 0x00, 0x00, 0x00, 0x03, 0x00, 0x00, 0x00, 0x03, 0x00, 0x00, // ................
	0x00, 0x0f, 0x0f, 0x00, 0x00, 0xc0, 0x00, 0x00, 0x00, 0x05, 0x00, 0x00, 0x00, 0x00, 0x00, 0x00, // ................
	0x00, 0x03, 0x00, 0x00, 0x00, 0x04, 0x00, 0x00, 0x00, 0x0f, 0x0f, 0x00, 0x00, 0xc0, 0x00, 0x00, // ................
	0x00, 0x04, 0x00, 0x00, 0x00, 0x00, 0x00, 0x00, 0x00, 0x03, 0x00, 0x00, 0x00, 0x05, 0x00, 0x00, // ................
	0x00, 0x0f, 0x07, 0x00, 0x00, 0xc0, 0x00, 0x00, 0x00, 0x03, 0x00, 0x00, 0x00, 0x00, 0x00, 0x00, // ................
	0x00, 0x03, 0x00, 0x00, 0x00, 0x06, 0x00, 0x00, 0x00, 0x0f, 0x07, 0x00, 0x00, 0x4e, 0x4f, 0x52, // .............NOR
	0x4d, 0x41, 0x4c, 0x00, 0x50, 0x4f, 0x53, 0x49, 0x54, 0x49, 0x4f, 0x4e, 0x00, 0x54, 0x45, 0x58, // MAL.POSITION.TEX
	0x43, 0x4f, 0x4f, 0x52, 0x44, 0x00, 0xab, 0xab, 0xab, 0x4f, 0x53, 0x47, 0x4e, 0x9c, 0x00, 0x00, // COORD....OSGN...
	0x00, 0x05, 0x00, 0x00, 0x00, 0x08, 0x00, 0x00, 0x00, 0x80, 0x00, 0x00, 0x00, 0x00, 0x00, 0x00, // ................
	0x00, 0x01, 0x00, 0x00, 0x00, 0x03, 0x00, 0x00, 0x00, 0x00, 0x00, 0x00, 0x00, 0x0f, 0x00, 0x00, // ................
	0x00, 0x8c, 0x00, 0x00, 0x00, 0x02, 0x00, 0x00, 0x00, 0x00, 0x00, 0x00, 0x00, 0x03, 0x00, 0x00, // ................
	0x00, 0x01, 0x00, 0x00, 0x00, 0x01, 0x0e, 0x00, 0x00, 0x8c, 0x00, 0x00, 0x00, 0x01, 0x00, 0x00, // ................
	0x00, 0x00, 0x00, 0x00, 0x00, 0x03, 0x00, 0x00, 0x00, 0x01, 0x00, 0x00, 0x00, 0x02, 0x0d, 0x00, // ................
	0x00, 0x8c, 0x00, 0x00, 0x00, 0x00, 0x00, 0x00, 0x00, 0x00, 0x00, 0x00, 0x00, 0x03, 0x00, 0x00, // ................
	0x00, 0x01, 0x00, 0x00, 0x00, 0x04, 0x0b, 0x00, 0x00, 0x95, 0x00, 0x00, 0x00, 0x00, 0x00, 0x00, // ................
	0x00, 0x00, 0x00, 0x00, 0x00, 0x03, 0x00, 0x00, 0x00, 0x02, 0x00, 0x00, 0x00, 0x0f, 0x00, 0x00, // ................
	0x00, 0x53, 0x56, 0x5f, 0x50, 0x4f, 0x53, 0x49, 0x54, 0x49, 0x4f, 0x4e, 0x00, 0x54, 0x45, 0x58, // .SV_POSITION.TEX
	0x43, 0x4f, 0x4f, 0x52, 0x44, 0x00, 0x43, 0x4f, 0x4c, 0x4f, 0x52, 0x00, 0xab, 0x53, 0x48, 0x45, // COORD.COLOR..SHE
	0x58, 0xd0, 0x05, 0x00, 0x00, 0x50, 0x00, 0x01, 0x00, 0x74, 0x01, 0x00, 0x00, 0x6a, 0x08, 0x00, // X....P...t...j..
	0x01, 0x59, 0x00, 0x00, 0x04, 0x46, 0x8e, 0x20, 0x00, 0x00, 0x00, 0x00, 0x00, 0x0c, 0x00, 0x00, // .Y...F. ........
	0x00, 0x5f, 0x00, 0x00, 0x03, 0xf2, 0x10, 0x10, 0x00, 0x00, 0x00, 0x00, 0x00, 0x5f, 0x00, 0x00, // ._..........._..
	0x03, 0xf2, 0x10, 0x10, 0x00, 0x01, 0x00, 0x00, 0x00, 0x5f, 0x00, 0x00, 0x03, 0xf2, 0x10, 0x10, // ........._......
	0x00, 0x02, 0x00, 0x00, 0x00, 0x5f, 0x00, 0x00, 0x03, 0xf2, 0x10, 0x10, 0x00, 0x03, 0x00, 0x00, // ....._..........
	0x00, 0x5f, 0x00, 0x00, 0x03, 0xf2, 0x10, 0x10, 0x00, 0x04, 0x00, 0x00, 0x00, 0x5f, 0x00, 0x00, // ._..........._..
	0x03, 0x72, 0x10, 0x10, 0x00, 0x05, 0x00, 0x00, 0x00, 0x5f, 0x00, 0x00, 0x03, 0x72, 0x10, 0x10, // .r......._...r..
	0x00, 0x06, 0x00, 0x00, 0x00, 0x67, 0x00, 0x00, 0x04, 0xf2, 0x20, 0x10, 0x00, 0x00, 0x00, 0x00, // .....g.... .....
	0x00, 0x01, 0x00, 0x00, 0x00, 0x65, 0x00, 0x00, 0x03, 0x12, 0x20, 0x10, 0x00, 0x01, 0x00, 0x00, // .....e.... .....
	0x00, 0x65, 0x00, 0x00, 0x03, 0x22, 0x20, 0x10, 0x00, 0x01, 0x00, 0x00, 0x00, 0x65, 0x00, 0x00, // .e..." ......e..
	0x03, 0x42, 0x20, 0x10, 0x00, 0x01, 0x00, 0x00, 0x00, 0x65, 0x00, 0x00, 0x03, 0xf2, 0x20, 0x10, // .B ......e.... .
	0x00, 0x02, 0x00, 0x00, 0x00, 0x68, 0x00, 0x00, 0x02, 0x03, 0x00, 0x00, 0x00, 0x38, 0x00, 0x00, // .....h.......8..
	0x07, 0x72, 0x00, 0x10, 0x00, 0x00, 0x00, 0x00, 0x00, 0x56, 0x15, 0x10, 0x00, 0x00, 0x00, 0x00, // .r.......V......
	0x00, 0x46, 0x12, 0x10, 0x00, 0x03, 0x00, 0x00, 0x00, 0x32, 0x00, 0x00, 0x09, 0x72, 0x00, 0x10, // .F.......2...r..
	0x00, 0x00, 0x00, 0x00, 0x00, 0x06, 0x10, 0x10, 0x00, 0x00, 0x00, 0x00, 0x00, 0x46, 0x12, 0x10, // .............F..
	0x00, 0x02, 0x00, 0x00, 0x00, 0x46, 0x02, 0x10, 0x00, 0x00, 0x00, 0x00, 0x00, 0x32, 0x00, 0x00, // .....F.......2..
	0x09, 0x72, 0x00, 0x10, 0x00, 0x00, 0x00, 0x00, 0x00, 0xa6, 0x1a, 0x10, 0x00, 0x00, 0x00, 0x00, // .r..............
	0x00, 0x46, 0x12, 0x10, 0x00, 0x04, 0x00, 0x00, 0x00, 0x46, 0x02, 0x10, 0x00, 0x00, 0x00, 0x00, // .F.......F......
	0x00, 0x00, 0x00, 0x00, 0x09, 0x72, 0x00, 0x10, 0x00, 0x01, 0x00, 0x00, 0x00, 0x46, 0x12, 0x10, // .....r.......F..
	0x00, 0x05, 0x00, 0x00, 0x00, 0x46, 0x82, 0x20, 0x80, 0x41, 0x00, 0x00, 0x00, 0x00, 0x00, 0x00, // .....F. .A......
	0x00, 0x08, 0x00, 0x00, 0x00, 0x00, 0x00, 0x00, 0x09, 0x72, 0x00, 0x10, 0x00, 0x02, 0x00, 0x00, // .........r......
	0x00, 0x46, 0x12, 0x10, 0x00, 0x06, 0x00, 0x00, 0x00, 0x46, 0x82, 0x20, 0x80, 0x41, 0x00, 0x00, // .F.......F. .A..
	0x00, 0x00, 0x00, 0x00, 0x00, 0x09, 0x00, 0x00, 0x00, 0x00, 0x00, 0x00, 0x07, 0x72, 0x00, 0x10, // .............r..
	0x00, 0x01, 0x00, 0x00, 0x00, 0x46, 0x02, 0x10, 0x00, 0x01, 0x00, 0x00, 0x00, 0x46, 0x02, 0x10, // .....F.......F..
	0x00, 0x02, 0x00, 0x00, 0x00, 0x00, 0x00, 0x00, 0x07, 0x72, 0x00, 0x10, 0x00, 0x00, 0x00, 0x00, // .........r......
	0x00, 0x46, 0x02, 0x10, 0x00, 0x00, 0x00, 0x00, 0x00, 0x46, 0x02, 0x10, 0x00, 0x01, 0x00, 0x00, // .F.......F......
	0x00, 0x38, 0x00, 0x00, 0x08, 0x72, 0x00, 0x10, 0x00, 0x02, 0x00, 0x00, 0x00, 0x56, 0x05, 0x10, // .8...r.......V..
	0x00, 0x00, 0x00, 0x00, 0x00, 0x46, 0x82, 0x20, 0x00, 0x00, 0x00, 0x00, 0x00, 0x01, 0x00, 0x00, // .....F. ........
	0x00, 0x32, 0x00, 0x00, 0x0a, 0xb2, 0x00, 0x10, 0x00, 0x00, 0x00, 0x00, 0x00, 0x46, 0x88, 0x20, // .2...........F. 
	0x00, 0x00, 0x00, 0x00, 0x00, 0x00, 0x00, 0x00, 0x00, 0x06, 0x00, 0x10, 0x00, 0x00, 0x00, 0x00, // ................
	0x00, 0x46, 0x08, 0x10, 0x00, 0x02, 0x00, 0x00, 0x00, 0x32, 0x00, 0x00, 0x0a, 0x72, 0x00, 0x10, // .F.......2...r..
	0x00, 0x00, 0x00, 0x00, 0x00, 0x46, 0x82, 0x20, 0x00, 0x00, 0x00, 0x00, 0x00, 0x02, 0x00, 0x00, // .....F. ........
	0x00, 0xa6, 0x0a, 0x10, 0x00, 0x00, 0x00, 0x00, 0x00, 0x46, 0x03, 0x10, 0x00, 0x00, 0x00, 0x00, // .........F......
	0x00, 0x00, 0x00, 0x00, 0x08, 0x72, 0x00, 0x10, 0x00, 0x00, 0x00, 0x00, 0x00, 0x46, 0x02, 0x10, // .....r.......F..
	0x00, 0x00, 0x00, 0x00, 0x00, 0x46, 0x82, 0x20, 0x00, 0x00, 0x00, 0x00, 0x00, 0x03, 0x00, 0x00, // .....F. ........
	0x00, 0x38, 0x00, 0x00, 0x07, 0x72, 0x00, 0x10, 0x00, 0x02, 0x00, 0x00, 0x00, 0x56, 0x15, 0x10, // .8...r.......V..
	0x00, 0x01, 0x00, 0x00, 0x00, 0x46, 0x12, 0x10, 0x00, 0x03, 0x00, 0x00, 0x00, 0x32, 0x00, 0x00, // .....F.......2..
	0x09, 0x72, 0x00, 0x10, 0x00, 0x02, 0x00, 0x00, 0x00, 0x06, 0x10, 0x10, 0x00, 0x01, 0x00, 0x00, // .r..............
	0x00, 0x46, 0x12, 0x10, 0x00, 0x02, 0x00, 0x00, 0x00, 0x46, 0x02, 0x10, 0x00, 0x02, 0x00, 0x00, // .F.......F......
	0x00, 0x32, 0x00, 0x00, 0x09, 0x72, 0x00, 0x10, 0x00, 0x02, 0x00, 0x00, 0x00, 0xa6, 0x1a, 0x10, // .2...r..........
	0x00, 0x01, 0x00, 0x00, 0x00, 0x46, 0x12, 0x10, 0x00, 0x04, 0x00, 0x00, 0x00, 0x46, 0x02, 0x10, // .....F.......F..
	0x00, 0x02, 0x00, 0x00, 0x00, 0x00, 0x00, 0x00, 0x07, 0x72, 0x00, 0x10, 0x00, 0x01, 0x00, 0x00, // .........r......
	0x00, 0x46, 0x02, 0x10, 0x00, 0x01, 0x00, 0x00, 0x00, 0x46, 0x02, 0x10, 0x00, 0x02, 0x00, 0x00, // .F.......F......
	0x00, 0x38, 0x00, 0x00, 0x08, 0x72, 0x00, 0x10, 0x00, 0x02, 0x00, 0x00, 0x00, 0x56, 0x05, 0x10, // .8...r.......V..
	0x00, 0x01, 0x00, 0x00, 0x00, 0x46, 0x82, 0x20, 0x00, 0x00, 0x00, 0x00, 0x00, 0x01, 0x00, 0x00, // .....F. ........
	0x00, 0x32, 0x00, 0x00, 0x0a, 0xb2, 0x00, 0x10, 0x00, 0x01, 0x00, 0x00, 0x00, 0x46, 0x88, 0x20, // .2...........F. 
	0x00, 0x00, 0x00, 0x00, 0x00, 0x00, 0x00, 0x00, 0x00, 0x06, 0x00, 0x10, 0x00, 0x01, 0x00, 0x00, // ................
	0x00, 0x46, 0x08, 0x10, 0x00, 0x02, 0x00, 0x00, 0x00, 0x32, 0x00, 0x00, 0x0a, 0x72, 0x00, 0x10, // .F.......2...r..
	0x00, 0x01, 0x00, 0x00, 0x00, 0x46, 0x82, 0x20, 0x00, 0x00, 0x00, 0x00, 0x00, 0x02, 0x00, 0x00, // .....F. ........
	0x00, 0xa6, 0x0a, 0x10, 0x00, 0x01, 0x00, 0x00, 0x00, 0x46, 0x03, 0x10, 0x00, 0x01, 0x00, 0x00, // .........F......
	0x00, 0x00, 0x00, 0x00, 0x08, 0x72, 0x00, 0x10, 0x00, 0x01, 0x00, 0x00, 0x00, 0x46, 0x02, 0x10, // .....r.......F..
	0x00, 0x01, 0x00, 0x00, 0x00, 0x46, 0x82, 0x20, 0x00, 0x00, 0x00, 0x00, 0x00, 0x03, 0x00, 0x00, // .....F. ........
	0x00, 0x00, 0x00, 0x00, 0x08, 0x32, 0x00, 0x10, 0x00, 0x02, 0x00, 0x00, 0x00, 0x46, 0x00, 0x10, // .....2.......F..
	0x00, 0x00, 0x00, 0x00, 0x00, 0x46, 0x00, 0x10, 0x80, 0x41, 0x00, 0x00, 0x00, 0x01, 0x00, 0x00, // .....F...A......
	0x00, 0x00, 0x00, 0x00, 0x08, 0x72, 0x00, 0x10, 0x00, 0x00, 0x00, 0x00, 0x00, 0x46, 0x02, 0x10, // .....r.......F..
	0x00, 0x00, 0x00, 0x00, 0x00, 0x46, 0x02, 0x10, 0x80, 0x41, 0x00, 0x00, 0x00, 0x01, 0x00, 0x00, // .....F...A......
	0x00, 0x32, 0x00, 0x00, 0x09, 0x72, 0x00, 0x10, 0x00, 0x00, 0x00, 0x00, 0x00, 0xf6, 0x1f, 0x10, // .2...r..........
	0x00, 0x01, 0x00, 0x00, 0x00, 0x46, 0x02, 0x10, 0x00, 0x00, 0x00, 0x00, 0x00, 0x46, 0x02, 0x10, // .....F.......F..
	0x00, 0x01, 0x00, 0x00, 0x00, 0x0f, 0x00, 0x00, 0x07, 0x82, 0x00, 0x10, 0x00, 0x00, 0x00, 0x00, // ................
	0x00, 0x46, 0x00, 0x10, 0x00, 0x02, 0x00, 0x00, 0x00, 0x46, 0x00, 0x10, 0x00, 0x02, 0x00, 0x00, // .F.......F......
	0x00, 0x4b, 0x00, 0x00, 0x05, 0x82, 0x00, 0x10, 0x00, 0x00, 0x00, 0x00, 0x00, 0x3a, 0x00, 0x10, // .K...........:..
	0x00, 0x00, 0x00, 0x00, 0x00, 0x34, 0x00, 0x00, 0x07, 0x82, 0x00, 0x10, 0x00, 0x00, 0x00, 0x00, // .....4..........
	0x00, 0x3a, 0x00, 0x10, 0x00, 0x00, 0x00, 0x00, 0x00, 0x01, 0x40, 0x00, 0x00, 0xbd, 0x37, 0x86, // .:........@...7.
	0x35, 0x0e, 0x00, 0x00, 0x07, 0x32, 0x00, 0x10, 0x00, 0x01, 0x00, 0x00, 0x00, 0x46, 0x00, 0x10, // 5....2.......F..
	0x00, 0x02, 0x00, 0x00, 0x00, 0xf6, 0x0f, 0x10, 0x00, 0x00, 0x00, 0x00, 0x00, 0x36, 0x00, 0x00, // .............6..
	0x06, 0x42, 0x00, 0x10, 0x00, 0x01, 0x00, 0x00, 0x00, 0x1a, 0x00, 0x10, 0x80, 0x41, 0x00, 0x00, // .B...........A..
	0x00, 0x01, 0x00, 0x00, 0x00, 0x38, 0x00, 0x00, 0x08, 0x32, 0x00, 0x10, 0x00, 0x01, 0x00, 0x00, // .....8...2......
	0x00, 0x26, 0x0a, 0x10, 0x00, 0x01, 0x00, 0x00, 0x00, 0x06, 0x80, 0x20, 0x00, 0x00, 0x00, 0x00, // .&......... ....
	0x00, 0x0b, 0x00, 0x00, 0x00, 0x32, 0x00, 0x00, 0x09, 0x32, 0x00, 0x10, 0x00, 0x00, 0x00, 0x00, // .....2...2......
	0x00, 0x46, 0x00, 0x10, 0x00, 0x01, 0x00, 0x00, 0x00, 0xf6, 0x1f, 0x10, 0x00, 0x00, 0x00, 0x00, // .F..............
	0x00, 0x46, 0x00, 0x10, 0x00, 0x00, 0x00, 0x00, 0x00, 0x00, 0x00, 0x00, 0x08, 0x42, 0x00, 0x10, // .F...........B..
	0x00, 0x00, 0x00, 0x00, 0x00, 0x2a, 0x00, 0x10, 0x00, 0x00, 0x00, 0x00, 0x00, 0x0a, 0x80, 0x20, // .....*......... 
	0x00, 0x00, 0x00, 0x00, 0x00, 0x0a, 0x00, 0x00, 0x00, 0x38, 0x00, 0x00, 0x08, 0xf2, 0x00, 0x10, // .........8......
	0x00, 0x01, 0x00, 0x00, 0x00, 0x56, 0x05, 0x10, 0x00, 0x00, 0x00, 0x00, 0x00, 0x46, 0x8e, 0x20, // .....V.......F. 
	0x00, 0x00, 0x00, 0x00, 0x00, 0x05, 0x00, 0x00, 0x00, 0x32, 0x00, 0x00, 0x0a, 0xf2, 0x00, 0x10, // .........2......
	0x00, 0x01, 0x00, 0x00, 0x00, 0x46, 0x8e, 0x20, 0x00, 0x00, 0x00, 0x00, 0x00, 0x04, 0x00, 0x00, // .....F. ........
	0x00, 0x06, 0x00, 0x10, 0x00, 0x00, 0x00, 0x00, 0x00, 0x46, 0x0e, 0x10, 0x00, 0x01, 0x00, 0x00, // .........F......
	0x00, 0x32, 0x00, 0x00, 0x0a, 0xf2, 0x00, 0x10, 0x00, 0x01, 0x00, 0x00, 0x00, 0x46, 0x8e, 0x20, // .2...........F. 
	0x00, 0x00, 0x00, 0x00, 0x00, 0x06, 0x00, 0x00, 0x00, 0xa6, 0x0a, 0x10, 0x00, 0x00, 0x00, 0x00, // ................
	0x00, 0x46, 0x0e, 0x10, 0x00, 0x01, 0x00, 0x00, 0x00, 0x36, 0x00, 0x00, 0x06, 0x22, 0x20, 0x10, // .F.......6..." .
	0x00, 0x01, 0x00, 0x00, 0x00, 0x2a, 0x00, 0x10, 0x80, 0x41, 0x00, 0x00, 0x00, 0x00, 0x00, 0x00, // .....*...A......
	0x00, 0x00, 0x00, 0x00, 0x08, 0xf2, 0x20, 0x10, 0x00, 0x00, 0x00, 0x00, 0x00, 0x46, 0x0e, 0x10, // ...... ......F..
	0x00, 0x01, 0x00, 0x00, 0x00, 0x46, 0x8e, 0x20, 0x00, 0x00, 0x00, 0x00, 0x00, 0x07, 0x00, 0x00, // .....F. ........
	0x00, 0x36, 0x00, 0x00, 0x05, 0x12, 0x20, 0x10, 0x00, 0x01, 0x00, 0x00, 0x00, 0x3a, 0x10, 0x10, // .6.... ......:..
	0x00, 0x01, 0x00, 0x00, 0x00, 0x36, 0x00, 0x00, 0x05, 0x42, 0x20, 0x10, 0x00, 0x01, 0x00, 0x00, // .....6...B .....
	0x00, 0x3a, 0x10, 0x10, 0x00, 0x00, 0x00, 0x00, 0x00, 0x36, 0x00, 0x00, 0x05, 0x12, 0x00, 0x10, // .:.......6......
	0x00, 0x00, 0x00, 0x00, 0x00, 0x3a, 0x10, 0x10, 0x00, 0x02, 0x00, 0x00, 0x00, 0x36, 0x00, 0x00, // .....:.......6..
	0x05, 0x22, 0x00, 0x10, 0x00, 0x00, 0x00, 0x00, 0x00, 0x3a, 0x10, 0x10, 0x00, 0x03, 0x00, 0x00, // .".......:......
	0x00, 0x36, 0x00, 0x00, 0x05, 0x42, 0x00, 0x10, 0x00, 0x00, 0x00, 0x00, 0x00, 0x3a, 0x10, 0x10, // .6...B.......:..
	0x00, 0x04, 0x00, 0x00, 0x00, 0x38, 0x00, 0x00, 0x0a, 0x72, 0x20, 0x10, 0x00, 0x02, 0x00, 0x00, // .....8...r .....
	0x00, 0x46, 0x02, 0x10, 0x00, 0x00, 0x00, 0x00, 0x00, 0x02, 0x40, 0x00, 0x00, 0x66, 0x66, 0x66, // .F........@..fff
	0x3f, 0x66, 0x66, 0x66, 0x3f, 0x66, 0x66, 0x66, 0x3f, 0x00, 0x00, 0x00, 0x00, 0x36, 0x00, 0x00, // ?fff?fff?....6..
	0x05, 0x82, 0x20, 0x10, 0x00, 0x02, 0x00, 0x00, 0x00, 0x01, 0x40, 0x00, 0x00, 0x00, 0x00, 0x80, // .. .......@.....
	0x3f, 0x3e, 0x00, 0x00, 0x01, 0x00, 0x07, 0x02, 0x00, 0x01, 0x00, 0x17, 0x00, 0x16, 0x00, 0x15, // ?>..............
	0x00, 0x14, 0x00, 0x13, 0x00, 0xc0, 0x00,                                                       // .......
};

static const uint8_t vs_mesh_edge_ribbon_glsl[1967] =
{
	0x56, 0x53, 0x48, 0x0b, 0x00, 0x00, 0x00, 0x00, 0x91, 0x47, 0xdc, 0xdb, 0x06, 0x00, 0x05, 0x75, // VSH......G.....u
	0x56, 0x69, 0x65, 0x77, 0x04, 0x01, 0x00, 0x00, 0x04, 0x00, 0x00, 0x00, 0x00, 0x00, 0x0a, 0x70, // View...........p
	0x72, 0x6f, 0x6a, 0x65, 0x63, 0x74, 0x69, 0x6f, 0x6e, 0x04, 0x01, 0x00, 0x00, 0x04, 0x00, 0x00, // rojection.......
	0x00, 0x00, 0x00, 0x08, 0x75, 0x45, 0x79, 0x65, 0x48, 0x69, 0x67, 0x68, 0x02, 0x01, 0x00, 0x00, // ....uEyeHigh....
	0x01, 0x00, 0x00, 0x00, 0x00, 0x00, 0x07, 0x75, 0x45, 0x79, 0x65, 0x4c, 0x6f, 0x77, 0x02, 0x01, // .......uEyeLow..
	0x00, 0x00, 0x01, 0x00, 0x00, 0x00, 0x00, 0x00, 0x0c, 0x75, 0x4c, 0x61, 0x79, 0x65, 0x72, 0x4f, // .........uLayerO
	0x66, 0x66, 0x73, 0x65, 0x74, 0x02, 0x01, 0x00, 0x00, 0x01, 0x00, 0x00, 0x00, 0x00, 0x00, 0x0b, // ffset...........
	0x75, 0x45, 0x64, 0x67, 0x65, 0x52, 0x69, 0x62, 0x62, 0x6f, 0x6e, 0x02, 0x01, 0x00, 0x00, 0x01, // uEdgeRibbon.....
	0x00, 0x00, 0x00, 0x00, 0x00, 0x25, 0x07, 0x00, 0x00, 0x61, 0x74, 0x74, 0x72, 0x69, 0x62, 0x75, // .....%...attribu
	0x74, 0x65, 0x20, 0x76, 0x65, 0x63, 0x34, 0x20, 0x61, 0x5f, 0x6e, 0x6f, 0x72, 0x6d, 0x61, 0x6c, // te vec4 a_normal
	0x3b, 0x0a, 0x61, 0x74, 0x74, 0x72, 0x69, 0x62, 0x75, 0x74, 0x65, 0x20, 0x76, 0x65, 0x63, 0x34, // ;.attribute vec4
	0x20, 0x61, 0x5f, 0x70, 0x6f, 0x73, 0x69, 0x74, 0x69, 0x6f, 0x6e, 0x3b, 0x0a, 0x61, 0x74, 0x74, //  a_position;.att
	0x72, 0x69, 0x62, 0x75, 0x74, 0x65, 0x20, 0x76, 0x65, 0x63, 0x34, 0x20, 0x69, 0x5f, 0x64, 0x61, // ribute vec4 i_da
	0x74, 0x61, 0x30, 0x3b, 0x0a, 0x61, 0x74, 0x74, 0x72, 0x69, 0x62, 0x75, 0x74, 0x65, 0x20, 0x76, // ta0;.attribute v
	0x65, 0x63, 0x34, 0x20, 0x69, 0x5f, 0x64, 0x61, 0x74, 0x61, 0x31, 0x3b, 0x0a, 0x61, 0x74, 0x74, // ec4 i_data1;.att
	0x72, 0x69, 0x62, 0x75, 0x74, 0x65, 0x20, 0x76, 0x65, 0x63, 0x34, 0x20, 0x69, 0x5f, 0x64, 0x61, // ribute vec4 i_da
	0x74, 0x61, 0x32, 0x3b, 0x0a, 0x61, 0x74, 0x74, 0x72, 0x69, 0x62, 0x75, 0x74, 0x65, 0x20, 0x76, // ta2;.attribute v
	0x65, 0x63, 0x34, 0x20, 0x69, 0x5f, 0x64, 0x61, 0x74, 0x61, 0x33, 0x3b, 0x0a, 0x61, 0x74, 0x74, // ec4 i_data3;.att
	0x72, 0x69, 0x62, 0x75, 0x74, 0x65, 0x20, 0x76, 0x65, 0x63, 0x34, 0x20, 0x69, 0x5f, 0x64, 0x61, // ribute vec4 i_da
	0x74, 0x61, 0x34, 0x3b, 0x0a, 0x76, 0x61, 0x72, 0x79, 0x69, 0x6e, 0x67, 0x20, 0x66, 0x6c, 0x6f, // ta4;.varying flo
	0x61, 0x74, 0x20, 0x76, 0x5f, 0x61, 0x6c, 0x6f, 0x6e, 0x67, 0x3b, 0x0a, 0x76, 0x61, 0x72, 0x79, // at v_along;.vary
	0x69, 0x6e, 0x67, 0x20, 0x76, 0x65, 0x63, 0x34, 0x20, 0x76, 0x5f, 0x63, 0x6f, 0x6c, 0x6f, 0x72, // ing vec4 v_color
	0x3b, 0x0a, 0x76, 0x61, 0x72, 0x79, 0x69, 0x6e, 0x67, 0x20, 0x66, 0x6c, 0x6f, 0x61, 0x74, 0x20, // ;.varying float 
	0x76, 0x5f, 0x64, 0x65, 0x70, 0x74, 0x68, 0x3b, 0x0a, 0x76, 0x61, 0x72, 0x79, 0x69, 0x6e, 0x67, // v_depth;.varying
	0x20, 0x66, 0x6c, 0x6f, 0x61, 0x74, 0x20, 0x76, 0x5f, 0x65, 0x64, 0x67, 0x65, 0x3b, 0x0a, 0x75, //  float v_edge;.u
	0x6e, 0x69, 0x66, 0x6f, 0x72, 0x6d, 0x20, 0x6d, 0x61, 0x74, 0x34, 0x20, 0x75, 0x56, 0x69, 0x65, // niform mat4 uVie
	0x77, 0x3b, 0x0a, 0x75, 0x6e, 0x69, 0x66, 0x6f, 0x72, 0x6d, 0x20, 0x6d, 0x61, 0x74, 0x34, 0x20, // w;.uniform mat4 
	0x70, 0x72, 0x6f, 0x6a, 0x65, 0x63, 0x74, 0x69, 0x6f, 0x6e, 0x3b, 0x0a, 0x75, 0x6e, 0x69, 0x66, // projection;.unif
	0x6f, 0x72, 0x6d, 0x20, 0x76, 0x65, 0x63, 0x34, 0x20, 0x75, 0x45, 0x79, 0x65, 0x48, 0x69, 0x67, // orm vec4 uEyeHig
	0x68, 0x3b, 0x0a, 0x75, 0x6e, 0x69, 0x66, 0x6f, 0x72, 0x6d, 0x20, 0x76, 0x65, 0x63, 0x34, 0x20, // h;.uniform vec4 
	0x75, 0x45, 0x79, 0x65, 0x4c, 0x6f, 0x77, 0x3b, 0x0a, 0x75, 0x6e, 0x69, 0x66, 0x6f, 0x72, 0x6d, // uEyeLow;.uniform
	0x20, 0x76, 0x65, 0x63, 0x34, 0x20, 0x75, 0x4c, 0x61, 0x79, 0x65, 0x72, 0x4f, 0x66, 0x66, 0x73, //  vec4 uLayerOffs
	0x65, 0x74, 0x3b, 0x0a, 0x75, 0x6e, 0x69, 0x66, 0x6f, 0x72, 0x6d, 0x20, 0x76, 0x65, 0x63, 0x34, // et;.uniform vec4
	0x20, 0x75, 0x45, 0x64, 0x67, 0x65, 0x52, 0x69, 0x62, 0x62, 0x6f, 0x6e, 0x3b, 0x0a, 0x76, 0x6f, //  uEdgeRibbon;.vo
	0x69, 0x64, 0x20, 0x6d, 0x61, 0x69, 0x6e, 0x20, 0x28, 0x29, 0x0a, 0x7b, 0x0a, 0x20, 0x20, 0x76, // id main ().{.  v
	0x65, 0x63, 0x33, 0x20, 0x76, 0x69, 0x65, 0x77, 0x50, 0x6f, 0x73, 0x69, 0x74, 0x69, 0x6f, 0x6e, // ec3 viewPosition
	0x5f, 0x31, 0x3b, 0x0a, 0x20, 0x20, 0x76, 0x65, 0x63, 0x33, 0x20, 0x74, 0x6d, 0x70, 0x76, 0x61, // _1;.  vec3 tmpva
	0x72, 0x5f, 0x32, 0x3b, 0x0a, 0x20, 0x20, 0x74, 0x6d, 0x70, 0x76, 0x61, 0x72, 0x5f, 0x32, 0x20, // r_2;.  tmpvar_2 
	0x3d, 0x20, 0x28, 0x28, 0x69, 0x5f, 0x64, 0x61, 0x74, 0x61, 0x33, 0x2e, 0x78, 0x79, 0x7a, 0x20, // = ((i_data3.xyz 
	0x2d, 0x20, 0x75, 0x45, 0x79, 0x65, 0x48, 0x69, 0x67, 0x68, 0x2e, 0x78, 0x79, 0x7a, 0x29, 0x20, // - uEyeHigh.xyz) 
	0x2b, 0x20, 0x28, 0x69, 0x5f, 0x64, 0x61, 0x74, 0x61, 0x34, 0x2e, 0x78, 0x79, 0x7a, 0x20, 0x2d, // + (i_data4.xyz -
	0x20, 0x75, 0x45, 0x79, 0x65, 0x4c, 0x6f, 0x77, 0x2e, 0x78, 0x79, 0x7a, 0x29, 0x29, 0x3b, 0x0a, //  uEyeLow.xyz));.
	0x20, 0x20, 0x76, 0x65, 0x63, 0x34, 0x20, 0x74, 0x6d, 0x70, 0x76, 0x61, 0x72, 0x5f, 0x33, 0x3b, //   vec4 tmpvar_3;
	0x0a, 0x20, 0x20, 0x74, 0x6d, 0x70, 0x76, 0x61, 0x72, 0x5f, 0x33, 0x2e, 0x77, 0x20, 0x3d, 0x20, // .  tmpvar_3.w = 
	0x31, 0x2e, 0x30, 0x3b, 0x0a, 0x20, 0x20, 0x74, 0x6d, 0x70, 0x76, 0x61, 0x72, 0x5f, 0x33, 0x2e, // 1.0;.  tmpvar_3.
	0x78, 0x79, 0x7a, 0x20, 0x3d, 0x20, 0x28, 0x28, 0x28, 0x0a, 0x20, 0x20, 0x20, 0x20, 0x28, 0x61, // xyz = (((.    (a
	0x5f, 0x70, 0x6f, 0x73, 0x69, 0x74, 0x69, 0x6f, 0x6e, 0x2e, 0x78, 0x20, 0x2a, 0x20, 0x69, 0x5f, // _position.x * i_
	0x64, 0x61, 0x74, 0x61, 0x30, 0x2e, 0x78, 0x79, 0x7a, 0x29, 0x0a, 0x20, 0x20, 0x20, 0x2b, 0x20, // data0.xyz).   + 
	0x0a, 0x20, 0x20, 0x20, 0x20, 0x28, 0x61, 0x5f, 0x70, 0x6f, 0x73, 0x69, 0x74, 0x69, 0x6f, 0x6e, // .    (a_position
	0x2e, 0x79, 0x20, 0x2a, 0x20, 0x69, 0x5f, 0x64, 0x61, 0x74, 0x61, 0x31, 0x2e, 0x78, 0x79, 0x7a, // .y * i_data1.xyz
	0x29, 0x0a, 0x20, 0x20, 0x29, 0x20, 0x2b, 0x20, 0x28, 0x61, 0x5f, 0x70, 0x6f, 0x73, 0x69, 0x74, // ).  ) + (a_posit
	0x69, 0x6f, 0x6e, 0x2e, 0x7a, 0x20, 0x2a, 0x20, 0x69, 0x5f, 0x64, 0x61, 0x74, 0x61, 0x32, 0x2e, // ion.z * i_data2.
	0x78, 0x79, 0x7a, 0x29, 0x29, 0x20, 0x2b, 0x20, 0x74, 0x6d, 0x70, 0x76, 0x61, 0x72, 0x5f, 0x32, // xyz)) + tmpvar_2
	0x29, 0x3b, 0x0a, 0x20, 0x20, 0x76, 0x65, 0x63, 0x33, 0x20, 0x74, 0x6d, 0x70, 0x76, 0x61, 0x72, // );.  vec3 tmpvar
	0x5f, 0x34, 0x3b, 0x0a, 0x20, 0x20, 0x74, 0x6d, 0x70, 0x76, 0x61, 0x72, 0x5f, 0x34, 0x20, 0x3d, // _4;.  tmpvar_4 =
	0x20, 0x28, 0x75, 0x56, 0x69, 0x65, 0x77, 0x20, 0x2a, 0x20, 0x74, 0x6d, 0x70, 0x76, 0x61, 0x72, //  (uView * tmpvar
	0x5f, 0x33, 0x29, 0x2e, 0x78, 0x79, 0x7a, 0x3b, 0x0a, 0x20, 0x20, 0x76, 0x65, 0x63, 0x34, 0x20, // _3).xyz;.  vec4 
	0x74, 0x6d, 0x70, 0x76, 0x61, 0x72, 0x5f, 0x35, 0x3b, 0x0a, 0x20, 0x20, 0x74, 0x6d, 0x70, 0x76, // tmpvar_5;.  tmpv
	0x61, 0x72, 0x5f, 0x35, 0x2e, 0x77, 0x20, 0x3d, 0x20, 0x31, 0x2e, 0x30, 0x3b, 0x0a, 0x20, 0x20, // ar_5.w = 1.0;.  
	0x74, 0x6d, 0x70, 0x76, 0x61, 0x72, 0x5f, 0x35, 0x2e, 0x78, 0x79, 0x7a, 0x20, 0x3d, 0x20, 0x28, // tmpvar_5.xyz = (
	0x28, 0x28, 0x0a, 0x20, 0x20, 0x20, 0x20, 0x28, 0x61, 0x5f, 0x6e, 0x6f, 0x72, 0x6d, 0x61, 0x6c, // ((.    (a_normal
	0x2e, 0x78, 0x20, 0x2a, 0x20, 0x69, 0x5f, 0x64, 0x61, 0x74, 0x61, 0x30, 0x2e, 0x78, 0x79, 0x7a, // .x * i_data0.xyz
	0x29, 0x0a, 0x20, 0x20, 0x20, 0x2b, 0x20, 0x0a, 0x20, 0x20, 0x20, 0x20, 0x28, 0x61, 0x5f, 0x6e, // ).   + .    (a_n
	0x6f, 0x72, 0x6d, 0x61, 0x6c, 0x2e, 0x79, 0x20, 0x2a, 0x20, 0x69, 0x5f, 0x64, 0x61, 0x74, 0x61, // ormal.y * i_data
	0x31, 0x2e, 0x78, 0x79, 0x7a, 0x29, 0x0a, 0x20, 0x20, 0x29, 0x20, 0x2b, 0x20, 0x28, 0x61, 0x5f, // 1.xyz).  ) + (a_
	0x6e, 0x6f, 0x72, 0x6d, 0x61, 0x6c, 0x2e, 0x7a, 0x20, 0x2a, 0x20, 0x69, 0x5f, 0x64, 0x61, 0x74, // normal.z * i_dat
	0x61, 0x32, 0x2e, 0x78, 0x79, 0x7a, 0x29, 0x29, 0x20, 0x2b, 0x20, 0x74, 0x6d, 0x70, 0x76, 0x61, // a2.xyz)) + tmpva
	0x72, 0x5f, 0x32, 0x29, 0x3b, 0x0a, 0x20, 0x20, 0x76, 0x65, 0x63, 0x33, 0x20, 0x74, 0x6d, 0x70, // r_2);.  vec3 tmp
	0x76, 0x61, 0x72, 0x5f, 0x36, 0x3b, 0x0a, 0x20, 0x20, 0x74, 0x6d, 0x70, 0x76, 0x61, 0x72, 0x5f, // var_6;.  tmpvar_
	0x36, 0x20, 0x3d, 0x20, 0x28, 0x75, 0x56, 0x69, 0x65, 0x77, 0x20, 0x2a, 0x20, 0x74, 0x6d, 0x70, // 6 = (uView * tmp
	0x76, 0x61, 0x72, 0x5f, 0x35, 0x29, 0x2e, 0x78, 0x79, 0x7a, 0x3b, 0x0a, 0x20, 0x20, 0x76, 0x65, // var_5).xyz;.  ve
	0x63, 0x32, 0x20, 0x74, 0x6d, 0x70, 0x76, 0x61, 0x72, 0x5f, 0x37, 0x3b, 0x0a, 0x20, 0x20, 0x74, // c2 tmpvar_7;.  t
	0x6d, 0x70, 0x76, 0x61, 0x72, 0x5f, 0x37, 0x20, 0x3d, 0x20, 0x28, 0x74, 0x6d, 0x70, 0x76, 0x61, // mpvar_7 = (tmpva
	0x72, 0x5f, 0x36, 0x2e, 0x78, 0x79, 0x20, 0x2d, 0x20, 0x74, 0x6d, 0x70, 0x76, 0x61, 0x72, 0x5f, // r_6.xy - tmpvar_
	0x34, 0x2e, 0x78, 0x79, 0x29, 0x3b, 0x0a, 0x20, 0x20, 0x76, 0x65, 0x63, 0x32, 0x20, 0x74, 0x6d, // 4.xy);.  vec2 tm
	0x70, 0x76, 0x61, 0x72, 0x5f, 0x38, 0x3b, 0x0a, 0x20, 0x20, 0x74, 0x6d, 0x70, 0x76, 0x61, 0x72, // pvar_8;.  tmpvar
	0x5f, 0x38, 0x20, 0x3d, 0x20, 0x28, 0x74, 0x6d, 0x70, 0x76, 0x61, 0x72, 0x5f, 0x37, 0x20, 0x2f, // _8 = (tmpvar_7 /
	0x20, 0x6d, 0x61, 0x78, 0x20, 0x28, 0x73, 0x71, 0x72, 0x74, 0x28, 0x0a, 0x20, 0x20, 0x20, 0x20, //  max (sqrt(.    
	0x64, 0x6f, 0x74, 0x20, 0x28, 0x74, 0x6d, 0x70, 0x76, 0x61, 0x72, 0x5f, 0x37, 0x2c, 0x20, 0x74, // dot (tmpvar_7, t
	0x6d, 0x70, 0x76, 0x61, 0x72, 0x5f, 0x37, 0x29, 0x0a, 0x20, 0x20, 0x29, 0x2c, 0x20, 0x31, 0x65, // mpvar_7).  ), 1e
	0x2d, 0x30, 0x36, 0x29, 0x29, 0x3b, 0x0a, 0x20, 0x20, 0x76, 0x65, 0x63, 0x32, 0x20, 0x74, 0x6d, // -06));.  vec2 tm
	0x70, 0x76, 0x61, 0x72, 0x5f, 0x39, 0x3b, 0x0a, 0x20, 0x20, 0x74, 0x6d, 0x70, 0x76, 0x61, 0x72, // pvar_9;.  tmpvar
	0x5f, 0x39, 0x2e, 0x78, 0x20, 0x3d, 0x20, 0x2d, 0x28, 0x74, 0x6d, 0x70, 0x76, 0x61, 0x72, 0x5f, // _9.x = -(tmpvar_
	0x38, 0x2e, 0x79, 0x29, 0x3b, 0x0a, 0x20, 0x20, 0x74, 0x6d, 0x70, 0x76, 0x61, 0x72, 0x5f, 0x39, // 8.y);.  tmpvar_9
	0x2e, 0x79, 0x20, 0x3d, 0x20, 0x74, 0x6d, 0x70, 0x76, 0x61, 0x72, 0x5f, 0x38, 0x2e, 0x78, 0x3b, // .y = tmpvar_8.x;
	0x0a, 0x20, 0x20, 0x76, 0x65, 0x63, 0x33, 0x20, 0x74, 0x6d, 0x70, 0x76, 0x61, 0x72, 0x5f, 0x31, // .  vec3 tmpvar_1
	0x30, 0x3b, 0x0a, 0x20, 0x20, 0x74, 0x6d, 0x70, 0x76, 0x61, 0x72, 0x5f, 0x31, 0x30, 0x20, 0x3d, // 0;.  tmpvar_10 =
	0x20, 0x6d, 0x69, 0x78, 0x20, 0x28, 0x74, 0x6d, 0x70, 0x76, 0x61, 0x72, 0x5f, 0x34, 0x2c, 0x20, //  mix (tmpvar_4, 
	0x74, 0x6d, 0x70, 0x76, 0x61, 0x72, 0x5f, 0x36, 0x2c, 0x20, 0x61, 0x5f, 0x70, 0x6f, 0x73, 0x69, // tmpvar_6, a_posi
	0x74, 0x69, 0x6f, 0x6e, 0x2e, 0x77, 0x29, 0x3b, 0x0a, 0x20, 0x20, 0x76, 0x69, 0x65, 0x77, 0x50, // tion.w);.  viewP
	0x6f, 0x73, 0x69, 0x74, 0x69, 0x6f, 0x6e, 0x5f, 0x31, 0x2e, 0x78, 0x79, 0x20, 0x3d, 0x20, 0x28, // osition_1.xy = (
	0x74, 0x6d, 0x70, 0x76, 0x61, 0x72, 0x5f, 0x31, 0x30, 0x2e, 0x78, 0x79, 0x20, 0x2b, 0x20, 0x28, // tmpvar_10.xy + (
	0x28, 0x74, 0x6d, 0x70, 0x76, 0x61, 0x72, 0x5f, 0x39, 0x20, 0x2a, 0x20, 0x75, 0x45, 0x64, 0x67, // (tmpvar_9 * uEdg
	0x65, 0x52, 0x69, 0x62, 0x62, 0x6f, 0x6e, 0x2e, 0x78, 0x29, 0x20, 0x2a, 0x20, 0x61, 0x5f, 0x6e, // eRibbon.x) * a_n
	0x6f, 0x72, 0x6d, 0x61, 0x6c, 0x2e, 0x77, 0x29, 0x29, 0x3b, 0x0a, 0x20, 0x20, 0x76, 0x69, 0x65, // ormal.w));.  vie
	0x77, 0x50, 0x6f, 0x73, 0x69, 0x74, 0x69, 0x6f, 0x6e, 0x5f, 0x31, 0x2e, 0x7a, 0x20, 0x3d, 0x20, // wPosition_1.z = 
	0x28, 0x74, 0x6d, 0x70, 0x76, 0x61, 0x72, 0x5f, 0x31, 0x30, 0x2e, 0x7a, 0x20, 0x2b, 0x20, 0x75, // (tmpvar_10.z + u
	0x4c, 0x61, 0x79, 0x65, 0x72, 0x4f, 0x66, 0x66, 0x73, 0x65, 0x74, 0x2e, 0x78, 0x29, 0x3b, 0x0a, // LayerOffset.x);.
	0x20, 0x20, 0x76, 0x65, 0x63, 0x33, 0x20, 0x74, 0x6d, 0x70, 0x76, 0x61, 0x72, 0x5f, 0x31, 0x31, //   vec3 tmpvar_11
	0x3b, 0x0a, 0x20, 0x20, 0x74, 0x6d, 0x70, 0x76, 0x61, 0x72, 0x5f, 0x31, 0x31, 0x2e, 0x78, 0x20, // ;.  tmpvar_11.x 
	0x3d, 0x20, 0x69, 0x5f, 0x64, 0x61, 0x74, 0x61, 0x30, 0x2e, 0x77, 0x3b, 0x0a, 0x20, 0x20, 0x74, // = i_data0.w;.  t
	0x6d, 0x70, 0x76, 0x61, 0x72, 0x5f, 0x31, 0x31, 0x2e, 0x79, 0x20, 0x3d, 0x20, 0x69, 0x5f, 0x64, // mpvar_11.y = i_d
	0x61, 0x74, 0x61, 0x31, 0x2e, 0x77, 0x3b, 0x0a, 0x20, 0x20, 0x74, 0x6d, 0x70, 0x76, 0x61, 0x72, // ata1.w;.  tmpvar
	0x5f, 0x31, 0x31, 0x2e, 0x7a, 0x20, 0x3d, 0x20, 0x69, 0x5f, 0x64, 0x61, 0x74, 0x61, 0x32, 0x2e, // _11.z = i_data2.
	0x77, 0x3b, 0x0a, 0x20, 0x20, 0x76, 0x65, 0x63, 0x34, 0x20, 0x74, 0x6d, 0x70, 0x76, 0x61, 0x72, // w;.  vec4 tmpvar
	0x5f, 0x31, 0x32, 0x3b, 0x0a, 0x20, 0x20, 0x74, 0x6d, 0x70, 0x76, 0x61, 0x72, 0x5f, 0x31, 0x32, // _12;.  tmpvar_12
	0x2e, 0x77, 0x20, 0x3d, 0x20, 0x31, 0x2e, 0x30, 0x3b, 0x0a, 0x20, 0x20, 0x74, 0x6d, 0x70, 0x76, // .w = 1.0;.  tmpv
	0x61, 0x72, 0x5f, 0x31, 0x32, 0x2e, 0x78, 0x79, 0x7a, 0x20, 0x3d, 0x20, 0x28, 0x74, 0x6d, 0x70, // ar_12.xyz = (tmp
	0x76, 0x61, 0x72, 0x5f, 0x31, 0x31, 0x20, 0x2a, 0x20, 0x30, 0x2e, 0x39, 0x29, 0x3b, 0x0a, 0x20, // var_11 * 0.9);. 
	0x20, 0x76, 0x5f, 0x63, 0x6f, 0x6c, 0x6f, 0x72, 0x20, 0x3d, 0x20, 0x74, 0x6d, 0x70, 0x76, 0x61, //  v_color = tmpva
	0x72, 0x5f, 0x31, 0x32, 0x3b, 0x0a, 0x20, 0x20, 0x76, 0x5f, 0x65, 0x64, 0x67, 0x65, 0x20, 0x3d, // r_12;.  v_edge =
	0x20, 0x61, 0x5f, 0x6e, 0x6f, 0x72, 0x6d, 0x61, 0x6c, 0x2e, 0x77, 0x3b, 0x0a, 0x20, 0x20, 0x76, //  a_normal.w;.  v
	0x5f, 0x64, 0x65, 0x70, 0x74, 0x68, 0x20, 0x3d, 0x20, 0x2d, 0x28, 0x76, 0x69, 0x65, 0x77, 0x50, // _depth = -(viewP
	0x6f, 0x73, 0x69, 0x74, 0x69, 0x6f, 0x6e, 0x5f, 0x31, 0x2e, 0x7a, 0x29, 0x3b, 0x0a, 0x20, 0x20, // osition_1.z);.  
	0x76, 0x5f, 0x61, 0x6c, 0x6f, 0x6e, 0x67, 0x20, 0x3d, 0x20, 0x61, 0x5f, 0x70, 0x6f, 0x73, 0x69, // v_along = a_posi
	0x74, 0x69, 0x6f, 0x6e, 0x2e, 0x77, 0x3b, 0x0a, 0x20, 0x20, 0x76, 0x65, 0x63, 0x34, 0x20, 0x74, // tion.w;.  vec4 t
	0x6d, 0x70, 0x76, 0x61, 0x72, 0x5f, 0x31, 0x33, 0x3b, 0x0a, 0x20, 0x20, 0x74, 0x6d, 0x70, 0x76, // mpvar_13;.  tmpv
	0x61, 0x72, 0x5f, 0x31, 0x33, 0x2e, 0x77, 0x20, 0x3d, 0x20, 0x31, 0x2e, 0x30, 0x3b, 0x0a, 0x20, // ar_13.w = 1.0;. 
	0x20, 0x74, 0x6d, 0x70, 0x76, 0x61, 0x72, 0x5f, 0x31, 0x33, 0x2e, 0x78, 0x79, 0x7a, 0x20, 0x3d, //  tmpvar_13.xyz =
	0x20, 0x76, 0x69, 0x65, 0x77, 0x50, 0x6f, 0x73, 0x69, 0x74, 0x69, 0x6f, 0x6e, 0x5f, 0x31, 0x3b, //  viewPosition_1;
	0x0a, 0x20, 0x20, 0x67, 0x6c, 0x5f, 0x50, 0x6f, 0x73, 0x69, 0x74, 0x69, 0x6f, 0x6e, 0x20, 0x3d, // .  gl_Position =
	0x20, 0x28, 0x70, 0x72, 0x6f, 0x6a, 0x65, 0x63, 0x74, 0x69, 0x6f, 0x6e, 0x20, 0x2a, 0x20, 0x74, //  (projection * t
	0x6d, 0x70, 0x76, 0x61, 0x72, 0x5f, 0x31, 0x33, 0x29, 0x3b, 0x0a, 0x7d, 0x0a, 0x0a, 0x00,       // mpvar_13);.}...
};

static const uint8_t vs_mesh_edge_ribbon_mtl[2247] =
{
	0x56, 0x53, 0x48, 0x0b, 0x00, 0x00, 0x00, 0x00, 0x91, 0x47, 0xdc, 0xdb, 0x06, 0x00, 0x08, 0x75, // VSH......G.....u
	0x45, 0x79, 0x65, 0x48, 0x69, 0x67, 0x68, 0x02, 0x01, 0x80, 0x00, 0x01, 0x00, 0x00, 0x00, 0x00, // EyeHigh.........
	0x00, 0x07, 0x75, 0x45, 0x79, 0x65, 0x4c, 0x6f, 0x77, 0x02, 0x01, 0x90, 0x00, 0x01, 0x00, 0x00, // ..uEyeLow.......
	0x00, 0x00, 0x00, 0x05, 0x75, 0x56, 0x69, 0x65, 0x77, 0x04, 0x01, 0x00, 0x00, 0x04, 0x00, 0x00, // ....uView.......
	0x00, 0x00, 0x00, 0x0b, 0x75, 0x45, 0x64, 0x67, 0x65, 0x52, 0x69, 0x62, 0x62, 0x6f, 0x6e, 0x02, // ....uEdgeRibbon.
	0x01, 0xb0, 0x00, 0x01, 0x00, 0x00, 0x00, 0x00, 0x00, 0x0c, 0x75, 0x4c, 0x61, 0x79, 0x65, 0x72, // ..........uLayer
	0x4f, 0x66, 0x66, 0x73, 0x65, 0x74, 0x02, 0x01, 0xa0, 0x00, 0x01, 0x00, 0x00, 0x00, 0x00, 0x00, // Offset..........
	0x0a, 0x70, 0x72, 0x6f, 0x6a, 0x65, 0x63, 0x74, 0x69, 0x6f, 0x6e, 0x04, 0x01, 0x40, 0x00, 0x04, // .projection..@..
	0x00, 0x00, 0x00, 0x00, 0x00, 0x2c, 0x08, 0x00, 0x00, 0x23, 0x69, 0x6e, 0x63, 0x6c, 0x75, 0x64, // .....,...#includ
	0x65, 0x20, 0x3c, 0x6d, 0x65, 0x74, 0x61, 0x6c, 0x5f, 0x73, 0x74, 0x64, 0x6c, 0x69, 0x62, 0x3e, // e <metal_stdlib>
	0x0a, 0x23, 0x69, 0x6e, 0x63, 0x6c, 0x75, 0x64, 0x65, 0x20, 0x3c, 0x73, 0x69, 0x6d, 0x64, 0x2f, // .#include <simd/
	0x73, 0x69, 0x6d, 0x64, 0x2e, 0x68, 0x3e, 0x0a, 0x0a, 0x75, 0x73, 0x69, 0x6e, 0x67, 0x20, 0x6e, // simd.h>..using n
	0x61, 0x6d, 0x65, 0x73, 0x70, 0x61, 0x63, 0x65, 0x20, 0x6d, 0x65, 0x74, 0x61, 0x6c, 0x3b, 0x0a, // amespace metal;.
	0x0a, 0x73, 0x74, 0x72, 0x75, 0x63, 0x74, 0x20, 0x5f, 0x47, 0x6c, 0x6f, 0x62, 0x61, 0x6c, 0x0a, // .struct _Global.
	0x7b, 0x0a, 0x20, 0x20, 0x20, 0x20, 0x66, 0x6c, 0x6f, 0x61, 0x74, 0x34, 0x78, 0x34, 0x20, 0x75, // {.    float4x4 u
	0x56, 0x69, 0x65, 0x77, 0x3b, 0x0a, 0x20, 0x20, 0x20, 0x20, 0x66, 0x6c, 0x6f, 0x61, 0x74, 0x34, // View;.    float4
	0x78, 0x34, 0x20, 0x70, 0x72, 0x6f, 0x6a, 0x65, 0x63, 0x74, 0x69, 0x6f, 0x6e, 0x3b, 0x0a, 0x20, // x4 projection;. 
	0x20, 0x20, 0x20, 0x66, 0x6c, 0x6f, 0x61, 0x74, 0x34, 0x20, 0x75, 0x45, 0x79, 0x65, 0x48, 0x69, //    float4 uEyeHi
	0x67, 0x68, 0x3b, 0x0a, 0x20, 0x20, 0x20, 0x20, 0x66, 0x6c, 0x6f, 0x61, 0x74, 0x34, 0x20, 0x75, // gh;.    float4 u
	0x45, 0x79, 0x65, 0x4c, 0x6f, 0x77, 0x3b, 0x0a, 0x20, 0x20, 0x20, 0x20, 0x66, 0x6c, 0x6f, 0x61, // EyeLow;.    floa
	0x74, 0x34, 0x20, 0x75, 0x4c, 0x61, 0x79, 0x65, 0x72, 0x4f, 0x66, 0x66, 0x73, 0x65, 0x74, 0x3b, // t4 uLayerOffset;
	0x0a, 0x20, 0x20, 0x20, 0x20, 0x66, 0x6c, 0x6f, 0x61, 0x74, 0x34, 0x20, 0x75, 0x45, 0x64, 0x67, // .    float4 uEdg
	0x65, 0x52, 0x69, 0x62, 0x62, 0x6f, 0x6e, 0x3b, 0x0a, 0x7d, 0x3b, 0x0a, 0x0a, 0x73, 0x74, 0x72, // eRibbon;.};..str
	0x75, 0x63, 0x74, 0x20, 0x78, 0x6c, 0x61, 0x74, 0x4d, 0x74, 0x6c, 0x4d, 0x61, 0x69, 0x6e, 0x5f, // uct xlatMtlMain_
	0x6f, 0x75, 0x74, 0x0a, 0x7b, 0x0a, 0x09, 0x66, 0x6c, 0x6f, 0x61, 0x74, 0x20, 0x62, 0x67, 0x66, // out.{..float bgf
	0x78, 0x5f, 0x6d, 0x65, 0x74, 0x61, 0x6c, 0x5f, 0x70, 0x6f, 0x69, 0x6e, 0x74, 0x53, 0x69, 0x7a, // x_metal_pointSiz
	0x65, 0x20, 0x5b, 0x5b, 0x70, 0x6f, 0x69, 0x6e, 0x74, 0x5f, 0x73, 0x69, 0x7a, 0x65, 0x5d, 0x5d, // e [[point_size]]
	0x20, 0x3d, 0x20, 0x31, 0x3b, 0x0a, 0x20, 0x20, 0x20, 0x20, 0x66, 0x6c, 0x6f, 0x61, 0x74, 0x20, //  = 1;.    float 
	0x5f, 0x65, 0x6e, 0x74, 0x72, 0x79, 0x50, 0x6f, 0x69, 0x6e, 0x74, 0x4f, 0x75, 0x74, 0x70, 0x75, // _entryPointOutpu
	0x74, 0x5f, 0x76, 0x5f, 0x61, 0x6c, 0x6f, 0x6e, 0x67, 0x20, 0x5b, 0x5b, 0x75, 0x73, 0x65, 0x72, // t_v_along [[user
	0x28, 0x6c, 0x6f, 0x63, 0x6e, 0x30, 0x29, 0x5d, 0x5d, 0x3b, 0x0a, 0x20, 0x20, 0x20, 0x20, 0x66, // (locn0)]];.    f
	0x6c, 0x6f, 0x61, 0x74, 0x34, 0x20, 0x5f, 0x65, 0x6e, 0x74, 0x72, 0x79, 0x50, 0x6f, 0x69, 0x6e, // loat4 _entryPoin
	0x74, 0x4f, 0x75, 0x74, 0x70, 0x75, 0x74, 0x5f, 0x76, 0x5f, 0x63, 0x6f, 0x6c, 0x6f, 0x72, 0x20, // tOutput_v_color 
	0x5b, 0x5b, 0x75, 0x73, 0x65, 0x72, 0x28, 0x6c, 0x6f, 0x63, 0x6e, 0x31, 0x29, 0x5d, 0x5d, 0x3b, // [[user(locn1)]];
	0x0a, 0x20, 0x20, 0x20, 0x20, 0x66, 0x6c, 0x6f, 0x61, 0x74, 0x20, 0x5f, 0x65, 0x6e, 0x74, 0x72, // .    float _entr
	0x79, 0x50, 0x6f, 0x69, 0x6e, 0x74, 0x4f, 0x75, 0x74, 0x70, 0x75, 0x74, 0x5f, 0x76, 0x5f, 0x64, // yPointOutput_v_d
	0x65, 0x70, 0x74, 0x68, 0x20, 0x5b, 0x5b, 0x75, 0x73, 0x65, 0x72, 0x28, 0x6c, 0x6f, 0x63, 0x6e, // epth [[user(locn
	0x32, 0x29, 0x5d, 0x5d, 0x3b, 0x0a, 0x20, 0x20, 0x20, 0x20, 0x66, 0x6c, 0x6f, 0x61, 0x74, 0x20, // 2)]];.    float 
	0x5f, 0x65, 0x6e, 0x74, 0x72, 0x79, 0x50, 0x6f, 0x69, 0x6e, 0x74, 0x4f, 0x75, 0x74, 0x70, 0x75, // _entryPointOutpu
	0x74, 0x5f, 0x76, 0x5f, 0x65, 0x64, 0x67, 0x65, 0x20, 0x5b, 0x5b, 0x75, 0x73, 0x65, 0x72, 0x28, // t_v_edge [[user(
	0x6c, 0x6f, 0x63, 0x6e, 0x33, 0x29, 0x5d, 0x5d, 0x3b, 0x0a, 0x20, 0x20, 0x20, 0x20, 0x66, 0x6c, // locn3)]];.    fl
	0x6f, 0x61, 0x74, 0x34, 0x20, 0x67, 0x6c, 0x5f, 0x50, 0x6f, 0x73, 0x69, 0x74, 0x69, 0x6f, 0x6e, // oat4 gl_Position
	0x20, 0x5b, 0x5b, 0x70, 0x6f, 0x73, 0x69, 0x74, 0x69, 0x6f, 0x6e, 0x5d, 0x5d, 0x3b, 0x0a, 0x7d, //  [[position]];.}
	0x3b, 0x0a, 0x0a, 0x73, 0x74, 0x72, 0x75, 0x63, 0x74, 0x20, 0x78, 0x6c, 0x61, 0x74, 0x4d, 0x74, // ;..struct xlatMt
	0x6c, 0x4d, 0x61, 0x69, 0x6e, 0x5f, 0x69, 0x6e, 0x0a, 0x7b, 0x0a, 0x20, 0x20, 0x20, 0x20, 0x66, // lMain_in.{.    f
	0x6c, 0x6f, 0x61, 0x74, 0x34, 0x20, 0x61, 0x5f, 0x6e, 0x6f, 0x72, 0x6d, 0x61, 0x6c, 0x20, 0x5b, // loat4 a_normal [
	0x5b, 0x61, 0x74, 0x74, 0x72, 0x69, 0x62, 0x75, 0x74, 0x65, 0x28, 0x30, 0x29, 0x5d, 0x5d, 0x3b, // [attribute(0)]];
	0x0a, 0x20, 0x20, 0x20, 0x20, 0x66, 0x6c, 0x6f, 0x61, 0x74, 0x34, 0x20, 0x61, 0x5f, 0x70, 0x6f, // .    float4 a_po
	0x73, 0x69, 0x74, 0x69, 0x6f, 0x6e, 0x20, 0x5b, 0x5b, 0x61, 0x74, 0x74, 0x72, 0x69, 0x62, 0x75, // sition [[attribu
	0x74, 0x65, 0x28, 0x31, 0x29, 0x5d, 0x5d, 0x3b, 0x0a, 0x20, 0x20, 0x20, 0x20, 0x66, 0x6c, 0x6f, // te(1)]];.    flo
	0x61, 0x74, 0x34, 0x20, 0x69, 0x5f, 0x64, 0x61, 0x74, 0x61, 0x30, 0x20, 0x5b, 0x5b, 0x61, 0x74, // at4 i_data0 [[at
	0x74, 0x72, 0x69, 0x62, 0x75, 0x74, 0x65, 0x28, 0x32, 0x29, 0x5d, 0x5d, 0x3b, 0x0a, 0x20, 0x20, // tribute(2)]];.  
	0x20, 0x20, 0x66, 0x6c, 0x6f, 0x61, 0x74, 0x34, 0x20, 0x69, 0x5f, 0x64, 0x61, 0x74, 0x61, 0x31, //   float4 i_data1
	0x20, 0x5b, 0x5b, 0x61, 0x74, 0x74, 0x72, 0x69, 0x62, 0x75, 0x74, 0x65, 0x28, 0x33, 0x29, 0x5d, //  [[attribute(3)]
	0x5d, 0x3b, 0x0a, 0x20, 0x20, 0x20, 0x20, 0x66, 0x6c, 0x6f, 0x61, 0x74, 0x34, 0x20, 0x69, 0x5f, // ];.    float4 i_
	0x64, 0x61, 0x74, 0x61, 0x32, 0x20, 0x5b, 0x5b, 0x61, 0x74, 0x74, 0x72, 0x69, 0x62, 0x75, 0x74, // data2 [[attribut
	0x65, 0x28, 0x34, 0x29, 0x5d, 0x5d, 0x3b, 0x0a, 0x20, 0x20, 0x20, 0x20, 0x66, 0x6c, 0x6f, 0x61, // e(4)]];.    floa
	0x74, 0x34, 0x20, 0x69, 0x5f, 0x64, 0x61, 0x74, 0x61, 0x33, 0x20, 0x5b, 0x5b, 0x61, 0x74, 0x74, // t4 i_data3 [[att
	0x72, 0x69, 0x62, 0x75, 0x74, 0x65, 0x28, 0x35, 0x29, 0x5d, 0x5d, 0x3b, 0x0a, 0x20, 0x20, 0x20, // ribute(5)]];.   
	0x20, 0x66, 0x6c, 0x6f, 0x61, 0x74, 0x34, 0x20, 0x69, 0x5f, 0x64, 0x61, 0x74, 0x61, 0x34, 0x20, //  float4 i_data4 
	0x5b, 0x5b, 0x61, 0x74, 0x74, 0x72, 0x69, 0x62, 0x75, 0x74, 0x65, 0x28, 0x36, 0x29, 0x5d, 0x5d, // [[attribute(6)]]
	0x3b, 0x0a, 0x7d, 0x3b, 0x0a, 0x0a, 0x76, 0x65, 0x72, 0x74, 0x65, 0x78, 0x20, 0x78, 0x6c, 0x61, // ;.};..vertex xla
	0x74, 0x4d, 0x74, 0x6c, 0x4d, 0x61, 0x69, 0x6e, 0x5f, 0x6f, 0x75, 0x74, 0x20, 0x78, 0x6c, 0x61, // tMtlMain_out xla
	0x74, 0x4d, 0x74, 0x6c, 0x4d, 0x61, 0x69, 0x6e, 0x28, 0x78, 0x6c, 0x61, 0x74, 0x4d, 0x74, 0x6c, // tMtlMain(xlatMtl
	0x4d, 0x61, 0x69, 0x6e, 0x5f, 0x69, 0x6e, 0x20, 0x69, 0x6e, 0x20, 0x5b, 0x5b, 0x73, 0x74, 0x61, // Main_in in [[sta
	0x67, 0x65, 0x5f, 0x69, 0x6e, 0x5d, 0x5d, 0x2c, 0x20, 0x63, 0x6f, 0x6e, 0x73, 0x74, 0x61, 0x6e, // ge_in]], constan
	0x74, 0x20, 0x5f, 0x47, 0x6c, 0x6f, 0x62, 0x61, 0x6c, 0x26, 0x20, 0x5f, 0x6d, 0x74, 0x6c, 0x5f, // t _Global& _mtl_
	0x75, 0x20, 0x5b, 0x5b, 0x62, 0x75, 0x66, 0x66, 0x65, 0x72, 0x28, 0x30, 0x29, 0x5d, 0x5d, 0x29, // u [[buffer(0)]])
	0x0a, 0x7b, 0x0a, 0x20, 0x20, 0x20, 0x20, 0x78, 0x6c, 0x61, 0x74, 0x4d, 0x74, 0x6c, 0x4d, 0x61, // .{.    xlatMtlMa
	0x69, 0x6e, 0x5f, 0x6f, 0x75, 0x74, 0x20, 0x6f, 0x75, 0x74, 0x20, 0x3d, 0x20, 0x7b, 0x7d, 0x3b, // in_out out = {};
	0x0a, 0x20, 0x20, 0x20, 0x20, 0x66, 0x6c, 0x6f, 0x61, 0x74, 0x33, 0x20, 0x5f, 0x33, 0x32, 0x36, // .    float3 _326
	0x20, 0x3d, 0x20, 0x28, 0x69, 0x6e, 0x2e, 0x69, 0x5f, 0x64, 0x61, 0x74, 0x61, 0x33, 0x2e, 0x78, //  = (in.i_data3.x
	0x79, 0x7a, 0x20, 0x2d, 0x20, 0x5f, 0x6d, 0x74, 0x6c, 0x5f, 0x75, 0x2e, 0x75, 0x45, 0x79, 0x65, // yz - _mtl_u.uEye
	0x48, 0x69, 0x67, 0x68, 0x2e, 0x78, 0x79, 0x7a, 0x29, 0x20, 0x2b, 0x20, 0x28, 0x69, 0x6e, 0x2e, // High.xyz) + (in.
	0x69, 0x5f, 0x64, 0x61, 0x74, 0x61, 0x34, 0x2e, 0x78, 0x79, 0x7a, 0x20, 0x2d, 0x20, 0x5f, 0x6d, // i_data4.xyz - _m
	0x74, 0x6c, 0x5f, 0x75, 0x2e, 0x75, 0x45, 0x79, 0x65, 0x4c, 0x6f, 0x77, 0x2e, 0x78, 0x79, 0x7a, // tl_u.uEyeLow.xyz
	0x29, 0x3b, 0x0a, 0x20, 0x20, 0x20, 0x20, 0x66, 0x6c, 0x6f, 0x61, 0x74, 0x34, 0x20, 0x5f, 0x33, // );.    float4 _3
	0x37, 0x32, 0x20, 0x3d, 0x20, 0x5f, 0x6d, 0x74, 0x6c, 0x5f, 0x75, 0x2e, 0x75, 0x56, 0x69, 0x65, // 72 = _mtl_u.uVie
	0x77, 0x20, 0x2a, 0x20, 0x66, 0x6c, 0x6f, 0x61, 0x74, 0x34, 0x28, 0x28, 0x28, 0x28, 0x69, 0x6e, // w * float4((((in
	0x2e, 0x69, 0x5f, 0x64, 0x61, 0x74, 0x61, 0x30, 0x2e, 0x78, 0x79, 0x7a, 0x20, 0x2a, 0x20, 0x69, // .i_data0.xyz * i
	0x6e, 0x2e, 0x61, 0x5f, 0x70, 0x6f, 0x73, 0x69, 0x74, 0x69, 0x6f, 0x6e, 0x2e, 0x78, 0x29, 0x20, // n.a_position.x) 
	0x2b, 0x20, 0x28, 0x69, 0x6e, 0x2e, 0x69, 0x5f, 0x64, 0x61, 0x74, 0x61, 0x31, 0x2e, 0x78, 0x79, // + (in.i_data1.xy
	0x7a, 0x20, 0x2a, 0x20, 0x69, 0x6e, 0x2e, 0x61, 0x5f, 0x70, 0x6f, 0x73, 0x69, 0x74, 0x69, 0x6f, // z * in.a_positio
	0x6e, 0x2e, 0x79, 0x29, 0x29, 0x20, 0x2b, 0x20, 0x28, 0x69, 0x6e, 0x2e, 0x69, 0x5f, 0x64, 0x61, // n.y)) + (in.i_da
	0x74, 0x61, 0x32, 0x2e, 0x78, 0x79, 0x7a, 0x20, 0x2a, 0x20, 0x69, 0x6e, 0x2e, 0x61, 0x5f, 0x70, // ta2.xyz * in.a_p
	0x6f, 0x73, 0x69, 0x74, 0x69, 0x6f, 0x6e, 0x2e, 0x7a, 0x29, 0x29, 0x20, 0x2b, 0x20, 0x5f, 0x33, // osition.z)) + _3
	0x32, 0x36, 0x2c, 0x20, 0x31, 0x2e, 0x30, 0x29, 0x3b, 0x0a, 0x20, 0x20, 0x20, 0x20, 0x66, 0x6c, // 26, 1.0);.    fl
	0x6f, 0x61, 0x74, 0x34, 0x20, 0x5f, 0x33, 0x38, 0x31, 0x20, 0x3d, 0x20, 0x5f, 0x6d, 0x74, 0x6c, // oat4 _381 = _mtl
	0x5f, 0x75, 0x2e, 0x75, 0x56, 0x69, 0x65, 0x77, 0x20, 0x2a, 0x20, 0x66, 0x6c, 0x6f, 0x61, 0x74, // _u.uView * float
	0x34, 0x28, 0x28, 0x28, 0x28, 0x69, 0x6e, 0x2e, 0x69, 0x5f, 0x64, 0x61, 0x74, 0x61, 0x30, 0x2e, // 4((((in.i_data0.
	0x78, 0x79, 0x7a, 0x20, 0x2a, 0x20, 0x69, 0x6e, 0x2e, 0x61, 0x5f, 0x6e, 0x6f, 0x72, 0x6d, 0x61, // xyz * in.a_norma
	0x6c, 0x2e, 0x78, 0x29, 0x20, 0x2b, 0x20, 0x28, 0x69, 0x6e, 0x2e, 0x69, 0x5f, 0x64, 0x61, 0x74, // l.x) + (in.i_dat
	0x61, 0x31, 0x2e, 0x78, 0x79, 0x7a, 0x20, 0x2a, 0x20, 0x69, 0x6e, 0x2e, 0x61, 0x5f, 0x6e, 0x6f, // a1.xyz * in.a_no
	0x72, 0x6d, 0x61, 0x6c, 0x2e, 0x79, 0x29, 0x29, 0x20, 0x2b, 0x20, 0x28, 0x69, 0x6e, 0x2e, 0x69, // rmal.y)) + (in.i
	0x5f, 0x64, 0x61, 0x74, 0x61, 0x32, 0x2e, 0x78, 0x79, 0x7a, 0x20, 0x2a, 0x20, 0x69, 0x6e, 0x2e, // _data2.xyz * in.
	0x61, 0x5f, 0x6e, 0x6f, 0x72, 0x6d, 0x61, 0x6c, 0x2e, 0x7a, 0x29, 0x29, 0x20, 0x2b, 0x20, 0x5f, // a_normal.z)) + _
	0x33, 0x32, 0x36, 0x2c, 0x20, 0x31, 0x2e, 0x30, 0x29, 0x3b, 0x0a, 0x20, 0x20, 0x20, 0x20, 0x66, // 326, 1.0);.    f
	0x6c, 0x6f, 0x61, 0x74, 0x32, 0x20, 0x5f, 0x33, 0x38, 0x37, 0x20, 0x3d, 0x20, 0x5f, 0x33, 0x38, // loat2 _387 = _38
	0x31, 0x2e, 0x78, 0x79, 0x20, 0x2d, 0x20, 0x5f, 0x33, 0x37, 0x32, 0x2e, 0x78, 0x79, 0x3b, 0x0a, // 1.xy - _372.xy;.
	0x20, 0x20, 0x20, 0x20, 0x66, 0x6c, 0x6f, 0x61, 0x74, 0x32, 0x20, 0x5f, 0x33, 0x39, 0x34, 0x20, //     float2 _394 
	0x3d, 0x20, 0x5f, 0x33, 0x38, 0x37, 0x20, 0x2f, 0x20, 0x66, 0x6c, 0x6f, 0x61, 0x74, 0x32, 0x28, // = _387 / float2(
	0x66, 0x61, 0x73, 0x74, 0x3a, 0x3a, 0x6d, 0x61, 0x78, 0x28, 0x6c, 0x65, 0x6e, 0x67, 0x74, 0x68, // fast::max(length
	0x28, 0x5f, 0x33, 0x38, 0x37, 0x29, 0x2c, 0x20, 0x39, 0x2e, 0x39, 0x39, 0x39, 0x39, 0x39, 0x39, // (_387), 9.999999
	0x39, 0x37, 0x34, 0x37, 0x35, 0x32, 0x34, 0x32, 0x37, 0x30, 0x37, 0x38, 0x37, 0x38, 0x33, 0x35, // 9747524270787835
	0x31, 0x32, 0x31, 0x31, 0x35, 0x34, 0x37, 0x38, 0x35, 0x65, 0x2d, 0x30, 0x37, 0x29, 0x29, 0x3b, // 121154785e-07));
	0x0a, 0x20, 0x20, 0x20, 0x20, 0x66, 0x6c, 0x6f, 0x61, 0x74, 0x33, 0x20, 0x5f, 0x34, 0x36, 0x35, // .    float3 _465
	0x20, 0x3d, 0x20, 0x6d, 0x69, 0x78, 0x28, 0x5f, 0x33, 0x37, 0x32, 0x2e, 0x78, 0x79, 0x7a, 0x2c, //  = mix(_372.xyz,
	0x20, 0x5f, 0x33, 0x38, 0x31, 0x2e, 0x78, 0x79, 0x7a, 0x2c, 0x20, 0x66, 0x6c, 0x6f, 0x61, 0x74, //  _381.xyz, float
	0x33, 0x28, 0x69, 0x6e, 0x2e, 0x61, 0x5f, 0x70, 0x6f, 0x73, 0x69, 0x74, 0x69, 0x6f, 0x6e, 0x2e, // 3(in.a_position.
	0x77, 0x29, 0x29, 0x3b, 0x0a, 0x20, 0x20, 0x20, 0x20, 0x66, 0x6c, 0x6f, 0x61, 0x74, 0x20, 0x5f, // w));.    float _
	0x34, 0x32, 0x37, 0x20, 0x3d, 0x20, 0x5f, 0x34, 0x36, 0x35, 0x2e, 0x7a, 0x20, 0x2b, 0x20, 0x5f, // 427 = _465.z + _
	0x6d, 0x74, 0x6c, 0x5f, 0x75, 0x2e, 0x75, 0x4c, 0x61, 0x79, 0x65, 0x72, 0x4f, 0x66, 0x66, 0x73, // mtl_u.uLayerOffs
	0x65, 0x74, 0x2e, 0x78, 0x3b, 0x0a, 0x20, 0x20, 0x20, 0x20, 0x6f, 0x75, 0x74, 0x2e, 0x67, 0x6c, // et.x;.    out.gl
	0x5f, 0x50, 0x6f, 0x73, 0x69, 0x74, 0x69, 0x6f, 0x6e, 0x20, 0x3d, 0x20, 0x5f, 0x6d, 0x74, 0x6c, // _Position = _mtl
	0x5f, 0x75, 0x2e, 0x70, 0x72, 0x6f, 0x6a, 0x65, 0x63, 0x74, 0x69, 0x6f, 0x6e, 0x20, 0x2a, 0x20, // _u.projection * 
	0x66, 0x6c, 0x6f, 0x61, 0x74, 0x34, 0x28, 0x5f, 0x34, 0x36, 0x35, 0x2e, 0x78, 0x79, 0x20, 0x2b, // float4(_465.xy +
	0x20, 0x28, 0x28, 0x66, 0x6c, 0x6f, 0x61, 0x74, 0x32, 0x28, 0x2d, 0x5f, 0x33, 0x39, 0x34, 0x2e, //  ((float2(-_394.
	0x79, 0x2c, 0x20, 0x5f, 0x33, 0x39, 0x34, 0x2e, 0x78, 0x29, 0x20, 0x2a, 0x20, 0x5f, 0x6d, 0x74, // y, _394.x) * _mt
	0x6c, 0x5f, 0x75, 0x2e, 0x75, 0x45, 0x64, 0x67, 0x65, 0x52, 0x69, 0x62, 0x62, 0x6f, 0x6e, 0x2e, // l_u.uEdgeRibbon.
	0x78, 0x29, 0x20, 0x2a, 0x20, 0x69, 0x6e, 0x2e, 0x61, 0x5f, 0x6e, 0x6f, 0x72, 0x6d, 0x61, 0x6c, // x) * in.a_normal
	0x2e, 0x77, 0x29, 0x2c, 0x20, 0x5f, 0x34, 0x32, 0x37, 0x2c, 0x20, 0x31, 0x2e, 0x30, 0x29, 0x3b, // .w), _427, 1.0);
	0x0a, 0x20, 0x20, 0x20, 0x20, 0x6f, 0x75, 0x74, 0x2e, 0x5f, 0x65, 0x6e, 0x74, 0x72, 0x79, 0x50, // .    out._entryP
	0x6f, 0x69, 0x6e, 0x74, 0x4f, 0x75, 0x74, 0x70, 0x75, 0x74, 0x5f, 0x76, 0x5f, 0x61, 0x6c, 0x6f, // ointOutput_v_alo
	0x6e, 0x67, 0x20, 0x3d, 0x20, 0x69, 0x6e, 0x2e, 0x61, 0x5f, 0x70, 0x6f, 0x73, 0x69, 0x74, 0x69, // ng = in.a_positi
	0x6f, 0x6e, 0x2e, 0x77, 0x3b, 0x0a, 0x20, 0x20, 0x20, 0x20, 0x6f, 0x75, 0x74, 0x2e, 0x5f, 0x65, // on.w;.    out._e
	0x6e, 0x74, 0x72, 0x79, 0x50, 0x6f, 0x69, 0x6e, 0x74, 0x4f, 0x75, 0x74, 0x70, 0x75, 0x74, 0x5f, // ntryPointOutput_
	0x76, 0x5f, 0x63, 0x6f, 0x6c, 0x6f, 0x72, 0x20, 0x3d, 0x20, 0x66, 0x6c, 0x6f, 0x61, 0x74, 0x34, // v_color = float4
	0x28, 0x66, 0x6c, 0x6f, 0x61, 0x74, 0x33, 0x28, 0x69, 0x6e, 0x2e, 0x69, 0x5f, 0x64, 0x61, 0x74, // (float3(in.i_dat
	0x61, 0x30, 0x2e, 0x77, 0x2c, 0x20, 0x69, 0x6e, 0x2e, 0x69, 0x5f, 0x64, 0x61, 0x74, 0x61, 0x31, // a0.w, in.i_data1
	0x2e, 0x77, 0x2c, 0x20, 0x69, 0x6e, 0x2e, 0x69, 0x5f, 0x64, 0x61, 0x74, 0x61, 0x32, 0x2e, 0x77, // .w, in.i_data2.w
	0x29, 0x20, 0x2a, 0x20, 0x30, 0x2e, 0x38, 0x39, 0x39, 0x39, 0x39, 0x39, 0x39, 0x37, 0x36, 0x31, // ) * 0.8999999761
	0x35, 0x38, 0x31, 0x34, 0x32, 0x30, 0x38, 0x39, 0x38, 0x34, 0x33, 0x37, 0x35, 0x2c, 0x20, 0x31, // 5814208984375, 1
	0x2e, 0x30, 0x29, 0x3b, 0x0a, 0x20, 0x20, 0x20, 0x20, 0x6f, 0x75, 0x74, 0x2e, 0x5f, 0x65, 0x6e, // .0);.    out._en
	0x74, 0x72, 0x79, 0x50, 0x6f, 0x69, 0x6e, 0x74, 0x4f, 0x75, 0x74, 0x70, 0x75, 0x74, 0x5f, 0x76, // tryPointOutput_v
	0x5f, 0x64, 0x65, 0x70, 0x74, 0x68, 0x20, 0x3d, 0x20, 0x2d, 0x5f, 0x34, 0x32, 0x37, 0x3b, 0x0a, // _depth = -_427;.
	0x20, 0x20, 0x20, 0x20, 0x6f, 0x75, 0x74, 0x2e, 0x5f, 0x65, 0x6e, 0x74, 0x72, 0x79, 0x50, 0x6f, //     out._entryPo
	0x69, 0x6e, 0x74, 0x4f, 0x75, 0x74, 0x70, 0x75, 0x74, 0x5f, 0x76, 0x5f, 0x65, 0x64, 0x67, 0x65, // intOutput_v_edge
	0x20, 0x3d, 0x20, 0x69, 0x6e, 0x2e, 0x61, 0x5f, 0x6e, 0x6f, 0x72, 0x6d, 0x61, 0x6c, 0x2e, 0x77, //  = in.a_normal.w
	0x3b, 0x0a, 0x20, 0x20, 0x20, 0x20, 0x72, 0x65, 0x74, 0x75, 0x72, 0x6e, 0x20, 0x6f, 0x75, 0x74, // ;.    return out
	0x3b, 0x0a, 0x7d, 0x0a, 0x0a, 0x00, 0x07, 0x02, 0x00, 0x01, 0x00, 0xff, 0xff, 0xff, 0xff, 0xff, // ;.}.............
	0xff, 0xff, 0xff, 0xff, 0xff, 0xc0, 0x00,                                                       // .......
};

static const uint8_t vs_mesh_edge_ribbon_essl[3055] =
{
	0x56, 0x53, 0x48, 0x0b, 0x00, 0x00, 0x00, 0x00, 0x91, 0x47, 0xdc, 0xdb, 0x00, 0x00, 0xdc, 0x0b, // VSH......G......
	0x00, 0x00, 0x23, 0x76, 0x65, 0x72, 0x73, 0x69, 0x6f, 0x6e, 0x20, 0x33, 0x32, 0x30, 0x20, 0x65, // ..#version 320 e
	0x73, 0x0a, 0x23, 0x64, 0x65, 0x66, 0x69, 0x6e, 0x65, 0x20, 0x61, 0x74, 0x74, 0x72, 0x69, 0x62, // s.#define attrib
	0x75, 0x74, 0x65, 0x20, 0x69, 0x6e, 0x0a, 0x23, 0x64, 0x65, 0x66, 0x69, 0x6e, 0x65, 0x20, 0x76, // ute in.#define v
	0x61, 0x72, 0x79, 0x69, 0x6e, 0x67, 0x20, 0x6f, 0x75, 0x74, 0x0a, 0x70, 0x72, 0x65, 0x63, 0x69, // arying out.preci
	0x73, 0x69, 0x6f, 0x6e, 0x20, 0x68, 0x69, 0x67, 0x68, 0x70, 0x20, 0x66, 0x6c, 0x6f, 0x61, 0x74, // sion highp float
	0x3b, 0x0a, 0x70, 0x72, 0x65, 0x63, 0x69, 0x73, 0x69, 0x6f, 0x6e, 0x20, 0x68, 0x69, 0x67, 0x68, // ;.precision high
	0x70, 0x20, 0x69, 0x6e, 0x74, 0x3b, 0x0a, 0x23, 0x64, 0x65, 0x66, 0x69, 0x6e, 0x65, 0x20, 0x73, // p int;.#define s
	0x68, 0x61, 0x64, 0x6f, 0x77, 0x32, 0x44, 0x28, 0x5f, 0x73, 0x61, 0x6d, 0x70, 0x6c, 0x65, 0x72, // hadow2D(_sampler
	0x2c, 0x20, 0x5f, 0x63, 0x6f, 0x6f, 0x72, 0x64, 0x29, 0x20, 0x74, 0x65, 0x78, 0x74, 0x75, 0x72, // , _coord) textur
	0x65, 0x28, 0x5f, 0x73, 0x61, 0x6d, 0x70, 0x6c, 0x65, 0x72, 0x2c, 0x20, 0x5f, 0x63, 0x6f, 0x6f, // e(_sampler, _coo
	0x72, 0x64, 0x29, 0x0a, 0x23, 0x64, 0x65, 0x66, 0x69, 0x6e, 0x65, 0x20, 0x73, 0x68, 0x61, 0x64, // rd).#define shad
	0x6f, 0x77, 0x32, 0x44, 0x50, 0x72, 0x6f, 0x6a, 0x28, 0x5f, 0x73, 0x61, 0x6d, 0x70, 0x6c, 0x65, // ow2DProj(_sample
	0x72, 0x2c, 0x20, 0x5f, 0x63, 0x6f, 0x6f, 0x72, 0x64, 0x29, 0x20, 0x74, 0x65, 0x78, 0x74, 0x75, // r, _coord) textu
	0x72, 0x65, 0x50, 0x72, 0x6f, 0x6a, 0x28, 0x5f, 0x73, 0x61, 0x6d, 0x70, 0x6c, 0x65, 0x72, 0x2c, // reProj(_sampler,
	0x20, 0x5f, 0x63, 0x6f, 0x6f, 0x72, 0x64, 0x29, 0x0a, 0x61, 0x74, 0x74, 0x72, 0x69, 0x62, 0x75, //  _coord).attribu
	0x74, 0x65, 0x20, 0x76, 0x65, 0x63, 0x34, 0x20, 0x61, 0x5f, 0x6e, 0x6f, 0x72, 0x6d, 0x61, 0x6c, // te vec4 a_normal
	0x3b, 0x0a, 0x61, 0x74, 0x74, 0x72, 0x69, 0x62, 0x75, 0x74, 0x65, 0x20, 0x76, 0x65, 0x63, 0x34, // ;.attribute vec4
	0x20, 0x61, 0x5f, 0x70, 0x6f, 0x73, 0x69, 0x74, 0x69, 0x6f, 0x6e, 0x3b, 0x0a, 0x61, 0x74, 0x74, //  a_position;.att
	0x72, 0x69, 0x62, 0x75, 0x74, 0x65, 0x20, 0x76, 0x65, 0x63, 0x34, 0x20, 0x69, 0x5f, 0x64, 0x61, // ribute vec4 i_da
	0x74, 0x61, 0x30, 0x3b, 0x0a, 0x61, 0x74, 0x74, 0x72, 0x69, 0x62, 0x75, 0x74, 0x65, 0x20, 0x76, // ta0;.attribute v
	0x65, 0x63, 0x34, 0x20, 0x69, 0x5f, 0x64, 0x61, 0x74, 0x61, 0x31, 0x3b, 0x0a, 0x61, 0x74, 0x74, // ec4 i_data1;.att
	0x72, 0x69, 0x62, 0x75, 0x74, 0x65, 0x20, 0x76, 0x65, 0x63, 0x34, 0x20, 0x69, 0x5f, 0x64, 0x61, // ribute vec4 i_da
	0x74, 0x61, 0x32, 0x3b, 0x0a, 0x61, 0x74, 0x74, 0x72, 0x69, 0x62, 0x75, 0x74, 0x65, 0x20, 0x76, // ta2;.attribute v
	0x65, 0x63, 0x34, 0x20, 0x69, 0x5f, 0x64, 0x61, 0x74, 0x61, 0x33, 0x3b, 0x0a, 0x61, 0x74, 0x74, // ec4 i_data3;.att
	0x72, 0x69, 0x62, 0x75, 0x74, 0x65, 0x20, 0x76, 0x65, 0x63, 0x34, 0x20, 0x69, 0x5f, 0x64, 0x61, // ribute vec4 i_da
	0x74, 0x61, 0x34, 0x3b, 0x0a, 0x76, 0x61, 0x72, 0x79, 0x69, 0x6e, 0x67, 0x20, 0x66, 0x6c, 0x6f, // ta4;.varying flo
	0x61, 0x74, 0x20, 0x76, 0x5f, 0x61, 0x6c, 0x6f, 0x6e, 0x67, 0x3b, 0x0a, 0x76, 0x61, 0x72, 0x79, // at v_along;.vary
	0x69, 0x6e, 0x67, 0x20, 0x76, 0x65, 0x63, 0x34, 0x20, 0x76, 0x5f, 0x63, 0x6f, 0x6c, 0x6f, 0x72, // ing vec4 v_color
	0x3b, 0x0a, 0x76, 0x61, 0x72, 0x79, 0x69, 0x6e, 0x67, 0x20, 0x66, 0x6c, 0x6f, 0x61, 0x74, 0x20, // ;.varying float 
	0x76, 0x5f, 0x64, 0x65, 0x70, 0x74, 0x68, 0x3b, 0x0a, 0x76, 0x61, 0x72, 0x79, 0x69, 0x6e, 0x67, // v_depth;.varying
	0x20, 0x66, 0x6c, 0x6f, 0x61, 0x74, 0x20, 0x76, 0x5f, 0x65, 0x64, 0x67, 0x65, 0x3b, 0x0a, 0x76, //  float v_edge;.v
	0x65, 0x63, 0x33, 0x20, 0x69, 0x6e, 0x73, 0x74, 0x4d, 0x75, 0x6c, 0x28, 0x76, 0x65, 0x63, 0x33, // ec3 instMul(vec3
	0x20, 0x5f, 0x76, 0x65, 0x63, 0x2c, 0x20, 0x6d, 0x61, 0x74, 0x33, 0x20, 0x5f, 0x6d, 0x74, 0x78, //  _vec, mat3 _mtx
	0x29, 0x20, 0x7b, 0x20, 0x72, 0x65, 0x74, 0x75, 0x72, 0x6e, 0x20, 0x28, 0x20, 0x28, 0x5f, 0x76, // ) { return ( (_v
	0x65, 0x63, 0x29, 0x20, 0x2a, 0x20, 0x28, 0x5f, 0x6d, 0x74, 0x78, 0x29, 0x20, 0x29, 0x3b, 0x20, // ec) * (_mtx) ); 
	0x7d, 0x0a, 0x76, 0x65, 0x63, 0x33, 0x20, 0x69, 0x6e, 0x73, 0x74, 0x4d, 0x75, 0x6c, 0x28, 0x6d, // }.vec3 instMul(m
	0x61, 0x74, 0x33, 0x20, 0x5f, 0x6d, 0x74, 0x78, 0x2c, 0x20, 0x76, 0x65, 0x63, 0x33, 0x20, 0x5f, // at3 _mtx, vec3 _
	0x76, 0x65, 0x63, 0x29, 0x20, 0x7b, 0x20, 0x72, 0x65, 0x74, 0x75, 0x72, 0x6e, 0x20, 0x28, 0x20, // vec) { return ( 
	0x28, 0x5f, 0x6d, 0x74, 0x78, 0x29, 0x20, 0x2a, 0x20, 0x28, 0x5f, 0x76, 0x65, 0x63, 0x29, 0x20, // (_mtx) * (_vec) 
	0x29, 0x3b, 0x20, 0x7d, 0x0a, 0x76, 0x65, 0x63, 0x34, 0x20, 0x69, 0x6e, 0x73, 0x74, 0x4d, 0x75, // ); }.vec4 instMu
	0x6c, 0x28, 0x76, 0x65, 0x63, 0x34, 0x20, 0x5f, 0x76, 0x65, 0x63, 0x2c, 0x20, 0x6d, 0x61, 0x74, // l(vec4 _vec, mat
	0x34, 0x20, 0x5f, 0x6d, 0x74, 0x78, 0x29, 0x20, 0x7b, 0x20, 0x72, 0x65, 0x74, 0x75, 0x72, 0x6e, // 4 _mtx) { return
	0x20, 0x28, 0x20, 0x28, 0x5f, 0x76, 0x65, 0x63, 0x29, 0x20, 0x2a, 0x20, 0x28, 0x5f, 0x6d, 0x74, //  ( (_vec) * (_mt
	0x78, 0x29, 0x20, 0x29, 0x3b, 0x20, 0x7d, 0x0a, 0x76, 0x65, 0x63, 0x34, 0x20, 0x69, 0x6e, 0x73, // x) ); }.vec4 ins
	0x74, 0x4d, 0x75, 0x6c, 0x28, 0x6d, 0x61, 0x74, 0x34, 0x20, 0x5f, 0x6d, 0x74, 0x78, 0x2c, 0x20, // tMul(mat4 _mtx, 
	0x76, 0x65, 0x63, 0x34, 0x20, 0x5f, 0x76, 0x65, 0x63, 0x29, 0x20, 0x7b, 0x20, 0x72, 0x65, 0x74, // vec4 _vec) { ret
	0x75, 0x72, 0x6e, 0x20, 0x28, 0x20, 0x28, 0x5f, 0x6d, 0x74, 0x78, 0x29, 0x20, 0x2a, 0x20, 0x28, // urn ( (_mtx) * (
	0x5f, 0x76, 0x65, 0x63, 0x29, 0x20, 0x29, 0x3b, 0x20, 0x7d, 0x0a, 0x66, 0x6c, 0x6f, 0x61, 0x74, // _vec) ); }.float
	0x20, 0x72, 0x63, 0x70, 0x28, 0x66, 0x6c, 0x6f, 0x61, 0x74, 0x20, 0x5f, 0x61, 0x29, 0x20, 0x7b, //  rcp(float _a) {
	0x20, 0x72, 0x65, 0x74, 0x75, 0x72, 0x6e, 0x20, 0x31, 0x2e, 0x30, 0x2f, 0x5f, 0x61, 0x3b, 0x20, //  return 1.0/_a; 
	0x7d, 0x0a, 0x76, 0x65, 0x63, 0x32, 0x20, 0x72, 0x63, 0x70, 0x28, 0x76, 0x65, 0x63, 0x32, 0x20, // }.vec2 rcp(vec2 
	0x5f, 0x61, 0x29, 0x20, 0x7b, 0x20, 0x72, 0x65, 0x74, 0x75, 0x72, 0x6e, 0x20, 0x76, 0x65, 0x63, // _a) { return vec
	0x32, 0x28, 0x31, 0x2e, 0x30, 0x29, 0x2f, 0x5f, 0x61, 0x3b, 0x20, 0x7d, 0x0a, 0x76, 0x65, 0x63, // 2(1.0)/_a; }.vec
	0x33, 0x20, 0x72, 0x63, 0x70, 0x28, 0x76, 0x65, 0x63, 0x33, 0x20, 0x5f, 0x61, 0x29, 0x20, 0x7b, // 3 rcp(vec3 _a) {
	0x20, 0x72, 0x65, 0x74, 0x75, 0x72, 0x6e, 0x20, 0x76, 0x65, 0x63, 0x33, 0x28, 0x31, 0x2e, 0x30, //  return vec3(1.0
	0x29, 0x2f, 0x5f, 0x61, 0x3b, 0x20, 0x7d, 0x0a, 0x76, 0x65, 0x63, 0x34, 0x20, 0x72, 0x63, 0x70, // )/_a; }.vec4 rcp
	0x28, 0x76, 0x65, 0x63, 0x34, 0x20, 0x5f, 0x61, 0x29, 0x20, 0x7b, 0x20, 0x72, 0x65, 0x74, 0x75, // (vec4 _a) { retu
	0x72, 0x6e, 0x20, 0x76, 0x65, 0x63, 0x34, 0x28, 0x31, 0x2e, 0x30, 0x29, 0x2f, 0x5f, 0x61, 0x3b, // rn vec4(1.0)/_a;
	0x20, 0x7d, 0x0a, 0x76, 0x65, 0x63, 0x32, 0x20, 0x76, 0x65, 0x63, 0x32, 0x5f, 0x73, 0x70, 0x6c, //  }.vec2 vec2_spl
	0x61, 0x74, 0x28, 0x66, 0x6c, 0x6f, 0x61, 0x74, 0x20, 0x5f, 0x78, 0x29, 0x20, 0x7b, 0x20, 0x72, // at(float _x) { r
	0x65, 0x74, 0x75, 0x72, 0x6e, 0x20, 0x76, 0x65, 0x63, 0x32, 0x28, 0x5f, 0x78, 0x2c, 0x20, 0x5f, // eturn vec2(_x, _
	0x78, 0x29, 0x3b, 0x20, 0x7d, 0x0a, 0x76, 0x65, 0x63, 0x33, 0x20, 0x76, 0x65, 0x63, 0x33, 0x5f, // x); }.vec3 vec3_
	0x73, 0x70, 0x6c, 0x61, 0x74, 0x28, 0x66, 0x6c, 0x6f, 0x61, 0x74, 0x20, 0x5f, 0x78, 0x29, 0x20, // splat(float _x) 
	0x7b, 0x20, 0x72, 0x65, 0x74, 0x75, 0x72, 0x6e, 0x20, 0x76, 0x65, 0x63, 0x33, 0x28, 0x5f, 0x78, // { return vec3(_x
	0x2c, 0x20, 0x5f, 0x78, 0x2c, 0x20, 0x5f, 0x78, 0x29, 0x3b, 0x20, 0x7d, 0x0a, 0x76, 0x65, 0x63, // , _x, _x); }.vec
	0x34, 0x20, 0x76, 0x65, 0x63, 0x34, 0x5f, 0x73, 0x70, 0x6c, 0x61, 0x74, 0x28, 0x66, 0x6c, 0x6f, // 4 vec4_splat(flo
	0x61, 0x74, 0x20, 0x5f, 0x78, 0x29, 0x20, 0x7b, 0x20, 0x72, 0x65, 0x74, 0x75, 0x72, 0x6e, 0x20, // at _x) { return 
	0x76, 0x65, 0x63, 0x34, 0x28, 0x5f, 0x78, 0x2c, 0x20, 0x5f, 0x78, 0x2c, 0x20, 0x5f, 0x78, 0x2c, // vec4(_x, _x, _x,
	0x20, 0x5f, 0x78, 0x29, 0x3b, 0x20, 0x7d, 0x0a, 0x75, 0x76, 0x65, 0x63, 0x32, 0x20, 0x75, 0x76, //  _x); }.uvec2 uv
	0x65, 0x63, 0x32, 0x5f, 0x73, 0x70, 0x6c, 0x61, 0x74, 0x28, 0x75, 0x69, 0x6e, 0x74, 0x20, 0x5f, // ec2_splat(uint _
	0x78, 0x29, 0x20, 0x7b, 0x20, 0x72, 0x65, 0x74, 0x75, 0x72, 0x6e, 0x20, 0x75, 0x76, 0x65, 0x63, // x) { return uvec
	0x32, 0x28, 0x5f, 0x78, 0x2c, 0x20, 0x5f, 0x78, 0x29, 0x3b, 0x20, 0x7d, 0x0a, 0x75, 0x76, 0x65, // 2(_x, _x); }.uve
	0x63, 0x33, 0x20, 0x75, 0x76, 0x65, 0x63, 0x33, 0x5f, 0x73, 0x70, 0x6c, 0x61, 0x74, 0x28, 0x75, // c3 uvec3_splat(u
	0x69, 0x6e, 0x74, 0x20, 0x5f, 0x78, 0x29, 0x20, 0x7b, 0x20, 0x72, 0x65, 0x74, 0x75, 0x72, 0x6e, // int _x) { return
	0x20, 0x75, 0x76, 0x65, 0x63, 0x33, 0x28, 0x5f, 0x78, 0x2c, 0x20, 0x5f, 0x78, 0x2c, 0x20, 0x5f, //  uvec3(_x, _x, _
	0x78, 0x29, 0x3b, 0x20, 0x7d, 0x0a, 0x75, 0x76, 0x65, 0x63, 0x34, 0x20, 0x75, 0x76, 0x65, 0x63, // x); }.uvec4 uvec
	0x34, 0x5f, 0x73, 0x70, 0x6c, 0x61, 0x74, 0x28, 0x75, 0x69, 0x6e, 0x74, 0x20, 0x5f, 0x78, 0x29, // 4_splat(uint _x)
	0x20, 0x7b, 0x20, 0x72, 0x65, 0x74, 0x75, 0x72, 0x6e, 0x20, 0x75, 0x76, 0x65, 0x63, 0x34, 0x28, //  { return uvec4(
	0x5f, 0x78, 0x2c, 0x20, 0x5f, 0x78, 0x2c, 0x20, 0x5f, 0x78, 0x2c, 0x20, 0x5f, 0x78, 0x29, 0x3b, // _x, _x, _x, _x);
	0x20, 0x7d, 0x0a, 0x6d, 0x61, 0x74, 0x34, 0x20, 0x6d, 0x74, 0x78, 0x46, 0x72, 0x6f, 0x6d, 0x52, //  }.mat4 mtxFromR
	0x6f, 0x77, 0x73, 0x28, 0x76, 0x65, 0x63, 0x34, 0x20, 0x5f, 0x30, 0x2c, 0x20, 0x76, 0x65, 0x63, // ows(vec4 _0, vec
	0x34, 0x20, 0x5f, 0x31, 0x2c, 0x20, 0x76, 0x65, 0x63, 0x34, 0x20, 0x5f, 0x32, 0x2c, 0x20, 0x76, // 4 _1, vec4 _2, v
	0x65, 0x63, 0x34, 0x20, 0x5f, 0x33, 0x29, 0x0a, 0x7b, 0x0a, 0x72, 0x65, 0x74, 0x75, 0x72, 0x6e, // ec4 _3).{.return
	0x20, 0x74, 0x72, 0x61, 0x6e, 0x73, 0x70, 0x6f, 0x73, 0x65, 0x28, 0x6d, 0x61, 0x74, 0x34, 0x28, //  transpose(mat4(
	0x5f, 0x30, 0x2c, 0x20, 0x5f, 0x31, 0x2c, 0x20, 0x5f, 0x32, 0x2c, 0x20, 0x5f, 0x33, 0x29, 0x20, // _0, _1, _2, _3) 
	0x29, 0x3b, 0x0a, 0x7d, 0x0a, 0x6d, 0x61, 0x74, 0x34, 0x20, 0x6d, 0x74, 0x78, 0x46, 0x72, 0x6f, // );.}.mat4 mtxFro
	0x6d, 0x43, 0x6f, 0x6c, 0x73, 0x28, 0x76, 0x65, 0x63, 0x34, 0x20, 0x5f, 0x30, 0x2c, 0x20, 0x76, // mCols(vec4 _0, v
	0x65, 0x63, 0x34, 0x20, 0x5f, 0x31, 0x2c, 0x20, 0x76, 0x65, 0x63, 0x34, 0x20, 0x5f, 0x32, 0x2c, // ec4 _1, vec4 _2,
	0x20, 0x76, 0x65, 0x63, 0x34, 0x20, 0x5f, 0x33, 0x29, 0x0a, 0x7b, 0x0a, 0x72, 0x65, 0x74, 0x75, //  vec4 _3).{.retu
	0x72, 0x6e, 0x20, 0x6d, 0x61, 0x74, 0x34, 0x28, 0x5f, 0x30, 0x2c, 0x20, 0x5f, 0x31, 0x2c, 0x20, // rn mat4(_0, _1, 
	0x5f, 0x32, 0x2c, 0x20, 0x5f, 0x33, 0x29, 0x3b, 0x0a, 0x7d, 0x0a, 0x6d, 0x61, 0x74, 0x33, 0x20, // _2, _3);.}.mat3 
	0x6d, 0x74, 0x78, 0x46, 0x72, 0x6f, 0x6d, 0x52, 0x6f, 0x77, 0x73, 0x28, 0x76, 0x65, 0x63, 0x33, // mtxFromRows(vec3
	0x20, 0x5f, 0x30, 0x2c, 0x20, 0x76, 0x65, 0x63, 0x33, 0x20, 0x5f, 0x31, 0x2c, 0x20, 0x76, 0x65, //  _0, vec3 _1, ve
	0x63, 0x33, 0x20, 0x5f, 0x32, 0x29, 0x0a, 0x7b, 0x0a, 0x72, 0x65, 0x74, 0x75, 0x72, 0x6e, 0x20, // c3 _2).{.return 
	0x74, 0x72, 0x61, 0x6e, 0x73, 0x70, 0x6f, 0x73, 0x65, 0x28, 0x6d, 0x61, 0x74, 0x33, 0x28, 0x5f, // transpose(mat3(_
	0x30, 0x2c, 0x20, 0x5f, 0x31, 0x2c, 0x20, 0x5f, 0x32, 0x29, 0x20, 0x29, 0x3b, 0x0a, 0x7d, 0x0a, // 0, _1, _2) );.}.
	0x6d, 0x61, 0x74, 0x33, 0x20, 0x6d, 0x74, 0x78, 0x46, 0x72, 0x6f, 0x6d, 0x43, 0x6f, 0x6c, 0x73, // mat3 mtxFromCols
	0x28, 0x76, 0x65, 0x63, 0x33, 0x20, 0x5f, 0x30, 0x2c, 0x20, 0x76, 0x65, 0x63, 0x33, 0x20, 0x5f, // (vec3 _0, vec3 _
	0x31, 0x2c, 0x20, 0x76, 0x65, 0x63, 0x33, 0x20, 0x5f, 0x32, 0x29, 0x0a, 0x7b, 0x0a, 0x72, 0x65, // 1, vec3 _2).{.re
	0x74, 0x75, 0x72, 0x6e, 0x20, 0x6d, 0x61, 0x74, 0x33, 0x28, 0x5f, 0x30, 0x2c, 0x20, 0x5f, 0x31, // turn mat3(_0, _1
	0x2c, 0x20, 0x5f, 0x32, 0x29, 0x3b, 0x0a, 0x7d, 0x0a, 0x75, 0x6e, 0x69, 0x66, 0x6f, 0x72, 0x6d, // , _2);.}.uniform
	0x20, 0x76, 0x65, 0x63, 0x34, 0x20, 0x75, 0x5f, 0x76, 0x69, 0x65, 0x77, 0x52, 0x65, 0x63, 0x74, //  vec4 u_viewRect
	0x3b, 0x0a, 0x75, 0x6e, 0x69, 0x66, 0x6f, 0x72, 0x6d, 0x20, 0x76, 0x65, 0x63, 0x34, 0x20, 0x75, // ;.uniform vec4 u
	0x5f, 0x76, 0x69, 0x65, 0x77, 0x54, 0x65, 0x78, 0x65, 0x6c, 0x3b, 0x0a, 0x75, 0x6e, 0x69, 0x66, // _viewTexel;.unif
	0x6f, 0x72, 0x6d, 0x20, 0x6d, 0x61, 0x74, 0x34, 0x20, 0x75, 0x5f, 0x76, 0x69, 0x65, 0x77, 0x3b, // orm mat4 u_view;
	0x0a, 0x75, 0x6e, 0x69, 0x66, 0x6f, 0x72, 0x6d, 0x20, 0x6d, 0x61, 0x74, 0x34, 0x20, 0x75, 0x5f, // .uniform mat4 u_
	0x69, 0x6e, 0x76, 0x56, 0x69, 0x65, 0x77, 0x3b, 0x0a, 0x75, 0x6e, 0x69, 0x66, 0x6f, 0x72, 0x6d, // invView;.uniform
	0x20, 0x6d, 0x61, 0x74, 0x34, 0x20, 0x75, 0x5f, 0x70, 0x72, 0x6f, 0x6a, 0x3b, 0x0a, 0x75, 0x6e, //  mat4 u_proj;.un
	0x69, 0x66, 0x6f, 0x72, 0x6d, 0x20, 0x6d, 0x61, 0x74, 0x34, 0x20, 0x75, 0x5f, 0x69, 0x6e, 0x76, // iform mat4 u_inv
	0x50, 0x72, 0x6f, 0x6a, 0x3b, 0x0a, 0x75, 0x6e, 0x69, 0x66, 0x6f, 0x72, 0x6d, 0x20, 0x6d, 0x61, // Proj;.uniform ma
	0x74, 0x34, 0x20, 0x75, 0x5f, 0x76, 0x69, 0x65, 0x77, 0x50, 0x72, 0x6f, 0x6a, 0x3b, 0x0a, 0x75, // t4 u_viewProj;.u
	0x6e, 0x69, 0x66, 0x6f, 0x72, 0x6d, 0x20, 0x6d, 0x61, 0x74, 0x34, 0x20, 0x75, 0x5f, 0x69, 0x6e, // niform mat4 u_in
	0x76, 0x56, 0x69, 0x65, 0x77, 0x50, 0x72, 0x6f, 0x6a, 0x3b, 0x0a, 0x75, 0x6e, 0x69, 0x66, 0x6f, // vViewProj;.unifo
	0x72, 0x6d, 0x20, 0x6d, 0x61, 0x74, 0x34, 0x20, 0x75, 0x5f, 0x6d, 0x6f, 0x64, 0x65, 0x6c, 0x5b, // rm mat4 u_model[
	0x33, 0x32, 0x5d, 0x3b, 0x0a, 0x75, 0x6e, 0x69, 0x66, 0x6f, 0x72, 0x6d, 0x20, 0x6d, 0x61, 0x74, // 32];.uniform mat
	0x34, 0x20, 0x75, 0x5f, 0x6d, 0x6f, 0x64, 0x65, 0x6c, 0x56, 0x69, 0x65, 0x77, 0x3b, 0x0a, 0x75, // 4 u_modelView;.u
	0x6e, 0x69, 0x66, 0x6f, 0x72, 0x6d, 0x20, 0x6d, 0x61, 0x74, 0x34, 0x20, 0x75, 0x5f, 0x6d, 0x6f, // niform mat4 u_mo
	0x64, 0x65, 0x6c, 0x56, 0x69, 0x65, 0x77, 0x50, 0x72, 0x6f, 0x6a, 0x3b, 0x0a, 0x75, 0x6e, 0x69, // delViewProj;.uni
	0x66, 0x6f, 0x72, 0x6d, 0x20, 0x76, 0x65, 0x63, 0x34, 0x20, 0x75, 0x5f, 0x61, 0x6c, 0x70, 0x68, // form vec4 u_alph
	0x61, 0x52, 0x65, 0x66, 0x34, 0x3b, 0x0a, 0x75, 0x6e, 0x69, 0x66, 0x6f, 0x72, 0x6d, 0x20, 0x6d, // aRef4;.uniform m
	0x61, 0x74, 0x34, 0x20, 0x75, 0x56, 0x69, 0x65, 0x77, 0x3b, 0x0a, 0x75, 0x6e, 0x69, 0x66, 0x6f, // at4 uView;.unifo
	0x72, 0x6d, 0x20, 0x6d, 0x61, 0x74, 0x34, 0x20, 0x70, 0x72, 0x6f, 0x6a, 0x65, 0x63, 0x74, 0x69, // rm mat4 projecti
	0x6f, 0x6e, 0x3b, 0x0a, 0x75, 0x6e, 0x69, 0x66, 0x6f, 0x72, 0x6d, 0x20, 0x76, 0x65, 0x63, 0x34, // on;.uniform vec4
	0x20, 0x75, 0x45, 0x79, 0x65, 0x48, 0x69, 0x67, 0x68, 0x3b, 0x0a, 0x75, 0x6e, 0x69, 0x66, 0x6f, //  uEyeHigh;.unifo
	0x72, 0x6d, 0x20, 0x76, 0x65, 0x63, 0x34, 0x20, 0x75, 0x45, 0x79, 0x65, 0x4c, 0x6f, 0x77, 0x3b, // rm vec4 uEyeLow;
	0x0a, 0x75, 0x6e, 0x69, 0x66, 0x6f, 0x72, 0x6d, 0x20, 0x76, 0x65, 0x63, 0x34, 0x20, 0x75, 0x4c, // .uniform vec4 uL
	0x61, 0x79, 0x65, 0x72, 0x4f, 0x66, 0x66, 0x73, 0x65, 0x74, 0x3b, 0x0a, 0x75, 0x6e, 0x69, 0x66, // ayerOffset;.unif
	0x6f, 0x72, 0x6d, 0x20, 0x76, 0x65, 0x63, 0x34, 0x20, 0x75, 0x45, 0x64, 0x67, 0x65, 0x52, 0x69, // orm vec4 uEdgeRi
	0x62, 0x62, 0x6f, 0x6e, 0x3b, 0x0a, 0x76, 0x6f, 0x69, 0x64, 0x20, 0x6d, 0x61, 0x69, 0x6e, 0x28, // bbon;.void main(
	0x29, 0x0a, 0x7b, 0x0a, 0x76, 0x65, 0x63, 0x33, 0x20, 0x6f, 0x62, 0x6a, 0x65, 0x63, 0x74, 0x54, // ).{.vec3 objectT
	0x72, 0x61, 0x6e, 0x73, 0x6c, 0x61, 0x74, 0x69, 0x6f, 0x6e, 0x20, 0x3d, 0x0a, 0x28, 0x69, 0x5f, // ranslation =.(i_
	0x64, 0x61, 0x74, 0x61, 0x33, 0x2e, 0x78, 0x79, 0x7a, 0x20, 0x2d, 0x20, 0x75, 0x45, 0x79, 0x65, // data3.xyz - uEye
	0x48, 0x69, 0x67, 0x68, 0x2e, 0x78, 0x79, 0x7a, 0x29, 0x20, 0x2b, 0x20, 0x28, 0x69, 0x5f, 0x64, // High.xyz) + (i_d
	0x61, 0x74, 0x61, 0x34, 0x2e, 0x78, 0x79, 0x7a, 0x20, 0x2d, 0x20, 0x75, 0x45, 0x79, 0x65, 0x4c, // ata4.xyz - uEyeL
	0x6f, 0x77, 0x2e, 0x78, 0x79, 0x7a, 0x29, 0x3b, 0x0a, 0x76, 0x65, 0x63, 0x33, 0x20, 0x73, 0x74, // ow.xyz);.vec3 st
	0x61, 0x72, 0x74, 0x20, 0x3d, 0x0a, 0x61, 0x5f, 0x70, 0x6f, 0x73, 0x69, 0x74, 0x69, 0x6f, 0x6e, // art =.a_position
	0x2e, 0x78, 0x20, 0x2a, 0x20, 0x69, 0x5f, 0x64, 0x61, 0x74, 0x61, 0x30, 0x2e, 0x78, 0x79, 0x7a, // .x * i_data0.xyz
	0x20, 0x2b, 0x0a, 0x61, 0x5f, 0x70, 0x6f, 0x73, 0x69, 0x74, 0x69, 0x6f, 0x6e, 0x2e, 0x79, 0x20, //  +.a_position.y 
	0x2a, 0x20, 0x69, 0x5f, 0x64, 0x61, 0x74, 0x61, 0x31, 0x2e, 0x78, 0x79, 0x7a, 0x20, 0x2b, 0x0a, // * i_data1.xyz +.
	0x61, 0x5f, 0x70, 0x6f, 0x73, 0x69, 0x74, 0x69, 0x6f, 0x6e, 0x2e, 0x7a, 0x20, 0x2a, 0x20, 0x69, // a_position.z * i
	0x5f, 0x64, 0x61, 0x74, 0x61, 0x32, 0x2e, 0x78, 0x79, 0x7a, 0x20, 0x2b, 0x0a, 0x6f, 0x62, 0x6a, // _data2.xyz +.obj
	0x65, 0x63, 0x74, 0x54, 0x72, 0x61, 0x6e, 0x73, 0x6c, 0x61, 0x74, 0x69, 0x6f, 0x6e, 0x3b, 0x0a, // ectTranslation;.
	0x76, 0x65, 0x63, 0x33, 0x20, 0x65, 0x6e, 0x64, 0x20, 0x3d, 0x0a, 0x61, 0x5f, 0x6e, 0x6f, 0x72, // vec3 end =.a_nor
	0x6d, 0x61, 0x6c, 0x2e, 0x78, 0x20, 0x2a, 0x20, 0x69, 0x5f, 0x64, 0x61, 0x74, 0x61, 0x30, 0x2e, // mal.x * i_data0.
	0x78, 0x79, 0x7a, 0x20, 0x2b, 0x0a, 0x61, 0x5f, 0x6e, 0x6f, 0x72, 0x6d, 0x61, 0x6c, 0x2e, 0x79, // xyz +.a_normal.y
	0x20, 0x2a, 0x20, 0x69, 0x5f, 0x64, 0x61, 0x74, 0x61, 0x31, 0x2e, 0x78, 0x79, 0x7a, 0x20, 0x2b, //  * i_data1.xyz +
	0x0a, 0x61, 0x5f, 0x6e, 0x6f, 0x72, 0x6d, 0x61, 0x6c, 0x2e, 0x7a, 0x20, 0x2a, 0x20, 0x69, 0x5f, // .a_normal.z * i_
	0x64, 0x61, 0x74, 0x61, 0x32, 0x2e, 0x78, 0x79, 0x7a, 0x20, 0x2b, 0x0a, 0x6f, 0x62, 0x6a, 0x65, // data2.xyz +.obje
	0x63, 0x74, 0x54, 0x72, 0x61, 0x6e, 0x73, 0x6c, 0x61, 0x74, 0x69, 0x6f, 0x6e, 0x3b, 0x0a, 0x76, // ctTranslation;.v
	0x65, 0x63, 0x33, 0x20, 0x76, 0x69, 0x65, 0x77, 0x53, 0x74, 0x61, 0x72, 0x74, 0x20, 0x3d, 0x20, // ec3 viewStart = 
	0x28, 0x20, 0x28, 0x75, 0x56, 0x69, 0x65, 0x77, 0x29, 0x20, 0x2a, 0x20, 0x28, 0x76, 0x65, 0x63, // ( (uView) * (vec
	0x34, 0x28, 0x73, 0x74, 0x61, 0x72, 0x74, 0x2c, 0x20, 0x31, 0x2e, 0x30, 0x29, 0x29, 0x20, 0x29, // 4(start, 1.0)) )
	0x2e, 0x78, 0x79, 0x7a, 0x3b, 0x0a, 0x76, 0x65, 0x63, 0x33, 0x20, 0x76, 0x69, 0x65, 0x77, 0x45, // .xyz;.vec3 viewE
	0x6e, 0x64, 0x20, 0x3d, 0x20, 0x28, 0x20, 0x28, 0x75, 0x56, 0x69, 0x65, 0x77, 0x29, 0x20, 0x2a, // nd = ( (uView) *
	0x20, 0x28, 0x76, 0x65, 0x63, 0x34, 0x28, 0x65, 0x6e, 0x64, 0x2c, 0x20, 0x31, 0x2e, 0x30, 0x29, //  (vec4(end, 1.0)
	0x29, 0x20, 0x29, 0x2e, 0x78, 0x79, 0x7a, 0x3b, 0x0a, 0x76, 0x65, 0x63, 0x32, 0x20, 0x64, 0x65, // ) ).xyz;.vec2 de
	0x6c, 0x74, 0x61, 0x20, 0x3d, 0x20, 0x76, 0x69, 0x65, 0x77, 0x45, 0x6e, 0x64, 0x2e, 0x78, 0x79, // lta = viewEnd.xy
	0x20, 0x2d, 0x20, 0x76, 0x69, 0x65, 0x77, 0x53, 0x74, 0x61, 0x72, 0x74, 0x2e, 0x78, 0x79, 0x3b, //  - viewStart.xy;
	0x0a, 0x66, 0x6c, 0x6f, 0x61, 0x74, 0x20, 0x73, 0x65, 0x67, 0x6d, 0x65, 0x6e, 0x74, 0x4c, 0x65, // .float segmentLe
	0x6e, 0x67, 0x74, 0x68, 0x20, 0x3d, 0x20, 0x6d, 0x61, 0x78, 0x28, 0x6c, 0x65, 0x6e, 0x67, 0x74, // ngth = max(lengt
	0x68, 0x28, 0x64, 0x65, 0x6c, 0x74, 0x61, 0x29, 0x2c, 0x20, 0x31, 0x2e, 0x30, 0x65, 0x2d, 0x36, // h(delta), 1.0e-6
	0x29, 0x3b, 0x0a, 0x76, 0x65, 0x63, 0x32, 0x20, 0x64, 0x69, 0x72, 0x65, 0x63, 0x74, 0x69, 0x6f, // );.vec2 directio
	0x6e, 0x20, 0x3d, 0x20, 0x64, 0x65, 0x6c, 0x74, 0x61, 0x20, 0x2f, 0x20, 0x73, 0x65, 0x67, 0x6d, // n = delta / segm
	0x65, 0x6e, 0x74, 0x4c, 0x65, 0x6e, 0x67, 0x74, 0x68, 0x3b, 0x0a, 0x76, 0x65, 0x63, 0x32, 0x20, // entLength;.vec2 
	0x73, 0x69, 0x64, 0x65, 0x20, 0x3d, 0x20, 0x76, 0x65, 0x63, 0x32, 0x28, 0x2d, 0x64, 0x69, 0x72, // side = vec2(-dir
	0x65, 0x63, 0x74, 0x69, 0x6f, 0x6e, 0x2e, 0x79, 0x2c, 0x20, 0x64, 0x69, 0x72, 0x65, 0x63, 0x74, // ection.y, direct
	0x69, 0x6f, 0x6e, 0x2e, 0x78, 0x29, 0x3b, 0x0a, 0x66, 0x6c, 0x6f, 0x61, 0x74, 0x20, 0x61, 0x6c, // ion.x);.float al
	0x6f, 0x6e, 0x67, 0x20, 0x3d, 0x20, 0x61, 0x5f, 0x70, 0x6f, 0x73, 0x69, 0x74, 0x69, 0x6f, 0x6e, // ong = a_position
	0x2e, 0x77, 0x3b, 0x0a, 0x66, 0x6c, 0x6f, 0x61, 0x74, 0x20, 0x65, 0x64, 0x67, 0x65, 0x20, 0x3d, // .w;.float edge =
	0x20, 0x61, 0x5f, 0x6e, 0x6f, 0x72, 0x6d, 0x61, 0x6c, 0x2e, 0x77, 0x3b, 0x0a, 0x76, 0x65, 0x63, //  a_normal.w;.vec
	0x33, 0x20, 0x76, 0x69, 0x65, 0x77, 0x50, 0x6f, 0x73, 0x69, 0x74, 0x69, 0x6f, 0x6e, 0x20, 0x3d, // 3 viewPosition =
	0x20, 0x6d, 0x69, 0x78, 0x28, 0x76, 0x69, 0x65, 0x77, 0x53, 0x74, 0x61, 0x72, 0x74, 0x2c, 0x20, //  mix(viewStart, 
	0x76, 0x69, 0x65, 0x77, 0x45, 0x6e, 0x64, 0x2c, 0x20, 0x61, 0x6c, 0x6f, 0x6e, 0x67, 0x29, 0x3b, // viewEnd, along);
	0x0a, 0x76, 0x69, 0x65, 0x77, 0x50, 0x6f, 0x73, 0x69, 0x74, 0x69, 0x6f, 0x6e, 0x2e, 0x78, 0x79, // .viewPosition.xy
	0x20, 0x2b, 0x3d, 0x20, 0x73, 0x69, 0x64, 0x65, 0x20, 0x2a, 0x20, 0x75, 0x45, 0x64, 0x67, 0x65, //  += side * uEdge
	0x52, 0x69, 0x62, 0x62, 0x6f, 0x6e, 0x2e, 0x78, 0x20, 0x2a, 0x20, 0x65, 0x64, 0x67, 0x65, 0x3b, // Ribbon.x * edge;
	0x0a, 0x76, 0x69, 0x65, 0x77, 0x50, 0x6f, 0x73, 0x69, 0x74, 0x69, 0x6f, 0x6e, 0x2e, 0x7a, 0x20, // .viewPosition.z 
	0x2b, 0x3d, 0x20, 0x75, 0x4c, 0x61, 0x79, 0x65, 0x72, 0x4f, 0x66, 0x66, 0x73, 0x65, 0x74, 0x2e, // += uLayerOffset.
	0x78, 0x3b, 0x0a, 0x76, 0x5f, 0x63, 0x6f, 0x6c, 0x6f, 0x72, 0x20, 0x3d, 0x20, 0x76, 0x65, 0x63, // x;.v_color = vec
	0x34, 0x28, 0x76, 0x65, 0x63, 0x33, 0x28, 0x69, 0x5f, 0x64, 0x61, 0x74, 0x61, 0x30, 0x2e, 0x77, // 4(vec3(i_data0.w
	0x2c, 0x20, 0x69, 0x5f, 0x64, 0x61, 0x74, 0x61, 0x31, 0x2e, 0x77, 0x2c, 0x20, 0x69, 0x5f, 0x64, // , i_data1.w, i_d
	0x61, 0x74, 0x61, 0x32, 0x2e, 0x77, 0x29, 0x20, 0x2a, 0x20, 0x30, 0x2e, 0x39, 0x2c, 0x20, 0x31, // ata2.w) * 0.9, 1
	0x2e, 0x30, 0x29, 0x3b, 0x0a, 0x76, 0x5f, 0x65, 0x64, 0x67, 0x65, 0x20, 0x3d, 0x20, 0x65, 0x64, // .0);.v_edge = ed
	0x67, 0x65, 0x3b, 0x0a, 0x76, 0x5f, 0x64, 0x65, 0x70, 0x74, 0x68, 0x20, 0x3d, 0x20, 0x2d, 0x76, // ge;.v_depth = -v
	0x69, 0x65, 0x77, 0x50, 0x6f, 0x73, 0x69, 0x74, 0x69, 0x6f, 0x6e, 0x2e, 0x7a, 0x3b, 0x0a, 0x76, // iewPosition.z;.v
	0x5f, 0x61, 0x6c, 0x6f, 0x6e, 0x67, 0x20, 0x3d, 0x20, 0x61, 0x6c, 0x6f, 0x6e, 0x67, 0x3b, 0x0a, // _along = along;.
	0x67, 0x6c, 0x5f, 0x50, 0x6f, 0x73, 0x69, 0x74, 0x69, 0x6f, 0x6e, 0x20, 0x3d, 0x20, 0x28, 0x20, // gl_Position = ( 
	0x28, 0x70, 0x72, 0x6f, 0x6a, 0x65, 0x63, 0x74, 0x69, 0x6f, 0x6e, 0x29, 0x20, 0x2a, 0x20, 0x28, // (projection) * (
	0x76, 0x65, 0x63, 0x34, 0x28, 0x76, 0x69, 0x65, 0x77, 0x50, 0x6f, 0x73, 0x69, 0x74, 0x69, 0x6f, // vec4(viewPositio
	0x6e, 0x2c, 0x20, 0x31, 0x2e, 0x30, 0x29, 0x29, 0x20, 0x29, 0x3b, 0x0a, 0x7d, 0x0a, 0x00,       // n, 1.0)) );.}..
};
