// Auto-generated shader header. Do not edit.
// Source: fs_cad_styles.sc
#pragma once
#include <cstdint>

static const uint8_t fs_cad_styles_spv[15641] =
{
	0x46, 0x53, 0x48, 0x0b, 0xa4, 0xd7, 0x54, 0x84, 0x00, 0x00, 0x00, 0x00, 0x08, 0x00, 0x09, 0x75, // FSH...T........u
	0x4c, 0x6f, 0x67, 0x44, 0x65, 0x70, 0x74, 0x68, 0x12, 0x01, 0x00, 0x00, 0x01, 0x00, 0x00, 0x00, // LogDepth........
	0x00, 0x00, 0x0b, 0x75, 0x5f, 0x63, 0x61, 0x6d, 0x65, 0x72, 0x61, 0x50, 0x6f, 0x73, 0x12, 0x01, // ...u_cameraPos..
	0x30, 0x00, 0x01, 0x00, 0x00, 0x00, 0x00, 0x00, 0x0b, 0x75, 0x5f, 0x66, 0x6c, 0x61, 0x74, 0x53, // 0........u_flatS
	0x68, 0x61, 0x64, 0x65, 0x12, 0x01, 0x70, 0x00, 0x01, 0x00, 0x00, 0x00, 0x00, 0x00, 0x0a, 0x75, // hade..p........u
	0x5f, 0x6c, 0x69, 0x67, 0x68, 0x74, 0x44, 0x69, 0x72, 0x12, 0x01, 0x20, 0x00, 0x01, 0x00, 0x00, // _lightDir.. ....
	0x00, 0x00, 0x00, 0x0d, 0x75, 0x5f, 0x73, 0x74, 0x79, 0x6c, 0x65, 0x50, 0x61, 0x72, 0x61, 0x6d, // ....u_styleParam
	0x73, 0x12, 0x01, 0x40, 0x00, 0x01, 0x00, 0x00, 0x00, 0x00, 0x00, 0x0b, 0x75, 0x5f, 0x62, 0x61, // s..@........u_ba
	0x73, 0x65, 0x43, 0x6f, 0x6c, 0x6f, 0x72, 0x12, 0x01, 0x10, 0x00, 0x01, 0x00, 0x00, 0x00, 0x00, // seColor.........
	0x00, 0x0e, 0x75, 0x5f, 0x73, 0x74, 0x72, 0x6f, 0x6b, 0x65, 0x50, 0x61, 0x72, 0x61, 0x6d, 0x73, // ..u_strokeParams
	0x12, 0x01, 0x60, 0x00, 0x01, 0x00, 0x00, 0x00, 0x00, 0x00, 0x10, 0x75, 0x5f, 0x77, 0x69, 0x72, // ..`........u_wir
	0x65, 0x66, 0x72, 0x61, 0x6d, 0x65, 0x43, 0x6f, 0x6c, 0x6f, 0x72, 0x12, 0x01, 0x50, 0x00, 0x01, // eframeColor..P..
	0x00, 0x00, 0x00, 0x00, 0x00, 0x4c, 0x3c, 0x00, 0x00, 0x03, 0x02, 0x23, 0x07, 0x00, 0x00, 0x01, // .....L<....#....
	0x00, 0x0b, 0x00, 0x08, 0x00, 0xf6, 0x0a, 0x00, 0x00, 0x00, 0x00, 0x00, 0x00, 0x11, 0x00, 0x02, // ................
	0x00, 0x01, 0x00, 0x00, 0x00, 0x0b, 0x00, 0x06, 0x00, 0x01, 0x00, 0x00, 0x00, 0x47, 0x4c, 0x53, // .............GLS
	0x4c, 0x2e, 0x73, 0x74, 0x64, 0x2e, 0x34, 0x35, 0x30, 0x00, 0x00, 0x00, 0x00, 0x0e, 0x00, 0x03, // L.std.450.......
	0x00, 0x00, 0x00, 0x00, 0x00, 0x01, 0x00, 0x00, 0x00, 0x0f, 0x00, 0x0e, 0x00, 0x04, 0x00, 0x00, // ................
	0x00, 0x04, 0x00, 0x00, 0x00, 0x6d, 0x61, 0x69, 0x6e, 0x00, 0x00, 0x00, 0x00, 0x8d, 0x04, 0x00, // .....main.......
	0x00, 0x91, 0x04, 0x00, 0x00, 0x94, 0x04, 0x00, 0x00, 0x98, 0x04, 0x00, 0x00, 0x9b, 0x04, 0x00, // ................
	0x00, 0x9e, 0x04, 0x00, 0x00, 0xa1, 0x04, 0x00, 0x00, 0xb9, 0x04, 0x00, 0x00, 0xbc, 0x04, 0x00, // ................
	0x00, 0x10, 0x00, 0x03, 0x00, 0x04, 0x00, 0x00, 0x00, 0x07, 0x00, 0x00, 0x00, 0x10, 0x00, 0x03, // ................
	0x00, 0x04, 0x00, 0x00, 0x00, 0x0c, 0x00, 0x00, 0x00, 0x03, 0x00, 0x03, 0x00, 0x05, 0x00, 0x00, // ................
	0x00, 0xf4, 0x01, 0x00, 0x00, 0x05, 0x00, 0x04, 0x00, 0x04, 0x00, 0x00, 0x00, 0x6d, 0x61, 0x69, // .............mai
	0x6e, 0x00, 0x00, 0x00, 0x00, 0x05, 0x00, 0x06, 0x00, 0x8b, 0x00, 0x00, 0x00, 0x55, 0x6e, 0x69, // n............Uni
	0x66, 0x6f, 0x72, 0x6d, 0x42, 0x6c, 0x6f, 0x63, 0x6b, 0x00, 0x00, 0x00, 0x00, 0x06, 0x00, 0x06, // formBlock.......
	0x00, 0x8b, 0x00, 0x00, 0x00, 0x00, 0x00, 0x00, 0x00, 0x75, 0x4c, 0x6f, 0x67, 0x44, 0x65, 0x70, // .........uLogDep
	0x74, 0x68, 0x00, 0x00, 0x00, 0x06, 0x00, 0x06, 0x00, 0x8b, 0x00, 0x00, 0x00, 0x01, 0x00, 0x00, // th..............
	0x00, 0x75, 0x5f, 0x62, 0x61, 0x73, 0x65, 0x43, 0x6f, 0x6c, 0x6f, 0x72, 0x00, 0x06, 0x00, 0x06, // .u_baseColor....
	0x00, 0x8b, 0x00, 0x00, 0x00, 0x02, 0x00, 0x00, 0x00, 0x75, 0x5f, 0x6c, 0x69, 0x67, 0x68, 0x74, // .........u_light
	0x44, 0x69, 0x72, 0x00, 0x00, 0x06, 0x00, 0x06, 0x00, 0x8b, 0x00, 0x00, 0x00, 0x03, 0x00, 0x00, // Dir.............
	0x00, 0x75, 0x5f, 0x63, 0x61, 0x6d, 0x65, 0x72, 0x61, 0x50, 0x6f, 0x73, 0x00, 0x06, 0x00, 0x07, // .u_cameraPos....
	0x00, 0x8b, 0x00, 0x00, 0x00, 0x04, 0x00, 0x00, 0x00, 0x75, 0x5f, 0x73, 0x74, 0x79, 0x6c, 0x65, // .........u_style
	0x50, 0x61, 0x72, 0x61, 0x6d, 0x73, 0x00, 0x00, 0x00, 0x06, 0x00, 0x08, 0x00, 0x8b, 0x00, 0x00, // Params..........
	0x00, 0x05, 0x00, 0x00, 0x00, 0x75, 0x5f, 0x77, 0x69, 0x72, 0x65, 0x66, 0x72, 0x61, 0x6d, 0x65, // .....u_wireframe
	0x43, 0x6f, 0x6c, 0x6f, 0x72, 0x00, 0x00, 0x00, 0x00, 0x06, 0x00, 0x07, 0x00, 0x8b, 0x00, 0x00, // Color...........
	0x00, 0x06, 0x00, 0x00, 0x00, 0x75, 0x5f, 0x73, 0x74, 0x72, 0x6f, 0x6b, 0x65, 0x50, 0x61, 0x72, // .....u_strokePar
	0x61, 0x6d, 0x73, 0x00, 0x00, 0x06, 0x00, 0x06, 0x00, 0x8b, 0x00, 0x00, 0x00, 0x07, 0x00, 0x00, // ams.............
	0x00, 0x75, 0x5f, 0x66, 0x6c, 0x61, 0x74, 0x53, 0x68, 0x61, 0x64, 0x65, 0x00, 0x05, 0x00, 0x03, // .u_flatShade....
	0x00, 0x8d, 0x00, 0x00, 0x00, 0x00, 0x00, 0x00, 0x00, 0x05, 0x00, 0x06, 0x00, 0x8d, 0x04, 0x00, // ................
	0x00, 0x67, 0x6c, 0x5f, 0x46, 0x72, 0x61, 0x67, 0x43, 0x6f, 0x6f, 0x72, 0x64, 0x00, 0x00, 0x00, // .gl_FragCoord...
	0x00, 0x05, 0x00, 0x04, 0x00, 0x91, 0x04, 0x00, 0x00, 0x76, 0x5f, 0x62, 0x61, 0x72, 0x79, 0x00, // .........v_bary.
	0x00, 0x05, 0x00, 0x05, 0x00, 0x94, 0x04, 0x00, 0x00, 0x76, 0x5f, 0x63, 0x6f, 0x6c, 0x6f, 0x72, // .........v_color
	0x30, 0x00, 0x00, 0x00, 0x00, 0x05, 0x00, 0x04, 0x00, 0x98, 0x04, 0x00, 0x00, 0x76, 0x5f, 0x64, // 0............v_d
	0x65, 0x70, 0x74, 0x68, 0x00, 0x05, 0x00, 0x05, 0x00, 0x9b, 0x04, 0x00, 0x00, 0x76, 0x5f, 0x6e, // epth.........v_n
	0x6f, 0x72, 0x6d, 0x61, 0x6c, 0x00, 0x00, 0x00, 0x00, 0x05, 0x00, 0x04, 0x00, 0x9e, 0x04, 0x00, // ormal...........
	0x00, 0x76, 0x5f, 0x76, 0x69, 0x65, 0x77, 0x00, 0x00, 0x05, 0x00, 0x05, 0x00, 0xa1, 0x04, 0x00, // .v_view.........
	0x00, 0x76, 0x5f, 0x77, 0x6f, 0x72, 0x6c, 0x64, 0x50, 0x6f, 0x73, 0x00, 0x00, 0x05, 0x00, 0x06, // .v_worldPos.....
	0x00, 0xb9, 0x04, 0x00, 0x00, 0x62, 0x67, 0x66, 0x78, 0x5f, 0x46, 0x72, 0x61, 0x67, 0x44, 0x61, // .....bgfx_FragDa
	0x74, 0x61, 0x30, 0x00, 0x00, 0x05, 0x00, 0x06, 0x00, 0xbc, 0x04, 0x00, 0x00, 0x67, 0x6c, 0x5f, // ta0..........gl_
	0x46, 0x72, 0x61, 0x67, 0x44, 0x65, 0x70, 0x74, 0x68, 0x00, 0x00, 0x00, 0x00, 0x47, 0x00, 0x03, // FragDepth....G..
	0x00, 0x8b, 0x00, 0x00, 0x00, 0x02, 0x00, 0x00, 0x00, 0x48, 0x00, 0x05, 0x00, 0x8b, 0x00, 0x00, // .........H......
	0x00, 0x00, 0x00, 0x00, 0x00, 0x23, 0x00, 0x00, 0x00, 0x00, 0x00, 0x00, 0x00, 0x48, 0x00, 0x05, // .....#.......H..
	0x00, 0x8b, 0x00, 0x00, 0x00, 0x01, 0x00, 0x00, 0x00, 0x23, 0x00, 0x00, 0x00, 0x10, 0x00, 0x00, // .........#......
	0x00, 0x48, 0x00, 0x05, 0x00, 0x8b, 0x00, 0x00, 0x00, 0x02, 0x00, 0x00, 0x00, 0x23, 0x00, 0x00, // .H...........#..
	0x00, 0x20, 0x00, 0x00, 0x00, 0x48, 0x00, 0x05, 0x00, 0x8b, 0x00, 0x00, 0x00, 0x03, 0x00, 0x00, // . ...H..........
	0x00, 0x23, 0x00, 0x00, 0x00, 0x30, 0x00, 0x00, 0x00, 0x48, 0x00, 0x05, 0x00, 0x8b, 0x00, 0x00, // .#...0...H......
	0x00, 0x04, 0x00, 0x00, 0x00, 0x23, 0x00, 0x00, 0x00, 0x40, 0x00, 0x00, 0x00, 0x48, 0x00, 0x05, // .....#...@...H..
	0x00, 0x8b, 0x00, 0x00, 0x00, 0x05, 0x00, 0x00, 0x00, 0x23, 0x00, 0x00, 0x00, 0x50, 0x00, 0x00, // .........#...P..
	0x00, 0x48, 0x00, 0x05, 0x00, 0x8b, 0x00, 0x00, 0x00, 0x06, 0x00, 0x00, 0x00, 0x23, 0x00, 0x00, // .H...........#..
	0x00, 0x60, 0x00, 0x00, 0x00, 0x48, 0x00, 0x05, 0x00, 0x8b, 0x00, 0x00, 0x00, 0x07, 0x00, 0x00, // .`...H..........
	0x00, 0x23, 0x00, 0x00, 0x00, 0x70, 0x00, 0x00, 0x00, 0x47, 0x00, 0x04, 0x00, 0x8d, 0x00, 0x00, // .#...p...G......
	0x00, 0x21, 0x00, 0x00, 0x00, 0x01, 0x00, 0x00, 0x00, 0x47, 0x00, 0x04, 0x00, 0x8d, 0x00, 0x00, // .!.......G......
	0x00, 0x22, 0x00, 0x00, 0x00, 0x00, 0x00, 0x00, 0x00, 0x47, 0x00, 0x04, 0x00, 0x8d, 0x04, 0x00, // .".......G......
	0x00, 0x0b, 0x00, 0x00, 0x00, 0x0f, 0x00, 0x00, 0x00, 0x47, 0x00, 0x04, 0x00, 0x91, 0x04, 0x00, // .........G......
	0x00, 0x1e, 0x00, 0x00, 0x00, 0x00, 0x00, 0x00, 0x00, 0x47, 0x00, 0x04, 0x00, 0x94, 0x04, 0x00, // .........G......
	0x00, 0x1e, 0x00, 0x00, 0x00, 0x01, 0x00, 0x00, 0x00, 0x47, 0x00, 0x04, 0x00, 0x98, 0x04, 0x00, // .........G......
	0x00, 0x1e, 0x00, 0x00, 0x00, 0x02, 0x00, 0x00, 0x00, 0x47, 0x00, 0x04, 0x00, 0x9b, 0x04, 0x00, // .........G......
	0x00, 0x1e, 0x00, 0x00, 0x00, 0x03, 0x00, 0x00, 0x00, 0x47, 0x00, 0x04, 0x00, 0x9e, 0x04, 0x00, // .........G......
	0x00, 0x1e, 0x00, 0x00, 0x00, 0x04, 0x00, 0x00, 0x00, 0x47, 0x00, 0x04, 0x00, 0xa1, 0x04, 0x00, // .........G......
	0x00, 0x1e, 0x00, 0x00, 0x00, 0x05, 0x00, 0x00, 0x00, 0x47, 0x00, 0x04, 0x00, 0xb9, 0x04, 0x00, // .........G......
	0x00, 0x1e, 0x00, 0x00, 0x00, 0x00, 0x00, 0x00, 0x00, 0x47, 0x00, 0x04, 0x00, 0xbc, 0x04, 0x00, // .........G......
	0x00, 0x0b, 0x00, 0x00, 0x00, 0x16, 0x00, 0x00, 0x00, 0x13, 0x00, 0x02, 0x00, 0x02, 0x00, 0x00, // ................
	0x00, 0x21, 0x00, 0x03, 0x00, 0x03, 0x00, 0x00, 0x00, 0x02, 0x00, 0x00, 0x00, 0x16, 0x00, 0x03, // .!..............
	0x00, 0x06, 0x00, 0x00, 0x00, 0x20, 0x00, 0x00, 0x00, 0x17, 0x00, 0x04, 0x00, 0x0e, 0x00, 0x00, // ..... ..........
	0x00, 0x06, 0x00, 0x00, 0x00, 0x03, 0x00, 0x00, 0x00, 0x17, 0x00, 0x04, 0x00, 0x1a, 0x00, 0x00, // ................
	0x00, 0x06, 0x00, 0x00, 0x00, 0x04, 0x00, 0x00, 0x00, 0x17, 0x00, 0x04, 0x00, 0x41, 0x00, 0x00, // .............A..
	0x00, 0x06, 0x00, 0x00, 0x00, 0x02, 0x00, 0x00, 0x00, 0x1e, 0x00, 0x0a, 0x00, 0x8b, 0x00, 0x00, // ................
	0x00, 0x1a, 0x00, 0x00, 0x00, 0x1a, 0x00, 0x00, 0x00, 0x1a, 0x00, 0x00, 0x00, 0x1a, 0x00, 0x00, // ................
	0x00, 0x1a, 0x00, 0x00, 0x00, 0x1a, 0x00, 0x00, 0x00, 0x1a, 0x00, 0x00, 0x00, 0x1a, 0x00, 0x00, // ................
	0x00, 0x20, 0x00, 0x04, 0x00, 0x8c, 0x00, 0x00, 0x00, 0x02, 0x00, 0x00, 0x00, 0x8b, 0x00, 0x00, // . ..............
	0x00, 0x3b, 0x00, 0x04, 0x00, 0x8c, 0x00, 0x00, 0x00, 0x8d, 0x00, 0x00, 0x00, 0x02, 0x00, 0x00, // .;..............
	0x00, 0x15, 0x00, 0x04, 0x00, 0x8e, 0x00, 0x00, 0x00, 0x20, 0x00, 0x00, 0x00, 0x01, 0x00, 0x00, // ......... ......
	0x00, 0x2b, 0x00, 0x04, 0x00, 0x8e, 0x00, 0x00, 0x00, 0x8f, 0x00, 0x00, 0x00, 0x00, 0x00, 0x00, // .+..............
	0x00, 0x15, 0x00, 0x04, 0x00, 0x90, 0x00, 0x00, 0x00, 0x20, 0x00, 0x00, 0x00, 0x00, 0x00, 0x00, // ......... ......
	0x00, 0x2b, 0x00, 0x04, 0x00, 0x90, 0x00, 0x00, 0x00, 0x91, 0x00, 0x00, 0x00, 0x00, 0x00, 0x00, // .+..............
	0x00, 0x20, 0x00, 0x04, 0x00, 0x92, 0x00, 0x00, 0x00, 0x02, 0x00, 0x00, 0x00, 0x06, 0x00, 0x00, // . ..............
	0x00, 0x2b, 0x00, 0x04, 0x00, 0x06, 0x00, 0x00, 0x00, 0x95, 0x00, 0x00, 0x00, 0x00, 0x00, 0x00, // .+..............
	0x3f, 0x14, 0x00, 0x02, 0x00, 0x96, 0x00, 0x00, 0x00, 0x2b, 0x00, 0x04, 0x00, 0x90, 0x00, 0x00, // ?........+......
	0x00, 0x9d, 0x00, 0x00, 0x00, 0x01, 0x00, 0x00, 0x00, 0x2b, 0x00, 0x04, 0x00, 0x90, 0x00, 0x00, // .........+......
	0x00, 0xa2, 0x00, 0x00, 0x00, 0x02, 0x00, 0x00, 0x00, 0x2b, 0x00, 0x04, 0x00, 0x06, 0x00, 0x00, // .........+......
	0x00, 0xaf, 0x00, 0x00, 0x00, 0x00, 0x00, 0x80, 0x3f, 0x2b, 0x00, 0x04, 0x00, 0x06, 0x00, 0x00, // ........?+......
	0x00, 0xb8, 0x00, 0x00, 0x00, 0x08, 0x00, 0x80, 0x3f, 0x2b, 0x00, 0x04, 0x00, 0x06, 0x00, 0x00, // ........?+......
	0x00, 0xbe, 0x00, 0x00, 0x00, 0x00, 0x00, 0x00, 0x00, 0x2b, 0x00, 0x04, 0x00, 0x06, 0x00, 0x00, // .........+......
	0x00, 0xda, 0x00, 0x00, 0x00, 0xdb, 0x0f, 0x49, 0x40, 0x2b, 0x00, 0x04, 0x00, 0x06, 0x00, 0x00, // .......I@+......
	0x00, 0xdf, 0x00, 0x00, 0x00, 0x6f, 0x12, 0x83, 0x3a, 0x2b, 0x00, 0x04, 0x00, 0x06, 0x00, 0x00, // .....o..:+......
	0x00, 0x3c, 0x01, 0x00, 0x00, 0x14, 0xae, 0xf6, 0x42, 0x2b, 0x00, 0x04, 0x00, 0x06, 0x00, 0x00, // .<......B+......
	0x00, 0x3d, 0x01, 0x00, 0x00, 0xe1, 0x1a, 0xe4, 0x43, 0x2c, 0x00, 0x05, 0x00, 0x41, 0x00, 0x00, // .=......C,...A..
	0x00, 0x3e, 0x01, 0x00, 0x00, 0x3c, 0x01, 0x00, 0x00, 0x3d, 0x01, 0x00, 0x00, 0x2b, 0x00, 0x04, // .>...<...=...+..
	0x00, 0x06, 0x00, 0x00, 0x00, 0x43, 0x01, 0x00, 0x00, 0xae, 0x47, 0x35, 0x42, 0x2b, 0x00, 0x04, // .....C....G5B+..
	0x00, 0x06, 0x00, 0x00, 0x00, 0x5b, 0x01, 0x00, 0x00, 0x00, 0x00, 0x40, 0x40, 0x2b, 0x00, 0x04, // .....[.....@@+..
	0x00, 0x06, 0x00, 0x00, 0x00, 0x5c, 0x01, 0x00, 0x00, 0x00, 0x00, 0x00, 0x40, 0x2c, 0x00, 0x05, // ............@,..
	0x00, 0x41, 0x00, 0x00, 0x00, 0x68, 0x01, 0x00, 0x00, 0xaf, 0x00, 0x00, 0x00, 0xbe, 0x00, 0x00, // .A...h..........
	0x00, 0x2c, 0x00, 0x05, 0x00, 0x41, 0x00, 0x00, 0x00, 0x6e, 0x01, 0x00, 0x00, 0xbe, 0x00, 0x00, // .,...A...n......
	0x00, 0xaf, 0x00, 0x00, 0x00, 0x2c, 0x00, 0x05, 0x00, 0x41, 0x00, 0x00, 0x00, 0x74, 0x01, 0x00, // .....,...A...t..
	0x00, 0xaf, 0x00, 0x00, 0x00, 0xaf, 0x00, 0x00, 0x00, 0x2b, 0x00, 0x04, 0x00, 0x06, 0x00, 0x00, // .........+......
	0x00, 0xac, 0x01, 0x00, 0x00, 0x33, 0x33, 0x73, 0x3f, 0x2b, 0x00, 0x04, 0x00, 0x06, 0x00, 0x00, // .....33s?+......
	0x00, 0xaf, 0x01, 0x00, 0x00, 0x00, 0x00, 0xa0, 0x41, 0x2b, 0x00, 0x04, 0x00, 0x06, 0x00, 0x00, // ........A+......
	0x00, 0xe2, 0x01, 0x00, 0x00, 0xec, 0x51, 0x38, 0x3f, 0x2b, 0x00, 0x04, 0x00, 0x06, 0x00, 0x00, // ......Q8?+......
	0x00, 0xe3, 0x01, 0x00, 0x00, 0x33, 0x33, 0xb3, 0x3e, 0x2c, 0x00, 0x06, 0x00, 0x0e, 0x00, 0x00, // .....33.>,......
	0x00, 0xe4, 0x01, 0x00, 0x00, 0xac, 0x01, 0x00, 0x00, 0xe2, 0x01, 0x00, 0x00, 0xe3, 0x01, 0x00, // ................
	0x00, 0x2b, 0x00, 0x04, 0x00, 0x06, 0x00, 0x00, 0x00, 0xe6, 0x01, 0x00, 0x00, 0xcd, 0xcc, 0x0c, // .+..............
	0x3f, 0x2c, 0x00, 0x06, 0x00, 0x0e, 0x00, 0x00, 0x00, 0xe7, 0x01, 0x00, 0x00, 0xe3, 0x01, 0x00, // ?,..............
	0x00, 0xe6, 0x01, 0x00, 0x00, 0xac, 0x01, 0x00, 0x00, 0x2b, 0x00, 0x04, 0x00, 0x06, 0x00, 0x00, // .........+......
	0x00, 0xf7, 0x01, 0x00, 0x00, 0x33, 0x33, 0x33, 0x3f, 0x2b, 0x00, 0x04, 0x00, 0x06, 0x00, 0x00, // .....333?+......
	0x00, 0xfa, 0x01, 0x00, 0x00, 0x9a, 0x99, 0x99, 0x3e, 0x2b, 0x00, 0x04, 0x00, 0x06, 0x00, 0x00, // ........>+......
	0x00, 0x18, 0x02, 0x00, 0x00, 0xcd, 0xcc, 0x4c, 0x3e, 0x2b, 0x00, 0x04, 0x00, 0x06, 0x00, 0x00, // .......L>+......
	0x00, 0x1d, 0x02, 0x00, 0x00, 0x00, 0x00, 0xa0, 0x40, 0x2b, 0x00, 0x04, 0x00, 0x8e, 0x00, 0x00, // ........@+......
	0x00, 0x1e, 0x02, 0x00, 0x00, 0x03, 0x00, 0x00, 0x00, 0x20, 0x00, 0x04, 0x00, 0x1f, 0x02, 0x00, // ......... ......
	0x00, 0x02, 0x00, 0x00, 0x00, 0x1a, 0x00, 0x00, 0x00, 0x2b, 0x00, 0x04, 0x00, 0x06, 0x00, 0x00, // .........+......
	0x00, 0x31, 0x02, 0x00, 0x00, 0x0a, 0xd7, 0xa3, 0x3d, 0x2c, 0x00, 0x06, 0x00, 0x0e, 0x00, 0x00, // .1......=,......
	0x00, 0x32, 0x02, 0x00, 0x00, 0x31, 0x02, 0x00, 0x00, 0xe3, 0x01, 0x00, 0x00, 0xf7, 0x01, 0x00, // .2...1..........
	0x00, 0x2b, 0x00, 0x04, 0x00, 0x06, 0x00, 0x00, 0x00, 0x33, 0x02, 0x00, 0x00, 0x9a, 0x99, 0x59, // .+.......3.....Y
	0x3f, 0x2b, 0x00, 0x04, 0x00, 0x06, 0x00, 0x00, 0x00, 0x34, 0x02, 0x00, 0x00, 0x1f, 0x85, 0x6b, // ?+.......4.....k
	0x3f, 0x2c, 0x00, 0x06, 0x00, 0x0e, 0x00, 0x00, 0x00, 0x35, 0x02, 0x00, 0x00, 0x33, 0x02, 0x00, // ?,.......5...3..
	0x00, 0x34, 0x02, 0x00, 0x00, 0xaf, 0x00, 0x00, 0x00, 0x2b, 0x00, 0x04, 0x00, 0x06, 0x00, 0x00, // .4.......+......
	0x00, 0x54, 0x02, 0x00, 0x00, 0xcd, 0xcc, 0xcc, 0x3d, 0x2b, 0x00, 0x04, 0x00, 0x06, 0x00, 0x00, // .T......=+......
	0x00, 0x6c, 0x02, 0x00, 0x00, 0xcd, 0xcc, 0xcc, 0x3e, 0x2b, 0x00, 0x04, 0x00, 0x06, 0x00, 0x00, // .l......>+......
	0x00, 0x6d, 0x02, 0x00, 0x00, 0xcd, 0xcc, 0x4c, 0x3f, 0x2c, 0x00, 0x06, 0x00, 0x0e, 0x00, 0x00, // .m.....L?,......
	0x00, 0x6e, 0x02, 0x00, 0x00, 0x6c, 0x02, 0x00, 0x00, 0x6d, 0x02, 0x00, 0x00, 0xe6, 0x01, 0x00, // .n...l...m......
	0x00, 0x2b, 0x00, 0x04, 0x00, 0x06, 0x00, 0x00, 0x00, 0x7b, 0x02, 0x00, 0x00, 0x00, 0x00, 0xc0, // .+.......{......
	0x3f, 0x2b, 0x00, 0x04, 0x00, 0x06, 0x00, 0x00, 0x00, 0x95, 0x02, 0x00, 0x00, 0x00, 0x00, 0x20, // ?+............. 
	0x41, 0x2b, 0x00, 0x04, 0x00, 0x06, 0x00, 0x00, 0x00, 0xac, 0x02, 0x00, 0x00, 0xc3, 0xf5, 0x68, // A+.............h
	0x3f, 0x2b, 0x00, 0x04, 0x00, 0x06, 0x00, 0x00, 0x00, 0xad, 0x02, 0x00, 0x00, 0xe1, 0x7a, 0x54, // ?+............zT
	0x3f, 0x2c, 0x00, 0x06, 0x00, 0x0e, 0x00, 0x00, 0x00, 0xae, 0x02, 0x00, 0x00, 0xac, 0x01, 0x00, // ?,..............
	0x00, 0xac, 0x02, 0x00, 0x00, 0xad, 0x02, 0x00, 0x00, 0x2c, 0x00, 0x06, 0x00, 0x0e, 0x00, 0x00, // .........,......
	0x00, 0xaf, 0x02, 0x00, 0x00, 0x54, 0x02, 0x00, 0x00, 0x54, 0x02, 0x00, 0x00, 0x54, 0x02, 0x00, // .....T...T...T..
	0x00, 0x2b, 0x00, 0x04, 0x00, 0x06, 0x00, 0x00, 0x00, 0xbd, 0x02, 0x00, 0x00, 0xcd, 0xcc, 0x4c, // .+.............L
	0x3d, 0x2b, 0x00, 0x04, 0x00, 0x06, 0x00, 0x00, 0x00, 0xc3, 0x02, 0x00, 0x00, 0x9a, 0x99, 0x19, // =+..............
	0x3f, 0x2b, 0x00, 0x04, 0x00, 0x8e, 0x00, 0x00, 0x00, 0xdc, 0x02, 0x00, 0x00, 0x07, 0x00, 0x00, // ?+..............
	0x00, 0x17, 0x00, 0x04, 0x00, 0xf1, 0x02, 0x00, 0x00, 0x96, 0x00, 0x00, 0x00, 0x03, 0x00, 0x00, // ................
	0x00, 0x2b, 0x00, 0x04, 0x00, 0x8e, 0x00, 0x00, 0x00, 0xf8, 0x02, 0x00, 0x00, 0x02, 0x00, 0x00, // .+..............
	0x00, 0x2b, 0x00, 0x04, 0x00, 0x8e, 0x00, 0x00, 0x00, 0xfe, 0x02, 0x00, 0x00, 0x04, 0x00, 0x00, // .+..............
	0x00, 0x2b, 0x00, 0x04, 0x00, 0x06, 0x00, 0x00, 0x00, 0x07, 0x03, 0x00, 0x00, 0x8f, 0xc2, 0xf5, // .+..............
	0x3c, 0x2b, 0x00, 0x04, 0x00, 0x90, 0x00, 0x00, 0x00, 0x0a, 0x03, 0x00, 0x00, 0x03, 0x00, 0x00, // <+..............
	0x00, 0x2b, 0x00, 0x04, 0x00, 0x06, 0x00, 0x00, 0x00, 0x2a, 0x03, 0x00, 0x00, 0x0a, 0xd7, 0x23, // .+.......*.....#
	0x3d, 0x2b, 0x00, 0x04, 0x00, 0x8e, 0x00, 0x00, 0x00, 0x2d, 0x03, 0x00, 0x00, 0x01, 0x00, 0x00, // =+.......-......
	0x00, 0x2b, 0x00, 0x04, 0x00, 0x06, 0x00, 0x00, 0x00, 0x52, 0x03, 0x00, 0x00, 0x00, 0x00, 0x80, // .+.......R......
	0x40, 0x2b, 0x00, 0x04, 0x00, 0x06, 0x00, 0x00, 0x00, 0x84, 0x03, 0x00, 0x00, 0x2f, 0xba, 0xe8, // @+.........../..
	0x3e, 0x2b, 0x00, 0x04, 0x00, 0x06, 0x00, 0x00, 0x00, 0xa9, 0x03, 0x00, 0x00, 0x00, 0x00, 0x20, // >+............. 
	0x40, 0x2b, 0x00, 0x04, 0x00, 0x06, 0x00, 0x00, 0x00, 0xb0, 0x03, 0x00, 0x00, 0x00, 0x00, 0x60, // @+.............`
	0x40, 0x2b, 0x00, 0x04, 0x00, 0x06, 0x00, 0x00, 0x00, 0xc2, 0x03, 0x00, 0x00, 0x00, 0x00, 0x00, // @+..............
	0x42, 0x2b, 0x00, 0x04, 0x00, 0x06, 0x00, 0x00, 0x00, 0xd2, 0x03, 0x00, 0x00, 0x87, 0x16, 0x99, // B+..............
	0x3e, 0x2b, 0x00, 0x04, 0x00, 0x06, 0x00, 0x00, 0x00, 0xd3, 0x03, 0x00, 0x00, 0xa2, 0x45, 0x16, // >+............E.
	0x3f, 0x2b, 0x00, 0x04, 0x00, 0x06, 0x00, 0x00, 0x00, 0xd4, 0x03, 0x00, 0x00, 0xd5, 0x78, 0xe9, // ?+............x.
	0x3d, 0x2c, 0x00, 0x06, 0x00, 0x0e, 0x00, 0x00, 0x00, 0xd5, 0x03, 0x00, 0x00, 0xd2, 0x03, 0x00, // =,..............
	0x00, 0xd3, 0x03, 0x00, 0x00, 0xd4, 0x03, 0x00, 0x00, 0x2b, 0x00, 0x04, 0x00, 0x06, 0x00, 0x00, // .........+......
	0x00, 0xe5, 0x03, 0x00, 0x00, 0x00, 0x00, 0x90, 0x40, 0x2b, 0x00, 0x04, 0x00, 0x06, 0x00, 0x00, // ........@+......
	0x00, 0x19, 0x04, 0x00, 0x00, 0x00, 0x00, 0xb0, 0x40, 0x2b, 0x00, 0x04, 0x00, 0x8e, 0x00, 0x00, // ........@+......
	0x00, 0x1d, 0x04, 0x00, 0x00, 0x06, 0x00, 0x00, 0x00, 0x2b, 0x00, 0x04, 0x00, 0x06, 0x00, 0x00, // .........+......
	0x00, 0x2e, 0x04, 0x00, 0x00, 0x00, 0x00, 0xd0, 0x40, 0x2b, 0x00, 0x04, 0x00, 0x8e, 0x00, 0x00, // ........@+......
	0x00, 0x33, 0x04, 0x00, 0x00, 0x05, 0x00, 0x00, 0x00, 0x2b, 0x00, 0x04, 0x00, 0x06, 0x00, 0x00, // .3.......+......
	0x00, 0x45, 0x04, 0x00, 0x00, 0x9a, 0x99, 0x99, 0x3f, 0x2b, 0x00, 0x04, 0x00, 0x06, 0x00, 0x00, // .E......?+......
	0x00, 0x6b, 0x04, 0x00, 0x00, 0x00, 0x00, 0xf0, 0x40, 0x20, 0x00, 0x04, 0x00, 0x8c, 0x04, 0x00, // .k......@ ......
	0x00, 0x01, 0x00, 0x00, 0x00, 0x1a, 0x00, 0x00, 0x00, 0x3b, 0x00, 0x04, 0x00, 0x8c, 0x04, 0x00, // .........;......
	0x00, 0x8d, 0x04, 0x00, 0x00, 0x01, 0x00, 0x00, 0x00, 0x20, 0x00, 0x04, 0x00, 0x90, 0x04, 0x00, // ......... ......
	0x00, 0x01, 0x00, 0x00, 0x00, 0x0e, 0x00, 0x00, 0x00, 0x3b, 0x00, 0x04, 0x00, 0x90, 0x04, 0x00, // .........;......
	0x00, 0x91, 0x04, 0x00, 0x00, 0x01, 0x00, 0x00, 0x00, 0x3b, 0x00, 0x04, 0x00, 0x8c, 0x04, 0x00, // .........;......
	0x00, 0x94, 0x04, 0x00, 0x00, 0x01, 0x00, 0x00, 0x00, 0x20, 0x00, 0x04, 0x00, 0x97, 0x04, 0x00, // ......... ......
	0x00, 0x01, 0x00, 0x00, 0x00, 0x06, 0x00, 0x00, 0x00, 0x3b, 0x00, 0x04, 0x00, 0x97, 0x04, 0x00, // .........;......
	0x00, 0x98, 0x04, 0x00, 0x00, 0x01, 0x00, 0x00, 0x00, 0x3b, 0x00, 0x04, 0x00, 0x90, 0x04, 0x00, // .........;......
	0x00, 0x9b, 0x04, 0x00, 0x00, 0x01, 0x00, 0x00, 0x00, 0x3b, 0x00, 0x04, 0x00, 0x90, 0x04, 0x00, // .........;......
	0x00, 0x9e, 0x04, 0x00, 0x00, 0x01, 0x00, 0x00, 0x00, 0x3b, 0x00, 0x04, 0x00, 0x90, 0x04, 0x00, // .........;......
	0x00, 0xa1, 0x04, 0x00, 0x00, 0x01, 0x00, 0x00, 0x00, 0x20, 0x00, 0x04, 0x00, 0xb8, 0x04, 0x00, // ......... ......
	0x00, 0x03, 0x00, 0x00, 0x00, 0x1a, 0x00, 0x00, 0x00, 0x3b, 0x00, 0x04, 0x00, 0xb8, 0x04, 0x00, // .........;......
	0x00, 0xb9, 0x04, 0x00, 0x00, 0x03, 0x00, 0x00, 0x00, 0x20, 0x00, 0x04, 0x00, 0xbb, 0x04, 0x00, // ......... ......
	0x00, 0x03, 0x00, 0x00, 0x00, 0x06, 0x00, 0x00, 0x00, 0x3b, 0x00, 0x04, 0x00, 0xbb, 0x04, 0x00, // .........;......
	0x00, 0xbc, 0x04, 0x00, 0x00, 0x03, 0x00, 0x00, 0x00, 0x2c, 0x00, 0x06, 0x00, 0x0e, 0x00, 0x00, // .........,......
	0x00, 0xdc, 0x0a, 0x00, 0x00, 0xbe, 0x00, 0x00, 0x00, 0xbe, 0x00, 0x00, 0x00, 0xbe, 0x00, 0x00, // ................
	0x00, 0x2b, 0x00, 0x04, 0x00, 0x06, 0x00, 0x00, 0x00, 0xdd, 0x0a, 0x00, 0x00, 0x10, 0xbd, 0x50, // .+.............P
	0x3a, 0x2b, 0x00, 0x04, 0x00, 0x06, 0x00, 0x00, 0x00, 0xde, 0x0a, 0x00, 0x00, 0xfb, 0xff, 0x7f, // :+..............
	0x3f, 0x2b, 0x00, 0x04, 0x00, 0x06, 0x00, 0x00, 0x00, 0xdf, 0x0a, 0x00, 0x00, 0xfb, 0xff, 0x7f, // ?+..............
	0xbf, 0x2c, 0x00, 0x05, 0x00, 0x41, 0x00, 0x00, 0x00, 0xe0, 0x0a, 0x00, 0x00, 0x5b, 0x01, 0x00, // .,...A.......[..
	0x00, 0x5b, 0x01, 0x00, 0x00, 0x2c, 0x00, 0x05, 0x00, 0x41, 0x00, 0x00, 0x00, 0xe1, 0x0a, 0x00, // .[...,...A......
	0x00, 0x43, 0x01, 0x00, 0x00, 0x43, 0x01, 0x00, 0x00, 0x2c, 0x00, 0x06, 0x00, 0x0e, 0x00, 0x00, // .C...C...,......
	0x00, 0xe2, 0x0a, 0x00, 0x00, 0xaf, 0x00, 0x00, 0x00, 0xaf, 0x00, 0x00, 0x00, 0xaf, 0x00, 0x00, // ................
	0x00, 0x2c, 0x00, 0x06, 0x00, 0x0e, 0x00, 0x00, 0x00, 0xe3, 0x0a, 0x00, 0x00, 0x84, 0x03, 0x00, // .,..............
	0x00, 0x84, 0x03, 0x00, 0x00, 0x84, 0x03, 0x00, 0x00, 0x2b, 0x00, 0x04, 0x00, 0x06, 0x00, 0x00, // .........+......
	0x00, 0xe4, 0x0a, 0x00, 0x00, 0x00, 0x00, 0x00, 0x3e, 0x2c, 0x00, 0x06, 0x00, 0x0e, 0x00, 0x00, // ........>,......
	0x00, 0xe5, 0x0a, 0x00, 0x00, 0x2a, 0x03, 0x00, 0x00, 0x2a, 0x03, 0x00, 0x00, 0x2a, 0x03, 0x00, // .....*...*...*..
	0x00, 0x2c, 0x00, 0x06, 0x00, 0x0e, 0x00, 0x00, 0x00, 0xe6, 0x0a, 0x00, 0x00, 0x07, 0x03, 0x00, // .,..............
	0x00, 0x07, 0x03, 0x00, 0x00, 0x07, 0x03, 0x00, 0x00, 0x2b, 0x00, 0x04, 0x00, 0x06, 0x00, 0x00, // .........+......
	0x00, 0xe8, 0x0a, 0x00, 0x00, 0x83, 0xf9, 0xa2, 0x3e, 0x2c, 0x00, 0x06, 0x00, 0x0e, 0x00, 0x00, // ........>,......
	0x00, 0xe9, 0x0a, 0x00, 0x00, 0xe8, 0x0a, 0x00, 0x00, 0xe8, 0x0a, 0x00, 0x00, 0xe8, 0x0a, 0x00, // ................
	0x00, 0x36, 0x00, 0x05, 0x00, 0x02, 0x00, 0x00, 0x00, 0x04, 0x00, 0x00, 0x00, 0x00, 0x00, 0x00, // .6..............
	0x00, 0x03, 0x00, 0x00, 0x00, 0xf8, 0x00, 0x02, 0x00, 0x05, 0x00, 0x00, 0x00, 0x3d, 0x00, 0x04, // .............=..
	0x00, 0x1a, 0x00, 0x00, 0x00, 0x8e, 0x04, 0x00, 0x00, 0x8d, 0x04, 0x00, 0x00, 0x3d, 0x00, 0x04, // .............=..
	0x00, 0x0e, 0x00, 0x00, 0x00, 0x92, 0x04, 0x00, 0x00, 0x91, 0x04, 0x00, 0x00, 0x3d, 0x00, 0x04, // .............=..
	0x00, 0x1a, 0x00, 0x00, 0x00, 0x95, 0x04, 0x00, 0x00, 0x94, 0x04, 0x00, 0x00, 0x3d, 0x00, 0x04, // .............=..
	0x00, 0x06, 0x00, 0x00, 0x00, 0x99, 0x04, 0x00, 0x00, 0x98, 0x04, 0x00, 0x00, 0x3d, 0x00, 0x04, // .............=..
	0x00, 0x0e, 0x00, 0x00, 0x00, 0x9c, 0x04, 0x00, 0x00, 0x9b, 0x04, 0x00, 0x00, 0x3d, 0x00, 0x04, // .............=..
	0x00, 0x0e, 0x00, 0x00, 0x00, 0x9f, 0x04, 0x00, 0x00, 0x9e, 0x04, 0x00, 0x00, 0x3d, 0x00, 0x04, // .............=..
	0x00, 0x0e, 0x00, 0x00, 0x00, 0xa2, 0x04, 0x00, 0x00, 0xa1, 0x04, 0x00, 0x00, 0x51, 0x00, 0x05, // .............Q..
	0x00, 0x06, 0x00, 0x00, 0x00, 0x34, 0x05, 0x00, 0x00, 0x8e, 0x04, 0x00, 0x00, 0x02, 0x00, 0x00, // .....4..........
	0x00, 0xf7, 0x00, 0x03, 0x00, 0xa9, 0x06, 0x00, 0x00, 0x00, 0x00, 0x00, 0x00, 0xfb, 0x00, 0x03, // ................
	0x00, 0x91, 0x00, 0x00, 0x00, 0x86, 0x06, 0x00, 0x00, 0xf8, 0x00, 0x02, 0x00, 0x86, 0x06, 0x00, // ................
	0x00, 0x41, 0x00, 0x06, 0x00, 0x92, 0x00, 0x00, 0x00, 0x87, 0x06, 0x00, 0x00, 0x8d, 0x00, 0x00, // .A..............
	0x00, 0x8f, 0x00, 0x00, 0x00, 0x91, 0x00, 0x00, 0x00, 0x3d, 0x00, 0x04, 0x00, 0x06, 0x00, 0x00, // .........=......
	0x00, 0x88, 0x06, 0x00, 0x00, 0x87, 0x06, 0x00, 0x00, 0xb8, 0x00, 0x05, 0x00, 0x96, 0x00, 0x00, // ................
	0x00, 0x89, 0x06, 0x00, 0x00, 0x88, 0x06, 0x00, 0x00, 0x95, 0x00, 0x00, 0x00, 0xf7, 0x00, 0x03, // ................
	0x00, 0x8c, 0x06, 0x00, 0x00, 0x00, 0x00, 0x00, 0x00, 0xfa, 0x00, 0x04, 0x00, 0x89, 0x06, 0x00, // ................
	0x00, 0x8a, 0x06, 0x00, 0x00, 0x8c, 0x06, 0x00, 0x00, 0xf8, 0x00, 0x02, 0x00, 0x8a, 0x06, 0x00, // ................
	0x00, 0xf9, 0x00, 0x02, 0x00, 0xa9, 0x06, 0x00, 0x00, 0xf8, 0x00, 0x02, 0x00, 0x8c, 0x06, 0x00, // ................
	0x00, 0x41, 0x00, 0x06, 0x00, 0x92, 0x00, 0x00, 0x00, 0x8e, 0x06, 0x00, 0x00, 0x8d, 0x00, 0x00, // .A..............
	0x00, 0x8f, 0x00, 0x00, 0x00, 0x9d, 0x00, 0x00, 0x00, 0x3d, 0x00, 0x04, 0x00, 0x06, 0x00, 0x00, // .........=......
	0x00, 0x8f, 0x06, 0x00, 0x00, 0x8e, 0x06, 0x00, 0x00, 0xb8, 0x00, 0x05, 0x00, 0x96, 0x00, 0x00, // ................
	0x00, 0x90, 0x06, 0x00, 0x00, 0x99, 0x04, 0x00, 0x00, 0x8f, 0x06, 0x00, 0x00, 0x41, 0x00, 0x06, // .............A..
	0x00, 0x92, 0x00, 0x00, 0x00, 0x92, 0x06, 0x00, 0x00, 0x8d, 0x00, 0x00, 0x00, 0x8f, 0x00, 0x00, // ................
	0x00, 0xa2, 0x00, 0x00, 0x00, 0x3d, 0x00, 0x04, 0x00, 0x06, 0x00, 0x00, 0x00, 0x93, 0x06, 0x00, // .....=..........
	0x00, 0x92, 0x06, 0x00, 0x00, 0xba, 0x00, 0x05, 0x00, 0x96, 0x00, 0x00, 0x00, 0x94, 0x06, 0x00, // ................
	0x00, 0x99, 0x04, 0x00, 0x00, 0x93, 0x06, 0x00, 0x00, 0xa6, 0x00, 0x05, 0x00, 0x96, 0x00, 0x00, // ................
	0x00, 0x95, 0x06, 0x00, 0x00, 0x90, 0x06, 0x00, 0x00, 0x94, 0x06, 0x00, 0x00, 0xf7, 0x00, 0x03, // ................
	0x00, 0x97, 0x06, 0x00, 0x00, 0x00, 0x00, 0x00, 0x00, 0xfa, 0x00, 0x04, 0x00, 0x95, 0x06, 0x00, // ................
	0x00, 0x96, 0x06, 0x00, 0x00, 0x97, 0x06, 0x00, 0x00, 0xf8, 0x00, 0x02, 0x00, 0x96, 0x06, 0x00, // ................
	0x00, 0xfc, 0x00, 0x01, 0x00, 0xf8, 0x00, 0x02, 0x00, 0x97, 0x06, 0x00, 0x00, 0x88, 0x00, 0x05, // ................
	0x00, 0x06, 0x00, 0x00, 0x00, 0x9b, 0x06, 0x00, 0x00, 0x99, 0x04, 0x00, 0x00, 0x8f, 0x06, 0x00, // ................
	0x00, 0x0c, 0x00, 0x07, 0x00, 0x06, 0x00, 0x00, 0x00, 0x9c, 0x06, 0x00, 0x00, 0x01, 0x00, 0x00, // ................
	0x00, 0x28, 0x00, 0x00, 0x00, 0x9b, 0x06, 0x00, 0x00, 0xaf, 0x00, 0x00, 0x00, 0x0c, 0x00, 0x06, // .(..............
	0x00, 0x06, 0x00, 0x00, 0x00, 0x9d, 0x06, 0x00, 0x00, 0x01, 0x00, 0x00, 0x00, 0x1e, 0x00, 0x00, // ................
	0x00, 0x9c, 0x06, 0x00, 0x00, 0x88, 0x00, 0x05, 0x00, 0x06, 0x00, 0x00, 0x00, 0xa2, 0x06, 0x00, // ................
	0x00, 0x93, 0x06, 0x00, 0x00, 0x8f, 0x06, 0x00, 0x00, 0x0c, 0x00, 0x07, 0x00, 0x06, 0x00, 0x00, // ................
	0x00, 0xa3, 0x06, 0x00, 0x00, 0x01, 0x00, 0x00, 0x00, 0x28, 0x00, 0x00, 0x00, 0xa2, 0x06, 0x00, // .........(......
	0x00, 0xb8, 0x00, 0x00, 0x00, 0x0c, 0x00, 0x06, 0x00, 0x06, 0x00, 0x00, 0x00, 0xa4, 0x06, 0x00, // ................
	0x00, 0x01, 0x00, 0x00, 0x00, 0x1e, 0x00, 0x00, 0x00, 0xa3, 0x06, 0x00, 0x00, 0x88, 0x00, 0x05, // ................
	0x00, 0x06, 0x00, 0x00, 0x00, 0xa7, 0x06, 0x00, 0x00, 0x9d, 0x06, 0x00, 0x00, 0xa4, 0x06, 0x00, // ................
	0x00, 0x0c, 0x00, 0x08, 0x00, 0x06, 0x00, 0x00, 0x00, 0xa8, 0x06, 0x00, 0x00, 0x01, 0x00, 0x00, // ................
	0x00, 0x2b, 0x00, 0x00, 0x00, 0xa7, 0x06, 0x00, 0x00, 0xbe, 0x00, 0x00, 0x00, 0xaf, 0x00, 0x00, // .+..............
	0x00, 0xf9, 0x00, 0x02, 0x00, 0xa9, 0x06, 0x00, 0x00, 0xf8, 0x00, 0x02, 0x00, 0xa9, 0x06, 0x00, // ................
	0x00, 0xf5, 0x00, 0x07, 0x00, 0x06, 0x00, 0x00, 0x00, 0xea, 0x0a, 0x00, 0x00, 0x34, 0x05, 0x00, // .............4..
	0x00, 0x8a, 0x06, 0x00, 0x00, 0xa8, 0x06, 0x00, 0x00, 0x97, 0x06, 0x00, 0x00, 0x0c, 0x00, 0x06, // ................
	0x00, 0x0e, 0x00, 0x00, 0x00, 0x38, 0x05, 0x00, 0x00, 0x01, 0x00, 0x00, 0x00, 0x45, 0x00, 0x00, // .....8.......E..
	0x00, 0x9c, 0x04, 0x00, 0x00, 0x41, 0x00, 0x06, 0x00, 0x92, 0x00, 0x00, 0x00, 0x39, 0x05, 0x00, // .....A.......9..
	0x00, 0x8d, 0x00, 0x00, 0x00, 0xdc, 0x02, 0x00, 0x00, 0x91, 0x00, 0x00, 0x00, 0x3d, 0x00, 0x04, // .............=..
	0x00, 0x06, 0x00, 0x00, 0x00, 0x3a, 0x05, 0x00, 0x00, 0x39, 0x05, 0x00, 0x00, 0xba, 0x00, 0x05, // .....:...9......
	0x00, 0x96, 0x00, 0x00, 0x00, 0x3b, 0x05, 0x00, 0x00, 0x3a, 0x05, 0x00, 0x00, 0x95, 0x00, 0x00, // .....;...:......
	0x00, 0xf7, 0x00, 0x03, 0x00, 0x4d, 0x05, 0x00, 0x00, 0x00, 0x00, 0x00, 0x00, 0xfa, 0x00, 0x04, // .....M..........
	0x00, 0x3b, 0x05, 0x00, 0x00, 0x3c, 0x05, 0x00, 0x00, 0x4d, 0x05, 0x00, 0x00, 0xf8, 0x00, 0x02, // .;...<...M......
	0x00, 0x3c, 0x05, 0x00, 0x00, 0x7f, 0x00, 0x04, 0x00, 0x0e, 0x00, 0x00, 0x00, 0x3e, 0x05, 0x00, // .<...........>..
	0x00, 0xa2, 0x04, 0x00, 0x00, 0xd0, 0x00, 0x04, 0x00, 0x0e, 0x00, 0x00, 0x00, 0x3f, 0x05, 0x00, // .............?..
	0x00, 0x3e, 0x05, 0x00, 0x00, 0xcf, 0x00, 0x04, 0x00, 0x0e, 0x00, 0x00, 0x00, 0x41, 0x05, 0x00, // .>...........A..
	0x00, 0xa2, 0x04, 0x00, 0x00, 0x0c, 0x00, 0x07, 0x00, 0x0e, 0x00, 0x00, 0x00, 0x42, 0x05, 0x00, // .............B..
	0x00, 0x01, 0x00, 0x00, 0x00, 0x44, 0x00, 0x00, 0x00, 0x3f, 0x05, 0x00, 0x00, 0x41, 0x05, 0x00, // .....D...?...A..
	0x00, 0x0c, 0x00, 0x06, 0x00, 0x0e, 0x00, 0x00, 0x00, 0x43, 0x05, 0x00, 0x00, 0x01, 0x00, 0x00, // .........C......
	0x00, 0x45, 0x00, 0x00, 0x00, 0x42, 0x05, 0x00, 0x00, 0x94, 0x00, 0x05, 0x00, 0x06, 0x00, 0x00, // .E...B..........
	0x00, 0x46, 0x05, 0x00, 0x00, 0x43, 0x05, 0x00, 0x00, 0x38, 0x05, 0x00, 0x00, 0xb8, 0x00, 0x05, // .F...C...8......
	0x00, 0x96, 0x00, 0x00, 0x00, 0x47, 0x05, 0x00, 0x00, 0x46, 0x05, 0x00, 0x00, 0xbe, 0x00, 0x00, // .....G...F......
	0x00, 0x7f, 0x00, 0x04, 0x00, 0x0e, 0x00, 0x00, 0x00, 0x49, 0x05, 0x00, 0x00, 0x43, 0x05, 0x00, // .........I...C..
	0x00, 0x50, 0x00, 0x06, 0x00, 0xf1, 0x02, 0x00, 0x00, 0x4b, 0x05, 0x00, 0x00, 0x47, 0x05, 0x00, // .P.......K...G..
	0x00, 0x47, 0x05, 0x00, 0x00, 0x47, 0x05, 0x00, 0x00, 0xa9, 0x00, 0x06, 0x00, 0x0e, 0x00, 0x00, // .G...G..........
	0x00, 0x4c, 0x05, 0x00, 0x00, 0x4b, 0x05, 0x00, 0x00, 0x49, 0x05, 0x00, 0x00, 0x43, 0x05, 0x00, // .L...K...I...C..
	0x00, 0xf9, 0x00, 0x02, 0x00, 0x4d, 0x05, 0x00, 0x00, 0xf8, 0x00, 0x02, 0x00, 0x4d, 0x05, 0x00, // .....M.......M..
	0x00, 0xf5, 0x00, 0x07, 0x00, 0x0e, 0x00, 0x00, 0x00, 0xeb, 0x0a, 0x00, 0x00, 0x38, 0x05, 0x00, // .............8..
	0x00, 0xa9, 0x06, 0x00, 0x00, 0x4c, 0x05, 0x00, 0x00, 0x3c, 0x05, 0x00, 0x00, 0x0c, 0x00, 0x06, // .....L...<......
	0x00, 0x0e, 0x00, 0x00, 0x00, 0x4f, 0x05, 0x00, 0x00, 0x01, 0x00, 0x00, 0x00, 0x45, 0x00, 0x00, // .....O.......E..
	0x00, 0x9f, 0x04, 0x00, 0x00, 0x41, 0x00, 0x05, 0x00, 0x1f, 0x02, 0x00, 0x00, 0x50, 0x05, 0x00, // .....A.......P..
	0x00, 0x8d, 0x00, 0x00, 0x00, 0xf8, 0x02, 0x00, 0x00, 0x3d, 0x00, 0x04, 0x00, 0x1a, 0x00, 0x00, // .........=......
	0x00, 0x51, 0x05, 0x00, 0x00, 0x50, 0x05, 0x00, 0x00, 0x4f, 0x00, 0x08, 0x00, 0x0e, 0x00, 0x00, // .Q...P...O......
	0x00, 0x52, 0x05, 0x00, 0x00, 0x51, 0x05, 0x00, 0x00, 0x51, 0x05, 0x00, 0x00, 0x00, 0x00, 0x00, // .R...Q...Q......
	0x00, 0x01, 0x00, 0x00, 0x00, 0x02, 0x00, 0x00, 0x00, 0x0c, 0x00, 0x06, 0x00, 0x0e, 0x00, 0x00, // ................
	0x00, 0x53, 0x05, 0x00, 0x00, 0x01, 0x00, 0x00, 0x00, 0x45, 0x00, 0x00, 0x00, 0x52, 0x05, 0x00, // .S.......E...R..
	0x00, 0x41, 0x00, 0x06, 0x00, 0x92, 0x00, 0x00, 0x00, 0x54, 0x05, 0x00, 0x00, 0x8d, 0x00, 0x00, // .A.......T......
	0x00, 0xfe, 0x02, 0x00, 0x00, 0x91, 0x00, 0x00, 0x00, 0x3d, 0x00, 0x04, 0x00, 0x06, 0x00, 0x00, // .........=......
	0x00, 0x55, 0x05, 0x00, 0x00, 0x54, 0x05, 0x00, 0x00, 0x41, 0x00, 0x06, 0x00, 0x92, 0x00, 0x00, // .U...T...A......
	0x00, 0x56, 0x05, 0x00, 0x00, 0x8d, 0x00, 0x00, 0x00, 0xfe, 0x02, 0x00, 0x00, 0x9d, 0x00, 0x00, // .V..............
	0x00, 0x3d, 0x00, 0x04, 0x00, 0x06, 0x00, 0x00, 0x00, 0x57, 0x05, 0x00, 0x00, 0x56, 0x05, 0x00, // .=.......W...V..
	0x00, 0x41, 0x00, 0x06, 0x00, 0x92, 0x00, 0x00, 0x00, 0x58, 0x05, 0x00, 0x00, 0x8d, 0x00, 0x00, // .A.......X......
	0x00, 0xfe, 0x02, 0x00, 0x00, 0xa2, 0x00, 0x00, 0x00, 0x3d, 0x00, 0x04, 0x00, 0x06, 0x00, 0x00, // .........=......
	0x00, 0x59, 0x05, 0x00, 0x00, 0x58, 0x05, 0x00, 0x00, 0x0c, 0x00, 0x08, 0x00, 0x06, 0x00, 0x00, // .Y...X..........
	0x00, 0x5a, 0x05, 0x00, 0x00, 0x01, 0x00, 0x00, 0x00, 0x2b, 0x00, 0x00, 0x00, 0x59, 0x05, 0x00, // .Z.......+...Y..
	0x00, 0x07, 0x03, 0x00, 0x00, 0xaf, 0x00, 0x00, 0x00, 0x41, 0x00, 0x06, 0x00, 0x92, 0x00, 0x00, // .........A......
	0x00, 0x5b, 0x05, 0x00, 0x00, 0x8d, 0x00, 0x00, 0x00, 0xfe, 0x02, 0x00, 0x00, 0x0a, 0x03, 0x00, // .[..............
	0x00, 0x3d, 0x00, 0x04, 0x00, 0x06, 0x00, 0x00, 0x00, 0x5c, 0x05, 0x00, 0x00, 0x5b, 0x05, 0x00, // .=...........[..
	0x00, 0x0c, 0x00, 0x08, 0x00, 0x06, 0x00, 0x00, 0x00, 0x5d, 0x05, 0x00, 0x00, 0x01, 0x00, 0x00, // .........]......
	0x00, 0x2b, 0x00, 0x00, 0x00, 0x5c, 0x05, 0x00, 0x00, 0xbe, 0x00, 0x00, 0x00, 0xaf, 0x00, 0x00, // .+..............
	0x00, 0xb8, 0x00, 0x05, 0x00, 0x96, 0x00, 0x00, 0x00, 0x5f, 0x05, 0x00, 0x00, 0x55, 0x05, 0x00, // ........._...U..
	0x00, 0x95, 0x00, 0x00, 0x00, 0xf7, 0x00, 0x03, 0x00, 0x7a, 0x06, 0x00, 0x00, 0x00, 0x00, 0x00, // .........z......
	0x00, 0xfa, 0x00, 0x04, 0x00, 0x5f, 0x05, 0x00, 0x00, 0x60, 0x05, 0x00, 0x00, 0xc1, 0x05, 0x00, // ....._...`......
	0x00, 0xf8, 0x00, 0x02, 0x00, 0x60, 0x05, 0x00, 0x00, 0x81, 0x00, 0x05, 0x00, 0x0e, 0x00, 0x00, // .....`..........
	0x00, 0x63, 0x05, 0x00, 0x00, 0x53, 0x05, 0x00, 0x00, 0x4f, 0x05, 0x00, 0x00, 0x0c, 0x00, 0x06, // .c...S...O......
	0x00, 0x0e, 0x00, 0x00, 0x00, 0x64, 0x05, 0x00, 0x00, 0x01, 0x00, 0x00, 0x00, 0x45, 0x00, 0x00, // .....d.......E..
	0x00, 0x63, 0x05, 0x00, 0x00, 0x85, 0x00, 0x05, 0x00, 0x06, 0x00, 0x00, 0x00, 0xb5, 0x06, 0x00, // .c..............
	0x00, 0x5a, 0x05, 0x00, 0x00, 0x5a, 0x05, 0x00, 0x00, 0x85, 0x00, 0x05, 0x00, 0x06, 0x00, 0x00, // .Z...Z..........
	0x00, 0xb8, 0x06, 0x00, 0x00, 0xb5, 0x06, 0x00, 0x00, 0xb5, 0x06, 0x00, 0x00, 0x94, 0x00, 0x05, // ................
	0x00, 0x06, 0x00, 0x00, 0x00, 0xbb, 0x06, 0x00, 0x00, 0xeb, 0x0a, 0x00, 0x00, 0x64, 0x05, 0x00, // .............d..
	0x00, 0x0c, 0x00, 0x07, 0x00, 0x06, 0x00, 0x00, 0x00, 0xbc, 0x06, 0x00, 0x00, 0x01, 0x00, 0x00, // ................
	0x00, 0x28, 0x00, 0x00, 0x00, 0xbb, 0x06, 0x00, 0x00, 0xbe, 0x00, 0x00, 0x00, 0x85, 0x00, 0x05, // .(..............
	0x00, 0x06, 0x00, 0x00, 0x00, 0xbf, 0x06, 0x00, 0x00, 0xbc, 0x06, 0x00, 0x00, 0xbc, 0x06, 0x00, // ................
	0x00, 0x83, 0x00, 0x05, 0x00, 0x06, 0x00, 0x00, 0x00, 0xc2, 0x06, 0x00, 0x00, 0xb8, 0x06, 0x00, // ................
	0x00, 0xaf, 0x00, 0x00, 0x00, 0x85, 0x00, 0x05, 0x00, 0x06, 0x00, 0x00, 0x00, 0xc3, 0x06, 0x00, // ................
	0x00, 0xbf, 0x06, 0x00, 0x00, 0xc2, 0x06, 0x00, 0x00, 0x81, 0x00, 0x05, 0x00, 0x06, 0x00, 0x00, // ................
	0x00, 0xc4, 0x06, 0x00, 0x00, 0xc3, 0x06, 0x00, 0x00, 0xaf, 0x00, 0x00, 0x00, 0x85, 0x00, 0x05, // ................
	0x00, 0x06, 0x00, 0x00, 0x00, 0xc7, 0x06, 0x00, 0x00, 0xda, 0x00, 0x00, 0x00, 0xc4, 0x06, 0x00, // ................
	0x00, 0x85, 0x00, 0x05, 0x00, 0x06, 0x00, 0x00, 0x00, 0xc9, 0x06, 0x00, 0x00, 0xc7, 0x06, 0x00, // ................
	0x00, 0xc4, 0x06, 0x00, 0x00, 0x0c, 0x00, 0x07, 0x00, 0x06, 0x00, 0x00, 0x00, 0xca, 0x06, 0x00, // ................
	0x00, 0x01, 0x00, 0x00, 0x00, 0x28, 0x00, 0x00, 0x00, 0xc9, 0x06, 0x00, 0x00, 0xdf, 0x00, 0x00, // .....(..........
	0x00, 0x88, 0x00, 0x05, 0x00, 0x06, 0x00, 0x00, 0x00, 0xcb, 0x06, 0x00, 0x00, 0xb8, 0x06, 0x00, // ................
	0x00, 0xca, 0x06, 0x00, 0x00, 0x94, 0x00, 0x05, 0x00, 0x06, 0x00, 0x00, 0x00, 0xd6, 0x06, 0x00, // ................
	0x00, 0xeb, 0x0a, 0x00, 0x00, 0x4f, 0x05, 0x00, 0x00, 0x0c, 0x00, 0x07, 0x00, 0x06, 0x00, 0x00, // .....O..........
	0x00, 0xd7, 0x06, 0x00, 0x00, 0x01, 0x00, 0x00, 0x00, 0x28, 0x00, 0x00, 0x00, 0xd6, 0x06, 0x00, // .........(......
	0x00, 0xbe, 0x00, 0x00, 0x00, 0x94, 0x00, 0x05, 0x00, 0x06, 0x00, 0x00, 0x00, 0xda, 0x06, 0x00, // ................
	0x00, 0xeb, 0x0a, 0x00, 0x00, 0x53, 0x05, 0x00, 0x00, 0x0c, 0x00, 0x07, 0x00, 0x06, 0x00, 0x00, // .....S..........
	0x00, 0xdb, 0x06, 0x00, 0x00, 0x01, 0x00, 0x00, 0x00, 0x28, 0x00, 0x00, 0x00, 0xda, 0x06, 0x00, // .........(......
	0x00, 0xbe, 0x00, 0x00, 0x00, 0x81, 0x00, 0x05, 0x00, 0x06, 0x00, 0x00, 0x00, 0xdd, 0x06, 0x00, // ................
	0x00, 0x5a, 0x05, 0x00, 0x00, 0xaf, 0x00, 0x00, 0x00, 0x85, 0x00, 0x05, 0x00, 0x06, 0x00, 0x00, // .Z..............
	0x00, 0xe0, 0x06, 0x00, 0x00, 0xdd, 0x06, 0x00, 0x00, 0xdd, 0x06, 0x00, 0x00, 0x85, 0x00, 0x05, // ................
	0x00, 0x06, 0x00, 0x00, 0x00, 0xe1, 0x06, 0x00, 0x00, 0xe0, 0x06, 0x00, 0x00, 0xe4, 0x0a, 0x00, // ................
	0x00, 0x83, 0x00, 0x05, 0x00, 0x06, 0x00, 0x00, 0x00, 0xe5, 0x06, 0x00, 0x00, 0xaf, 0x00, 0x00, // ................
	0x00, 0xe1, 0x06, 0x00, 0x00, 0x85, 0x00, 0x05, 0x00, 0x06, 0x00, 0x00, 0x00, 0xe6, 0x06, 0x00, // ................
	0x00, 0xd7, 0x06, 0x00, 0x00, 0xe5, 0x06, 0x00, 0x00, 0x81, 0x00, 0x05, 0x00, 0x06, 0x00, 0x00, // ................
	0x00, 0xe8, 0x06, 0x00, 0x00, 0xe6, 0x06, 0x00, 0x00, 0xe1, 0x06, 0x00, 0x00, 0x88, 0x00, 0x05, // ................
	0x00, 0x06, 0x00, 0x00, 0x00, 0xe9, 0x06, 0x00, 0x00, 0xd7, 0x06, 0x00, 0x00, 0xe8, 0x06, 0x00, // ................
	0x00, 0x85, 0x00, 0x05, 0x00, 0x06, 0x00, 0x00, 0x00, 0xee, 0x06, 0x00, 0x00, 0xdb, 0x06, 0x00, // ................
	0x00, 0xe5, 0x06, 0x00, 0x00, 0x81, 0x00, 0x05, 0x00, 0x06, 0x00, 0x00, 0x00, 0xf0, 0x06, 0x00, // ................
	0x00, 0xee, 0x06, 0x00, 0x00, 0xe1, 0x06, 0x00, 0x00, 0x88, 0x00, 0x05, 0x00, 0x06, 0x00, 0x00, // ................
	0x00, 0xf1, 0x06, 0x00, 0x00, 0xdb, 0x06, 0x00, 0x00, 0xf0, 0x06, 0x00, 0x00, 0x85, 0x00, 0x05, // ................
	0x00, 0x06, 0x00, 0x00, 0x00, 0xf4, 0x06, 0x00, 0x00, 0xe9, 0x06, 0x00, 0x00, 0xf1, 0x06, 0x00, // ................
	0x00, 0x41, 0x00, 0x05, 0x00, 0x1f, 0x02, 0x00, 0x00, 0x6f, 0x05, 0x00, 0x00, 0x8d, 0x00, 0x00, // .A.......o......
	0x00, 0x2d, 0x03, 0x00, 0x00, 0x3d, 0x00, 0x04, 0x00, 0x1a, 0x00, 0x00, 0x00, 0x70, 0x05, 0x00, // .-...=.......p..
	0x00, 0x6f, 0x05, 0x00, 0x00, 0x4f, 0x00, 0x08, 0x00, 0x0e, 0x00, 0x00, 0x00, 0x71, 0x05, 0x00, // .o...O.......q..
	0x00, 0x70, 0x05, 0x00, 0x00, 0x70, 0x05, 0x00, 0x00, 0x00, 0x00, 0x00, 0x00, 0x01, 0x00, 0x00, // .p...p..........
	0x00, 0x02, 0x00, 0x00, 0x00, 0x4f, 0x00, 0x08, 0x00, 0x0e, 0x00, 0x00, 0x00, 0x73, 0x05, 0x00, // .....O.......s..
	0x00, 0x95, 0x04, 0x00, 0x00, 0x95, 0x04, 0x00, 0x00, 0x00, 0x00, 0x00, 0x00, 0x01, 0x00, 0x00, // ................
	0x00, 0x02, 0x00, 0x00, 0x00, 0x85, 0x00, 0x05, 0x00, 0x0e, 0x00, 0x00, 0x00, 0x74, 0x05, 0x00, // .............t..
	0x00, 0x71, 0x05, 0x00, 0x00, 0x73, 0x05, 0x00, 0x00, 0x50, 0x00, 0x06, 0x00, 0x0e, 0x00, 0x00, // .q...s...P......
	0x00, 0x76, 0x05, 0x00, 0x00, 0x57, 0x05, 0x00, 0x00, 0x57, 0x05, 0x00, 0x00, 0x57, 0x05, 0x00, // .v...W...W...W..
	0x00, 0x0c, 0x00, 0x08, 0x00, 0x0e, 0x00, 0x00, 0x00, 0xfe, 0x06, 0x00, 0x00, 0x01, 0x00, 0x00, // ................
	0x00, 0x2e, 0x00, 0x00, 0x00, 0xe5, 0x0a, 0x00, 0x00, 0x74, 0x05, 0x00, 0x00, 0x76, 0x05, 0x00, // .........t...v..
	0x00, 0x94, 0x00, 0x05, 0x00, 0x06, 0x00, 0x00, 0x00, 0x7a, 0x05, 0x00, 0x00, 0x64, 0x05, 0x00, // .........z...d..
	0x00, 0x4f, 0x05, 0x00, 0x00, 0x0c, 0x00, 0x07, 0x00, 0x06, 0x00, 0x00, 0x00, 0x7b, 0x05, 0x00, // .O...........{..
	0x00, 0x01, 0x00, 0x00, 0x00, 0x28, 0x00, 0x00, 0x00, 0x7a, 0x05, 0x00, 0x00, 0xbe, 0x00, 0x00, // .....(...z......
	0x00, 0x83, 0x00, 0x05, 0x00, 0x06, 0x00, 0x00, 0x00, 0x05, 0x07, 0x00, 0x00, 0xaf, 0x00, 0x00, // ................
	0x00, 0x7b, 0x05, 0x00, 0x00, 0x0c, 0x00, 0x08, 0x00, 0x06, 0x00, 0x00, 0x00, 0x06, 0x07, 0x00, // .{..............
	0x00, 0x01, 0x00, 0x00, 0x00, 0x2b, 0x00, 0x00, 0x00, 0x05, 0x07, 0x00, 0x00, 0xbe, 0x00, 0x00, // .....+..........
	0x00, 0xaf, 0x00, 0x00, 0x00, 0x85, 0x00, 0x05, 0x00, 0x06, 0x00, 0x00, 0x00, 0x09, 0x07, 0x00, // ................
	0x00, 0x06, 0x07, 0x00, 0x00, 0x06, 0x07, 0x00, 0x00, 0x85, 0x00, 0x05, 0x00, 0x06, 0x00, 0x00, // ................
	0x00, 0x0c, 0x07, 0x00, 0x00, 0x09, 0x07, 0x00, 0x00, 0x09, 0x07, 0x00, 0x00, 0x85, 0x00, 0x05, // ................
	0x00, 0x06, 0x00, 0x00, 0x00, 0x0e, 0x07, 0x00, 0x00, 0x0c, 0x07, 0x00, 0x00, 0x06, 0x07, 0x00, // ................
	0x00, 0x83, 0x00, 0x05, 0x00, 0x0e, 0x00, 0x00, 0x00, 0x12, 0x07, 0x00, 0x00, 0xe2, 0x0a, 0x00, // ................
	0x00, 0xfe, 0x06, 0x00, 0x00, 0x8e, 0x00, 0x05, 0x00, 0x0e, 0x00, 0x00, 0x00, 0x14, 0x07, 0x00, // ................
	0x00, 0x12, 0x07, 0x00, 0x00, 0x0e, 0x07, 0x00, 0x00, 0x81, 0x00, 0x05, 0x00, 0x0e, 0x00, 0x00, // ................
	0x00, 0x15, 0x07, 0x00, 0x00, 0xfe, 0x06, 0x00, 0x00, 0x14, 0x07, 0x00, 0x00, 0x83, 0x00, 0x05, // ................
	0x00, 0x0e, 0x00, 0x00, 0x00, 0x81, 0x05, 0x00, 0x00, 0xe2, 0x0a, 0x00, 0x00, 0x15, 0x07, 0x00, // ................
	0x00, 0x83, 0x00, 0x05, 0x00, 0x06, 0x00, 0x00, 0x00, 0x83, 0x05, 0x00, 0x00, 0xaf, 0x00, 0x00, // ................
	0x00, 0x57, 0x05, 0x00, 0x00, 0x8e, 0x00, 0x05, 0x00, 0x0e, 0x00, 0x00, 0x00, 0x84, 0x05, 0x00, // .W..............
	0x00, 0x81, 0x05, 0x00, 0x00, 0x83, 0x05, 0x00, 0x00, 0x85, 0x00, 0x05, 0x00, 0x06, 0x00, 0x00, // ................
	0x00, 0x87, 0x05, 0x00, 0x00, 0xcb, 0x06, 0x00, 0x00, 0xf4, 0x06, 0x00, 0x00, 0x8e, 0x00, 0x05, // ................
	0x00, 0x0e, 0x00, 0x00, 0x00, 0x89, 0x05, 0x00, 0x00, 0x15, 0x07, 0x00, 0x00, 0x87, 0x05, 0x00, // ................
	0x00, 0x85, 0x00, 0x05, 0x00, 0x06, 0x00, 0x00, 0x00, 0x8e, 0x05, 0x00, 0x00, 0x52, 0x03, 0x00, // .............R..
	0x00, 0xd7, 0x06, 0x00, 0x00, 0x0c, 0x00, 0x07, 0x00, 0x06, 0x00, 0x00, 0x00, 0x92, 0x05, 0x00, // ................
	0x00, 0x01, 0x00, 0x00, 0x00, 0x28, 0x00, 0x00, 0x00, 0xda, 0x06, 0x00, 0x00, 0xdf, 0x00, 0x00, // .....(..........
	0x00, 0x85, 0x00, 0x05, 0x00, 0x06, 0x00, 0x00, 0x00, 0x93, 0x05, 0x00, 0x00, 0x8e, 0x05, 0x00, // ................
	0x00, 0x92, 0x05, 0x00, 0x00, 0x0c, 0x00, 0x07, 0x00, 0x06, 0x00, 0x00, 0x00, 0x94, 0x05, 0x00, // ................
	0x00, 0x01, 0x00, 0x00, 0x00, 0x28, 0x00, 0x00, 0x00, 0x93, 0x05, 0x00, 0x00, 0xdf, 0x00, 0x00, // .....(..........
	0x00, 0x50, 0x00, 0x06, 0x00, 0x0e, 0x00, 0x00, 0x00, 0x95, 0x05, 0x00, 0x00, 0x94, 0x05, 0x00, // .P..............
	0x00, 0x94, 0x05, 0x00, 0x00, 0x94, 0x05, 0x00, 0x00, 0x88, 0x00, 0x05, 0x00, 0x0e, 0x00, 0x00, // ................
	0x00, 0x96, 0x05, 0x00, 0x00, 0x89, 0x05, 0x00, 0x00, 0x95, 0x05, 0x00, 0x00, 0x85, 0x00, 0x05, // ................
	0x00, 0x0e, 0x00, 0x00, 0x00, 0x9e, 0x05, 0x00, 0x00, 0xe6, 0x0a, 0x00, 0x00, 0x74, 0x05, 0x00, // .............t..
	0x00, 0x85, 0x00, 0x05, 0x00, 0x0e, 0x00, 0x00, 0x00, 0xa6, 0x05, 0x00, 0x00, 0x84, 0x05, 0x00, // ................
	0x00, 0x74, 0x05, 0x00, 0x00, 0x85, 0x00, 0x05, 0x00, 0x0e, 0x00, 0x00, 0x00, 0xa8, 0x05, 0x00, // .t..............
	0x00, 0xa6, 0x05, 0x00, 0x00, 0xe9, 0x0a, 0x00, 0x00, 0x81, 0x00, 0x05, 0x00, 0x0e, 0x00, 0x00, // ................
	0x00, 0xaa, 0x05, 0x00, 0x00, 0xa8, 0x05, 0x00, 0x00, 0x96, 0x05, 0x00, 0x00, 0x8e, 0x00, 0x05, // ................
	0x00, 0x0e, 0x00, 0x00, 0x00, 0xae, 0x05, 0x00, 0x00, 0xaa, 0x05, 0x00, 0x00, 0xdb, 0x06, 0x00, // ................
	0x00, 0x81, 0x00, 0x05, 0x00, 0x0e, 0x00, 0x00, 0x00, 0xaf, 0x05, 0x00, 0x00, 0x9e, 0x05, 0x00, // ................
	0x00, 0xae, 0x05, 0x00, 0x00, 0x81, 0x00, 0x05, 0x00, 0x0e, 0x00, 0x00, 0x00, 0xb3, 0x05, 0x00, // ................
	0x00, 0xaf, 0x05, 0x00, 0x00, 0xe2, 0x0a, 0x00, 0x00, 0x88, 0x00, 0x05, 0x00, 0x0e, 0x00, 0x00, // ................
	0x00, 0xb4, 0x05, 0x00, 0x00, 0xaf, 0x05, 0x00, 0x00, 0xb3, 0x05, 0x00, 0x00, 0x0c, 0x00, 0x07, // ................
	0x00, 0x0e, 0x00, 0x00, 0x00, 0xb7, 0x05, 0x00, 0x00, 0x01, 0x00, 0x00, 0x00, 0x1a, 0x00, 0x00, // ................
	0x00, 0xb4, 0x05, 0x00, 0x00, 0xe3, 0x0a, 0x00, 0x00, 0x41, 0x00, 0x06, 0x00, 0x92, 0x00, 0x00, // .........A......
	0x00, 0xb8, 0x05, 0x00, 0x00, 0x8d, 0x00, 0x00, 0x00, 0x2d, 0x03, 0x00, 0x00, 0x0a, 0x03, 0x00, // .........-......
	0x00, 0x3d, 0x00, 0x04, 0x00, 0x06, 0x00, 0x00, 0x00, 0xb9, 0x05, 0x00, 0x00, 0xb8, 0x05, 0x00, // .=..............
	0x00, 0x51, 0x00, 0x05, 0x00, 0x06, 0x00, 0x00, 0x00, 0xbb, 0x05, 0x00, 0x00, 0x95, 0x04, 0x00, // .Q..............
	0x00, 0x03, 0x00, 0x00, 0x00, 0x85, 0x00, 0x05, 0x00, 0x06, 0x00, 0x00, 0x00, 0xbc, 0x05, 0x00, // ................
	0x00, 0xb9, 0x05, 0x00, 0x00, 0xbb, 0x05, 0x00, 0x00, 0x51, 0x00, 0x05, 0x00, 0x06, 0x00, 0x00, // .........Q......
	0x00, 0xbd, 0x05, 0x00, 0x00, 0xb7, 0x05, 0x00, 0x00, 0x00, 0x00, 0x00, 0x00, 0x51, 0x00, 0x05, // .............Q..
	0x00, 0x06, 0x00, 0x00, 0x00, 0xbe, 0x05, 0x00, 0x00, 0xb7, 0x05, 0x00, 0x00, 0x01, 0x00, 0x00, // ................
	0x00, 0x51, 0x00, 0x05, 0x00, 0x06, 0x00, 0x00, 0x00, 0xbf, 0x05, 0x00, 0x00, 0xb7, 0x05, 0x00, // .Q..............
	0x00, 0x02, 0x00, 0x00, 0x00, 0x50, 0x00, 0x07, 0x00, 0x1a, 0x00, 0x00, 0x00, 0xc0, 0x05, 0x00, // .....P..........
	0x00, 0xbd, 0x05, 0x00, 0x00, 0xbe, 0x05, 0x00, 0x00, 0xbf, 0x05, 0x00, 0x00, 0xbc, 0x05, 0x00, // ................
	0x00, 0xf9, 0x00, 0x02, 0x00, 0x7a, 0x06, 0x00, 0x00, 0xf8, 0x00, 0x02, 0x00, 0xc1, 0x05, 0x00, // .....z..........
	0x00, 0xb8, 0x00, 0x05, 0x00, 0x96, 0x00, 0x00, 0x00, 0xc3, 0x05, 0x00, 0x00, 0x55, 0x05, 0x00, // .............U..
	0x00, 0x7b, 0x02, 0x00, 0x00, 0xf7, 0x00, 0x03, 0x00, 0x79, 0x06, 0x00, 0x00, 0x00, 0x00, 0x00, // .{.......y......
	0x00, 0xfa, 0x00, 0x04, 0x00, 0xc3, 0x05, 0x00, 0x00, 0xc4, 0x05, 0x00, 0x00, 0xd2, 0x05, 0x00, // ................
	0x00, 0xf8, 0x00, 0x02, 0x00, 0xc4, 0x05, 0x00, 0x00, 0x94, 0x00, 0x05, 0x00, 0x06, 0x00, 0x00, // ................
	0x00, 0x36, 0x07, 0x00, 0x00, 0xeb, 0x0a, 0x00, 0x00, 0x53, 0x05, 0x00, 0x00, 0x81, 0x00, 0x05, // .6.......S......
	0x00, 0x06, 0x00, 0x00, 0x00, 0x38, 0x07, 0x00, 0x00, 0x36, 0x07, 0x00, 0x00, 0xaf, 0x00, 0x00, // .....8...6......
	0x00, 0x85, 0x00, 0x05, 0x00, 0x06, 0x00, 0x00, 0x00, 0x39, 0x07, 0x00, 0x00, 0x38, 0x07, 0x00, // .........9...8..
	0x00, 0x95, 0x00, 0x00, 0x00, 0x0c, 0x00, 0x08, 0x00, 0x06, 0x00, 0x00, 0x00, 0x3a, 0x07, 0x00, // .............:..
	0x00, 0x01, 0x00, 0x00, 0x00, 0x2b, 0x00, 0x00, 0x00, 0x39, 0x07, 0x00, 0x00, 0xbe, 0x00, 0x00, // .....+...9......
	0x00, 0xaf, 0x00, 0x00, 0x00, 0x0c, 0x00, 0x07, 0x00, 0x06, 0x00, 0x00, 0x00, 0x3e, 0x07, 0x00, // .............>..
	0x00, 0x01, 0x00, 0x00, 0x00, 0x1a, 0x00, 0x00, 0x00, 0x3a, 0x07, 0x00, 0x00, 0x5c, 0x01, 0x00, // .........:......
	0x00, 0x50, 0x00, 0x06, 0x00, 0x0e, 0x00, 0x00, 0x00, 0x40, 0x07, 0x00, 0x00, 0x3e, 0x07, 0x00, // .P.......@...>..
	0x00, 0x3e, 0x07, 0x00, 0x00, 0x3e, 0x07, 0x00, 0x00, 0x0c, 0x00, 0x08, 0x00, 0x0e, 0x00, 0x00, // .>...>..........
	0x00, 0x55, 0x07, 0x00, 0x00, 0x01, 0x00, 0x00, 0x00, 0x2e, 0x00, 0x00, 0x00, 0xe7, 0x01, 0x00, // .U..............
	0x00, 0xe4, 0x01, 0x00, 0x00, 0x40, 0x07, 0x00, 0x00, 0x94, 0x00, 0x05, 0x00, 0x06, 0x00, 0x00, // .....@..........
	0x00, 0x46, 0x07, 0x00, 0x00, 0xeb, 0x0a, 0x00, 0x00, 0x4f, 0x05, 0x00, 0x00, 0x0c, 0x00, 0x07, // .F.......O......
	0x00, 0x06, 0x00, 0x00, 0x00, 0x47, 0x07, 0x00, 0x00, 0x01, 0x00, 0x00, 0x00, 0x28, 0x00, 0x00, // .....G.......(..
	0x00, 0x46, 0x07, 0x00, 0x00, 0xbe, 0x00, 0x00, 0x00, 0x83, 0x00, 0x05, 0x00, 0x06, 0x00, 0x00, // .F..............
	0x00, 0x48, 0x07, 0x00, 0x00, 0xaf, 0x00, 0x00, 0x00, 0x47, 0x07, 0x00, 0x00, 0x0c, 0x00, 0x08, // .H.......G......
	0x00, 0x06, 0x00, 0x00, 0x00, 0x4a, 0x07, 0x00, 0x00, 0x01, 0x00, 0x00, 0x00, 0x31, 0x00, 0x00, // .....J.......1..
	0x00, 0xbe, 0x00, 0x00, 0x00, 0xf7, 0x01, 0x00, 0x00, 0x48, 0x07, 0x00, 0x00, 0x85, 0x00, 0x05, // .........H......
	0x00, 0x06, 0x00, 0x00, 0x00, 0x4b, 0x07, 0x00, 0x00, 0x4a, 0x07, 0x00, 0x00, 0xfa, 0x01, 0x00, // .....K...J......
	0x00, 0x50, 0x00, 0x06, 0x00, 0x0e, 0x00, 0x00, 0x00, 0x59, 0x07, 0x00, 0x00, 0x4b, 0x07, 0x00, // .P.......Y...K..
	0x00, 0x4b, 0x07, 0x00, 0x00, 0x4b, 0x07, 0x00, 0x00, 0x81, 0x00, 0x05, 0x00, 0x0e, 0x00, 0x00, // .K...K..........
	0x00, 0x4e, 0x07, 0x00, 0x00, 0x55, 0x07, 0x00, 0x00, 0x59, 0x07, 0x00, 0x00, 0x41, 0x00, 0x06, // .N...U...Y...A..
	0x00, 0x92, 0x00, 0x00, 0x00, 0xc9, 0x05, 0x00, 0x00, 0x8d, 0x00, 0x00, 0x00, 0x2d, 0x03, 0x00, // .............-..
	0x00, 0x0a, 0x03, 0x00, 0x00, 0x3d, 0x00, 0x04, 0x00, 0x06, 0x00, 0x00, 0x00, 0xca, 0x05, 0x00, // .....=..........
	0x00, 0xc9, 0x05, 0x00, 0x00, 0x51, 0x00, 0x05, 0x00, 0x06, 0x00, 0x00, 0x00, 0xcc, 0x05, 0x00, // .....Q..........
	0x00, 0x95, 0x04, 0x00, 0x00, 0x03, 0x00, 0x00, 0x00, 0x85, 0x00, 0x05, 0x00, 0x06, 0x00, 0x00, // ................
	0x00, 0xcd, 0x05, 0x00, 0x00, 0xca, 0x05, 0x00, 0x00, 0xcc, 0x05, 0x00, 0x00, 0x51, 0x00, 0x05, // .............Q..
	0x00, 0x06, 0x00, 0x00, 0x00, 0xce, 0x05, 0x00, 0x00, 0x4e, 0x07, 0x00, 0x00, 0x00, 0x00, 0x00, // .........N......
	0x00, 0x51, 0x00, 0x05, 0x00, 0x06, 0x00, 0x00, 0x00, 0xcf, 0x05, 0x00, 0x00, 0x4e, 0x07, 0x00, // .Q...........N..
	0x00, 0x01, 0x00, 0x00, 0x00, 0x51, 0x00, 0x05, 0x00, 0x06, 0x00, 0x00, 0x00, 0xd0, 0x05, 0x00, // .....Q..........
	0x00, 0x4e, 0x07, 0x00, 0x00, 0x02, 0x00, 0x00, 0x00, 0x50, 0x00, 0x07, 0x00, 0x1a, 0x00, 0x00, // .N.......P......
	0x00, 0xd1, 0x05, 0x00, 0x00, 0xce, 0x05, 0x00, 0x00, 0xcf, 0x05, 0x00, 0x00, 0xd0, 0x05, 0x00, // ................
	0x00, 0xcd, 0x05, 0x00, 0x00, 0xf9, 0x00, 0x02, 0x00, 0x79, 0x06, 0x00, 0x00, 0xf8, 0x00, 0x02, // .........y......
	0x00, 0xd2, 0x05, 0x00, 0x00, 0xb8, 0x00, 0x05, 0x00, 0x96, 0x00, 0x00, 0x00, 0xd4, 0x05, 0x00, // ................
	0x00, 0x55, 0x05, 0x00, 0x00, 0xa9, 0x03, 0x00, 0x00, 0xf7, 0x00, 0x03, 0x00, 0x78, 0x06, 0x00, // .U...........x..
	0x00, 0x00, 0x00, 0x00, 0x00, 0xfa, 0x00, 0x04, 0x00, 0xd4, 0x05, 0x00, 0x00, 0xd5, 0x05, 0x00, // ................
	0x00, 0xd6, 0x05, 0x00, 0x00, 0xf8, 0x00, 0x02, 0x00, 0xd5, 0x05, 0x00, 0x00, 0xfc, 0x00, 0x01, // ................
	0x00, 0xf8, 0x00, 0x02, 0x00, 0xd6, 0x05, 0x00, 0x00, 0xb8, 0x00, 0x05, 0x00, 0x96, 0x00, 0x00, // ................
	0x00, 0xd8, 0x05, 0x00, 0x00, 0x55, 0x05, 0x00, 0x00, 0xb0, 0x03, 0x00, 0x00, 0xf7, 0x00, 0x03, // .....U..........
	0x00, 0x77, 0x06, 0x00, 0x00, 0x00, 0x00, 0x00, 0x00, 0xfa, 0x00, 0x04, 0x00, 0xd8, 0x05, 0x00, // .w..............
	0x00, 0xd9, 0x05, 0x00, 0x00, 0xfa, 0x05, 0x00, 0x00, 0xf8, 0x00, 0x02, 0x00, 0xd9, 0x05, 0x00, // ................
	0x00, 0x41, 0x00, 0x05, 0x00, 0x1f, 0x02, 0x00, 0x00, 0xda, 0x05, 0x00, 0x00, 0x8d, 0x00, 0x00, // .A..............
	0x00, 0x2d, 0x03, 0x00, 0x00, 0x3d, 0x00, 0x04, 0x00, 0x1a, 0x00, 0x00, 0x00, 0xdb, 0x05, 0x00, // .-...=..........
	0x00, 0xda, 0x05, 0x00, 0x00, 0x4f, 0x00, 0x08, 0x00, 0x0e, 0x00, 0x00, 0x00, 0xdc, 0x05, 0x00, // .....O..........
	0x00, 0xdb, 0x05, 0x00, 0x00, 0xdb, 0x05, 0x00, 0x00, 0x00, 0x00, 0x00, 0x00, 0x01, 0x00, 0x00, // ................
	0x00, 0x02, 0x00, 0x00, 0x00, 0x4f, 0x00, 0x08, 0x00, 0x0e, 0x00, 0x00, 0x00, 0xde, 0x05, 0x00, // .....O..........
	0x00, 0x95, 0x04, 0x00, 0x00, 0x95, 0x04, 0x00, 0x00, 0x00, 0x00, 0x00, 0x00, 0x01, 0x00, 0x00, // ................
	0x00, 0x02, 0x00, 0x00, 0x00, 0x85, 0x00, 0x05, 0x00, 0x0e, 0x00, 0x00, 0x00, 0xdf, 0x05, 0x00, // ................
	0x00, 0xdc, 0x05, 0x00, 0x00, 0xde, 0x05, 0x00, 0x00, 0x94, 0x00, 0x05, 0x00, 0x06, 0x00, 0x00, // ................
	0x00, 0x5e, 0x07, 0x00, 0x00, 0xeb, 0x0a, 0x00, 0x00, 0x53, 0x05, 0x00, 0x00, 0x0c, 0x00, 0x07, // .^.......S......
	0x00, 0x06, 0x00, 0x00, 0x00, 0x5f, 0x07, 0x00, 0x00, 0x01, 0x00, 0x00, 0x00, 0x28, 0x00, 0x00, // ....._.......(..
	0x00, 0x5e, 0x07, 0x00, 0x00, 0xbe, 0x00, 0x00, 0x00, 0x81, 0x00, 0x05, 0x00, 0x06, 0x00, 0x00, // .^..............
	0x00, 0xe3, 0x05, 0x00, 0x00, 0x54, 0x02, 0x00, 0x00, 0x5f, 0x07, 0x00, 0x00, 0x8e, 0x00, 0x05, // .....T..._......
	0x00, 0x0e, 0x00, 0x00, 0x00, 0xe4, 0x05, 0x00, 0x00, 0xdf, 0x05, 0x00, 0x00, 0xe3, 0x05, 0x00, // ................
	0x00, 0x81, 0x00, 0x05, 0x00, 0x0e, 0x00, 0x00, 0x00, 0x66, 0x07, 0x00, 0x00, 0x53, 0x05, 0x00, // .........f...S..
	0x00, 0x4f, 0x05, 0x00, 0x00, 0x0c, 0x00, 0x06, 0x00, 0x0e, 0x00, 0x00, 0x00, 0x67, 0x07, 0x00, // .O...........g..
	0x00, 0x01, 0x00, 0x00, 0x00, 0x45, 0x00, 0x00, 0x00, 0x66, 0x07, 0x00, 0x00, 0x94, 0x00, 0x05, // .....E...f......
	0x00, 0x06, 0x00, 0x00, 0x00, 0x6a, 0x07, 0x00, 0x00, 0xeb, 0x0a, 0x00, 0x00, 0x67, 0x07, 0x00, // .....j.......g..
	0x00, 0x0c, 0x00, 0x07, 0x00, 0x06, 0x00, 0x00, 0x00, 0x6b, 0x07, 0x00, 0x00, 0x01, 0x00, 0x00, // .........k......
	0x00, 0x28, 0x00, 0x00, 0x00, 0x6a, 0x07, 0x00, 0x00, 0xbe, 0x00, 0x00, 0x00, 0x0c, 0x00, 0x07, // .(...j..........
	0x00, 0x06, 0x00, 0x00, 0x00, 0x6f, 0x07, 0x00, 0x00, 0x01, 0x00, 0x00, 0x00, 0x1a, 0x00, 0x00, // .....o..........
	0x00, 0x6b, 0x07, 0x00, 0x00, 0xc2, 0x03, 0x00, 0x00, 0x85, 0x00, 0x05, 0x00, 0x06, 0x00, 0x00, // .k..............
	0x00, 0xe9, 0x05, 0x00, 0x00, 0x6f, 0x07, 0x00, 0x00, 0x95, 0x00, 0x00, 0x00, 0x50, 0x00, 0x06, // .....o.......P..
	0x00, 0x0e, 0x00, 0x00, 0x00, 0x73, 0x07, 0x00, 0x00, 0xe9, 0x05, 0x00, 0x00, 0xe9, 0x05, 0x00, // .....s..........
	0x00, 0xe9, 0x05, 0x00, 0x00, 0x81, 0x00, 0x05, 0x00, 0x0e, 0x00, 0x00, 0x00, 0xec, 0x05, 0x00, // ................
	0x00, 0xe4, 0x05, 0x00, 0x00, 0x73, 0x07, 0x00, 0x00, 0x94, 0x00, 0x05, 0x00, 0x06, 0x00, 0x00, // .....s..........
	0x00, 0xee, 0x05, 0x00, 0x00, 0xec, 0x05, 0x00, 0x00, 0xd5, 0x03, 0x00, 0x00, 0x41, 0x00, 0x06, // .............A..
	0x00, 0x92, 0x00, 0x00, 0x00, 0xf1, 0x05, 0x00, 0x00, 0x8d, 0x00, 0x00, 0x00, 0x2d, 0x03, 0x00, // .............-..
	0x00, 0x0a, 0x03, 0x00, 0x00, 0x3d, 0x00, 0x04, 0x00, 0x06, 0x00, 0x00, 0x00, 0xf2, 0x05, 0x00, // .....=..........
	0x00, 0xf1, 0x05, 0x00, 0x00, 0x51, 0x00, 0x05, 0x00, 0x06, 0x00, 0x00, 0x00, 0xf4, 0x05, 0x00, // .....Q..........
	0x00, 0x95, 0x04, 0x00, 0x00, 0x03, 0x00, 0x00, 0x00, 0x85, 0x00, 0x05, 0x00, 0x06, 0x00, 0x00, // ................
	0x00, 0xf5, 0x05, 0x00, 0x00, 0xf2, 0x05, 0x00, 0x00, 0xf4, 0x05, 0x00, 0x00, 0x50, 0x00, 0x07, // .............P..
	0x00, 0x1a, 0x00, 0x00, 0x00, 0xf9, 0x05, 0x00, 0x00, 0xee, 0x05, 0x00, 0x00, 0xee, 0x05, 0x00, // ................
	0x00, 0xee, 0x05, 0x00, 0x00, 0xf5, 0x05, 0x00, 0x00, 0xf9, 0x00, 0x02, 0x00, 0x77, 0x06, 0x00, // .............w..
	0x00, 0xf8, 0x00, 0x02, 0x00, 0xfa, 0x05, 0x00, 0x00, 0xb8, 0x00, 0x05, 0x00, 0x96, 0x00, 0x00, // ................
	0x00, 0xfc, 0x05, 0x00, 0x00, 0x55, 0x05, 0x00, 0x00, 0xe5, 0x03, 0x00, 0x00, 0xf7, 0x00, 0x03, // .....U..........
	0x00, 0x76, 0x06, 0x00, 0x00, 0x00, 0x00, 0x00, 0x00, 0xfa, 0x00, 0x04, 0x00, 0xfc, 0x05, 0x00, // .v..............
	0x00, 0xfd, 0x05, 0x00, 0x00, 0x22, 0x06, 0x00, 0x00, 0xf8, 0x00, 0x02, 0x00, 0xfd, 0x05, 0x00, // ....."..........
	0x00, 0x41, 0x00, 0x05, 0x00, 0x1f, 0x02, 0x00, 0x00, 0xfe, 0x05, 0x00, 0x00, 0x8d, 0x00, 0x00, // .A..............
	0x00, 0x2d, 0x03, 0x00, 0x00, 0x3d, 0x00, 0x04, 0x00, 0x1a, 0x00, 0x00, 0x00, 0xff, 0x05, 0x00, // .-...=..........
	0x00, 0xfe, 0x05, 0x00, 0x00, 0x4f, 0x00, 0x08, 0x00, 0x0e, 0x00, 0x00, 0x00, 0x00, 0x06, 0x00, // .....O..........
	0x00, 0xff, 0x05, 0x00, 0x00, 0xff, 0x05, 0x00, 0x00, 0x00, 0x00, 0x00, 0x00, 0x01, 0x00, 0x00, // ................
	0x00, 0x02, 0x00, 0x00, 0x00, 0x4f, 0x00, 0x08, 0x00, 0x0e, 0x00, 0x00, 0x00, 0x02, 0x06, 0x00, // .....O..........
	0x00, 0x95, 0x04, 0x00, 0x00, 0x95, 0x04, 0x00, 0x00, 0x00, 0x00, 0x00, 0x00, 0x01, 0x00, 0x00, // ................
	0x00, 0x02, 0x00, 0x00, 0x00, 0x85, 0x00, 0x05, 0x00, 0x0e, 0x00, 0x00, 0x00, 0x03, 0x06, 0x00, // ................
	0x00, 0x00, 0x06, 0x00, 0x00, 0x02, 0x06, 0x00, 0x00, 0x94, 0x00, 0x05, 0x00, 0x06, 0x00, 0x00, // ................
	0x00, 0x7c, 0x07, 0x00, 0x00, 0xeb, 0x0a, 0x00, 0x00, 0x53, 0x05, 0x00, 0x00, 0x0c, 0x00, 0x07, // .|.......S......
	0x00, 0x06, 0x00, 0x00, 0x00, 0x7d, 0x07, 0x00, 0x00, 0x01, 0x00, 0x00, 0x00, 0x28, 0x00, 0x00, // .....}.......(..
	0x00, 0x7c, 0x07, 0x00, 0x00, 0xbe, 0x00, 0x00, 0x00, 0x81, 0x00, 0x05, 0x00, 0x06, 0x00, 0x00, // .|..............
	0x00, 0x07, 0x06, 0x00, 0x00, 0x54, 0x02, 0x00, 0x00, 0x7d, 0x07, 0x00, 0x00, 0x8e, 0x00, 0x05, // .....T...}......
	0x00, 0x0e, 0x00, 0x00, 0x00, 0x08, 0x06, 0x00, 0x00, 0x03, 0x06, 0x00, 0x00, 0x07, 0x06, 0x00, // ................
	0x00, 0x81, 0x00, 0x05, 0x00, 0x0e, 0x00, 0x00, 0x00, 0x84, 0x07, 0x00, 0x00, 0x53, 0x05, 0x00, // .............S..
	0x00, 0x4f, 0x05, 0x00, 0x00, 0x0c, 0x00, 0x06, 0x00, 0x0e, 0x00, 0x00, 0x00, 0x85, 0x07, 0x00, // .O..............
	0x00, 0x01, 0x00, 0x00, 0x00, 0x45, 0x00, 0x00, 0x00, 0x84, 0x07, 0x00, 0x00, 0x94, 0x00, 0x05, // .....E..........
	0x00, 0x06, 0x00, 0x00, 0x00, 0x88, 0x07, 0x00, 0x00, 0xeb, 0x0a, 0x00, 0x00, 0x85, 0x07, 0x00, // ................
	0x00, 0x0c, 0x00, 0x07, 0x00, 0x06, 0x00, 0x00, 0x00, 0x89, 0x07, 0x00, 0x00, 0x01, 0x00, 0x00, // ................
	0x00, 0x28, 0x00, 0x00, 0x00, 0x88, 0x07, 0x00, 0x00, 0xbe, 0x00, 0x00, 0x00, 0x0c, 0x00, 0x07, // .(..............
	0x00, 0x06, 0x00, 0x00, 0x00, 0x8d, 0x07, 0x00, 0x00, 0x01, 0x00, 0x00, 0x00, 0x1a, 0x00, 0x00, // ................
	0x00, 0x89, 0x07, 0x00, 0x00, 0xc2, 0x03, 0x00, 0x00, 0x85, 0x00, 0x05, 0x00, 0x06, 0x00, 0x00, // ................
	0x00, 0x0d, 0x06, 0x00, 0x00, 0x8d, 0x07, 0x00, 0x00, 0x95, 0x00, 0x00, 0x00, 0x50, 0x00, 0x06, // .............P..
	0x00, 0x0e, 0x00, 0x00, 0x00, 0x91, 0x07, 0x00, 0x00, 0x0d, 0x06, 0x00, 0x00, 0x0d, 0x06, 0x00, // ................
	0x00, 0x0d, 0x06, 0x00, 0x00, 0x81, 0x00, 0x05, 0x00, 0x0e, 0x00, 0x00, 0x00, 0x10, 0x06, 0x00, // ................
	0x00, 0x08, 0x06, 0x00, 0x00, 0x91, 0x07, 0x00, 0x00, 0x81, 0x00, 0x05, 0x00, 0x0e, 0x00, 0x00, // ................
	0x00, 0x14, 0x06, 0x00, 0x00, 0x10, 0x06, 0x00, 0x00, 0xe2, 0x0a, 0x00, 0x00, 0x88, 0x00, 0x05, // ................
	0x00, 0x0e, 0x00, 0x00, 0x00, 0x15, 0x06, 0x00, 0x00, 0x10, 0x06, 0x00, 0x00, 0x14, 0x06, 0x00, // ................
	0x00, 0x0c, 0x00, 0x07, 0x00, 0x0e, 0x00, 0x00, 0x00, 0x18, 0x06, 0x00, 0x00, 0x01, 0x00, 0x00, // ................
	0x00, 0x1a, 0x00, 0x00, 0x00, 0x15, 0x06, 0x00, 0x00, 0xe3, 0x0a, 0x00, 0x00, 0x41, 0x00, 0x06, // .............A..
	0x00, 0x92, 0x00, 0x00, 0x00, 0x19, 0x06, 0x00, 0x00, 0x8d, 0x00, 0x00, 0x00, 0x2d, 0x03, 0x00, // .............-..
	0x00, 0x0a, 0x03, 0x00, 0x00, 0x3d, 0x00, 0x04, 0x00, 0x06, 0x00, 0x00, 0x00, 0x1a, 0x06, 0x00, // .....=..........
	0x00, 0x19, 0x06, 0x00, 0x00, 0x51, 0x00, 0x05, 0x00, 0x06, 0x00, 0x00, 0x00, 0x1c, 0x06, 0x00, // .....Q..........
	0x00, 0x95, 0x04, 0x00, 0x00, 0x03, 0x00, 0x00, 0x00, 0x85, 0x00, 0x05, 0x00, 0x06, 0x00, 0x00, // ................
	0x00, 0x1d, 0x06, 0x00, 0x00, 0x1a, 0x06, 0x00, 0x00, 0x1c, 0x06, 0x00, 0x00, 0x51, 0x00, 0x05, // .............Q..
	0x00, 0x06, 0x00, 0x00, 0x00, 0x1e, 0x06, 0x00, 0x00, 0x18, 0x06, 0x00, 0x00, 0x00, 0x00, 0x00, // ................
	0x00, 0x51, 0x00, 0x05, 0x00, 0x06, 0x00, 0x00, 0x00, 0x1f, 0x06, 0x00, 0x00, 0x18, 0x06, 0x00, // .Q..............
	0x00, 0x01, 0x00, 0x00, 0x00, 0x51, 0x00, 0x05, 0x00, 0x06, 0x00, 0x00, 0x00, 0x20, 0x06, 0x00, // .....Q....... ..
	0x00, 0x18, 0x06, 0x00, 0x00, 0x02, 0x00, 0x00, 0x00, 0x50, 0x00, 0x07, 0x00, 0x1a, 0x00, 0x00, // .........P......
	0x00, 0x21, 0x06, 0x00, 0x00, 0x1e, 0x06, 0x00, 0x00, 0x1f, 0x06, 0x00, 0x00, 0x20, 0x06, 0x00, // .!........... ..
	0x00, 0x1d, 0x06, 0x00, 0x00, 0xf9, 0x00, 0x02, 0x00, 0x76, 0x06, 0x00, 0x00, 0xf8, 0x00, 0x02, // .........v......
	0x00, 0x22, 0x06, 0x00, 0x00, 0xb8, 0x00, 0x05, 0x00, 0x96, 0x00, 0x00, 0x00, 0x24, 0x06, 0x00, // ."...........$..
	0x00, 0x55, 0x05, 0x00, 0x00, 0x19, 0x04, 0x00, 0x00, 0xf7, 0x00, 0x03, 0x00, 0x75, 0x06, 0x00, // .U...........u..
	0x00, 0x00, 0x00, 0x00, 0x00, 0xfa, 0x00, 0x04, 0x00, 0x24, 0x06, 0x00, 0x00, 0x25, 0x06, 0x00, // .........$...%..
	0x00, 0x30, 0x06, 0x00, 0x00, 0xf8, 0x00, 0x02, 0x00, 0x25, 0x06, 0x00, 0x00, 0x41, 0x00, 0x06, // .0.......%...A..
	0x00, 0x92, 0x00, 0x00, 0x00, 0x29, 0x06, 0x00, 0x00, 0x8d, 0x00, 0x00, 0x00, 0x1d, 0x04, 0x00, // .....)..........
	0x00, 0x9d, 0x00, 0x00, 0x00, 0x3d, 0x00, 0x04, 0x00, 0x06, 0x00, 0x00, 0x00, 0x2a, 0x06, 0x00, // .....=.......*..
	0x00, 0x29, 0x06, 0x00, 0x00, 0x4f, 0x00, 0x07, 0x00, 0x41, 0x00, 0x00, 0x00, 0xb1, 0x07, 0x00, // .)...O...A......
	0x00, 0xa2, 0x04, 0x00, 0x00, 0xa2, 0x04, 0x00, 0x00, 0x00, 0x00, 0x00, 0x00, 0x02, 0x00, 0x00, // ................
	0x00, 0x8e, 0x00, 0x05, 0x00, 0x41, 0x00, 0x00, 0x00, 0xb2, 0x07, 0x00, 0x00, 0xb1, 0x07, 0x00, // .....A..........
	0x00, 0x95, 0x00, 0x00, 0x00, 0x94, 0x00, 0x05, 0x00, 0x06, 0x00, 0x00, 0x00, 0xb4, 0x07, 0x00, // ................
	0x00, 0xeb, 0x0a, 0x00, 0x00, 0x6e, 0x02, 0x00, 0x00, 0x81, 0x00, 0x05, 0x00, 0x06, 0x00, 0x00, // .....n..........
	0x00, 0xb5, 0x07, 0x00, 0x00, 0xb4, 0x07, 0x00, 0x00, 0xaf, 0x00, 0x00, 0x00, 0x85, 0x00, 0x05, // ................
	0x00, 0x06, 0x00, 0x00, 0x00, 0xb6, 0x07, 0x00, 0x00, 0xb5, 0x07, 0x00, 0x00, 0x95, 0x00, 0x00, // ................
	0x00, 0xb8, 0x00, 0x05, 0x00, 0x96, 0x00, 0x00, 0x00, 0xb8, 0x07, 0x00, 0x00, 0xb6, 0x07, 0x00, // ................
	0x00, 0xfa, 0x01, 0x00, 0x00, 0xf7, 0x00, 0x03, 0x00, 0xcf, 0x07, 0x00, 0x00, 0x00, 0x00, 0x00, // ................
	0x00, 0xfa, 0x00, 0x04, 0x00, 0xb8, 0x07, 0x00, 0x00, 0xb9, 0x07, 0x00, 0x00, 0xc5, 0x07, 0x00, // ................
	0x00, 0xf8, 0x00, 0x02, 0x00, 0xb9, 0x07, 0x00, 0x00, 0x51, 0x00, 0x05, 0x00, 0x06, 0x00, 0x00, // .........Q......
	0x00, 0x17, 0x08, 0x00, 0x00, 0xb2, 0x07, 0x00, 0x00, 0x01, 0x00, 0x00, 0x00, 0x85, 0x00, 0x05, // ................
	0x00, 0x06, 0x00, 0x00, 0x00, 0x18, 0x08, 0x00, 0x00, 0x17, 0x08, 0x00, 0x00, 0xaf, 0x01, 0x00, // ................
	0x00, 0x0c, 0x00, 0x06, 0x00, 0x06, 0x00, 0x00, 0x00, 0x19, 0x08, 0x00, 0x00, 0x01, 0x00, 0x00, // ................
	0x00, 0x0d, 0x00, 0x00, 0x00, 0x18, 0x08, 0x00, 0x00, 0x0c, 0x00, 0x07, 0x00, 0x06, 0x00, 0x00, // ................
	0x00, 0x1a, 0x08, 0x00, 0x00, 0x01, 0x00, 0x00, 0x00, 0x30, 0x00, 0x00, 0x00, 0xac, 0x01, 0x00, // .........0......
	0x00, 0x19, 0x08, 0x00, 0x00, 0x51, 0x00, 0x05, 0x00, 0x06, 0x00, 0x00, 0x00, 0x1e, 0x08, 0x00, // .....Q..........
	0x00, 0xb2, 0x07, 0x00, 0x00, 0x00, 0x00, 0x00, 0x00, 0x85, 0x00, 0x05, 0x00, 0x06, 0x00, 0x00, // ................
	0x00, 0x1f, 0x08, 0x00, 0x00, 0x1e, 0x08, 0x00, 0x00, 0xaf, 0x01, 0x00, 0x00, 0x0c, 0x00, 0x06, // ................
	0x00, 0x06, 0x00, 0x00, 0x00, 0x20, 0x08, 0x00, 0x00, 0x01, 0x00, 0x00, 0x00, 0x0d, 0x00, 0x00, // ..... ..........
	0x00, 0x1f, 0x08, 0x00, 0x00, 0x0c, 0x00, 0x07, 0x00, 0x06, 0x00, 0x00, 0x00, 0x21, 0x08, 0x00, // .............!..
	0x00, 0x01, 0x00, 0x00, 0x00, 0x30, 0x00, 0x00, 0x00, 0xac, 0x01, 0x00, 0x00, 0x20, 0x08, 0x00, // .....0....... ..
	0x00, 0x81, 0x00, 0x05, 0x00, 0x06, 0x00, 0x00, 0x00, 0x23, 0x08, 0x00, 0x00, 0x1a, 0x08, 0x00, // .........#......
	0x00, 0x21, 0x08, 0x00, 0x00, 0x81, 0x00, 0x05, 0x00, 0x06, 0x00, 0x00, 0x00, 0x28, 0x08, 0x00, // .!...........(..
	0x00, 0x1e, 0x08, 0x00, 0x00, 0x17, 0x08, 0x00, 0x00, 0x85, 0x00, 0x05, 0x00, 0x06, 0x00, 0x00, // ................
	0x00, 0x29, 0x08, 0x00, 0x00, 0x28, 0x08, 0x00, 0x00, 0xaf, 0x01, 0x00, 0x00, 0x0c, 0x00, 0x06, // .)...(..........
	0x00, 0x06, 0x00, 0x00, 0x00, 0x2a, 0x08, 0x00, 0x00, 0x01, 0x00, 0x00, 0x00, 0x0d, 0x00, 0x00, // .....*..........
	0x00, 0x29, 0x08, 0x00, 0x00, 0x0c, 0x00, 0x07, 0x00, 0x06, 0x00, 0x00, 0x00, 0x2b, 0x08, 0x00, // .)...........+..
	0x00, 0x01, 0x00, 0x00, 0x00, 0x30, 0x00, 0x00, 0x00, 0xac, 0x01, 0x00, 0x00, 0x2a, 0x08, 0x00, // .....0.......*..
	0x00, 0x81, 0x00, 0x05, 0x00, 0x06, 0x00, 0x00, 0x00, 0x2d, 0x08, 0x00, 0x00, 0x23, 0x08, 0x00, // .........-...#..
	0x00, 0x2b, 0x08, 0x00, 0x00, 0x83, 0x00, 0x05, 0x00, 0x06, 0x00, 0x00, 0x00, 0x32, 0x08, 0x00, // .+...........2..
	0x00, 0x1e, 0x08, 0x00, 0x00, 0x17, 0x08, 0x00, 0x00, 0x85, 0x00, 0x05, 0x00, 0x06, 0x00, 0x00, // ................
	0x00, 0x33, 0x08, 0x00, 0x00, 0x32, 0x08, 0x00, 0x00, 0xaf, 0x01, 0x00, 0x00, 0x0c, 0x00, 0x06, // .3...2..........
	0x00, 0x06, 0x00, 0x00, 0x00, 0x34, 0x08, 0x00, 0x00, 0x01, 0x00, 0x00, 0x00, 0x0d, 0x00, 0x00, // .....4..........
	0x00, 0x33, 0x08, 0x00, 0x00, 0x0c, 0x00, 0x07, 0x00, 0x06, 0x00, 0x00, 0x00, 0x35, 0x08, 0x00, // .3...........5..
	0x00, 0x01, 0x00, 0x00, 0x00, 0x30, 0x00, 0x00, 0x00, 0xac, 0x01, 0x00, 0x00, 0x34, 0x08, 0x00, // .....0.......4..
	0x00, 0x81, 0x00, 0x05, 0x00, 0x06, 0x00, 0x00, 0x00, 0x37, 0x08, 0x00, 0x00, 0x2d, 0x08, 0x00, // .........7...-..
	0x00, 0x35, 0x08, 0x00, 0x00, 0x85, 0x00, 0x05, 0x00, 0x06, 0x00, 0x00, 0x00, 0xbc, 0x07, 0x00, // .5..............
	0x00, 0x37, 0x08, 0x00, 0x00, 0x7b, 0x02, 0x00, 0x00, 0x8e, 0x00, 0x05, 0x00, 0x41, 0x00, 0x00, // .7...{.......A..
	0x00, 0xc0, 0x07, 0x00, 0x00, 0xb2, 0x07, 0x00, 0x00, 0x7b, 0x02, 0x00, 0x00, 0x51, 0x00, 0x05, // .........{...Q..
	0x00, 0x06, 0x00, 0x00, 0x00, 0x44, 0x08, 0x00, 0x00, 0xc0, 0x07, 0x00, 0x00, 0x00, 0x00, 0x00, // .....D..........
	0x00, 0x85, 0x00, 0x05, 0x00, 0x06, 0x00, 0x00, 0x00, 0x46, 0x08, 0x00, 0x00, 0x44, 0x08, 0x00, // .........F...D..
	0x00, 0xdd, 0x0a, 0x00, 0x00, 0x51, 0x00, 0x05, 0x00, 0x06, 0x00, 0x00, 0x00, 0x48, 0x08, 0x00, // .....Q.......H..
	0x00, 0xc0, 0x07, 0x00, 0x00, 0x01, 0x00, 0x00, 0x00, 0x85, 0x00, 0x05, 0x00, 0x06, 0x00, 0x00, // ................
	0x00, 0x4a, 0x08, 0x00, 0x00, 0x48, 0x08, 0x00, 0x00, 0xde, 0x0a, 0x00, 0x00, 0x81, 0x00, 0x05, // .J...H..........
	0x00, 0x06, 0x00, 0x00, 0x00, 0x4b, 0x08, 0x00, 0x00, 0x46, 0x08, 0x00, 0x00, 0x4a, 0x08, 0x00, // .....K...F...J..
	0x00, 0x85, 0x00, 0x05, 0x00, 0x06, 0x00, 0x00, 0x00, 0x50, 0x08, 0x00, 0x00, 0x44, 0x08, 0x00, // .........P...D..
	0x00, 0xdf, 0x0a, 0x00, 0x00, 0x85, 0x00, 0x05, 0x00, 0x06, 0x00, 0x00, 0x00, 0x54, 0x08, 0x00, // .............T..
	0x00, 0x48, 0x08, 0x00, 0x00, 0xdd, 0x0a, 0x00, 0x00, 0x81, 0x00, 0x05, 0x00, 0x06, 0x00, 0x00, // .H..............
	0x00, 0x55, 0x08, 0x00, 0x00, 0x50, 0x08, 0x00, 0x00, 0x54, 0x08, 0x00, 0x00, 0x85, 0x00, 0x05, // .U...P...T......
	0x00, 0x06, 0x00, 0x00, 0x00, 0x59, 0x08, 0x00, 0x00, 0x55, 0x08, 0x00, 0x00, 0xaf, 0x01, 0x00, // .....Y...U......
	0x00, 0x0c, 0x00, 0x06, 0x00, 0x06, 0x00, 0x00, 0x00, 0x5a, 0x08, 0x00, 0x00, 0x01, 0x00, 0x00, // .........Z......
	0x00, 0x0d, 0x00, 0x00, 0x00, 0x59, 0x08, 0x00, 0x00, 0x0c, 0x00, 0x07, 0x00, 0x06, 0x00, 0x00, // .....Y..........
	0x00, 0x5b, 0x08, 0x00, 0x00, 0x01, 0x00, 0x00, 0x00, 0x30, 0x00, 0x00, 0x00, 0xac, 0x01, 0x00, // .[.......0......
	0x00, 0x5a, 0x08, 0x00, 0x00, 0x85, 0x00, 0x05, 0x00, 0x06, 0x00, 0x00, 0x00, 0x60, 0x08, 0x00, // .Z...........`..
	0x00, 0x4b, 0x08, 0x00, 0x00, 0xaf, 0x01, 0x00, 0x00, 0x0c, 0x00, 0x06, 0x00, 0x06, 0x00, 0x00, // .K..............
	0x00, 0x61, 0x08, 0x00, 0x00, 0x01, 0x00, 0x00, 0x00, 0x0d, 0x00, 0x00, 0x00, 0x60, 0x08, 0x00, // .a...........`..
	0x00, 0x0c, 0x00, 0x07, 0x00, 0x06, 0x00, 0x00, 0x00, 0x62, 0x08, 0x00, 0x00, 0x01, 0x00, 0x00, // .........b......
	0x00, 0x30, 0x00, 0x00, 0x00, 0xac, 0x01, 0x00, 0x00, 0x61, 0x08, 0x00, 0x00, 0x81, 0x00, 0x05, // .0.......a......
	0x00, 0x06, 0x00, 0x00, 0x00, 0x64, 0x08, 0x00, 0x00, 0x5b, 0x08, 0x00, 0x00, 0x62, 0x08, 0x00, // .....d...[...b..
	0x00, 0x81, 0x00, 0x05, 0x00, 0x06, 0x00, 0x00, 0x00, 0x69, 0x08, 0x00, 0x00, 0x4b, 0x08, 0x00, // .........i...K..
	0x00, 0x55, 0x08, 0x00, 0x00, 0x85, 0x00, 0x05, 0x00, 0x06, 0x00, 0x00, 0x00, 0x6a, 0x08, 0x00, // .U...........j..
	0x00, 0x69, 0x08, 0x00, 0x00, 0xaf, 0x01, 0x00, 0x00, 0x0c, 0x00, 0x06, 0x00, 0x06, 0x00, 0x00, // .i..............
	0x00, 0x6b, 0x08, 0x00, 0x00, 0x01, 0x00, 0x00, 0x00, 0x0d, 0x00, 0x00, 0x00, 0x6a, 0x08, 0x00, // .k...........j..
	0x00, 0x0c, 0x00, 0x07, 0x00, 0x06, 0x00, 0x00, 0x00, 0x6c, 0x08, 0x00, 0x00, 0x01, 0x00, 0x00, // .........l......
	0x00, 0x30, 0x00, 0x00, 0x00, 0xac, 0x01, 0x00, 0x00, 0x6b, 0x08, 0x00, 0x00, 0x81, 0x00, 0x05, // .0.......k......
	0x00, 0x06, 0x00, 0x00, 0x00, 0x6e, 0x08, 0x00, 0x00, 0x64, 0x08, 0x00, 0x00, 0x6c, 0x08, 0x00, // .....n...d...l..
	0x00, 0x83, 0x00, 0x05, 0x00, 0x06, 0x00, 0x00, 0x00, 0x73, 0x08, 0x00, 0x00, 0x4b, 0x08, 0x00, // .........s...K..
	0x00, 0x55, 0x08, 0x00, 0x00, 0x85, 0x00, 0x05, 0x00, 0x06, 0x00, 0x00, 0x00, 0x74, 0x08, 0x00, // .U...........t..
	0x00, 0x73, 0x08, 0x00, 0x00, 0xaf, 0x01, 0x00, 0x00, 0x0c, 0x00, 0x06, 0x00, 0x06, 0x00, 0x00, // .s..............
	0x00, 0x75, 0x08, 0x00, 0x00, 0x01, 0x00, 0x00, 0x00, 0x0d, 0x00, 0x00, 0x00, 0x74, 0x08, 0x00, // .u...........t..
	0x00, 0x0c, 0x00, 0x07, 0x00, 0x06, 0x00, 0x00, 0x00, 0x76, 0x08, 0x00, 0x00, 0x01, 0x00, 0x00, // .........v......
	0x00, 0x30, 0x00, 0x00, 0x00, 0xac, 0x01, 0x00, 0x00, 0x75, 0x08, 0x00, 0x00, 0x81, 0x00, 0x05, // .0.......u......
	0x00, 0x06, 0x00, 0x00, 0x00, 0x78, 0x08, 0x00, 0x00, 0x6e, 0x08, 0x00, 0x00, 0x76, 0x08, 0x00, // .....x...n...v..
	0x00, 0x81, 0x00, 0x05, 0x00, 0x06, 0x00, 0x00, 0x00, 0xc4, 0x07, 0x00, 0x00, 0xbc, 0x07, 0x00, // ................
	0x00, 0x78, 0x08, 0x00, 0x00, 0xf9, 0x00, 0x02, 0x00, 0xcf, 0x07, 0x00, 0x00, 0xf8, 0x00, 0x02, // .x..............
	0x00, 0xc5, 0x07, 0x00, 0x00, 0xb8, 0x00, 0x05, 0x00, 0x96, 0x00, 0x00, 0x00, 0xc7, 0x07, 0x00, // ................
	0x00, 0xb6, 0x07, 0x00, 0x00, 0xf7, 0x01, 0x00, 0x00, 0xf7, 0x00, 0x03, 0x00, 0xce, 0x07, 0x00, // ................
	0x00, 0x00, 0x00, 0x00, 0x00, 0xfa, 0x00, 0x04, 0x00, 0xc7, 0x07, 0x00, 0x00, 0xc8, 0x07, 0x00, // ................
	0x00, 0xce, 0x07, 0x00, 0x00, 0xf8, 0x00, 0x02, 0x00, 0xc8, 0x07, 0x00, 0x00, 0x51, 0x00, 0x05, // .............Q..
	0x00, 0x06, 0x00, 0x00, 0x00, 0x99, 0x08, 0x00, 0x00, 0xb2, 0x07, 0x00, 0x00, 0x01, 0x00, 0x00, // ................
	0x00, 0x85, 0x00, 0x05, 0x00, 0x06, 0x00, 0x00, 0x00, 0x9a, 0x08, 0x00, 0x00, 0x99, 0x08, 0x00, // ................
	0x00, 0xaf, 0x01, 0x00, 0x00, 0x0c, 0x00, 0x06, 0x00, 0x06, 0x00, 0x00, 0x00, 0x9b, 0x08, 0x00, // ................
	0x00, 0x01, 0x00, 0x00, 0x00, 0x0d, 0x00, 0x00, 0x00, 0x9a, 0x08, 0x00, 0x00, 0x0c, 0x00, 0x07, // ................
	0x00, 0x06, 0x00, 0x00, 0x00, 0x9c, 0x08, 0x00, 0x00, 0x01, 0x00, 0x00, 0x00, 0x30, 0x00, 0x00, // .............0..
	0x00, 0xac, 0x01, 0x00, 0x00, 0x9b, 0x08, 0x00, 0x00, 0x51, 0x00, 0x05, 0x00, 0x06, 0x00, 0x00, // .........Q......
	0x00, 0xa0, 0x08, 0x00, 0x00, 0xb2, 0x07, 0x00, 0x00, 0x00, 0x00, 0x00, 0x00, 0x85, 0x00, 0x05, // ................
	0x00, 0x06, 0x00, 0x00, 0x00, 0xa1, 0x08, 0x00, 0x00, 0xa0, 0x08, 0x00, 0x00, 0xaf, 0x01, 0x00, // ................
	0x00, 0x0c, 0x00, 0x06, 0x00, 0x06, 0x00, 0x00, 0x00, 0xa2, 0x08, 0x00, 0x00, 0x01, 0x00, 0x00, // ................
	0x00, 0x0d, 0x00, 0x00, 0x00, 0xa1, 0x08, 0x00, 0x00, 0x0c, 0x00, 0x07, 0x00, 0x06, 0x00, 0x00, // ................
	0x00, 0xa3, 0x08, 0x00, 0x00, 0x01, 0x00, 0x00, 0x00, 0x30, 0x00, 0x00, 0x00, 0xac, 0x01, 0x00, // .........0......
	0x00, 0xa2, 0x08, 0x00, 0x00, 0x81, 0x00, 0x05, 0x00, 0x06, 0x00, 0x00, 0x00, 0xa5, 0x08, 0x00, // ................
	0x00, 0x9c, 0x08, 0x00, 0x00, 0xa3, 0x08, 0x00, 0x00, 0x81, 0x00, 0x05, 0x00, 0x06, 0x00, 0x00, // ................
	0x00, 0xaa, 0x08, 0x00, 0x00, 0xa0, 0x08, 0x00, 0x00, 0x99, 0x08, 0x00, 0x00, 0x85, 0x00, 0x05, // ................
	0x00, 0x06, 0x00, 0x00, 0x00, 0xab, 0x08, 0x00, 0x00, 0xaa, 0x08, 0x00, 0x00, 0xaf, 0x01, 0x00, // ................
	0x00, 0x0c, 0x00, 0x06, 0x00, 0x06, 0x00, 0x00, 0x00, 0xac, 0x08, 0x00, 0x00, 0x01, 0x00, 0x00, // ................
	0x00, 0x0d, 0x00, 0x00, 0x00, 0xab, 0x08, 0x00, 0x00, 0x0c, 0x00, 0x07, 0x00, 0x06, 0x00, 0x00, // ................
	0x00, 0xad, 0x08, 0x00, 0x00, 0x01, 0x00, 0x00, 0x00, 0x30, 0x00, 0x00, 0x00, 0xac, 0x01, 0x00, // .........0......
	0x00, 0xac, 0x08, 0x00, 0x00, 0x81, 0x00, 0x05, 0x00, 0x06, 0x00, 0x00, 0x00, 0xaf, 0x08, 0x00, // ................
	0x00, 0xa5, 0x08, 0x00, 0x00, 0xad, 0x08, 0x00, 0x00, 0x83, 0x00, 0x05, 0x00, 0x06, 0x00, 0x00, // ................
	0x00, 0xb4, 0x08, 0x00, 0x00, 0xa0, 0x08, 0x00, 0x00, 0x99, 0x08, 0x00, 0x00, 0x85, 0x00, 0x05, // ................
	0x00, 0x06, 0x00, 0x00, 0x00, 0xb5, 0x08, 0x00, 0x00, 0xb4, 0x08, 0x00, 0x00, 0xaf, 0x01, 0x00, // ................
	0x00, 0x0c, 0x00, 0x06, 0x00, 0x06, 0x00, 0x00, 0x00, 0xb6, 0x08, 0x00, 0x00, 0x01, 0x00, 0x00, // ................
	0x00, 0x0d, 0x00, 0x00, 0x00, 0xb5, 0x08, 0x00, 0x00, 0x0c, 0x00, 0x07, 0x00, 0x06, 0x00, 0x00, // ................
	0x00, 0xb7, 0x08, 0x00, 0x00, 0x01, 0x00, 0x00, 0x00, 0x30, 0x00, 0x00, 0x00, 0xac, 0x01, 0x00, // .........0......
	0x00, 0xb6, 0x08, 0x00, 0x00, 0x81, 0x00, 0x05, 0x00, 0x06, 0x00, 0x00, 0x00, 0xb9, 0x08, 0x00, // ................
	0x00, 0xaf, 0x08, 0x00, 0x00, 0xb7, 0x08, 0x00, 0x00, 0x85, 0x00, 0x05, 0x00, 0x06, 0x00, 0x00, // ................
	0x00, 0xcb, 0x07, 0x00, 0x00, 0xb9, 0x08, 0x00, 0x00, 0x95, 0x00, 0x00, 0x00, 0xf9, 0x00, 0x02, // ................
	0x00, 0xce, 0x07, 0x00, 0x00, 0xf8, 0x00, 0x02, 0x00, 0xce, 0x07, 0x00, 0x00, 0xf5, 0x00, 0x07, // ................
	0x00, 0x06, 0x00, 0x00, 0x00, 0xee, 0x0a, 0x00, 0x00, 0xbe, 0x00, 0x00, 0x00, 0xc5, 0x07, 0x00, // ................
	0x00, 0xcb, 0x07, 0x00, 0x00, 0xc8, 0x07, 0x00, 0x00, 0xf9, 0x00, 0x02, 0x00, 0xcf, 0x07, 0x00, // ................
	0x00, 0xf8, 0x00, 0x02, 0x00, 0xcf, 0x07, 0x00, 0x00, 0xf5, 0x00, 0x07, 0x00, 0x06, 0x00, 0x00, // ................
	0x00, 0xed, 0x0a, 0x00, 0x00, 0xc4, 0x07, 0x00, 0x00, 0xb9, 0x07, 0x00, 0x00, 0xee, 0x0a, 0x00, // ................
	0x00, 0xce, 0x07, 0x00, 0x00, 0x8e, 0x00, 0x05, 0x00, 0x41, 0x00, 0x00, 0x00, 0xd1, 0x07, 0x00, // .........A......
	0x00, 0xb2, 0x07, 0x00, 0x00, 0x95, 0x02, 0x00, 0x00, 0x0c, 0x00, 0x06, 0x00, 0x41, 0x00, 0x00, // .............A..
	0x00, 0xd1, 0x08, 0x00, 0x00, 0x01, 0x00, 0x00, 0x00, 0x08, 0x00, 0x00, 0x00, 0xd1, 0x07, 0x00, // ................
	0x00, 0x0c, 0x00, 0x06, 0x00, 0x41, 0x00, 0x00, 0x00, 0xd3, 0x08, 0x00, 0x00, 0x01, 0x00, 0x00, // .....A..........
	0x00, 0x0a, 0x00, 0x00, 0x00, 0xd1, 0x07, 0x00, 0x00, 0x85, 0x00, 0x05, 0x00, 0x41, 0x00, 0x00, // .............A..
	0x00, 0xd6, 0x08, 0x00, 0x00, 0xd3, 0x08, 0x00, 0x00, 0xd3, 0x08, 0x00, 0x00, 0x8e, 0x00, 0x05, // ................
	0x00, 0x41, 0x00, 0x00, 0x00, 0xd8, 0x08, 0x00, 0x00, 0xd3, 0x08, 0x00, 0x00, 0x5c, 0x01, 0x00, // .A..............
	0x00, 0x83, 0x00, 0x05, 0x00, 0x41, 0x00, 0x00, 0x00, 0xda, 0x08, 0x00, 0x00, 0xe0, 0x0a, 0x00, // .....A..........
	0x00, 0xd8, 0x08, 0x00, 0x00, 0x85, 0x00, 0x05, 0x00, 0x41, 0x00, 0x00, 0x00, 0xdb, 0x08, 0x00, // .........A......
	0x00, 0xd6, 0x08, 0x00, 0x00, 0xda, 0x08, 0x00, 0x00, 0x85, 0x00, 0x05, 0x00, 0x41, 0x00, 0x00, // .............A..
	0x00, 0xf7, 0x08, 0x00, 0x00, 0xd1, 0x08, 0x00, 0x00, 0x3e, 0x01, 0x00, 0x00, 0x0c, 0x00, 0x06, // .........>......
	0x00, 0x41, 0x00, 0x00, 0x00, 0xf8, 0x08, 0x00, 0x00, 0x01, 0x00, 0x00, 0x00, 0x0a, 0x00, 0x00, // .A..............
	0x00, 0xf7, 0x08, 0x00, 0x00, 0x81, 0x00, 0x05, 0x00, 0x41, 0x00, 0x00, 0x00, 0xfc, 0x08, 0x00, // .........A......
	0x00, 0xf8, 0x08, 0x00, 0x00, 0xe1, 0x0a, 0x00, 0x00, 0x94, 0x00, 0x05, 0x00, 0x06, 0x00, 0x00, // ................
	0x00, 0xfd, 0x08, 0x00, 0x00, 0xf8, 0x08, 0x00, 0x00, 0xfc, 0x08, 0x00, 0x00, 0x50, 0x00, 0x05, // .............P..
	0x00, 0x41, 0x00, 0x00, 0x00, 0xff, 0x08, 0x00, 0x00, 0xfd, 0x08, 0x00, 0x00, 0xfd, 0x08, 0x00, // .A..............
	0x00, 0x81, 0x00, 0x05, 0x00, 0x41, 0x00, 0x00, 0x00, 0x00, 0x09, 0x00, 0x00, 0xf8, 0x08, 0x00, // .....A..........
	0x00, 0xff, 0x08, 0x00, 0x00, 0x51, 0x00, 0x05, 0x00, 0x06, 0x00, 0x00, 0x00, 0x02, 0x09, 0x00, // .....Q..........
	0x00, 0x00, 0x09, 0x00, 0x00, 0x00, 0x00, 0x00, 0x00, 0x51, 0x00, 0x05, 0x00, 0x06, 0x00, 0x00, // .........Q......
	0x00, 0x04, 0x09, 0x00, 0x00, 0x00, 0x09, 0x00, 0x00, 0x01, 0x00, 0x00, 0x00, 0x85, 0x00, 0x05, // ................
	0x00, 0x06, 0x00, 0x00, 0x00, 0x05, 0x09, 0x00, 0x00, 0x02, 0x09, 0x00, 0x00, 0x04, 0x09, 0x00, // ................
	0x00, 0x0c, 0x00, 0x06, 0x00, 0x06, 0x00, 0x00, 0x00, 0x06, 0x09, 0x00, 0x00, 0x01, 0x00, 0x00, // ................
	0x00, 0x0a, 0x00, 0x00, 0x00, 0x05, 0x09, 0x00, 0x00, 0x81, 0x00, 0x05, 0x00, 0x41, 0x00, 0x00, // .............A..
	0x00, 0xdf, 0x08, 0x00, 0x00, 0xd1, 0x08, 0x00, 0x00, 0x68, 0x01, 0x00, 0x00, 0x85, 0x00, 0x05, // .........h......
	0x00, 0x41, 0x00, 0x00, 0x00, 0x0a, 0x09, 0x00, 0x00, 0xdf, 0x08, 0x00, 0x00, 0x3e, 0x01, 0x00, // .A...........>..
	0x00, 0x0c, 0x00, 0x06, 0x00, 0x41, 0x00, 0x00, 0x00, 0x0b, 0x09, 0x00, 0x00, 0x01, 0x00, 0x00, // .....A..........
	0x00, 0x0a, 0x00, 0x00, 0x00, 0x0a, 0x09, 0x00, 0x00, 0x81, 0x00, 0x05, 0x00, 0x41, 0x00, 0x00, // .............A..
	0x00, 0x0f, 0x09, 0x00, 0x00, 0x0b, 0x09, 0x00, 0x00, 0xe1, 0x0a, 0x00, 0x00, 0x94, 0x00, 0x05, // ................
	0x00, 0x06, 0x00, 0x00, 0x00, 0x10, 0x09, 0x00, 0x00, 0x0b, 0x09, 0x00, 0x00, 0x0f, 0x09, 0x00, // ................
	0x00, 0x50, 0x00, 0x05, 0x00, 0x41, 0x00, 0x00, 0x00, 0x12, 0x09, 0x00, 0x00, 0x10, 0x09, 0x00, // .P...A..........
	0x00, 0x10, 0x09, 0x00, 0x00, 0x81, 0x00, 0x05, 0x00, 0x41, 0x00, 0x00, 0x00, 0x13, 0x09, 0x00, // .........A......
	0x00, 0x0b, 0x09, 0x00, 0x00, 0x12, 0x09, 0x00, 0x00, 0x51, 0x00, 0x05, 0x00, 0x06, 0x00, 0x00, // .........Q......
	0x00, 0x15, 0x09, 0x00, 0x00, 0x13, 0x09, 0x00, 0x00, 0x00, 0x00, 0x00, 0x00, 0x51, 0x00, 0x05, // .............Q..
	0x00, 0x06, 0x00, 0x00, 0x00, 0x17, 0x09, 0x00, 0x00, 0x13, 0x09, 0x00, 0x00, 0x01, 0x00, 0x00, // ................
	0x00, 0x85, 0x00, 0x05, 0x00, 0x06, 0x00, 0x00, 0x00, 0x18, 0x09, 0x00, 0x00, 0x15, 0x09, 0x00, // ................
	0x00, 0x17, 0x09, 0x00, 0x00, 0x0c, 0x00, 0x06, 0x00, 0x06, 0x00, 0x00, 0x00, 0x19, 0x09, 0x00, // ................
	0x00, 0x01, 0x00, 0x00, 0x00, 0x0a, 0x00, 0x00, 0x00, 0x18, 0x09, 0x00, 0x00, 0x81, 0x00, 0x05, // ................
	0x00, 0x41, 0x00, 0x00, 0x00, 0xe2, 0x08, 0x00, 0x00, 0xd1, 0x08, 0x00, 0x00, 0x6e, 0x01, 0x00, // .A...........n..
	0x00, 0x85, 0x00, 0x05, 0x00, 0x41, 0x00, 0x00, 0x00, 0x1d, 0x09, 0x00, 0x00, 0xe2, 0x08, 0x00, // .....A..........
	0x00, 0x3e, 0x01, 0x00, 0x00, 0x0c, 0x00, 0x06, 0x00, 0x41, 0x00, 0x00, 0x00, 0x1e, 0x09, 0x00, // .>.......A......
	0x00, 0x01, 0x00, 0x00, 0x00, 0x0a, 0x00, 0x00, 0x00, 0x1d, 0x09, 0x00, 0x00, 0x81, 0x00, 0x05, // ................
	0x00, 0x41, 0x00, 0x00, 0x00, 0x22, 0x09, 0x00, 0x00, 0x1e, 0x09, 0x00, 0x00, 0xe1, 0x0a, 0x00, // .A..."..........
	0x00, 0x94, 0x00, 0x05, 0x00, 0x06, 0x00, 0x00, 0x00, 0x23, 0x09, 0x00, 0x00, 0x1e, 0x09, 0x00, // .........#......
	0x00, 0x22, 0x09, 0x00, 0x00, 0x50, 0x00, 0x05, 0x00, 0x41, 0x00, 0x00, 0x00, 0x25, 0x09, 0x00, // ."...P...A...%..
	0x00, 0x23, 0x09, 0x00, 0x00, 0x23, 0x09, 0x00, 0x00, 0x81, 0x00, 0x05, 0x00, 0x41, 0x00, 0x00, // .#...#.......A..
	0x00, 0x26, 0x09, 0x00, 0x00, 0x1e, 0x09, 0x00, 0x00, 0x25, 0x09, 0x00, 0x00, 0x51, 0x00, 0x05, // .&.......%...Q..
	0x00, 0x06, 0x00, 0x00, 0x00, 0x28, 0x09, 0x00, 0x00, 0x26, 0x09, 0x00, 0x00, 0x00, 0x00, 0x00, // .....(...&......
	0x00, 0x51, 0x00, 0x05, 0x00, 0x06, 0x00, 0x00, 0x00, 0x2a, 0x09, 0x00, 0x00, 0x26, 0x09, 0x00, // .Q.......*...&..
	0x00, 0x01, 0x00, 0x00, 0x00, 0x85, 0x00, 0x05, 0x00, 0x06, 0x00, 0x00, 0x00, 0x2b, 0x09, 0x00, // .............+..
	0x00, 0x28, 0x09, 0x00, 0x00, 0x2a, 0x09, 0x00, 0x00, 0x0c, 0x00, 0x06, 0x00, 0x06, 0x00, 0x00, // .(...*..........
	0x00, 0x2c, 0x09, 0x00, 0x00, 0x01, 0x00, 0x00, 0x00, 0x0a, 0x00, 0x00, 0x00, 0x2b, 0x09, 0x00, // .,...........+..
	0x00, 0x81, 0x00, 0x05, 0x00, 0x41, 0x00, 0x00, 0x00, 0xe5, 0x08, 0x00, 0x00, 0xd1, 0x08, 0x00, // .....A..........
	0x00, 0x74, 0x01, 0x00, 0x00, 0x85, 0x00, 0x05, 0x00, 0x41, 0x00, 0x00, 0x00, 0x30, 0x09, 0x00, // .t.......A...0..
	0x00, 0xe5, 0x08, 0x00, 0x00, 0x3e, 0x01, 0x00, 0x00, 0x0c, 0x00, 0x06, 0x00, 0x41, 0x00, 0x00, // .....>.......A..
	0x00, 0x31, 0x09, 0x00, 0x00, 0x01, 0x00, 0x00, 0x00, 0x0a, 0x00, 0x00, 0x00, 0x30, 0x09, 0x00, // .1...........0..
	0x00, 0x81, 0x00, 0x05, 0x00, 0x41, 0x00, 0x00, 0x00, 0x35, 0x09, 0x00, 0x00, 0x31, 0x09, 0x00, // .....A...5...1..
	0x00, 0xe1, 0x0a, 0x00, 0x00, 0x94, 0x00, 0x05, 0x00, 0x06, 0x00, 0x00, 0x00, 0x36, 0x09, 0x00, // .............6..
	0x00, 0x31, 0x09, 0x00, 0x00, 0x35, 0x09, 0x00, 0x00, 0x50, 0x00, 0x05, 0x00, 0x41, 0x00, 0x00, // .1...5...P...A..
	0x00, 0x38, 0x09, 0x00, 0x00, 0x36, 0x09, 0x00, 0x00, 0x36, 0x09, 0x00, 0x00, 0x81, 0x00, 0x05, // .8...6...6......
	0x00, 0x41, 0x00, 0x00, 0x00, 0x39, 0x09, 0x00, 0x00, 0x31, 0x09, 0x00, 0x00, 0x38, 0x09, 0x00, // .A...9...1...8..
	0x00, 0x51, 0x00, 0x05, 0x00, 0x06, 0x00, 0x00, 0x00, 0x3b, 0x09, 0x00, 0x00, 0x39, 0x09, 0x00, // .Q.......;...9..
	0x00, 0x00, 0x00, 0x00, 0x00, 0x51, 0x00, 0x05, 0x00, 0x06, 0x00, 0x00, 0x00, 0x3d, 0x09, 0x00, // .....Q.......=..
	0x00, 0x39, 0x09, 0x00, 0x00, 0x01, 0x00, 0x00, 0x00, 0x85, 0x00, 0x05, 0x00, 0x06, 0x00, 0x00, // .9..............
	0x00, 0x3e, 0x09, 0x00, 0x00, 0x3b, 0x09, 0x00, 0x00, 0x3d, 0x09, 0x00, 0x00, 0x0c, 0x00, 0x06, // .>...;...=......
	0x00, 0x06, 0x00, 0x00, 0x00, 0x3f, 0x09, 0x00, 0x00, 0x01, 0x00, 0x00, 0x00, 0x0a, 0x00, 0x00, // .....?..........
	0x00, 0x3e, 0x09, 0x00, 0x00, 0x51, 0x00, 0x05, 0x00, 0x06, 0x00, 0x00, 0x00, 0xea, 0x08, 0x00, // .>...Q..........
	0x00, 0xdb, 0x08, 0x00, 0x00, 0x00, 0x00, 0x00, 0x00, 0x0c, 0x00, 0x08, 0x00, 0x06, 0x00, 0x00, // ................
	0x00, 0x45, 0x09, 0x00, 0x00, 0x01, 0x00, 0x00, 0x00, 0x2e, 0x00, 0x00, 0x00, 0x06, 0x09, 0x00, // .E..............
	0x00, 0x19, 0x09, 0x00, 0x00, 0xea, 0x08, 0x00, 0x00, 0x0c, 0x00, 0x08, 0x00, 0x06, 0x00, 0x00, // ................
	0x00, 0x4b, 0x09, 0x00, 0x00, 0x01, 0x00, 0x00, 0x00, 0x2e, 0x00, 0x00, 0x00, 0x2c, 0x09, 0x00, // .K...........,..
	0x00, 0x3f, 0x09, 0x00, 0x00, 0xea, 0x08, 0x00, 0x00, 0x51, 0x00, 0x05, 0x00, 0x06, 0x00, 0x00, // .?.......Q......
	0x00, 0xf2, 0x08, 0x00, 0x00, 0xdb, 0x08, 0x00, 0x00, 0x01, 0x00, 0x00, 0x00, 0x0c, 0x00, 0x08, // ................
	0x00, 0x06, 0x00, 0x00, 0x00, 0x51, 0x09, 0x00, 0x00, 0x01, 0x00, 0x00, 0x00, 0x2e, 0x00, 0x00, // .....Q..........
	0x00, 0x45, 0x09, 0x00, 0x00, 0x4b, 0x09, 0x00, 0x00, 0xf2, 0x08, 0x00, 0x00, 0x83, 0x00, 0x05, // .E...K..........
	0x00, 0x06, 0x00, 0x00, 0x00, 0xd3, 0x07, 0x00, 0x00, 0x51, 0x09, 0x00, 0x00, 0x95, 0x00, 0x00, // .........Q......
	0x00, 0x85, 0x00, 0x05, 0x00, 0x06, 0x00, 0x00, 0x00, 0xd4, 0x07, 0x00, 0x00, 0xd3, 0x07, 0x00, // ................
	0x00, 0x54, 0x02, 0x00, 0x00, 0x81, 0x00, 0x05, 0x00, 0x06, 0x00, 0x00, 0x00, 0xd6, 0x07, 0x00, // .T..............
	0x00, 0xed, 0x0a, 0x00, 0x00, 0xd4, 0x07, 0x00, 0x00, 0x85, 0x00, 0x05, 0x00, 0x06, 0x00, 0x00, // ................
	0x00, 0xd9, 0x07, 0x00, 0x00, 0xd6, 0x07, 0x00, 0x00, 0x2a, 0x06, 0x00, 0x00, 0x94, 0x00, 0x05, // .........*......
	0x00, 0x06, 0x00, 0x00, 0x00, 0xdc, 0x07, 0x00, 0x00, 0xeb, 0x0a, 0x00, 0x00, 0x4f, 0x05, 0x00, // .............O..
	0x00, 0x0c, 0x00, 0x07, 0x00, 0x06, 0x00, 0x00, 0x00, 0xdd, 0x07, 0x00, 0x00, 0x01, 0x00, 0x00, // ................
	0x00, 0x28, 0x00, 0x00, 0x00, 0xdc, 0x07, 0x00, 0x00, 0xbe, 0x00, 0x00, 0x00, 0x83, 0x00, 0x05, // .(..............
	0x00, 0x06, 0x00, 0x00, 0x00, 0xde, 0x07, 0x00, 0x00, 0xaf, 0x00, 0x00, 0x00, 0xdd, 0x07, 0x00, // ................
	0x00, 0x0c, 0x00, 0x08, 0x00, 0x06, 0x00, 0x00, 0x00, 0xe0, 0x07, 0x00, 0x00, 0x01, 0x00, 0x00, // ................
	0x00, 0x31, 0x00, 0x00, 0x00, 0x6c, 0x02, 0x00, 0x00, 0x6d, 0x02, 0x00, 0x00, 0xde, 0x07, 0x00, // .1...l...m......
	0x00, 0x85, 0x00, 0x05, 0x00, 0x06, 0x00, 0x00, 0x00, 0xe1, 0x07, 0x00, 0x00, 0xe0, 0x07, 0x00, // ................
	0x00, 0x95, 0x00, 0x00, 0x00, 0x81, 0x00, 0x05, 0x00, 0x06, 0x00, 0x00, 0x00, 0xe3, 0x07, 0x00, // ................
	0x00, 0xd9, 0x07, 0x00, 0x00, 0xe1, 0x07, 0x00, 0x00, 0x0c, 0x00, 0x08, 0x00, 0x06, 0x00, 0x00, // ................
	0x00, 0xe5, 0x07, 0x00, 0x00, 0x01, 0x00, 0x00, 0x00, 0x2b, 0x00, 0x00, 0x00, 0xe3, 0x07, 0x00, // .........+......
	0x00, 0xbe, 0x00, 0x00, 0x00, 0xaf, 0x00, 0x00, 0x00, 0x50, 0x00, 0x06, 0x00, 0x0e, 0x00, 0x00, // .........P......
	0x00, 0xe6, 0x07, 0x00, 0x00, 0xe5, 0x07, 0x00, 0x00, 0xe5, 0x07, 0x00, 0x00, 0xe5, 0x07, 0x00, // ................
	0x00, 0x0c, 0x00, 0x08, 0x00, 0x0e, 0x00, 0x00, 0x00, 0x57, 0x09, 0x00, 0x00, 0x01, 0x00, 0x00, // .........W......
	0x00, 0x2e, 0x00, 0x00, 0x00, 0xae, 0x02, 0x00, 0x00, 0xaf, 0x02, 0x00, 0x00, 0xe6, 0x07, 0x00, // ................
	0x00, 0x8e, 0x00, 0x05, 0x00, 0x41, 0x00, 0x00, 0x00, 0xea, 0x07, 0x00, 0x00, 0xb1, 0x07, 0x00, // .....A..........
	0x00, 0x1d, 0x02, 0x00, 0x00, 0x0c, 0x00, 0x06, 0x00, 0x41, 0x00, 0x00, 0x00, 0x6e, 0x09, 0x00, // .........A...n..
	0x00, 0x01, 0x00, 0x00, 0x00, 0x08, 0x00, 0x00, 0x00, 0xea, 0x07, 0x00, 0x00, 0x0c, 0x00, 0x06, // ................
	0x00, 0x41, 0x00, 0x00, 0x00, 0x70, 0x09, 0x00, 0x00, 0x01, 0x00, 0x00, 0x00, 0x0a, 0x00, 0x00, // .A...p..........
	0x00, 0xea, 0x07, 0x00, 0x00, 0x85, 0x00, 0x05, 0x00, 0x41, 0x00, 0x00, 0x00, 0x73, 0x09, 0x00, // .........A...s..
	0x00, 0x70, 0x09, 0x00, 0x00, 0x70, 0x09, 0x00, 0x00, 0x8e, 0x00, 0x05, 0x00, 0x41, 0x00, 0x00, // .p...p.......A..
	0x00, 0x75, 0x09, 0x00, 0x00, 0x70, 0x09, 0x00, 0x00, 0x5c, 0x01, 0x00, 0x00, 0x83, 0x00, 0x05, // .u...p..........
	0x00, 0x41, 0x00, 0x00, 0x00, 0x77, 0x09, 0x00, 0x00, 0xe0, 0x0a, 0x00, 0x00, 0x75, 0x09, 0x00, // .A...w.......u..
	0x00, 0x85, 0x00, 0x05, 0x00, 0x41, 0x00, 0x00, 0x00, 0x78, 0x09, 0x00, 0x00, 0x73, 0x09, 0x00, // .....A...x...s..
	0x00, 0x77, 0x09, 0x00, 0x00, 0x85, 0x00, 0x05, 0x00, 0x41, 0x00, 0x00, 0x00, 0x94, 0x09, 0x00, // .w.......A......
	0x00, 0x6e, 0x09, 0x00, 0x00, 0x3e, 0x01, 0x00, 0x00, 0x0c, 0x00, 0x06, 0x00, 0x41, 0x00, 0x00, // .n...>.......A..
	0x00, 0x95, 0x09, 0x00, 0x00, 0x01, 0x00, 0x00, 0x00, 0x0a, 0x00, 0x00, 0x00, 0x94, 0x09, 0x00, // ................
	0x00, 0x81, 0x00, 0x05, 0x00, 0x41, 0x00, 0x00, 0x00, 0x99, 0x09, 0x00, 0x00, 0x95, 0x09, 0x00, // .....A..........
	0x00, 0xe1, 0x0a, 0x00, 0x00, 0x94, 0x00, 0x05, 0x00, 0x06, 0x00, 0x00, 0x00, 0x9a, 0x09, 0x00, // ................
	0x00, 0x95, 0x09, 0x00, 0x00, 0x99, 0x09, 0x00, 0x00, 0x50, 0x00, 0x05, 0x00, 0x41, 0x00, 0x00, // .........P...A..
	0x00, 0x9c, 0x09, 0x00, 0x00, 0x9a, 0x09, 0x00, 0x00, 0x9a, 0x09, 0x00, 0x00, 0x81, 0x00, 0x05, // ................
	0x00, 0x41, 0x00, 0x00, 0x00, 0x9d, 0x09, 0x00, 0x00, 0x95, 0x09, 0x00, 0x00, 0x9c, 0x09, 0x00, // .A..............
	0x00, 0x51, 0x00, 0x05, 0x00, 0x06, 0x00, 0x00, 0x00, 0x9f, 0x09, 0x00, 0x00, 0x9d, 0x09, 0x00, // .Q..............
	0x00, 0x00, 0x00, 0x00, 0x00, 0x51, 0x00, 0x05, 0x00, 0x06, 0x00, 0x00, 0x00, 0xa1, 0x09, 0x00, // .....Q..........
	0x00, 0x9d, 0x09, 0x00, 0x00, 0x01, 0x00, 0x00, 0x00, 0x85, 0x00, 0x05, 0x00, 0x06, 0x00, 0x00, // ................
	0x00, 0xa2, 0x09, 0x00, 0x00, 0x9f, 0x09, 0x00, 0x00, 0xa1, 0x09, 0x00, 0x00, 0x0c, 0x00, 0x06, // ................
	0x00, 0x06, 0x00, 0x00, 0x00, 0xa3, 0x09, 0x00, 0x00, 0x01, 0x00, 0x00, 0x00, 0x0a, 0x00, 0x00, // ................
	0x00, 0xa2, 0x09, 0x00, 0x00, 0x81, 0x00, 0x05, 0x00, 0x41, 0x00, 0x00, 0x00, 0x7c, 0x09, 0x00, // .........A...|..
	0x00, 0x6e, 0x09, 0x00, 0x00, 0x68, 0x01, 0x00, 0x00, 0x85, 0x00, 0x05, 0x00, 0x41, 0x00, 0x00, // .n...h.......A..
	0x00, 0xa7, 0x09, 0x00, 0x00, 0x7c, 0x09, 0x00, 0x00, 0x3e, 0x01, 0x00, 0x00, 0x0c, 0x00, 0x06, // .....|...>......
	0x00, 0x41, 0x00, 0x00, 0x00, 0xa8, 0x09, 0x00, 0x00, 0x01, 0x00, 0x00, 0x00, 0x0a, 0x00, 0x00, // .A..............
	0x00, 0xa7, 0x09, 0x00, 0x00, 0x81, 0x00, 0x05, 0x00, 0x41, 0x00, 0x00, 0x00, 0xac, 0x09, 0x00, // .........A......
	0x00, 0xa8, 0x09, 0x00, 0x00, 0xe1, 0x0a, 0x00, 0x00, 0x94, 0x00, 0x05, 0x00, 0x06, 0x00, 0x00, // ................
	0x00, 0xad, 0x09, 0x00, 0x00, 0xa8, 0x09, 0x00, 0x00, 0xac, 0x09, 0x00, 0x00, 0x50, 0x00, 0x05, // .............P..
	0x00, 0x41, 0x00, 0x00, 0x00, 0xaf, 0x09, 0x00, 0x00, 0xad, 0x09, 0x00, 0x00, 0xad, 0x09, 0x00, // .A..............
	0x00, 0x81, 0x00, 0x05, 0x00, 0x41, 0x00, 0x00, 0x00, 0xb0, 0x09, 0x00, 0x00, 0xa8, 0x09, 0x00, // .....A..........
	0x00, 0xaf, 0x09, 0x00, 0x00, 0x51, 0x00, 0x05, 0x00, 0x06, 0x00, 0x00, 0x00, 0xb2, 0x09, 0x00, // .....Q..........
	0x00, 0xb0, 0x09, 0x00, 0x00, 0x00, 0x00, 0x00, 0x00, 0x51, 0x00, 0x05, 0x00, 0x06, 0x00, 0x00, // .........Q......
	0x00, 0xb4, 0x09, 0x00, 0x00, 0xb0, 0x09, 0x00, 0x00, 0x01, 0x00, 0x00, 0x00, 0x85, 0x00, 0x05, // ................
	0x00, 0x06, 0x00, 0x00, 0x00, 0xb5, 0x09, 0x00, 0x00, 0xb2, 0x09, 0x00, 0x00, 0xb4, 0x09, 0x00, // ................
	0x00, 0x0c, 0x00, 0x06, 0x00, 0x06, 0x00, 0x00, 0x00, 0xb6, 0x09, 0x00, 0x00, 0x01, 0x00, 0x00, // ................
	0x00, 0x0a, 0x00, 0x00, 0x00, 0xb5, 0x09, 0x00, 0x00, 0x81, 0x00, 0x05, 0x00, 0x41, 0x00, 0x00, // .............A..
	0x00, 0x7f, 0x09, 0x00, 0x00, 0x6e, 0x09, 0x00, 0x00, 0x6e, 0x01, 0x00, 0x00, 0x85, 0x00, 0x05, // .....n...n......
	0x00, 0x41, 0x00, 0x00, 0x00, 0xba, 0x09, 0x00, 0x00, 0x7f, 0x09, 0x00, 0x00, 0x3e, 0x01, 0x00, // .A...........>..
	0x00, 0x0c, 0x00, 0x06, 0x00, 0x41, 0x00, 0x00, 0x00, 0xbb, 0x09, 0x00, 0x00, 0x01, 0x00, 0x00, // .....A..........
	0x00, 0x0a, 0x00, 0x00, 0x00, 0xba, 0x09, 0x00, 0x00, 0x81, 0x00, 0x05, 0x00, 0x41, 0x00, 0x00, // .............A..
	0x00, 0xbf, 0x09, 0x00, 0x00, 0xbb, 0x09, 0x00, 0x00, 0xe1, 0x0a, 0x00, 0x00, 0x94, 0x00, 0x05, // ................
	0x00, 0x06, 0x00, 0x00, 0x00, 0xc0, 0x09, 0x00, 0x00, 0xbb, 0x09, 0x00, 0x00, 0xbf, 0x09, 0x00, // ................
	0x00, 0x50, 0x00, 0x05, 0x00, 0x41, 0x00, 0x00, 0x00, 0xc2, 0x09, 0x00, 0x00, 0xc0, 0x09, 0x00, // .P...A..........
	0x00, 0xc0, 0x09, 0x00, 0x00, 0x81, 0x00, 0x05, 0x00, 0x41, 0x00, 0x00, 0x00, 0xc3, 0x09, 0x00, // .........A......
	0x00, 0xbb, 0x09, 0x00, 0x00, 0xc2, 0x09, 0x00, 0x00, 0x51, 0x00, 0x05, 0x00, 0x06, 0x00, 0x00, // .........Q......
	0x00, 0xc5, 0x09, 0x00, 0x00, 0xc3, 0x09, 0x00, 0x00, 0x00, 0x00, 0x00, 0x00, 0x51, 0x00, 0x05, // .............Q..
	0x00, 0x06, 0x00, 0x00, 0x00, 0xc7, 0x09, 0x00, 0x00, 0xc3, 0x09, 0x00, 0x00, 0x01, 0x00, 0x00, // ................
	0x00, 0x85, 0x00, 0x05, 0x00, 0x06, 0x00, 0x00, 0x00, 0xc8, 0x09, 0x00, 0x00, 0xc5, 0x09, 0x00, // ................
	0x00, 0xc7, 0x09, 0x00, 0x00, 0x0c, 0x00, 0x06, 0x00, 0x06, 0x00, 0x00, 0x00, 0xc9, 0x09, 0x00, // ................
	0x00, 0x01, 0x00, 0x00, 0x00, 0x0a, 0x00, 0x00, 0x00, 0xc8, 0x09, 0x00, 0x00, 0x81, 0x00, 0x05, // ................
	0x00, 0x41, 0x00, 0x00, 0x00, 0x82, 0x09, 0x00, 0x00, 0x6e, 0x09, 0x00, 0x00, 0x74, 0x01, 0x00, // .A.......n...t..
	0x00, 0x85, 0x00, 0x05, 0x00, 0x41, 0x00, 0x00, 0x00, 0xcd, 0x09, 0x00, 0x00, 0x82, 0x09, 0x00, // .....A..........
	0x00, 0x3e, 0x01, 0x00, 0x00, 0x0c, 0x00, 0x06, 0x00, 0x41, 0x00, 0x00, 0x00, 0xce, 0x09, 0x00, // .>.......A......
	0x00, 0x01, 0x00, 0x00, 0x00, 0x0a, 0x00, 0x00, 0x00, 0xcd, 0x09, 0x00, 0x00, 0x81, 0x00, 0x05, // ................
	0x00, 0x41, 0x00, 0x00, 0x00, 0xd2, 0x09, 0x00, 0x00, 0xce, 0x09, 0x00, 0x00, 0xe1, 0x0a, 0x00, // .A..............
	0x00, 0x94, 0x00, 0x05, 0x00, 0x06, 0x00, 0x00, 0x00, 0xd3, 0x09, 0x00, 0x00, 0xce, 0x09, 0x00, // ................
	0x00, 0xd2, 0x09, 0x00, 0x00, 0x50, 0x00, 0x05, 0x00, 0x41, 0x00, 0x00, 0x00, 0xd5, 0x09, 0x00, // .....P...A......
	0x00, 0xd3, 0x09, 0x00, 0x00, 0xd3, 0x09, 0x00, 0x00, 0x81, 0x00, 0x05, 0x00, 0x41, 0x00, 0x00, // .............A..
	0x00, 0xd6, 0x09, 0x00, 0x00, 0xce, 0x09, 0x00, 0x00, 0xd5, 0x09, 0x00, 0x00, 0x51, 0x00, 0x05, // .............Q..
	0x00, 0x06, 0x00, 0x00, 0x00, 0xd8, 0x09, 0x00, 0x00, 0xd6, 0x09, 0x00, 0x00, 0x00, 0x00, 0x00, // ................
	0x00, 0x51, 0x00, 0x05, 0x00, 0x06, 0x00, 0x00, 0x00, 0xda, 0x09, 0x00, 0x00, 0xd6, 0x09, 0x00, // .Q..............
	0x00, 0x01, 0x00, 0x00, 0x00, 0x85, 0x00, 0x05, 0x00, 0x06, 0x00, 0x00, 0x00, 0xdb, 0x09, 0x00, // ................
	0x00, 0xd8, 0x09, 0x00, 0x00, 0xda, 0x09, 0x00, 0x00, 0x0c, 0x00, 0x06, 0x00, 0x06, 0x00, 0x00, // ................
	0x00, 0xdc, 0x09, 0x00, 0x00, 0x01, 0x00, 0x00, 0x00, 0x0a, 0x00, 0x00, 0x00, 0xdb, 0x09, 0x00, // ................
	0x00, 0x51, 0x00, 0x05, 0x00, 0x06, 0x00, 0x00, 0x00, 0x87, 0x09, 0x00, 0x00, 0x78, 0x09, 0x00, // .Q...........x..
	0x00, 0x00, 0x00, 0x00, 0x00, 0x0c, 0x00, 0x08, 0x00, 0x06, 0x00, 0x00, 0x00, 0xe2, 0x09, 0x00, // ................
	0x00, 0x01, 0x00, 0x00, 0x00, 0x2e, 0x00, 0x00, 0x00, 0xa3, 0x09, 0x00, 0x00, 0xb6, 0x09, 0x00, // ................
	0x00, 0x87, 0x09, 0x00, 0x00, 0x0c, 0x00, 0x08, 0x00, 0x06, 0x00, 0x00, 0x00, 0xe8, 0x09, 0x00, // ................
	0x00, 0x01, 0x00, 0x00, 0x00, 0x2e, 0x00, 0x00, 0x00, 0xc9, 0x09, 0x00, 0x00, 0xdc, 0x09, 0x00, // ................
	0x00, 0x87, 0x09, 0x00, 0x00, 0x51, 0x00, 0x05, 0x00, 0x06, 0x00, 0x00, 0x00, 0x8f, 0x09, 0x00, // .....Q..........
	0x00, 0x78, 0x09, 0x00, 0x00, 0x01, 0x00, 0x00, 0x00, 0x0c, 0x00, 0x08, 0x00, 0x06, 0x00, 0x00, // .x..............
	0x00, 0xee, 0x09, 0x00, 0x00, 0x01, 0x00, 0x00, 0x00, 0x2e, 0x00, 0x00, 0x00, 0xe2, 0x09, 0x00, // ................
	0x00, 0xe8, 0x09, 0x00, 0x00, 0x8f, 0x09, 0x00, 0x00, 0x83, 0x00, 0x05, 0x00, 0x06, 0x00, 0x00, // ................
	0x00, 0xec, 0x07, 0x00, 0x00, 0xee, 0x09, 0x00, 0x00, 0x95, 0x00, 0x00, 0x00, 0x85, 0x00, 0x05, // ................
	0x00, 0x06, 0x00, 0x00, 0x00, 0xed, 0x07, 0x00, 0x00, 0xec, 0x07, 0x00, 0x00, 0xbd, 0x02, 0x00, // ................
	0x00, 0x50, 0x00, 0x06, 0x00, 0x0e, 0x00, 0x00, 0x00, 0xef, 0x07, 0x00, 0x00, 0xed, 0x07, 0x00, // .P..............
	0x00, 0xed, 0x07, 0x00, 0x00, 0xed, 0x07, 0x00, 0x00, 0x81, 0x00, 0x05, 0x00, 0x0e, 0x00, 0x00, // ................
	0x00, 0xf0, 0x07, 0x00, 0x00, 0x57, 0x09, 0x00, 0x00, 0xef, 0x07, 0x00, 0x00, 0x0c, 0x00, 0x08, // .....W..........
	0x00, 0x06, 0x00, 0x00, 0x00, 0xf2, 0x07, 0x00, 0x00, 0x01, 0x00, 0x00, 0x00, 0x31, 0x00, 0x00, // .............1..
	0x00, 0x95, 0x00, 0x00, 0x00, 0xc3, 0x02, 0x00, 0x00, 0xde, 0x07, 0x00, 0x00, 0x85, 0x00, 0x05, // ................
	0x00, 0x06, 0x00, 0x00, 0x00, 0xf4, 0x07, 0x00, 0x00, 0xf2, 0x07, 0x00, 0x00, 0x6d, 0x02, 0x00, // .............m..
	0x00, 0x50, 0x00, 0x06, 0x00, 0x0e, 0x00, 0x00, 0x00, 0xf5, 0x07, 0x00, 0x00, 0xf4, 0x07, 0x00, // .P..............
	0x00, 0xf4, 0x07, 0x00, 0x00, 0xf4, 0x07, 0x00, 0x00, 0x0c, 0x00, 0x08, 0x00, 0x0e, 0x00, 0x00, // ................
	0x00, 0xf4, 0x09, 0x00, 0x00, 0x01, 0x00, 0x00, 0x00, 0x2e, 0x00, 0x00, 0x00, 0xf0, 0x07, 0x00, // ................
	0x00, 0xaf, 0x02, 0x00, 0x00, 0xf5, 0x07, 0x00, 0x00, 0x51, 0x00, 0x05, 0x00, 0x06, 0x00, 0x00, // .........Q......
	0x00, 0x2c, 0x06, 0x00, 0x00, 0xf4, 0x09, 0x00, 0x00, 0x00, 0x00, 0x00, 0x00, 0x51, 0x00, 0x05, // .,...........Q..
	0x00, 0x06, 0x00, 0x00, 0x00, 0x2d, 0x06, 0x00, 0x00, 0xf4, 0x09, 0x00, 0x00, 0x01, 0x00, 0x00, // .....-..........
	0x00, 0x51, 0x00, 0x05, 0x00, 0x06, 0x00, 0x00, 0x00, 0x2e, 0x06, 0x00, 0x00, 0xf4, 0x09, 0x00, // .Q..............
	0x00, 0x02, 0x00, 0x00, 0x00, 0x50, 0x00, 0x07, 0x00, 0x1a, 0x00, 0x00, 0x00, 0x2f, 0x06, 0x00, // .....P......./..
	0x00, 0x2c, 0x06, 0x00, 0x00, 0x2d, 0x06, 0x00, 0x00, 0x2e, 0x06, 0x00, 0x00, 0xaf, 0x00, 0x00, // .,...-..........
	0x00, 0xf9, 0x00, 0x02, 0x00, 0x75, 0x06, 0x00, 0x00, 0xf8, 0x00, 0x02, 0x00, 0x30, 0x06, 0x00, // .....u.......0..
	0x00, 0xb8, 0x00, 0x05, 0x00, 0x96, 0x00, 0x00, 0x00, 0x32, 0x06, 0x00, 0x00, 0x55, 0x05, 0x00, // .........2...U..
	0x00, 0x2e, 0x04, 0x00, 0x00, 0xf7, 0x00, 0x03, 0x00, 0x74, 0x06, 0x00, 0x00, 0x00, 0x00, 0x00, // .........t......
	0x00, 0xfa, 0x00, 0x04, 0x00, 0x32, 0x06, 0x00, 0x00, 0x33, 0x06, 0x00, 0x00, 0x5c, 0x06, 0x00, // .....2...3......
	0x00, 0xf8, 0x00, 0x02, 0x00, 0x33, 0x06, 0x00, 0x00, 0x41, 0x00, 0x05, 0x00, 0x1f, 0x02, 0x00, // .....3...A......
	0x00, 0x36, 0x06, 0x00, 0x00, 0x8d, 0x00, 0x00, 0x00, 0x33, 0x04, 0x00, 0x00, 0x3d, 0x00, 0x04, // .6.......3...=..
	0x00, 0x1a, 0x00, 0x00, 0x00, 0x37, 0x06, 0x00, 0x00, 0x36, 0x06, 0x00, 0x00, 0x4f, 0x00, 0x08, // .....7...6...O..
	0x00, 0x0e, 0x00, 0x00, 0x00, 0x38, 0x06, 0x00, 0x00, 0x37, 0x06, 0x00, 0x00, 0x37, 0x06, 0x00, // .....8...7...7..
	0x00, 0x00, 0x00, 0x00, 0x00, 0x01, 0x00, 0x00, 0x00, 0x02, 0x00, 0x00, 0x00, 0x94, 0x00, 0x05, // ................
	0x00, 0x06, 0x00, 0x00, 0x00, 0xfa, 0x09, 0x00, 0x00, 0xeb, 0x0a, 0x00, 0x00, 0x4f, 0x05, 0x00, // .............O..
	0x00, 0x0c, 0x00, 0x07, 0x00, 0x06, 0x00, 0x00, 0x00, 0xfb, 0x09, 0x00, 0x00, 0x01, 0x00, 0x00, // ................
	0x00, 0x28, 0x00, 0x00, 0x00, 0xfa, 0x09, 0x00, 0x00, 0xbe, 0x00, 0x00, 0x00, 0x83, 0x00, 0x05, // .(..............
	0x00, 0x06, 0x00, 0x00, 0x00, 0xfc, 0x09, 0x00, 0x00, 0xaf, 0x00, 0x00, 0x00, 0xfb, 0x09, 0x00, // ................
	0x00, 0x0c, 0x00, 0x08, 0x00, 0x06, 0x00, 0x00, 0x00, 0xff, 0x09, 0x00, 0x00, 0x01, 0x00, 0x00, // ................
	0x00, 0x2b, 0x00, 0x00, 0x00, 0xfc, 0x09, 0x00, 0x00, 0xbe, 0x00, 0x00, 0x00, 0xaf, 0x00, 0x00, // .+..............
	0x00, 0x0c, 0x00, 0x07, 0x00, 0x06, 0x00, 0x00, 0x00, 0x02, 0x0a, 0x00, 0x00, 0x01, 0x00, 0x00, // ................
	0x00, 0x1a, 0x00, 0x00, 0x00, 0xff, 0x09, 0x00, 0x00, 0x5c, 0x01, 0x00, 0x00, 0x8e, 0x00, 0x05, // ................
	0x00, 0x0e, 0x00, 0x00, 0x00, 0x03, 0x0a, 0x00, 0x00, 0x38, 0x06, 0x00, 0x00, 0x02, 0x0a, 0x00, // .........8......
	0x00, 0xd1, 0x00, 0x04, 0x00, 0x0e, 0x00, 0x00, 0x00, 0x3b, 0x06, 0x00, 0x00, 0x92, 0x04, 0x00, // .........;......
	0x00, 0x8e, 0x00, 0x05, 0x00, 0x0e, 0x00, 0x00, 0x00, 0x3e, 0x06, 0x00, 0x00, 0x3b, 0x06, 0x00, // .........>...;..
	0x00, 0x45, 0x04, 0x00, 0x00, 0x0c, 0x00, 0x08, 0x00, 0x0e, 0x00, 0x00, 0x00, 0x40, 0x06, 0x00, // .E...........@..
	0x00, 0x01, 0x00, 0x00, 0x00, 0x31, 0x00, 0x00, 0x00, 0xdc, 0x0a, 0x00, 0x00, 0x3e, 0x06, 0x00, // .....1.......>..
	0x00, 0x92, 0x04, 0x00, 0x00, 0x51, 0x00, 0x05, 0x00, 0x06, 0x00, 0x00, 0x00, 0x42, 0x06, 0x00, // .....Q.......B..
	0x00, 0x40, 0x06, 0x00, 0x00, 0x00, 0x00, 0x00, 0x00, 0x51, 0x00, 0x05, 0x00, 0x06, 0x00, 0x00, // .@.......Q......
	0x00, 0x44, 0x06, 0x00, 0x00, 0x40, 0x06, 0x00, 0x00, 0x01, 0x00, 0x00, 0x00, 0x0c, 0x00, 0x07, // .D...@..........
	0x00, 0x06, 0x00, 0x00, 0x00, 0x45, 0x06, 0x00, 0x00, 0x01, 0x00, 0x00, 0x00, 0x25, 0x00, 0x00, // .....E.......%..
	0x00, 0x42, 0x06, 0x00, 0x00, 0x44, 0x06, 0x00, 0x00, 0x51, 0x00, 0x05, 0x00, 0x06, 0x00, 0x00, // .B...D...Q......
	0x00, 0x47, 0x06, 0x00, 0x00, 0x40, 0x06, 0x00, 0x00, 0x02, 0x00, 0x00, 0x00, 0x0c, 0x00, 0x07, // .G...@..........
	0x00, 0x06, 0x00, 0x00, 0x00, 0x48, 0x06, 0x00, 0x00, 0x01, 0x00, 0x00, 0x00, 0x25, 0x00, 0x00, // .....H.......%..
	0x00, 0x45, 0x06, 0x00, 0x00, 0x47, 0x06, 0x00, 0x00, 0x83, 0x00, 0x05, 0x00, 0x06, 0x00, 0x00, // .E...G..........
	0x00, 0x4a, 0x06, 0x00, 0x00, 0xaf, 0x00, 0x00, 0x00, 0x48, 0x06, 0x00, 0x00, 0x50, 0x00, 0x06, // .J.......H...P..
	0x00, 0x0e, 0x00, 0x00, 0x00, 0x4c, 0x06, 0x00, 0x00, 0x4a, 0x06, 0x00, 0x00, 0x4a, 0x06, 0x00, // .....L...J...J..
	0x00, 0x4a, 0x06, 0x00, 0x00, 0x0c, 0x00, 0x08, 0x00, 0x0e, 0x00, 0x00, 0x00, 0x0d, 0x0a, 0x00, // .J..............
	0x00, 0x01, 0x00, 0x00, 0x00, 0x2e, 0x00, 0x00, 0x00, 0x03, 0x0a, 0x00, 0x00, 0x38, 0x06, 0x00, // .............8..
	0x00, 0x4c, 0x06, 0x00, 0x00, 0x41, 0x00, 0x06, 0x00, 0x92, 0x00, 0x00, 0x00, 0x53, 0x06, 0x00, // .L...A.......S..
	0x00, 0x8d, 0x00, 0x00, 0x00, 0x2d, 0x03, 0x00, 0x00, 0x0a, 0x03, 0x00, 0x00, 0x3d, 0x00, 0x04, // .....-.......=..
	0x00, 0x06, 0x00, 0x00, 0x00, 0x54, 0x06, 0x00, 0x00, 0x53, 0x06, 0x00, 0x00, 0x51, 0x00, 0x05, // .....T...S...Q..
	0x00, 0x06, 0x00, 0x00, 0x00, 0x56, 0x06, 0x00, 0x00, 0x95, 0x04, 0x00, 0x00, 0x03, 0x00, 0x00, // .....V..........
	0x00, 0x85, 0x00, 0x05, 0x00, 0x06, 0x00, 0x00, 0x00, 0x57, 0x06, 0x00, 0x00, 0x54, 0x06, 0x00, // .........W...T..
	0x00, 0x56, 0x06, 0x00, 0x00, 0x51, 0x00, 0x05, 0x00, 0x06, 0x00, 0x00, 0x00, 0x58, 0x06, 0x00, // .V...Q.......X..
	0x00, 0x0d, 0x0a, 0x00, 0x00, 0x00, 0x00, 0x00, 0x00, 0x51, 0x00, 0x05, 0x00, 0x06, 0x00, 0x00, // .........Q......
	0x00, 0x59, 0x06, 0x00, 0x00, 0x0d, 0x0a, 0x00, 0x00, 0x01, 0x00, 0x00, 0x00, 0x51, 0x00, 0x05, // .Y...........Q..
	0x00, 0x06, 0x00, 0x00, 0x00, 0x5a, 0x06, 0x00, 0x00, 0x0d, 0x0a, 0x00, 0x00, 0x02, 0x00, 0x00, // .....Z..........
	0x00, 0x50, 0x00, 0x07, 0x00, 0x1a, 0x00, 0x00, 0x00, 0x5b, 0x06, 0x00, 0x00, 0x58, 0x06, 0x00, // .P.......[...X..
	0x00, 0x59, 0x06, 0x00, 0x00, 0x5a, 0x06, 0x00, 0x00, 0x57, 0x06, 0x00, 0x00, 0xf9, 0x00, 0x02, // .Y...Z...W......
	0x00, 0x74, 0x06, 0x00, 0x00, 0xf8, 0x00, 0x02, 0x00, 0x5c, 0x06, 0x00, 0x00, 0xb8, 0x00, 0x05, // .t..............
	0x00, 0x96, 0x00, 0x00, 0x00, 0x5e, 0x06, 0x00, 0x00, 0x55, 0x05, 0x00, 0x00, 0x6b, 0x04, 0x00, // .....^...U...k..
	0x00, 0xf7, 0x00, 0x03, 0x00, 0x73, 0x06, 0x00, 0x00, 0x00, 0x00, 0x00, 0x00, 0xfa, 0x00, 0x04, // .....s..........
	0x00, 0x5e, 0x06, 0x00, 0x00, 0x5f, 0x06, 0x00, 0x00, 0x6b, 0x06, 0x00, 0x00, 0xf8, 0x00, 0x02, // .^..._...k......
	0x00, 0x5f, 0x06, 0x00, 0x00, 0xf7, 0x00, 0x03, 0x00, 0x37, 0x0a, 0x00, 0x00, 0x00, 0x00, 0x00, // ._.......7......
	0x00, 0xfb, 0x00, 0x03, 0x00, 0x91, 0x00, 0x00, 0x00, 0x14, 0x0a, 0x00, 0x00, 0xf8, 0x00, 0x02, // ................
	0x00, 0x14, 0x0a, 0x00, 0x00, 0xf7, 0x00, 0x03, 0x00, 0x1a, 0x0a, 0x00, 0x00, 0x00, 0x00, 0x00, // ................
	0x00, 0xfa, 0x00, 0x04, 0x00, 0x89, 0x06, 0x00, 0x00, 0x18, 0x0a, 0x00, 0x00, 0x1a, 0x0a, 0x00, // ................
	0x00, 0xf8, 0x00, 0x02, 0x00, 0x18, 0x0a, 0x00, 0x00, 0xf9, 0x00, 0x02, 0x00, 0x37, 0x0a, 0x00, // .............7..
	0x00, 0xf8, 0x00, 0x02, 0x00, 0x1a, 0x0a, 0x00, 0x00, 0x41, 0x00, 0x06, 0x00, 0x92, 0x00, 0x00, // .........A......
	0x00, 0x1c, 0x0a, 0x00, 0x00, 0x8d, 0x00, 0x00, 0x00, 0x8f, 0x00, 0x00, 0x00, 0x9d, 0x00, 0x00, // ................
	0x00, 0x3d, 0x00, 0x04, 0x00, 0x06, 0x00, 0x00, 0x00, 0x1d, 0x0a, 0x00, 0x00, 0x1c, 0x0a, 0x00, // .=..............
	0x00, 0xb8, 0x00, 0x05, 0x00, 0x96, 0x00, 0x00, 0x00, 0x1e, 0x0a, 0x00, 0x00, 0x99, 0x04, 0x00, // ................
	0x00, 0x1d, 0x0a, 0x00, 0x00, 0x41, 0x00, 0x06, 0x00, 0x92, 0x00, 0x00, 0x00, 0x20, 0x0a, 0x00, // .....A....... ..
	0x00, 0x8d, 0x00, 0x00, 0x00, 0x8f, 0x00, 0x00, 0x00, 0xa2, 0x00, 0x00, 0x00, 0x3d, 0x00, 0x04, // .............=..
	0x00, 0x06, 0x00, 0x00, 0x00, 0x21, 0x0a, 0x00, 0x00, 0x20, 0x0a, 0x00, 0x00, 0xba, 0x00, 0x05, // .....!... ......
	0x00, 0x96, 0x00, 0x00, 0x00, 0x22, 0x0a, 0x00, 0x00, 0x99, 0x04, 0x00, 0x00, 0x21, 0x0a, 0x00, // .....".......!..
	0x00, 0xa6, 0x00, 0x05, 0x00, 0x96, 0x00, 0x00, 0x00, 0x23, 0x0a, 0x00, 0x00, 0x1e, 0x0a, 0x00, // .........#......
	0x00, 0x22, 0x0a, 0x00, 0x00, 0xf7, 0x00, 0x03, 0x00, 0x25, 0x0a, 0x00, 0x00, 0x00, 0x00, 0x00, // .".......%......
	0x00, 0xfa, 0x00, 0x04, 0x00, 0x23, 0x0a, 0x00, 0x00, 0x24, 0x0a, 0x00, 0x00, 0x25, 0x0a, 0x00, // .....#...$...%..
	0x00, 0xf8, 0x00, 0x02, 0x00, 0x24, 0x0a, 0x00, 0x00, 0xfc, 0x00, 0x01, 0x00, 0xf8, 0x00, 0x02, // .....$..........
	0x00, 0x25, 0x0a, 0x00, 0x00, 0x88, 0x00, 0x05, 0x00, 0x06, 0x00, 0x00, 0x00, 0x29, 0x0a, 0x00, // .%...........)..
	0x00, 0x99, 0x04, 0x00, 0x00, 0x1d, 0x0a, 0x00, 0x00, 0x0c, 0x00, 0x07, 0x00, 0x06, 0x00, 0x00, // ................
	0x00, 0x2a, 0x0a, 0x00, 0x00, 0x01, 0x00, 0x00, 0x00, 0x28, 0x00, 0x00, 0x00, 0x29, 0x0a, 0x00, // .*.......(...)..
	0x00, 0xaf, 0x00, 0x00, 0x00, 0x0c, 0x00, 0x06, 0x00, 0x06, 0x00, 0x00, 0x00, 0x2b, 0x0a, 0x00, // .............+..
	0x00, 0x01, 0x00, 0x00, 0x00, 0x1e, 0x00, 0x00, 0x00, 0x2a, 0x0a, 0x00, 0x00, 0x88, 0x00, 0x05, // .........*......
	0x00, 0x06, 0x00, 0x00, 0x00, 0x30, 0x0a, 0x00, 0x00, 0x21, 0x0a, 0x00, 0x00, 0x1d, 0x0a, 0x00, // .....0...!......
	0x00, 0x0c, 0x00, 0x07, 0x00, 0x06, 0x00, 0x00, 0x00, 0x31, 0x0a, 0x00, 0x00, 0x01, 0x00, 0x00, // .........1......
	0x00, 0x28, 0x00, 0x00, 0x00, 0x30, 0x0a, 0x00, 0x00, 0xb8, 0x00, 0x00, 0x00, 0x0c, 0x00, 0x06, // .(...0..........
	0x00, 0x06, 0x00, 0x00, 0x00, 0x32, 0x0a, 0x00, 0x00, 0x01, 0x00, 0x00, 0x00, 0x1e, 0x00, 0x00, // .....2..........
	0x00, 0x31, 0x0a, 0x00, 0x00, 0x88, 0x00, 0x05, 0x00, 0x06, 0x00, 0x00, 0x00, 0x35, 0x0a, 0x00, // .1...........5..
	0x00, 0x2b, 0x0a, 0x00, 0x00, 0x32, 0x0a, 0x00, 0x00, 0x0c, 0x00, 0x08, 0x00, 0x06, 0x00, 0x00, // .+...2..........
	0x00, 0x36, 0x0a, 0x00, 0x00, 0x01, 0x00, 0x00, 0x00, 0x2b, 0x00, 0x00, 0x00, 0x35, 0x0a, 0x00, // .6.......+...5..
	0x00, 0xbe, 0x00, 0x00, 0x00, 0xaf, 0x00, 0x00, 0x00, 0xf9, 0x00, 0x02, 0x00, 0x37, 0x0a, 0x00, // .............7..
	0x00, 0xf8, 0x00, 0x02, 0x00, 0x37, 0x0a, 0x00, 0x00, 0xf5, 0x00, 0x07, 0x00, 0x06, 0x00, 0x00, // .....7..........
	0x00, 0xec, 0x0a, 0x00, 0x00, 0x34, 0x05, 0x00, 0x00, 0x18, 0x0a, 0x00, 0x00, 0x36, 0x0a, 0x00, // .....4.......6..
	0x00, 0x25, 0x0a, 0x00, 0x00, 0x83, 0x00, 0x05, 0x00, 0x06, 0x00, 0x00, 0x00, 0x65, 0x06, 0x00, // .%...........e..
	0x00, 0xaf, 0x00, 0x00, 0x00, 0xec, 0x0a, 0x00, 0x00, 0x50, 0x00, 0x07, 0x00, 0x1a, 0x00, 0x00, // .........P......
	0x00, 0x6a, 0x06, 0x00, 0x00, 0x65, 0x06, 0x00, 0x00, 0x65, 0x06, 0x00, 0x00, 0x65, 0x06, 0x00, // .j...e...e...e..
	0x00, 0xaf, 0x00, 0x00, 0x00, 0xf9, 0x00, 0x02, 0x00, 0x73, 0x06, 0x00, 0x00, 0xf8, 0x00, 0x02, // .........s......
	0x00, 0x6b, 0x06, 0x00, 0x00, 0x41, 0x00, 0x05, 0x00, 0x1f, 0x02, 0x00, 0x00, 0x6c, 0x06, 0x00, // .k...A.......l..
	0x00, 0x8d, 0x00, 0x00, 0x00, 0x2d, 0x03, 0x00, 0x00, 0x3d, 0x00, 0x04, 0x00, 0x1a, 0x00, 0x00, // .....-...=......
	0x00, 0x6d, 0x06, 0x00, 0x00, 0x6c, 0x06, 0x00, 0x00, 0x94, 0x00, 0x05, 0x00, 0x06, 0x00, 0x00, // .m...l..........
	0x00, 0x51, 0x0a, 0x00, 0x00, 0xeb, 0x0a, 0x00, 0x00, 0x4f, 0x05, 0x00, 0x00, 0x0c, 0x00, 0x06, // .Q.......O......
	0x00, 0x06, 0x00, 0x00, 0x00, 0x52, 0x0a, 0x00, 0x00, 0x01, 0x00, 0x00, 0x00, 0x04, 0x00, 0x00, // .....R..........
	0x00, 0x51, 0x0a, 0x00, 0x00, 0x0c, 0x00, 0x08, 0x00, 0x06, 0x00, 0x00, 0x00, 0x54, 0x0a, 0x00, // .Q...........T..
	0x00, 0x01, 0x00, 0x00, 0x00, 0x31, 0x00, 0x00, 0x00, 0xbe, 0x00, 0x00, 0x00, 0x18, 0x02, 0x00, // .....1..........
	0x00, 0x52, 0x0a, 0x00, 0x00, 0x83, 0x00, 0x05, 0x00, 0x06, 0x00, 0x00, 0x00, 0x55, 0x0a, 0x00, // .R...........U..
	0x00, 0xaf, 0x00, 0x00, 0x00, 0x54, 0x0a, 0x00, 0x00, 0x41, 0x00, 0x05, 0x00, 0x1f, 0x02, 0x00, // .....T...A......
	0x00, 0x56, 0x0a, 0x00, 0x00, 0x8d, 0x00, 0x00, 0x00, 0x1e, 0x02, 0x00, 0x00, 0x3d, 0x00, 0x04, // .V...........=..
	0x00, 0x1a, 0x00, 0x00, 0x00, 0x57, 0x0a, 0x00, 0x00, 0x56, 0x0a, 0x00, 0x00, 0x4f, 0x00, 0x08, // .....W...V...O..
	0x00, 0x0e, 0x00, 0x00, 0x00, 0x58, 0x0a, 0x00, 0x00, 0x57, 0x0a, 0x00, 0x00, 0x57, 0x0a, 0x00, // .....X...W...W..
	0x00, 0x00, 0x00, 0x00, 0x00, 0x01, 0x00, 0x00, 0x00, 0x02, 0x00, 0x00, 0x00, 0x83, 0x00, 0x05, // ................
	0x00, 0x0e, 0x00, 0x00, 0x00, 0x5a, 0x0a, 0x00, 0x00, 0x58, 0x0a, 0x00, 0x00, 0xa2, 0x04, 0x00, // .....Z...X......
	0x00, 0x0c, 0x00, 0x06, 0x00, 0x06, 0x00, 0x00, 0x00, 0x5b, 0x0a, 0x00, 0x00, 0x01, 0x00, 0x00, // .........[......
	0x00, 0x42, 0x00, 0x00, 0x00, 0x5a, 0x0a, 0x00, 0x00, 0x0c, 0x00, 0x08, 0x00, 0x06, 0x00, 0x00, // .B...Z..........
	0x00, 0x5c, 0x0a, 0x00, 0x00, 0x01, 0x00, 0x00, 0x00, 0x31, 0x00, 0x00, 0x00, 0xbe, 0x00, 0x00, // .........1......
	0x00, 0x1d, 0x02, 0x00, 0x00, 0x5b, 0x0a, 0x00, 0x00, 0x83, 0x00, 0x05, 0x00, 0x06, 0x00, 0x00, // .....[..........
	0x00, 0x5d, 0x0a, 0x00, 0x00, 0xaf, 0x00, 0x00, 0x00, 0x5c, 0x0a, 0x00, 0x00, 0x0c, 0x00, 0x08, // .]..............
	0x00, 0x06, 0x00, 0x00, 0x00, 0x8d, 0x0a, 0x00, 0x00, 0x01, 0x00, 0x00, 0x00, 0x2e, 0x00, 0x00, // ................
	0x00, 0x55, 0x0a, 0x00, 0x00, 0x5d, 0x0a, 0x00, 0x00, 0x5d, 0x05, 0x00, 0x00, 0x50, 0x00, 0x06, // .U...]...]...P..
	0x00, 0x0e, 0x00, 0x00, 0x00, 0x63, 0x0a, 0x00, 0x00, 0x52, 0x0a, 0x00, 0x00, 0x52, 0x0a, 0x00, // .....c...R...R..
	0x00, 0x52, 0x0a, 0x00, 0x00, 0x0c, 0x00, 0x08, 0x00, 0x0e, 0x00, 0x00, 0x00, 0x93, 0x0a, 0x00, // .R..............
	0x00, 0x01, 0x00, 0x00, 0x00, 0x2e, 0x00, 0x00, 0x00, 0x32, 0x02, 0x00, 0x00, 0x35, 0x02, 0x00, // .........2...5..
	0x00, 0x63, 0x0a, 0x00, 0x00, 0x4f, 0x00, 0x08, 0x00, 0x0e, 0x00, 0x00, 0x00, 0x68, 0x0a, 0x00, // .c...O.......h..
	0x00, 0x6d, 0x06, 0x00, 0x00, 0x6d, 0x06, 0x00, 0x00, 0x00, 0x00, 0x00, 0x00, 0x01, 0x00, 0x00, // .m...m..........
	0x00, 0x02, 0x00, 0x00, 0x00, 0x0c, 0x00, 0x08, 0x00, 0x0e, 0x00, 0x00, 0x00, 0x99, 0x0a, 0x00, // ................
	0x00, 0x01, 0x00, 0x00, 0x00, 0x2e, 0x00, 0x00, 0x00, 0x68, 0x0a, 0x00, 0x00, 0x93, 0x0a, 0x00, // .........h......
	0x00, 0x63, 0x0a, 0x00, 0x00, 0x51, 0x00, 0x05, 0x00, 0x06, 0x00, 0x00, 0x00, 0x6b, 0x0a, 0x00, // .c...Q.......k..
	0x00, 0xa2, 0x04, 0x00, 0x00, 0x00, 0x00, 0x00, 0x00, 0x85, 0x00, 0x05, 0x00, 0x06, 0x00, 0x00, // ................
	0x00, 0x6c, 0x0a, 0x00, 0x00, 0x6b, 0x0a, 0x00, 0x00, 0x5c, 0x01, 0x00, 0x00, 0x0c, 0x00, 0x06, // .l...k..........
	0x00, 0x06, 0x00, 0x00, 0x00, 0x6d, 0x0a, 0x00, 0x00, 0x01, 0x00, 0x00, 0x00, 0x0d, 0x00, 0x00, // .....m..........
	0x00, 0x6c, 0x0a, 0x00, 0x00, 0x51, 0x00, 0x05, 0x00, 0x06, 0x00, 0x00, 0x00, 0x6f, 0x0a, 0x00, // .l...Q.......o..
	0x00, 0xa2, 0x04, 0x00, 0x00, 0x01, 0x00, 0x00, 0x00, 0x85, 0x00, 0x05, 0x00, 0x06, 0x00, 0x00, // ................
	0x00, 0x70, 0x0a, 0x00, 0x00, 0x6f, 0x0a, 0x00, 0x00, 0x5c, 0x01, 0x00, 0x00, 0x0c, 0x00, 0x06, // .p...o..........
	0x00, 0x06, 0x00, 0x00, 0x00, 0x71, 0x0a, 0x00, 0x00, 0x01, 0x00, 0x00, 0x00, 0x0d, 0x00, 0x00, // .....q..........
	0x00, 0x70, 0x0a, 0x00, 0x00, 0x85, 0x00, 0x05, 0x00, 0x06, 0x00, 0x00, 0x00, 0x72, 0x0a, 0x00, // .p...........r..
	0x00, 0x6d, 0x0a, 0x00, 0x00, 0x71, 0x0a, 0x00, 0x00, 0x51, 0x00, 0x05, 0x00, 0x06, 0x00, 0x00, // .m...q...Q......
	0x00, 0x74, 0x0a, 0x00, 0x00, 0xa2, 0x04, 0x00, 0x00, 0x02, 0x00, 0x00, 0x00, 0x85, 0x00, 0x05, // .t..............
	0x00, 0x06, 0x00, 0x00, 0x00, 0x75, 0x0a, 0x00, 0x00, 0x74, 0x0a, 0x00, 0x00, 0x5c, 0x01, 0x00, // .....u...t......
	0x00, 0x0c, 0x00, 0x06, 0x00, 0x06, 0x00, 0x00, 0x00, 0x76, 0x0a, 0x00, 0x00, 0x01, 0x00, 0x00, // .........v......
	0x00, 0x0d, 0x00, 0x00, 0x00, 0x75, 0x0a, 0x00, 0x00, 0x85, 0x00, 0x05, 0x00, 0x06, 0x00, 0x00, // .....u..........
	0x00, 0x77, 0x0a, 0x00, 0x00, 0x72, 0x0a, 0x00, 0x00, 0x76, 0x0a, 0x00, 0x00, 0x85, 0x00, 0x05, // .w...r...v......
	0x00, 0x06, 0x00, 0x00, 0x00, 0x79, 0x0a, 0x00, 0x00, 0x77, 0x0a, 0x00, 0x00, 0x54, 0x02, 0x00, // .....y...w...T..
	0x00, 0x85, 0x00, 0x05, 0x00, 0x06, 0x00, 0x00, 0x00, 0x7b, 0x0a, 0x00, 0x00, 0x55, 0x0a, 0x00, // .........{...U..
	0x00, 0x18, 0x02, 0x00, 0x00, 0x81, 0x00, 0x05, 0x00, 0x06, 0x00, 0x00, 0x00, 0x7c, 0x0a, 0x00, // .............|..
	0x00, 0x79, 0x0a, 0x00, 0x00, 0x7b, 0x0a, 0x00, 0x00, 0x50, 0x00, 0x06, 0x00, 0x0e, 0x00, 0x00, // .y...{...P......
	0x00, 0x7e, 0x0a, 0x00, 0x00, 0x7c, 0x0a, 0x00, 0x00, 0x7c, 0x0a, 0x00, 0x00, 0x7c, 0x0a, 0x00, // .~...|...|...|..
	0x00, 0x81, 0x00, 0x05, 0x00, 0x0e, 0x00, 0x00, 0x00, 0x7f, 0x0a, 0x00, 0x00, 0x99, 0x0a, 0x00, // ................
	0x00, 0x7e, 0x0a, 0x00, 0x00, 0x85, 0x00, 0x05, 0x00, 0x06, 0x00, 0x00, 0x00, 0x82, 0x0a, 0x00, // .~..............
	0x00, 0x8d, 0x0a, 0x00, 0x00, 0xf7, 0x01, 0x00, 0x00, 0x0c, 0x00, 0x08, 0x00, 0x06, 0x00, 0x00, // ................
	0x00, 0x83, 0x0a, 0x00, 0x00, 0x01, 0x00, 0x00, 0x00, 0x2b, 0x00, 0x00, 0x00, 0x82, 0x0a, 0x00, // .........+......
	0x00, 0x54, 0x02, 0x00, 0x00, 0xf7, 0x01, 0x00, 0x00, 0x51, 0x00, 0x05, 0x00, 0x06, 0x00, 0x00, // .T.......Q......
	0x00, 0x84, 0x0a, 0x00, 0x00, 0x7f, 0x0a, 0x00, 0x00, 0x00, 0x00, 0x00, 0x00, 0x51, 0x00, 0x05, // .............Q..
	0x00, 0x06, 0x00, 0x00, 0x00, 0x85, 0x0a, 0x00, 0x00, 0x7f, 0x0a, 0x00, 0x00, 0x01, 0x00, 0x00, // ................
	0x00, 0x51, 0x00, 0x05, 0x00, 0x06, 0x00, 0x00, 0x00, 0x86, 0x0a, 0x00, 0x00, 0x7f, 0x0a, 0x00, // .Q..............
	0x00, 0x02, 0x00, 0x00, 0x00, 0x50, 0x00, 0x07, 0x00, 0x1a, 0x00, 0x00, 0x00, 0x87, 0x0a, 0x00, // .....P..........
	0x00, 0x84, 0x0a, 0x00, 0x00, 0x85, 0x0a, 0x00, 0x00, 0x86, 0x0a, 0x00, 0x00, 0x83, 0x0a, 0x00, // ................
	0x00, 0xf9, 0x00, 0x02, 0x00, 0x73, 0x06, 0x00, 0x00, 0xf8, 0x00, 0x02, 0x00, 0x73, 0x06, 0x00, // .....s.......s..
	0x00, 0xf5, 0x00, 0x07, 0x00, 0x1a, 0x00, 0x00, 0x00, 0xf5, 0x0a, 0x00, 0x00, 0x6a, 0x06, 0x00, // .............j..
	0x00, 0x37, 0x0a, 0x00, 0x00, 0x87, 0x0a, 0x00, 0x00, 0x6b, 0x06, 0x00, 0x00, 0xf9, 0x00, 0x02, // .7.......k......
	0x00, 0x74, 0x06, 0x00, 0x00, 0xf8, 0x00, 0x02, 0x00, 0x74, 0x06, 0x00, 0x00, 0xf5, 0x00, 0x07, // .t.......t......
	0x00, 0x1a, 0x00, 0x00, 0x00, 0xf4, 0x0a, 0x00, 0x00, 0x5b, 0x06, 0x00, 0x00, 0x33, 0x06, 0x00, // .........[...3..
	0x00, 0xf5, 0x0a, 0x00, 0x00, 0x73, 0x06, 0x00, 0x00, 0xf9, 0x00, 0x02, 0x00, 0x75, 0x06, 0x00, // .....s.......u..
	0x00, 0xf8, 0x00, 0x02, 0x00, 0x75, 0x06, 0x00, 0x00, 0xf5, 0x00, 0x07, 0x00, 0x1a, 0x00, 0x00, // .....u..........
	0x00, 0xf3, 0x0a, 0x00, 0x00, 0x2f, 0x06, 0x00, 0x00, 0xcf, 0x07, 0x00, 0x00, 0xf4, 0x0a, 0x00, // ...../..........
	0x00, 0x74, 0x06, 0x00, 0x00, 0xf9, 0x00, 0x02, 0x00, 0x76, 0x06, 0x00, 0x00, 0xf8, 0x00, 0x02, // .t.......v......
	0x00, 0x76, 0x06, 0x00, 0x00, 0xf5, 0x00, 0x07, 0x00, 0x1a, 0x00, 0x00, 0x00, 0xf2, 0x0a, 0x00, // .v..............
	0x00, 0x21, 0x06, 0x00, 0x00, 0xfd, 0x05, 0x00, 0x00, 0xf3, 0x0a, 0x00, 0x00, 0x75, 0x06, 0x00, // .!...........u..
	0x00, 0xf9, 0x00, 0x02, 0x00, 0x77, 0x06, 0x00, 0x00, 0xf8, 0x00, 0x02, 0x00, 0x77, 0x06, 0x00, // .....w.......w..
	0x00, 0xf5, 0x00, 0x07, 0x00, 0x1a, 0x00, 0x00, 0x00, 0xf1, 0x0a, 0x00, 0x00, 0xf9, 0x05, 0x00, // ................
	0x00, 0xd9, 0x05, 0x00, 0x00, 0xf2, 0x0a, 0x00, 0x00, 0x76, 0x06, 0x00, 0x00, 0xf9, 0x00, 0x02, // .........v......
	0x00, 0x78, 0x06, 0x00, 0x00, 0xf8, 0x00, 0x02, 0x00, 0x78, 0x06, 0x00, 0x00, 0xf9, 0x00, 0x02, // .x.......x......
	0x00, 0x79, 0x06, 0x00, 0x00, 0xf8, 0x00, 0x02, 0x00, 0x79, 0x06, 0x00, 0x00, 0xf5, 0x00, 0x07, // .y.......y......
	0x00, 0x1a, 0x00, 0x00, 0x00, 0xf0, 0x0a, 0x00, 0x00, 0xd1, 0x05, 0x00, 0x00, 0xc4, 0x05, 0x00, // ................
	0x00, 0xf1, 0x0a, 0x00, 0x00, 0x78, 0x06, 0x00, 0x00, 0xf9, 0x00, 0x02, 0x00, 0x7a, 0x06, 0x00, // .....x.......z..
	0x00, 0xf8, 0x00, 0x02, 0x00, 0x7a, 0x06, 0x00, 0x00, 0xf5, 0x00, 0x07, 0x00, 0x1a, 0x00, 0x00, // .....z..........
	0x00, 0xef, 0x0a, 0x00, 0x00, 0xc0, 0x05, 0x00, 0x00, 0x60, 0x05, 0x00, 0x00, 0xf0, 0x0a, 0x00, // .........`......
	0x00, 0x79, 0x06, 0x00, 0x00, 0x3e, 0x00, 0x03, 0x00, 0xb9, 0x04, 0x00, 0x00, 0xef, 0x0a, 0x00, // .y...>..........
	0x00, 0x3e, 0x00, 0x03, 0x00, 0xbc, 0x04, 0x00, 0x00, 0xea, 0x0a, 0x00, 0x00, 0xfd, 0x00, 0x01, // .>..............
	0x00, 0x38, 0x00, 0x01, 0x00, 0x00, 0x00, 0x80, 0x00,                                           // .8.......
};

static const uint8_t fs_cad_styles_dx11[11073] =
{
	0x46, 0x53, 0x48, 0x0b, 0xa4, 0xd7, 0x54, 0x84, 0x00, 0x00, 0x00, 0x00, 0x08, 0x00, 0x09, 0x75, // FSH...T........u
	0x4c, 0x6f, 0x67, 0x44, 0x65, 0x70, 0x74, 0x68, 0x12, 0x00, 0x00, 0x00, 0x01, 0x00, 0x00, 0x00, // LogDepth........
	0x00, 0x00, 0x0b, 0x75, 0x5f, 0x62, 0x61, 0x73, 0x65, 0x43, 0x6f, 0x6c, 0x6f, 0x72, 0x12, 0x00, // ...u_baseColor..
	0x10, 0x00, 0x01, 0x00, 0x00, 0x00, 0x00, 0x00, 0x0a, 0x75, 0x5f, 0x6c, 0x69, 0x67, 0x68, 0x74, // .........u_light
	0x44, 0x69, 0x72, 0x12, 0x00, 0x20, 0x00, 0x01, 0x00, 0x00, 0x00, 0x00, 0x00, 0x0b, 0x75, 0x5f, // Dir.. ........u_
	0x63, 0x61, 0x6d, 0x65, 0x72, 0x61, 0x50, 0x6f, 0x73, 0x12, 0x00, 0x30, 0x00, 0x01, 0x00, 0x00, // cameraPos..0....
	0x00, 0x00, 0x00, 0x0d, 0x75, 0x5f, 0x73, 0x74, 0x79, 0x6c, 0x65, 0x50, 0x61, 0x72, 0x61, 0x6d, // ....u_styleParam
	0x73, 0x12, 0x00, 0x40, 0x00, 0x01, 0x00, 0x00, 0x00, 0x00, 0x00, 0x10, 0x75, 0x5f, 0x77, 0x69, // s..@........u_wi
	0x72, 0x65, 0x66, 0x72, 0x61, 0x6d, 0x65, 0x43, 0x6f, 0x6c, 0x6f, 0x72, 0x12, 0x00, 0x50, 0x00, // reframeColor..P.
	0x01, 0x00, 0x00, 0x00, 0x00, 0x00, 0x0e, 0x75, 0x5f, 0x73, 0x74, 0x72, 0x6f, 0x6b, 0x65, 0x50, // .......u_strokeP
	0x61, 0x72, 0x61, 0x6d, 0x73, 0x12, 0x00, 0x60, 0x00, 0x01, 0x00, 0x00, 0x00, 0x00, 0x00, 0x0b, // arams..`........
	0x75, 0x5f, 0x66, 0x6c, 0x61, 0x74, 0x53, 0x68, 0x61, 0x64, 0x65, 0x12, 0x00, 0x70, 0x00, 0x01, // u_flatShade..p..
	0x00, 0x00, 0x00, 0x00, 0x00, 0x74, 0x2a, 0x00, 0x00, 0x44, 0x58, 0x42, 0x43, 0x31, 0xd4, 0xc9, // .....t*..DXBC1..
	0x19, 0x93, 0xad, 0xed, 0x5f, 0xf0, 0x43, 0x5f, 0x3e, 0x69, 0x77, 0xfc, 0xe9, 0x01, 0x00, 0x00, // ...._.C_>iw.....
	0x00, 0x74, 0x2a, 0x00, 0x00, 0x03, 0x00, 0x00, 0x00, 0x2c, 0x00, 0x00, 0x00, 0x00, 0x01, 0x00, // .t*......,......
	0x00, 0x54, 0x01, 0x00, 0x00, 0x49, 0x53, 0x47, 0x4e, 0xcc, 0x00, 0x00, 0x00, 0x07, 0x00, 0x00, // .T...ISGN.......
	0x00, 0x08, 0x00, 0x00, 0x00, 0xb0, 0x00, 0x00, 0x00, 0x00, 0x00, 0x00, 0x00, 0x01, 0x00, 0x00, // ................
	0x00, 0x03, 0x00, 0x00, 0x00, 0x00, 0x00, 0x00, 0x00, 0x0f, 0x04, 0x00, 0x00, 0xbc, 0x00, 0x00, // ................
	0x00, 0x03, 0x00, 0x00, 0x00, 0x00, 0x00, 0x00, 0x00, 0x03, 0x00, 0x00, 0x00, 0x01, 0x00, 0x00, // ................
	0x00, 0x07, 0x07, 0x00, 0x00, 0xbc, 0x00, 0x00, 0x00, 0x04, 0x00, 0x00, 0x00, 0x00, 0x00, 0x00, // ................
	0x00, 0x03, 0x00, 0x00, 0x00, 0x01, 0x00, 0x00, 0x00, 0x08, 0x08, 0x00, 0x00, 0xc5, 0x00, 0x00, // ................
	0x00, 0x00, 0x00, 0x00, 0x00, 0x00, 0x00, 0x00, 0x00, 0x03, 0x00, 0x00, 0x00, 0x02, 0x00, 0x00, // ................
	0x00, 0x0f, 0x0f, 0x00, 0x00, 0xbc, 0x00, 0x00, 0x00, 0x01, 0x00, 0x00, 0x00, 0x00, 0x00, 0x00, // ................
	0x00, 0x03, 0x00, 0x00, 0x00, 0x03, 0x00, 0x00, 0x00, 0x07, 0x07, 0x00, 0x00, 0xbc, 0x00, 0x00, // ................
	0x00, 0x02, 0x00, 0x00, 0x00, 0x00, 0x00, 0x00, 0x00, 0x03, 0x00, 0x00, 0x00, 0x04, 0x00, 0x00, // ................
	0x00, 0x07, 0x07, 0x00, 0x00, 0xbc, 0x00, 0x00, 0x00, 0x00, 0x00, 0x00, 0x00, 0x00, 0x00, 0x00, // ................
	0x00, 0x03, 0x00, 0x00, 0x00, 0x05, 0x00, 0x00, 0x00, 0x07, 0x07, 0x00, 0x00, 0x53, 0x56, 0x5f, // .............SV_
	0x50, 0x4f, 0x53, 0x49, 0x54, 0x49, 0x4f, 0x4e, 0x00, 0x54, 0x45, 0x58, 0x43, 0x4f, 0x4f, 0x52, // POSITION.TEXCOOR
	0x44, 0x00, 0x43, 0x4f, 0x4c, 0x4f, 0x52, 0x00, 0xab, 0x4f, 0x53, 0x47, 0x4e, 0x4c, 0x00, 0x00, // D.COLOR..OSGNL..
	0x00, 0x02, 0x00, 0x00, 0x00, 0x08, 0x00, 0x00, 0x00, 0x38, 0x00, 0x00, 0x00, 0x00, 0x00, 0x00, // .........8......
	0x00, 0x00, 0x00, 0x00, 0x00, 0x03, 0x00, 0x00, 0x00, 0x00, 0x00, 0x00, 0x00, 0x0f, 0x00, 0x00, // ................
	0x00, 0x42, 0x00, 0x00, 0x00, 0x00, 0x00, 0x00, 0x00, 0x00, 0x00, 0x00, 0x00, 0x03, 0x00, 0x00, // .B..............
	0x00, 0xff, 0xff, 0xff, 0xff, 0x01, 0x0e, 0x00, 0x00, 0x53, 0x56, 0x5f, 0x54, 0x41, 0x52, 0x47, // .........SV_TARG
	0x45, 0x54, 0x00, 0x53, 0x56, 0x5f, 0x44, 0x45, 0x50, 0x54, 0x48, 0x00, 0xab, 0x53, 0x48, 0x44, // ET.SV_DEPTH..SHD
	0x52, 0x18, 0x29, 0x00, 0x00, 0x40, 0x00, 0x00, 0x00, 0x46, 0x0a, 0x00, 0x00, 0x59, 0x00, 0x00, // R.)..@...F...Y..
	0x04, 0x46, 0x8e, 0x20, 0x00, 0x00, 0x00, 0x00, 0x00, 0x08, 0x00, 0x00, 0x00, 0x64, 0x20, 0x00, // .F. .........d .
	0x04, 0x42, 0x10, 0x10, 0x00, 0x00, 0x00, 0x00, 0x00, 0x01, 0x00, 0x00, 0x00, 0x62, 0x10, 0x00, // .B...........b..
	0x03, 0x72, 0x10, 0x10, 0x00, 0x01, 0x00, 0x00, 0x00, 0x62, 0x10, 0x00, 0x03, 0x82, 0x10, 0x10, // .r.......b......
	0x00, 0x01, 0x00, 0x00, 0x00, 0x62, 0x10, 0x00, 0x03, 0xf2, 0x10, 0x10, 0x00, 0x02, 0x00, 0x00, // .....b..........
	0x00, 0x62, 0x10, 0x00, 0x03, 0x72, 0x10, 0x10, 0x00, 0x03, 0x00, 0x00, 0x00, 0x62, 0x10, 0x00, // .b...r.......b..
	0x03, 0x72, 0x10, 0x10, 0x00, 0x04, 0x00, 0x00, 0x00, 0x62, 0x10, 0x00, 0x03, 0x72, 0x10, 0x10, // .r.......b...r..
	0x00, 0x05, 0x00, 0x00, 0x00, 0x65, 0x00, 0x00, 0x03, 0xf2, 0x20, 0x10, 0x00, 0x00, 0x00, 0x00, // .....e.... .....
	0x00, 0x65, 0x00, 0x00, 0x02, 0x01, 0xc0, 0x00, 0x00, 0x68, 0x00, 0x00, 0x02, 0x09, 0x00, 0x00, // .e.......h......
	0x00, 0x1d, 0x00, 0x00, 0x08, 0x12, 0x00, 0x10, 0x00, 0x00, 0x00, 0x00, 0x00, 0x0a, 0x80, 0x20, // ............... 
	0x00, 0x00, 0x00, 0x00, 0x00, 0x00, 0x00, 0x00, 0x00, 0x01, 0x40, 0x00, 0x00, 0x00, 0x00, 0x00, // ..........@.....
	0x3f, 0x31, 0x00, 0x00, 0x08, 0x22, 0x00, 0x10, 0x00, 0x00, 0x00, 0x00, 0x00, 0x3a, 0x10, 0x10, // ?1...".......:..
	0x00, 0x01, 0x00, 0x00, 0x00, 0x1a, 0x80, 0x20, 0x00, 0x00, 0x00, 0x00, 0x00, 0x00, 0x00, 0x00, // ....... ........
	0x00, 0x31, 0x00, 0x00, 0x08, 0x42, 0x00, 0x10, 0x00, 0x00, 0x00, 0x00, 0x00, 0x2a, 0x80, 0x20, // .1...B.......*. 
	0x00, 0x00, 0x00, 0x00, 0x00, 0x00, 0x00, 0x00, 0x00, 0x3a, 0x10, 0x10, 0x00, 0x01, 0x00, 0x00, // .........:......
	0x00, 0x3c, 0x00, 0x00, 0x07, 0x22, 0x00, 0x10, 0x00, 0x00, 0x00, 0x00, 0x00, 0x2a, 0x00, 0x10, // .<...".......*..
	0x00, 0x00, 0x00, 0x00, 0x00, 0x1a, 0x00, 0x10, 0x00, 0x00, 0x00, 0x00, 0x00, 0x01, 0x00, 0x00, // ................
	0x07, 0x22, 0x00, 0x10, 0x00, 0x00, 0x00, 0x00, 0x00, 0x1a, 0x00, 0x10, 0x00, 0x00, 0x00, 0x00, // ."..............
	0x00, 0x0a, 0x00, 0x10, 0x00, 0x00, 0x00, 0x00, 0x00, 0x0d, 0x00, 0x04, 0x03, 0x1a, 0x00, 0x10, // ................
	0x00, 0x00, 0x00, 0x00, 0x00, 0x0e, 0x00, 0x00, 0x08, 0x42, 0x00, 0x10, 0x00, 0x00, 0x00, 0x00, // .........B......
	0x00, 0x3a, 0x10, 0x10, 0x00, 0x01, 0x00, 0x00, 0x00, 0x1a, 0x80, 0x20, 0x00, 0x00, 0x00, 0x00, // .:......... ....
	0x00, 0x00, 0x00, 0x00, 0x00, 0x34, 0x00, 0x00, 0x07, 0x42, 0x00, 0x10, 0x00, 0x00, 0x00, 0x00, // .....4...B......
	0x00, 0x2a, 0x00, 0x10, 0x00, 0x00, 0x00, 0x00, 0x00, 0x01, 0x40, 0x00, 0x00, 0x00, 0x00, 0x80, // .*........@.....
	0x3f, 0x2f, 0x00, 0x00, 0x05, 0x42, 0x00, 0x10, 0x00, 0x00, 0x00, 0x00, 0x00, 0x2a, 0x00, 0x10, // ?/...B.......*..
	0x00, 0x00, 0x00, 0x00, 0x00, 0x0e, 0x00, 0x00, 0x09, 0x82, 0x00, 0x10, 0x00, 0x00, 0x00, 0x00, // ................
	0x00, 0x2a, 0x80, 0x20, 0x00, 0x00, 0x00, 0x00, 0x00, 0x00, 0x00, 0x00, 0x00, 0x1a, 0x80, 0x20, // .*. ........... 
	0x00, 0x00, 0x00, 0x00, 0x00, 0x00, 0x00, 0x00, 0x00, 0x34, 0x00, 0x00, 0x07, 0x82, 0x00, 0x10, // .........4......
	0x00, 0x00, 0x00, 0x00, 0x00, 0x3a, 0x00, 0x10, 0x00, 0x00, 0x00, 0x00, 0x00, 0x01, 0x40, 0x00, // .....:........@.
	0x00, 0x08, 0x00, 0x80, 0x3f, 0x2f, 0x00, 0x00, 0x05, 0x82, 0x00, 0x10, 0x00, 0x00, 0x00, 0x00, // ....?/..........
	0x00, 0x3a, 0x00, 0x10, 0x00, 0x00, 0x00, 0x00, 0x00, 0x0e, 0x00, 0x00, 0x07, 0x42, 0x00, 0x10, // .:...........B..
	0x00, 0x00, 0x00, 0x00, 0x00, 0x2a, 0x00, 0x10, 0x00, 0x00, 0x00, 0x00, 0x00, 0x3a, 0x00, 0x10, // .....*.......:..
	0x00, 0x00, 0x00, 0x00, 0x00, 0x33, 0x00, 0x00, 0x07, 0x42, 0x00, 0x10, 0x00, 0x00, 0x00, 0x00, // .....3...B......
	0x00, 0x2a, 0x00, 0x10, 0x00, 0x00, 0x00, 0x00, 0x00, 0x01, 0x40, 0x00, 0x00, 0x00, 0x00, 0x80, // .*........@.....
	0x3f, 0x10, 0x00, 0x00, 0x07, 0x82, 0x00, 0x10, 0x00, 0x00, 0x00, 0x00, 0x00, 0x46, 0x12, 0x10, // ?............F..
	0x00, 0x03, 0x00, 0x00, 0x00, 0x46, 0x12, 0x10, 0x00, 0x03, 0x00, 0x00, 0x00, 0x44, 0x00, 0x00, // .....F.......D..
	0x05, 0x82, 0x00, 0x10, 0x00, 0x00, 0x00, 0x00, 0x00, 0x3a, 0x00, 0x10, 0x00, 0x00, 0x00, 0x00, // .........:......
	0x00, 0x38, 0x00, 0x00, 0x07, 0x72, 0x00, 0x10, 0x00, 0x01, 0x00, 0x00, 0x00, 0xf6, 0x0f, 0x10, // .8...r..........
	0x00, 0x00, 0x00, 0x00, 0x00, 0x46, 0x12, 0x10, 0x00, 0x03, 0x00, 0x00, 0x00, 0x31, 0x00, 0x00, // .....F.......1..
	0x08, 0x82, 0x00, 0x10, 0x00, 0x00, 0x00, 0x00, 0x00, 0x01, 0x40, 0x00, 0x00, 0x00, 0x00, 0x00, // ..........@.....
	0x3f, 0x0a, 0x80, 0x20, 0x00, 0x00, 0x00, 0x00, 0x00, 0x07, 0x00, 0x00, 0x00, 0x36, 0x00, 0x00, // ?.. .........6..
	0x06, 0x72, 0x00, 0x10, 0x00, 0x02, 0x00, 0x00, 0x00, 0x46, 0x12, 0x10, 0x80, 0x41, 0x00, 0x00, // .r.......F...A..
	0x00, 0x05, 0x00, 0x00, 0x00, 0x0c, 0x00, 0x00, 0x05, 0x72, 0x00, 0x10, 0x00, 0x03, 0x00, 0x00, // .........r......
	0x00, 0x26, 0x09, 0x10, 0x00, 0x02, 0x00, 0x00, 0x00, 0x0b, 0x00, 0x00, 0x05, 0x72, 0x00, 0x10, // .&...........r..
	0x00, 0x04, 0x00, 0x00, 0x00, 0x96, 0x14, 0x10, 0x00, 0x05, 0x00, 0x00, 0x00, 0x38, 0x00, 0x00, // .............8..
	0x07, 0x72, 0x00, 0x10, 0x00, 0x05, 0x00, 0x00, 0x00, 0x46, 0x02, 0x10, 0x00, 0x03, 0x00, 0x00, // .r.......F......
	0x00, 0x46, 0x02, 0x10, 0x00, 0x04, 0x00, 0x00, 0x00, 0x32, 0x00, 0x00, 0x0a, 0x72, 0x00, 0x10, // .F.......2...r..
	0x00, 0x03, 0x00, 0x00, 0x00, 0x26, 0x09, 0x10, 0x00, 0x03, 0x00, 0x00, 0x00, 0x96, 0x04, 0x10, // .....&..........
	0x00, 0x04, 0x00, 0x00, 0x00, 0x46, 0x02, 0x10, 0x80, 0x41, 0x00, 0x00, 0x00, 0x05, 0x00, 0x00, // .....F...A......
	0x00, 0x10, 0x00, 0x00, 0x07, 0x82, 0x00, 0x10, 0x00, 0x01, 0x00, 0x00, 0x00, 0x46, 0x02, 0x10, // .............F..
	0x00, 0x03, 0x00, 0x00, 0x00, 0x46, 0x02, 0x10, 0x00, 0x03, 0x00, 0x00, 0x00, 0x44, 0x00, 0x00, // .....F.......D..
	0x05, 0x82, 0x00, 0x10, 0x00, 0x01, 0x00, 0x00, 0x00, 0x3a, 0x00, 0x10, 0x00, 0x01, 0x00, 0x00, // .........:......
	0x00, 0x38, 0x00, 0x00, 0x07, 0x72, 0x00, 0x10, 0x00, 0x03, 0x00, 0x00, 0x00, 0xf6, 0x0f, 0x10, // .8...r..........
	0x00, 0x01, 0x00, 0x00, 0x00, 0x46, 0x02, 0x10, 0x00, 0x03, 0x00, 0x00, 0x00, 0x10, 0x00, 0x00, // .....F..........
	0x07, 0x82, 0x00, 0x10, 0x00, 0x01, 0x00, 0x00, 0x00, 0x46, 0x02, 0x10, 0x00, 0x03, 0x00, 0x00, // .........F......
	0x00, 0x46, 0x02, 0x10, 0x00, 0x01, 0x00, 0x00, 0x00, 0x31, 0x00, 0x00, 0x07, 0x82, 0x00, 0x10, // .F.......1......
	0x00, 0x01, 0x00, 0x00, 0x00, 0x3a, 0x00, 0x10, 0x00, 0x01, 0x00, 0x00, 0x00, 0x01, 0x40, 0x00, // .....:........@.
	0x00, 0x00, 0x00, 0x00, 0x00, 0x37, 0x00, 0x00, 0x0a, 0x72, 0x00, 0x10, 0x00, 0x03, 0x00, 0x00, // .....7...r......
	0x00, 0xf6, 0x0f, 0x10, 0x00, 0x01, 0x00, 0x00, 0x00, 0x46, 0x02, 0x10, 0x80, 0x41, 0x00, 0x00, // .........F...A..
	0x00, 0x03, 0x00, 0x00, 0x00, 0x46, 0x02, 0x10, 0x00, 0x03, 0x00, 0x00, 0x00, 0x37, 0x00, 0x00, // .....F.......7..
	0x09, 0x72, 0x00, 0x10, 0x00, 0x01, 0x00, 0x00, 0x00, 0xf6, 0x0f, 0x10, 0x00, 0x00, 0x00, 0x00, // .r..............
	0x00, 0x46, 0x02, 0x10, 0x00, 0x03, 0x00, 0x00, 0x00, 0x46, 0x02, 0x10, 0x00, 0x01, 0x00, 0x00, // .F.......F......
	0x00, 0x10, 0x00, 0x00, 0x07, 0x82, 0x00, 0x10, 0x00, 0x00, 0x00, 0x00, 0x00, 0x46, 0x12, 0x10, // .............F..
	0x00, 0x04, 0x00, 0x00, 0x00, 0x46, 0x12, 0x10, 0x00, 0x04, 0x00, 0x00, 0x00, 0x44, 0x00, 0x00, // .....F.......D..
	0x05, 0x82, 0x00, 0x10, 0x00, 0x00, 0x00, 0x00, 0x00, 0x3a, 0x00, 0x10, 0x00, 0x00, 0x00, 0x00, // .........:......
	0x00, 0x38, 0x00, 0x00, 0x07, 0x72, 0x00, 0x10, 0x00, 0x03, 0x00, 0x00, 0x00, 0xf6, 0x0f, 0x10, // .8...r..........
	0x00, 0x00, 0x00, 0x00, 0x00, 0x46, 0x12, 0x10, 0x00, 0x04, 0x00, 0x00, 0x00, 0x10, 0x00, 0x00, // .....F..........
	0x09, 0x82, 0x00, 0x10, 0x00, 0x00, 0x00, 0x00, 0x00, 0x46, 0x82, 0x20, 0x00, 0x00, 0x00, 0x00, // .........F. ....
	0x00, 0x02, 0x00, 0x00, 0x00, 0x46, 0x82, 0x20, 0x00, 0x00, 0x00, 0x00, 0x00, 0x02, 0x00, 0x00, // .....F. ........
	0x00, 0x44, 0x00, 0x00, 0x05, 0x82, 0x00, 0x10, 0x00, 0x00, 0x00, 0x00, 0x00, 0x3a, 0x00, 0x10, // .D...........:..
	0x00, 0x00, 0x00, 0x00, 0x00, 0x38, 0x00, 0x00, 0x08, 0x72, 0x00, 0x10, 0x00, 0x04, 0x00, 0x00, // .....8...r......
	0x00, 0xf6, 0x0f, 0x10, 0x00, 0x00, 0x00, 0x00, 0x00, 0x46, 0x82, 0x20, 0x00, 0x00, 0x00, 0x00, // .........F. ....
	0x00, 0x02, 0x00, 0x00, 0x00, 0x31, 0x00, 0x00, 0x08, 0x82, 0x00, 0x10, 0x00, 0x01, 0x00, 0x00, // .....1..........
	0x00, 0x0a, 0x80, 0x20, 0x00, 0x00, 0x00, 0x00, 0x00, 0x04, 0x00, 0x00, 0x00, 0x01, 0x40, 0x00, // ... ..........@.
	0x00, 0x00, 0x00, 0x00, 0x3f, 0x1f, 0x00, 0x04, 0x03, 0x3a, 0x00, 0x10, 0x00, 0x01, 0x00, 0x00, // ....?....:......
	0x00, 0x34, 0x00, 0x00, 0x08, 0x82, 0x00, 0x10, 0x00, 0x01, 0x00, 0x00, 0x00, 0x2a, 0x80, 0x20, // .4...........*. 
	0x00, 0x00, 0x00, 0x00, 0x00, 0x04, 0x00, 0x00, 0x00, 0x01, 0x40, 0x00, 0x00, 0x8f, 0xc2, 0xf5, // ..........@.....
	0x3c, 0x33, 0x00, 0x00, 0x07, 0x82, 0x00, 0x10, 0x00, 0x01, 0x00, 0x00, 0x00, 0x3a, 0x00, 0x10, // <3...........:..
	0x00, 0x01, 0x00, 0x00, 0x00, 0x01, 0x40, 0x00, 0x00, 0x00, 0x00, 0x80, 0x3f, 0x32, 0x00, 0x00, // ......@.....?2..
	0x0a, 0x72, 0x00, 0x10, 0x00, 0x05, 0x00, 0x00, 0x00, 0x46, 0x82, 0x20, 0x00, 0x00, 0x00, 0x00, // .r.......F. ....
	0x00, 0x02, 0x00, 0x00, 0x00, 0xf6, 0x0f, 0x10, 0x00, 0x00, 0x00, 0x00, 0x00, 0x46, 0x02, 0x10, // .............F..
	0x00, 0x03, 0x00, 0x00, 0x00, 0x10, 0x00, 0x00, 0x07, 0x82, 0x00, 0x10, 0x00, 0x02, 0x00, 0x00, // ................
	0x00, 0x46, 0x02, 0x10, 0x00, 0x05, 0x00, 0x00, 0x00, 0x46, 0x02, 0x10, 0x00, 0x05, 0x00, 0x00, // .F.......F......
	0x00, 0x44, 0x00, 0x00, 0x05, 0x82, 0x00, 0x10, 0x00, 0x02, 0x00, 0x00, 0x00, 0x3a, 0x00, 0x10, // .D...........:..
	0x00, 0x02, 0x00, 0x00, 0x00, 0x38, 0x00, 0x00, 0x07, 0x72, 0x00, 0x10, 0x00, 0x05, 0x00, 0x00, // .....8...r......
	0x00, 0xf6, 0x0f, 0x10, 0x00, 0x02, 0x00, 0x00, 0x00, 0x46, 0x02, 0x10, 0x00, 0x05, 0x00, 0x00, // .........F......
	0x00, 0x38, 0x00, 0x00, 0x07, 0x82, 0x00, 0x10, 0x00, 0x02, 0x00, 0x00, 0x00, 0x3a, 0x00, 0x10, // .8...........:..
	0x00, 0x01, 0x00, 0x00, 0x00, 0x3a, 0x00, 0x10, 0x00, 0x01, 0x00, 0x00, 0x00, 0x38, 0x00, 0x00, // .....:.......8..
	0x07, 0x82, 0x00, 0x10, 0x00, 0x03, 0x00, 0x00, 0x00, 0x3a, 0x00, 0x10, 0x00, 0x02, 0x00, 0x00, // .........:......
	0x00, 0x3a, 0x00, 0x10, 0x00, 0x02, 0x00, 0x00, 0x00, 0x10, 0x00, 0x00, 0x07, 0x82, 0x00, 0x10, // .:..............
	0x00, 0x04, 0x00, 0x00, 0x00, 0x46, 0x02, 0x10, 0x00, 0x01, 0x00, 0x00, 0x00, 0x46, 0x02, 0x10, // .....F.......F..
	0x00, 0x05, 0x00, 0x00, 0x00, 0x34, 0x00, 0x00, 0x07, 0x82, 0x00, 0x10, 0x00, 0x04, 0x00, 0x00, // .....4..........
	0x00, 0x3a, 0x00, 0x10, 0x00, 0x04, 0x00, 0x00, 0x00, 0x01, 0x40, 0x00, 0x00, 0x00, 0x00, 0x00, // .:........@.....
	0x00, 0x38, 0x00, 0x00, 0x07, 0x82, 0x00, 0x10, 0x00, 0x04, 0x00, 0x00, 0x00, 0x3a, 0x00, 0x10, // .8...........:..
	0x00, 0x04, 0x00, 0x00, 0x00, 0x3a, 0x00, 0x10, 0x00, 0x04, 0x00, 0x00, 0x00, 0x32, 0x00, 0x00, // .....:.......2..
	0x09, 0x82, 0x00, 0x10, 0x00, 0x02, 0x00, 0x00, 0x00, 0x3a, 0x00, 0x10, 0x00, 0x02, 0x00, 0x00, // .........:......
	0x00, 0x3a, 0x00, 0x10, 0x00, 0x02, 0x00, 0x00, 0x00, 0x01, 0x40, 0x00, 0x00, 0x00, 0x00, 0x80, // .:........@.....
	0xbf, 0x32, 0x00, 0x00, 0x09, 0x82, 0x00, 0x10, 0x00, 0x02, 0x00, 0x00, 0x00, 0x3a, 0x00, 0x10, // .2...........:..
	0x00, 0x04, 0x00, 0x00, 0x00, 0x3a, 0x00, 0x10, 0x00, 0x02, 0x00, 0x00, 0x00, 0x01, 0x40, 0x00, // .....:........@.
	0x00, 0x00, 0x00, 0x80, 0x3f, 0x38, 0x00, 0x00, 0x07, 0x82, 0x00, 0x10, 0x00, 0x02, 0x00, 0x00, // ....?8..........
	0x00, 0x3a, 0x00, 0x10, 0x00, 0x02, 0x00, 0x00, 0x00, 0x3a, 0x00, 0x10, 0x00, 0x02, 0x00, 0x00, // .:.......:......
	0x00, 0x38, 0x00, 0x00, 0x07, 0x82, 0x00, 0x10, 0x00, 0x02, 0x00, 0x00, 0x00, 0x3a, 0x00, 0x10, // .8...........:..
	0x00, 0x02, 0x00, 0x00, 0x00, 0x01, 0x40, 0x00, 0x00, 0xdb, 0x0f, 0x49, 0x40, 0x34, 0x00, 0x00, // ......@....I@4..
	0x07, 0x82, 0x00, 0x10, 0x00, 0x02, 0x00, 0x00, 0x00, 0x3a, 0x00, 0x10, 0x00, 0x02, 0x00, 0x00, // .........:......
	0x00, 0x01, 0x40, 0x00, 0x00, 0x6f, 0x12, 0x83, 0x3a, 0x0e, 0x00, 0x00, 0x07, 0x82, 0x00, 0x10, // ..@..o..:.......
	0x00, 0x02, 0x00, 0x00, 0x00, 0x3a, 0x00, 0x10, 0x00, 0x03, 0x00, 0x00, 0x00, 0x3a, 0x00, 0x10, // .....:.......:..
	0x00, 0x02, 0x00, 0x00, 0x00, 0x10, 0x00, 0x00, 0x07, 0x82, 0x00, 0x10, 0x00, 0x03, 0x00, 0x00, // ................
	0x00, 0x46, 0x02, 0x10, 0x00, 0x01, 0x00, 0x00, 0x00, 0x46, 0x02, 0x10, 0x00, 0x03, 0x00, 0x00, // .F.......F......
	0x00, 0x34, 0x00, 0x00, 0x07, 0x82, 0x00, 0x10, 0x00, 0x03, 0x00, 0x00, 0x00, 0x3a, 0x00, 0x10, // .4...........:..
	0x00, 0x03, 0x00, 0x00, 0x00, 0x01, 0x40, 0x00, 0x00, 0x00, 0x00, 0x00, 0x00, 0x10, 0x00, 0x00, // ......@.........
	0x07, 0x82, 0x00, 0x10, 0x00, 0x04, 0x00, 0x00, 0x00, 0x46, 0x02, 0x10, 0x00, 0x01, 0x00, 0x00, // .........F......
	0x00, 0x46, 0x02, 0x10, 0x00, 0x04, 0x00, 0x00, 0x00, 0x34, 0x00, 0x00, 0x0a, 0x32, 0x00, 0x10, // .F.......4...2..
	0x00, 0x06, 0x00, 0x00, 0x00, 0xf6, 0x0f, 0x10, 0x00, 0x04, 0x00, 0x00, 0x00, 0x02, 0x40, 0x00, // ..............@.
	0x00, 0x00, 0x00, 0x00, 0x00, 0x6f, 0x12, 0x83, 0x3a, 0x00, 0x00, 0x00, 0x00, 0x00, 0x00, 0x00, // .....o..:.......
	0x00, 0x00, 0x00, 0x00, 0x07, 0x82, 0x00, 0x10, 0x00, 0x01, 0x00, 0x00, 0x00, 0x3a, 0x00, 0x10, // .............:..
	0x00, 0x01, 0x00, 0x00, 0x00, 0x01, 0x40, 0x00, 0x00, 0x00, 0x00, 0x80, 0x3f, 0x38, 0x00, 0x00, // ......@.....?8..
	0x07, 0x82, 0x00, 0x10, 0x00, 0x01, 0x00, 0x00, 0x00, 0x3a, 0x00, 0x10, 0x00, 0x01, 0x00, 0x00, // .........:......
	0x00, 0x3a, 0x00, 0x10, 0x00, 0x01, 0x00, 0x00, 0x00, 0x38, 0x00, 0x00, 0x07, 0x82, 0x00, 0x10, // .:.......8......
	0x00, 0x04, 0x00, 0x00, 0x00, 0x3a, 0x00, 0x10, 0x00, 0x01, 0x00, 0x00, 0x00, 0x01, 0x40, 0x00, // .....:........@.
	0x00, 0x00, 0x00, 0x00, 0x3e, 0x32, 0x00, 0x00, 0x0a, 0x82, 0x00, 0x10, 0x00, 0x01, 0x00, 0x00, // ....>2..........
	0x00, 0x3a, 0x00, 0x10, 0x80, 0x41, 0x00, 0x00, 0x00, 0x01, 0x00, 0x00, 0x00, 0x01, 0x40, 0x00, // .:...A........@.
	0x00, 0x00, 0x00, 0x00, 0x3e, 0x01, 0x40, 0x00, 0x00, 0x00, 0x00, 0x80, 0x3f, 0x32, 0x00, 0x00, // ....>.@.....?2..
	0x09, 0x82, 0x00, 0x10, 0x00, 0x05, 0x00, 0x00, 0x00, 0x3a, 0x00, 0x10, 0x00, 0x03, 0x00, 0x00, // .........:......
	0x00, 0x3a, 0x00, 0x10, 0x00, 0x01, 0x00, 0x00, 0x00, 0x3a, 0x00, 0x10, 0x00, 0x04, 0x00, 0x00, // .:.......:......
	0x00, 0x0e, 0x00, 0x00, 0x07, 0x82, 0x00, 0x10, 0x00, 0x05, 0x00, 0x00, 0x00, 0x3a, 0x00, 0x10, // .............:..
	0x00, 0x03, 0x00, 0x00, 0x00, 0x3a, 0x00, 0x10, 0x00, 0x05, 0x00, 0x00, 0x00, 0x32, 0x00, 0x00, // .....:.......2..
	0x09, 0x82, 0x00, 0x10, 0x00, 0x01, 0x00, 0x00, 0x00, 0x0a, 0x00, 0x10, 0x00, 0x06, 0x00, 0x00, // ................
	0x00, 0x3a, 0x00, 0x10, 0x00, 0x01, 0x00, 0x00, 0x00, 0x3a, 0x00, 0x10, 0x00, 0x04, 0x00, 0x00, // .:.......:......
	0x00, 0x0e, 0x00, 0x00, 0x07, 0x82, 0x00, 0x10, 0x00, 0x01, 0x00, 0x00, 0x00, 0x0a, 0x00, 0x10, // ................
	0x00, 0x06, 0x00, 0x00, 0x00, 0x3a, 0x00, 0x10, 0x00, 0x01, 0x00, 0x00, 0x00, 0x38, 0x00, 0x00, // .....:.......8..
	0x07, 0x82, 0x00, 0x10, 0x00, 0x01, 0x00, 0x00, 0x00, 0x3a, 0x00, 0x10, 0x00, 0x01, 0x00, 0x00, // .........:......
	0x00, 0x3a, 0x00, 0x10, 0x00, 0x05, 0x00, 0x00, 0x00, 0x38, 0x00, 0x00, 0x08, 0x72, 0x00, 0x10, // .:.......8...r..
	0x00, 0x07, 0x00, 0x00, 0x00, 0x46, 0x12, 0x10, 0x00, 0x02, 0x00, 0x00, 0x00, 0x46, 0x82, 0x20, // .....F.......F. 
	0x00, 0x00, 0x00, 0x00, 0x00, 0x01, 0x00, 0x00, 0x00, 0x32, 0x00, 0x00, 0x0d, 0x72, 0x00, 0x10, // .........2...r..
	0x00, 0x08, 0x00, 0x00, 0x00, 0x46, 0x82, 0x20, 0x00, 0x00, 0x00, 0x00, 0x00, 0x01, 0x00, 0x00, // .....F. ........
	0x00, 0x46, 0x12, 0x10, 0x00, 0x02, 0x00, 0x00, 0x00, 0x02, 0x40, 0x00, 0x00, 0x0a, 0xd7, 0x23, // .F........@....#
	0xbd, 0x0a, 0xd7, 0x23, 0xbd, 0x0a, 0xd7, 0x23, 0xbd, 0x00, 0x00, 0x00, 0x00, 0x32, 0x00, 0x00, // ...#...#.....2..
	0x0d, 0x72, 0x00, 0x10, 0x00, 0x08, 0x00, 0x00, 0x00, 0x56, 0x85, 0x20, 0x00, 0x00, 0x00, 0x00, // .r.......V. ....
	0x00, 0x04, 0x00, 0x00, 0x00, 0x46, 0x02, 0x10, 0x00, 0x08, 0x00, 0x00, 0x00, 0x02, 0x40, 0x00, // .....F........@.
	0x00, 0x0a, 0xd7, 0x23, 0x3d, 0x0a, 0xd7, 0x23, 0x3d, 0x0a, 0xd7, 0x23, 0x3d, 0x00, 0x00, 0x00, // ...#=..#=..#=...
	0x00, 0x10, 0x00, 0x00, 0x07, 0x82, 0x00, 0x10, 0x00, 0x04, 0x00, 0x00, 0x00, 0x46, 0x02, 0x10, // .............F..
	0x00, 0x05, 0x00, 0x00, 0x00, 0x46, 0x02, 0x10, 0x00, 0x03, 0x00, 0x00, 0x00, 0x34, 0x00, 0x00, // .....F.......4..
	0x07, 0x82, 0x00, 0x10, 0x00, 0x04, 0x00, 0x00, 0x00, 0x3a, 0x00, 0x10, 0x00, 0x04, 0x00, 0x00, // .........:......
	0x00, 0x01, 0x40, 0x00, 0x00, 0x00, 0x00, 0x00, 0x00, 0x00, 0x00, 0x00, 0x08, 0x82, 0x00, 0x10, // ..@.............
	0x00, 0x04, 0x00, 0x00, 0x00, 0x3a, 0x00, 0x10, 0x80, 0x41, 0x00, 0x00, 0x00, 0x04, 0x00, 0x00, // .....:...A......
	0x00, 0x01, 0x40, 0x00, 0x00, 0x00, 0x00, 0x80, 0x3f, 0x34, 0x00, 0x00, 0x07, 0x82, 0x00, 0x10, // ..@.....?4......
	0x00, 0x04, 0x00, 0x00, 0x00, 0x3a, 0x00, 0x10, 0x00, 0x04, 0x00, 0x00, 0x00, 0x01, 0x40, 0x00, // .....:........@.
	0x00, 0x00, 0x00, 0x00, 0x00, 0x38, 0x00, 0x00, 0x07, 0x12, 0x00, 0x10, 0x00, 0x05, 0x00, 0x00, // .....8..........
	0x00, 0x3a, 0x00, 0x10, 0x00, 0x04, 0x00, 0x00, 0x00, 0x3a, 0x00, 0x10, 0x00, 0x04, 0x00, 0x00, // .:.......:......
	0x00, 0x38, 0x00, 0x00, 0x07, 0x12, 0x00, 0x10, 0x00, 0x05, 0x00, 0x00, 0x00, 0x0a, 0x00, 0x10, // .8..............
	0x00, 0x05, 0x00, 0x00, 0x00, 0x0a, 0x00, 0x10, 0x00, 0x05, 0x00, 0x00, 0x00, 0x38, 0x00, 0x00, // .............8..
	0x07, 0x82, 0x00, 0x10, 0x00, 0x04, 0x00, 0x00, 0x00, 0x3a, 0x00, 0x10, 0x00, 0x04, 0x00, 0x00, // .........:......
	0x00, 0x0a, 0x00, 0x10, 0x00, 0x05, 0x00, 0x00, 0x00, 0x00, 0x00, 0x00, 0x0b, 0x72, 0x00, 0x10, // .............r..
	0x00, 0x05, 0x00, 0x00, 0x00, 0x46, 0x02, 0x10, 0x80, 0x41, 0x00, 0x00, 0x00, 0x08, 0x00, 0x00, // .....F...A......
	0x00, 0x02, 0x40, 0x00, 0x00, 0x00, 0x00, 0x80, 0x3f, 0x00, 0x00, 0x80, 0x3f, 0x00, 0x00, 0x80, // ..@.....?...?...
	0x3f, 0x00, 0x00, 0x00, 0x00, 0x32, 0x00, 0x00, 0x09, 0x72, 0x00, 0x10, 0x00, 0x05, 0x00, 0x00, // ?....2...r......
	0x00, 0x46, 0x02, 0x10, 0x00, 0x05, 0x00, 0x00, 0x00, 0xf6, 0x0f, 0x10, 0x00, 0x04, 0x00, 0x00, // .F..............
	0x00, 0x46, 0x02, 0x10, 0x00, 0x08, 0x00, 0x00, 0x00, 0x00, 0x00, 0x00, 0x0b, 0x72, 0x00, 0x10, // .F...........r..
	0x00, 0x08, 0x00, 0x00, 0x00, 0x46, 0x02, 0x10, 0x80, 0x41, 0x00, 0x00, 0x00, 0x05, 0x00, 0x00, // .....F...A......
	0x00, 0x02, 0x40, 0x00, 0x00, 0x00, 0x00, 0x80, 0x3f, 0x00, 0x00, 0x80, 0x3f, 0x00, 0x00, 0x80, // ..@.....?...?...
	0x3f, 0x00, 0x00, 0x00, 0x00, 0x00, 0x00, 0x00, 0x09, 0x82, 0x00, 0x10, 0x00, 0x04, 0x00, 0x00, // ?...............
	0x00, 0x1a, 0x80, 0x20, 0x80, 0x41, 0x00, 0x00, 0x00, 0x00, 0x00, 0x00, 0x00, 0x04, 0x00, 0x00, // ... .A..........
	0x00, 0x01, 0x40, 0x00, 0x00, 0x00, 0x00, 0x80, 0x3f, 0x38, 0x00, 0x00, 0x07, 0x72, 0x00, 0x10, // ..@.....?8...r..
	0x00, 0x08, 0x00, 0x00, 0x00, 0xf6, 0x0f, 0x10, 0x00, 0x04, 0x00, 0x00, 0x00, 0x46, 0x02, 0x10, // .............F..
	0x00, 0x08, 0x00, 0x00, 0x00, 0x38, 0x00, 0x00, 0x07, 0x82, 0x00, 0x10, 0x00, 0x01, 0x00, 0x00, // .....8..........
	0x00, 0x3a, 0x00, 0x10, 0x00, 0x01, 0x00, 0x00, 0x00, 0x3a, 0x00, 0x10, 0x00, 0x02, 0x00, 0x00, // .:.......:......
	0x00, 0x38, 0x00, 0x00, 0x07, 0x72, 0x00, 0x10, 0x00, 0x05, 0x00, 0x00, 0x00, 0x46, 0x02, 0x10, // .8...r.......F..
	0x00, 0x05, 0x00, 0x00, 0x00, 0xf6, 0x0f, 0x10, 0x00, 0x01, 0x00, 0x00, 0x00, 0x38, 0x00, 0x00, // .............8..
	0x07, 0x82, 0x00, 0x10, 0x00, 0x01, 0x00, 0x00, 0x00, 0x3a, 0x00, 0x10, 0x00, 0x03, 0x00, 0x00, // .........:......
	0x00, 0x01, 0x40, 0x00, 0x00, 0x00, 0x00, 0x80, 0x40, 0x38, 0x00, 0x00, 0x07, 0x82, 0x00, 0x10, // ..@.....@8......
	0x00, 0x01, 0x00, 0x00, 0x00, 0x1a, 0x00, 0x10, 0x00, 0x06, 0x00, 0x00, 0x00, 0x3a, 0x00, 0x10, // .............:..
	0x00, 0x01, 0x00, 0x00, 0x00, 0x34, 0x00, 0x00, 0x07, 0x82, 0x00, 0x10, 0x00, 0x01, 0x00, 0x00, // .....4..........
	0x00, 0x3a, 0x00, 0x10, 0x00, 0x01, 0x00, 0x00, 0x00, 0x01, 0x40, 0x00, 0x00, 0x6f, 0x12, 0x83, // .:........@..o..
	0x3a, 0x0e, 0x00, 0x00, 0x07, 0x72, 0x00, 0x10, 0x00, 0x05, 0x00, 0x00, 0x00, 0x46, 0x02, 0x10, // :....r.......F..
	0x00, 0x05, 0x00, 0x00, 0x00, 0xf6, 0x0f, 0x10, 0x00, 0x01, 0x00, 0x00, 0x00, 0x38, 0x00, 0x00, // .............8..
	0x07, 0xe2, 0x00, 0x10, 0x00, 0x06, 0x00, 0x00, 0x00, 0x06, 0x09, 0x10, 0x00, 0x07, 0x00, 0x00, // ................
	0x00, 0x06, 0x09, 0x10, 0x00, 0x08, 0x00, 0x00, 0x00, 0x32, 0x00, 0x00, 0x0c, 0x72, 0x00, 0x10, // .........2...r..
	0x00, 0x05, 0x00, 0x00, 0x00, 0x96, 0x07, 0x10, 0x00, 0x06, 0x00, 0x00, 0x00, 0x02, 0x40, 0x00, // ..............@.
	0x00, 0x83, 0xf9, 0xa2, 0x3e, 0x83, 0xf9, 0xa2, 0x3e, 0x83, 0xf9, 0xa2, 0x3e, 0x00, 0x00, 0x00, // ....>...>...>...
	0x00, 0x46, 0x02, 0x10, 0x00, 0x05, 0x00, 0x00, 0x00, 0x38, 0x00, 0x00, 0x07, 0x72, 0x00, 0x10, // .F.......8...r..
	0x00, 0x05, 0x00, 0x00, 0x00, 0x06, 0x00, 0x10, 0x00, 0x06, 0x00, 0x00, 0x00, 0x46, 0x02, 0x10, // .............F..
	0x00, 0x05, 0x00, 0x00, 0x00, 0x32, 0x00, 0x00, 0x0c, 0x72, 0x00, 0x10, 0x00, 0x05, 0x00, 0x00, // .....2...r......
	0x00, 0x46, 0x02, 0x10, 0x00, 0x07, 0x00, 0x00, 0x00, 0x02, 0x40, 0x00, 0x00, 0x8f, 0xc2, 0xf5, // .F........@.....
	0x3c, 0x8f, 0xc2, 0xf5, 0x3c, 0x8f, 0xc2, 0xf5, 0x3c, 0x00, 0x00, 0x00, 0x00, 0x46, 0x02, 0x10, // <...<...<....F..
	0x00, 0x05, 0x00, 0x00, 0x00, 0x00, 0x00, 0x00, 0x0a, 0x72, 0x00, 0x10, 0x00, 0x06, 0x00, 0x00, // .........r......
	0x00, 0x46, 0x02, 0x10, 0x00, 0x05, 0x00, 0x00, 0x00, 0x02, 0x40, 0x00, 0x00, 0x00, 0x00, 0x80, // .F........@.....
	0x3f, 0x00, 0x00, 0x80, 0x3f, 0x00, 0x00, 0x80, 0x3f, 0x00, 0x00, 0x00, 0x00, 0x0e, 0x00, 0x00, // ?...?...?.......
	0x07, 0x72, 0x00, 0x10, 0x00, 0x05, 0x00, 0x00, 0x00, 0x46, 0x02, 0x10, 0x00, 0x05, 0x00, 0x00, // .r.......F......
	0x00, 0x46, 0x02, 0x10, 0x00, 0x06, 0x00, 0x00, 0x00, 0x2f, 0x00, 0x00, 0x05, 0x72, 0x00, 0x10, // .F......./...r..
	0x00, 0x05, 0x00, 0x00, 0x00, 0x46, 0x02, 0x10, 0x00, 0x05, 0x00, 0x00, 0x00, 0x38, 0x00, 0x00, // .....F.......8..
	0x0a, 0x72, 0x00, 0x10, 0x00, 0x05, 0x00, 0x00, 0x00, 0x46, 0x02, 0x10, 0x00, 0x05, 0x00, 0x00, // .r.......F......
	0x00, 0x02, 0x40, 0x00, 0x00, 0x2f, 0xba, 0xe8, 0x3e, 0x2f, 0xba, 0xe8, 0x3e, 0x2f, 0xba, 0xe8, // ..@../..>/..>/..
	0x3e, 0x00, 0x00, 0x00, 0x00, 0x19, 0x00, 0x00, 0x05, 0x72, 0x20, 0x10, 0x00, 0x00, 0x00, 0x00, // >........r .....
	0x00, 0x46, 0x02, 0x10, 0x00, 0x05, 0x00, 0x00, 0x00, 0x38, 0x00, 0x00, 0x08, 0x82, 0x20, 0x10, // .F.......8.... .
	0x00, 0x00, 0x00, 0x00, 0x00, 0x3a, 0x10, 0x10, 0x00, 0x02, 0x00, 0x00, 0x00, 0x3a, 0x80, 0x20, // .....:.......:. 
	0x00, 0x00, 0x00, 0x00, 0x00, 0x01, 0x00, 0x00, 0x00, 0x12, 0x00, 0x00, 0x01, 0x31, 0x00, 0x00, // .............1..
	0x08, 0x82, 0x00, 0x10, 0x00, 0x01, 0x00, 0x00, 0x00, 0x0a, 0x80, 0x20, 0x00, 0x00, 0x00, 0x00, // ........... ....
	0x00, 0x04, 0x00, 0x00, 0x00, 0x01, 0x40, 0x00, 0x00, 0x00, 0x00, 0xc0, 0x3f, 0x1f, 0x00, 0x04, // ......@.....?...
	0x03, 0x3a, 0x00, 0x10, 0x00, 0x01, 0x00, 0x00, 0x00, 0x10, 0x00, 0x00, 0x07, 0x82, 0x00, 0x10, // .:..............
	0x00, 0x01, 0x00, 0x00, 0x00, 0x46, 0x02, 0x10, 0x00, 0x01, 0x00, 0x00, 0x00, 0x46, 0x02, 0x10, // .....F.......F..
	0x00, 0x04, 0x00, 0x00, 0x00, 0x00, 0x00, 0x00, 0x07, 0x82, 0x00, 0x10, 0x00, 0x01, 0x00, 0x00, // ................
	0x00, 0x3a, 0x00, 0x10, 0x00, 0x01, 0x00, 0x00, 0x00, 0x01, 0x40, 0x00, 0x00, 0x00, 0x00, 0x80, // .:........@.....
	0x3f, 0x38, 0x20, 0x00, 0x07, 0x82, 0x00, 0x10, 0x00, 0x01, 0x00, 0x00, 0x00, 0x3a, 0x00, 0x10, // ?8 ..........:..
	0x00, 0x01, 0x00, 0x00, 0x00, 0x01, 0x40, 0x00, 0x00, 0x00, 0x00, 0x00, 0x3f, 0x38, 0x00, 0x00, // ......@.....?8..
	0x07, 0x82, 0x00, 0x10, 0x00, 0x01, 0x00, 0x00, 0x00, 0x3a, 0x00, 0x10, 0x00, 0x01, 0x00, 0x00, // .........:......
	0x00, 0x3a, 0x00, 0x10, 0x00, 0x01, 0x00, 0x00, 0x00, 0x32, 0x00, 0x00, 0x0f, 0x72, 0x00, 0x10, // .:.......2...r..
	0x00, 0x05, 0x00, 0x00, 0x00, 0xf6, 0x0f, 0x10, 0x00, 0x01, 0x00, 0x00, 0x00, 0x02, 0x40, 0x00, // ..............@.
	0x00, 0x9a, 0x99, 0x19, 0x3f, 0x7c, 0x14, 0x2e, 0x3e, 0x9a, 0x99, 0x19, 0xbf, 0x00, 0x00, 0x00, // ....?|..>.......
	0x00, 0x02, 0x40, 0x00, 0x00, 0x33, 0x33, 0xb3, 0x3e, 0xcd, 0xcc, 0x0c, 0x3f, 0x33, 0x33, 0x73, // ..@..33.>...?33s
	0x3f, 0x00, 0x00, 0x00, 0x00, 0x10, 0x00, 0x00, 0x07, 0x82, 0x00, 0x10, 0x00, 0x01, 0x00, 0x00, // ?...............
	0x00, 0x46, 0x02, 0x10, 0x00, 0x01, 0x00, 0x00, 0x00, 0x46, 0x02, 0x10, 0x00, 0x03, 0x00, 0x00, // .F.......F......
	0x00, 0x34, 0x00, 0x00, 0x07, 0x82, 0x00, 0x10, 0x00, 0x01, 0x00, 0x00, 0x00, 0x3a, 0x00, 0x10, // .4...........:..
	0x00, 0x01, 0x00, 0x00, 0x00, 0x01, 0x40, 0x00, 0x00, 0x00, 0x00, 0x00, 0x00, 0x00, 0x00, 0x00, // ......@.........
	0x08, 0x82, 0x00, 0x10, 0x00, 0x01, 0x00, 0x00, 0x00, 0x3a, 0x00, 0x10, 0x80, 0x41, 0x00, 0x00, // .........:...A..
	0x00, 0x01, 0x00, 0x00, 0x00, 0x01, 0x40, 0x00, 0x00, 0x00, 0x00, 0x80, 0x3f, 0x38, 0x20, 0x00, // ......@.....?8 .
	0x07, 0x82, 0x00, 0x10, 0x00, 0x01, 0x00, 0x00, 0x00, 0x3a, 0x00, 0x10, 0x00, 0x01, 0x00, 0x00, // .........:......
	0x00, 0x01, 0x40, 0x00, 0x00, 0x6e, 0xdb, 0xb6, 0x3f, 0x32, 0x00, 0x00, 0x09, 0x82, 0x00, 0x10, // ..@..n..?2......
	0x00, 0x02, 0x00, 0x00, 0x00, 0x3a, 0x00, 0x10, 0x00, 0x01, 0x00, 0x00, 0x00, 0x01, 0x40, 0x00, // .....:........@.
	0x00, 0x00, 0x00, 0x00, 0xc0, 0x01, 0x40, 0x00, 0x00, 0x00, 0x00, 0x40, 0x40, 0x38, 0x00, 0x00, // ......@....@@8..
	0x07, 0x82, 0x00, 0x10, 0x00, 0x01, 0x00, 0x00, 0x00, 0x3a, 0x00, 0x10, 0x00, 0x01, 0x00, 0x00, // .........:......
	0x00, 0x3a, 0x00, 0x10, 0x00, 0x01, 0x00, 0x00, 0x00, 0x38, 0x00, 0x00, 0x07, 0x82, 0x00, 0x10, // .:.......8......
	0x00, 0x01, 0x00, 0x00, 0x00, 0x3a, 0x00, 0x10, 0x00, 0x01, 0x00, 0x00, 0x00, 0x3a, 0x00, 0x10, // .....:.......:..
	0x00, 0x02, 0x00, 0x00, 0x00, 0x32, 0x00, 0x00, 0x0c, 0x72, 0x20, 0x10, 0x00, 0x00, 0x00, 0x00, // .....2...r .....
	0x00, 0xf6, 0x0f, 0x10, 0x00, 0x01, 0x00, 0x00, 0x00, 0x02, 0x40, 0x00, 0x00, 0x9a, 0x99, 0x99, // ..........@.....
	0x3e, 0x9a, 0x99, 0x99, 0x3e, 0x9a, 0x99, 0x99, 0x3e, 0x00, 0x00, 0x00, 0x00, 0x46, 0x02, 0x10, // >...>...>....F..
	0x00, 0x05, 0x00, 0x00, 0x00, 0x38, 0x00, 0x00, 0x08, 0x82, 0x20, 0x10, 0x00, 0x00, 0x00, 0x00, // .....8.... .....
	0x00, 0x3a, 0x10, 0x10, 0x00, 0x02, 0x00, 0x00, 0x00, 0x3a, 0x80, 0x20, 0x00, 0x00, 0x00, 0x00, // .:.......:. ....
	0x00, 0x01, 0x00, 0x00, 0x00, 0x12, 0x00, 0x00, 0x01, 0x31, 0x00, 0x00, 0x08, 0x82, 0x00, 0x10, // .........1......
	0x00, 0x01, 0x00, 0x00, 0x00, 0x0a, 0x80, 0x20, 0x00, 0x00, 0x00, 0x00, 0x00, 0x04, 0x00, 0x00, // ....... ........
	0x00, 0x01, 0x40, 0x00, 0x00, 0x00, 0x00, 0x20, 0x40, 0x1f, 0x00, 0x04, 0x03, 0x3a, 0x00, 0x10, // ..@.... @....:..
	0x00, 0x01, 0x00, 0x00, 0x00, 0x0d, 0x00, 0x04, 0x03, 0x01, 0x40, 0x00, 0x00, 0xff, 0xff, 0xff, // ..........@.....
	0xff, 0x12, 0x00, 0x00, 0x01, 0x31, 0x00, 0x00, 0x08, 0x82, 0x00, 0x10, 0x00, 0x01, 0x00, 0x00, // .....1..........
	0x00, 0x0a, 0x80, 0x20, 0x00, 0x00, 0x00, 0x00, 0x00, 0x04, 0x00, 0x00, 0x00, 0x01, 0x40, 0x00, // ... ..........@.
	0x00, 0x00, 0x00, 0x60, 0x40, 0x1f, 0x00, 0x04, 0x03, 0x3a, 0x00, 0x10, 0x00, 0x01, 0x00, 0x00, // ...`@....:......
	0x00, 0x38, 0x00, 0x00, 0x08, 0xf2, 0x00, 0x10, 0x00, 0x06, 0x00, 0x00, 0x00, 0xc6, 0x19, 0x10, // .8..............
	0x00, 0x02, 0x00, 0x00, 0x00, 0xc6, 0x89, 0x20, 0x00, 0x00, 0x00, 0x00, 0x00, 0x01, 0x00, 0x00, // ....... ........
	0x00, 0x10, 0x00, 0x00, 0x07, 0x82, 0x00, 0x10, 0x00, 0x01, 0x00, 0x00, 0x00, 0x46, 0x02, 0x10, // .............F..
	0x00, 0x01, 0x00, 0x00, 0x00, 0x46, 0x02, 0x10, 0x00, 0x04, 0x00, 0x00, 0x00, 0x34, 0x00, 0x00, // .....F.......4..
	0x07, 0x82, 0x00, 0x10, 0x00, 0x01, 0x00, 0x00, 0x00, 0x3a, 0x00, 0x10, 0x00, 0x01, 0x00, 0x00, // .........:......
	0x00, 0x01, 0x40, 0x00, 0x00, 0x00, 0x00, 0x00, 0x00, 0x00, 0x00, 0x00, 0x07, 0x82, 0x00, 0x10, // ..@.............
	0x00, 0x01, 0x00, 0x00, 0x00, 0x3a, 0x00, 0x10, 0x00, 0x01, 0x00, 0x00, 0x00, 0x01, 0x40, 0x00, // .....:........@.
	0x00, 0xcd, 0xcc, 0xcc, 0x3d, 0x32, 0x00, 0x00, 0x0a, 0x72, 0x00, 0x10, 0x00, 0x07, 0x00, 0x00, // ....=2...r......
	0x00, 0x46, 0x82, 0x20, 0x00, 0x00, 0x00, 0x00, 0x00, 0x02, 0x00, 0x00, 0x00, 0xf6, 0x0f, 0x10, // .F. ............
	0x00, 0x00, 0x00, 0x00, 0x00, 0x46, 0x02, 0x10, 0x00, 0x03, 0x00, 0x00, 0x00, 0x10, 0x00, 0x00, // .....F..........
	0x07, 0x82, 0x00, 0x10, 0x00, 0x02, 0x00, 0x00, 0x00, 0x46, 0x02, 0x10, 0x00, 0x07, 0x00, 0x00, // .........F......
	0x00, 0x46, 0x02, 0x10, 0x00, 0x07, 0x00, 0x00, 0x00, 0x44, 0x00, 0x00, 0x05, 0x82, 0x00, 0x10, // .F.......D......
	0x00, 0x02, 0x00, 0x00, 0x00, 0x3a, 0x00, 0x10, 0x00, 0x02, 0x00, 0x00, 0x00, 0x38, 0x00, 0x00, // .....:.......8..
	0x07, 0x72, 0x00, 0x10, 0x00, 0x07, 0x00, 0x00, 0x00, 0xf6, 0x0f, 0x10, 0x00, 0x02, 0x00, 0x00, // .r..............
	0x00, 0x46, 0x02, 0x10, 0x00, 0x07, 0x00, 0x00, 0x00, 0x10, 0x00, 0x00, 0x07, 0x82, 0x00, 0x10, // .F..............
	0x00, 0x02, 0x00, 0x00, 0x00, 0x46, 0x02, 0x10, 0x00, 0x01, 0x00, 0x00, 0x00, 0x46, 0x02, 0x10, // .....F.......F..
	0x00, 0x07, 0x00, 0x00, 0x00, 0x34, 0x00, 0x00, 0x07, 0x82, 0x00, 0x10, 0x00, 0x02, 0x00, 0x00, // .....4..........
	0x00, 0x3a, 0x00, 0x10, 0x00, 0x02, 0x00, 0x00, 0x00, 0x01, 0x40, 0x00, 0x00, 0x00, 0x00, 0x00, // .:........@.....
	0x00, 0x2f, 0x00, 0x00, 0x05, 0x82, 0x00, 0x10, 0x00, 0x02, 0x00, 0x00, 0x00, 0x3a, 0x00, 0x10, // ./...........:..
	0x00, 0x02, 0x00, 0x00, 0x00, 0x38, 0x00, 0x00, 0x07, 0x82, 0x00, 0x10, 0x00, 0x02, 0x00, 0x00, // .....8..........
	0x00, 0x3a, 0x00, 0x10, 0x00, 0x02, 0x00, 0x00, 0x00, 0x01, 0x40, 0x00, 0x00, 0x00, 0x00, 0x00, // .:........@.....
	0x42, 0x19, 0x00, 0x00, 0x05, 0x82, 0x00, 0x10, 0x00, 0x02, 0x00, 0x00, 0x00, 0x3a, 0x00, 0x10, // B............:..
	0x00, 0x02, 0x00, 0x00, 0x00, 0x38, 0x00, 0x00, 0x07, 0x82, 0x00, 0x10, 0x00, 0x02, 0x00, 0x00, // .....8..........
	0x00, 0x3a, 0x00, 0x10, 0x00, 0x02, 0x00, 0x00, 0x00, 0x01, 0x40, 0x00, 0x00, 0x00, 0x00, 0x00, // .:........@.....
	0x3f, 0x32, 0x00, 0x00, 0x09, 0x72, 0x00, 0x10, 0x00, 0x07, 0x00, 0x00, 0x00, 0x86, 0x03, 0x10, // ?2...r..........
	0x00, 0x06, 0x00, 0x00, 0x00, 0xf6, 0x0f, 0x10, 0x00, 0x01, 0x00, 0x00, 0x00, 0xf6, 0x0f, 0x10, // ................
	0x00, 0x02, 0x00, 0x00, 0x00, 0x10, 0x00, 0x00, 0x0a, 0x12, 0x00, 0x10, 0x00, 0x06, 0x00, 0x00, // ................
	0x00, 0x46, 0x02, 0x10, 0x00, 0x07, 0x00, 0x00, 0x00, 0x02, 0x40, 0x00, 0x00, 0x87, 0x16, 0x99, // .F........@.....
	0x3e, 0xa2, 0x45, 0x16, 0x3f, 0xd5, 0x78, 0xe9, 0x3d, 0x00, 0x00, 0x00, 0x00, 0x36, 0x00, 0x00, // >.E.?.x.=....6..
	0x05, 0xf2, 0x20, 0x10, 0x00, 0x00, 0x00, 0x00, 0x00, 0x06, 0x04, 0x10, 0x00, 0x06, 0x00, 0x00, // .. .............
	0x00, 0x12, 0x00, 0x00, 0x01, 0x31, 0x00, 0x00, 0x08, 0x82, 0x00, 0x10, 0x00, 0x01, 0x00, 0x00, // .....1..........
	0x00, 0x0a, 0x80, 0x20, 0x00, 0x00, 0x00, 0x00, 0x00, 0x04, 0x00, 0x00, 0x00, 0x01, 0x40, 0x00, // ... ..........@.
	0x00, 0x00, 0x00, 0x90, 0x40, 0x1f, 0x00, 0x04, 0x03, 0x3a, 0x00, 0x10, 0x00, 0x01, 0x00, 0x00, // ....@....:......
	0x00, 0x38, 0x00, 0x00, 0x08, 0x72, 0x00, 0x10, 0x00, 0x06, 0x00, 0x00, 0x00, 0x46, 0x12, 0x10, // .8...r.......F..
	0x00, 0x02, 0x00, 0x00, 0x00, 0x46, 0x82, 0x20, 0x00, 0x00, 0x00, 0x00, 0x00, 0x01, 0x00, 0x00, // .....F. ........
	0x00, 0x10, 0x00, 0x00, 0x07, 0x82, 0x00, 0x10, 0x00, 0x01, 0x00, 0x00, 0x00, 0x46, 0x02, 0x10, // .............F..
	0x00, 0x01, 0x00, 0x00, 0x00, 0x46, 0x02, 0x10, 0x00, 0x04, 0x00, 0x00, 0x00, 0x34, 0x00, 0x00, // .....F.......4..
	0x07, 0x82, 0x00, 0x10, 0x00, 0x01, 0x00, 0x00, 0x00, 0x3a, 0x00, 0x10, 0x00, 0x01, 0x00, 0x00, // .........:......
	0x00, 0x01, 0x40, 0x00, 0x00, 0x00, 0x00, 0x00, 0x00, 0x00, 0x00, 0x00, 0x07, 0x82, 0x00, 0x10, // ..@.............
	0x00, 0x01, 0x00, 0x00, 0x00, 0x3a, 0x00, 0x10, 0x00, 0x01, 0x00, 0x00, 0x00, 0x01, 0x40, 0x00, // .....:........@.
	0x00, 0xcd, 0xcc, 0xcc, 0x3d, 0x32, 0x00, 0x00, 0x0a, 0x72, 0x00, 0x10, 0x00, 0x04, 0x00, 0x00, // ....=2...r......
	0x00, 0x46, 0x82, 0x20, 0x00, 0x00, 0x00, 0x00, 0x00, 0x02, 0x00, 0x00, 0x00, 0xf6, 0x0f, 0x10, // .F. ............
	0x00, 0x00, 0x00, 0x00, 0x00, 0x46, 0x02, 0x10, 0x00, 0x03, 0x00, 0x00, 0x00, 0x10, 0x00, 0x00, // .....F..........
	0x07, 0x82, 0x00, 0x10, 0x00, 0x00, 0x00, 0x00, 0x00, 0x46, 0x02, 0x10, 0x00, 0x04, 0x00, 0x00, // .........F......
	0x00, 0x46, 0x02, 0x10, 0x00, 0x04, 0x00, 0x00, 0x00, 0x44, 0x00, 0x00, 0x05, 0x82, 0x00, 0x10, // .F.......D......
	0x00, 0x00, 0x00, 0x00, 0x00, 0x3a, 0x00, 0x10, 0x00, 0x00, 0x00, 0x00, 0x00, 0x38, 0x00, 0x00, // .....:.......8..
	0x07, 0x72, 0x00, 0x10, 0x00, 0x04, 0x00, 0x00, 0x00, 0xf6, 0x0f, 0x10, 0x00, 0x00, 0x00, 0x00, // .r..............
	0x00, 0x46, 0x02, 0x10, 0x00, 0x04, 0x00, 0x00, 0x00, 0x10, 0x00, 0x00, 0x07, 0x82, 0x00, 0x10, // .F..............
	0x00, 0x00, 0x00, 0x00, 0x00, 0x46, 0x02, 0x10, 0x00, 0x01, 0x00, 0x00, 0x00, 0x46, 0x02, 0x10, // .....F.......F..
	0x00, 0x04, 0x00, 0x00, 0x00, 0x34, 0x00, 0x00, 0x07, 0x82, 0x00, 0x10, 0x00, 0x00, 0x00, 0x00, // .....4..........
	0x00, 0x3a, 0x00, 0x10, 0x00, 0x00, 0x00, 0x00, 0x00, 0x01, 0x40, 0x00, 0x00, 0x00, 0x00, 0x00, // .:........@.....
	0x00, 0x2f, 0x00, 0x00, 0x05, 0x82, 0x00, 0x10, 0x00, 0x00, 0x00, 0x00, 0x00, 0x3a, 0x00, 0x10, // ./...........:..
	0x00, 0x00, 0x00, 0x00, 0x00, 0x38, 0x00, 0x00, 0x07, 0x82, 0x00, 0x10, 0x00, 0x00, 0x00, 0x00, // .....8..........
	0x00, 0x3a, 0x00, 0x10, 0x00, 0x00, 0x00, 0x00, 0x00, 0x01, 0x40, 0x00, 0x00, 0x00, 0x00, 0x00, // .:........@.....
	0x42, 0x19, 0x00, 0x00, 0x05, 0x82, 0x00, 0x10, 0x00, 0x00, 0x00, 0x00, 0x00, 0x3a, 0x00, 0x10, // B............:..
	0x00, 0x00, 0x00, 0x00, 0x00, 0x38, 0x00, 0x00, 0x07, 0x82, 0x00, 0x10, 0x00, 0x00, 0x00, 0x00, // .....8..........
	0x00, 0x3a, 0x00, 0x10, 0x00, 0x00, 0x00, 0x00, 0x00, 0x01, 0x40, 0x00, 0x00, 0x00, 0x00, 0x00, // .:........@.....
	0x3f, 0x32, 0x00, 0x00, 0x09, 0x72, 0x00, 0x10, 0x00, 0x04, 0x00, 0x00, 0x00, 0x46, 0x02, 0x10, // ?2...r.......F..
	0x00, 0x06, 0x00, 0x00, 0x00, 0xf6, 0x0f, 0x10, 0x00, 0x01, 0x00, 0x00, 0x00, 0xf6, 0x0f, 0x10, // ................
	0x00, 0x00, 0x00, 0x00, 0x00, 0x00, 0x00, 0x00, 0x0a, 0x72, 0x00, 0x10, 0x00, 0x06, 0x00, 0x00, // .........r......
	0x00, 0x46, 0x02, 0x10, 0x00, 0x04, 0x00, 0x00, 0x00, 0x02, 0x40, 0x00, 0x00, 0x00, 0x00, 0x80, // .F........@.....
	0x3f, 0x00, 0x00, 0x80, 0x3f, 0x00, 0x00, 0x80, 0x3f, 0x00, 0x00, 0x00, 0x00, 0x0e, 0x00, 0x00, // ?...?...?.......
	0x07, 0x72, 0x00, 0x10, 0x00, 0x04, 0x00, 0x00, 0x00, 0x46, 0x02, 0x10, 0x00, 0x04, 0x00, 0x00, // .r.......F......
	0x00, 0x46, 0x02, 0x10, 0x00, 0x06, 0x00, 0x00, 0x00, 0x2f, 0x00, 0x00, 0x05, 0x72, 0x00, 0x10, // .F......./...r..
	0x00, 0x04, 0x00, 0x00, 0x00, 0x46, 0x02, 0x10, 0x00, 0x04, 0x00, 0x00, 0x00, 0x38, 0x00, 0x00, // .....F.......8..
	0x0a, 0x72, 0x00, 0x10, 0x00, 0x04, 0x00, 0x00, 0x00, 0x46, 0x02, 0x10, 0x00, 0x04, 0x00, 0x00, // .r.......F......
	0x00, 0x02, 0x40, 0x00, 0x00, 0x2f, 0xba, 0xe8, 0x3e, 0x2f, 0xba, 0xe8, 0x3e, 0x2f, 0xba, 0xe8, // ..@../..>/..>/..
	0x3e, 0x00, 0x00, 0x00, 0x00, 0x19, 0x00, 0x00, 0x05, 0x72, 0x20, 0x10, 0x00, 0x00, 0x00, 0x00, // >........r .....
	0x00, 0x46, 0x02, 0x10, 0x00, 0x04, 0x00, 0x00, 0x00, 0x38, 0x00, 0x00, 0x08, 0x82, 0x20, 0x10, // .F.......8.... .
	0x00, 0x00, 0x00, 0x00, 0x00, 0x3a, 0x10, 0x10, 0x00, 0x02, 0x00, 0x00, 0x00, 0x3a, 0x80, 0x20, // .....:.......:. 
	0x00, 0x00, 0x00, 0x00, 0x00, 0x01, 0x00, 0x00, 0x00, 0x12, 0x00, 0x00, 0x01, 0x31, 0x00, 0x00, // .............1..
	0x08, 0x82, 0x00, 0x10, 0x00, 0x00, 0x00, 0x00, 0x00, 0x0a, 0x80, 0x20, 0x00, 0x00, 0x00, 0x00, // ........... ....
	0x00, 0x04, 0x00, 0x00, 0x00, 0x01, 0x40, 0x00, 0x00, 0x00, 0x00, 0xb0, 0x40, 0x1f, 0x00, 0x04, // ......@.....@...
	0x03, 0x3a, 0x00, 0x10, 0x00, 0x00, 0x00, 0x00, 0x00, 0x38, 0x00, 0x00, 0x0a, 0xf2, 0x00, 0x10, // .:.......8......
	0x00, 0x04, 0x00, 0x00, 0x00, 0x86, 0x18, 0x10, 0x00, 0x05, 0x00, 0x00, 0x00, 0x02, 0x40, 0x00, // ..............@.
	0x00, 0x00, 0x00, 0x00, 0x3f, 0x00, 0x00, 0x00, 0x3f, 0x00, 0x00, 0xa0, 0x40, 0x00, 0x00, 0xa0, // ....?...?...@...
	0x40, 0x10, 0x00, 0x00, 0x0a, 0x82, 0x00, 0x10, 0x00, 0x00, 0x00, 0x00, 0x00, 0x46, 0x02, 0x10, // @............F..
	0x00, 0x01, 0x00, 0x00, 0x00, 0x02, 0x40, 0x00, 0x00, 0xcd, 0xcc, 0xcc, 0x3e, 0xcd, 0xcc, 0x4c, // ......@.....>..L
	0x3f, 0xcd, 0xcc, 0x0c, 0x3f, 0x00, 0x00, 0x00, 0x00, 0x00, 0x00, 0x00, 0x07, 0x82, 0x00, 0x10, // ?...?...........
	0x00, 0x00, 0x00, 0x00, 0x00, 0x3a, 0x00, 0x10, 0x00, 0x00, 0x00, 0x00, 0x00, 0x01, 0x40, 0x00, // .....:........@.
	0x00, 0x00, 0x00, 0x80, 0x3f, 0x31, 0x00, 0x00, 0x07, 0x82, 0x00, 0x10, 0x00, 0x01, 0x00, 0x00, // ....?1..........
	0x00, 0x3a, 0x00, 0x10, 0x00, 0x00, 0x00, 0x00, 0x00, 0x01, 0x40, 0x00, 0x00, 0x9a, 0x99, 0x19, // .:........@.....
	0x3f, 0x1f, 0x00, 0x04, 0x03, 0x3a, 0x00, 0x10, 0x00, 0x01, 0x00, 0x00, 0x00, 0x38, 0x00, 0x00, // ?....:.......8..
	0x0a, 0x32, 0x00, 0x10, 0x00, 0x06, 0x00, 0x00, 0x00, 0x26, 0x1a, 0x10, 0x00, 0x05, 0x00, 0x00, // .2.......&......
	0x00, 0x02, 0x40, 0x00, 0x00, 0x00, 0x00, 0x20, 0x41, 0x00, 0x00, 0x20, 0x41, 0x00, 0x00, 0x00, // ..@.... A.. A...
	0x00, 0x00, 0x00, 0x00, 0x00, 0x4d, 0x00, 0x00, 0x06, 0x32, 0x00, 0x10, 0x00, 0x06, 0x00, 0x00, // .....M...2......
	0x00, 0x00, 0xd0, 0x00, 0x00, 0x46, 0x00, 0x10, 0x00, 0x06, 0x00, 0x00, 0x00, 0x1d, 0x00, 0x00, // .....F..........
	0x0a, 0x32, 0x00, 0x10, 0x00, 0x06, 0x00, 0x00, 0x00, 0x46, 0x00, 0x10, 0x00, 0x06, 0x00, 0x00, // .2.......F......
	0x00, 0x02, 0x40, 0x00, 0x00, 0x33, 0x33, 0x73, 0x3f, 0x33, 0x33, 0x73, 0x3f, 0x00, 0x00, 0x00, // ..@..33s?33s?...
	0x00, 0x00, 0x00, 0x00, 0x00, 0x01, 0x00, 0x00, 0x0a, 0x32, 0x00, 0x10, 0x00, 0x06, 0x00, 0x00, // .........2......
	0x00, 0x46, 0x00, 0x10, 0x00, 0x06, 0x00, 0x00, 0x00, 0x02, 0x40, 0x00, 0x00, 0x00, 0x00, 0x80, // .F........@.....
	0x3f, 0x00, 0x00, 0x80, 0x3f, 0x00, 0x00, 0x00, 0x00, 0x00, 0x00, 0x00, 0x00, 0x00, 0x00, 0x00, // ?...?...........
	0x07, 0x82, 0x00, 0x10, 0x00, 0x01, 0x00, 0x00, 0x00, 0x1a, 0x00, 0x10, 0x00, 0x06, 0x00, 0x00, // ................
	0x00, 0x0a, 0x00, 0x10, 0x00, 0x06, 0x00, 0x00, 0x00, 0x00, 0x00, 0x00, 0x07, 0x82, 0x00, 0x10, // ................
	0x00, 0x02, 0x00, 0x00, 0x00, 0x1a, 0x00, 0x10, 0x00, 0x04, 0x00, 0x00, 0x00, 0x0a, 0x00, 0x10, // ................
	0x00, 0x04, 0x00, 0x00, 0x00, 0x38, 0x00, 0x00, 0x07, 0x82, 0x00, 0x10, 0x00, 0x02, 0x00, 0x00, // .....8..........
	0x00, 0x3a, 0x00, 0x10, 0x00, 0x02, 0x00, 0x00, 0x00, 0x01, 0x40, 0x00, 0x00, 0x00, 0x00, 0xa0, // .:........@.....
	0x41, 0x4d, 0x00, 0x00, 0x06, 0x82, 0x00, 0x10, 0x00, 0x02, 0x00, 0x00, 0x00, 0x00, 0xd0, 0x00, // AM..............
	0x00, 0x3a, 0x00, 0x10, 0x00, 0x02, 0x00, 0x00, 0x00, 0x1d, 0x00, 0x00, 0x07, 0x82, 0x00, 0x10, // .:..............
	0x00, 0x02, 0x00, 0x00, 0x00, 0x3a, 0x00, 0x10, 0x00, 0x02, 0x00, 0x00, 0x00, 0x01, 0x40, 0x00, // .....:........@.
	0x00, 0x33, 0x33, 0x73, 0x3f, 0x01, 0x00, 0x00, 0x07, 0x82, 0x00, 0x10, 0x00, 0x02, 0x00, 0x00, // .33s?...........
	0x00, 0x3a, 0x00, 0x10, 0x00, 0x02, 0x00, 0x00, 0x00, 0x01, 0x40, 0x00, 0x00, 0x00, 0x00, 0x80, // .:........@.....
	0x3f, 0x00, 0x00, 0x00, 0x07, 0x82, 0x00, 0x10, 0x00, 0x01, 0x00, 0x00, 0x00, 0x3a, 0x00, 0x10, // ?............:..
	0x00, 0x01, 0x00, 0x00, 0x00, 0x3a, 0x00, 0x10, 0x00, 0x02, 0x00, 0x00, 0x00, 0x32, 0x00, 0x00, // .....:.......2..
	0x0a, 0x82, 0x00, 0x10, 0x00, 0x02, 0x00, 0x00, 0x00, 0x0a, 0x10, 0x10, 0x00, 0x05, 0x00, 0x00, // ................
	0x00, 0x01, 0x40, 0x00, 0x00, 0x00, 0x00, 0x00, 0x3f, 0x1a, 0x00, 0x10, 0x80, 0x41, 0x00, 0x00, // ..@.....?....A..
	0x00, 0x04, 0x00, 0x00, 0x00, 0x38, 0x00, 0x00, 0x07, 0x82, 0x00, 0x10, 0x00, 0x02, 0x00, 0x00, // .....8..........
	0x00, 0x3a, 0x00, 0x10, 0x00, 0x02, 0x00, 0x00, 0x00, 0x01, 0x40, 0x00, 0x00, 0x00, 0x00, 0xa0, // .:........@.....
	0x41, 0x4d, 0x00, 0x00, 0x06, 0x82, 0x00, 0x10, 0x00, 0x02, 0x00, 0x00, 0x00, 0x00, 0xd0, 0x00, // AM..............
	0x00, 0x3a, 0x00, 0x10, 0x00, 0x02, 0x00, 0x00, 0x00, 0x1d, 0x00, 0x00, 0x07, 0x82, 0x00, 0x10, // .:..............
	0x00, 0x02, 0x00, 0x00, 0x00, 0x3a, 0x00, 0x10, 0x00, 0x02, 0x00, 0x00, 0x00, 0x01, 0x40, 0x00, // .....:........@.
	0x00, 0x33, 0x33, 0x73, 0x3f, 0x01, 0x00, 0x00, 0x07, 0x82, 0x00, 0x10, 0x00, 0x02, 0x00, 0x00, // .33s?...........
	0x00, 0x3a, 0x00, 0x10, 0x00, 0x02, 0x00, 0x00, 0x00, 0x01, 0x40, 0x00, 0x00, 0x00, 0x00, 0x80, // .:........@.....
	0x3f, 0x00, 0x00, 0x00, 0x07, 0x82, 0x00, 0x10, 0x00, 0x01, 0x00, 0x00, 0x00, 0x3a, 0x00, 0x10, // ?............:..
	0x00, 0x01, 0x00, 0x00, 0x00, 0x3a, 0x00, 0x10, 0x00, 0x02, 0x00, 0x00, 0x00, 0x0f, 0x00, 0x00, // .....:..........
	0x0a, 0x82, 0x00, 0x10, 0x00, 0x02, 0x00, 0x00, 0x00, 0x86, 0x10, 0x10, 0x00, 0x05, 0x00, 0x00, // ................
	0x00, 0x02, 0x40, 0x00, 0x00, 0xcc, 0x8d, 0x1c, 0x3a, 0xfc, 0xff, 0x3f, 0x3f, 0x00, 0x00, 0x00, // ..@.....:..??...
	0x00, 0x00, 0x00, 0x00, 0x00, 0x0f, 0x00, 0x00, 0x0a, 0x82, 0x00, 0x10, 0x00, 0x03, 0x00, 0x00, // ................
	0x00, 0x86, 0x10, 0x10, 0x00, 0x05, 0x00, 0x00, 0x00, 0x02, 0x40, 0x00, 0x00, 0xfc, 0xff, 0x3f, // ..........@....?
	0xbf, 0xcc, 0x8d, 0x1c, 0x3a, 0x00, 0x00, 0x00, 0x00, 0x00, 0x00, 0x00, 0x00, 0x38, 0x00, 0x00, // ....:........8..
	0x07, 0x12, 0x00, 0x10, 0x00, 0x06, 0x00, 0x00, 0x00, 0x3a, 0x00, 0x10, 0x00, 0x03, 0x00, 0x00, // .........:......
	0x00, 0x01, 0x40, 0x00, 0x00, 0x00, 0x00, 0xa0, 0x41, 0x4d, 0x00, 0x00, 0x06, 0x12, 0x00, 0x10, // ..@.....AM......
	0x00, 0x06, 0x00, 0x00, 0x00, 0x00, 0xd0, 0x00, 0x00, 0x0a, 0x00, 0x10, 0x00, 0x06, 0x00, 0x00, // ................
	0x00, 0x1d, 0x00, 0x00, 0x07, 0x12, 0x00, 0x10, 0x00, 0x06, 0x00, 0x00, 0x00, 0x0a, 0x00, 0x10, // ................
	0x00, 0x06, 0x00, 0x00, 0x00, 0x01, 0x40, 0x00, 0x00, 0x33, 0x33, 0x73, 0x3f, 0x38, 0x00, 0x00, // ......@..33s?8..
	0x07, 0x22, 0x00, 0x10, 0x00, 0x06, 0x00, 0x00, 0x00, 0x3a, 0x00, 0x10, 0x00, 0x02, 0x00, 0x00, // .".......:......
	0x00, 0x01, 0x40, 0x00, 0x00, 0x00, 0x00, 0xa0, 0x41, 0x4d, 0x00, 0x00, 0x06, 0x22, 0x00, 0x10, // ..@.....AM..."..
	0x00, 0x06, 0x00, 0x00, 0x00, 0x00, 0xd0, 0x00, 0x00, 0x1a, 0x00, 0x10, 0x00, 0x06, 0x00, 0x00, // ................
	0x00, 0x1d, 0x00, 0x00, 0x07, 0x22, 0x00, 0x10, 0x00, 0x06, 0x00, 0x00, 0x00, 0x1a, 0x00, 0x10, // ....."..........
	0x00, 0x06, 0x00, 0x00, 0x00, 0x01, 0x40, 0x00, 0x00, 0x33, 0x33, 0x73, 0x3f, 0x01, 0x00, 0x00, // ......@..33s?...
	0x0a, 0x32, 0x00, 0x10, 0x00, 0x06, 0x00, 0x00, 0x00, 0x46, 0x00, 0x10, 0x00, 0x06, 0x00, 0x00, // .2.......F......
	0x00, 0x02, 0x40, 0x00, 0x00, 0x00, 0x00, 0x80, 0x3f, 0x00, 0x00, 0x80, 0x3f, 0x00, 0x00, 0x00, // ..@.....?...?...
	0x00, 0x00, 0x00, 0x00, 0x00, 0x00, 0x00, 0x00, 0x07, 0x12, 0x00, 0x10, 0x00, 0x06, 0x00, 0x00, // ................
	0x00, 0x1a, 0x00, 0x10, 0x00, 0x06, 0x00, 0x00, 0x00, 0x0a, 0x00, 0x10, 0x00, 0x06, 0x00, 0x00, // ................
	0x00, 0x00, 0x00, 0x00, 0x07, 0x22, 0x00, 0x10, 0x00, 0x06, 0x00, 0x00, 0x00, 0x3a, 0x00, 0x10, // .....".......:..
	0x00, 0x02, 0x00, 0x00, 0x00, 0x3a, 0x00, 0x10, 0x00, 0x03, 0x00, 0x00, 0x00, 0x38, 0x00, 0x00, // .....:.......8..
	0x07, 0x22, 0x00, 0x10, 0x00, 0x06, 0x00, 0x00, 0x00, 0x1a, 0x00, 0x10, 0x00, 0x06, 0x00, 0x00, // ."..............
	0x00, 0x01, 0x40, 0x00, 0x00, 0x00, 0x00, 0xa0, 0x41, 0x4d, 0x00, 0x00, 0x06, 0x22, 0x00, 0x10, // ..@.....AM..."..
	0x00, 0x06, 0x00, 0x00, 0x00, 0x00, 0xd0, 0x00, 0x00, 0x1a, 0x00, 0x10, 0x00, 0x06, 0x00, 0x00, // ................
	0x00, 0x1d, 0x00, 0x00, 0x07, 0x22, 0x00, 0x10, 0x00, 0x06, 0x00, 0x00, 0x00, 0x1a, 0x00, 0x10, // ....."..........
	0x00, 0x06, 0x00, 0x00, 0x00, 0x01, 0x40, 0x00, 0x00, 0x33, 0x33, 0x73, 0x3f, 0x01, 0x00, 0x00, // ......@..33s?...
	0x07, 0x22, 0x00, 0x10, 0x00, 0x06, 0x00, 0x00, 0x00, 0x1a, 0x00, 0x10, 0x00, 0x06, 0x00, 0x00, // ."..............
	0x00, 0x01, 0x40, 0x00, 0x00, 0x00, 0x00, 0x80, 0x3f, 0x00, 0x00, 0x00, 0x07, 0x12, 0x00, 0x10, // ..@.....?.......
	0x00, 0x06, 0x00, 0x00, 0x00, 0x1a, 0x00, 0x10, 0x00, 0x06, 0x00, 0x00, 0x00, 0x0a, 0x00, 0x10, // ................
	0x00, 0x06, 0x00, 0x00, 0x00, 0x00, 0x00, 0x00, 0x08, 0x82, 0x00, 0x10, 0x00, 0x02, 0x00, 0x00, // ................
	0x00, 0x3a, 0x00, 0x10, 0x00, 0x02, 0x00, 0x00, 0x00, 0x3a, 0x00, 0x10, 0x80, 0x41, 0x00, 0x00, // .:.......:...A..
	0x00, 0x03, 0x00, 0x00, 0x00, 0x38, 0x00, 0x00, 0x07, 0x82, 0x00, 0x10, 0x00, 0x02, 0x00, 0x00, // .....8..........
	0x00, 0x3a, 0x00, 0x10, 0x00, 0x02, 0x00, 0x00, 0x00, 0x01, 0x40, 0x00, 0x00, 0x00, 0x00, 0xa0, // .:........@.....
	0x41, 0x4d, 0x00, 0x00, 0x06, 0x82, 0x00, 0x10, 0x00, 0x02, 0x00, 0x00, 0x00, 0x00, 0xd0, 0x00, // AM..............
	0x00, 0x3a, 0x00, 0x10, 0x00, 0x02, 0x00, 0x00, 0x00, 0x1d, 0x00, 0x00, 0x07, 0x82, 0x00, 0x10, // .:..............
	0x00, 0x02, 0x00, 0x00, 0x00, 0x3a, 0x00, 0x10, 0x00, 0x02, 0x00, 0x00, 0x00, 0x01, 0x40, 0x00, // .....:........@.
	0x00, 0x33, 0x33, 0x73, 0x3f, 0x01, 0x00, 0x00, 0x07, 0x82, 0x00, 0x10, 0x00, 0x02, 0x00, 0x00, // .33s?...........
	0x00, 0x3a, 0x00, 0x10, 0x00, 0x02, 0x00, 0x00, 0x00, 0x01, 0x40, 0x00, 0x00, 0x00, 0x00, 0x80, // .:........@.....
	0x3f, 0x00, 0x00, 0x00, 0x07, 0x82, 0x00, 0x10, 0x00, 0x02, 0x00, 0x00, 0x00, 0x3a, 0x00, 0x10, // ?............:..
	0x00, 0x02, 0x00, 0x00, 0x00, 0x0a, 0x00, 0x10, 0x00, 0x06, 0x00, 0x00, 0x00, 0x32, 0x00, 0x00, // .............2..
	0x09, 0x82, 0x00, 0x10, 0x00, 0x01, 0x00, 0x00, 0x00, 0x3a, 0x00, 0x10, 0x00, 0x01, 0x00, 0x00, // .........:......
	0x00, 0x01, 0x40, 0x00, 0x00, 0x00, 0x00, 0xc0, 0x3f, 0x3a, 0x00, 0x10, 0x00, 0x02, 0x00, 0x00, // ..@.....?:......
	0x00, 0x12, 0x00, 0x00, 0x01, 0x31, 0x00, 0x00, 0x07, 0x82, 0x00, 0x10, 0x00, 0x00, 0x00, 0x00, // .....1..........
	0x00, 0x3a, 0x00, 0x10, 0x00, 0x00, 0x00, 0x00, 0x00, 0x01, 0x40, 0x00, 0x00, 0x33, 0x33, 0xb3, // .:........@..33.
	0x3f, 0x38, 0x00, 0x00, 0x0a, 0x32, 0x00, 0x10, 0x00, 0x06, 0x00, 0x00, 0x00, 0x26, 0x1a, 0x10, // ?8...2.......&..
	0x00, 0x05, 0x00, 0x00, 0x00, 0x02, 0x40, 0x00, 0x00, 0x00, 0x00, 0x20, 0x41, 0x00, 0x00, 0x20, // ......@.... A.. 
	0x41, 0x00, 0x00, 0x00, 0x00, 0x00, 0x00, 0x00, 0x00, 0x4d, 0x00, 0x00, 0x06, 0x32, 0x00, 0x10, // A........M...2..
	0x00, 0x06, 0x00, 0x00, 0x00, 0x00, 0xd0, 0x00, 0x00, 0x46, 0x00, 0x10, 0x00, 0x06, 0x00, 0x00, // .........F......
	0x00, 0x1d, 0x00, 0x00, 0x0a, 0x32, 0x00, 0x10, 0x00, 0x06, 0x00, 0x00, 0x00, 0x46, 0x00, 0x10, // .....2.......F..
	0x00, 0x06, 0x00, 0x00, 0x00, 0x02, 0x40, 0x00, 0x00, 0x33, 0x33, 0x73, 0x3f, 0x33, 0x33, 0x73, // ......@..33s?33s
	0x3f, 0x00, 0x00, 0x00, 0x00, 0x00, 0x00, 0x00, 0x00, 0x01, 0x00, 0x00, 0x0a, 0x32, 0x00, 0x10, // ?............2..
	0x00, 0x06, 0x00, 0x00, 0x00, 0x46, 0x00, 0x10, 0x00, 0x06, 0x00, 0x00, 0x00, 0x02, 0x40, 0x00, // .....F........@.
	0x00, 0x00, 0x00, 0x80, 0x3f, 0x00, 0x00, 0x80, 0x3f, 0x00, 0x00, 0x00, 0x00, 0x00, 0x00, 0x00, // ....?...?.......
	0x00, 0x00, 0x00, 0x00, 0x07, 0x82, 0x00, 0x10, 0x00, 0x02, 0x00, 0x00, 0x00, 0x1a, 0x00, 0x10, // ................
	0x00, 0x06, 0x00, 0x00, 0x00, 0x0a, 0x00, 0x10, 0x00, 0x06, 0x00, 0x00, 0x00, 0x00, 0x00, 0x00, // ................
	0x07, 0x82, 0x00, 0x10, 0x00, 0x03, 0x00, 0x00, 0x00, 0x1a, 0x00, 0x10, 0x00, 0x04, 0x00, 0x00, // ................
	0x00, 0x0a, 0x00, 0x10, 0x00, 0x04, 0x00, 0x00, 0x00, 0x38, 0x00, 0x00, 0x07, 0x82, 0x00, 0x10, // .........8......
	0x00, 0x03, 0x00, 0x00, 0x00, 0x3a, 0x00, 0x10, 0x00, 0x03, 0x00, 0x00, 0x00, 0x01, 0x40, 0x00, // .....:........@.
	0x00, 0x00, 0x00, 0xa0, 0x41, 0x4d, 0x00, 0x00, 0x06, 0x82, 0x00, 0x10, 0x00, 0x03, 0x00, 0x00, // ....AM..........
	0x00, 0x00, 0xd0, 0x00, 0x00, 0x3a, 0x00, 0x10, 0x00, 0x03, 0x00, 0x00, 0x00, 0x1d, 0x00, 0x00, // .....:..........
	0x07, 0x82, 0x00, 0x10, 0x00, 0x03, 0x00, 0x00, 0x00, 0x3a, 0x00, 0x10, 0x00, 0x03, 0x00, 0x00, // .........:......
	0x00, 0x01, 0x40, 0x00, 0x00, 0x33, 0x33, 0x73, 0x3f, 0x01, 0x00, 0x00, 0x07, 0x82, 0x00, 0x10, // ..@..33s?.......
	0x00, 0x03, 0x00, 0x00, 0x00, 0x3a, 0x00, 0x10, 0x00, 0x03, 0x00, 0x00, 0x00, 0x01, 0x40, 0x00, // .....:........@.
	0x00, 0x00, 0x00, 0x80, 0x3f, 0x00, 0x00, 0x00, 0x07, 0x82, 0x00, 0x10, 0x00, 0x02, 0x00, 0x00, // ....?...........
	0x00, 0x3a, 0x00, 0x10, 0x00, 0x02, 0x00, 0x00, 0x00, 0x3a, 0x00, 0x10, 0x00, 0x03, 0x00, 0x00, // .:.......:......
	0x00, 0x32, 0x00, 0x00, 0x0a, 0x82, 0x00, 0x10, 0x00, 0x03, 0x00, 0x00, 0x00, 0x0a, 0x10, 0x10, // .2..............
	0x00, 0x05, 0x00, 0x00, 0x00, 0x01, 0x40, 0x00, 0x00, 0x00, 0x00, 0x00, 0x3f, 0x1a, 0x00, 0x10, // ......@.....?...
	0x80, 0x41, 0x00, 0x00, 0x00, 0x04, 0x00, 0x00, 0x00, 0x38, 0x00, 0x00, 0x07, 0x82, 0x00, 0x10, // .A.......8......
	0x00, 0x03, 0x00, 0x00, 0x00, 0x3a, 0x00, 0x10, 0x00, 0x03, 0x00, 0x00, 0x00, 0x01, 0x40, 0x00, // .....:........@.
	0x00, 0x00, 0x00, 0xa0, 0x41, 0x4d, 0x00, 0x00, 0x06, 0x82, 0x00, 0x10, 0x00, 0x03, 0x00, 0x00, // ....AM..........
	0x00, 0x00, 0xd0, 0x00, 0x00, 0x3a, 0x00, 0x10, 0x00, 0x03, 0x00, 0x00, 0x00, 0x1d, 0x00, 0x00, // .....:..........
	0x07, 0x82, 0x00, 0x10, 0x00, 0x03, 0x00, 0x00, 0x00, 0x3a, 0x00, 0x10, 0x00, 0x03, 0x00, 0x00, // .........:......
	0x00, 0x01, 0x40, 0x00, 0x00, 0x33, 0x33, 0x73, 0x3f, 0x01, 0x00, 0x00, 0x07, 0x82, 0x00, 0x10, // ..@..33s?.......
	0x00, 0x03, 0x00, 0x00, 0x00, 0x3a, 0x00, 0x10, 0x00, 0x03, 0x00, 0x00, 0x00, 0x01, 0x40, 0x00, // .....:........@.
	0x00, 0x00, 0x00, 0x80, 0x3f, 0x00, 0x00, 0x00, 0x07, 0x82, 0x00, 0x10, 0x00, 0x02, 0x00, 0x00, // ....?...........
	0x00, 0x3a, 0x00, 0x10, 0x00, 0x02, 0x00, 0x00, 0x00, 0x3a, 0x00, 0x10, 0x00, 0x03, 0x00, 0x00, // .:.......:......
	0x00, 0x38, 0x00, 0x00, 0x07, 0x82, 0x00, 0x10, 0x00, 0x02, 0x00, 0x00, 0x00, 0x3a, 0x00, 0x10, // .8...........:..
	0x00, 0x02, 0x00, 0x00, 0x00, 0x01, 0x40, 0x00, 0x00, 0x00, 0x00, 0x00, 0x3f, 0x01, 0x00, 0x00, // ......@.....?...
	0x07, 0x82, 0x00, 0x10, 0x00, 0x01, 0x00, 0x00, 0x00, 0x3a, 0x00, 0x10, 0x00, 0x00, 0x00, 0x00, // .........:......
	0x00, 0x3a, 0x00, 0x10, 0x00, 0x02, 0x00, 0x00, 0x00, 0x15, 0x00, 0x00, 0x01, 0x41, 0x00, 0x00, // .:...........A..
	0x05, 0x32, 0x00, 0x10, 0x00, 0x04, 0x00, 0x00, 0x00, 0xe6, 0x0a, 0x10, 0x00, 0x04, 0x00, 0x00, // .2..............
	0x00, 0x1a, 0x00, 0x00, 0x05, 0xc2, 0x00, 0x10, 0x00, 0x04, 0x00, 0x00, 0x00, 0xa6, 0x0e, 0x10, // ................
	0x00, 0x04, 0x00, 0x00, 0x00, 0x38, 0x00, 0x00, 0x07, 0x32, 0x00, 0x10, 0x00, 0x06, 0x00, 0x00, // .....8...2......
	0x00, 0xe6, 0x0a, 0x10, 0x00, 0x04, 0x00, 0x00, 0x00, 0xe6, 0x0a, 0x10, 0x00, 0x04, 0x00, 0x00, // ................
	0x00, 0x32, 0x00, 0x00, 0x10, 0xc2, 0x00, 0x10, 0x00, 0x04, 0x00, 0x00, 0x00, 0xa6, 0x0e, 0x10, // .2..............
	0x80, 0x41, 0x00, 0x00, 0x00, 0x04, 0x00, 0x00, 0x00, 0x02, 0x40, 0x00, 0x00, 0x00, 0x00, 0x00, // .A........@.....
	0x00, 0x00, 0x00, 0x00, 0x00, 0x00, 0x00, 0x00, 0x40, 0x00, 0x00, 0x00, 0x40, 0x02, 0x40, 0x00, // ........@...@.@.
	0x00, 0x00, 0x00, 0x00, 0x00, 0x00, 0x00, 0x00, 0x00, 0x00, 0x00, 0x40, 0x40, 0x00, 0x00, 0x40, // ...........@@..@
	0x40, 0x38, 0x00, 0x00, 0x07, 0xc2, 0x00, 0x10, 0x00, 0x04, 0x00, 0x00, 0x00, 0xa6, 0x0e, 0x10, // @8..............
	0x00, 0x04, 0x00, 0x00, 0x00, 0x06, 0x04, 0x10, 0x00, 0x06, 0x00, 0x00, 0x00, 0x38, 0x00, 0x00, // .............8..
	0x0a, 0x32, 0x00, 0x10, 0x00, 0x06, 0x00, 0x00, 0x00, 0x46, 0x00, 0x10, 0x00, 0x04, 0x00, 0x00, // .2.......F......
	0x00, 0x02, 0x40, 0x00, 0x00, 0x14, 0xae, 0xf6, 0x42, 0xe1, 0x1a, 0xe4, 0x43, 0x00, 0x00, 0x00, // ..@.....B...C...
	0x00, 0x00, 0x00, 0x00, 0x00, 0x1a, 0x00, 0x00, 0x05, 0x32, 0x00, 0x10, 0x00, 0x06, 0x00, 0x00, // .........2......
	0x00, 0x46, 0x00, 0x10, 0x00, 0x06, 0x00, 0x00, 0x00, 0x00, 0x00, 0x00, 0x0a, 0xc2, 0x00, 0x10, // .F..............
	0x00, 0x06, 0x00, 0x00, 0x00, 0x06, 0x04, 0x10, 0x00, 0x06, 0x00, 0x00, 0x00, 0x02, 0x40, 0x00, // ..............@.
	0x00, 0x00, 0x00, 0x00, 0x00, 0x00, 0x00, 0x00, 0x00, 0xae, 0x47, 0x35, 0x42, 0xae, 0x47, 0x35, // ..........G5B.G5
	0x42, 0x0f, 0x00, 0x00, 0x07, 0x82, 0x00, 0x10, 0x00, 0x00, 0x00, 0x00, 0x00, 0x46, 0x00, 0x10, // B............F..
	0x00, 0x06, 0x00, 0x00, 0x00, 0xe6, 0x0a, 0x10, 0x00, 0x06, 0x00, 0x00, 0x00, 0x00, 0x00, 0x00, // ................
	0x07, 0x32, 0x00, 0x10, 0x00, 0x06, 0x00, 0x00, 0x00, 0xf6, 0x0f, 0x10, 0x00, 0x00, 0x00, 0x00, // .2..............
	0x00, 0x46, 0x00, 0x10, 0x00, 0x06, 0x00, 0x00, 0x00, 0x38, 0x00, 0x00, 0x07, 0x82, 0x00, 0x10, // .F.......8......
	0x00, 0x00, 0x00, 0x00, 0x00, 0x1a, 0x00, 0x10, 0x00, 0x06, 0x00, 0x00, 0x00, 0x0a, 0x00, 0x10, // ................
	0x00, 0x06, 0x00, 0x00, 0x00, 0x1a, 0x00, 0x00, 0x05, 0x82, 0x00, 0x10, 0x00, 0x00, 0x00, 0x00, // ................
	0x00, 0x3a, 0x00, 0x10, 0x00, 0x00, 0x00, 0x00, 0x00, 0x00, 0x00, 0x00, 0x0a, 0xf2, 0x00, 0x10, // .:..............
	0x00, 0x06, 0x00, 0x00, 0x00, 0x46, 0x04, 0x10, 0x00, 0x04, 0x00, 0x00, 0x00, 0x02, 0x40, 0x00, // .....F........@.
	0x00, 0x00, 0x00, 0x80, 0x3f, 0x00, 0x00, 0x00, 0x00, 0x00, 0x00, 0x00, 0x00, 0x00, 0x00, 0x80, // ....?...........
	0x3f, 0x38, 0x00, 0x00, 0x0a, 0xf2, 0x00, 0x10, 0x00, 0x06, 0x00, 0x00, 0x00, 0x46, 0x0e, 0x10, // ?8...........F..
	0x00, 0x06, 0x00, 0x00, 0x00, 0x02, 0x40, 0x00, 0x00, 0x14, 0xae, 0xf6, 0x42, 0xe1, 0x1a, 0xe4, // ......@.....B...
	0x43, 0x14, 0xae, 0xf6, 0x42, 0xe1, 0x1a, 0xe4, 0x43, 0x1a, 0x00, 0x00, 0x05, 0xf2, 0x00, 0x10, // C...B...C.......
	0x00, 0x06, 0x00, 0x00, 0x00, 0x46, 0x0e, 0x10, 0x00, 0x06, 0x00, 0x00, 0x00, 0x00, 0x00, 0x00, // .....F..........
	0x0a, 0xf2, 0x00, 0x10, 0x00, 0x07, 0x00, 0x00, 0x00, 0x46, 0x0e, 0x10, 0x00, 0x06, 0x00, 0x00, // .........F......
	0x00, 0x02, 0x40, 0x00, 0x00, 0xae, 0x47, 0x35, 0x42, 0xae, 0x47, 0x35, 0x42, 0xae, 0x47, 0x35, // ..@...G5B.G5B.G5
	0x42, 0xae, 0x47, 0x35, 0x42, 0x0f, 0x00, 0x00, 0x07, 0x82, 0x00, 0x10, 0x00, 0x02, 0x00, 0x00, // B.G5B...........
	0x00, 0x46, 0x00, 0x10, 0x00, 0x06, 0x00, 0x00, 0x00, 0x46, 0x00, 0x10, 0x00, 0x07, 0x00, 0x00, // .F.......F......
	0x00, 0x00, 0x00, 0x00, 0x07, 0x32, 0x00, 0x10, 0x00, 0x06, 0x00, 0x00, 0x00, 0xf6, 0x0f, 0x10, // .....2..........
	0x00, 0x02, 0x00, 0x00, 0x00, 0x46, 0x00, 0x10, 0x00, 0x06, 0x00, 0x00, 0x00, 0x38, 0x00, 0x00, // .....F.......8..
	0x07, 0x82, 0x00, 0x10, 0x00, 0x02, 0x00, 0x00, 0x00, 0x1a, 0x00, 0x10, 0x00, 0x06, 0x00, 0x00, // ................
	0x00, 0x0a, 0x00, 0x10, 0x00, 0x06, 0x00, 0x00, 0x00, 0x1a, 0x00, 0x00, 0x05, 0x82, 0x00, 0x10, // ................
	0x00, 0x02, 0x00, 0x00, 0x00, 0x3a, 0x00, 0x10, 0x00, 0x02, 0x00, 0x00, 0x00, 0x0f, 0x00, 0x00, // .....:..........
	0x07, 0x82, 0x00, 0x10, 0x00, 0x03, 0x00, 0x00, 0x00, 0xe6, 0x0a, 0x10, 0x00, 0x06, 0x00, 0x00, // ................
	0x00, 0xe6, 0x0a, 0x10, 0x00, 0x07, 0x00, 0x00, 0x00, 0x00, 0x00, 0x00, 0x07, 0x32, 0x00, 0x10, // .............2..
	0x00, 0x06, 0x00, 0x00, 0x00, 0xf6, 0x0f, 0x10, 0x00, 0x03, 0x00, 0x00, 0x00, 0xe6, 0x0a, 0x10, // ................
	0x00, 0x06, 0x00, 0x00, 0x00, 0x38, 0x00, 0x00, 0x07, 0x82, 0x00, 0x10, 0x00, 0x03, 0x00, 0x00, // .....8..........
	0x00, 0x1a, 0x00, 0x10, 0x00, 0x06, 0x00, 0x00, 0x00, 0x0a, 0x00, 0x10, 0x00, 0x06, 0x00, 0x00, // ................
	0x00, 0x1a, 0x00, 0x00, 0x05, 0x82, 0x00, 0x10, 0x00, 0x03, 0x00, 0x00, 0x00, 0x3a, 0x00, 0x10, // .............:..
	0x00, 0x03, 0x00, 0x00, 0x00, 0x00, 0x00, 0x00, 0x0a, 0x32, 0x00, 0x10, 0x00, 0x04, 0x00, 0x00, // .........2......
	0x00, 0x46, 0x00, 0x10, 0x00, 0x04, 0x00, 0x00, 0x00, 0x02, 0x40, 0x00, 0x00, 0x00, 0x00, 0x80, // .F........@.....
	0x3f, 0x00, 0x00, 0x80, 0x3f, 0x00, 0x00, 0x00, 0x00, 0x00, 0x00, 0x00, 0x00, 0x38, 0x00, 0x00, // ?...?........8..
	0x0a, 0x32, 0x00, 0x10, 0x00, 0x04, 0x00, 0x00, 0x00, 0x46, 0x00, 0x10, 0x00, 0x04, 0x00, 0x00, // .2.......F......
	0x00, 0x02, 0x40, 0x00, 0x00, 0x14, 0xae, 0xf6, 0x42, 0xe1, 0x1a, 0xe4, 0x43, 0x00, 0x00, 0x00, // ..@.....B...C...
	0x00, 0x00, 0x00, 0x00, 0x00, 0x1a, 0x00, 0x00, 0x05, 0x32, 0x00, 0x10, 0x00, 0x04, 0x00, 0x00, // .........2......
	0x00, 0x46, 0x00, 0x10, 0x00, 0x04, 0x00, 0x00, 0x00, 0x00, 0x00, 0x00, 0x0a, 0x32, 0x00, 0x10, // .F...........2..
	0x00, 0x06, 0x00, 0x00, 0x00, 0x46, 0x00, 0x10, 0x00, 0x04, 0x00, 0x00, 0x00, 0x02, 0x40, 0x00, // .....F........@.
	0x00, 0xae, 0x47, 0x35, 0x42, 0xae, 0x47, 0x35, 0x42, 0x00, 0x00, 0x00, 0x00, 0x00, 0x00, 0x00, // ..G5B.G5B.......
	0x00, 0x0f, 0x00, 0x00, 0x07, 0x12, 0x00, 0x10, 0x00, 0x06, 0x00, 0x00, 0x00, 0x46, 0x00, 0x10, // .............F..
	0x00, 0x04, 0x00, 0x00, 0x00, 0x46, 0x00, 0x10, 0x00, 0x06, 0x00, 0x00, 0x00, 0x00, 0x00, 0x00, // .....F..........
	0x07, 0x32, 0x00, 0x10, 0x00, 0x04, 0x00, 0x00, 0x00, 0x46, 0x00, 0x10, 0x00, 0x04, 0x00, 0x00, // .2.......F......
	0x00, 0x06, 0x00, 0x10, 0x00, 0x06, 0x00, 0x00, 0x00, 0x38, 0x00, 0x00, 0x07, 0x12, 0x00, 0x10, // .........8......
	0x00, 0x04, 0x00, 0x00, 0x00, 0x1a, 0x00, 0x10, 0x00, 0x04, 0x00, 0x00, 0x00, 0x0a, 0x00, 0x10, // ................
	0x00, 0x04, 0x00, 0x00, 0x00, 0x1a, 0x00, 0x00, 0x05, 0x12, 0x00, 0x10, 0x00, 0x04, 0x00, 0x00, // ................
	0x00, 0x0a, 0x00, 0x10, 0x00, 0x04, 0x00, 0x00, 0x00, 0x00, 0x00, 0x00, 0x08, 0x82, 0x00, 0x10, // ................
	0x00, 0x02, 0x00, 0x00, 0x00, 0x3a, 0x00, 0x10, 0x80, 0x41, 0x00, 0x00, 0x00, 0x00, 0x00, 0x00, // .....:...A......
	0x00, 0x3a, 0x00, 0x10, 0x00, 0x02, 0x00, 0x00, 0x00, 0x32, 0x00, 0x00, 0x09, 0x82, 0x00, 0x10, // .:.......2......
	0x00, 0x00, 0x00, 0x00, 0x00, 0x2a, 0x00, 0x10, 0x00, 0x04, 0x00, 0x00, 0x00, 0x3a, 0x00, 0x10, // .....*.......:..
	0x00, 0x02, 0x00, 0x00, 0x00, 0x3a, 0x00, 0x10, 0x00, 0x00, 0x00, 0x00, 0x00, 0x00, 0x00, 0x00, // .....:..........
	0x08, 0x82, 0x00, 0x10, 0x00, 0x02, 0x00, 0x00, 0x00, 0x3a, 0x00, 0x10, 0x80, 0x41, 0x00, 0x00, // .........:...A..
	0x00, 0x03, 0x00, 0x00, 0x00, 0x0a, 0x00, 0x10, 0x00, 0x04, 0x00, 0x00, 0x00, 0x32, 0x00, 0x00, // .............2..
	0x09, 0x82, 0x00, 0x10, 0x00, 0x02, 0x00, 0x00, 0x00, 0x2a, 0x00, 0x10, 0x00, 0x04, 0x00, 0x00, // .........*......
	0x00, 0x3a, 0x00, 0x10, 0x00, 0x02, 0x00, 0x00, 0x00, 0x3a, 0x00, 0x10, 0x00, 0x03, 0x00, 0x00, // .:.......:......
	0x00, 0x00, 0x00, 0x00, 0x08, 0x82, 0x00, 0x10, 0x00, 0x02, 0x00, 0x00, 0x00, 0x3a, 0x00, 0x10, // .............:..
	0x80, 0x41, 0x00, 0x00, 0x00, 0x00, 0x00, 0x00, 0x00, 0x3a, 0x00, 0x10, 0x00, 0x02, 0x00, 0x00, // .A.......:......
	0x00, 0x32, 0x00, 0x00, 0x09, 0x82, 0x00, 0x10, 0x00, 0x00, 0x00, 0x00, 0x00, 0x3a, 0x00, 0x10, // .2...........:..
	0x00, 0x04, 0x00, 0x00, 0x00, 0x3a, 0x00, 0x10, 0x00, 0x02, 0x00, 0x00, 0x00, 0x3a, 0x00, 0x10, // .....:.......:..
	0x00, 0x00, 0x00, 0x00, 0x00, 0x00, 0x00, 0x00, 0x07, 0x82, 0x00, 0x10, 0x00, 0x00, 0x00, 0x00, // ................
	0x00, 0x3a, 0x00, 0x10, 0x00, 0x00, 0x00, 0x00, 0x00, 0x01, 0x40, 0x00, 0x00, 0x00, 0x00, 0x00, // .:........@.....
	0xbf, 0x32, 0x00, 0x00, 0x09, 0x82, 0x00, 0x10, 0x00, 0x01, 0x00, 0x00, 0x00, 0x3a, 0x00, 0x10, // .2...........:..
	0x00, 0x00, 0x00, 0x00, 0x00, 0x01, 0x40, 0x00, 0x00, 0xcd, 0xcc, 0xcc, 0x3d, 0x3a, 0x00, 0x10, // ......@.....=:..
	0x00, 0x01, 0x00, 0x00, 0x00, 0x10, 0x00, 0x00, 0x07, 0x82, 0x00, 0x10, 0x00, 0x02, 0x00, 0x00, // ................
	0x00, 0x46, 0x02, 0x10, 0x00, 0x01, 0x00, 0x00, 0x00, 0x46, 0x02, 0x10, 0x00, 0x03, 0x00, 0x00, // .F.......F......
	0x00, 0x34, 0x00, 0x00, 0x07, 0x82, 0x00, 0x10, 0x00, 0x02, 0x00, 0x00, 0x00, 0x3a, 0x00, 0x10, // .4...........:..
	0x00, 0x02, 0x00, 0x00, 0x00, 0x01, 0x40, 0x00, 0x00, 0x00, 0x00, 0x00, 0x00, 0x00, 0x00, 0x00, // ......@.........
	0x0b, 0x32, 0x00, 0x10, 0x00, 0x04, 0x00, 0x00, 0x00, 0xf6, 0x0f, 0x10, 0x80, 0x41, 0x00, 0x00, // .2...........A..
	0x00, 0x02, 0x00, 0x00, 0x00, 0x02, 0x40, 0x00, 0x00, 0x9a, 0x99, 0x19, 0x3f, 0x00, 0x00, 0x00, // ......@.....?...
	0x3f, 0x00, 0x00, 0x00, 0x00, 0x00, 0x00, 0x00, 0x00, 0x38, 0x20, 0x00, 0x0a, 0x32, 0x00, 0x10, // ?........8 ..2..
	0x00, 0x04, 0x00, 0x00, 0x00, 0x46, 0x00, 0x10, 0x00, 0x04, 0x00, 0x00, 0x00, 0x02, 0x40, 0x00, // .....F........@.
	0x00, 0x00, 0x00, 0x20, 0x40, 0xfe, 0xff, 0x1f, 0x41, 0x00, 0x00, 0x00, 0x00, 0x00, 0x00, 0x00, // ... @...A.......
	0x00, 0x32, 0x00, 0x00, 0x0f, 0xc2, 0x00, 0x10, 0x00, 0x04, 0x00, 0x00, 0x00, 0x06, 0x04, 0x10, // .2..............
	0x00, 0x04, 0x00, 0x00, 0x00, 0x02, 0x40, 0x00, 0x00, 0x00, 0x00, 0x00, 0x00, 0x00, 0x00, 0x00, // ......@.........
	0x00, 0x00, 0x00, 0x00, 0xc0, 0x00, 0x00, 0x00, 0xc0, 0x02, 0x40, 0x00, 0x00, 0x00, 0x00, 0x00, // ..........@.....
	0x00, 0x00, 0x00, 0x00, 0x00, 0x00, 0x00, 0x40, 0x40, 0x00, 0x00, 0x40, 0x40, 0x38, 0x00, 0x00, // .......@@..@@8..
	0x07, 0x32, 0x00, 0x10, 0x00, 0x04, 0x00, 0x00, 0x00, 0x46, 0x00, 0x10, 0x00, 0x04, 0x00, 0x00, // .2.......F......
	0x00, 0x46, 0x00, 0x10, 0x00, 0x04, 0x00, 0x00, 0x00, 0x38, 0x00, 0x00, 0x07, 0x32, 0x00, 0x10, // .F.......8...2..
	0x00, 0x04, 0x00, 0x00, 0x00, 0x46, 0x00, 0x10, 0x00, 0x04, 0x00, 0x00, 0x00, 0xe6, 0x0a, 0x10, // .....F..........
	0x00, 0x04, 0x00, 0x00, 0x00, 0x38, 0x00, 0x00, 0x0a, 0x32, 0x00, 0x10, 0x00, 0x04, 0x00, 0x00, // .....8...2......
	0x00, 0x46, 0x00, 0x10, 0x00, 0x04, 0x00, 0x00, 0x00, 0x02, 0x40, 0x00, 0x00, 0x00, 0x00, 0x00, // .F........@.....
	0x3f, 0xcd, 0xcc, 0x4c, 0x3f, 0x00, 0x00, 0x00, 0x00, 0x00, 0x00, 0x00, 0x00, 0x32, 0x20, 0x00, // ?..L?........2 .
	0x0a, 0x82, 0x00, 0x10, 0x00, 0x01, 0x00, 0x00, 0x00, 0x3a, 0x00, 0x10, 0x00, 0x01, 0x00, 0x00, // .........:......
	0x00, 0x1a, 0x80, 0x20, 0x00, 0x00, 0x00, 0x00, 0x00, 0x06, 0x00, 0x00, 0x00, 0x0a, 0x00, 0x10, // ... ............
	0x00, 0x04, 0x00, 0x00, 0x00, 0x32, 0x00, 0x00, 0x0f, 0xd2, 0x00, 0x10, 0x00, 0x04, 0x00, 0x00, // .....2..........
	0x00, 0xf6, 0x0f, 0x10, 0x00, 0x01, 0x00, 0x00, 0x00, 0x02, 0x40, 0x00, 0x00, 0x99, 0x99, 0x59, // ..........@....Y
	0xbf, 0x00, 0x00, 0x00, 0x00, 0x29, 0x5c, 0x4f, 0xbf, 0x47, 0xe1, 0x3a, 0xbf, 0x02, 0x40, 0x00, // .....).O.G.:..@.
	0x00, 0x33, 0x33, 0x73, 0x3f, 0x00, 0x00, 0x00, 0x00, 0xc3, 0xf5, 0x68, 0x3f, 0xe1, 0x7a, 0x54, // .33s?......h?.zT
	0x3f, 0x32, 0x00, 0x00, 0x0c, 0xd2, 0x00, 0x10, 0x00, 0x04, 0x00, 0x00, 0x00, 0xf6, 0x0f, 0x10, // ?2..............
	0x00, 0x00, 0x00, 0x00, 0x00, 0x02, 0x40, 0x00, 0x00, 0xcd, 0xcc, 0x4c, 0x3d, 0x00, 0x00, 0x00, // ......@....L=...
	0x00, 0xcd, 0xcc, 0x4c, 0x3d, 0xcd, 0xcc, 0x4c, 0x3d, 0x06, 0x0e, 0x10, 0x00, 0x04, 0x00, 0x00, // ...L=..L=.......
	0x00, 0x00, 0x00, 0x00, 0x0b, 0x72, 0x00, 0x10, 0x00, 0x06, 0x00, 0x00, 0x00, 0x86, 0x03, 0x10, // .....r..........
	0x80, 0x41, 0x00, 0x00, 0x00, 0x04, 0x00, 0x00, 0x00, 0x02, 0x40, 0x00, 0x00, 0xcd, 0xcc, 0xcc, // .A........@.....
	0x3d, 0xcd, 0xcc, 0xcc, 0x3d, 0xcd, 0xcc, 0xcc, 0x3d, 0x00, 0x00, 0x00, 0x00, 0x32, 0x00, 0x00, // =...=...=....2..
	0x09, 0x72, 0x20, 0x10, 0x00, 0x00, 0x00, 0x00, 0x00, 0x56, 0x05, 0x10, 0x00, 0x04, 0x00, 0x00, // .r ......V......
	0x00, 0x46, 0x02, 0x10, 0x00, 0x06, 0x00, 0x00, 0x00, 0x86, 0x03, 0x10, 0x00, 0x04, 0x00, 0x00, // .F..............
	0x00, 0x36, 0x00, 0x00, 0x05, 0x82, 0x20, 0x10, 0x00, 0x00, 0x00, 0x00, 0x00, 0x01, 0x40, 0x00, // .6.... .......@.
	0x00, 0x00, 0x00, 0x80, 0x3f, 0x12, 0x00, 0x00, 0x01, 0x31, 0x00, 0x00, 0x08, 0x82, 0x00, 0x10, // ....?....1......
	0x00, 0x00, 0x00, 0x00, 0x00, 0x0a, 0x80, 0x20, 0x00, 0x00, 0x00, 0x00, 0x00, 0x04, 0x00, 0x00, // ....... ........
	0x00, 0x01, 0x40, 0x00, 0x00, 0x00, 0x00, 0xd0, 0x40, 0x1f, 0x00, 0x04, 0x03, 0x3a, 0x00, 0x10, // ..@.....@....:..
	0x00, 0x00, 0x00, 0x00, 0x00, 0x10, 0x00, 0x00, 0x07, 0x82, 0x00, 0x10, 0x00, 0x00, 0x00, 0x00, // ................
	0x00, 0x46, 0x02, 0x10, 0x00, 0x01, 0x00, 0x00, 0x00, 0x46, 0x02, 0x10, 0x00, 0x03, 0x00, 0x00, // .F.......F......
	0x00, 0x34, 0x00, 0x00, 0x07, 0x82, 0x00, 0x10, 0x00, 0x00, 0x00, 0x00, 0x00, 0x3a, 0x00, 0x10, // .4...........:..
	0x00, 0x00, 0x00, 0x00, 0x00, 0x01, 0x40, 0x00, 0x00, 0x00, 0x00, 0x00, 0x00, 0x00, 0x00, 0x00, // ......@.........
	0x08, 0x82, 0x00, 0x10, 0x00, 0x00, 0x00, 0x00, 0x00, 0x3a, 0x00, 0x10, 0x80, 0x41, 0x00, 0x00, // .........:...A..
	0x00, 0x00, 0x00, 0x00, 0x00, 0x01, 0x40, 0x00, 0x00, 0x00, 0x00, 0x80, 0x3f, 0x34, 0x00, 0x00, // ......@.....?4..
	0x07, 0x82, 0x00, 0x10, 0x00, 0x00, 0x00, 0x00, 0x00, 0x3a, 0x00, 0x10, 0x00, 0x00, 0x00, 0x00, // .........:......
	0x00, 0x01, 0x40, 0x00, 0x00, 0x00, 0x00, 0x00, 0x00, 0x38, 0x00, 0x00, 0x07, 0x82, 0x00, 0x10, // ..@......8......
	0x00, 0x00, 0x00, 0x00, 0x00, 0x3a, 0x00, 0x10, 0x00, 0x00, 0x00, 0x00, 0x00, 0x3a, 0x00, 0x10, // .....:.......:..
	0x00, 0x00, 0x00, 0x00, 0x00, 0x38, 0x00, 0x00, 0x08, 0x72, 0x00, 0x10, 0x00, 0x04, 0x00, 0x00, // .....8...r......
	0x00, 0xf6, 0x0f, 0x10, 0x00, 0x00, 0x00, 0x00, 0x00, 0x46, 0x82, 0x20, 0x00, 0x00, 0x00, 0x00, // .........F. ....
	0x00, 0x05, 0x00, 0x00, 0x00, 0x0b, 0x00, 0x00, 0x05, 0x72, 0x00, 0x10, 0x00, 0x06, 0x00, 0x00, // .........r......
	0x00, 0x46, 0x12, 0x10, 0x00, 0x01, 0x00, 0x00, 0x00, 0x0c, 0x00, 0x00, 0x05, 0x72, 0x00, 0x10, // .F...........r..
	0x00, 0x07, 0x00, 0x00, 0x00, 0x46, 0x12, 0x10, 0x00, 0x01, 0x00, 0x00, 0x00, 0x00, 0x00, 0x00, // .....F..........
	0x09, 0x72, 0x00, 0x10, 0x00, 0x06, 0x00, 0x00, 0x00, 0x46, 0x02, 0x10, 0x80, 0x81, 0x00, 0x00, // .r.......F......
	0x00, 0x06, 0x00, 0x00, 0x00, 0x46, 0x02, 0x10, 0x80, 0x81, 0x00, 0x00, 0x00, 0x07, 0x00, 0x00, // .....F..........
	0x00, 0x38, 0x00, 0x00, 0x0a, 0x72, 0x00, 0x10, 0x00, 0x06, 0x00, 0x00, 0x00, 0x46, 0x02, 0x10, // .8...r.......F..
	0x00, 0x06, 0x00, 0x00, 0x00, 0x02, 0x40, 0x00, 0x00, 0x9a, 0x99, 0x99, 0x3f, 0x9a, 0x99, 0x99, // ......@.....?...
	0x3f, 0x9a, 0x99, 0x99, 0x3f, 0x00, 0x00, 0x00, 0x00, 0x0e, 0x00, 0x00, 0x0a, 0x72, 0x00, 0x10, // ?...?........r..
	0x00, 0x06, 0x00, 0x00, 0x00, 0x02, 0x40, 0x00, 0x00, 0x00, 0x00, 0x80, 0x3f, 0x00, 0x00, 0x80, // ......@.....?...
	0x3f, 0x00, 0x00, 0x80, 0x3f, 0x00, 0x00, 0x80, 0x3f, 0x46, 0x02, 0x10, 0x00, 0x06, 0x00, 0x00, // ?...?...?F......
	0x00, 0x38, 0x20, 0x00, 0x07, 0x72, 0x00, 0x10, 0x00, 0x06, 0x00, 0x00, 0x00, 0x46, 0x02, 0x10, // .8 ..r.......F..
	0x00, 0x06, 0x00, 0x00, 0x00, 0x46, 0x12, 0x10, 0x00, 0x01, 0x00, 0x00, 0x00, 0x32, 0x00, 0x00, // .....F.......2..
	0x0f, 0x72, 0x00, 0x10, 0x00, 0x07, 0x00, 0x00, 0x00, 0x46, 0x02, 0x10, 0x00, 0x06, 0x00, 0x00, // .r.......F......
	0x00, 0x02, 0x40, 0x00, 0x00, 0x00, 0x00, 0x00, 0xc0, 0x00, 0x00, 0x00, 0xc0, 0x00, 0x00, 0x00, // ..@.............
	0xc0, 0x00, 0x00, 0x00, 0x00, 0x02, 0x40, 0x00, 0x00, 0x00, 0x00, 0x40, 0x40, 0x00, 0x00, 0x40, // ......@....@@..@
	0x40, 0x00, 0x00, 0x40, 0x40, 0x00, 0x00, 0x00, 0x00, 0x38, 0x00, 0x00, 0x07, 0x72, 0x00, 0x10, // @..@@....8...r..
	0x00, 0x06, 0x00, 0x00, 0x00, 0x46, 0x02, 0x10, 0x00, 0x06, 0x00, 0x00, 0x00, 0x46, 0x02, 0x10, // .....F.......F..
	0x00, 0x06, 0x00, 0x00, 0x00, 0x38, 0x00, 0x00, 0x07, 0x72, 0x00, 0x10, 0x00, 0x06, 0x00, 0x00, // .....8...r......
	0x00, 0x46, 0x02, 0x10, 0x00, 0x06, 0x00, 0x00, 0x00, 0x46, 0x02, 0x10, 0x00, 0x07, 0x00, 0x00, // .F.......F......
	0x00, 0x33, 0x00, 0x00, 0x07, 0x82, 0x00, 0x10, 0x00, 0x01, 0x00, 0x00, 0x00, 0x1a, 0x00, 0x10, // .3..............
	0x00, 0x06, 0x00, 0x00, 0x00, 0x0a, 0x00, 0x10, 0x00, 0x06, 0x00, 0x00, 0x00, 0x33, 0x00, 0x00, // .............3..
	0x07, 0x82, 0x00, 0x10, 0x00, 0x01, 0x00, 0x00, 0x00, 0x2a, 0x00, 0x10, 0x00, 0x06, 0x00, 0x00, // .........*......
	0x00, 0x3a, 0x00, 0x10, 0x00, 0x01, 0x00, 0x00, 0x00, 0x00, 0x00, 0x00, 0x08, 0x82, 0x00, 0x10, // .:..............
	0x00, 0x01, 0x00, 0x00, 0x00, 0x3a, 0x00, 0x10, 0x80, 0x41, 0x00, 0x00, 0x00, 0x01, 0x00, 0x00, // .....:...A......
	0x00, 0x01, 0x40, 0x00, 0x00, 0x00, 0x00, 0x80, 0x3f, 0x32, 0x00, 0x00, 0x0c, 0x72, 0x00, 0x10, // ..@.....?2...r..
	0x00, 0x06, 0x00, 0x00, 0x00, 0x46, 0x82, 0x20, 0x80, 0x41, 0x00, 0x00, 0x00, 0x00, 0x00, 0x00, // .....F. .A......
	0x00, 0x05, 0x00, 0x00, 0x00, 0xf6, 0x0f, 0x10, 0x00, 0x00, 0x00, 0x00, 0x00, 0x46, 0x82, 0x20, // .............F. 
	0x00, 0x00, 0x00, 0x00, 0x00, 0x05, 0x00, 0x00, 0x00, 0x32, 0x00, 0x00, 0x09, 0x72, 0x20, 0x10, // .........2...r .
	0x00, 0x00, 0x00, 0x00, 0x00, 0xf6, 0x0f, 0x10, 0x00, 0x01, 0x00, 0x00, 0x00, 0x46, 0x02, 0x10, // .............F..
	0x00, 0x06, 0x00, 0x00, 0x00, 0x46, 0x02, 0x10, 0x00, 0x04, 0x00, 0x00, 0x00, 0x38, 0x00, 0x00, // .....F.......8..
	0x08, 0x82, 0x20, 0x10, 0x00, 0x00, 0x00, 0x00, 0x00, 0x3a, 0x10, 0x10, 0x00, 0x02, 0x00, 0x00, // .. ......:......
	0x00, 0x3a, 0x80, 0x20, 0x00, 0x00, 0x00, 0x00, 0x00, 0x01, 0x00, 0x00, 0x00, 0x12, 0x00, 0x00, // .:. ............
	0x01, 0x31, 0x00, 0x00, 0x08, 0x82, 0x00, 0x10, 0x00, 0x00, 0x00, 0x00, 0x00, 0x0a, 0x80, 0x20, // .1............. 
	0x00, 0x00, 0x00, 0x00, 0x00, 0x04, 0x00, 0x00, 0x00, 0x01, 0x40, 0x00, 0x00, 0x00, 0x00, 0xf0, // ..........@.....
	0x40, 0x1f, 0x00, 0x04, 0x03, 0x3a, 0x00, 0x10, 0x00, 0x00, 0x00, 0x00, 0x00, 0x0d, 0x00, 0x04, // @....:..........
	0x03, 0x1a, 0x00, 0x10, 0x00, 0x00, 0x00, 0x00, 0x00, 0x37, 0x00, 0x00, 0x09, 0x22, 0x00, 0x10, // .........7..."..
	0x00, 0x00, 0x00, 0x00, 0x00, 0x0a, 0x00, 0x10, 0x00, 0x00, 0x00, 0x00, 0x00, 0x2a, 0x00, 0x10, // .............*..
	0x00, 0x00, 0x00, 0x00, 0x00, 0x2a, 0x10, 0x10, 0x00, 0x00, 0x00, 0x00, 0x00, 0x00, 0x00, 0x00, // .....*..........
	0x0b, 0x72, 0x20, 0x10, 0x00, 0x00, 0x00, 0x00, 0x00, 0x56, 0x05, 0x10, 0x80, 0x41, 0x00, 0x00, // .r ......V...A..
	0x00, 0x00, 0x00, 0x00, 0x00, 0x02, 0x40, 0x00, 0x00, 0x00, 0x00, 0x80, 0x3f, 0x00, 0x00, 0x80, // ......@.....?...
	0x3f, 0x00, 0x00, 0x80, 0x3f, 0x00, 0x00, 0x00, 0x00, 0x36, 0x00, 0x00, 0x05, 0x82, 0x20, 0x10, // ?...?....6.... .
	0x00, 0x00, 0x00, 0x00, 0x00, 0x01, 0x40, 0x00, 0x00, 0x00, 0x00, 0x80, 0x3f, 0x12, 0x00, 0x00, // ......@.....?...
	0x01, 0x36, 0x20, 0x00, 0x06, 0x22, 0x00, 0x10, 0x00, 0x00, 0x00, 0x00, 0x00, 0x3a, 0x80, 0x20, // .6 ..".......:. 
	0x00, 0x00, 0x00, 0x00, 0x00, 0x04, 0x00, 0x00, 0x00, 0x10, 0x00, 0x00, 0x07, 0x82, 0x00, 0x10, // ................
	0x00, 0x00, 0x00, 0x00, 0x00, 0x46, 0x02, 0x10, 0x00, 0x01, 0x00, 0x00, 0x00, 0x46, 0x02, 0x10, // .....F.......F..
	0x00, 0x03, 0x00, 0x00, 0x00, 0x38, 0x00, 0x00, 0x08, 0x12, 0x00, 0x10, 0x00, 0x01, 0x00, 0x00, // .....8..........
	0x00, 0x3a, 0x00, 0x10, 0x80, 0x81, 0x00, 0x00, 0x00, 0x00, 0x00, 0x00, 0x00, 0x01, 0x40, 0x00, // .:............@.
	0x00, 0x00, 0x00, 0xa0, 0x40, 0x33, 0x00, 0x00, 0x07, 0x12, 0x00, 0x10, 0x00, 0x01, 0x00, 0x00, // ....@3..........
	0x00, 0x0a, 0x00, 0x10, 0x00, 0x01, 0x00, 0x00, 0x00, 0x01, 0x40, 0x00, 0x00, 0x00, 0x00, 0x80, // ..........@.....
	0x3f, 0x32, 0x00, 0x00, 0x09, 0x22, 0x00, 0x10, 0x00, 0x01, 0x00, 0x00, 0x00, 0x0a, 0x00, 0x10, // ?2..."..........
	0x00, 0x01, 0x00, 0x00, 0x00, 0x01, 0x40, 0x00, 0x00, 0x00, 0x00, 0x00, 0xc0, 0x01, 0x40, 0x00, // ......@.......@.
	0x00, 0x00, 0x00, 0x40, 0x40, 0x38, 0x00, 0x00, 0x07, 0x12, 0x00, 0x10, 0x00, 0x01, 0x00, 0x00, // ...@@8..........
	0x00, 0x0a, 0x00, 0x10, 0x00, 0x01, 0x00, 0x00, 0x00, 0x0a, 0x00, 0x10, 0x00, 0x01, 0x00, 0x00, // ................
	0x00, 0x32, 0x00, 0x00, 0x0a, 0x12, 0x00, 0x10, 0x00, 0x01, 0x00, 0x00, 0x00, 0x1a, 0x00, 0x10, // .2..............
	0x80, 0x41, 0x00, 0x00, 0x00, 0x01, 0x00, 0x00, 0x00, 0x0a, 0x00, 0x10, 0x00, 0x01, 0x00, 0x00, // .A..............
	0x00, 0x01, 0x40, 0x00, 0x00, 0x00, 0x00, 0x80, 0x3f, 0x00, 0x00, 0x00, 0x08, 0xe2, 0x00, 0x10, // ..@.....?.......
	0x00, 0x01, 0x00, 0x00, 0x00, 0x06, 0x09, 0x10, 0x00, 0x02, 0x00, 0x00, 0x00, 0x06, 0x89, 0x20, // ............... 
	0x00, 0x00, 0x00, 0x00, 0x00, 0x03, 0x00, 0x00, 0x00, 0x10, 0x00, 0x00, 0x07, 0x22, 0x00, 0x10, // ............."..
	0x00, 0x01, 0x00, 0x00, 0x00, 0x96, 0x07, 0x10, 0x00, 0x01, 0x00, 0x00, 0x00, 0x96, 0x07, 0x10, // ................
	0x00, 0x01, 0x00, 0x00, 0x00, 0x4b, 0x00, 0x00, 0x05, 0x22, 0x00, 0x10, 0x00, 0x01, 0x00, 0x00, // .....K..."......
	0x00, 0x1a, 0x00, 0x10, 0x00, 0x01, 0x00, 0x00, 0x00, 0x38, 0x00, 0x00, 0x07, 0x22, 0x00, 0x10, // .........8..."..
	0x00, 0x01, 0x00, 0x00, 0x00, 0x1a, 0x00, 0x10, 0x00, 0x01, 0x00, 0x00, 0x00, 0x01, 0x40, 0x00, // ..............@.
	0x00, 0xcd, 0xcc, 0x4c, 0x3e, 0x33, 0x00, 0x00, 0x07, 0x22, 0x00, 0x10, 0x00, 0x01, 0x00, 0x00, // ...L>3..."......
	0x00, 0x1a, 0x00, 0x10, 0x00, 0x01, 0x00, 0x00, 0x00, 0x01, 0x40, 0x00, 0x00, 0x00, 0x00, 0x80, // ..........@.....
	0x3f, 0x32, 0x00, 0x00, 0x09, 0x42, 0x00, 0x10, 0x00, 0x01, 0x00, 0x00, 0x00, 0x1a, 0x00, 0x10, // ?2...B..........
	0x00, 0x01, 0x00, 0x00, 0x00, 0x01, 0x40, 0x00, 0x00, 0x00, 0x00, 0x00, 0xc0, 0x01, 0x40, 0x00, // ......@.......@.
	0x00, 0x00, 0x00, 0x40, 0x40, 0x38, 0x00, 0x00, 0x07, 0x22, 0x00, 0x10, 0x00, 0x01, 0x00, 0x00, // ...@@8..."......
	0x00, 0x1a, 0x00, 0x10, 0x00, 0x01, 0x00, 0x00, 0x00, 0x1a, 0x00, 0x10, 0x00, 0x01, 0x00, 0x00, // ................
	0x00, 0x32, 0x00, 0x00, 0x0a, 0x22, 0x00, 0x10, 0x00, 0x01, 0x00, 0x00, 0x00, 0x2a, 0x00, 0x10, // .2...".......*..
	0x80, 0x41, 0x00, 0x00, 0x00, 0x01, 0x00, 0x00, 0x00, 0x1a, 0x00, 0x10, 0x00, 0x01, 0x00, 0x00, // .A..............
	0x00, 0x01, 0x40, 0x00, 0x00, 0x00, 0x00, 0x80, 0x3f, 0x00, 0x00, 0x00, 0x08, 0x22, 0x00, 0x10, // ..@.....?...."..
	0x00, 0x01, 0x00, 0x00, 0x00, 0x0a, 0x00, 0x10, 0x80, 0x41, 0x00, 0x00, 0x00, 0x01, 0x00, 0x00, // .........A......
	0x00, 0x1a, 0x00, 0x10, 0x00, 0x01, 0x00, 0x00, 0x00, 0x32, 0x00, 0x00, 0x09, 0x22, 0x00, 0x10, // .........2..."..
	0x00, 0x00, 0x00, 0x00, 0x00, 0x1a, 0x00, 0x10, 0x00, 0x00, 0x00, 0x00, 0x00, 0x1a, 0x00, 0x10, // ................
	0x00, 0x01, 0x00, 0x00, 0x00, 0x0a, 0x00, 0x10, 0x00, 0x01, 0x00, 0x00, 0x00, 0x32, 0x00, 0x00, // .............2..
	0x10, 0xe2, 0x00, 0x10, 0x00, 0x01, 0x00, 0x00, 0x00, 0xf6, 0x0f, 0x10, 0x80, 0x81, 0x00, 0x00, // ................
	0x00, 0x00, 0x00, 0x00, 0x00, 0x02, 0x40, 0x00, 0x00, 0x00, 0x00, 0x00, 0x00, 0xb9, 0x1e, 0x45, // ......@........E
	0x3f, 0x86, 0xeb, 0x11, 0x3f, 0x9a, 0x99, 0x99, 0x3e, 0x02, 0x40, 0x00, 0x00, 0x00, 0x00, 0x00, // ?...?...>.@.....
	0x00, 0x0a, 0xd7, 0xa3, 0x3d, 0x33, 0x33, 0xb3, 0x3e, 0x33, 0x33, 0x33, 0x3f, 0x00, 0x00, 0x00, // ....=33.>333?...
	0x09, 0xe2, 0x00, 0x10, 0x00, 0x01, 0x00, 0x00, 0x00, 0x56, 0x0e, 0x10, 0x00, 0x01, 0x00, 0x00, // .........V......
	0x00, 0x06, 0x89, 0x20, 0x80, 0x41, 0x00, 0x00, 0x00, 0x00, 0x00, 0x00, 0x00, 0x01, 0x00, 0x00, // ... .A..........
	0x00, 0x32, 0x00, 0x00, 0x0b, 0xe2, 0x00, 0x10, 0x00, 0x01, 0x00, 0x00, 0x00, 0xf6, 0x0f, 0x10, // .2..............
	0x80, 0x81, 0x00, 0x00, 0x00, 0x00, 0x00, 0x00, 0x00, 0x56, 0x0e, 0x10, 0x00, 0x01, 0x00, 0x00, // .........V......
	0x00, 0x06, 0x89, 0x20, 0x00, 0x00, 0x00, 0x00, 0x00, 0x01, 0x00, 0x00, 0x00, 0x00, 0x00, 0x00, // ... ............
	0x07, 0x72, 0x00, 0x10, 0x00, 0x02, 0x00, 0x00, 0x00, 0x46, 0x12, 0x10, 0x00, 0x05, 0x00, 0x00, // .r.......F......
	0x00, 0x46, 0x12, 0x10, 0x00, 0x05, 0x00, 0x00, 0x00, 0x4d, 0x00, 0x00, 0x06, 0x72, 0x00, 0x10, // .F.......M...r..
	0x00, 0x02, 0x00, 0x00, 0x00, 0x00, 0xd0, 0x00, 0x00, 0x46, 0x02, 0x10, 0x00, 0x02, 0x00, 0x00, // .........F......
	0x00, 0x38, 0x00, 0x00, 0x07, 0x82, 0x00, 0x10, 0x00, 0x00, 0x00, 0x00, 0x00, 0x1a, 0x00, 0x10, // .8..............
	0x00, 0x02, 0x00, 0x00, 0x00, 0x0a, 0x00, 0x10, 0x00, 0x02, 0x00, 0x00, 0x00, 0x38, 0x00, 0x00, // .............8..
	0x07, 0x82, 0x00, 0x10, 0x00, 0x00, 0x00, 0x00, 0x00, 0x2a, 0x00, 0x10, 0x00, 0x02, 0x00, 0x00, // .........*......
	0x00, 0x3a, 0x00, 0x10, 0x00, 0x00, 0x00, 0x00, 0x00, 0x38, 0x00, 0x00, 0x07, 0x12, 0x00, 0x10, // .:.......8......
	0x00, 0x01, 0x00, 0x00, 0x00, 0x0a, 0x00, 0x10, 0x00, 0x01, 0x00, 0x00, 0x00, 0x01, 0x40, 0x00, // ..............@.
	0x00, 0xcd, 0xcc, 0x4c, 0x3e, 0x32, 0x00, 0x00, 0x09, 0x82, 0x00, 0x10, 0x00, 0x00, 0x00, 0x00, // ...L>2..........
	0x00, 0x3a, 0x00, 0x10, 0x00, 0x00, 0x00, 0x00, 0x00, 0x01, 0x40, 0x00, 0x00, 0xcd, 0xcc, 0xcc, // .:........@.....
	0x3d, 0x0a, 0x00, 0x10, 0x00, 0x01, 0x00, 0x00, 0x00, 0x00, 0x00, 0x00, 0x07, 0x72, 0x20, 0x10, // =............r .
	0x00, 0x00, 0x00, 0x00, 0x00, 0xf6, 0x0f, 0x10, 0x00, 0x00, 0x00, 0x00, 0x00, 0x96, 0x07, 0x10, // ................
	0x00, 0x01, 0x00, 0x00, 0x00, 0x38, 0x00, 0x00, 0x07, 0x22, 0x00, 0x10, 0x00, 0x00, 0x00, 0x00, // .....8..."......
	0x00, 0x1a, 0x00, 0x10, 0x00, 0x00, 0x00, 0x00, 0x00, 0x01, 0x40, 0x00, 0x00, 0x33, 0x33, 0x33, // ..........@..333
	0x3f, 0x34, 0x00, 0x00, 0x07, 0x22, 0x00, 0x10, 0x00, 0x00, 0x00, 0x00, 0x00, 0x1a, 0x00, 0x10, // ?4..."..........
	0x00, 0x00, 0x00, 0x00, 0x00, 0x01, 0x40, 0x00, 0x00, 0xcd, 0xcc, 0xcc, 0x3d, 0x33, 0x00, 0x00, // ......@.....=3..
	0x07, 0x82, 0x20, 0x10, 0x00, 0x00, 0x00, 0x00, 0x00, 0x1a, 0x00, 0x10, 0x00, 0x00, 0x00, 0x00, // .. .............
	0x00, 0x01, 0x40, 0x00, 0x00, 0x33, 0x33, 0x33, 0x3f, 0x15, 0x00, 0x00, 0x01, 0x15, 0x00, 0x00, // ..@..333?.......
	0x01, 0x15, 0x00, 0x00, 0x01, 0x15, 0x00, 0x00, 0x01, 0x15, 0x00, 0x00, 0x01, 0x15, 0x00, 0x00, // ................
	0x01, 0x15, 0x00, 0x00, 0x01, 0x15, 0x00, 0x00, 0x01, 0x37, 0x00, 0x00, 0x08, 0x01, 0xc0, 0x00, // .........7......
	0x00, 0x0a, 0x00, 0x10, 0x00, 0x00, 0x00, 0x00, 0x00, 0x2a, 0x00, 0x10, 0x00, 0x00, 0x00, 0x00, // .........*......
	0x00, 0x2a, 0x10, 0x10, 0x00, 0x00, 0x00, 0x00, 0x00, 0x3e, 0x00, 0x00, 0x01, 0x00, 0x00, 0x80, // .*.......>......
	0x00,                                                                                           // .
};

static const uint8_t fs_cad_styles_dx12[11077] =
{
	0x46, 0x53, 0x48, 0x0b, 0xa4, 0xd7, 0x54, 0x84, 0x00, 0x00, 0x00, 0x00, 0x08, 0x00, 0x09, 0x75, // FSH...T........u
	0x4c, 0x6f, 0x67, 0x44, 0x65, 0x70, 0x74, 0x68, 0x12, 0x00, 0x00, 0x00, 0x01, 0x00, 0x00, 0x00, // LogDepth........
	0x00, 0x00, 0x0b, 0x75, 0x5f, 0x62, 0x61, 0x73, 0x65, 0x43, 0x6f, 0x6c, 0x6f, 0x72, 0x12, 0x00, // ...u_baseColor..
	0x10, 0x00, 0x01, 0x00, 0x00, 0x00, 0x00, 0x00, 0x0a, 0x75, 0x5f, 0x6c, 0x69, 0x67, 0x68, 0x74, // .........u_light
	0x44, 0x69, 0x72, 0x12, 0x00, 0x20, 0x00, 0x01, 0x00, 0x00, 0x00, 0x00, 0x00, 0x0b, 0x75, 0x5f, // Dir.. ........u_
	0x63, 0x61, 0x6d, 0x65, 0x72, 0x61, 0x50, 0x6f, 0x73, 0x12, 0x00, 0x30, 0x00, 0x01, 0x00, 0x00, // cameraPos..0....
	0x00, 0x00, 0x00, 0x0d, 0x75, 0x5f, 0x73, 0x74, 0x79, 0x6c, 0x65, 0x50, 0x61, 0x72, 0x61, 0x6d, // ....u_styleParam
	0x73, 0x12, 0x00, 0x40, 0x00, 0x01, 0x00, 0x00, 0x00, 0x00, 0x00, 0x10, 0x75, 0x5f, 0x77, 0x69, // s..@........u_wi
	0x72, 0x65, 0x66, 0x72, 0x61, 0x6d, 0x65, 0x43, 0x6f, 0x6c, 0x6f, 0x72, 0x12, 0x00, 0x50, 0x00, // reframeColor..P.
	0x01, 0x00, 0x00, 0x00, 0x00, 0x00, 0x0e, 0x75, 0x5f, 0x73, 0x74, 0x72, 0x6f, 0x6b, 0x65, 0x50, // .......u_strokeP
	0x61, 0x72, 0x61, 0x6d, 0x73, 0x12, 0x00, 0x60, 0x00, 0x01, 0x00, 0x00, 0x00, 0x00, 0x00, 0x0b, // arams..`........
	0x75, 0x5f, 0x66, 0x6c, 0x61, 0x74, 0x53, 0x68, 0x61, 0x64, 0x65, 0x12, 0x00, 0x70, 0x00, 0x01, // u_flatShade..p..
	0x00, 0x00, 0x00, 0x00, 0x00, 0x78, 0x2a, 0x00, 0x00, 0x44, 0x58, 0x42, 0x43, 0x98, 0x5f, 0x78, // .....x*..DXBC._x
	0x38, 0x6e, 0x77, 0x82, 0x87, 0x2a, 0x45, 0xae, 0xf3, 0xf1, 0xad, 0xfe, 0xff, 0x01, 0x00, 0x00, // 8nw..*E.........
	0x00, 0x78, 0x2a, 0x00, 0x00, 0x03, 0x00, 0x00, 0x00, 0x2c, 0x00, 0x00, 0x00, 0x00, 0x01, 0x00, // .x*......,......
	0x00, 0x54, 0x01, 0x00, 0x00, 0x49, 0x53, 0x47, 0x4e, 0xcc, 0x00, 0x00, 0x00, 0x07, 0x00, 0x00, // .T...ISGN.......
	0x00, 0x08, 0x00, 0x00, 0x00, 0xb0, 0x00, 0x00, 0x00, 0x00, 0x00, 0x00, 0x00, 0x01, 0x00, 0x00, // ................
	0x00, 0x03, 0x00, 0x00, 0x00, 0x00, 0x00, 0x00, 0x00, 0x0f, 0x04, 0x00, 0x00, 0xbc, 0x00, 0x00, // ................
	0x00, 0x03, 0x00, 0x00, 0x00, 0x00, 0x00, 0x00, 0x00, 0x03, 0x00, 0x00, 0x00, 0x01, 0x00, 0x00, // ................
	0x00, 0x07, 0x07, 0x00, 0x00, 0xbc, 0x00, 0x00, 0x00, 0x04, 0x00, 0x00, 0x00, 0x00, 0x00, 0x00, // ................
	0x00, 0x03, 0x00, 0x00, 0x00, 0x01, 0x00, 0x00, 0x00, 0x08, 0x08, 0x00, 0x00, 0xc5, 0x00, 0x00, // ................
	0x00, 0x00, 0x00, 0x00, 0x00, 0x00, 0x00, 0x00, 0x00, 0x03, 0x00, 0x00, 0x00, 0x02, 0x00, 0x00, // ................
	0x00, 0x0f, 0x0f, 0x00, 0x00, 0xbc, 0x00, 0x00, 0x00, 0x01, 0x00, 0x00, 0x00, 0x00, 0x00, 0x00, // ................
	0x00, 0x03, 0x00, 0x00, 0x00, 0x03, 0x00, 0x00, 0x00, 0x07, 0x07, 0x00, 0x00, 0xbc, 0x00, 0x00, // ................
	0x00, 0x02, 0x00, 0x00, 0x00, 0x00, 0x00, 0x00, 0x00, 0x03, 0x00, 0x00, 0x00, 0x04, 0x00, 0x00, // ................
	0x00, 0x07, 0x07, 0x00, 0x00, 0xbc, 0x00, 0x00, 0x00, 0x00, 0x00, 0x00, 0x00, 0x00, 0x00, 0x00, // ................
	0x00, 0x03, 0x00, 0x00, 0x00, 0x05, 0x00, 0x00, 0x00, 0x07, 0x07, 0x00, 0x00, 0x53, 0x56, 0x5f, // .............SV_
	0x50, 0x4f, 0x53, 0x49, 0x54, 0x49, 0x4f, 0x4e, 0x00, 0x54, 0x45, 0x58, 0x43, 0x4f, 0x4f, 0x52, // POSITION.TEXCOOR
	0x44, 0x00, 0x43, 0x4f, 0x4c, 0x4f, 0x52, 0x00, 0xab, 0x4f, 0x53, 0x47, 0x4e, 0x4c, 0x00, 0x00, // D.COLOR..OSGNL..
	0x00, 0x02, 0x00, 0x00, 0x00, 0x08, 0x00, 0x00, 0x00, 0x38, 0x00, 0x00, 0x00, 0x00, 0x00, 0x00, // .........8......
	0x00, 0x00, 0x00, 0x00, 0x00, 0x03, 0x00, 0x00, 0x00, 0x00, 0x00, 0x00, 0x00, 0x0f, 0x00, 0x00, // ................
	0x00, 0x42, 0x00, 0x00, 0x00, 0x00, 0x00, 0x00, 0x00, 0x00, 0x00, 0x00, 0x00, 0x03, 0x00, 0x00, // .B..............
	0x00, 0xff, 0xff, 0xff, 0xff, 0x01, 0x0e, 0x00, 0x00, 0x53, 0x56, 0x5f, 0x54, 0x41, 0x52, 0x47, // .........SV_TARG
	0x45, 0x54, 0x00, 0x53, 0x56, 0x5f, 0x44, 0x45, 0x50, 0x54, 0x48, 0x00, 0xab, 0x53, 0x48, 0x45, // ET.SV_DEPTH..SHE
	0x58, 0x1c, 0x29, 0x00, 0x00, 0x50, 0x00, 0x00, 0x00, 0x47, 0x0a, 0x00, 0x00, 0x6a, 0x08, 0x00, // X.)..P...G...j..
	0x01, 0x59, 0x00, 0x00, 0x04, 0x46, 0x8e, 0x20, 0x00, 0x00, 0x00, 0x00, 0x00, 0x08, 0x00, 0x00, // .Y...F. ........
	0x00, 0x64, 0x20, 0x00, 0x04, 0x42, 0x10, 0x10, 0x00, 0x00, 0x00, 0x00, 0x00, 0x01, 0x00, 0x00, // .d ..B..........
	0x00, 0x62, 0x10, 0x00, 0x03, 0x72, 0x10, 0x10, 0x00, 0x01, 0x00, 0x00, 0x00, 0x62, 0x10, 0x00, // .b...r.......b..
	0x03, 0x82, 0x10, 0x10, 0x00, 0x01, 0x00, 0x00, 0x00, 0x62, 0x10, 0x00, 0x03, 0xf2, 0x10, 0x10, // .........b......
	0x00, 0x02, 0x00, 0x00, 0x00, 0x62, 0x10, 0x00, 0x03, 0x72, 0x10, 0x10, 0x00, 0x03, 0x00, 0x00, // .....b...r......
	0x00, 0x62, 0x10, 0x00, 0x03, 0x72, 0x10, 0x10, 0x00, 0x04, 0x00, 0x00, 0x00, 0x62, 0x10, 0x00, // .b...r.......b..
	0x03, 0x72, 0x10, 0x10, 0x00, 0x05, 0x00, 0x00, 0x00, 0x65, 0x00, 0x00, 0x03, 0xf2, 0x20, 0x10, // .r.......e.... .
	0x00, 0x00, 0x00, 0x00, 0x00, 0x65, 0x00, 0x00, 0x02, 0x01, 0xc0, 0x00, 0x00, 0x68, 0x00, 0x00, // .....e.......h..
	0x02, 0x09, 0x00, 0x00, 0x00, 0x1d, 0x00, 0x00, 0x08, 0x12, 0x00, 0x10, 0x00, 0x00, 0x00, 0x00, // ................
	0x00, 0x0a, 0x80, 0x20, 0x00, 0x00, 0x00, 0x00, 0x00, 0x00, 0x00, 0x00, 0x00, 0x01, 0x40, 0x00, // ... ..........@.
	0x00, 0x00, 0x00, 0x00, 0x3f, 0x31, 0x00, 0x00, 0x08, 0x22, 0x00, 0x10, 0x00, 0x00, 0x00, 0x00, // ....?1..."......
	0x00, 0x3a, 0x10, 0x10, 0x00, 0x01, 0x00, 0x00, 0x00, 0x1a, 0x80, 0x20, 0x00, 0x00, 0x00, 0x00, // .:......... ....
	0x00, 0x00, 0x00, 0x00, 0x00, 0x31, 0x00, 0x00, 0x08, 0x42, 0x00, 0x10, 0x00, 0x00, 0x00, 0x00, // .....1...B......
	0x00, 0x2a, 0x80, 0x20, 0x00, 0x00, 0x00, 0x00, 0x00, 0x00, 0x00, 0x00, 0x00, 0x3a, 0x10, 0x10, // .*. .........:..
	0x00, 0x01, 0x00, 0x00, 0x00, 0x3c, 0x00, 0x00, 0x07, 0x22, 0x00, 0x10, 0x00, 0x00, 0x00, 0x00, // .....<..."......
	0x00, 0x2a, 0x00, 0x10, 0x00, 0x00, 0x00, 0x00, 0x00, 0x1a, 0x00, 0x10, 0x00, 0x00, 0x00, 0x00, // .*..............
	0x00, 0x01, 0x00, 0x00, 0x07, 0x22, 0x00, 0x10, 0x00, 0x00, 0x00, 0x00, 0x00, 0x1a, 0x00, 0x10, // ....."..........
	0x00, 0x00, 0x00, 0x00, 0x00, 0x0a, 0x00, 0x10, 0x00, 0x00, 0x00, 0x00, 0x00, 0x0d, 0x00, 0x04, // ................
	0x03, 0x1a, 0x00, 0x10, 0x00, 0x00, 0x00, 0x00, 0x00, 0x0e, 0x00, 0x00, 0x08, 0x42, 0x00, 0x10, // .............B..
	0x00, 0x00, 0x00, 0x00, 0x00, 0x3a, 0x10, 0x10, 0x00, 0x01, 0x00, 0x00, 0x00, 0x1a, 0x80, 0x20, // .....:......... 
	0x00, 0x00, 0x00, 0x00, 0x00, 0x00, 0x00, 0x00, 0x00, 0x34, 0x00, 0x00, 0x07, 0x42, 0x00, 0x10, // .........4...B..
	0x00, 0x00, 0x00, 0x00, 0x00, 0x2a, 0x00, 0x10, 0x00, 0x00, 0x00, 0x00, 0x00, 0x01, 0x40, 0x00, // .....*........@.
	0x00, 0x00, 0x00, 0x80, 0x3f, 0x2f, 0x00, 0x00, 0x05, 0x42, 0x00, 0x10, 0x00, 0x00, 0x00, 0x00, // ....?/...B......
	0x00, 0x2a, 0x00, 0x10, 0x00, 0x00, 0x00, 0x00, 0x00, 0x0e, 0x00, 0x00, 0x09, 0x82, 0x00, 0x10, // .*..............
	0x00, 0x00, 0x00, 0x00, 0x00, 0x2a, 0x80, 0x20, 0x00, 0x00, 0x00, 0x00, 0x00, 0x00, 0x00, 0x00, // .....*. ........
	0x00, 0x1a, 0x80, 0x20, 0x00, 0x00, 0x00, 0x00, 0x00, 0x00, 0x00, 0x00, 0x00, 0x34, 0x00, 0x00, // ... .........4..
	0x07, 0x82, 0x00, 0x10, 0x00, 0x00, 0x00, 0x00, 0x00, 0x3a, 0x00, 0x10, 0x00, 0x00, 0x00, 0x00, // .........:......
	0x00, 0x01, 0x40, 0x00, 0x00, 0x08, 0x00, 0x80, 0x3f, 0x2f, 0x00, 0x00, 0x05, 0x82, 0x00, 0x10, // ..@.....?/......
	0x00, 0x00, 0x00, 0x00, 0x00, 0x3a, 0x00, 0x10, 0x00, 0x00, 0x00, 0x00, 0x00, 0x0e, 0x00, 0x00, // .....:..........
	0x07, 0x42, 0x00, 0x10, 0x00, 0x00, 0x00, 0x00, 0x00, 0x2a, 0x00, 0x10, 0x00, 0x00, 0x00, 0x00, // .B.......*......
	0x00, 0x3a, 0x00, 0x10, 0x00, 0x00, 0x00, 0x00, 0x00, 0x33, 0x00, 0x00, 0x07, 0x42, 0x00, 0x10, // .:.......3...B..
	0x00, 0x00, 0x00, 0x00, 0x00, 0x2a, 0x00, 0x10, 0x00, 0x00, 0x00, 0x00, 0x00, 0x01, 0x40, 0x00, // .....*........@.
	0x00, 0x00, 0x00, 0x80, 0x3f, 0x10, 0x00, 0x00, 0x07, 0x82, 0x00, 0x10, 0x00, 0x00, 0x00, 0x00, // ....?...........
	0x00, 0x46, 0x12, 0x10, 0x00, 0x03, 0x00, 0x00, 0x00, 0x46, 0x12, 0x10, 0x00, 0x03, 0x00, 0x00, // .F.......F......
	0x00, 0x44, 0x00, 0x00, 0x05, 0x82, 0x00, 0x10, 0x00, 0x00, 0x00, 0x00, 0x00, 0x3a, 0x00, 0x10, // .D...........:..
	0x00, 0x00, 0x00, 0x00, 0x00, 0x38, 0x00, 0x00, 0x07, 0x72, 0x00, 0x10, 0x00, 0x01, 0x00, 0x00, // .....8...r......
	0x00, 0xf6, 0x0f, 0x10, 0x00, 0x00, 0x00, 0x00, 0x00, 0x46, 0x12, 0x10, 0x00, 0x03, 0x00, 0x00, // .........F......
	0x00, 0x31, 0x00, 0x00, 0x08, 0x82, 0x00, 0x10, 0x00, 0x00, 0x00, 0x00, 0x00, 0x01, 0x40, 0x00, // .1............@.
	0x00, 0x00, 0x00, 0x00, 0x3f, 0x0a, 0x80, 0x20, 0x00, 0x00, 0x00, 0x00, 0x00, 0x07, 0x00, 0x00, // ....?.. ........
	0x00, 0x36, 0x00, 0x00, 0x06, 0x72, 0x00, 0x10, 0x00, 0x02, 0x00, 0x00, 0x00, 0x46, 0x12, 0x10, // .6...r.......F..
	0x80, 0x41, 0x00, 0x00, 0x00, 0x05, 0x00, 0x00, 0x00, 0x7c, 0x00, 0x00, 0x05, 0x72, 0x00, 0x10, // .A.......|...r..
	0x00, 0x03, 0x00, 0x00, 0x00, 0x26, 0x09, 0x10, 0x00, 0x02, 0x00, 0x00, 0x00, 0x7a, 0x00, 0x00, // .....&.......z..
	0x05, 0x72, 0x00, 0x10, 0x00, 0x04, 0x00, 0x00, 0x00, 0x96, 0x14, 0x10, 0x00, 0x05, 0x00, 0x00, // .r..............
	0x00, 0x38, 0x00, 0x00, 0x07, 0x72, 0x00, 0x10, 0x00, 0x05, 0x00, 0x00, 0x00, 0x46, 0x02, 0x10, // .8...r.......F..
	0x00, 0x03, 0x00, 0x00, 0x00, 0x46, 0x02, 0x10, 0x00, 0x04, 0x00, 0x00, 0x00, 0x32, 0x00, 0x00, // .....F.......2..
	0x0a, 0x72, 0x00, 0x10, 0x00, 0x03, 0x00, 0x00, 0x00, 0x26, 0x09, 0x10, 0x00, 0x03, 0x00, 0x00, // .r.......&......
	0x00, 0x96, 0x04, 0x10, 0x00, 0x04, 0x00, 0x00, 0x00, 0x46, 0x02, 0x10, 0x80, 0x41, 0x00, 0x00, // .........F...A..
	0x00, 0x05, 0x00, 0x00, 0x00, 0x10, 0x00, 0x00, 0x07, 0x82, 0x00, 0x10, 0x00, 0x01, 0x00, 0x00, // ................
	0x00, 0x46, 0x02, 0x10, 0x00, 0x03, 0x00, 0x00, 0x00, 0x46, 0x02, 0x10, 0x00, 0x03, 0x00, 0x00, // .F.......F......
	0x00, 0x44, 0x00, 0x00, 0x05, 0x82, 0x00, 0x10, 0x00, 0x01, 0x00, 0x00, 0x00, 0x3a, 0x00, 0x10, // .D...........:..
	0x00, 0x01, 0x00, 0x00, 0x00, 0x38, 0x00, 0x00, 0x07, 0x72, 0x00, 0x10, 0x00, 0x03, 0x00, 0x00, // .....8...r......
	0x00, 0xf6, 0x0f, 0x10, 0x00, 0x01, 0x00, 0x00, 0x00, 0x46, 0x02, 0x10, 0x00, 0x03, 0x00, 0x00, // .........F......
	0x00, 0x10, 0x00, 0x00, 0x07, 0x82, 0x00, 0x10, 0x00, 0x01, 0x00, 0x00, 0x00, 0x46, 0x02, 0x10, // .............F..
	0x00, 0x03, 0x00, 0x00, 0x00, 0x46, 0x02, 0x10, 0x00, 0x01, 0x00, 0x00, 0x00, 0x31, 0x00, 0x00, // .....F.......1..
	0x07, 0x82, 0x00, 0x10, 0x00, 0x01, 0x00, 0x00, 0x00, 0x3a, 0x00, 0x10, 0x00, 0x01, 0x00, 0x00, // .........:......
	0x00, 0x01, 0x40, 0x00, 0x00, 0x00, 0x00, 0x00, 0x00, 0x37, 0x00, 0x00, 0x0a, 0x72, 0x00, 0x10, // ..@......7...r..
	0x00, 0x03, 0x00, 0x00, 0x00, 0xf6, 0x0f, 0x10, 0x00, 0x01, 0x00, 0x00, 0x00, 0x46, 0x02, 0x10, // .............F..
	0x80, 0x41, 0x00, 0x00, 0x00, 0x03, 0x00, 0x00, 0x00, 0x46, 0x02, 0x10, 0x00, 0x03, 0x00, 0x00, // .A.......F......
	0x00, 0x37, 0x00, 0x00, 0x09, 0x72, 0x00, 0x10, 0x00, 0x01, 0x00, 0x00, 0x00, 0xf6, 0x0f, 0x10, // .7...r..........
	0x00, 0x00, 0x00, 0x00, 0x00, 0x46, 0x02, 0x10, 0x00, 0x03, 0x00, 0x00, 0x00, 0x46, 0x02, 0x10, // .....F.......F..
	0x00, 0x01, 0x00, 0x00, 0x00, 0x10, 0x00, 0x00, 0x07, 0x82, 0x00, 0x10, 0x00, 0x00, 0x00, 0x00, // ................
	0x00, 0x46, 0x12, 0x10, 0x00, 0x04, 0x00, 0x00, 0x00, 0x46, 0x12, 0x10, 0x00, 0x04, 0x00, 0x00, // .F.......F......
	0x00, 0x44, 0x00, 0x00, 0x05, 0x82, 0x00, 0x10, 0x00, 0x00, 0x00, 0x00, 0x00, 0x3a, 0x00, 0x10, // .D...........:..
	0x00, 0x00, 0x00, 0x00, 0x00, 0x38, 0x00, 0x00, 0x07, 0x72, 0x00, 0x10, 0x00, 0x03, 0x00, 0x00, // .....8...r......
	0x00, 0xf6, 0x0f, 0x10, 0x00, 0x00, 0x00, 0x00, 0x00, 0x46, 0x12, 0x10, 0x00, 0x04, 0x00, 0x00, // .........F......
	0x00, 0x10, 0x00, 0x00, 0x09, 0x82, 0x00, 0x10, 0x00, 0x00, 0x00, 0x00, 0x00, 0x46, 0x82, 0x20, // .............F. 
	0x00, 0x00, 0x00, 0x00, 0x00, 0x02, 0x00, 0x00, 0x00, 0x46, 0x82, 0x20, 0x00, 0x00, 0x00, 0x00, // .........F. ....
	0x00, 0x02, 0x00, 0x00, 0x00, 0x44, 0x00, 0x00, 0x05, 0x82, 0x00, 0x10, 0x00, 0x00, 0x00, 0x00, // .....D..........
	0x00, 0x3a, 0x00, 0x10, 0x00, 0x00, 0x00, 0x00, 0x00, 0x38, 0x00, 0x00, 0x08, 0x72, 0x00, 0x10, // .:.......8...r..
	0x00, 0x04, 0x00, 0x00, 0x00, 0xf6, 0x0f, 0x10, 0x00, 0x00, 0x00, 0x00, 0x00, 0x46, 0x82, 0x20, // .............F. 
	0x00, 0x00, 0x00, 0x00, 0x00, 0x02, 0x00, 0x00, 0x00, 0x31, 0x00, 0x00, 0x08, 0x82, 0x00, 0x10, // .........1......
	0x00, 0x01, 0x00, 0x00, 0x00, 0x0a, 0x80, 0x20, 0x00, 0x00, 0x00, 0x00, 0x00, 0x04, 0x00, 0x00, // ....... ........
	0x00, 0x01, 0x40, 0x00, 0x00, 0x00, 0x00, 0x00, 0x3f, 0x1f, 0x00, 0x04, 0x03, 0x3a, 0x00, 0x10, // ..@.....?....:..
	0x00, 0x01, 0x00, 0x00, 0x00, 0x34, 0x00, 0x00, 0x08, 0x82, 0x00, 0x10, 0x00, 0x01, 0x00, 0x00, // .....4..........
	0x00, 0x2a, 0x80, 0x20, 0x00, 0x00, 0x00, 0x00, 0x00, 0x04, 0x00, 0x00, 0x00, 0x01, 0x40, 0x00, // .*. ..........@.
	0x00, 0x8f, 0xc2, 0xf5, 0x3c, 0x33, 0x00, 0x00, 0x07, 0x82, 0x00, 0x10, 0x00, 0x01, 0x00, 0x00, // ....<3..........
	0x00, 0x3a, 0x00, 0x10, 0x00, 0x01, 0x00, 0x00, 0x00, 0x01, 0x40, 0x00, 0x00, 0x00, 0x00, 0x80, // .:........@.....
	0x3f, 0x32, 0x00, 0x00, 0x0a, 0x72, 0x00, 0x10, 0x00, 0x05, 0x00, 0x00, 0x00, 0x46, 0x82, 0x20, // ?2...r.......F. 
	0x00, 0x00, 0x00, 0x00, 0x00, 0x02, 0x00, 0x00, 0x00, 0xf6, 0x0f, 0x10, 0x00, 0x00, 0x00, 0x00, // ................
	0x00, 0x46, 0x02, 0x10, 0x00, 0x03, 0x00, 0x00, 0x00, 0x10, 0x00, 0x00, 0x07, 0x82, 0x00, 0x10, // .F..............
	0x00, 0x02, 0x00, 0x00, 0x00, 0x46, 0x02, 0x10, 0x00, 0x05, 0x00, 0x00, 0x00, 0x46, 0x02, 0x10, // .....F.......F..
	0x00, 0x05, 0x00, 0x00, 0x00, 0x44, 0x00, 0x00, 0x05, 0x82, 0x00, 0x10, 0x00, 0x02, 0x00, 0x00, // .....D..........
	0x00, 0x3a, 0x00, 0x10, 0x00, 0x02, 0x00, 0x00, 0x00, 0x38, 0x00, 0x00, 0x07, 0x72, 0x00, 0x10, // .:.......8...r..
	0x00, 0x05, 0x00, 0x00, 0x00, 0xf6, 0x0f, 0x10, 0x00, 0x02, 0x00, 0x00, 0x00, 0x46, 0x02, 0x10, // .............F..
	0x00, 0x05, 0x00, 0x00, 0x00, 0x38, 0x00, 0x00, 0x07, 0x82, 0x00, 0x10, 0x00, 0x02, 0x00, 0x00, // .....8..........
	0x00, 0x3a, 0x00, 0x10, 0x00, 0x01, 0x00, 0x00, 0x00, 0x3a, 0x00, 0x10, 0x00, 0x01, 0x00, 0x00, // .:.......:......
	0x00, 0x38, 0x00, 0x00, 0x07, 0x82, 0x00, 0x10, 0x00, 0x03, 0x00, 0x00, 0x00, 0x3a, 0x00, 0x10, // .8...........:..
	0x00, 0x02, 0x00, 0x00, 0x00, 0x3a, 0x00, 0x10, 0x00, 0x02, 0x00, 0x00, 0x00, 0x10, 0x00, 0x00, // .....:..........
	0x07, 0x82, 0x00, 0x10, 0x00, 0x04, 0x00, 0x00, 0x00, 0x46, 0x02, 0x10, 0x00, 0x01, 0x00, 0x00, // .........F......
	0x00, 0x46, 0x02, 0x10, 0x00, 0x05, 0x00, 0x00, 0x00, 0x34, 0x00, 0x00, 0x07, 0x82, 0x00, 0x10, // .F.......4......
	0x00, 0x04, 0x00, 0x00, 0x00, 0x3a, 0x00, 0x10, 0x00, 0x04, 0x00, 0x00, 0x00, 0x01, 0x40, 0x00, // .....:........@.
	0x00, 0x00, 0x00, 0x00, 0x00, 0x38, 0x00, 0x00, 0x07, 0x82, 0x00, 0x10, 0x00, 0x04, 0x00, 0x00, // .....8..........
	0x00, 0x3a, 0x00, 0x10, 0x00, 0x04, 0x00, 0x00, 0x00, 0x3a, 0x00, 0x10, 0x00, 0x04, 0x00, 0x00, // .:.......:......
	0x00, 0x32, 0x00, 0x00, 0x09, 0x82, 0x00, 0x10, 0x00, 0x02, 0x00, 0x00, 0x00, 0x3a, 0x00, 0x10, // .2...........:..
	0x00, 0x02, 0x00, 0x00, 0x00, 0x3a, 0x00, 0x10, 0x00, 0x02, 0x00, 0x00, 0x00, 0x01, 0x40, 0x00, // .....:........@.
	0x00, 0x00, 0x00, 0x80, 0xbf, 0x32, 0x00, 0x00, 0x09, 0x82, 0x00, 0x10, 0x00, 0x02, 0x00, 0x00, // .....2..........
	0x00, 0x3a, 0x00, 0x10, 0x00, 0x04, 0x00, 0x00, 0x00, 0x3a, 0x00, 0x10, 0x00, 0x02, 0x00, 0x00, // .:.......:......
	0x00, 0x01, 0x40, 0x00, 0x00, 0x00, 0x00, 0x80, 0x3f, 0x38, 0x00, 0x00, 0x07, 0x82, 0x00, 0x10, // ..@.....?8......
	0x00, 0x02, 0x00, 0x00, 0x00, 0x3a, 0x00, 0x10, 0x00, 0x02, 0x00, 0x00, 0x00, 0x3a, 0x00, 0x10, // .....:.......:..
	0x00, 0x02, 0x00, 0x00, 0x00, 0x38, 0x00, 0x00, 0x07, 0x82, 0x00, 0x10, 0x00, 0x02, 0x00, 0x00, // .....8..........
	0x00, 0x3a, 0x00, 0x10, 0x00, 0x02, 0x00, 0x00, 0x00, 0x01, 0x40, 0x00, 0x00, 0xdb, 0x0f, 0x49, // .:........@....I
	0x40, 0x34, 0x00, 0x00, 0x07, 0x82, 0x00, 0x10, 0x00, 0x02, 0x00, 0x00, 0x00, 0x3a, 0x00, 0x10, // @4...........:..
	0x00, 0x02, 0x00, 0x00, 0x00, 0x01, 0x40, 0x00, 0x00, 0x6f, 0x12, 0x83, 0x3a, 0x0e, 0x00, 0x00, // ......@..o..:...
	0x07, 0x82, 0x00, 0x10, 0x00, 0x02, 0x00, 0x00, 0x00, 0x3a, 0x00, 0x10, 0x00, 0x03, 0x00, 0x00, // .........:......
	0x00, 0x3a, 0x00, 0x10, 0x00, 0x02, 0x00, 0x00, 0x00, 0x10, 0x00, 0x00, 0x07, 0x82, 0x00, 0x10, // .:..............
	0x00, 0x03, 0x00, 0x00, 0x00, 0x46, 0x02, 0x10, 0x00, 0x01, 0x00, 0x00, 0x00, 0x46, 0x02, 0x10, // .....F.......F..
	0x00, 0x03, 0x00, 0x00, 0x00, 0x34, 0x00, 0x00, 0x07, 0x82, 0x00, 0x10, 0x00, 0x03, 0x00, 0x00, // .....4..........
	0x00, 0x3a, 0x00, 0x10, 0x00, 0x03, 0x00, 0x00, 0x00, 0x01, 0x40, 0x00, 0x00, 0x00, 0x00, 0x00, // .:........@.....
	0x00, 0x10, 0x00, 0x00, 0x07, 0x82, 0x00, 0x10, 0x00, 0x04, 0x00, 0x00, 0x00, 0x46, 0x02, 0x10, // .............F..
	0x00, 0x01, 0x00, 0x00, 0x00, 0x46, 0x02, 0x10, 0x00, 0x04, 0x00, 0x00, 0x00, 0x34, 0x00, 0x00, // .....F.......4..
	0x0a, 0x32, 0x00, 0x10, 0x00, 0x06, 0x00, 0x00, 0x00, 0xf6, 0x0f, 0x10, 0x00, 0x04, 0x00, 0x00, // .2..............
	0x00, 0x02, 0x40, 0x00, 0x00, 0x00, 0x00, 0x00, 0x00, 0x6f, 0x12, 0x83, 0x3a, 0x00, 0x00, 0x00, // ..@......o..:...
	0x00, 0x00, 0x00, 0x00, 0x00, 0x00, 0x00, 0x00, 0x07, 0x82, 0x00, 0x10, 0x00, 0x01, 0x00, 0x00, // ................
	0x00, 0x3a, 0x00, 0x10, 0x00, 0x01, 0x00, 0x00, 0x00, 0x01, 0x40, 0x00, 0x00, 0x00, 0x00, 0x80, // .:........@.....
	0x3f, 0x38, 0x00, 0x00, 0x07, 0x82, 0x00, 0x10, 0x00, 0x01, 0x00, 0x00, 0x00, 0x3a, 0x00, 0x10, // ?8...........:..
	0x00, 0x01, 0x00, 0x00, 0x00, 0x3a, 0x00, 0x10, 0x00, 0x01, 0x00, 0x00, 0x00, 0x38, 0x00, 0x00, // .....:.......8..
	0x07, 0x82, 0x00, 0x10, 0x00, 0x04, 0x00, 0x00, 0x00, 0x3a, 0x00, 0x10, 0x00, 0x01, 0x00, 0x00, // .........:......
	0x00, 0x01, 0x40, 0x00, 0x00, 0x00, 0x00, 0x00, 0x3e, 0x32, 0x00, 0x00, 0x0a, 0x82, 0x00, 0x10, // ..@.....>2......
	0x00, 0x01, 0x00, 0x00, 0x00, 0x3a, 0x00, 0x10, 0x80, 0x41, 0x00, 0x00, 0x00, 0x01, 0x00, 0x00, // .....:...A......
	0x00, 0x01, 0x40, 0x00, 0x00, 0x00, 0x00, 0x00, 0x3e, 0x01, 0x40, 0x00, 0x00, 0x00, 0x00, 0x80, // ..@.....>.@.....
	0x3f, 0x32, 0x00, 0x00, 0x09, 0x82, 0x00, 0x10, 0x00, 0x05, 0x00, 0x00, 0x00, 0x3a, 0x00, 0x10, // ?2...........:..
	0x00, 0x03, 0x00, 0x00, 0x00, 0x3a, 0x00, 0x10, 0x00, 0x01, 0x00, 0x00, 0x00, 0x3a, 0x00, 0x10, // .....:.......:..
	0x00, 0x04, 0x00, 0x00, 0x00, 0x0e, 0x00, 0x00, 0x07, 0x82, 0x00, 0x10, 0x00, 0x05, 0x00, 0x00, // ................
	0x00, 0x3a, 0x00, 0x10, 0x00, 0x03, 0x00, 0x00, 0x00, 0x3a, 0x00, 0x10, 0x00, 0x05, 0x00, 0x00, // .:.......:......
	0x00, 0x32, 0x00, 0x00, 0x09, 0x82, 0x00, 0x10, 0x00, 0x01, 0x00, 0x00, 0x00, 0x0a, 0x00, 0x10, // .2..............
	0x00, 0x06, 0x00, 0x00, 0x00, 0x3a, 0x00, 0x10, 0x00, 0x01, 0x00, 0x00, 0x00, 0x3a, 0x00, 0x10, // .....:.......:..
	0x00, 0x04, 0x00, 0x00, 0x00, 0x0e, 0x00, 0x00, 0x07, 0x82, 0x00, 0x10, 0x00, 0x01, 0x00, 0x00, // ................
	0x00, 0x0a, 0x00, 0x10, 0x00, 0x06, 0x00, 0x00, 0x00, 0x3a, 0x00, 0x10, 0x00, 0x01, 0x00, 0x00, // .........:......
	0x00, 0x38, 0x00, 0x00, 0x07, 0x82, 0x00, 0x10, 0x00, 0x01, 0x00, 0x00, 0x00, 0x3a, 0x00, 0x10, // .8...........:..
	0x00, 0x01, 0x00, 0x00, 0x00, 0x3a, 0x00, 0x10, 0x00, 0x05, 0x00, 0x00, 0x00, 0x38, 0x00, 0x00, // .....:.......8..
	0x08, 0x72, 0x00, 0x10, 0x00, 0x07, 0x00, 0x00, 0x00, 0x46, 0x12, 0x10, 0x00, 0x02, 0x00, 0x00, // .r.......F......
	0x00, 0x46, 0x82, 0x20, 0x00, 0x00, 0x00, 0x00, 0x00, 0x01, 0x00, 0x00, 0x00, 0x32, 0x00, 0x00, // .F. .........2..
	0x0d, 0x72, 0x00, 0x10, 0x00, 0x08, 0x00, 0x00, 0x00, 0x46, 0x82, 0x20, 0x00, 0x00, 0x00, 0x00, // .r.......F. ....
	0x00, 0x01, 0x00, 0x00, 0x00, 0x46, 0x12, 0x10, 0x00, 0x02, 0x00, 0x00, 0x00, 0x02, 0x40, 0x00, // .....F........@.
	0x00, 0x0a, 0xd7, 0x23, 0xbd, 0x0a, 0xd7, 0x23, 0xbd, 0x0a, 0xd7, 0x23, 0xbd, 0x00, 0x00, 0x00, // ...#...#...#....
	0x00, 0x32, 0x00, 0x00, 0x0d, 0x72, 0x00, 0x10, 0x00, 0x08, 0x00, 0x00, 0x00, 0x56, 0x85, 0x20, // .2...r.......V. 
	0x00, 0x00, 0x00, 0x00, 0x00, 0x04, 0x00, 0x00, 0x00, 0x46, 0x02, 0x10, 0x00, 0x08, 0x00, 0x00, // .........F......
	0x00, 0x02, 0x40, 0x00, 0x00, 0x0a, 0xd7, 0x23, 0x3d, 0x0a, 0xd7, 0x23, 0x3d, 0x0a, 0xd7, 0x23, // ..@....#=..#=..#
	0x3d, 0x00, 0x00, 0x00, 0x00, 0x10, 0x00, 0x00, 0x07, 0x82, 0x00, 0x10, 0x00, 0x04, 0x00, 0x00, // =...............
	0x00, 0x46, 0x02, 0x10, 0x00, 0x05, 0x00, 0x00, 0x00, 0x46, 0x02, 0x10, 0x00, 0x03, 0x00, 0x00, // .F.......F......
	0x00, 0x34, 0x00, 0x00, 0x07, 0x82, 0x00, 0x10, 0x00, 0x04, 0x00, 0x00, 0x00, 0x3a, 0x00, 0x10, // .4...........:..
	0x00, 0x04, 0x00, 0x00, 0x00, 0x01, 0x40, 0x00, 0x00, 0x00, 0x00, 0x00, 0x00, 0x00, 0x00, 0x00, // ......@.........
	0x08, 0x82, 0x00, 0x10, 0x00, 0x04, 0x00, 0x00, 0x00, 0x3a, 0x00, 0x10, 0x80, 0x41, 0x00, 0x00, // .........:...A..
	0x00, 0x04, 0x00, 0x00, 0x00, 0x01, 0x40, 0x00, 0x00, 0x00, 0x00, 0x80, 0x3f, 0x34, 0x00, 0x00, // ......@.....?4..
	0x07, 0x82, 0x00, 0x10, 0x00, 0x04, 0x00, 0x00, 0x00, 0x3a, 0x00, 0x10, 0x00, 0x04, 0x00, 0x00, // .........:......
	0x00, 0x01, 0x40, 0x00, 0x00, 0x00, 0x00, 0x00, 0x00, 0x38, 0x00, 0x00, 0x07, 0x12, 0x00, 0x10, // ..@......8......
	0x00, 0x05, 0x00, 0x00, 0x00, 0x3a, 0x00, 0x10, 0x00, 0x04, 0x00, 0x00, 0x00, 0x3a, 0x00, 0x10, // .....:.......:..
	0x00, 0x04, 0x00, 0x00, 0x00, 0x38, 0x00, 0x00, 0x07, 0x12, 0x00, 0x10, 0x00, 0x05, 0x00, 0x00, // .....8..........
	0x00, 0x0a, 0x00, 0x10, 0x00, 0x05, 0x00, 0x00, 0x00, 0x0a, 0x00, 0x10, 0x00, 0x05, 0x00, 0x00, // ................
	0x00, 0x38, 0x00, 0x00, 0x07, 0x82, 0x00, 0x10, 0x00, 0x04, 0x00, 0x00, 0x00, 0x3a, 0x00, 0x10, // .8...........:..
	0x00, 0x04, 0x00, 0x00, 0x00, 0x0a, 0x00, 0x10, 0x00, 0x05, 0x00, 0x00, 0x00, 0x00, 0x00, 0x00, // ................
	0x0b, 0x72, 0x00, 0x10, 0x00, 0x05, 0x00, 0x00, 0x00, 0x46, 0x02, 0x10, 0x80, 0x41, 0x00, 0x00, // .r.......F...A..
	0x00, 0x08, 0x00, 0x00, 0x00, 0x02, 0x40, 0x00, 0x00, 0x00, 0x00, 0x80, 0x3f, 0x00, 0x00, 0x80, // ......@.....?...
	0x3f, 0x00, 0x00, 0x80, 0x3f, 0x00, 0x00, 0x00, 0x00, 0x32, 0x00, 0x00, 0x09, 0x72, 0x00, 0x10, // ?...?....2...r..
	0x00, 0x05, 0x00, 0x00, 0x00, 0x46, 0x02, 0x10, 0x00, 0x05, 0x00, 0x00, 0x00, 0xf6, 0x0f, 0x10, // .....F..........
	0x00, 0x04, 0x00, 0x00, 0x00, 0x46, 0x02, 0x10, 0x00, 0x08, 0x00, 0x00, 0x00, 0x00, 0x00, 0x00, // .....F..........
	0x0b, 0x72, 0x00, 0x10, 0x00, 0x08, 0x00, 0x00, 0x00, 0x46, 0x02, 0x10, 0x80, 0x41, 0x00, 0x00, // .r.......F...A..
	0x00, 0x05, 0x00, 0x00, 0x00, 0x02, 0x40, 0x00, 0x00, 0x00, 0x00, 0x80, 0x3f, 0x00, 0x00, 0x80, // ......@.....?...
	0x3f, 0x00, 0x00, 0x80, 0x3f, 0x00, 0x00, 0x00, 0x00, 0x00, 0x00, 0x00, 0x09, 0x82, 0x00, 0x10, // ?...?...........
	0x00, 0x04, 0x00, 0x00, 0x00, 0x1a, 0x80, 0x20, 0x80, 0x41, 0x00, 0x00, 0x00, 0x00, 0x00, 0x00, // ....... .A......
	0x00, 0x04, 0x00, 0x00, 0x00, 0x01, 0x40, 0x00, 0x00, 0x00, 0x00, 0x80, 0x3f, 0x38, 0x00, 0x00, // ......@.....?8..
	0x07, 0x72, 0x00, 0x10, 0x00, 0x08, 0x00, 0x00, 0x00, 0xf6, 0x0f, 0x10, 0x00, 0x04, 0x00, 0x00, // .r..............
	0x00, 0x46, 0x02, 0x10, 0x00, 0x08, 0x00, 0x00, 0x00, 0x38, 0x00, 0x00, 0x07, 0x82, 0x00, 0x10, // .F.......8......
	0x00, 0x01, 0x00, 0x00, 0x00, 0x3a, 0x00, 0x10, 0x00, 0x01, 0x00, 0x00, 0x00, 0x3a, 0x00, 0x10, // .....:.......:..
	0x00, 0x02, 0x00, 0x00, 0x00, 0x38, 0x00, 0x00, 0x07, 0x72, 0x00, 0x10, 0x00, 0x05, 0x00, 0x00, // .....8...r......
	0x00, 0x46, 0x02, 0x10, 0x00, 0x05, 0x00, 0x00, 0x00, 0xf6, 0x0f, 0x10, 0x00, 0x01, 0x00, 0x00, // .F..............
	0x00, 0x38, 0x00, 0x00, 0x07, 0x82, 0x00, 0x10, 0x00, 0x01, 0x00, 0x00, 0x00, 0x3a, 0x00, 0x10, // .8...........:..
	0x00, 0x03, 0x00, 0x00, 0x00, 0x01, 0x40, 0x00, 0x00, 0x00, 0x00, 0x80, 0x40, 0x38, 0x00, 0x00, // ......@.....@8..
	0x07, 0x82, 0x00, 0x10, 0x00, 0x01, 0x00, 0x00, 0x00, 0x1a, 0x00, 0x10, 0x00, 0x06, 0x00, 0x00, // ................
	0x00, 0x3a, 0x00, 0x10, 0x00, 0x01, 0x00, 0x00, 0x00, 0x34, 0x00, 0x00, 0x07, 0x82, 0x00, 0x10, // .:.......4......
	0x00, 0x01, 0x00, 0x00, 0x00, 0x3a, 0x00, 0x10, 0x00, 0x01, 0x00, 0x00, 0x00, 0x01, 0x40, 0x00, // .....:........@.
	0x00, 0x6f, 0x12, 0x83, 0x3a, 0x0e, 0x00, 0x00, 0x07, 0x72, 0x00, 0x10, 0x00, 0x05, 0x00, 0x00, // .o..:....r......
	0x00, 0x46, 0x02, 0x10, 0x00, 0x05, 0x00, 0x00, 0x00, 0xf6, 0x0f, 0x10, 0x00, 0x01, 0x00, 0x00, // .F..............
	0x00, 0x38, 0x00, 0x00, 0x07, 0xe2, 0x00, 0x10, 0x00, 0x06, 0x00, 0x00, 0x00, 0x06, 0x09, 0x10, // .8..............
	0x00, 0x07, 0x00, 0x00, 0x00, 0x06, 0x09, 0x10, 0x00, 0x08, 0x00, 0x00, 0x00, 0x32, 0x00, 0x00, // .............2..
	0x0c, 0x72, 0x00, 0x10, 0x00, 0x05, 0x00, 0x00, 0x00, 0x96, 0x07, 0x10, 0x00, 0x06, 0x00, 0x00, // .r..............
	0x00, 0x02, 0x40, 0x00, 0x00, 0x83, 0xf9, 0xa2, 0x3e, 0x83, 0xf9, 0xa2, 0x3e, 0x83, 0xf9, 0xa2, // ..@.....>...>...
	0x3e, 0x00, 0x00, 0x00, 0x00, 0x46, 0x02, 0x10, 0x00, 0x05, 0x00, 0x00, 0x00, 0x38, 0x00, 0x00, // >....F.......8..
	0x07, 0x72, 0x00, 0x10, 0x00, 0x05, 0x00, 0x00, 0x00, 0x06, 0x00, 0x10, 0x00, 0x06, 0x00, 0x00, // .r..............
	0x00, 0x46, 0x02, 0x10, 0x00, 0x05, 0x00, 0x00, 0x00, 0x32, 0x00, 0x00, 0x0c, 0x72, 0x00, 0x10, // .F.......2...r..
	0x00, 0x05, 0x00, 0x00, 0x00, 0x46, 0x02, 0x10, 0x00, 0x07, 0x00, 0x00, 0x00, 0x02, 0x40, 0x00, // .....F........@.
	0x00, 0x8f, 0xc2, 0xf5, 0x3c, 0x8f, 0xc2, 0xf5, 0x3c, 0x8f, 0xc2, 0xf5, 0x3c, 0x00, 0x00, 0x00, // ....<...<...<...
	0x00, 0x46, 0x02, 0x10, 0x00, 0x05, 0x00, 0x00, 0x00, 0x00, 0x00, 0x00, 0x0a, 0x72, 0x00, 0x10, // .F...........r..
	0x00, 0x06, 0x00, 0x00, 0x00, 0x46, 0x02, 0x10, 0x00, 0x05, 0x00, 0x00, 0x00, 0x02, 0x40, 0x00, // .....F........@.
	0x00, 0x00, 0x00, 0x80, 0x3f, 0x00, 0x00, 0x80, 0x3f, 0x00, 0x00, 0x80, 0x3f, 0x00, 0x00, 0x00, // ....?...?...?...
	0x00, 0x0e, 0x00, 0x00, 0x07, 0x72, 0x00, 0x10, 0x00, 0x05, 0x00, 0x00, 0x00, 0x46, 0x02, 0x10, // .....r.......F..
	0x00, 0x05, 0x00, 0x00, 0x00, 0x46, 0x02, 0x10, 0x00, 0x06, 0x00, 0x00, 0x00, 0x2f, 0x00, 0x00, // .....F......./..
	0x05, 0x72, 0x00, 0x10, 0x00, 0x05, 0x00, 0x00, 0x00, 0x46, 0x02, 0x10, 0x00, 0x05, 0x00, 0x00, // .r.......F......
	0x00, 0x38, 0x00, 0x00, 0x0a, 0x72, 0x00, 0x10, 0x00, 0x05, 0x00, 0x00, 0x00, 0x46, 0x02, 0x10, // .8...r.......F..
	0x00, 0x05, 0x00, 0x00, 0x00, 0x02, 0x40, 0x00, 0x00, 0x2f, 0xba, 0xe8, 0x3e, 0x2f, 0xba, 0xe8, // ......@../..>/..
	0x3e, 0x2f, 0xba, 0xe8, 0x3e, 0x00, 0x00, 0x00, 0x00, 0x19, 0x00, 0x00, 0x05, 0x72, 0x20, 0x10, // >/..>........r .
	0x00, 0x00, 0x00, 0x00, 0x00, 0x46, 0x02, 0x10, 0x00, 0x05, 0x00, 0x00, 0x00, 0x38, 0x00, 0x00, // .....F.......8..
	0x08, 0x82, 0x20, 0x10, 0x00, 0x00, 0x00, 0x00, 0x00, 0x3a, 0x10, 0x10, 0x00, 0x02, 0x00, 0x00, // .. ......:......
	0x00, 0x3a, 0x80, 0x20, 0x00, 0x00, 0x00, 0x00, 0x00, 0x01, 0x00, 0x00, 0x00, 0x12, 0x00, 0x00, // .:. ............
	0x01, 0x31, 0x00, 0x00, 0x08, 0x82, 0x00, 0x10, 0x00, 0x01, 0x00, 0x00, 0x00, 0x0a, 0x80, 0x20, // .1............. 
	0x00, 0x00, 0x00, 0x00, 0x00, 0x04, 0x00, 0x00, 0x00, 0x01, 0x40, 0x00, 0x00, 0x00, 0x00, 0xc0, // ..........@.....
	0x3f, 0x1f, 0x00, 0x04, 0x03, 0x3a, 0x00, 0x10, 0x00, 0x01, 0x00, 0x00, 0x00, 0x10, 0x00, 0x00, // ?....:..........
	0x07, 0x82, 0x00, 0x10, 0x00, 0x01, 0x00, 0x00, 0x00, 0x46, 0x02, 0x10, 0x00, 0x01, 0x00, 0x00, // .........F......
	0x00, 0x46, 0x02, 0x10, 0x00, 0x04, 0x00, 0x00, 0x00, 0x00, 0x00, 0x00, 0x07, 0x82, 0x00, 0x10, // .F..............
	0x00, 0x01, 0x00, 0x00, 0x00, 0x3a, 0x00, 0x10, 0x00, 0x01, 0x00, 0x00, 0x00, 0x01, 0x40, 0x00, // .....:........@.
	0x00, 0x00, 0x00, 0x80, 0x3f, 0x38, 0x20, 0x00, 0x07, 0x82, 0x00, 0x10, 0x00, 0x01, 0x00, 0x00, // ....?8 .........
	0x00, 0x3a, 0x00, 0x10, 0x00, 0x01, 0x00, 0x00, 0x00, 0x01, 0x40, 0x00, 0x00, 0x00, 0x00, 0x00, // .:........@.....
	0x3f, 0x38, 0x00, 0x00, 0x07, 0x82, 0x00, 0x10, 0x00, 0x01, 0x00, 0x00, 0x00, 0x3a, 0x00, 0x10, // ?8...........:..
	0x00, 0x01, 0x00, 0x00, 0x00, 0x3a, 0x00, 0x10, 0x00, 0x01, 0x00, 0x00, 0x00, 0x32, 0x00, 0x00, // .....:.......2..
	0x0f, 0x72, 0x00, 0x10, 0x00, 0x05, 0x00, 0x00, 0x00, 0xf6, 0x0f, 0x10, 0x00, 0x01, 0x00, 0x00, // .r..............
	0x00, 0x02, 0x40, 0x00, 0x00, 0x9a, 0x99, 0x19, 0x3f, 0x7c, 0x14, 0x2e, 0x3e, 0x9a, 0x99, 0x19, // ..@.....?|..>...
	0xbf, 0x00, 0x00, 0x00, 0x00, 0x02, 0x40, 0x00, 0x00, 0x33, 0x33, 0xb3, 0x3e, 0xcd, 0xcc, 0x0c, // ......@..33.>...
	0x3f, 0x33, 0x33, 0x73, 0x3f, 0x00, 0x00, 0x00, 0x00, 0x10, 0x00, 0x00, 0x07, 0x82, 0x00, 0x10, // ?33s?...........
	0x00, 0x01, 0x00, 0x00, 0x00, 0x46, 0x02, 0x10, 0x00, 0x01, 0x00, 0x00, 0x00, 0x46, 0x02, 0x10, // .....F.......F..
	0x00, 0x03, 0x00, 0x00, 0x00, 0x34, 0x00, 0x00, 0x07, 0x82, 0x00, 0x10, 0x00, 0x01, 0x00, 0x00, // .....4..........
	0x00, 0x3a, 0x00, 0x10, 0x00, 0x01, 0x00, 0x00, 0x00, 0x01, 0x40, 0x00, 0x00, 0x00, 0x00, 0x00, // .:........@.....
	0x00, 0x00, 0x00, 0x00, 0x08, 0x82, 0x00, 0x10, 0x00, 0x01, 0x00, 0x00, 0x00, 0x3a, 0x00, 0x10, // .............:..
	0x80, 0x41, 0x00, 0x00, 0x00, 0x01, 0x00, 0x00, 0x00, 0x01, 0x40, 0x00, 0x00, 0x00, 0x00, 0x80, // .A........@.....
	0x3f, 0x38, 0x20, 0x00, 0x07, 0x82, 0x00, 0x10, 0x00, 0x01, 0x00, 0x00, 0x00, 0x3a, 0x00, 0x10, // ?8 ..........:..
	0x00, 0x01, 0x00, 0x00, 0x00, 0x01, 0x40, 0x00, 0x00, 0x6e, 0xdb, 0xb6, 0x3f, 0x32, 0x00, 0x00, // ......@..n..?2..
	0x09, 0x82, 0x00, 0x10, 0x00, 0x02, 0x00, 0x00, 0x00, 0x3a, 0x00, 0x10, 0x00, 0x01, 0x00, 0x00, // .........:......
	0x00, 0x01, 0x40, 0x00, 0x00, 0x00, 0x00, 0x00, 0xc0, 0x01, 0x40, 0x00, 0x00, 0x00, 0x00, 0x40, // ..@.......@....@
	0x40, 0x38, 0x00, 0x00, 0x07, 0x82, 0x00, 0x10, 0x00, 0x01, 0x00, 0x00, 0x00, 0x3a, 0x00, 0x10, // @8...........:..
	0x00, 0x01, 0x00, 0x00, 0x00, 0x3a, 0x00, 0x10, 0x00, 0x01, 0x00, 0x00, 0x00, 0x38, 0x00, 0x00, // .....:.......8..
	0x07, 0x82, 0x00, 0x10, 0x00, 0x01, 0x00, 0x00, 0x00, 0x3a, 0x00, 0x10, 0x00, 0x01, 0x00, 0x00, // .........:......
	0x00, 0x3a, 0x00, 0x10, 0x00, 0x02, 0x00, 0x00, 0x00, 0x32, 0x00, 0x00, 0x0c, 0x72, 0x20, 0x10, // .:.......2...r .
	0x00, 0x00, 0x00, 0x00, 0x00, 0xf6, 0x0f, 0x10, 0x00, 0x01, 0x00, 0x00, 0x00, 0x02, 0x40, 0x00, // ..............@.
	0x00, 0x9a, 0x99, 0x99, 0x3e, 0x9a, 0x99, 0x99, 0x3e, 0x9a, 0x99, 0x99, 0x3e, 0x00, 0x00, 0x00, // ....>...>...>...
	0x00, 0x46, 0x02, 0x10, 0x00, 0x05, 0x00, 0x00, 0x00, 0x38, 0x00, 0x00, 0x08, 0x82, 0x20, 0x10, // .F.......8.... .
	0x00, 0x00, 0x00, 0x00, 0x00, 0x3a, 0x10, 0x10, 0x00, 0x02, 0x00, 0x00, 0x00, 0x3a, 0x80, 0x20, // .....:.......:. 
	0x00, 0x00, 0x00, 0x00, 0x00, 0x01, 0x00, 0x00, 0x00, 0x12, 0x00, 0x00, 0x01, 0x31, 0x00, 0x00, // .............1..
	0x08, 0x82, 0x00, 0x10, 0x00, 0x01, 0x00, 0x00, 0x00, 0x0a, 0x80, 0x20, 0x00, 0x00, 0x00, 0x00, // ........... ....
	0x00, 0x04, 0x00, 0x00, 0x00, 0x01, 0x40, 0x00, 0x00, 0x00, 0x00, 0x20, 0x40, 0x1f, 0x00, 0x04, // ......@.... @...
	0x03, 0x3a, 0x00, 0x10, 0x00, 0x01, 0x00, 0x00, 0x00, 0x0d, 0x00, 0x04, 0x03, 0x01, 0x40, 0x00, // .:............@.
	0x00, 0xff, 0xff, 0xff, 0xff, 0x12, 0x00, 0x00, 0x01, 0x31, 0x00, 0x00, 0x08, 0x82, 0x00, 0x10, // .........1......
	0x00, 0x01, 0x00, 0x00, 0x00, 0x0a, 0x80, 0x20, 0x00, 0x00, 0x00, 0x00, 0x00, 0x04, 0x00, 0x00, // ....... ........
	0x00, 0x01, 0x40, 0x00, 0x00, 0x00, 0x00, 0x60, 0x40, 0x1f, 0x00, 0x04, 0x03, 0x3a, 0x00, 0x10, // ..@....`@....:..
	0x00, 0x01, 0x00, 0x00, 0x00, 0x38, 0x00, 0x00, 0x08, 0xf2, 0x00, 0x10, 0x00, 0x06, 0x00, 0x00, // .....8..........
	0x00, 0xc6, 0x19, 0x10, 0x00, 0x02, 0x00, 0x00, 0x00, 0xc6, 0x89, 0x20, 0x00, 0x00, 0x00, 0x00, // ........... ....
	0x00, 0x01, 0x00, 0x00, 0x00, 0x10, 0x00, 0x00, 0x07, 0x82, 0x00, 0x10, 0x00, 0x01, 0x00, 0x00, // ................
	0x00, 0x46, 0x02, 0x10, 0x00, 0x01, 0x00, 0x00, 0x00, 0x46, 0x02, 0x10, 0x00, 0x04, 0x00, 0x00, // .F.......F......
	0x00, 0x34, 0x00, 0x00, 0x07, 0x82, 0x00, 0x10, 0x00, 0x01, 0x00, 0x00, 0x00, 0x3a, 0x00, 0x10, // .4...........:..
	0x00, 0x01, 0x00, 0x00, 0x00, 0x01, 0x40, 0x00, 0x00, 0x00, 0x00, 0x00, 0x00, 0x00, 0x00, 0x00, // ......@.........
	0x07, 0x82, 0x00, 0x10, 0x00, 0x01, 0x00, 0x00, 0x00, 0x3a, 0x00, 0x10, 0x00, 0x01, 0x00, 0x00, // .........:......
	0x00, 0x01, 0x40, 0x00, 0x00, 0xcd, 0xcc, 0xcc, 0x3d, 0x32, 0x00, 0x00, 0x0a, 0x72, 0x00, 0x10, // ..@.....=2...r..
	0x00, 0x07, 0x00, 0x00, 0x00, 0x46, 0x82, 0x20, 0x00, 0x00, 0x00, 0x00, 0x00, 0x02, 0x00, 0x00, // .....F. ........
	0x00, 0xf6, 0x0f, 0x10, 0x00, 0x00, 0x00, 0x00, 0x00, 0x46, 0x02, 0x10, 0x00, 0x03, 0x00, 0x00, // .........F......
	0x00, 0x10, 0x00, 0x00, 0x07, 0x82, 0x00, 0x10, 0x00, 0x02, 0x00, 0x00, 0x00, 0x46, 0x02, 0x10, // .............F..
	0x00, 0x07, 0x00, 0x00, 0x00, 0x46, 0x02, 0x10, 0x00, 0x07, 0x00, 0x00, 0x00, 0x44, 0x00, 0x00, // .....F.......D..
	0x05, 0x82, 0x00, 0x10, 0x00, 0x02, 0x00, 0x00, 0x00, 0x3a, 0x00, 0x10, 0x00, 0x02, 0x00, 0x00, // .........:......
	0x00, 0x38, 0x00, 0x00, 0x07, 0x72, 0x00, 0x10, 0x00, 0x07, 0x00, 0x00, 0x00, 0xf6, 0x0f, 0x10, // .8...r..........
	0x00, 0x02, 0x00, 0x00, 0x00, 0x46, 0x02, 0x10, 0x00, 0x07, 0x00, 0x00, 0x00, 0x10, 0x00, 0x00, // .....F..........
	0x07, 0x82, 0x00, 0x10, 0x00, 0x02, 0x00, 0x00, 0x00, 0x46, 0x02, 0x10, 0x00, 0x01, 0x00, 0x00, // .........F......
	0x00, 0x46, 0x02, 0x10, 0x00, 0x07, 0x00, 0x00, 0x00, 0x34, 0x00, 0x00, 0x07, 0x82, 0x00, 0x10, // .F.......4......
	0x00, 0x02, 0x00, 0x00, 0x00, 0x3a, 0x00, 0x10, 0x00, 0x02, 0x00, 0x00, 0x00, 0x01, 0x40, 0x00, // .....:........@.
	0x00, 0x00, 0x00, 0x00, 0x00, 0x2f, 0x00, 0x00, 0x05, 0x82, 0x00, 0x10, 0x00, 0x02, 0x00, 0x00, // ...../..........
	0x00, 0x3a, 0x00, 0x10, 0x00, 0x02, 0x00, 0x00, 0x00, 0x38, 0x00, 0x00, 0x07, 0x82, 0x00, 0x10, // .:.......8......
	0x00, 0x02, 0x00, 0x00, 0x00, 0x3a, 0x00, 0x10, 0x00, 0x02, 0x00, 0x00, 0x00, 0x01, 0x40, 0x00, // .....:........@.
	0x00, 0x00, 0x00, 0x00, 0x42, 0x19, 0x00, 0x00, 0x05, 0x82, 0x00, 0x10, 0x00, 0x02, 0x00, 0x00, // ....B...........
	0x00, 0x3a, 0x00, 0x10, 0x00, 0x02, 0x00, 0x00, 0x00, 0x38, 0x00, 0x00, 0x07, 0x82, 0x00, 0x10, // .:.......8......
	0x00, 0x02, 0x00, 0x00, 0x00, 0x3a, 0x00, 0x10, 0x00, 0x02, 0x00, 0x00, 0x00, 0x01, 0x40, 0x00, // .....:........@.
	0x00, 0x00, 0x00, 0x00, 0x3f, 0x32, 0x00, 0x00, 0x09, 0x72, 0x00, 0x10, 0x00, 0x07, 0x00, 0x00, // ....?2...r......
	0x00, 0x86, 0x03, 0x10, 0x00, 0x06, 0x00, 0x00, 0x00, 0xf6, 0x0f, 0x10, 0x00, 0x01, 0x00, 0x00, // ................
	0x00, 0xf6, 0x0f, 0x10, 0x00, 0x02, 0x00, 0x00, 0x00, 0x10, 0x00, 0x00, 0x0a, 0x12, 0x00, 0x10, // ................
	0x00, 0x06, 0x00, 0x00, 0x00, 0x46, 0x02, 0x10, 0x00, 0x07, 0x00, 0x00, 0x00, 0x02, 0x40, 0x00, // .....F........@.
	0x00, 0x87, 0x16, 0x99, 0x3e, 0xa2, 0x45, 0x16, 0x3f, 0xd5, 0x78, 0xe9, 0x3d, 0x00, 0x00, 0x00, // ....>.E.?.x.=...
	0x00, 0x36, 0x00, 0x00, 0x05, 0xf2, 0x20, 0x10, 0x00, 0x00, 0x00, 0x00, 0x00, 0x06, 0x04, 0x10, // .6.... .........
	0x00, 0x06, 0x00, 0x00, 0x00, 0x12, 0x00, 0x00, 0x01, 0x31, 0x00, 0x00, 0x08, 0x82, 0x00, 0x10, // .........1......
	0x00, 0x01, 0x00, 0x00, 0x00, 0x0a, 0x80, 0x20, 0x00, 0x00, 0x00, 0x00, 0x00, 0x04, 0x00, 0x00, // ....... ........
	0x00, 0x01, 0x40, 0x00, 0x00, 0x00, 0x00, 0x90, 0x40, 0x1f, 0x00, 0x04, 0x03, 0x3a, 0x00, 0x10, // ..@.....@....:..
	0x00, 0x01, 0x00, 0x00, 0x00, 0x38, 0x00, 0x00, 0x08, 0x72, 0x00, 0x10, 0x00, 0x06, 0x00, 0x00, // .....8...r......
	0x00, 0x46, 0x12, 0x10, 0x00, 0x02, 0x00, 0x00, 0x00, 0x46, 0x82, 0x20, 0x00, 0x00, 0x00, 0x00, // .F.......F. ....
	0x00, 0x01, 0x00, 0x00, 0x00, 0x10, 0x00, 0x00, 0x07, 0x82, 0x00, 0x10, 0x00, 0x01, 0x00, 0x00, // ................
	0x00, 0x46, 0x02, 0x10, 0x00, 0x01, 0x00, 0x00, 0x00, 0x46, 0x02, 0x10, 0x00, 0x04, 0x00, 0x00, // .F.......F......
	0x00, 0x34, 0x00, 0x00, 0x07, 0x82, 0x00, 0x10, 0x00, 0x01, 0x00, 0x00, 0x00, 0x3a, 0x00, 0x10, // .4...........:..
	0x00, 0x01, 0x00, 0x00, 0x00, 0x01, 0x40, 0x00, 0x00, 0x00, 0x00, 0x00, 0x00, 0x00, 0x00, 0x00, // ......@.........
	0x07, 0x82, 0x00, 0x10, 0x00, 0x01, 0x00, 0x00, 0x00, 0x3a, 0x00, 0x10, 0x00, 0x01, 0x00, 0x00, // .........:......
	0x00, 0x01, 0x40, 0x00, 0x00, 0xcd, 0xcc, 0xcc, 0x3d, 0x32, 0x00, 0x00, 0x0a, 0x72, 0x00, 0x10, // ..@.....=2...r..
	0x00, 0x04, 0x00, 0x00, 0x00, 0x46, 0x82, 0x20, 0x00, 0x00, 0x00, 0x00, 0x00, 0x02, 0x00, 0x00, // .....F. ........
	0x00, 0xf6, 0x0f, 0x10, 0x00, 0x00, 0x00, 0x00, 0x00, 0x46, 0x02, 0x10, 0x00, 0x03, 0x00, 0x00, // .........F......
	0x00, 0x10, 0x00, 0x00, 0x07, 0x82, 0x00, 0x10, 0x00, 0x00, 0x00, 0x00, 0x00, 0x46, 0x02, 0x10, // .............F..
	0x00, 0x04, 0x00, 0x00, 0x00, 0x46, 0x02, 0x10, 0x00, 0x04, 0x00, 0x00, 0x00, 0x44, 0x00, 0x00, // .....F.......D..
	0x05, 0x82, 0x00, 0x10, 0x00, 0x00, 0x00, 0x00, 0x00, 0x3a, 0x00, 0x10, 0x00, 0x00, 0x00, 0x00, // .........:......
	0x00, 0x38, 0x00, 0x00, 0x07, 0x72, 0x00, 0x10, 0x00, 0x04, 0x00, 0x00, 0x00, 0xf6, 0x0f, 0x10, // .8...r..........
	0x00, 0x00, 0x00, 0x00, 0x00, 0x46, 0x02, 0x10, 0x00, 0x04, 0x00, 0x00, 0x00, 0x10, 0x00, 0x00, // .....F..........
	0x07, 0x82, 0x00, 0x10, 0x00, 0x00, 0x00, 0x00, 0x00, 0x46, 0x02, 0x10, 0x00, 0x01, 0x00, 0x00, // .........F......
	0x00, 0x46, 0x02, 0x10, 0x00, 0x04, 0x00, 0x00, 0x00, 0x34, 0x00, 0x00, 0x07, 0x82, 0x00, 0x10, // .F.......4......
	0x00, 0x00, 0x00, 0x00, 0x00, 0x3a, 0x00, 0x10, 0x00, 0x00, 0x00, 0x00, 0x00, 0x01, 0x40, 0x00, // .....:........@.
	0x00, 0x00, 0x00, 0x00, 0x00, 0x2f, 0x00, 0x00, 0x05, 0x82, 0x00, 0x10, 0x00, 0x00, 0x00, 0x00, // ...../..........
	0x00, 0x3a, 0x00, 0x10, 0x00, 0x00, 0x00, 0x00, 0x00, 0x38, 0x00, 0x00, 0x07, 0x82, 0x00, 0x10, // .:.......8......
	0x00, 0x00, 0x00, 0x00, 0x00, 0x3a, 0x00, 0x10, 0x00, 0x00, 0x00, 0x00, 0x00, 0x01, 0x40, 0x00, // .....:........@.
	0x00, 0x00, 0x00, 0x00, 0x42, 0x19, 0x00, 0x00, 0x05, 0x82, 0x00, 0x10, 0x00, 0x00, 0x00, 0x00, // ....B...........
	0x00, 0x3a, 0x00, 0x10, 0x00, 0x00, 0x00, 0x00, 0x00, 0x38, 0x00, 0x00, 0x07, 0x82, 0x00, 0x10, // .:.......8......
	0x00, 0x00, 0x00, 0x00, 0x00, 0x3a, 0x00, 0x10, 0x00, 0x00, 0x00, 0x00, 0x00, 0x01, 0x40, 0x00, // .....:........@.
	0x00, 0x00, 0x00, 0x00, 0x3f, 0x32, 0x00, 0x00, 0x09, 0x72, 0x00, 0x10, 0x00, 0x04, 0x00, 0x00, // ....?2...r......
	0x00, 0x46, 0x02, 0x10, 0x00, 0x06, 0x00, 0x00, 0x00, 0xf6, 0x0f, 0x10, 0x00, 0x01, 0x00, 0x00, // .F..............
	0x00, 0xf6, 0x0f, 0x10, 0x00, 0x00, 0x00, 0x00, 0x00, 0x00, 0x00, 0x00, 0x0a, 0x72, 0x00, 0x10, // .............r..
	0x00, 0x06, 0x00, 0x00, 0x00, 0x46, 0x02, 0x10, 0x00, 0x04, 0x00, 0x00, 0x00, 0x02, 0x40, 0x00, // .....F........@.
	0x00, 0x00, 0x00, 0x80, 0x3f, 0x00, 0x00, 0x80, 0x3f, 0x00, 0x00, 0x80, 0x3f, 0x00, 0x00, 0x00, // ....?...?...?...
	0x00, 0x0e, 0x00, 0x00, 0x07, 0x72, 0x00, 0x10, 0x00, 0x04, 0x00, 0x00, 0x00, 0x46, 0x02, 0x10, // .....r.......F..
	0x00, 0x04, 0x00, 0x00, 0x00, 0x46, 0x02, 0x10, 0x00, 0x06, 0x00, 0x00, 0x00, 0x2f, 0x00, 0x00, // .....F......./..
	0x05, 0x72, 0x00, 0x10, 0x00, 0x04, 0x00, 0x00, 0x00, 0x46, 0x02, 0x10, 0x00, 0x04, 0x00, 0x00, // .r.......F......
	0x00, 0x38, 0x00, 0x00, 0x0a, 0x72, 0x00, 0x10, 0x00, 0x04, 0x00, 0x00, 0x00, 0x46, 0x02, 0x10, // .8...r.......F..
	0x00, 0x04, 0x00, 0x00, 0x00, 0x02, 0x40, 0x00, 0x00, 0x2f, 0xba, 0xe8, 0x3e, 0x2f, 0xba, 0xe8, // ......@../..>/..
	0x3e, 0x2f, 0xba, 0xe8, 0x3e, 0x00, 0x00, 0x00, 0x00, 0x19, 0x00, 0x00, 0x05, 0x72, 0x20, 0x10, // >/..>........r .
	0x00, 0x00, 0x00, 0x00, 0x00, 0x46, 0x02, 0x10, 0x00, 0x04, 0x00, 0x00, 0x00, 0x38, 0x00, 0x00, // .....F.......8..
	0x08, 0x82, 0x20, 0x10, 0x00, 0x00, 0x00, 0x00, 0x00, 0x3a, 0x10, 0x10, 0x00, 0x02, 0x00, 0x00, // .. ......:......
	0x00, 0x3a, 0x80, 0x20, 0x00, 0x00, 0x00, 0x00, 0x00, 0x01, 0x00, 0x00, 0x00, 0x12, 0x00, 0x00, // .:. ............
	0x01, 0x31, 0x00, 0x00, 0x08, 0x82, 0x00, 0x10, 0x00, 0x00, 0x00, 0x00, 0x00, 0x0a, 0x80, 0x20, // .1............. 
	0x00, 0x00, 0x00, 0x00, 0x00, 0x04, 0x00, 0x00, 0x00, 0x01, 0x40, 0x00, 0x00, 0x00, 0x00, 0xb0, // ..........@.....
	0x40, 0x1f, 0x00, 0x04, 0x03, 0x3a, 0x00, 0x10, 0x00, 0x00, 0x00, 0x00, 0x00, 0x38, 0x00, 0x00, // @....:.......8..
	0x0a, 0xf2, 0x00, 0x10, 0x00, 0x04, 0x00, 0x00, 0x00, 0x86, 0x18, 0x10, 0x00, 0x05, 0x00, 0x00, // ................
	0x00, 0x02, 0x40, 0x00, 0x00, 0x00, 0x00, 0x00, 0x3f, 0x00, 0x00, 0x00, 0x3f, 0x00, 0x00, 0xa0, // ..@.....?...?...
	0x40, 0x00, 0x00, 0xa0, 0x40, 0x10, 0x00, 0x00, 0x0a, 0x82, 0x00, 0x10, 0x00, 0x00, 0x00, 0x00, // @...@...........
	0x00, 0x46, 0x02, 0x10, 0x00, 0x01, 0x00, 0x00, 0x00, 0x02, 0x40, 0x00, 0x00, 0xcd, 0xcc, 0xcc, // .F........@.....
	0x3e, 0xcd, 0xcc, 0x4c, 0x3f, 0xcd, 0xcc, 0x0c, 0x3f, 0x00, 0x00, 0x00, 0x00, 0x00, 0x00, 0x00, // >..L?...?.......
	0x07, 0x82, 0x00, 0x10, 0x00, 0x00, 0x00, 0x00, 0x00, 0x3a, 0x00, 0x10, 0x00, 0x00, 0x00, 0x00, // .........:......
	0x00, 0x01, 0x40, 0x00, 0x00, 0x00, 0x00, 0x80, 0x3f, 0x31, 0x00, 0x00, 0x07, 0x82, 0x00, 0x10, // ..@.....?1......
	0x00, 0x01, 0x00, 0x00, 0x00, 0x3a, 0x00, 0x10, 0x00, 0x00, 0x00, 0x00, 0x00, 0x01, 0x40, 0x00, // .....:........@.
	0x00, 0x9a, 0x99, 0x19, 0x3f, 0x1f, 0x00, 0x04, 0x03, 0x3a, 0x00, 0x10, 0x00, 0x01, 0x00, 0x00, // ....?....:......
	0x00, 0x38, 0x00, 0x00, 0x0a, 0x32, 0x00, 0x10, 0x00, 0x06, 0x00, 0x00, 0x00, 0x26, 0x1a, 0x10, // .8...2.......&..
	0x00, 0x05, 0x00, 0x00, 0x00, 0x02, 0x40, 0x00, 0x00, 0x00, 0x00, 0x20, 0x41, 0x00, 0x00, 0x20, // ......@.... A.. 
	0x41, 0x00, 0x00, 0x00, 0x00, 0x00, 0x00, 0x00, 0x00, 0x4d, 0x00, 0x00, 0x06, 0x32, 0x00, 0x10, // A........M...2..
	0x00, 0x06, 0x00, 0x00, 0x00, 0x00, 0xd0, 0x00, 0x00, 0x46, 0x00, 0x10, 0x00, 0x06, 0x00, 0x00, // .........F......
	0x00, 0x1d, 0x00, 0x00, 0x0a, 0x32, 0x00, 0x10, 0x00, 0x06, 0x00, 0x00, 0x00, 0x46, 0x00, 0x10, // .....2.......F..
	0x00, 0x06, 0x00, 0x00, 0x00, 0x02, 0x40, 0x00, 0x00, 0x33, 0x33, 0x73, 0x3f, 0x33, 0x33, 0x73, // ......@..33s?33s
	0x3f, 0x00, 0x00, 0x00, 0x00, 0x00, 0x00, 0x00, 0x00, 0x01, 0x00, 0x00, 0x0a, 0x32, 0x00, 0x10, // ?............2..
	0x00, 0x06, 0x00, 0x00, 0x00, 0x46, 0x00, 0x10, 0x00, 0x06, 0x00, 0x00, 0x00, 0x02, 0x40, 0x00, // .....F........@.
	0x00, 0x00, 0x00, 0x80, 0x3f, 0x00, 0x00, 0x80, 0x3f, 0x00, 0x00, 0x00, 0x00, 0x00, 0x00, 0x00, // ....?...?.......
	0x00, 0x00, 0x00, 0x00, 0x07, 0x82, 0x00, 0x10, 0x00, 0x01, 0x00, 0x00, 0x00, 0x1a, 0x00, 0x10, // ................
	0x00, 0x06, 0x00, 0x00, 0x00, 0x0a, 0x00, 0x10, 0x00, 0x06, 0x00, 0x00, 0x00, 0x00, 0x00, 0x00, // ................
	0x07, 0x82, 0x00, 0x10, 0x00, 0x02, 0x00, 0x00, 0x00, 0x1a, 0x00, 0x10, 0x00, 0x04, 0x00, 0x00, // ................
	0x00, 0x0a, 0x00, 0x10, 0x00, 0x04, 0x00, 0x00, 0x00, 0x38, 0x00, 0x00, 0x07, 0x82, 0x00, 0x10, // .........8......
	0x00, 0x02, 0x00, 0x00, 0x00, 0x3a, 0x00, 0x10, 0x00, 0x02, 0x00, 0x00, 0x00, 0x01, 0x40, 0x00, // .....:........@.
	0x00, 0x00, 0x00, 0xa0, 0x41, 0x4d, 0x00, 0x00, 0x06, 0x82, 0x00, 0x10, 0x00, 0x02, 0x00, 0x00, // ....AM..........
	0x00, 0x00, 0xd0, 0x00, 0x00, 0x3a, 0x00, 0x10, 0x00, 0x02, 0x00, 0x00, 0x00, 0x1d, 0x00, 0x00, // .....:..........
	0x07, 0x82, 0x00, 0x10, 0x00, 0x02, 0x00, 0x00, 0x00, 0x3a, 0x00, 0x10, 0x00, 0x02, 0x00, 0x00, // .........:......
	0x00, 0x01, 0x40, 0x00, 0x00, 0x33, 0x33, 0x73, 0x3f, 0x01, 0x00, 0x00, 0x07, 0x82, 0x00, 0x10, // ..@..33s?.......
	0x00, 0x02, 0x00, 0x00, 0x00, 0x3a, 0x00, 0x10, 0x00, 0x02, 0x00, 0x00, 0x00, 0x01, 0x40, 0x00, // .....:........@.
	0x00, 0x00, 0x00, 0x80, 0x3f, 0x00, 0x00, 0x00, 0x07, 0x82, 0x00, 0x10, 0x00, 0x01, 0x00, 0x00, // ....?...........
	0x00, 0x3a, 0x00, 0x10, 0x00, 0x01, 0x00, 0x00, 0x00, 0x3a, 0x00, 0x10, 0x00, 0x02, 0x00, 0x00, // .:.......:......
	0x00, 0x32, 0x00, 0x00, 0x0a, 0x82, 0x00, 0x10, 0x00, 0x02, 0x00, 0x00, 0x00, 0x0a, 0x10, 0x10, // .2..............
	0x00, 0x05, 0x00, 0x00, 0x00, 0x01, 0x40, 0x00, 0x00, 0x00, 0x00, 0x00, 0x3f, 0x1a, 0x00, 0x10, // ......@.....?...
	0x80, 0x41, 0x00, 0x00, 0x00, 0x04, 0x00, 0x00, 0x00, 0x38, 0x00, 0x00, 0x07, 0x82, 0x00, 0x10, // .A.......8......
	0x00, 0x02, 0x00, 0x00, 0x00, 0x3a, 0x00, 0x10, 0x00, 0x02, 0x00, 0x00, 0x00, 0x01, 0x40, 0x00, // .....:........@.
	0x00, 0x00, 0x00, 0xa0, 0x41, 0x4d, 0x00, 0x00, 0x06, 0x82, 0x00, 0x10, 0x00, 0x02, 0x00, 0x00, // ....AM..........
	0x00, 0x00, 0xd0, 0x00, 0x00, 0x3a, 0x00, 0x10, 0x00, 0x02, 0x00, 0x00, 0x00, 0x1d, 0x00, 0x00, // .....:..........
	0x07, 0x82, 0x00, 0x10, 0x00, 0x02, 0x00, 0x00, 0x00, 0x3a, 0x00, 0x10, 0x00, 0x02, 0x00, 0x00, // .........:......
	0x00, 0x01, 0x40, 0x00, 0x00, 0x33, 0x33, 0x73, 0x3f, 0x01, 0x00, 0x00, 0x07, 0x82, 0x00, 0x10, // ..@..33s?.......
	0x00, 0x02, 0x00, 0x00, 0x00, 0x3a, 0x00, 0x10, 0x00, 0x02, 0x00, 0x00, 0x00, 0x01, 0x40, 0x00, // .....:........@.
	0x00, 0x00, 0x00, 0x80, 0x3f, 0x00, 0x00, 0x00, 0x07, 0x82, 0x00, 0x10, 0x00, 0x01, 0x00, 0x00, // ....?...........
	0x00, 0x3a, 0x00, 0x10, 0x00, 0x01, 0x00, 0x00, 0x00, 0x3a, 0x00, 0x10, 0x00, 0x02, 0x00, 0x00, // .:.......:......
	0x00, 0x0f, 0x00, 0x00, 0x0a, 0x82, 0x00, 0x10, 0x00, 0x02, 0x00, 0x00, 0x00, 0x86, 0x10, 0x10, // ................
	0x00, 0x05, 0x00, 0x00, 0x00, 0x02, 0x40, 0x00, 0x00, 0xcc, 0x8d, 0x1c, 0x3a, 0xfc, 0xff, 0x3f, // ......@.....:..?
	0x3f, 0x00, 0x00, 0x00, 0x00, 0x00, 0x00, 0x00, 0x00, 0x0f, 0x00, 0x00, 0x0a, 0x82, 0x00, 0x10, // ?...............
	0x00, 0x03, 0x00, 0x00, 0x00, 0x86, 0x10, 0x10, 0x00, 0x05, 0x00, 0x00, 0x00, 0x02, 0x40, 0x00, // ..............@.
	0x00, 0xfc, 0xff, 0x3f, 0xbf, 0xcc, 0x8d, 0x1c, 0x3a, 0x00, 0x00, 0x00, 0x00, 0x00, 0x00, 0x00, // ...?....:.......
	0x00, 0x38, 0x00, 0x00, 0x07, 0x12, 0x00, 0x10, 0x00, 0x06, 0x00, 0x00, 0x00, 0x3a, 0x00, 0x10, // .8...........:..
	0x00, 0x03, 0x00, 0x00, 0x00, 0x01, 0x40, 0x00, 0x00, 0x00, 0x00, 0xa0, 0x41, 0x4d, 0x00, 0x00, // ......@.....AM..
	0x06, 0x12, 0x00, 0x10, 0x00, 0x06, 0x00, 0x00, 0x00, 0x00, 0xd0, 0x00, 0x00, 0x0a, 0x00, 0x10, // ................
	0x00, 0x06, 0x00, 0x00, 0x00, 0x1d, 0x00, 0x00, 0x07, 0x12, 0x00, 0x10, 0x00, 0x06, 0x00, 0x00, // ................
	0x00, 0x0a, 0x00, 0x10, 0x00, 0x06, 0x00, 0x00, 0x00, 0x01, 0x40, 0x00, 0x00, 0x33, 0x33, 0x73, // ..........@..33s
	0x3f, 0x38, 0x00, 0x00, 0x07, 0x22, 0x00, 0x10, 0x00, 0x06, 0x00, 0x00, 0x00, 0x3a, 0x00, 0x10, // ?8...".......:..
	0x00, 0x02, 0x00, 0x00, 0x00, 0x01, 0x40, 0x00, 0x00, 0x00, 0x00, 0xa0, 0x41, 0x4d, 0x00, 0x00, // ......@.....AM..
	0x06, 0x22, 0x00, 0x10, 0x00, 0x06, 0x00, 0x00, 0x00, 0x00, 0xd0, 0x00, 0x00, 0x1a, 0x00, 0x10, // ."..............
	0x00, 0x06, 0x00, 0x00, 0x00, 0x1d, 0x00, 0x00, 0x07, 0x22, 0x00, 0x10, 0x00, 0x06, 0x00, 0x00, // ........."......
	0x00, 0x1a, 0x00, 0x10, 0x00, 0x06, 0x00, 0x00, 0x00, 0x01, 0x40, 0x00, 0x00, 0x33, 0x33, 0x73, // ..........@..33s
	0x3f, 0x01, 0x00, 0x00, 0x0a, 0x32, 0x00, 0x10, 0x00, 0x06, 0x00, 0x00, 0x00, 0x46, 0x00, 0x10, // ?....2.......F..
	0x00, 0x06, 0x00, 0x00, 0x00, 0x02, 0x40, 0x00, 0x00, 0x00, 0x00, 0x80, 0x3f, 0x00, 0x00, 0x80, // ......@.....?...
	0x3f, 0x00, 0x00, 0x00, 0x00, 0x00, 0x00, 0x00, 0x00, 0x00, 0x00, 0x00, 0x07, 0x12, 0x00, 0x10, // ?...............
	0x00, 0x06, 0x00, 0x00, 0x00, 0x1a, 0x00, 0x10, 0x00, 0x06, 0x00, 0x00, 0x00, 0x0a, 0x00, 0x10, // ................
	0x00, 0x06, 0x00, 0x00, 0x00, 0x00, 0x00, 0x00, 0x07, 0x22, 0x00, 0x10, 0x00, 0x06, 0x00, 0x00, // ........."......
	0x00, 0x3a, 0x00, 0x10, 0x00, 0x02, 0x00, 0x00, 0x00, 0x3a, 0x00, 0x10, 0x00, 0x03, 0x00, 0x00, // .:.......:......
	0x00, 0x38, 0x00, 0x00, 0x07, 0x22, 0x00, 0x10, 0x00, 0x06, 0x00, 0x00, 0x00, 0x1a, 0x00, 0x10, // .8..."..........
	0x00, 0x06, 0x00, 0x00, 0x00, 0x01, 0x40, 0x00, 0x00, 0x00, 0x00, 0xa0, 0x41, 0x4d, 0x00, 0x00, // ......@.....AM..
	0x06, 0x22, 0x00, 0x10, 0x00, 0x06, 0x00, 0x00, 0x00, 0x00, 0xd0, 0x00, 0x00, 0x1a, 0x00, 0x10, // ."..............
	0x00, 0x06, 0x00, 0x00, 0x00, 0x1d, 0x00, 0x00, 0x07, 0x22, 0x00, 0x10, 0x00, 0x06, 0x00, 0x00, // ........."......
	0x00, 0x1a, 0x00, 0x10, 0x00, 0x06, 0x00, 0x00, 0x00, 0x01, 0x40, 0x00, 0x00, 0x33, 0x33, 0x73, // ..........@..33s
	0x3f, 0x01, 0x00, 0x00, 0x07, 0x22, 0x00, 0x10, 0x00, 0x06, 0x00, 0x00, 0x00, 0x1a, 0x00, 0x10, // ?...."..........
	0x00, 0x06, 0x00, 0x00, 0x00, 0x01, 0x40, 0x00, 0x00, 0x00, 0x00, 0x80, 0x3f, 0x00, 0x00, 0x00, // ......@.....?...
	0x07, 0x12, 0x00, 0x10, 0x00, 0x06, 0x00, 0x00, 0x00, 0x1a, 0x00, 0x10, 0x00, 0x06, 0x00, 0x00, // ................
	0x00, 0x0a, 0x00, 0x10, 0x00, 0x06, 0x00, 0x00, 0x00, 0x00, 0x00, 0x00, 0x08, 0x82, 0x00, 0x10, // ................
	0x00, 0x02, 0x00, 0x00, 0x00, 0x3a, 0x00, 0x10, 0x00, 0x02, 0x00, 0x00, 0x00, 0x3a, 0x00, 0x10, // .....:.......:..
	0x80, 0x41, 0x00, 0x00, 0x00, 0x03, 0x00, 0x00, 0x00, 0x38, 0x00, 0x00, 0x07, 0x82, 0x00, 0x10, // .A.......8......
	0x00, 0x02, 0x00, 0x00, 0x00, 0x3a, 0x00, 0x10, 0x00, 0x02, 0x00, 0x00, 0x00, 0x01, 0x40, 0x00, // .....:........@.
	0x00, 0x00, 0x00, 0xa0, 0x41, 0x4d, 0x00, 0x00, 0x06, 0x82, 0x00, 0x10, 0x00, 0x02, 0x00, 0x00, // ....AM..........
	0x00, 0x00, 0xd0, 0x00, 0x00, 0x3a, 0x00, 0x10, 0x00, 0x02, 0x00, 0x00, 0x00, 0x1d, 0x00, 0x00, // .....:..........
	0x07, 0x82, 0x00, 0x10, 0x00, 0x02, 0x00, 0x00, 0x00, 0x3a, 0x00, 0x10, 0x00, 0x02, 0x00, 0x00, // .........:......
	0x00, 0x01, 0x40, 0x00, 0x00, 0x33, 0x33, 0x73, 0x3f, 0x01, 0x00, 0x00, 0x07, 0x82, 0x00, 0x10, // ..@..33s?.......
	0x00, 0x02, 0x00, 0x00, 0x00, 0x3a, 0x00, 0x10, 0x00, 0x02, 0x00, 0x00, 0x00, 0x01, 0x40, 0x00, // .....:........@.
	0x00, 0x00, 0x00, 0x80, 0x3f, 0x00, 0x00, 0x00, 0x07, 0x82, 0x00, 0x10, 0x00, 0x02, 0x00, 0x00, // ....?...........
	0x00, 0x3a, 0x00, 0x10, 0x00, 0x02, 0x00, 0x00, 0x00, 0x0a, 0x00, 0x10, 0x00, 0x06, 0x00, 0x00, // .:..............
	0x00, 0x32, 0x00, 0x00, 0x09, 0x82, 0x00, 0x10, 0x00, 0x01, 0x00, 0x00, 0x00, 0x3a, 0x00, 0x10, // .2...........:..
	0x00, 0x01, 0x00, 0x00, 0x00, 0x01, 0x40, 0x00, 0x00, 0x00, 0x00, 0xc0, 0x3f, 0x3a, 0x00, 0x10, // ......@.....?:..
	0x00, 0x02, 0x00, 0x00, 0x00, 0x12, 0x00, 0x00, 0x01, 0x31, 0x00, 0x00, 0x07, 0x82, 0x00, 0x10, // .........1......
	0x00, 0x00, 0x00, 0x00, 0x00, 0x3a, 0x00, 0x10, 0x00, 0x00, 0x00, 0x00, 0x00, 0x01, 0x40, 0x00, // .....:........@.
	0x00, 0x33, 0x33, 0xb3, 0x3f, 0x38, 0x00, 0x00, 0x0a, 0x32, 0x00, 0x10, 0x00, 0x06, 0x00, 0x00, // .33.?8...2......
	0x00, 0x26, 0x1a, 0x10, 0x00, 0x05, 0x00, 0x00, 0x00, 0x02, 0x40, 0x00, 0x00, 0x00, 0x00, 0x20, // .&........@.... 
	0x41, 0x00, 0x00, 0x20, 0x41, 0x00, 0x00, 0x00, 0x00, 0x00, 0x00, 0x00, 0x00, 0x4d, 0x00, 0x00, // A.. A........M..
	0x06, 0x32, 0x00, 0x10, 0x00, 0x06, 0x00, 0x00, 0x00, 0x00, 0xd0, 0x00, 0x00, 0x46, 0x00, 0x10, // .2...........F..
	0x00, 0x06, 0x00, 0x00, 0x00, 0x1d, 0x00, 0x00, 0x0a, 0x32, 0x00, 0x10, 0x00, 0x06, 0x00, 0x00, // .........2......
	0x00, 0x46, 0x00, 0x10, 0x00, 0x06, 0x00, 0x00, 0x00, 0x02, 0x40, 0x00, 0x00, 0x33, 0x33, 0x73, // .F........@..33s
	0x3f, 0x33, 0x33, 0x73, 0x3f, 0x00, 0x00, 0x00, 0x00, 0x00, 0x00, 0x00, 0x00, 0x01, 0x00, 0x00, // ?33s?...........
	0x0a, 0x32, 0x00, 0x10, 0x00, 0x06, 0x00, 0x00, 0x00, 0x46, 0x00, 0x10, 0x00, 0x06, 0x00, 0x00, // .2.......F......
	0x00, 0x02, 0x40, 0x00, 0x00, 0x00, 0x00, 0x80, 0x3f, 0x00, 0x00, 0x80, 0x3f, 0x00, 0x00, 0x00, // ..@.....?...?...
	0x00, 0x00, 0x00, 0x00, 0x00, 0x00, 0x00, 0x00, 0x07, 0x82, 0x00, 0x10, 0x00, 0x02, 0x00, 0x00, // ................
	0x00, 0x1a, 0x00, 0x10, 0x00, 0x06, 0x00, 0x00, 0x00, 0x0a, 0x00, 0x10, 0x00, 0x06, 0x00, 0x00, // ................
	0x00, 0x00, 0x00, 0x00, 0x07, 0x82, 0x00, 0x10, 0x00, 0x03, 0x00, 0x00, 0x00, 0x1a, 0x00, 0x10, // ................
	0x00, 0x04, 0x00, 0x00, 0x00, 0x0a, 0x00, 0x10, 0x00, 0x04, 0x00, 0x00, 0x00, 0x38, 0x00, 0x00, // .............8..
	0x07, 0x82, 0x00, 0x10, 0x00, 0x03, 0x00, 0x00, 0x00, 0x3a, 0x00, 0x10, 0x00, 0x03, 0x00, 0x00, // .........:......
	0x00, 0x01, 0x40, 0x00, 0x00, 0x00, 0x00, 0xa0, 0x41, 0x4d, 0x00, 0x00, 0x06, 0x82, 0x00, 0x10, // ..@.....AM......
	0x00, 0x03, 0x00, 0x00, 0x00, 0x00, 0xd0, 0x00, 0x00, 0x3a, 0x00, 0x10, 0x00, 0x03, 0x00, 0x00, // .........:......
	0x00, 0x1d, 0x00, 0x00, 0x07, 0x82, 0x00, 0x10, 0x00, 0x03, 0x00, 0x00, 0x00, 0x3a, 0x00, 0x10, // .............:..
	0x00, 0x03, 0x00, 0x00, 0x00, 0x01, 0x40, 0x00, 0x00, 0x33, 0x33, 0x73, 0x3f, 0x01, 0x00, 0x00, // ......@..33s?...
	0x07, 0x82, 0x00, 0x10, 0x00, 0x03, 0x00, 0x00, 0x00, 0x3a, 0x00, 0x10, 0x00, 0x03, 0x00, 0x00, // .........:......
	0x00, 0x01, 0x40, 0x00, 0x00, 0x00, 0x00, 0x80, 0x3f, 0x00, 0x00, 0x00, 0x07, 0x82, 0x00, 0x10, // ..@.....?.......
	0x00, 0x02, 0x00, 0x00, 0x00, 0x3a, 0x00, 0x10, 0x00, 0x02, 0x00, 0x00, 0x00, 0x3a, 0x00, 0x10, // .....:.......:..
	0x00, 0x03, 0x00, 0x00, 0x00, 0x32, 0x00, 0x00, 0x0a, 0x82, 0x00, 0x10, 0x00, 0x03, 0x00, 0x00, // .....2..........
	0x00, 0x0a, 0x10, 0x10, 0x00, 0x05, 0x00, 0x00, 0x00, 0x01, 0x40, 0x00, 0x00, 0x00, 0x00, 0x00, // ..........@.....
	0x3f, 0x1a, 0x00, 0x10, 0x80, 0x41, 0x00, 0x00, 0x00, 0x04, 0x00, 0x00, 0x00, 0x38, 0x00, 0x00, // ?....A.......8..
	0x07, 0x82, 0x00, 0x10, 0x00, 0x03, 0x00, 0x00, 0x00, 0x3a, 0x00, 0x10, 0x00, 0x03, 0x00, 0x00, // .........:......
	0x00, 0x01, 0x40, 0x00, 0x00, 0x00, 0x00, 0xa0, 0x41, 0x4d, 0x00, 0x00, 0x06, 0x82, 0x00, 0x10, // ..@.....AM......
	0x00, 0x03, 0x00, 0x00, 0x00, 0x00, 0xd0, 0x00, 0x00, 0x3a, 0x00, 0x10, 0x00, 0x03, 0x00, 0x00, // .........:......
	0x00, 0x1d, 0x00, 0x00, 0x07, 0x82, 0x00, 0x10, 0x00, 0x03, 0x00, 0x00, 0x00, 0x3a, 0x00, 0x10, // .............:..
	0x00, 0x03, 0x00, 0x00, 0x00, 0x01, 0x40, 0x00, 0x00, 0x33, 0x33, 0x73, 0x3f, 0x01, 0x00, 0x00, // ......@..33s?...
	0x07, 0x82, 0x00, 0x10, 0x00, 0x03, 0x00, 0x00, 0x00, 0x3a, 0x00, 0x10, 0x00, 0x03, 0x00, 0x00, // .........:......
	0x00, 0x01, 0x40, 0x00, 0x00, 0x00, 0x00, 0x80, 0x3f, 0x00, 0x00, 0x00, 0x07, 0x82, 0x00, 0x10, // ..@.....?.......
	0x00, 0x02, 0x00, 0x00, 0x00, 0x3a, 0x00, 0x10, 0x00, 0x02, 0x00, 0x00, 0x00, 0x3a, 0x00, 0x10, // .....:.......:..
	0x00, 0x03, 0x00, 0x00, 0x00, 0x38, 0x00, 0x00, 0x07, 0x82, 0x00, 0x10, 0x00, 0x02, 0x00, 0x00, // .....8..........
	0x00, 0x3a, 0x00, 0x10, 0x00, 0x02, 0x00, 0x00, 0x00, 0x01, 0x40, 0x00, 0x00, 0x00, 0x00, 0x00, // .:........@.....
	0x3f, 0x01, 0x00, 0x00, 0x07, 0x82, 0x00, 0x10, 0x00, 0x01, 0x00, 0x00, 0x00, 0x3a, 0x00, 0x10, // ?............:..
	0x00, 0x00, 0x00, 0x00, 0x00, 0x3a, 0x00, 0x10, 0x00, 0x02, 0x00, 0x00, 0x00, 0x15, 0x00, 0x00, // .....:..........
	0x01, 0x41, 0x00, 0x00, 0x05, 0x32, 0x00, 0x10, 0x00, 0x04, 0x00, 0x00, 0x00, 0xe6, 0x0a, 0x10, // .A...2..........
	0x00, 0x04, 0x00, 0x00, 0x00, 0x1a, 0x00, 0x00, 0x05, 0xc2, 0x00, 0x10, 0x00, 0x04, 0x00, 0x00, // ................
	0x00, 0xa6, 0x0e, 0x10, 0x00, 0x04, 0x00, 0x00, 0x00, 0x38, 0x00, 0x00, 0x07, 0x32, 0x00, 0x10, // .........8...2..
	0x00, 0x06, 0x00, 0x00, 0x00, 0xe6, 0x0a, 0x10, 0x00, 0x04, 0x00, 0x00, 0x00, 0xe6, 0x0a, 0x10, // ................
	0x00, 0x04, 0x00, 0x00, 0x00, 0x32, 0x00, 0x00, 0x10, 0xc2, 0x00, 0x10, 0x00, 0x04, 0x00, 0x00, // .....2..........
	0x00, 0xa6, 0x0e, 0x10, 0x80, 0x41, 0x00, 0x00, 0x00, 0x04, 0x00, 0x00, 0x00, 0x02, 0x40, 0x00, // .....A........@.
	0x00, 0x00, 0x00, 0x00, 0x00, 0x00, 0x00, 0x00, 0x00, 0x00, 0x00, 0x00, 0x40, 0x00, 0x00, 0x00, // ............@...
	0x40, 0x02, 0x40, 0x00, 0x00, 0x00, 0x00, 0x00, 0x00, 0x00, 0x00, 0x00, 0x00, 0x00, 0x00, 0x40, // @.@............@
	0x40, 0x00, 0x00, 0x40, 0x40, 0x38, 0x00, 0x00, 0x07, 0xc2, 0x00, 0x10, 0x00, 0x04, 0x00, 0x00, // @..@@8..........
	0x00, 0xa6, 0x0e, 0x10, 0x00, 0x04, 0x00, 0x00, 0x00, 0x06, 0x04, 0x10, 0x00, 0x06, 0x00, 0x00, // ................
	0x00, 0x38, 0x00, 0x00, 0x0a, 0x32, 0x00, 0x10, 0x00, 0x06, 0x00, 0x00, 0x00, 0x46, 0x00, 0x10, // .8...2.......F..
	0x00, 0x04, 0x00, 0x00, 0x00, 0x02, 0x40, 0x00, 0x00, 0x14, 0xae, 0xf6, 0x42, 0xe1, 0x1a, 0xe4, // ......@.....B...
	0x43, 0x00, 0x00, 0x00, 0x00, 0x00, 0x00, 0x00, 0x00, 0x1a, 0x00, 0x00, 0x05, 0x32, 0x00, 0x10, // C............2..
	0x00, 0x06, 0x00, 0x00, 0x00, 0x46, 0x00, 0x10, 0x00, 0x06, 0x00, 0x00, 0x00, 0x00, 0x00, 0x00, // .....F..........
	0x0a, 0xc2, 0x00, 0x10, 0x00, 0x06, 0x00, 0x00, 0x00, 0x06, 0x04, 0x10, 0x00, 0x06, 0x00, 0x00, // ................
	0x00, 0x02, 0x40, 0x00, 0x00, 0x00, 0x00, 0x00, 0x00, 0x00, 0x00, 0x00, 0x00, 0xae, 0x47, 0x35, // ..@...........G5
	0x42, 0xae, 0x47, 0x35, 0x42, 0x0f, 0x00, 0x00, 0x07, 0x82, 0x00, 0x10, 0x00, 0x00, 0x00, 0x00, // B.G5B...........
	0x00, 0x46, 0x00, 0x10, 0x00, 0x06, 0x00, 0x00, 0x00, 0xe6, 0x0a, 0x10, 0x00, 0x06, 0x00, 0x00, // .F..............
	0x00, 0x00, 0x00, 0x00, 0x07, 0x32, 0x00, 0x10, 0x00, 0x06, 0x00, 0x00, 0x00, 0xf6, 0x0f, 0x10, // .....2..........
	0x00, 0x00, 0x00, 0x00, 0x00, 0x46, 0x00, 0x10, 0x00, 0x06, 0x00, 0x00, 0x00, 0x38, 0x00, 0x00, // .....F.......8..
	0x07, 0x82, 0x00, 0x10, 0x00, 0x00, 0x00, 0x00, 0x00, 0x1a, 0x00, 0x10, 0x00, 0x06, 0x00, 0x00, // ................
	0x00, 0x0a, 0x00, 0x10, 0x00, 0x06, 0x00, 0x00, 0x00, 0x1a, 0x00, 0x00, 0x05, 0x82, 0x00, 0x10, // ................
	0x00, 0x00, 0x00, 0x00, 0x00, 0x3a, 0x00, 0x10, 0x00, 0x00, 0x00, 0x00, 0x00, 0x00, 0x00, 0x00, // .....:..........
	0x0a, 0xf2, 0x00, 0x10, 0x00, 0x06, 0x00, 0x00, 0x00, 0x46, 0x04, 0x10, 0x00, 0x04, 0x00, 0x00, // .........F......
	0x00, 0x02, 0x40, 0x00, 0x00, 0x00, 0x00, 0x80, 0x3f, 0x00, 0x00, 0x00, 0x00, 0x00, 0x00, 0x00, // ..@.....?.......
	0x00, 0x00, 0x00, 0x80, 0x3f, 0x38, 0x00, 0x00, 0x0a, 0xf2, 0x00, 0x10, 0x00, 0x06, 0x00, 0x00, // ....?8..........
	0x00, 0x46, 0x0e, 0x10, 0x00, 0x06, 0x00, 0x00, 0x00, 0x02, 0x40, 0x00, 0x00, 0x14, 0xae, 0xf6, // .F........@.....
	0x42, 0xe1, 0x1a, 0xe4, 0x43, 0x14, 0xae, 0xf6, 0x42, 0xe1, 0x1a, 0xe4, 0x43, 0x1a, 0x00, 0x00, // B...C...B...C...
	0x05, 0xf2, 0x00, 0x10, 0x00, 0x06, 0x00, 0x00, 0x00, 0x46, 0x0e, 0x10, 0x00, 0x06, 0x00, 0x00, // .........F......
	0x00, 0x00, 0x00, 0x00, 0x0a, 0xf2, 0x00, 0x10, 0x00, 0x07, 0x00, 0x00, 0x00, 0x46, 0x0e, 0x10, // .............F..
	0x00, 0x06, 0x00, 0x00, 0x00, 0x02, 0x40, 0x00, 0x00, 0xae, 0x47, 0x35, 0x42, 0xae, 0x47, 0x35, // ......@...G5B.G5
	0x42, 0xae, 0x47, 0x35, 0x42, 0xae, 0x47, 0x35, 0x42, 0x0f, 0x00, 0x00, 0x07, 0x82, 0x00, 0x10, // B.G5B.G5B.......
	0x00, 0x02, 0x00, 0x00, 0x00, 0x46, 0x00, 0x10, 0x00, 0x06, 0x00, 0x00, 0x00, 0x46, 0x00, 0x10, // .....F.......F..
	0x00, 0x07, 0x00, 0x00, 0x00, 0x00, 0x00, 0x00, 0x07, 0x32, 0x00, 0x10, 0x00, 0x06, 0x00, 0x00, // .........2......
	0x00, 0xf6, 0x0f, 0x10, 0x00, 0x02, 0x00, 0x00, 0x00, 0x46, 0x00, 0x10, 0x00, 0x06, 0x00, 0x00, // .........F......
	0x00, 0x38, 0x00, 0x00, 0x07, 0x82, 0x00, 0x10, 0x00, 0x02, 0x00, 0x00, 0x00, 0x1a, 0x00, 0x10, // .8..............
	0x00, 0x06, 0x00, 0x00, 0x00, 0x0a, 0x00, 0x10, 0x00, 0x06, 0x00, 0x00, 0x00, 0x1a, 0x00, 0x00, // ................
	0x05, 0x82, 0x00, 0x10, 0x00, 0x02, 0x00, 0x00, 0x00, 0x3a, 0x00, 0x10, 0x00, 0x02, 0x00, 0x00, // .........:......
	0x00, 0x0f, 0x00, 0x00, 0x07, 0x82, 0x00, 0x10, 0x00, 0x03, 0x00, 0x00, 0x00, 0xe6, 0x0a, 0x10, // ................
	0x00, 0x06, 0x00, 0x00, 0x00, 0xe6, 0x0a, 0x10, 0x00, 0x07, 0x00, 0x00, 0x00, 0x00, 0x00, 0x00, // ................
	0x07, 0x32, 0x00, 0x10, 0x00, 0x06, 0x00, 0x00, 0x00, 0xf6, 0x0f, 0x10, 0x00, 0x03, 0x00, 0x00, // .2..............
	0x00, 0xe6, 0x0a, 0x10, 0x00, 0x06, 0x00, 0x00, 0x00, 0x38, 0x00, 0x00, 0x07, 0x82, 0x00, 0x10, // .........8......
	0x00, 0x03, 0x00, 0x00, 0x00, 0x1a, 0x00, 0x10, 0x00, 0x06, 0x00, 0x00, 0x00, 0x0a, 0x00, 0x10, // ................
	0x00, 0x06, 0x00, 0x00, 0x00, 0x1a, 0x00, 0x00, 0x05, 0x82, 0x00, 0x10, 0x00, 0x03, 0x00, 0x00, // ................
	0x00, 0x3a, 0x00, 0x10, 0x00, 0x03, 0x00, 0x00, 0x00, 0x00, 0x00, 0x00, 0x0a, 0x32, 0x00, 0x10, // .:...........2..
	0x00, 0x04, 0x00, 0x00, 0x00, 0x46, 0x00, 0x10, 0x00, 0x04, 0x00, 0x00, 0x00, 0x02, 0x40, 0x00, // .....F........@.
	0x00, 0x00, 0x00, 0x80, 0x3f, 0x00, 0x00, 0x80, 0x3f, 0x00, 0x00, 0x00, 0x00, 0x00, 0x00, 0x00, // ....?...?.......
	0x00, 0x38, 0x00, 0x00, 0x0a, 0x32, 0x00, 0x10, 0x00, 0x04, 0x00, 0x00, 0x00, 0x46, 0x00, 0x10, // .8...2.......F..
	0x00, 0x04, 0x00, 0x00, 0x00, 0x02, 0x40, 0x00, 0x00, 0x14, 0xae, 0xf6, 0x42, 0xe1, 0x1a, 0xe4, // ......@.....B...
	0x43, 0x00, 0x00, 0x00, 0x00, 0x00, 0x00, 0x00, 0x00, 0x1a, 0x00, 0x00, 0x05, 0x32, 0x00, 0x10, // C............2..
	0x00, 0x04, 0x00, 0x00, 0x00, 0x46, 0x00, 0x10, 0x00, 0x04, 0x00, 0x00, 0x00, 0x00, 0x00, 0x00, // .....F..........
	0x0a, 0x32, 0x00, 0x10, 0x00, 0x06, 0x00, 0x00, 0x00, 0x46, 0x00, 0x10, 0x00, 0x04, 0x00, 0x00, // .2.......F......
	0x00, 0x02, 0x40, 0x00, 0x00, 0xae, 0x47, 0x35, 0x42, 0xae, 0x47, 0x35, 0x42, 0x00, 0x00, 0x00, // ..@...G5B.G5B...
	0x00, 0x00, 0x00, 0x00, 0x00, 0x0f, 0x00, 0x00, 0x07, 0x12, 0x00, 0x10, 0x00, 0x06, 0x00, 0x00, // ................
	0x00, 0x46, 0x00, 0x10, 0x00, 0x04, 0x00, 0x00, 0x00, 0x46, 0x00, 0x10, 0x00, 0x06, 0x00, 0x00, // .F.......F......
	0x00, 0x00, 0x00, 0x00, 0x07, 0x32, 0x00, 0x10, 0x00, 0x04, 0x00, 0x00, 0x00, 0x46, 0x00, 0x10, // .....2.......F..
	0x00, 0x04, 0x00, 0x00, 0x00, 0x06, 0x00, 0x10, 0x00, 0x06, 0x00, 0x00, 0x00, 0x38, 0x00, 0x00, // .............8..
	0x07, 0x12, 0x00, 0x10, 0x00, 0x04, 0x00, 0x00, 0x00, 0x1a, 0x00, 0x10, 0x00, 0x04, 0x00, 0x00, // ................
	0x00, 0x0a, 0x00, 0x10, 0x00, 0x04, 0x00, 0x00, 0x00, 0x1a, 0x00, 0x00, 0x05, 0x12, 0x00, 0x10, // ................
	0x00, 0x04, 0x00, 0x00, 0x00, 0x0a, 0x00, 0x10, 0x00, 0x04, 0x00, 0x00, 0x00, 0x00, 0x00, 0x00, // ................
	0x08, 0x82, 0x00, 0x10, 0x00, 0x02, 0x00, 0x00, 0x00, 0x3a, 0x00, 0x10, 0x80, 0x41, 0x00, 0x00, // .........:...A..
	0x00, 0x00, 0x00, 0x00, 0x00, 0x3a, 0x00, 0x10, 0x00, 0x02, 0x00, 0x00, 0x00, 0x32, 0x00, 0x00, // .....:.......2..
	0x09, 0x82, 0x00, 0x10, 0x00, 0x00, 0x00, 0x00, 0x00, 0x2a, 0x00, 0x10, 0x00, 0x04, 0x00, 0x00, // .........*......
	0x00, 0x3a, 0x00, 0x10, 0x00, 0x02, 0x00, 0x00, 0x00, 0x3a, 0x00, 0x10, 0x00, 0x00, 0x00, 0x00, // .:.......:......
	0x00, 0x00, 0x00, 0x00, 0x08, 0x82, 0x00, 0x10, 0x00, 0x02, 0x00, 0x00, 0x00, 0x3a, 0x00, 0x10, // .............:..
	0x80, 0x41, 0x00, 0x00, 0x00, 0x03, 0x00, 0x00, 0x00, 0x0a, 0x00, 0x10, 0x00, 0x04, 0x00, 0x00, // .A..............
	0x00, 0x32, 0x00, 0x00, 0x09, 0x82, 0x00, 0x10, 0x00, 0x02, 0x00, 0x00, 0x00, 0x2a, 0x00, 0x10, // .2...........*..
	0x00, 0x04, 0x00, 0x00, 0x00, 0x3a, 0x00, 0x10, 0x00, 0x02, 0x00, 0x00, 0x00, 0x3a, 0x00, 0x10, // .....:.......:..
	0x00, 0x03, 0x00, 0x00, 0x00, 0x00, 0x00, 0x00, 0x08, 0x82, 0x00, 0x10, 0x00, 0x02, 0x00, 0x00, // ................
	0x00, 0x3a, 0x00, 0x10, 0x80, 0x41, 0x00, 0x00, 0x00, 0x00, 0x00, 0x00, 0x00, 0x3a, 0x00, 0x10, // .:...A.......:..
	0x00, 0x02, 0x00, 0x00, 0x00, 0x32, 0x00, 0x00, 0x09, 0x82, 0x00, 0x10, 0x00, 0x00, 0x00, 0x00, // .....2..........
	0x00, 0x3a, 0x00, 0x10, 0x00, 0x04, 0x00, 0x00, 0x00, 0x3a, 0x00, 0x10, 0x00, 0x02, 0x00, 0x00, // .:.......:......
	0x00, 0x3a, 0x00, 0x10, 0x00, 0x00, 0x00, 0x00, 0x00, 0x00, 0x00, 0x00, 0x07, 0x82, 0x00, 0x10, // .:..............
	0x00, 0x00, 0x00, 0x00, 0x00, 0x3a, 0x00, 0x10, 0x00, 0x00, 0x00, 0x00, 0x00, 0x01, 0x40, 0x00, // .....:........@.
	0x00, 0x00, 0x00, 0x00, 0xbf, 0x32, 0x00, 0x00, 0x09, 0x82, 0x00, 0x10, 0x00, 0x01, 0x00, 0x00, // .....2..........
	0x00, 0x3a, 0x00, 0x10, 0x00, 0x00, 0x00, 0x00, 0x00, 0x01, 0x40, 0x00, 0x00, 0xcd, 0xcc, 0xcc, // .:........@.....
	0x3d, 0x3a, 0x00, 0x10, 0x00, 0x01, 0x00, 0x00, 0x00, 0x10, 0x00, 0x00, 0x07, 0x82, 0x00, 0x10, // =:..............
	0x00, 0x02, 0x00, 0x00, 0x00, 0x46, 0x02, 0x10, 0x00, 0x01, 0x00, 0x00, 0x00, 0x46, 0x02, 0x10, // .....F.......F..
	0x00, 0x03, 0x00, 0x00, 0x00, 0x34, 0x00, 0x00, 0x07, 0x82, 0x00, 0x10, 0x00, 0x02, 0x00, 0x00, // .....4..........
	0x00, 0x3a, 0x00, 0x10, 0x00, 0x02, 0x00, 0x00, 0x00, 0x01, 0x40, 0x00, 0x00, 0x00, 0x00, 0x00, // .:........@.....
	0x00, 0x00, 0x00, 0x00, 0x0b, 0x32, 0x00, 0x10, 0x00, 0x04, 0x00, 0x00, 0x00, 0xf6, 0x0f, 0x10, // .....2..........
	0x80, 0x41, 0x00, 0x00, 0x00, 0x02, 0x00, 0x00, 0x00, 0x02, 0x40, 0x00, 0x00, 0x9a, 0x99, 0x19, // .A........@.....
	0x3f, 0x00, 0x00, 0x00, 0x3f, 0x00, 0x00, 0x00, 0x00, 0x00, 0x00, 0x00, 0x00, 0x38, 0x20, 0x00, // ?...?........8 .
	0x0a, 0x32, 0x00, 0x10, 0x00, 0x04, 0x00, 0x00, 0x00, 0x46, 0x00, 0x10, 0x00, 0x04, 0x00, 0x00, // .2.......F......
	0x00, 0x02, 0x40, 0x00, 0x00, 0x00, 0x00, 0x20, 0x40, 0xfe, 0xff, 0x1f, 0x41, 0x00, 0x00, 0x00, // ..@.... @...A...
	0x00, 0x00, 0x00, 0x00, 0x00, 0x32, 0x00, 0x00, 0x0f, 0xc2, 0x00, 0x10, 0x00, 0x04, 0x00, 0x00, // .....2..........
	0x00, 0x06, 0x04, 0x10, 0x00, 0x04, 0x00, 0x00, 0x00, 0x02, 0x40, 0x00, 0x00, 0x00, 0x00, 0x00, // ..........@.....
	0x00, 0x00, 0x00, 0x00, 0x00, 0x00, 0x00, 0x00, 0xc0, 0x00, 0x00, 0x00, 0xc0, 0x02, 0x40, 0x00, // ..............@.
	0x00, 0x00, 0x00, 0x00, 0x00, 0x00, 0x00, 0x00, 0x00, 0x00, 0x00, 0x40, 0x40, 0x00, 0x00, 0x40, // ...........@@..@
	0x40, 0x38, 0x00, 0x00, 0x07, 0x32, 0x00, 0x10, 0x00, 0x04, 0x00, 0x00, 0x00, 0x46, 0x00, 0x10, // @8...2.......F..
	0x00, 0x04, 0x00, 0x00, 0x00, 0x46, 0x00, 0x10, 0x00, 0x04, 0x00, 0x00, 0x00, 0x38, 0x00, 0x00, // .....F.......8..
	0x07, 0x32, 0x00, 0x10, 0x00, 0x04, 0x00, 0x00, 0x00, 0x46, 0x00, 0x10, 0x00, 0x04, 0x00, 0x00, // .2.......F......
	0x00, 0xe6, 0x0a, 0x10, 0x00, 0x04, 0x00, 0x00, 0x00, 0x38, 0x00, 0x00, 0x0a, 0x32, 0x00, 0x10, // .........8...2..
	0x00, 0x04, 0x00, 0x00, 0x00, 0x46, 0x00, 0x10, 0x00, 0x04, 0x00, 0x00, 0x00, 0x02, 0x40, 0x00, // .....F........@.
	0x00, 0x00, 0x00, 0x00, 0x3f, 0xcd, 0xcc, 0x4c, 0x3f, 0x00, 0x00, 0x00, 0x00, 0x00, 0x00, 0x00, // ....?..L?.......
	0x00, 0x32, 0x20, 0x00, 0x0a, 0x82, 0x00, 0x10, 0x00, 0x01, 0x00, 0x00, 0x00, 0x3a, 0x00, 0x10, // .2 ..........:..
	0x00, 0x01, 0x00, 0x00, 0x00, 0x1a, 0x80, 0x20, 0x00, 0x00, 0x00, 0x00, 0x00, 0x06, 0x00, 0x00, // ....... ........
	0x00, 0x0a, 0x00, 0x10, 0x00, 0x04, 0x00, 0x00, 0x00, 0x32, 0x00, 0x00, 0x0f, 0xd2, 0x00, 0x10, // .........2......
	0x00, 0x04, 0x00, 0x00, 0x00, 0xf6, 0x0f, 0x10, 0x00, 0x01, 0x00, 0x00, 0x00, 0x02, 0x40, 0x00, // ..............@.
	0x00, 0x99, 0x99, 0x59, 0xbf, 0x00, 0x00, 0x00, 0x00, 0x29, 0x5c, 0x4f, 0xbf, 0x47, 0xe1, 0x3a, // ...Y.....).O.G.:
	0xbf, 0x02, 0x40, 0x00, 0x00, 0x33, 0x33, 0x73, 0x3f, 0x00, 0x00, 0x00, 0x00, 0xc3, 0xf5, 0x68, // ..@..33s?......h
	0x3f, 0xe1, 0x7a, 0x54, 0x3f, 0x32, 0x00, 0x00, 0x0c, 0xd2, 0x00, 0x10, 0x00, 0x04, 0x00, 0x00, // ?.zT?2..........
	0x00, 0xf6, 0x0f, 0x10, 0x00, 0x00, 0x00, 0x00, 0x00, 0x02, 0x40, 0x00, 0x00, 0xcd, 0xcc, 0x4c, // ..........@....L
	0x3d, 0x00, 0x00, 0x00, 0x00, 0xcd, 0xcc, 0x4c, 0x3d, 0xcd, 0xcc, 0x4c, 0x3d, 0x06, 0x0e, 0x10, // =......L=..L=...
	0x00, 0x04, 0x00, 0x00, 0x00, 0x00, 0x00, 0x00, 0x0b, 0x72, 0x00, 0x10, 0x00, 0x06, 0x00, 0x00, // .........r......
	0x00, 0x86, 0x03, 0x10, 0x80, 0x41, 0x00, 0x00, 0x00, 0x04, 0x00, 0x00, 0x00, 0x02, 0x40, 0x00, // .....A........@.
	0x00, 0xcd, 0xcc, 0xcc, 0x3d, 0xcd, 0xcc, 0xcc, 0x3d, 0xcd, 0xcc, 0xcc, 0x3d, 0x00, 0x00, 0x00, // ....=...=...=...
	0x00, 0x32, 0x00, 0x00, 0x09, 0x72, 0x20, 0x10, 0x00, 0x00, 0x00, 0x00, 0x00, 0x56, 0x05, 0x10, // .2...r ......V..
	0x00, 0x04, 0x00, 0x00, 0x00, 0x46, 0x02, 0x10, 0x00, 0x06, 0x00, 0x00, 0x00, 0x86, 0x03, 0x10, // .....F..........
	0x00, 0x04, 0x00, 0x00, 0x00, 0x36, 0x00, 0x00, 0x05, 0x82, 0x20, 0x10, 0x00, 0x00, 0x00, 0x00, // .....6.... .....
	0x00, 0x01, 0x40, 0x00, 0x00, 0x00, 0x00, 0x80, 0x3f, 0x12, 0x00, 0x00, 0x01, 0x31, 0x00, 0x00, // ..@.....?....1..
	0x08, 0x82, 0x00, 0x10, 0x00, 0x00, 0x00, 0x00, 0x00, 0x0a, 0x80, 0x20, 0x00, 0x00, 0x00, 0x00, // ........... ....
	0x00, 0x04, 0x00, 0x00, 0x00, 0x01, 0x40, 0x00, 0x00, 0x00, 0x00, 0xd0, 0x40, 0x1f, 0x00, 0x04, // ......@.....@...
	0x03, 0x3a, 0x00, 0x10, 0x00, 0x00, 0x00, 0x00, 0x00, 0x10, 0x00, 0x00, 0x07, 0x82, 0x00, 0x10, // .:..............
	0x00, 0x00, 0x00, 0x00, 0x00, 0x46, 0x02, 0x10, 0x00, 0x01, 0x00, 0x00, 0x00, 0x46, 0x02, 0x10, // .....F.......F..
	0x00, 0x03, 0x00, 0x00, 0x00, 0x34, 0x00, 0x00, 0x07, 0x82, 0x00, 0x10, 0x00, 0x00, 0x00, 0x00, // .....4..........
	0x00, 0x3a, 0x00, 0x10, 0x00, 0x00, 0x00, 0x00, 0x00, 0x01, 0x40, 0x00, 0x00, 0x00, 0x00, 0x00, // .:........@.....
	0x00, 0x00, 0x00, 0x00, 0x08, 0x82, 0x00, 0x10, 0x00, 0x00, 0x00, 0x00, 0x00, 0x3a, 0x00, 0x10, // .............:..
	0x80, 0x41, 0x00, 0x00, 0x00, 0x00, 0x00, 0x00, 0x00, 0x01, 0x40, 0x00, 0x00, 0x00, 0x00, 0x80, // .A........@.....
	0x3f, 0x34, 0x00, 0x00, 0x07, 0x82, 0x00, 0x10, 0x00, 0x00, 0x00, 0x00, 0x00, 0x3a, 0x00, 0x10, // ?4...........:..
	0x00, 0x00, 0x00, 0x00, 0x00, 0x01, 0x40, 0x00, 0x00, 0x00, 0x00, 0x00, 0x00, 0x38, 0x00, 0x00, // ......@......8..
	0x07, 0x82, 0x00, 0x10, 0x00, 0x00, 0x00, 0x00, 0x00, 0x3a, 0x00, 0x10, 0x00, 0x00, 0x00, 0x00, // .........:......
	0x00, 0x3a, 0x00, 0x10, 0x00, 0x00, 0x00, 0x00, 0x00, 0x38, 0x00, 0x00, 0x08, 0x72, 0x00, 0x10, // .:.......8...r..
	0x00, 0x04, 0x00, 0x00, 0x00, 0xf6, 0x0f, 0x10, 0x00, 0x00, 0x00, 0x00, 0x00, 0x46, 0x82, 0x20, // .............F. 
	0x00, 0x00, 0x00, 0x00, 0x00, 0x05, 0x00, 0x00, 0x00, 0x7a, 0x00, 0x00, 0x05, 0x72, 0x00, 0x10, // .........z...r..
	0x00, 0x06, 0x00, 0x00, 0x00, 0x46, 0x12, 0x10, 0x00, 0x01, 0x00, 0x00, 0x00, 0x7c, 0x00, 0x00, // .....F.......|..
	0x05, 0x72, 0x00, 0x10, 0x00, 0x07, 0x00, 0x00, 0x00, 0x46, 0x12, 0x10, 0x00, 0x01, 0x00, 0x00, // .r.......F......
	0x00, 0x00, 0x00, 0x00, 0x09, 0x72, 0x00, 0x10, 0x00, 0x06, 0x00, 0x00, 0x00, 0x46, 0x02, 0x10, // .....r.......F..
	0x80, 0x81, 0x00, 0x00, 0x00, 0x06, 0x00, 0x00, 0x00, 0x46, 0x02, 0x10, 0x80, 0x81, 0x00, 0x00, // .........F......
	0x00, 0x07, 0x00, 0x00, 0x00, 0x38, 0x00, 0x00, 0x0a, 0x72, 0x00, 0x10, 0x00, 0x06, 0x00, 0x00, // .....8...r......
	0x00, 0x46, 0x02, 0x10, 0x00, 0x06, 0x00, 0x00, 0x00, 0x02, 0x40, 0x00, 0x00, 0x9a, 0x99, 0x99, // .F........@.....
	0x3f, 0x9a, 0x99, 0x99, 0x3f, 0x9a, 0x99, 0x99, 0x3f, 0x00, 0x00, 0x00, 0x00, 0x0e, 0x00, 0x00, // ?...?...?.......
	0x0a, 0x72, 0x00, 0x10, 0x00, 0x06, 0x00, 0x00, 0x00, 0x02, 0x40, 0x00, 0x00, 0x00, 0x00, 0x80, // .r........@.....
	0x3f, 0x00, 0x00, 0x80, 0x3f, 0x00, 0x00, 0x80, 0x3f, 0x00, 0x00, 0x80, 0x3f, 0x46, 0x02, 0x10, // ?...?...?...?F..
	0x00, 0x06, 0x00, 0x00, 0x00, 0x38, 0x20, 0x00, 0x07, 0x72, 0x00, 0x10, 0x00, 0x06, 0x00, 0x00, // .....8 ..r......
	0x00, 0x46, 0x02, 0x10, 0x00, 0x06, 0x00, 0x00, 0x00, 0x46, 0x12, 0x10, 0x00, 0x01, 0x00, 0x00, // .F.......F......
	0x00, 0x32, 0x00, 0x00, 0x0f, 0x72, 0x00, 0x10, 0x00, 0x07, 0x00, 0x00, 0x00, 0x46, 0x02, 0x10, // .2...r.......F..
	0x00, 0x06, 0x00, 0x00, 0x00, 0x02, 0x40, 0x00, 0x00, 0x00, 0x00, 0x00, 0xc0, 0x00, 0x00, 0x00, // ......@.........
	0xc0, 0x00, 0x00, 0x00, 0xc0, 0x00, 0x00, 0x00, 0x00, 0x02, 0x40, 0x00, 0x00, 0x00, 0x00, 0x40, // ..........@....@
	0x40, 0x00, 0x00, 0x40, 0x40, 0x00, 0x00, 0x40, 0x40, 0x00, 0x00, 0x00, 0x00, 0x38, 0x00, 0x00, // @..@@..@@....8..
	0x07, 0x72, 0x00, 0x10, 0x00, 0x06, 0x00, 0x00, 0x00, 0x46, 0x02, 0x10, 0x00, 0x06, 0x00, 0x00, // .r.......F......
	0x00, 0x46, 0x02, 0x10, 0x00, 0x06, 0x00, 0x00, 0x00, 0x38, 0x00, 0x00, 0x07, 0x72, 0x00, 0x10, // .F.......8...r..
	0x00, 0x06, 0x00, 0x00, 0x00, 0x46, 0x02, 0x10, 0x00, 0x06, 0x00, 0x00, 0x00, 0x46, 0x02, 0x10, // .....F.......F..
	0x00, 0x07, 0x00, 0x00, 0x00, 0x33, 0x00, 0x00, 0x07, 0x82, 0x00, 0x10, 0x00, 0x01, 0x00, 0x00, // .....3..........
	0x00, 0x1a, 0x00, 0x10, 0x00, 0x06, 0x00, 0x00, 0x00, 0x0a, 0x00, 0x10, 0x00, 0x06, 0x00, 0x00, // ................
	0x00, 0x33, 0x00, 0x00, 0x07, 0x82, 0x00, 0x10, 0x00, 0x01, 0x00, 0x00, 0x00, 0x2a, 0x00, 0x10, // .3...........*..
	0x00, 0x06, 0x00, 0x00, 0x00, 0x3a, 0x00, 0x10, 0x00, 0x01, 0x00, 0x00, 0x00, 0x00, 0x00, 0x00, // .....:..........
	0x08, 0x82, 0x00, 0x10, 0x00, 0x01, 0x00, 0x00, 0x00, 0x3a, 0x00, 0x10, 0x80, 0x41, 0x00, 0x00, // .........:...A..
	0x00, 0x01, 0x00, 0x00, 0x00, 0x01, 0x40, 0x00, 0x00, 0x00, 0x00, 0x80, 0x3f, 0x32, 0x00, 0x00, // ......@.....?2..
	0x0c, 0x72, 0x00, 0x10, 0x00, 0x06, 0x00, 0x00, 0x00, 0x46, 0x82, 0x20, 0x80, 0x41, 0x00, 0x00, // .r.......F. .A..
	0x00, 0x00, 0x00, 0x00, 0x00, 0x05, 0x00, 0x00, 0x00, 0xf6, 0x0f, 0x10, 0x00, 0x00, 0x00, 0x00, // ................
	0x00, 0x46, 0x82, 0x20, 0x00, 0x00, 0x00, 0x00, 0x00, 0x05, 0x00, 0x00, 0x00, 0x32, 0x00, 0x00, // .F. .........2..
	0x09, 0x72, 0x20, 0x10, 0x00, 0x00, 0x00, 0x00, 0x00, 0xf6, 0x0f, 0x10, 0x00, 0x01, 0x00, 0x00, // .r .............
	0x00, 0x46, 0x02, 0x10, 0x00, 0x06, 0x00, 0x00, 0x00, 0x46, 0x02, 0x10, 0x00, 0x04, 0x00, 0x00, // .F.......F......
	0x00, 0x38, 0x00, 0x00, 0x08, 0x82, 0x20, 0x10, 0x00, 0x00, 0x00, 0x00, 0x00, 0x3a, 0x10, 0x10, // .8.... ......:..
	0x00, 0x02, 0x00, 0x00, 0x00, 0x3a, 0x80, 0x20, 0x00, 0x00, 0x00, 0x00, 0x00, 0x01, 0x00, 0x00, // .....:. ........
	0x00, 0x12, 0x00, 0x00, 0x01, 0x31, 0x00, 0x00, 0x08, 0x82, 0x00, 0x10, 0x00, 0x00, 0x00, 0x00, // .....1..........
	0x00, 0x0a, 0x80, 0x20, 0x00, 0x00, 0x00, 0x00, 0x00, 0x04, 0x00, 0x00, 0x00, 0x01, 0x40, 0x00, // ... ..........@.
	0x00, 0x00, 0x00, 0xf0, 0x40, 0x1f, 0x00, 0x04, 0x03, 0x3a, 0x00, 0x10, 0x00, 0x00, 0x00, 0x00, // ....@....:......
	0x00, 0x0d, 0x00, 0x04, 0x03, 0x1a, 0x00, 0x10, 0x00, 0x00, 0x00, 0x00, 0x00, 0x37, 0x00, 0x00, // .............7..
	0x09, 0x22, 0x00, 0x10, 0x00, 0x00, 0x00, 0x00, 0x00, 0x0a, 0x00, 0x10, 0x00, 0x00, 0x00, 0x00, // ."..............
	0x00, 0x2a, 0x00, 0x10, 0x00, 0x00, 0x00, 0x00, 0x00, 0x2a, 0x10, 0x10, 0x00, 0x00, 0x00, 0x00, // .*.......*......
	0x00, 0x00, 0x00, 0x00, 0x0b, 0x72, 0x20, 0x10, 0x00, 0x00, 0x00, 0x00, 0x00, 0x56, 0x05, 0x10, // .....r ......V..
	0x80, 0x41, 0x00, 0x00, 0x00, 0x00, 0x00, 0x00, 0x00, 0x02, 0x40, 0x00, 0x00, 0x00, 0x00, 0x80, // .A........@.....
	0x3f, 0x00, 0x00, 0x80, 0x3f, 0x00, 0x00, 0x80, 0x3f, 0x00, 0x00, 0x00, 0x00, 0x36, 0x00, 0x00, // ?...?...?....6..
	0x05, 0x82, 0x20, 0x10, 0x00, 0x00, 0x00, 0x00, 0x00, 0x01, 0x40, 0x00, 0x00, 0x00, 0x00, 0x80, // .. .......@.....
	0x3f, 0x12, 0x00, 0x00, 0x01, 0x36, 0x20, 0x00, 0x06, 0x22, 0x00, 0x10, 0x00, 0x00, 0x00, 0x00, // ?....6 .."......
	0x00, 0x3a, 0x80, 0x20, 0x00, 0x00, 0x00, 0x00, 0x00, 0x04, 0x00, 0x00, 0x00, 0x10, 0x00, 0x00, // .:. ............
	0x07, 0x82, 0x00, 0x10, 0x00, 0x00, 0x00, 0x00, 0x00, 0x46, 0x02, 0x10, 0x00, 0x01, 0x00, 0x00, // .........F......
	0x00, 0x46, 0x02, 0x10, 0x00, 0x03, 0x00, 0x00, 0x00, 0x38, 0x00, 0x00, 0x08, 0x12, 0x00, 0x10, // .F.......8......
	0x00, 0x01, 0x00, 0x00, 0x00, 0x3a, 0x00, 0x10, 0x80, 0x81, 0x00, 0x00, 0x00, 0x00, 0x00, 0x00, // .....:..........
	0x00, 0x01, 0x40, 0x00, 0x00, 0x00, 0x00, 0xa0, 0x40, 0x33, 0x00, 0x00, 0x07, 0x12, 0x00, 0x10, // ..@.....@3......
	0x00, 0x01, 0x00, 0x00, 0x00, 0x0a, 0x00, 0x10, 0x00, 0x01, 0x00, 0x00, 0x00, 0x01, 0x40, 0x00, // ..............@.
	0x00, 0x00, 0x00, 0x80, 0x3f, 0x32, 0x00, 0x00, 0x09, 0x22, 0x00, 0x10, 0x00, 0x01, 0x00, 0x00, // ....?2..."......
	0x00, 0x0a, 0x00, 0x10, 0x00, 0x01, 0x00, 0x00, 0x00, 0x01, 0x40, 0x00, 0x00, 0x00, 0x00, 0x00, // ..........@.....
	0xc0, 0x01, 0x40, 0x00, 0x00, 0x00, 0x00, 0x40, 0x40, 0x38, 0x00, 0x00, 0x07, 0x12, 0x00, 0x10, // ..@....@@8......
	0x00, 0x01, 0x00, 0x00, 0x00, 0x0a, 0x00, 0x10, 0x00, 0x01, 0x00, 0x00, 0x00, 0x0a, 0x00, 0x10, // ................
	0x00, 0x01, 0x00, 0x00, 0x00, 0x32, 0x00, 0x00, 0x0a, 0x12, 0x00, 0x10, 0x00, 0x01, 0x00, 0x00, // .....2..........
	0x00, 0x1a, 0x00, 0x10, 0x80, 0x41, 0x00, 0x00, 0x00, 0x01, 0x00, 0x00, 0x00, 0x0a, 0x00, 0x10, // .....A..........
	0x00, 0x01, 0x00, 0x00, 0x00, 0x01, 0x40, 0x00, 0x00, 0x00, 0x00, 0x80, 0x3f, 0x00, 0x00, 0x00, // ......@.....?...
	0x08, 0xe2, 0x00, 0x10, 0x00, 0x01, 0x00, 0x00, 0x00, 0x06, 0x09, 0x10, 0x00, 0x02, 0x00, 0x00, // ................
	0x00, 0x06, 0x89, 0x20, 0x00, 0x00, 0x00, 0x00, 0x00, 0x03, 0x00, 0x00, 0x00, 0x10, 0x00, 0x00, // ... ............
	0x07, 0x22, 0x00, 0x10, 0x00, 0x01, 0x00, 0x00, 0x00, 0x96, 0x07, 0x10, 0x00, 0x01, 0x00, 0x00, // ."..............
	0x00, 0x96, 0x07, 0x10, 0x00, 0x01, 0x00, 0x00, 0x00, 0x4b, 0x00, 0x00, 0x05, 0x22, 0x00, 0x10, // .........K..."..
	0x00, 0x01, 0x00, 0x00, 0x00, 0x1a, 0x00, 0x10, 0x00, 0x01, 0x00, 0x00, 0x00, 0x38, 0x00, 0x00, // .............8..
	0x07, 0x22, 0x00, 0x10, 0x00, 0x01, 0x00, 0x00, 0x00, 0x1a, 0x00, 0x10, 0x00, 0x01, 0x00, 0x00, // ."..............
	0x00, 0x01, 0x40, 0x00, 0x00, 0xcd, 0xcc, 0x4c, 0x3e, 0x33, 0x00, 0x00, 0x07, 0x22, 0x00, 0x10, // ..@....L>3..."..
	0x00, 0x01, 0x00, 0x00, 0x00, 0x1a, 0x00, 0x10, 0x00, 0x01, 0x00, 0x00, 0x00, 0x01, 0x40, 0x00, // ..............@.
	0x00, 0x00, 0x00, 0x80, 0x3f, 0x32, 0x00, 0x00, 0x09, 0x42, 0x00, 0x10, 0x00, 0x01, 0x00, 0x00, // ....?2...B......
	0x00, 0x1a, 0x00, 0x10, 0x00, 0x01, 0x00, 0x00, 0x00, 0x01, 0x40, 0x00, 0x00, 0x00, 0x00, 0x00, // ..........@.....
	0xc0, 0x01, 0x40, 0x00, 0x00, 0x00, 0x00, 0x40, 0x40, 0x38, 0x00, 0x00, 0x07, 0x22, 0x00, 0x10, // ..@....@@8..."..
	0x00, 0x01, 0x00, 0x00, 0x00, 0x1a, 0x00, 0x10, 0x00, 0x01, 0x00, 0x00, 0x00, 0x1a, 0x00, 0x10, // ................
	0x00, 0x01, 0x00, 0x00, 0x00, 0x32, 0x00, 0x00, 0x0a, 0x22, 0x00, 0x10, 0x00, 0x01, 0x00, 0x00, // .....2..."......
	0x00, 0x2a, 0x00, 0x10, 0x80, 0x41, 0x00, 0x00, 0x00, 0x01, 0x00, 0x00, 0x00, 0x1a, 0x00, 0x10, // .*...A..........
	0x00, 0x01, 0x00, 0x00, 0x00, 0x01, 0x40, 0x00, 0x00, 0x00, 0x00, 0x80, 0x3f, 0x00, 0x00, 0x00, // ......@.....?...
	0x08, 0x22, 0x00, 0x10, 0x00, 0x01, 0x00, 0x00, 0x00, 0x0a, 0x00, 0x10, 0x80, 0x41, 0x00, 0x00, // ."...........A..
	0x00, 0x01, 0x00, 0x00, 0x00, 0x1a, 0x00, 0x10, 0x00, 0x01, 0x00, 0x00, 0x00, 0x32, 0x00, 0x00, // .............2..
	0x09, 0x22, 0x00, 0x10, 0x00, 0x00, 0x00, 0x00, 0x00, 0x1a, 0x00, 0x10, 0x00, 0x00, 0x00, 0x00, // ."..............
	0x00, 0x1a, 0x00, 0x10, 0x00, 0x01, 0x00, 0x00, 0x00, 0x0a, 0x00, 0x10, 0x00, 0x01, 0x00, 0x00, // ................
	0x00, 0x32, 0x00, 0x00, 0x10, 0xe2, 0x00, 0x10, 0x00, 0x01, 0x00, 0x00, 0x00, 0xf6, 0x0f, 0x10, // .2..............
	0x80, 0x81, 0x00, 0x00, 0x00, 0x00, 0x00, 0x00, 0x00, 0x02, 0x40, 0x00, 0x00, 0x00, 0x00, 0x00, // ..........@.....
	0x00, 0xb9, 0x1e, 0x45, 0x3f, 0x86, 0xeb, 0x11, 0x3f, 0x9a, 0x99, 0x99, 0x3e, 0x02, 0x40, 0x00, // ...E?...?...>.@.
	0x00, 0x00, 0x00, 0x00, 0x00, 0x0a, 0xd7, 0xa3, 0x3d, 0x33, 0x33, 0xb3, 0x3e, 0x33, 0x33, 0x33, // ........=33.>333
	0x3f, 0x00, 0x00, 0x00, 0x09, 0xe2, 0x00, 0x10, 0x00, 0x01, 0x00, 0x00, 0x00, 0x56, 0x0e, 0x10, // ?............V..
	0x00, 0x01, 0x00, 0x00, 0x00, 0x06, 0x89, 0x20, 0x80, 0x41, 0x00, 0x00, 0x00, 0x00, 0x00, 0x00, // ....... .A......
	0x00, 0x01, 0x00, 0x00, 0x00, 0x32, 0x00, 0x00, 0x0b, 0xe2, 0x00, 0x10, 0x00, 0x01, 0x00, 0x00, // .....2..........
	0x00, 0xf6, 0x0f, 0x10, 0x80, 0x81, 0x00, 0x00, 0x00, 0x00, 0x00, 0x00, 0x00, 0x56, 0x0e, 0x10, // .............V..
	0x00, 0x01, 0x00, 0x00, 0x00, 0x06, 0x89, 0x20, 0x00, 0x00, 0x00, 0x00, 0x00, 0x01, 0x00, 0x00, // ....... ........
	0x00, 0x00, 0x00, 0x00, 0x07, 0x72, 0x00, 0x10, 0x00, 0x02, 0x00, 0x00, 0x00, 0x46, 0x12, 0x10, // .....r.......F..
	0x00, 0x05, 0x00, 0x00, 0x00, 0x46, 0x12, 0x10, 0x00, 0x05, 0x00, 0x00, 0x00, 0x4d, 0x00, 0x00, // .....F.......M..
	0x06, 0x72, 0x00, 0x10, 0x00, 0x02, 0x00, 0x00, 0x00, 0x00, 0xd0, 0x00, 0x00, 0x46, 0x02, 0x10, // .r...........F..
	0x00, 0x02, 0x00, 0x00, 0x00, 0x38, 0x00, 0x00, 0x07, 0x82, 0x00, 0x10, 0x00, 0x00, 0x00, 0x00, // .....8..........
	0x00, 0x1a, 0x00, 0x10, 0x00, 0x02, 0x00, 0x00, 0x00, 0x0a, 0x00, 0x10, 0x00, 0x02, 0x00, 0x00, // ................
	0x00, 0x38, 0x00, 0x00, 0x07, 0x82, 0x00, 0x10, 0x00, 0x00, 0x00, 0x00, 0x00, 0x2a, 0x00, 0x10, // .8...........*..
	0x00, 0x02, 0x00, 0x00, 0x00, 0x3a, 0x00, 0x10, 0x00, 0x00, 0x00, 0x00, 0x00, 0x38, 0x00, 0x00, // .....:.......8..
	0x07, 0x12, 0x00, 0x10, 0x00, 0x01, 0x00, 0x00, 0x00, 0x0a, 0x00, 0x10, 0x00, 0x01, 0x00, 0x00, // ................
	0x00, 0x01, 0x40, 0x00, 0x00, 0xcd, 0xcc, 0x4c, 0x3e, 0x32, 0x00, 0x00, 0x09, 0x82, 0x00, 0x10, // ..@....L>2......
	0x00, 0x00, 0x00, 0x00, 0x00, 0x3a, 0x00, 0x10, 0x00, 0x00, 0x00, 0x00, 0x00, 0x01, 0x40, 0x00, // .....:........@.
	0x00, 0xcd, 0xcc, 0xcc, 0x3d, 0x0a, 0x00, 0x10, 0x00, 0x01, 0x00, 0x00, 0x00, 0x00, 0x00, 0x00, // ....=...........
	0x07, 0x72, 0x20, 0x10, 0x00, 0x00, 0x00, 0x00, 0x00, 0xf6, 0x0f, 0x10, 0x00, 0x00, 0x00, 0x00, // .r .............
	0x00, 0x96, 0x07, 0x10, 0x00, 0x01, 0x00, 0x00, 0x00, 0x38, 0x00, 0x00, 0x07, 0x22, 0x00, 0x10, // .........8..."..
	0x00, 0x00, 0x00, 0x00, 0x00, 0x1a, 0x00, 0x10, 0x00, 0x00, 0x00, 0x00, 0x00, 0x01, 0x40, 0x00, // ..............@.
	0x00, 0x33, 0x33, 0x33, 0x3f, 0x34, 0x00, 0x00, 0x07, 0x22, 0x00, 0x10, 0x00, 0x00, 0x00, 0x00, // .333?4..."......
	0x00, 0x1a, 0x00, 0x10, 0x00, 0x00, 0x00, 0x00, 0x00, 0x01, 0x40, 0x00, 0x00, 0xcd, 0xcc, 0xcc, // ..........@.....
	0x3d, 0x33, 0x00, 0x00, 0x07, 0x82, 0x20, 0x10, 0x00, 0x00, 0x00, 0x00, 0x00, 0x1a, 0x00, 0x10, // =3.... .........
	0x00, 0x00, 0x00, 0x00, 0x00, 0x01, 0x40, 0x00, 0x00, 0x33, 0x33, 0x33, 0x3f, 0x15, 0x00, 0x00, // ......@..333?...
	0x01, 0x15, 0x00, 0x00, 0x01, 0x15, 0x00, 0x00, 0x01, 0x15, 0x00, 0x00, 0x01, 0x15, 0x00, 0x00, // ................
	0x01, 0x15, 0x00, 0x00, 0x01, 0x15, 0x00, 0x00, 0x01, 0x15, 0x00, 0x00, 0x01, 0x37, 0x00, 0x00, // .............7..
	0x08, 0x01, 0xc0, 0x00, 0x00, 0x0a, 0x00, 0x10, 0x00, 0x00, 0x00, 0x00, 0x00, 0x2a, 0x00, 0x10, // .............*..
	0x00, 0x00, 0x00, 0x00, 0x00, 0x2a, 0x10, 0x10, 0x00, 0x00, 0x00, 0x00, 0x00, 0x3e, 0x00, 0x00, // .....*.......>..
	0x01, 0x00, 0x00, 0x80, 0x00,                                                                   // .....
};

static const uint8_t fs_cad_styles_glsl[15253] =
{
	0x46, 0x53, 0x48, 0x0b, 0xa4, 0xd7, 0x54, 0x84, 0x00, 0x00, 0x00, 0x00, 0x08, 0x00, 0x09, 0x75, // FSH...T........u
	0x4c, 0x6f, 0x67, 0x44, 0x65, 0x70, 0x74, 0x68, 0x02, 0x01, 0x00, 0x00, 0x01, 0x00, 0x00, 0x00, // LogDepth........
	0x00, 0x00, 0x0b, 0x75, 0x5f, 0x62, 0x61, 0x73, 0x65, 0x43, 0x6f, 0x6c, 0x6f, 0x72, 0x02, 0x01, // ...u_baseColor..
	0x00, 0x00, 0x01, 0x00, 0x00, 0x00, 0x00, 0x00, 0x0a, 0x75, 0x5f, 0x6c, 0x69, 0x67, 0x68, 0x74, // .........u_light
	0x44, 0x69, 0x72, 0x02, 0x01, 0x00, 0x00, 0x01, 0x00, 0x00, 0x00, 0x00, 0x00, 0x0b, 0x75, 0x5f, // Dir...........u_
	0x63, 0x61, 0x6d, 0x65, 0x72, 0x61, 0x50, 0x6f, 0x73, 0x02, 0x01, 0x00, 0x00, 0x01, 0x00, 0x00, // cameraPos.......
	0x00, 0x00, 0x00, 0x0d, 0x75, 0x5f, 0x73, 0x74, 0x79, 0x6c, 0x65, 0x50, 0x61, 0x72, 0x61, 0x6d, // ....u_styleParam
	0x73, 0x02, 0x01, 0x00, 0x00, 0x01, 0x00, 0x00, 0x00, 0x00, 0x00, 0x10, 0x75, 0x5f, 0x77, 0x69, // s...........u_wi
	0x72, 0x65, 0x66, 0x72, 0x61, 0x6d, 0x65, 0x43, 0x6f, 0x6c, 0x6f, 0x72, 0x02, 0x01, 0x00, 0x00, // reframeColor....
	0x01, 0x00, 0x00, 0x00, 0x00, 0x00, 0x0e, 0x75, 0x5f, 0x73, 0x74, 0x72, 0x6f, 0x6b, 0x65, 0x50, // .......u_strokeP
	0x61, 0x72, 0x61, 0x6d, 0x73, 0x02, 0x01, 0x00, 0x00, 0x01, 0x00, 0x00, 0x00, 0x00, 0x00, 0x0b, // arams...........
	0x75, 0x5f, 0x66, 0x6c, 0x61, 0x74, 0x53, 0x68, 0x61, 0x64, 0x65, 0x02, 0x01, 0x00, 0x00, 0x01, // u_flatShade.....
	0x00, 0x00, 0x00, 0x00, 0x00, 0xcb, 0x3a, 0x00, 0x00, 0x76, 0x61, 0x72, 0x79, 0x69, 0x6e, 0x67, // ......:..varying
	0x20, 0x76, 0x65, 0x63, 0x33, 0x20, 0x76, 0x5f, 0x62, 0x61, 0x72, 0x79, 0x3b, 0x0a, 0x76, 0x61, //  vec3 v_bary;.va
	0x72, 0x79, 0x69, 0x6e, 0x67, 0x20, 0x76, 0x65, 0x63, 0x34, 0x20, 0x76, 0x5f, 0x63, 0x6f, 0x6c, // rying vec4 v_col
	0x6f, 0x72, 0x30, 0x3b, 0x0a, 0x76, 0x61, 0x72, 0x79, 0x69, 0x6e, 0x67, 0x20, 0x66, 0x6c, 0x6f, // or0;.varying flo
	0x61, 0x74, 0x20, 0x76, 0x5f, 0x64, 0x65, 0x70, 0x74, 0x68, 0x3b, 0x0a, 0x76, 0x61, 0x72, 0x79, // at v_depth;.vary
	0x69, 0x6e, 0x67, 0x20, 0x76, 0x65, 0x63, 0x33, 0x20, 0x76, 0x5f, 0x6e, 0x6f, 0x72, 0x6d, 0x61, // ing vec3 v_norma
	0x6c, 0x3b, 0x0a, 0x76, 0x61, 0x72, 0x79, 0x69, 0x6e, 0x67, 0x20, 0x76, 0x65, 0x63, 0x33, 0x20, // l;.varying vec3 
	0x76, 0x5f, 0x76, 0x69, 0x65, 0x77, 0x3b, 0x0a, 0x76, 0x61, 0x72, 0x79, 0x69, 0x6e, 0x67, 0x20, // v_view;.varying 
	0x76, 0x65, 0x63, 0x33, 0x20, 0x76, 0x5f, 0x77, 0x6f, 0x72, 0x6c, 0x64, 0x50, 0x6f, 0x73, 0x3b, // vec3 v_worldPos;
	0x0a, 0x75, 0x6e, 0x69, 0x66, 0x6f, 0x72, 0x6d, 0x20, 0x76, 0x65, 0x63, 0x34, 0x20, 0x75, 0x4c, // .uniform vec4 uL
	0x6f, 0x67, 0x44, 0x65, 0x70, 0x74, 0x68, 0x3b, 0x0a, 0x75, 0x6e, 0x69, 0x66, 0x6f, 0x72, 0x6d, // ogDepth;.uniform
	0x20, 0x76, 0x65, 0x63, 0x34, 0x20, 0x75, 0x5f, 0x62, 0x61, 0x73, 0x65, 0x43, 0x6f, 0x6c, 0x6f, //  vec4 u_baseColo
	0x72, 0x3b, 0x0a, 0x75, 0x6e, 0x69, 0x66, 0x6f, 0x72, 0x6d, 0x20, 0x76, 0x65, 0x63, 0x34, 0x20, // r;.uniform vec4 
	0x75, 0x5f, 0x6c, 0x69, 0x67, 0x68, 0x74, 0x44, 0x69, 0x72, 0x3b, 0x0a, 0x75, 0x6e, 0x69, 0x66, // u_lightDir;.unif
	0x6f, 0x72, 0x6d, 0x20, 0x76, 0x65, 0x63, 0x34, 0x20, 0x75, 0x5f, 0x63, 0x61, 0x6d, 0x65, 0x72, // orm vec4 u_camer
	0x61, 0x50, 0x6f, 0x73, 0x3b, 0x0a, 0x75, 0x6e, 0x69, 0x66, 0x6f, 0x72, 0x6d, 0x20, 0x76, 0x65, // aPos;.uniform ve
	0x63, 0x34, 0x20, 0x75, 0x5f, 0x73, 0x74, 0x79, 0x6c, 0x65, 0x50, 0x61, 0x72, 0x61, 0x6d, 0x73, // c4 u_styleParams
	0x3b, 0x0a, 0x75, 0x6e, 0x69, 0x66, 0x6f, 0x72, 0x6d, 0x20, 0x76, 0x65, 0x63, 0x34, 0x20, 0x75, // ;.uniform vec4 u
	0x5f, 0x77, 0x69, 0x72, 0x65, 0x66, 0x72, 0x61, 0x6d, 0x65, 0x43, 0x6f, 0x6c, 0x6f, 0x72, 0x3b, // _wireframeColor;
	0x0a, 0x75, 0x6e, 0x69, 0x66, 0x6f, 0x72, 0x6d, 0x20, 0x76, 0x65, 0x63, 0x34, 0x20, 0x75, 0x5f, // .uniform vec4 u_
	0x73, 0x74, 0x72, 0x6f, 0x6b, 0x65, 0x50, 0x61, 0x72, 0x61, 0x6d, 0x73, 0x3b, 0x0a, 0x75, 0x6e, // strokeParams;.un
	0x69, 0x66, 0x6f, 0x72, 0x6d, 0x20, 0x76, 0x65, 0x63, 0x34, 0x20, 0x75, 0x5f, 0x66, 0x6c, 0x61, // iform vec4 u_fla
	0x74, 0x53, 0x68, 0x61, 0x64, 0x65, 0x3b, 0x0a, 0x76, 0x6f, 0x69, 0x64, 0x20, 0x6d, 0x61, 0x69, // tShade;.void mai
	0x6e, 0x20, 0x28, 0x29, 0x0a, 0x7b, 0x0a, 0x20, 0x20, 0x66, 0x6c, 0x6f, 0x61, 0x74, 0x20, 0x74, // n ().{.  float t
	0x72, 0x61, 0x6e, 0x73, 0x70, 0x61, 0x72, 0x65, 0x6e, 0x63, 0x79, 0x5f, 0x31, 0x3b, 0x0a, 0x20, // ransparency_1;. 
	0x20, 0x76, 0x65, 0x63, 0x33, 0x20, 0x6e, 0x5f, 0x32, 0x3b, 0x0a, 0x20, 0x20, 0x66, 0x6c, 0x6f, //  vec3 n_2;.  flo
	0x61, 0x74, 0x20, 0x72, 0x61, 0x77, 0x44, 0x65, 0x70, 0x74, 0x68, 0x5f, 0x33, 0x3b, 0x0a, 0x20, // at rawDepth_3;. 
	0x20, 0x72, 0x61, 0x77, 0x44, 0x65, 0x70, 0x74, 0x68, 0x5f, 0x33, 0x20, 0x3d, 0x20, 0x67, 0x6c, //  rawDepth_3 = gl
	0x5f, 0x46, 0x72, 0x61, 0x67, 0x43, 0x6f, 0x6f, 0x72, 0x64, 0x2e, 0x7a, 0x3b, 0x0a, 0x20, 0x20, // _FragCoord.z;.  
	0x66, 0x6c, 0x6f, 0x61, 0x74, 0x20, 0x74, 0x6d, 0x70, 0x76, 0x61, 0x72, 0x5f, 0x34, 0x3b, 0x0a, // float tmpvar_4;.
	0x20, 0x20, 0x69, 0x66, 0x20, 0x28, 0x28, 0x75, 0x4c, 0x6f, 0x67, 0x44, 0x65, 0x70, 0x74, 0x68, //   if ((uLogDepth
	0x2e, 0x78, 0x20, 0x3c, 0x20, 0x30, 0x2e, 0x35, 0x29, 0x29, 0x20, 0x7b, 0x0a, 0x20, 0x20, 0x20, // .x < 0.5)) {.   
	0x20, 0x74, 0x6d, 0x70, 0x76, 0x61, 0x72, 0x5f, 0x34, 0x20, 0x3d, 0x20, 0x72, 0x61, 0x77, 0x44, //  tmpvar_4 = rawD
	0x65, 0x70, 0x74, 0x68, 0x5f, 0x33, 0x3b, 0x0a, 0x20, 0x20, 0x7d, 0x20, 0x65, 0x6c, 0x73, 0x65, // epth_3;.  } else
	0x20, 0x7b, 0x0a, 0x20, 0x20, 0x20, 0x20, 0x69, 0x66, 0x20, 0x28, 0x28, 0x28, 0x76, 0x5f, 0x64, //  {.    if (((v_d
	0x65, 0x70, 0x74, 0x68, 0x20, 0x3c, 0x20, 0x75, 0x4c, 0x6f, 0x67, 0x44, 0x65, 0x70, 0x74, 0x68, // epth < uLogDepth
	0x2e, 0x79, 0x29, 0x20, 0x7c, 0x7c, 0x20, 0x28, 0x76, 0x5f, 0x64, 0x65, 0x70, 0x74, 0x68, 0x20, // .y) || (v_depth 
	0x3e, 0x20, 0x75, 0x4c, 0x6f, 0x67, 0x44, 0x65, 0x70, 0x74, 0x68, 0x2e, 0x7a, 0x29, 0x29, 0x29, // > uLogDepth.z)))
	0x20, 0x7b, 0x0a, 0x20, 0x20, 0x20, 0x20, 0x20, 0x20, 0x64, 0x69, 0x73, 0x63, 0x61, 0x72, 0x64, //  {.      discard
	0x3b, 0x0a, 0x20, 0x20, 0x20, 0x20, 0x7d, 0x3b, 0x0a, 0x20, 0x20, 0x20, 0x20, 0x74, 0x6d, 0x70, // ;.    };.    tmp
	0x76, 0x61, 0x72, 0x5f, 0x34, 0x20, 0x3d, 0x20, 0x63, 0x6c, 0x61, 0x6d, 0x70, 0x20, 0x28, 0x28, // var_4 = clamp ((
	0x6c, 0x6f, 0x67, 0x32, 0x28, 0x0a, 0x20, 0x20, 0x20, 0x20, 0x20, 0x20, 0x6d, 0x61, 0x78, 0x20, // log2(.      max 
	0x28, 0x28, 0x76, 0x5f, 0x64, 0x65, 0x70, 0x74, 0x68, 0x20, 0x2f, 0x20, 0x75, 0x4c, 0x6f, 0x67, // ((v_depth / uLog
	0x44, 0x65, 0x70, 0x74, 0x68, 0x2e, 0x79, 0x29, 0x2c, 0x20, 0x31, 0x2e, 0x30, 0x29, 0x0a, 0x20, // Depth.y), 1.0). 
	0x20, 0x20, 0x20, 0x29, 0x20, 0x2f, 0x20, 0x6c, 0x6f, 0x67, 0x32, 0x28, 0x0a, 0x20, 0x20, 0x20, //    ) / log2(.   
	0x20, 0x20, 0x20, 0x6d, 0x61, 0x78, 0x20, 0x28, 0x28, 0x75, 0x4c, 0x6f, 0x67, 0x44, 0x65, 0x70, //    max ((uLogDep
	0x74, 0x68, 0x2e, 0x7a, 0x20, 0x2f, 0x20, 0x75, 0x4c, 0x6f, 0x67, 0x44, 0x65, 0x70, 0x74, 0x68, // th.z / uLogDepth
	0x2e, 0x79, 0x29, 0x2c, 0x20, 0x31, 0x2e, 0x30, 0x30, 0x30, 0x30, 0x30, 0x31, 0x29, 0x0a, 0x20, // .y), 1.000001). 
	0x20, 0x20, 0x20, 0x29, 0x29, 0x2c, 0x20, 0x30, 0x2e, 0x30, 0x2c, 0x20, 0x31, 0x2e, 0x30, 0x29, //    )), 0.0, 1.0)
	0x3b, 0x0a, 0x20, 0x20, 0x7d, 0x3b, 0x0a, 0x20, 0x20, 0x67, 0x6c, 0x5f, 0x46, 0x72, 0x61, 0x67, // ;.  };.  gl_Frag
	0x44, 0x65, 0x70, 0x74, 0x68, 0x20, 0x3d, 0x20, 0x74, 0x6d, 0x70, 0x76, 0x61, 0x72, 0x5f, 0x34, // Depth = tmpvar_4
	0x3b, 0x0a, 0x20, 0x20, 0x76, 0x65, 0x63, 0x33, 0x20, 0x74, 0x6d, 0x70, 0x76, 0x61, 0x72, 0x5f, // ;.  vec3 tmpvar_
	0x35, 0x3b, 0x0a, 0x20, 0x20, 0x74, 0x6d, 0x70, 0x76, 0x61, 0x72, 0x5f, 0x35, 0x20, 0x3d, 0x20, // 5;.  tmpvar_5 = 
	0x6e, 0x6f, 0x72, 0x6d, 0x61, 0x6c, 0x69, 0x7a, 0x65, 0x28, 0x76, 0x5f, 0x6e, 0x6f, 0x72, 0x6d, // normalize(v_norm
	0x61, 0x6c, 0x29, 0x3b, 0x0a, 0x20, 0x20, 0x6e, 0x5f, 0x32, 0x20, 0x3d, 0x20, 0x74, 0x6d, 0x70, // al);.  n_2 = tmp
	0x76, 0x61, 0x72, 0x5f, 0x35, 0x3b, 0x0a, 0x20, 0x20, 0x69, 0x66, 0x20, 0x28, 0x28, 0x75, 0x5f, // var_5;.  if ((u_
	0x66, 0x6c, 0x61, 0x74, 0x53, 0x68, 0x61, 0x64, 0x65, 0x2e, 0x78, 0x20, 0x3e, 0x20, 0x30, 0x2e, // flatShade.x > 0.
	0x35, 0x29, 0x29, 0x20, 0x7b, 0x0a, 0x20, 0x20, 0x20, 0x20, 0x76, 0x65, 0x63, 0x33, 0x20, 0x74, // 5)) {.    vec3 t
	0x6d, 0x70, 0x76, 0x61, 0x72, 0x5f, 0x36, 0x3b, 0x0a, 0x20, 0x20, 0x20, 0x20, 0x74, 0x6d, 0x70, // mpvar_6;.    tmp
	0x76, 0x61, 0x72, 0x5f, 0x36, 0x20, 0x3d, 0x20, 0x64, 0x46, 0x64, 0x79, 0x28, 0x76, 0x5f, 0x77, // var_6 = dFdy(v_w
	0x6f, 0x72, 0x6c, 0x64, 0x50, 0x6f, 0x73, 0x29, 0x3b, 0x0a, 0x20, 0x20, 0x20, 0x20, 0x76, 0x65, // orldPos);.    ve
	0x63, 0x33, 0x20, 0x74, 0x6d, 0x70, 0x76, 0x61, 0x72, 0x5f, 0x37, 0x3b, 0x0a, 0x20, 0x20, 0x20, // c3 tmpvar_7;.   
	0x20, 0x74, 0x6d, 0x70, 0x76, 0x61, 0x72, 0x5f, 0x37, 0x20, 0x3d, 0x20, 0x64, 0x46, 0x64, 0x78, //  tmpvar_7 = dFdx
	0x28, 0x76, 0x5f, 0x77, 0x6f, 0x72, 0x6c, 0x64, 0x50, 0x6f, 0x73, 0x29, 0x3b, 0x0a, 0x20, 0x20, // (v_worldPos);.  
	0x20, 0x20, 0x76, 0x65, 0x63, 0x33, 0x20, 0x74, 0x6d, 0x70, 0x76, 0x61, 0x72, 0x5f, 0x38, 0x3b, //   vec3 tmpvar_8;
	0x0a, 0x20, 0x20, 0x20, 0x20, 0x74, 0x6d, 0x70, 0x76, 0x61, 0x72, 0x5f, 0x38, 0x20, 0x3d, 0x20, // .    tmpvar_8 = 
	0x6e, 0x6f, 0x72, 0x6d, 0x61, 0x6c, 0x69, 0x7a, 0x65, 0x28, 0x28, 0x28, 0x74, 0x6d, 0x70, 0x76, // normalize(((tmpv
	0x61, 0x72, 0x5f, 0x36, 0x2e, 0x79, 0x7a, 0x78, 0x20, 0x2a, 0x20, 0x74, 0x6d, 0x70, 0x76, 0x61, // ar_6.yzx * tmpva
	0x72, 0x5f, 0x37, 0x2e, 0x7a, 0x78, 0x79, 0x29, 0x20, 0x2d, 0x20, 0x28, 0x74, 0x6d, 0x70, 0x76, // r_7.zxy) - (tmpv
	0x61, 0x72, 0x5f, 0x36, 0x2e, 0x7a, 0x78, 0x79, 0x20, 0x2a, 0x20, 0x74, 0x6d, 0x70, 0x76, 0x61, // ar_6.zxy * tmpva
	0x72, 0x5f, 0x37, 0x2e, 0x79, 0x7a, 0x78, 0x29, 0x29, 0x29, 0x3b, 0x0a, 0x20, 0x20, 0x20, 0x20, // r_7.yzx)));.    
	0x66, 0x6c, 0x6f, 0x61, 0x74, 0x20, 0x74, 0x6d, 0x70, 0x76, 0x61, 0x72, 0x5f, 0x39, 0x3b, 0x0a, // float tmpvar_9;.
	0x20, 0x20, 0x20, 0x20, 0x74, 0x6d, 0x70, 0x76, 0x61, 0x72, 0x5f, 0x39, 0x20, 0x3d, 0x20, 0x64, //     tmpvar_9 = d
	0x6f, 0x74, 0x20, 0x28, 0x74, 0x6d, 0x70, 0x76, 0x61, 0x72, 0x5f, 0x38, 0x2c, 0x20, 0x74, 0x6d, // ot (tmpvar_8, tm
	0x70, 0x76, 0x61, 0x72, 0x5f, 0x35, 0x29, 0x3b, 0x0a, 0x20, 0x20, 0x20, 0x20, 0x76, 0x65, 0x63, // pvar_5);.    vec
	0x33, 0x20, 0x74, 0x6d, 0x70, 0x76, 0x61, 0x72, 0x5f, 0x31, 0x30, 0x3b, 0x0a, 0x20, 0x20, 0x20, // 3 tmpvar_10;.   
	0x20, 0x69, 0x66, 0x20, 0x28, 0x28, 0x74, 0x6d, 0x70, 0x76, 0x61, 0x72, 0x5f, 0x39, 0x20, 0x3c, //  if ((tmpvar_9 <
	0x20, 0x30, 0x2e, 0x30, 0x29, 0x29, 0x20, 0x7b, 0x0a, 0x20, 0x20, 0x20, 0x20, 0x20, 0x20, 0x74, //  0.0)) {.      t
	0x6d, 0x70, 0x76, 0x61, 0x72, 0x5f, 0x31, 0x30, 0x20, 0x3d, 0x20, 0x2d, 0x28, 0x74, 0x6d, 0x70, // mpvar_10 = -(tmp
	0x76, 0x61, 0x72, 0x5f, 0x38, 0x29, 0x3b, 0x0a, 0x20, 0x20, 0x20, 0x20, 0x7d, 0x20, 0x65, 0x6c, // var_8);.    } el
	0x73, 0x65, 0x20, 0x7b, 0x0a, 0x20, 0x20, 0x20, 0x20, 0x20, 0x20, 0x74, 0x6d, 0x70, 0x76, 0x61, // se {.      tmpva
	0x72, 0x5f, 0x31, 0x30, 0x20, 0x3d, 0x20, 0x74, 0x6d, 0x70, 0x76, 0x61, 0x72, 0x5f, 0x38, 0x3b, // r_10 = tmpvar_8;
	0x0a, 0x20, 0x20, 0x20, 0x20, 0x7d, 0x3b, 0x0a, 0x20, 0x20, 0x20, 0x20, 0x6e, 0x5f, 0x32, 0x20, // .    };.    n_2 
	0x3d, 0x20, 0x74, 0x6d, 0x70, 0x76, 0x61, 0x72, 0x5f, 0x31, 0x30, 0x3b, 0x0a, 0x20, 0x20, 0x7d, // = tmpvar_10;.  }
	0x3b, 0x0a, 0x20, 0x20, 0x76, 0x65, 0x63, 0x33, 0x20, 0x74, 0x6d, 0x70, 0x76, 0x61, 0x72, 0x5f, // ;.  vec3 tmpvar_
	0x31, 0x31, 0x3b, 0x0a, 0x20, 0x20, 0x74, 0x6d, 0x70, 0x76, 0x61, 0x72, 0x5f, 0x31, 0x31, 0x20, // 11;.  tmpvar_11 
	0x3d, 0x20, 0x6e, 0x6f, 0x72, 0x6d, 0x61, 0x6c, 0x69, 0x7a, 0x65, 0x28, 0x76, 0x5f, 0x76, 0x69, // = normalize(v_vi
	0x65, 0x77, 0x29, 0x3b, 0x0a, 0x20, 0x20, 0x76, 0x65, 0x63, 0x33, 0x20, 0x74, 0x6d, 0x70, 0x76, // ew);.  vec3 tmpv
	0x61, 0x72, 0x5f, 0x31, 0x32, 0x3b, 0x0a, 0x20, 0x20, 0x74, 0x6d, 0x70, 0x76, 0x61, 0x72, 0x5f, // ar_12;.  tmpvar_
	0x31, 0x32, 0x20, 0x3d, 0x20, 0x6e, 0x6f, 0x72, 0x6d, 0x61, 0x6c, 0x69, 0x7a, 0x65, 0x28, 0x75, // 12 = normalize(u
	0x5f, 0x6c, 0x69, 0x67, 0x68, 0x74, 0x44, 0x69, 0x72, 0x2e, 0x78, 0x79, 0x7a, 0x29, 0x3b, 0x0a, // _lightDir.xyz);.
	0x20, 0x20, 0x66, 0x6c, 0x6f, 0x61, 0x74, 0x20, 0x74, 0x6d, 0x70, 0x76, 0x61, 0x72, 0x5f, 0x31, //   float tmpvar_1
	0x33, 0x3b, 0x0a, 0x20, 0x20, 0x74, 0x6d, 0x70, 0x76, 0x61, 0x72, 0x5f, 0x31, 0x33, 0x20, 0x3d, // 3;.  tmpvar_13 =
	0x20, 0x63, 0x6c, 0x61, 0x6d, 0x70, 0x20, 0x28, 0x75, 0x5f, 0x73, 0x74, 0x79, 0x6c, 0x65, 0x50, //  clamp (u_styleP
	0x61, 0x72, 0x61, 0x6d, 0x73, 0x2e, 0x7a, 0x2c, 0x20, 0x30, 0x2e, 0x30, 0x33, 0x2c, 0x20, 0x31, // arams.z, 0.03, 1
	0x2e, 0x30, 0x29, 0x3b, 0x0a, 0x20, 0x20, 0x74, 0x72, 0x61, 0x6e, 0x73, 0x70, 0x61, 0x72, 0x65, // .0);.  transpare
	0x6e, 0x63, 0x79, 0x5f, 0x31, 0x20, 0x3d, 0x20, 0x63, 0x6c, 0x61, 0x6d, 0x70, 0x20, 0x28, 0x75, // ncy_1 = clamp (u
	0x5f, 0x73, 0x74, 0x79, 0x6c, 0x65, 0x50, 0x61, 0x72, 0x61, 0x6d, 0x73, 0x2e, 0x77, 0x2c, 0x20, // _styleParams.w, 
	0x30, 0x2e, 0x30, 0x2c, 0x20, 0x31, 0x2e, 0x30, 0x29, 0x3b, 0x0a, 0x20, 0x20, 0x69, 0x66, 0x20, // 0.0, 1.0);.  if 
	0x28, 0x28, 0x75, 0x5f, 0x73, 0x74, 0x79, 0x6c, 0x65, 0x50, 0x61, 0x72, 0x61, 0x6d, 0x73, 0x2e, // ((u_styleParams.
	0x78, 0x20, 0x3c, 0x20, 0x30, 0x2e, 0x35, 0x29, 0x29, 0x20, 0x7b, 0x0a, 0x20, 0x20, 0x20, 0x20, // x < 0.5)) {.    
	0x76, 0x65, 0x63, 0x33, 0x20, 0x74, 0x6d, 0x70, 0x76, 0x61, 0x72, 0x5f, 0x31, 0x34, 0x3b, 0x0a, // vec3 tmpvar_14;.
	0x20, 0x20, 0x20, 0x20, 0x74, 0x6d, 0x70, 0x76, 0x61, 0x72, 0x5f, 0x31, 0x34, 0x20, 0x3d, 0x20, //     tmpvar_14 = 
	0x6e, 0x6f, 0x72, 0x6d, 0x61, 0x6c, 0x69, 0x7a, 0x65, 0x28, 0x28, 0x74, 0x6d, 0x70, 0x76, 0x61, // normalize((tmpva
	0x72, 0x5f, 0x31, 0x32, 0x20, 0x2b, 0x20, 0x74, 0x6d, 0x70, 0x76, 0x61, 0x72, 0x5f, 0x31, 0x31, // r_12 + tmpvar_11
	0x29, 0x29, 0x3b, 0x0a, 0x20, 0x20, 0x20, 0x20, 0x66, 0x6c, 0x6f, 0x61, 0x74, 0x20, 0x74, 0x6d, // ));.    float tm
	0x70, 0x76, 0x61, 0x72, 0x5f, 0x31, 0x35, 0x3b, 0x0a, 0x20, 0x20, 0x20, 0x20, 0x74, 0x6d, 0x70, // pvar_15;.    tmp
	0x76, 0x61, 0x72, 0x5f, 0x31, 0x35, 0x20, 0x3d, 0x20, 0x28, 0x74, 0x6d, 0x70, 0x76, 0x61, 0x72, // var_15 = (tmpvar
	0x5f, 0x31, 0x33, 0x20, 0x2a, 0x20, 0x74, 0x6d, 0x70, 0x76, 0x61, 0x72, 0x5f, 0x31, 0x33, 0x29, // _13 * tmpvar_13)
	0x3b, 0x0a, 0x20, 0x20, 0x20, 0x20, 0x66, 0x6c, 0x6f, 0x61, 0x74, 0x20, 0x74, 0x6d, 0x70, 0x76, // ;.    float tmpv
	0x61, 0x72, 0x5f, 0x31, 0x36, 0x3b, 0x0a, 0x20, 0x20, 0x20, 0x20, 0x74, 0x6d, 0x70, 0x76, 0x61, // ar_16;.    tmpva
	0x72, 0x5f, 0x31, 0x36, 0x20, 0x3d, 0x20, 0x28, 0x74, 0x6d, 0x70, 0x76, 0x61, 0x72, 0x5f, 0x31, // r_16 = (tmpvar_1
	0x35, 0x20, 0x2a, 0x20, 0x74, 0x6d, 0x70, 0x76, 0x61, 0x72, 0x5f, 0x31, 0x35, 0x29, 0x3b, 0x0a, // 5 * tmpvar_15);.
	0x20, 0x20, 0x20, 0x20, 0x66, 0x6c, 0x6f, 0x61, 0x74, 0x20, 0x74, 0x6d, 0x70, 0x76, 0x61, 0x72, //     float tmpvar
	0x5f, 0x31, 0x37, 0x3b, 0x0a, 0x20, 0x20, 0x20, 0x20, 0x74, 0x6d, 0x70, 0x76, 0x61, 0x72, 0x5f, // _17;.    tmpvar_
	0x31, 0x37, 0x20, 0x3d, 0x20, 0x6d, 0x61, 0x78, 0x20, 0x28, 0x64, 0x6f, 0x74, 0x20, 0x28, 0x6e, // 17 = max (dot (n
	0x5f, 0x32, 0x2c, 0x20, 0x74, 0x6d, 0x70, 0x76, 0x61, 0x72, 0x5f, 0x31, 0x34, 0x29, 0x2c, 0x20, // _2, tmpvar_14), 
	0x30, 0x2e, 0x30, 0x29, 0x3b, 0x0a, 0x20, 0x20, 0x20, 0x20, 0x66, 0x6c, 0x6f, 0x61, 0x74, 0x20, // 0.0);.    float 
	0x74, 0x6d, 0x70, 0x76, 0x61, 0x72, 0x5f, 0x31, 0x38, 0x3b, 0x0a, 0x20, 0x20, 0x20, 0x20, 0x74, // tmpvar_18;.    t
	0x6d, 0x70, 0x76, 0x61, 0x72, 0x5f, 0x31, 0x38, 0x20, 0x3d, 0x20, 0x28, 0x28, 0x28, 0x74, 0x6d, // mpvar_18 = (((tm
	0x70, 0x76, 0x61, 0x72, 0x5f, 0x31, 0x37, 0x20, 0x2a, 0x20, 0x74, 0x6d, 0x70, 0x76, 0x61, 0x72, // pvar_17 * tmpvar
	0x5f, 0x31, 0x37, 0x29, 0x20, 0x2a, 0x20, 0x28, 0x74, 0x6d, 0x70, 0x76, 0x61, 0x72, 0x5f, 0x31, // _17) * (tmpvar_1
	0x36, 0x20, 0x2d, 0x20, 0x31, 0x2e, 0x30, 0x29, 0x29, 0x20, 0x2b, 0x20, 0x31, 0x2e, 0x30, 0x29, // 6 - 1.0)) + 1.0)
	0x3b, 0x0a, 0x20, 0x20, 0x20, 0x20, 0x66, 0x6c, 0x6f, 0x61, 0x74, 0x20, 0x74, 0x6d, 0x70, 0x76, // ;.    float tmpv
	0x61, 0x72, 0x5f, 0x31, 0x39, 0x3b, 0x0a, 0x20, 0x20, 0x20, 0x20, 0x74, 0x6d, 0x70, 0x76, 0x61, // ar_19;.    tmpva
	0x72, 0x5f, 0x31, 0x39, 0x20, 0x3d, 0x20, 0x6d, 0x61, 0x78, 0x20, 0x28, 0x64, 0x6f, 0x74, 0x20, // r_19 = max (dot 
	0x28, 0x6e, 0x5f, 0x32, 0x2c, 0x20, 0x74, 0x6d, 0x70, 0x76, 0x61, 0x72, 0x5f, 0x31, 0x31, 0x29, // (n_2, tmpvar_11)
	0x2c, 0x20, 0x30, 0x2e, 0x30, 0x29, 0x3b, 0x0a, 0x20, 0x20, 0x20, 0x20, 0x66, 0x6c, 0x6f, 0x61, // , 0.0);.    floa
	0x74, 0x20, 0x74, 0x6d, 0x70, 0x76, 0x61, 0x72, 0x5f, 0x32, 0x30, 0x3b, 0x0a, 0x20, 0x20, 0x20, // t tmpvar_20;.   
	0x20, 0x74, 0x6d, 0x70, 0x76, 0x61, 0x72, 0x5f, 0x32, 0x30, 0x20, 0x3d, 0x20, 0x6d, 0x61, 0x78, //  tmpvar_20 = max
	0x20, 0x28, 0x64, 0x6f, 0x74, 0x20, 0x28, 0x6e, 0x5f, 0x32, 0x2c, 0x20, 0x74, 0x6d, 0x70, 0x76, //  (dot (n_2, tmpv
	0x61, 0x72, 0x5f, 0x31, 0x32, 0x29, 0x2c, 0x20, 0x30, 0x2e, 0x30, 0x29, 0x3b, 0x0a, 0x20, 0x20, // ar_12), 0.0);.  
	0x20, 0x20, 0x66, 0x6c, 0x6f, 0x61, 0x74, 0x20, 0x74, 0x6d, 0x70, 0x76, 0x61, 0x72, 0x5f, 0x32, //   float tmpvar_2
	0x31, 0x3b, 0x0a, 0x20, 0x20, 0x20, 0x20, 0x74, 0x6d, 0x70, 0x76, 0x61, 0x72, 0x5f, 0x32, 0x31, // 1;.    tmpvar_21
	0x20, 0x3d, 0x20, 0x28, 0x74, 0x6d, 0x70, 0x76, 0x61, 0x72, 0x5f, 0x31, 0x33, 0x20, 0x2b, 0x20, //  = (tmpvar_13 + 
	0x31, 0x2e, 0x30, 0x29, 0x3b, 0x0a, 0x20, 0x20, 0x20, 0x20, 0x66, 0x6c, 0x6f, 0x61, 0x74, 0x20, // 1.0);.    float 
	0x74, 0x6d, 0x70, 0x76, 0x61, 0x72, 0x5f, 0x32, 0x32, 0x3b, 0x0a, 0x20, 0x20, 0x20, 0x20, 0x74, // tmpvar_22;.    t
	0x6d, 0x70, 0x76, 0x61, 0x72, 0x5f, 0x32, 0x32, 0x20, 0x3d, 0x20, 0x28, 0x28, 0x74, 0x6d, 0x70, // mpvar_22 = ((tmp
	0x76, 0x61, 0x72, 0x5f, 0x32, 0x31, 0x20, 0x2a, 0x20, 0x74, 0x6d, 0x70, 0x76, 0x61, 0x72, 0x5f, // var_21 * tmpvar_
	0x32, 0x31, 0x29, 0x20, 0x2f, 0x20, 0x38, 0x2e, 0x30, 0x29, 0x3b, 0x0a, 0x20, 0x20, 0x20, 0x20, // 21) / 8.0);.    
	0x76, 0x65, 0x63, 0x33, 0x20, 0x74, 0x6d, 0x70, 0x76, 0x61, 0x72, 0x5f, 0x32, 0x33, 0x3b, 0x0a, // vec3 tmpvar_23;.
	0x20, 0x20, 0x20, 0x20, 0x76, 0x65, 0x63, 0x33, 0x20, 0x74, 0x6d, 0x70, 0x76, 0x61, 0x72, 0x5f, //     vec3 tmpvar_
	0x32, 0x34, 0x3b, 0x0a, 0x20, 0x20, 0x20, 0x20, 0x74, 0x6d, 0x70, 0x76, 0x61, 0x72, 0x5f, 0x32, // 24;.    tmpvar_2
	0x34, 0x20, 0x3d, 0x20, 0x28, 0x75, 0x5f, 0x62, 0x61, 0x73, 0x65, 0x43, 0x6f, 0x6c, 0x6f, 0x72, // 4 = (u_baseColor
	0x2e, 0x78, 0x79, 0x7a, 0x20, 0x2a, 0x20, 0x76, 0x5f, 0x63, 0x6f, 0x6c, 0x6f, 0x72, 0x30, 0x2e, // .xyz * v_color0.
	0x78, 0x79, 0x7a, 0x29, 0x3b, 0x0a, 0x20, 0x20, 0x20, 0x20, 0x74, 0x6d, 0x70, 0x76, 0x61, 0x72, // xyz);.    tmpvar
	0x5f, 0x32, 0x33, 0x20, 0x3d, 0x20, 0x6d, 0x69, 0x78, 0x20, 0x28, 0x76, 0x65, 0x63, 0x33, 0x28, // _23 = mix (vec3(
	0x30, 0x2e, 0x30, 0x34, 0x2c, 0x20, 0x30, 0x2e, 0x30, 0x34, 0x2c, 0x20, 0x30, 0x2e, 0x30, 0x34, // 0.04, 0.04, 0.04
	0x29, 0x2c, 0x20, 0x74, 0x6d, 0x70, 0x76, 0x61, 0x72, 0x5f, 0x32, 0x34, 0x2c, 0x20, 0x75, 0x5f, // ), tmpvar_24, u_
	0x73, 0x74, 0x79, 0x6c, 0x65, 0x50, 0x61, 0x72, 0x61, 0x6d, 0x73, 0x2e, 0x79, 0x29, 0x3b, 0x0a, // styleParams.y);.
	0x20, 0x20, 0x20, 0x20, 0x76, 0x65, 0x63, 0x33, 0x20, 0x74, 0x6d, 0x70, 0x76, 0x61, 0x72, 0x5f, //     vec3 tmpvar_
	0x32, 0x35, 0x3b, 0x0a, 0x20, 0x20, 0x20, 0x20, 0x66, 0x6c, 0x6f, 0x61, 0x74, 0x20, 0x74, 0x6d, // 25;.    float tm
	0x70, 0x76, 0x61, 0x72, 0x5f, 0x32, 0x36, 0x3b, 0x0a, 0x20, 0x20, 0x20, 0x20, 0x74, 0x6d, 0x70, // pvar_26;.    tmp
	0x76, 0x61, 0x72, 0x5f, 0x32, 0x36, 0x20, 0x3d, 0x20, 0x63, 0x6c, 0x61, 0x6d, 0x70, 0x20, 0x28, // var_26 = clamp (
	0x28, 0x31, 0x2e, 0x30, 0x20, 0x2d, 0x20, 0x6d, 0x61, 0x78, 0x20, 0x28, 0x0a, 0x20, 0x20, 0x20, // (1.0 - max (.   
	0x20, 0x20, 0x20, 0x64, 0x6f, 0x74, 0x20, 0x28, 0x74, 0x6d, 0x70, 0x76, 0x61, 0x72, 0x5f, 0x31, //    dot (tmpvar_1
	0x34, 0x2c, 0x20, 0x74, 0x6d, 0x70, 0x76, 0x61, 0x72, 0x5f, 0x31, 0x31, 0x29, 0x0a, 0x20, 0x20, // 4, tmpvar_11).  
	0x20, 0x20, 0x2c, 0x20, 0x30, 0x2e, 0x30, 0x29, 0x29, 0x2c, 0x20, 0x30, 0x2e, 0x30, 0x2c, 0x20, //   , 0.0)), 0.0, 
	0x31, 0x2e, 0x30, 0x29, 0x3b, 0x0a, 0x20, 0x20, 0x20, 0x20, 0x66, 0x6c, 0x6f, 0x61, 0x74, 0x20, // 1.0);.    float 
	0x74, 0x6d, 0x70, 0x76, 0x61, 0x72, 0x5f, 0x32, 0x37, 0x3b, 0x0a, 0x20, 0x20, 0x20, 0x20, 0x74, // tmpvar_27;.    t
	0x6d, 0x70, 0x76, 0x61, 0x72, 0x5f, 0x32, 0x37, 0x20, 0x3d, 0x20, 0x28, 0x74, 0x6d, 0x70, 0x76, // mpvar_27 = (tmpv
	0x61, 0x72, 0x5f, 0x32, 0x36, 0x20, 0x2a, 0x20, 0x74, 0x6d, 0x70, 0x76, 0x61, 0x72, 0x5f, 0x32, // ar_26 * tmpvar_2
	0x36, 0x29, 0x3b, 0x0a, 0x20, 0x20, 0x20, 0x20, 0x74, 0x6d, 0x70, 0x76, 0x61, 0x72, 0x5f, 0x32, // 6);.    tmpvar_2
	0x35, 0x20, 0x3d, 0x20, 0x28, 0x74, 0x6d, 0x70, 0x76, 0x61, 0x72, 0x5f, 0x32, 0x33, 0x20, 0x2b, // 5 = (tmpvar_23 +
	0x20, 0x28, 0x28, 0x31, 0x2e, 0x30, 0x20, 0x2d, 0x20, 0x74, 0x6d, 0x70, 0x76, 0x61, 0x72, 0x5f, //  ((1.0 - tmpvar_
	0x32, 0x33, 0x29, 0x20, 0x2a, 0x20, 0x28, 0x0a, 0x20, 0x20, 0x20, 0x20, 0x20, 0x20, 0x28, 0x74, // 23) * (.      (t
	0x6d, 0x70, 0x76, 0x61, 0x72, 0x5f, 0x32, 0x37, 0x20, 0x2a, 0x20, 0x74, 0x6d, 0x70, 0x76, 0x61, // mpvar_27 * tmpva
	0x72, 0x5f, 0x32, 0x37, 0x29, 0x0a, 0x20, 0x20, 0x20, 0x20, 0x20, 0x2a, 0x20, 0x74, 0x6d, 0x70, // r_27).     * tmp
	0x76, 0x61, 0x72, 0x5f, 0x32, 0x36, 0x29, 0x29, 0x29, 0x3b, 0x0a, 0x20, 0x20, 0x20, 0x20, 0x76, // var_26)));.    v
	0x65, 0x63, 0x33, 0x20, 0x74, 0x6d, 0x70, 0x76, 0x61, 0x72, 0x5f, 0x32, 0x38, 0x3b, 0x0a, 0x20, // ec3 tmpvar_28;. 
	0x20, 0x20, 0x20, 0x74, 0x6d, 0x70, 0x76, 0x61, 0x72, 0x5f, 0x32, 0x38, 0x20, 0x3d, 0x20, 0x28, //    tmpvar_28 = (
	0x28, 0x76, 0x65, 0x63, 0x33, 0x28, 0x30, 0x2e, 0x30, 0x33, 0x2c, 0x20, 0x30, 0x2e, 0x30, 0x33, // (vec3(0.03, 0.03
	0x2c, 0x20, 0x30, 0x2e, 0x30, 0x33, 0x29, 0x20, 0x2a, 0x20, 0x74, 0x6d, 0x70, 0x76, 0x61, 0x72, // , 0.03) * tmpvar
	0x5f, 0x32, 0x34, 0x29, 0x20, 0x2b, 0x20, 0x28, 0x28, 0x0a, 0x20, 0x20, 0x20, 0x20, 0x20, 0x20, // _24) + ((.      
	0x28, 0x28, 0x28, 0x28, 0x31, 0x2e, 0x30, 0x20, 0x2d, 0x20, 0x74, 0x6d, 0x70, 0x76, 0x61, 0x72, // ((((1.0 - tmpvar
	0x5f, 0x32, 0x35, 0x29, 0x20, 0x2a, 0x20, 0x28, 0x31, 0x2e, 0x30, 0x20, 0x2d, 0x20, 0x75, 0x5f, // _25) * (1.0 - u_
	0x73, 0x74, 0x79, 0x6c, 0x65, 0x50, 0x61, 0x72, 0x61, 0x6d, 0x73, 0x2e, 0x79, 0x29, 0x29, 0x20, // styleParams.y)) 
	0x2a, 0x20, 0x74, 0x6d, 0x70, 0x76, 0x61, 0x72, 0x5f, 0x32, 0x34, 0x29, 0x20, 0x2f, 0x20, 0x33, // * tmpvar_24) / 3
	0x2e, 0x31, 0x34, 0x31, 0x35, 0x39, 0x33, 0x29, 0x0a, 0x20, 0x20, 0x20, 0x20, 0x20, 0x2b, 0x20, // .141593).     + 
	0x0a, 0x20, 0x20, 0x20, 0x20, 0x20, 0x20, 0x28, 0x28, 0x28, 0x28, 0x74, 0x6d, 0x70, 0x76, 0x61, // .      ((((tmpva
	0x72, 0x5f, 0x31, 0x36, 0x20, 0x2f, 0x20, 0x0a, 0x20, 0x20, 0x20, 0x20, 0x20, 0x20, 0x20, 0x20, // r_16 / .        
	0x6d, 0x61, 0x78, 0x20, 0x28, 0x28, 0x28, 0x33, 0x2e, 0x31, 0x34, 0x31, 0x35, 0x39, 0x33, 0x20, // max (((3.141593 
	0x2a, 0x20, 0x74, 0x6d, 0x70, 0x76, 0x61, 0x72, 0x5f, 0x31, 0x38, 0x29, 0x20, 0x2a, 0x20, 0x74, // * tmpvar_18) * t
	0x6d, 0x70, 0x76, 0x61, 0x72, 0x5f, 0x31, 0x38, 0x29, 0x2c, 0x20, 0x30, 0x2e, 0x30, 0x30, 0x31, // mpvar_18), 0.001
	0x29, 0x0a, 0x20, 0x20, 0x20, 0x20, 0x20, 0x20, 0x29, 0x20, 0x2a, 0x20, 0x28, 0x0a, 0x20, 0x20, // ).      ) * (.  
	0x20, 0x20, 0x20, 0x20, 0x20, 0x20, 0x28, 0x74, 0x6d, 0x70, 0x76, 0x61, 0x72, 0x5f, 0x31, 0x39, //       (tmpvar_19
	0x20, 0x2f, 0x20, 0x28, 0x28, 0x74, 0x6d, 0x70, 0x76, 0x61, 0x72, 0x5f, 0x31, 0x39, 0x20, 0x2a, //  / ((tmpvar_19 *
	0x20, 0x28, 0x31, 0x2e, 0x30, 0x20, 0x2d, 0x20, 0x74, 0x6d, 0x70, 0x76, 0x61, 0x72, 0x5f, 0x32, //  (1.0 - tmpvar_2
	0x32, 0x29, 0x29, 0x20, 0x2b, 0x20, 0x74, 0x6d, 0x70, 0x76, 0x61, 0x72, 0x5f, 0x32, 0x32, 0x29, // 2)) + tmpvar_22)
	0x29, 0x0a, 0x20, 0x20, 0x20, 0x20, 0x20, 0x20, 0x20, 0x2a, 0x20, 0x0a, 0x20, 0x20, 0x20, 0x20, // ).       * .    
	0x20, 0x20, 0x20, 0x20, 0x28, 0x74, 0x6d, 0x70, 0x76, 0x61, 0x72, 0x5f, 0x32, 0x30, 0x20, 0x2f, //     (tmpvar_20 /
	0x20, 0x28, 0x28, 0x74, 0x6d, 0x70, 0x76, 0x61, 0x72, 0x5f, 0x32, 0x30, 0x20, 0x2a, 0x20, 0x28, //  ((tmpvar_20 * (
	0x31, 0x2e, 0x30, 0x20, 0x2d, 0x20, 0x74, 0x6d, 0x70, 0x76, 0x61, 0x72, 0x5f, 0x32, 0x32, 0x29, // 1.0 - tmpvar_22)
	0x29, 0x20, 0x2b, 0x20, 0x74, 0x6d, 0x70, 0x76, 0x61, 0x72, 0x5f, 0x32, 0x32, 0x29, 0x29, 0x0a, // ) + tmpvar_22)).
	0x20, 0x20, 0x20, 0x20, 0x20, 0x20, 0x29, 0x29, 0x20, 0x2a, 0x20, 0x74, 0x6d, 0x70, 0x76, 0x61, //       )) * tmpva
	0x72, 0x5f, 0x32, 0x35, 0x29, 0x20, 0x2f, 0x20, 0x6d, 0x61, 0x78, 0x20, 0x28, 0x28, 0x28, 0x34, // r_25) / max (((4
	0x2e, 0x30, 0x20, 0x2a, 0x20, 0x0a, 0x20, 0x20, 0x20, 0x20, 0x20, 0x20, 0x20, 0x20, 0x6d, 0x61, // .0 * .        ma
	0x78, 0x20, 0x28, 0x64, 0x6f, 0x74, 0x20, 0x28, 0x6e, 0x5f, 0x32, 0x2c, 0x20, 0x74, 0x6d, 0x70, // x (dot (n_2, tmp
	0x76, 0x61, 0x72, 0x5f, 0x31, 0x31, 0x29, 0x2c, 0x20, 0x30, 0x2e, 0x30, 0x29, 0x0a, 0x20, 0x20, // var_11), 0.0).  
	0x20, 0x20, 0x20, 0x20, 0x29, 0x20, 0x2a, 0x20, 0x6d, 0x61, 0x78, 0x20, 0x28, 0x0a, 0x20, 0x20, //     ) * max (.  
	0x20, 0x20, 0x20, 0x20, 0x20, 0x20, 0x64, 0x6f, 0x74, 0x20, 0x28, 0x6e, 0x5f, 0x32, 0x2c, 0x20, //       dot (n_2, 
	0x74, 0x6d, 0x70, 0x76, 0x61, 0x72, 0x5f, 0x31, 0x32, 0x29, 0x0a, 0x20, 0x20, 0x20, 0x20, 0x20, // tmpvar_12).     
	0x20, 0x2c, 0x20, 0x30, 0x2e, 0x30, 0x30, 0x31, 0x29, 0x29, 0x2c, 0x20, 0x30, 0x2e, 0x30, 0x30, //  , 0.001)), 0.00
	0x31, 0x29, 0x29, 0x0a, 0x20, 0x20, 0x20, 0x20, 0x29, 0x20, 0x2a, 0x20, 0x6d, 0x61, 0x78, 0x20, // 1)).    ) * max 
	0x28, 0x0a, 0x20, 0x20, 0x20, 0x20, 0x20, 0x20, 0x64, 0x6f, 0x74, 0x20, 0x28, 0x6e, 0x5f, 0x32, // (.      dot (n_2
	0x2c, 0x20, 0x74, 0x6d, 0x70, 0x76, 0x61, 0x72, 0x5f, 0x31, 0x32, 0x29, 0x0a, 0x20, 0x20, 0x20, // , tmpvar_12).   
	0x20, 0x2c, 0x20, 0x30, 0x2e, 0x30, 0x29, 0x29, 0x29, 0x3b, 0x0a, 0x20, 0x20, 0x20, 0x20, 0x76, //  , 0.0)));.    v
	0x65, 0x63, 0x34, 0x20, 0x74, 0x6d, 0x70, 0x76, 0x61, 0x72, 0x5f, 0x32, 0x39, 0x3b, 0x0a, 0x20, // ec4 tmpvar_29;. 
	0x20, 0x20, 0x20, 0x74, 0x6d, 0x70, 0x76, 0x61, 0x72, 0x5f, 0x32, 0x39, 0x2e, 0x78, 0x79, 0x7a, //    tmpvar_29.xyz
	0x20, 0x3d, 0x20, 0x70, 0x6f, 0x77, 0x20, 0x28, 0x28, 0x74, 0x6d, 0x70, 0x76, 0x61, 0x72, 0x5f, //  = pow ((tmpvar_
	0x32, 0x38, 0x20, 0x2f, 0x20, 0x28, 0x74, 0x6d, 0x70, 0x76, 0x61, 0x72, 0x5f, 0x32, 0x38, 0x20, // 28 / (tmpvar_28 
	0x2b, 0x20, 0x76, 0x65, 0x63, 0x33, 0x28, 0x31, 0x2e, 0x30, 0x2c, 0x20, 0x31, 0x2e, 0x30, 0x2c, // + vec3(1.0, 1.0,
	0x20, 0x31, 0x2e, 0x30, 0x29, 0x29, 0x29, 0x2c, 0x20, 0x76, 0x65, 0x63, 0x33, 0x28, 0x30, 0x2e, //  1.0))), vec3(0.
	0x34, 0x35, 0x34, 0x35, 0x34, 0x35, 0x34, 0x2c, 0x20, 0x30, 0x2e, 0x34, 0x35, 0x34, 0x35, 0x34, // 4545454, 0.45454
	0x35, 0x34, 0x2c, 0x20, 0x30, 0x2e, 0x34, 0x35, 0x34, 0x35, 0x34, 0x35, 0x34, 0x29, 0x29, 0x3b, // 54, 0.4545454));
	0x0a, 0x20, 0x20, 0x20, 0x20, 0x74, 0x6d, 0x70, 0x76, 0x61, 0x72, 0x5f, 0x32, 0x39, 0x2e, 0x77, // .    tmpvar_29.w
	0x20, 0x3d, 0x20, 0x28, 0x75, 0x5f, 0x62, 0x61, 0x73, 0x65, 0x43, 0x6f, 0x6c, 0x6f, 0x72, 0x2e, //  = (u_baseColor.
	0x77, 0x20, 0x2a, 0x20, 0x76, 0x5f, 0x63, 0x6f, 0x6c, 0x6f, 0x72, 0x30, 0x2e, 0x77, 0x29, 0x3b, // w * v_color0.w);
	0x0a, 0x20, 0x20, 0x20, 0x20, 0x67, 0x6c, 0x5f, 0x46, 0x72, 0x61, 0x67, 0x43, 0x6f, 0x6c, 0x6f, // .    gl_FragColo
	0x72, 0x20, 0x3d, 0x20, 0x74, 0x6d, 0x70, 0x76, 0x61, 0x72, 0x5f, 0x32, 0x39, 0x3b, 0x0a, 0x20, // r = tmpvar_29;. 
	0x20, 0x7d, 0x20, 0x65, 0x6c, 0x73, 0x65, 0x20, 0x7b, 0x0a, 0x20, 0x20, 0x20, 0x20, 0x69, 0x66, //  } else {.    if
	0x20, 0x28, 0x28, 0x75, 0x5f, 0x73, 0x74, 0x79, 0x6c, 0x65, 0x50, 0x61, 0x72, 0x61, 0x6d, 0x73, //  ((u_styleParams
	0x2e, 0x78, 0x20, 0x3c, 0x20, 0x31, 0x2e, 0x35, 0x29, 0x29, 0x20, 0x7b, 0x0a, 0x20, 0x20, 0x20, // .x < 1.5)) {.   
	0x20, 0x20, 0x20, 0x66, 0x6c, 0x6f, 0x61, 0x74, 0x20, 0x74, 0x6d, 0x70, 0x76, 0x61, 0x72, 0x5f, //    float tmpvar_
	0x33, 0x30, 0x3b, 0x0a, 0x20, 0x20, 0x20, 0x20, 0x20, 0x20, 0x74, 0x6d, 0x70, 0x76, 0x61, 0x72, // 30;.      tmpvar
	0x5f, 0x33, 0x30, 0x20, 0x3d, 0x20, 0x63, 0x6c, 0x61, 0x6d, 0x70, 0x20, 0x28, 0x28, 0x28, 0x0a, // _30 = clamp (((.
	0x20, 0x20, 0x20, 0x20, 0x20, 0x20, 0x20, 0x20, 0x64, 0x6f, 0x74, 0x20, 0x28, 0x6e, 0x5f, 0x32, //         dot (n_2
	0x2c, 0x20, 0x74, 0x6d, 0x70, 0x76, 0x61, 0x72, 0x5f, 0x31, 0x32, 0x29, 0x0a, 0x20, 0x20, 0x20, // , tmpvar_12).   
	0x20, 0x20, 0x20, 0x20, 0x2b, 0x20, 0x31, 0x2e, 0x30, 0x29, 0x20, 0x2a, 0x20, 0x30, 0x2e, 0x35, //     + 1.0) * 0.5
	0x29, 0x2c, 0x20, 0x30, 0x2e, 0x30, 0x2c, 0x20, 0x31, 0x2e, 0x30, 0x29, 0x3b, 0x0a, 0x20, 0x20, // ), 0.0, 1.0);.  
	0x20, 0x20, 0x20, 0x20, 0x66, 0x6c, 0x6f, 0x61, 0x74, 0x20, 0x74, 0x6d, 0x70, 0x76, 0x61, 0x72, //     float tmpvar
	0x5f, 0x33, 0x31, 0x3b, 0x0a, 0x20, 0x20, 0x20, 0x20, 0x20, 0x20, 0x74, 0x6d, 0x70, 0x76, 0x61, // _31;.      tmpva
	0x72, 0x5f, 0x33, 0x31, 0x20, 0x3d, 0x20, 0x63, 0x6c, 0x61, 0x6d, 0x70, 0x20, 0x28, 0x28, 0x28, // r_31 = clamp (((
	0x31, 0x2e, 0x30, 0x20, 0x2d, 0x20, 0x0a, 0x20, 0x20, 0x20, 0x20, 0x20, 0x20, 0x20, 0x20, 0x6d, // 1.0 - .        m
	0x61, 0x78, 0x20, 0x28, 0x64, 0x6f, 0x74, 0x20, 0x28, 0x6e, 0x5f, 0x32, 0x2c, 0x20, 0x74, 0x6d, // ax (dot (n_2, tm
	0x70, 0x76, 0x61, 0x72, 0x5f, 0x31, 0x31, 0x29, 0x2c, 0x20, 0x30, 0x2e, 0x30, 0x29, 0x0a, 0x20, // pvar_11), 0.0). 
	0x20, 0x20, 0x20, 0x20, 0x20, 0x29, 0x20, 0x2f, 0x20, 0x30, 0x2e, 0x37, 0x29, 0x2c, 0x20, 0x30, //      ) / 0.7), 0
	0x2e, 0x30, 0x2c, 0x20, 0x31, 0x2e, 0x30, 0x29, 0x3b, 0x0a, 0x20, 0x20, 0x20, 0x20, 0x20, 0x20, // .0, 1.0);.      
	0x76, 0x65, 0x63, 0x34, 0x20, 0x74, 0x6d, 0x70, 0x76, 0x61, 0x72, 0x5f, 0x33, 0x32, 0x3b, 0x0a, // vec4 tmpvar_32;.
	0x20, 0x20, 0x20, 0x20, 0x20, 0x20, 0x74, 0x6d, 0x70, 0x76, 0x61, 0x72, 0x5f, 0x33, 0x32, 0x2e, //       tmpvar_32.
	0x78, 0x79, 0x7a, 0x20, 0x3d, 0x20, 0x28, 0x6d, 0x69, 0x78, 0x20, 0x28, 0x76, 0x65, 0x63, 0x33, // xyz = (mix (vec3
	0x28, 0x30, 0x2e, 0x33, 0x35, 0x2c, 0x20, 0x30, 0x2e, 0x35, 0x35, 0x2c, 0x20, 0x30, 0x2e, 0x39, // (0.35, 0.55, 0.9
	0x35, 0x29, 0x2c, 0x20, 0x76, 0x65, 0x63, 0x33, 0x28, 0x30, 0x2e, 0x39, 0x35, 0x2c, 0x20, 0x30, // 5), vec3(0.95, 0
	0x2e, 0x37, 0x32, 0x2c, 0x20, 0x30, 0x2e, 0x33, 0x35, 0x29, 0x2c, 0x20, 0x28, 0x74, 0x6d, 0x70, // .72, 0.35), (tmp
	0x76, 0x61, 0x72, 0x5f, 0x33, 0x30, 0x20, 0x2a, 0x20, 0x74, 0x6d, 0x70, 0x76, 0x61, 0x72, 0x5f, // var_30 * tmpvar_
	0x33, 0x30, 0x29, 0x29, 0x20, 0x2b, 0x20, 0x76, 0x65, 0x63, 0x33, 0x28, 0x28, 0x28, 0x74, 0x6d, // 30)) + vec3(((tm
	0x70, 0x76, 0x61, 0x72, 0x5f, 0x33, 0x31, 0x20, 0x2a, 0x20, 0x0a, 0x20, 0x20, 0x20, 0x20, 0x20, // pvar_31 * .     
	0x20, 0x20, 0x20, 0x28, 0x74, 0x6d, 0x70, 0x76, 0x61, 0x72, 0x5f, 0x33, 0x31, 0x20, 0x2a, 0x20, //    (tmpvar_31 * 
	0x28, 0x33, 0x2e, 0x30, 0x20, 0x2d, 0x20, 0x28, 0x32, 0x2e, 0x30, 0x20, 0x2a, 0x20, 0x74, 0x6d, // (3.0 - (2.0 * tm
	0x70, 0x76, 0x61, 0x72, 0x5f, 0x33, 0x31, 0x29, 0x29, 0x29, 0x0a, 0x20, 0x20, 0x20, 0x20, 0x20, // pvar_31))).     
	0x20, 0x29, 0x20, 0x2a, 0x20, 0x30, 0x2e, 0x33, 0x29, 0x29, 0x29, 0x3b, 0x0a, 0x20, 0x20, 0x20, //  ) * 0.3)));.   
	0x20, 0x20, 0x20, 0x74, 0x6d, 0x70, 0x76, 0x61, 0x72, 0x5f, 0x33, 0x32, 0x2e, 0x77, 0x20, 0x3d, //    tmpvar_32.w =
	0x20, 0x28, 0x75, 0x5f, 0x62, 0x61, 0x73, 0x65, 0x43, 0x6f, 0x6c, 0x6f, 0x72, 0x2e, 0x77, 0x20, //  (u_baseColor.w 
	0x2a, 0x20, 0x76, 0x5f, 0x63, 0x6f, 0x6c, 0x6f, 0x72, 0x30, 0x2e, 0x77, 0x29, 0x3b, 0x0a, 0x20, // * v_color0.w);. 
	0x20, 0x20, 0x20, 0x20, 0x20, 0x67, 0x6c, 0x5f, 0x46, 0x72, 0x61, 0x67, 0x43, 0x6f, 0x6c, 0x6f, //      gl_FragColo
	0x72, 0x20, 0x3d, 0x20, 0x74, 0x6d, 0x70, 0x76, 0x61, 0x72, 0x5f, 0x33, 0x32, 0x3b, 0x0a, 0x20, // r = tmpvar_32;. 
	0x20, 0x20, 0x20, 0x7d, 0x20, 0x65, 0x6c, 0x73, 0x65, 0x20, 0x7b, 0x0a, 0x20, 0x20, 0x20, 0x20, //    } else {.    
	0x20, 0x20, 0x69, 0x66, 0x20, 0x28, 0x28, 0x75, 0x5f, 0x73, 0x74, 0x79, 0x6c, 0x65, 0x50, 0x61, //   if ((u_stylePa
	0x72, 0x61, 0x6d, 0x73, 0x2e, 0x78, 0x20, 0x3c, 0x20, 0x32, 0x2e, 0x35, 0x29, 0x29, 0x20, 0x7b, // rams.x < 2.5)) {
	0x0a, 0x20, 0x20, 0x20, 0x20, 0x20, 0x20, 0x20, 0x20, 0x64, 0x69, 0x73, 0x63, 0x61, 0x72, 0x64, // .        discard
	0x3b, 0x0a, 0x20, 0x20, 0x20, 0x20, 0x20, 0x20, 0x7d, 0x20, 0x65, 0x6c, 0x73, 0x65, 0x20, 0x7b, // ;.      } else {
	0x0a, 0x20, 0x20, 0x20, 0x20, 0x20, 0x20, 0x20, 0x20, 0x69, 0x66, 0x20, 0x28, 0x28, 0x75, 0x5f, // .        if ((u_
	0x73, 0x74, 0x79, 0x6c, 0x65, 0x50, 0x61, 0x72, 0x61, 0x6d, 0x73, 0x2e, 0x78, 0x20, 0x3c, 0x20, // styleParams.x < 
	0x33, 0x2e, 0x35, 0x29, 0x29, 0x20, 0x7b, 0x0a, 0x20, 0x20, 0x20, 0x20, 0x20, 0x20, 0x20, 0x20, // 3.5)) {.        
	0x20, 0x20, 0x66, 0x6c, 0x6f, 0x61, 0x74, 0x20, 0x74, 0x6d, 0x70, 0x76, 0x61, 0x72, 0x5f, 0x33, //   float tmpvar_3
	0x33, 0x3b, 0x0a, 0x20, 0x20, 0x20, 0x20, 0x20, 0x20, 0x20, 0x20, 0x20, 0x20, 0x74, 0x6d, 0x70, // 3;.          tmp
	0x76, 0x61, 0x72, 0x5f, 0x33, 0x33, 0x20, 0x3d, 0x20, 0x64, 0x6f, 0x74, 0x20, 0x28, 0x28, 0x28, // var_33 = dot (((
	0x0a, 0x20, 0x20, 0x20, 0x20, 0x20, 0x20, 0x20, 0x20, 0x20, 0x20, 0x20, 0x20, 0x28, 0x75, 0x5f, // .            (u_
	0x62, 0x61, 0x73, 0x65, 0x43, 0x6f, 0x6c, 0x6f, 0x72, 0x2e, 0x78, 0x79, 0x7a, 0x20, 0x2a, 0x20, // baseColor.xyz * 
	0x76, 0x5f, 0x63, 0x6f, 0x6c, 0x6f, 0x72, 0x30, 0x2e, 0x78, 0x79, 0x7a, 0x29, 0x0a, 0x20, 0x20, // v_color0.xyz).  
	0x20, 0x20, 0x20, 0x20, 0x20, 0x20, 0x20, 0x20, 0x20, 0x2a, 0x20, 0x0a, 0x20, 0x20, 0x20, 0x20, //          * .    
	0x20, 0x20, 0x20, 0x20, 0x20, 0x20, 0x20, 0x20, 0x28, 0x30, 0x2e, 0x31, 0x20, 0x2b, 0x20, 0x6d, //         (0.1 + m
	0x61, 0x78, 0x20, 0x28, 0x64, 0x6f, 0x74, 0x20, 0x28, 0x6e, 0x5f, 0x32, 0x2c, 0x20, 0x74, 0x6d, // ax (dot (n_2, tm
	0x70, 0x76, 0x61, 0x72, 0x5f, 0x31, 0x32, 0x29, 0x2c, 0x20, 0x30, 0x2e, 0x30, 0x29, 0x29, 0x0a, // pvar_12), 0.0)).
	0x20, 0x20, 0x20, 0x20, 0x20, 0x20, 0x20, 0x20, 0x20, 0x20, 0x29, 0x20, 0x2b, 0x20, 0x76, 0x65, //           ) + ve
	0x63, 0x33, 0x28, 0x28, 0x0a, 0x20, 0x20, 0x20, 0x20, 0x20, 0x20, 0x20, 0x20, 0x20, 0x20, 0x20, // c3((.           
	0x20, 0x70, 0x6f, 0x77, 0x20, 0x28, 0x6d, 0x61, 0x78, 0x20, 0x28, 0x64, 0x6f, 0x74, 0x20, 0x28, //  pow (max (dot (
	0x6e, 0x5f, 0x32, 0x2c, 0x20, 0x6e, 0x6f, 0x72, 0x6d, 0x61, 0x6c, 0x69, 0x7a, 0x65, 0x28, 0x0a, // n_2, normalize(.
	0x20, 0x20, 0x20, 0x20, 0x20, 0x20, 0x20, 0x20, 0x20, 0x20, 0x20, 0x20, 0x20, 0x20, 0x28, 0x74, //               (t
	0x6d, 0x70, 0x76, 0x61, 0x72, 0x5f, 0x31, 0x32, 0x20, 0x2b, 0x20, 0x74, 0x6d, 0x70, 0x76, 0x61, // mpvar_12 + tmpva
	0x72, 0x5f, 0x31, 0x31, 0x29, 0x0a, 0x20, 0x20, 0x20, 0x20, 0x20, 0x20, 0x20, 0x20, 0x20, 0x20, // r_11).          
	0x20, 0x20, 0x29, 0x29, 0x2c, 0x20, 0x30, 0x2e, 0x30, 0x29, 0x2c, 0x20, 0x33, 0x32, 0x2e, 0x30, //   )), 0.0), 32.0
	0x29, 0x0a, 0x20, 0x20, 0x20, 0x20, 0x20, 0x20, 0x20, 0x20, 0x20, 0x20, 0x20, 0x2a, 0x20, 0x30, // ).           * 0
	0x2e, 0x35, 0x29, 0x29, 0x29, 0x2c, 0x20, 0x76, 0x65, 0x63, 0x33, 0x28, 0x30, 0x2e, 0x32, 0x39, // .5))), vec3(0.29
	0x39, 0x2c, 0x20, 0x30, 0x2e, 0x35, 0x38, 0x37, 0x2c, 0x20, 0x30, 0x2e, 0x31, 0x31, 0x34, 0x29, // 9, 0.587, 0.114)
	0x29, 0x3b, 0x0a, 0x20, 0x20, 0x20, 0x20, 0x20, 0x20, 0x20, 0x20, 0x20, 0x20, 0x76, 0x65, 0x63, // );.          vec
	0x33, 0x20, 0x74, 0x6d, 0x70, 0x76, 0x61, 0x72, 0x5f, 0x33, 0x34, 0x3b, 0x0a, 0x20, 0x20, 0x20, // 3 tmpvar_34;.   
	0x20, 0x20, 0x20, 0x20, 0x20, 0x20, 0x20, 0x74, 0x6d, 0x70, 0x76, 0x61, 0x72, 0x5f, 0x33, 0x34, //        tmpvar_34
	0x2e, 0x78, 0x20, 0x3d, 0x20, 0x74, 0x6d, 0x70, 0x76, 0x61, 0x72, 0x5f, 0x33, 0x33, 0x3b, 0x0a, // .x = tmpvar_33;.
	0x20, 0x20, 0x20, 0x20, 0x20, 0x20, 0x20, 0x20, 0x20, 0x20, 0x74, 0x6d, 0x70, 0x76, 0x61, 0x72, //           tmpvar
	0x5f, 0x33, 0x34, 0x2e, 0x79, 0x20, 0x3d, 0x20, 0x74, 0x6d, 0x70, 0x76, 0x61, 0x72, 0x5f, 0x33, // _34.y = tmpvar_3
	0x33, 0x3b, 0x0a, 0x20, 0x20, 0x20, 0x20, 0x20, 0x20, 0x20, 0x20, 0x20, 0x20, 0x74, 0x6d, 0x70, // 3;.          tmp
	0x76, 0x61, 0x72, 0x5f, 0x33, 0x34, 0x2e, 0x7a, 0x20, 0x3d, 0x20, 0x74, 0x6d, 0x70, 0x76, 0x61, // var_34.z = tmpva
	0x72, 0x5f, 0x33, 0x33, 0x3b, 0x0a, 0x20, 0x20, 0x20, 0x20, 0x20, 0x20, 0x20, 0x20, 0x20, 0x20, // r_33;.          
	0x76, 0x65, 0x63, 0x34, 0x20, 0x74, 0x6d, 0x70, 0x76, 0x61, 0x72, 0x5f, 0x33, 0x35, 0x3b, 0x0a, // vec4 tmpvar_35;.
	0x20, 0x20, 0x20, 0x20, 0x20, 0x20, 0x20, 0x20, 0x20, 0x20, 0x74, 0x6d, 0x70, 0x76, 0x61, 0x72, //           tmpvar
	0x5f, 0x33, 0x35, 0x2e, 0x78, 0x79, 0x7a, 0x20, 0x3d, 0x20, 0x74, 0x6d, 0x70, 0x76, 0x61, 0x72, // _35.xyz = tmpvar
	0x5f, 0x33, 0x34, 0x3b, 0x0a, 0x20, 0x20, 0x20, 0x20, 0x20, 0x20, 0x20, 0x20, 0x20, 0x20, 0x74, // _34;.          t
	0x6d, 0x70, 0x76, 0x61, 0x72, 0x5f, 0x33, 0x35, 0x2e, 0x77, 0x20, 0x3d, 0x20, 0x28, 0x75, 0x5f, // mpvar_35.w = (u_
	0x62, 0x61, 0x73, 0x65, 0x43, 0x6f, 0x6c, 0x6f, 0x72, 0x2e, 0x77, 0x20, 0x2a, 0x20, 0x76, 0x5f, // baseColor.w * v_
	0x63, 0x6f, 0x6c, 0x6f, 0x72, 0x30, 0x2e, 0x77, 0x29, 0x3b, 0x0a, 0x20, 0x20, 0x20, 0x20, 0x20, // color0.w);.     
	0x20, 0x20, 0x20, 0x20, 0x20, 0x67, 0x6c, 0x5f, 0x46, 0x72, 0x61, 0x67, 0x43, 0x6f, 0x6c, 0x6f, //      gl_FragColo
	0x72, 0x20, 0x3d, 0x20, 0x74, 0x6d, 0x70, 0x76, 0x61, 0x72, 0x5f, 0x33, 0x35, 0x3b, 0x0a, 0x20, // r = tmpvar_35;. 
	0x20, 0x20, 0x20, 0x20, 0x20, 0x20, 0x20, 0x7d, 0x20, 0x65, 0x6c, 0x73, 0x65, 0x20, 0x7b, 0x0a, //        } else {.
	0x20, 0x20, 0x20, 0x20, 0x20, 0x20, 0x20, 0x20, 0x20, 0x20, 0x69, 0x66, 0x20, 0x28, 0x28, 0x75, //           if ((u
	0x5f, 0x73, 0x74, 0x79, 0x6c, 0x65, 0x50, 0x61, 0x72, 0x61, 0x6d, 0x73, 0x2e, 0x78, 0x20, 0x3c, // _styleParams.x <
	0x20, 0x34, 0x2e, 0x35, 0x29, 0x29, 0x20, 0x7b, 0x0a, 0x20, 0x20, 0x20, 0x20, 0x20, 0x20, 0x20, //  4.5)) {.       
	0x20, 0x20, 0x20, 0x20, 0x20, 0x76, 0x65, 0x63, 0x33, 0x20, 0x63, 0x6f, 0x6c, 0x6f, 0x72, 0x5f, //      vec3 color_
	0x33, 0x36, 0x3b, 0x0a, 0x20, 0x20, 0x20, 0x20, 0x20, 0x20, 0x20, 0x20, 0x20, 0x20, 0x20, 0x20, // 36;.            
	0x63, 0x6f, 0x6c, 0x6f, 0x72, 0x5f, 0x33, 0x36, 0x20, 0x3d, 0x20, 0x28, 0x28, 0x28, 0x75, 0x5f, // color_36 = (((u_
	0x62, 0x61, 0x73, 0x65, 0x43, 0x6f, 0x6c, 0x6f, 0x72, 0x2e, 0x78, 0x79, 0x7a, 0x20, 0x2a, 0x20, // baseColor.xyz * 
	0x76, 0x5f, 0x63, 0x6f, 0x6c, 0x6f, 0x72, 0x30, 0x2e, 0x78, 0x79, 0x7a, 0x29, 0x20, 0x2a, 0x20, // v_color0.xyz) * 
	0x28, 0x30, 0x2e, 0x31, 0x20, 0x2b, 0x20, 0x0a, 0x20, 0x20, 0x20, 0x20, 0x20, 0x20, 0x20, 0x20, // (0.1 + .        
	0x20, 0x20, 0x20, 0x20, 0x20, 0x20, 0x6d, 0x61, 0x78, 0x20, 0x28, 0x64, 0x6f, 0x74, 0x20, 0x28, //       max (dot (
	0x6e, 0x5f, 0x32, 0x2c, 0x20, 0x74, 0x6d, 0x70, 0x76, 0x61, 0x72, 0x5f, 0x31, 0x32, 0x29, 0x2c, // n_2, tmpvar_12),
	0x20, 0x30, 0x2e, 0x30, 0x29, 0x0a, 0x20, 0x20, 0x20, 0x20, 0x20, 0x20, 0x20, 0x20, 0x20, 0x20, //  0.0).          
	0x20, 0x20, 0x29, 0x29, 0x20, 0x2b, 0x20, 0x76, 0x65, 0x63, 0x33, 0x28, 0x28, 0x70, 0x6f, 0x77, //   )) + vec3((pow
	0x20, 0x28, 0x0a, 0x20, 0x20, 0x20, 0x20, 0x20, 0x20, 0x20, 0x20, 0x20, 0x20, 0x20, 0x20, 0x20, //  (.             
	0x20, 0x6d, 0x61, 0x78, 0x20, 0x28, 0x64, 0x6f, 0x74, 0x20, 0x28, 0x6e, 0x5f, 0x32, 0x2c, 0x20, //  max (dot (n_2, 
	0x6e, 0x6f, 0x72, 0x6d, 0x61, 0x6c, 0x69, 0x7a, 0x65, 0x28, 0x28, 0x74, 0x6d, 0x70, 0x76, 0x61, // normalize((tmpva
	0x72, 0x5f, 0x31, 0x32, 0x20, 0x2b, 0x20, 0x74, 0x6d, 0x70, 0x76, 0x61, 0x72, 0x5f, 0x31, 0x31, // r_12 + tmpvar_11
	0x29, 0x29, 0x29, 0x2c, 0x20, 0x30, 0x2e, 0x30, 0x29, 0x0a, 0x20, 0x20, 0x20, 0x20, 0x20, 0x20, // ))), 0.0).      
	0x20, 0x20, 0x20, 0x20, 0x20, 0x20, 0x2c, 0x20, 0x33, 0x32, 0x2e, 0x30, 0x29, 0x20, 0x2a, 0x20, //       , 32.0) * 
	0x30, 0x2e, 0x35, 0x29, 0x29, 0x29, 0x3b, 0x0a, 0x20, 0x20, 0x20, 0x20, 0x20, 0x20, 0x20, 0x20, // 0.5)));.        
	0x20, 0x20, 0x20, 0x20, 0x63, 0x6f, 0x6c, 0x6f, 0x72, 0x5f, 0x33, 0x36, 0x20, 0x3d, 0x20, 0x28, //     color_36 = (
	0x63, 0x6f, 0x6c, 0x6f, 0x72, 0x5f, 0x33, 0x36, 0x20, 0x2f, 0x20, 0x28, 0x63, 0x6f, 0x6c, 0x6f, // color_36 / (colo
	0x72, 0x5f, 0x33, 0x36, 0x20, 0x2b, 0x20, 0x76, 0x65, 0x63, 0x33, 0x28, 0x31, 0x2e, 0x30, 0x2c, // r_36 + vec3(1.0,
	0x20, 0x31, 0x2e, 0x30, 0x2c, 0x20, 0x31, 0x2e, 0x30, 0x29, 0x29, 0x29, 0x3b, 0x0a, 0x20, 0x20, //  1.0, 1.0)));.  
	0x20, 0x20, 0x20, 0x20, 0x20, 0x20, 0x20, 0x20, 0x20, 0x20, 0x76, 0x65, 0x63, 0x34, 0x20, 0x74, //           vec4 t
	0x6d, 0x70, 0x76, 0x61, 0x72, 0x5f, 0x33, 0x37, 0x3b, 0x0a, 0x20, 0x20, 0x20, 0x20, 0x20, 0x20, // mpvar_37;.      
	0x20, 0x20, 0x20, 0x20, 0x20, 0x20, 0x74, 0x6d, 0x70, 0x76, 0x61, 0x72, 0x5f, 0x33, 0x37, 0x2e, //       tmpvar_37.
	0x78, 0x79, 0x7a, 0x20, 0x3d, 0x20, 0x70, 0x6f, 0x77, 0x20, 0x28, 0x63, 0x6f, 0x6c, 0x6f, 0x72, // xyz = pow (color
	0x5f, 0x33, 0x36, 0x2c, 0x20, 0x76, 0x65, 0x63, 0x33, 0x28, 0x30, 0x2e, 0x34, 0x35, 0x34, 0x35, // _36, vec3(0.4545
	0x34, 0x35, 0x34, 0x2c, 0x20, 0x30, 0x2e, 0x34, 0x35, 0x34, 0x35, 0x34, 0x35, 0x34, 0x2c, 0x20, // 454, 0.4545454, 
	0x30, 0x2e, 0x34, 0x35, 0x34, 0x35, 0x34, 0x35, 0x34, 0x29, 0x29, 0x3b, 0x0a, 0x20, 0x20, 0x20, // 0.4545454));.   
	0x20, 0x20, 0x20, 0x20, 0x20, 0x20, 0x20, 0x20, 0x20, 0x74, 0x6d, 0x70, 0x76, 0x61, 0x72, 0x5f, //          tmpvar_
	0x33, 0x37, 0x2e, 0x77, 0x20, 0x3d, 0x20, 0x28, 0x75, 0x5f, 0x62, 0x61, 0x73, 0x65, 0x43, 0x6f, // 37.w = (u_baseCo
	0x6c, 0x6f, 0x72, 0x2e, 0x77, 0x20, 0x2a, 0x20, 0x76, 0x5f, 0x63, 0x6f, 0x6c, 0x6f, 0x72, 0x30, // lor.w * v_color0
	0x2e, 0x77, 0x29, 0x3b, 0x0a, 0x20, 0x20, 0x20, 0x20, 0x20, 0x20, 0x20, 0x20, 0x20, 0x20, 0x20, // .w);.           
	0x20, 0x67, 0x6c, 0x5f, 0x46, 0x72, 0x61, 0x67, 0x43, 0x6f, 0x6c, 0x6f, 0x72, 0x20, 0x3d, 0x20, //  gl_FragColor = 
	0x74, 0x6d, 0x70, 0x76, 0x61, 0x72, 0x5f, 0x33, 0x37, 0x3b, 0x0a, 0x20, 0x20, 0x20, 0x20, 0x20, // tmpvar_37;.     
	0x20, 0x20, 0x20, 0x20, 0x20, 0x7d, 0x20, 0x65, 0x6c, 0x73, 0x65, 0x20, 0x7b, 0x0a, 0x20, 0x20, //      } else {.  
	0x20, 0x20, 0x20, 0x20, 0x20, 0x20, 0x20, 0x20, 0x20, 0x20, 0x69, 0x66, 0x20, 0x28, 0x28, 0x75, //           if ((u
	0x5f, 0x73, 0x74, 0x79, 0x6c, 0x65, 0x50, 0x61, 0x72, 0x61, 0x6d, 0x73, 0x2e, 0x78, 0x20, 0x3c, // _styleParams.x <
	0x20, 0x35, 0x2e, 0x35, 0x29, 0x29, 0x20, 0x7b, 0x0a, 0x20, 0x20, 0x20, 0x20, 0x20, 0x20, 0x20, //  5.5)) {.       
	0x20, 0x20, 0x20, 0x20, 0x20, 0x20, 0x20, 0x66, 0x6c, 0x6f, 0x61, 0x74, 0x20, 0x70, 0x61, 0x74, //        float pat
	0x74, 0x65, 0x72, 0x6e, 0x5f, 0x33, 0x38, 0x3b, 0x0a, 0x20, 0x20, 0x20, 0x20, 0x20, 0x20, 0x20, // tern_38;.       
	0x20, 0x20, 0x20, 0x20, 0x20, 0x20, 0x20, 0x76, 0x65, 0x63, 0x32, 0x20, 0x74, 0x6d, 0x70, 0x76, //        vec2 tmpv
	0x61, 0x72, 0x5f, 0x33, 0x39, 0x3b, 0x0a, 0x20, 0x20, 0x20, 0x20, 0x20, 0x20, 0x20, 0x20, 0x20, // ar_39;.         
	0x20, 0x20, 0x20, 0x20, 0x20, 0x74, 0x6d, 0x70, 0x76, 0x61, 0x72, 0x5f, 0x33, 0x39, 0x20, 0x3d, //      tmpvar_39 =
	0x20, 0x28, 0x76, 0x5f, 0x77, 0x6f, 0x72, 0x6c, 0x64, 0x50, 0x6f, 0x73, 0x2e, 0x78, 0x7a, 0x20, //  (v_worldPos.xz 
	0x2a, 0x20, 0x30, 0x2e, 0x35, 0x29, 0x3b, 0x0a, 0x20, 0x20, 0x20, 0x20, 0x20, 0x20, 0x20, 0x20, // * 0.5);.        
	0x20, 0x20, 0x20, 0x20, 0x20, 0x20, 0x66, 0x6c, 0x6f, 0x61, 0x74, 0x20, 0x74, 0x6d, 0x70, 0x76, //       float tmpv
	0x61, 0x72, 0x5f, 0x34, 0x30, 0x3b, 0x0a, 0x20, 0x20, 0x20, 0x20, 0x20, 0x20, 0x20, 0x20, 0x20, // ar_40;.         
	0x20, 0x20, 0x20, 0x20, 0x20, 0x74, 0x6d, 0x70, 0x76, 0x61, 0x72, 0x5f, 0x34, 0x30, 0x20, 0x3d, //      tmpvar_40 =
	0x20, 0x28, 0x28, 0x64, 0x6f, 0x74, 0x20, 0x28, 0x6e, 0x5f, 0x32, 0x2c, 0x20, 0x76, 0x65, 0x63, //  ((dot (n_2, vec
	0x33, 0x28, 0x30, 0x2e, 0x34, 0x2c, 0x20, 0x30, 0x2e, 0x38, 0x2c, 0x20, 0x30, 0x2e, 0x35, 0x35, // 3(0.4, 0.8, 0.55
	0x29, 0x29, 0x20, 0x2b, 0x20, 0x31, 0x2e, 0x30, 0x29, 0x20, 0x2a, 0x20, 0x30, 0x2e, 0x35, 0x29, // )) + 1.0) * 0.5)
	0x3b, 0x0a, 0x20, 0x20, 0x20, 0x20, 0x20, 0x20, 0x20, 0x20, 0x20, 0x20, 0x20, 0x20, 0x20, 0x20, // ;.              
	0x70, 0x61, 0x74, 0x74, 0x65, 0x72, 0x6e, 0x5f, 0x33, 0x38, 0x20, 0x3d, 0x20, 0x30, 0x2e, 0x30, // pattern_38 = 0.0
	0x3b, 0x0a, 0x20, 0x20, 0x20, 0x20, 0x20, 0x20, 0x20, 0x20, 0x20, 0x20, 0x20, 0x20, 0x20, 0x20, // ;.              
	0x69, 0x66, 0x20, 0x28, 0x28, 0x74, 0x6d, 0x70, 0x76, 0x61, 0x72, 0x5f, 0x34, 0x30, 0x20, 0x3c, // if ((tmpvar_40 <
	0x20, 0x30, 0x2e, 0x33, 0x29, 0x29, 0x20, 0x7b, 0x0a, 0x20, 0x20, 0x20, 0x20, 0x20, 0x20, 0x20, //  0.3)) {.       
	0x20, 0x20, 0x20, 0x20, 0x20, 0x20, 0x20, 0x20, 0x20, 0x66, 0x6c, 0x6f, 0x61, 0x74, 0x20, 0x68, //          float h
	0x5f, 0x34, 0x31, 0x3b, 0x0a, 0x20, 0x20, 0x20, 0x20, 0x20, 0x20, 0x20, 0x20, 0x20, 0x20, 0x20, // _41;.           
	0x20, 0x20, 0x20, 0x20, 0x20, 0x68, 0x5f, 0x34, 0x31, 0x20, 0x3d, 0x20, 0x66, 0x6c, 0x6f, 0x61, //      h_41 = floa
	0x74, 0x28, 0x28, 0x73, 0x69, 0x6e, 0x28, 0x0a, 0x20, 0x20, 0x20, 0x20, 0x20, 0x20, 0x20, 0x20, // t((sin(.        
	0x20, 0x20, 0x20, 0x20, 0x20, 0x20, 0x20, 0x20, 0x20, 0x20, 0x28, 0x74, 0x6d, 0x70, 0x76, 0x61, //           (tmpva
	0x72, 0x5f, 0x33, 0x39, 0x2e, 0x79, 0x20, 0x2a, 0x20, 0x32, 0x30, 0x2e, 0x30, 0x29, 0x0a, 0x20, // r_39.y * 20.0). 
	0x20, 0x20, 0x20, 0x20, 0x20, 0x20, 0x20, 0x20, 0x20, 0x20, 0x20, 0x20, 0x20, 0x20, 0x20, 0x29, //                )
	0x20, 0x3e, 0x3d, 0x20, 0x30, 0x2e, 0x39, 0x35, 0x29, 0x29, 0x3b, 0x0a, 0x20, 0x20, 0x20, 0x20, //  >= 0.95));.    
	0x20, 0x20, 0x20, 0x20, 0x20, 0x20, 0x20, 0x20, 0x20, 0x20, 0x20, 0x20, 0x68, 0x5f, 0x34, 0x31, //             h_41
	0x20, 0x3d, 0x20, 0x28, 0x68, 0x5f, 0x34, 0x31, 0x20, 0x2b, 0x20, 0x66, 0x6c, 0x6f, 0x61, 0x74, //  = (h_41 + float
	0x28, 0x28, 0x0a, 0x20, 0x20, 0x20, 0x20, 0x20, 0x20, 0x20, 0x20, 0x20, 0x20, 0x20, 0x20, 0x20, // ((.             
	0x20, 0x20, 0x20, 0x20, 0x20, 0x73, 0x69, 0x6e, 0x28, 0x28, 0x74, 0x6d, 0x70, 0x76, 0x61, 0x72, //      sin((tmpvar
	0x5f, 0x33, 0x39, 0x2e, 0x78, 0x20, 0x2a, 0x20, 0x32, 0x30, 0x2e, 0x30, 0x29, 0x29, 0x0a, 0x20, // _39.x * 20.0)). 
	0x20, 0x20, 0x20, 0x20, 0x20, 0x20, 0x20, 0x20, 0x20, 0x20, 0x20, 0x20, 0x20, 0x20, 0x20, 0x20, //                 
	0x3e, 0x3d, 0x20, 0x30, 0x2e, 0x39, 0x35, 0x29, 0x29, 0x29, 0x3b, 0x0a, 0x20, 0x20, 0x20, 0x20, // >= 0.95)));.    
	0x20, 0x20, 0x20, 0x20, 0x20, 0x20, 0x20, 0x20, 0x20, 0x20, 0x20, 0x20, 0x68, 0x5f, 0x34, 0x31, //             h_41
	0x20, 0x3d, 0x20, 0x28, 0x68, 0x5f, 0x34, 0x31, 0x20, 0x2b, 0x20, 0x66, 0x6c, 0x6f, 0x61, 0x74, //  = (h_41 + float
	0x28, 0x28, 0x0a, 0x20, 0x20, 0x20, 0x20, 0x20, 0x20, 0x20, 0x20, 0x20, 0x20, 0x20, 0x20, 0x20, // ((.             
	0x20, 0x20, 0x20, 0x20, 0x20, 0x73, 0x69, 0x6e, 0x28, 0x28, 0x28, 0x74, 0x6d, 0x70, 0x76, 0x61, //      sin(((tmpva
	0x72, 0x5f, 0x33, 0x39, 0x2e, 0x78, 0x20, 0x2b, 0x20, 0x74, 0x6d, 0x70, 0x76, 0x61, 0x72, 0x5f, // r_39.x + tmpvar_
	0x33, 0x39, 0x2e, 0x79, 0x29, 0x20, 0x2a, 0x20, 0x32, 0x30, 0x2e, 0x30, 0x29, 0x29, 0x0a, 0x20, // 39.y) * 20.0)). 
	0x20, 0x20, 0x20, 0x20, 0x20, 0x20, 0x20, 0x20, 0x20, 0x20, 0x20, 0x20, 0x20, 0x20, 0x20, 0x20, //                 
	0x3e, 0x3d, 0x20, 0x30, 0x2e, 0x39, 0x35, 0x29, 0x29, 0x29, 0x3b, 0x0a, 0x20, 0x20, 0x20, 0x20, // >= 0.95)));.    
	0x20, 0x20, 0x20, 0x20, 0x20, 0x20, 0x20, 0x20, 0x20, 0x20, 0x20, 0x20, 0x68, 0x5f, 0x34, 0x31, //             h_41
	0x20, 0x3d, 0x20, 0x28, 0x68, 0x5f, 0x34, 0x31, 0x20, 0x2b, 0x20, 0x66, 0x6c, 0x6f, 0x61, 0x74, //  = (h_41 + float
	0x28, 0x28, 0x0a, 0x20, 0x20, 0x20, 0x20, 0x20, 0x20, 0x20, 0x20, 0x20, 0x20, 0x20, 0x20, 0x20, // ((.             
	0x20, 0x20, 0x20, 0x20, 0x20, 0x73, 0x69, 0x6e, 0x28, 0x28, 0x28, 0x74, 0x6d, 0x70, 0x76, 0x61, //      sin(((tmpva
	0x72, 0x5f, 0x33, 0x39, 0x2e, 0x78, 0x20, 0x2d, 0x20, 0x74, 0x6d, 0x70, 0x76, 0x61, 0x72, 0x5f, // r_39.x - tmpvar_
	0x33, 0x39, 0x2e, 0x79, 0x29, 0x20, 0x2a, 0x20, 0x32, 0x30, 0x2e, 0x30, 0x29, 0x29, 0x0a, 0x20, // 39.y) * 20.0)). 
	0x20, 0x20, 0x20, 0x20, 0x20, 0x20, 0x20, 0x20, 0x20, 0x20, 0x20, 0x20, 0x20, 0x20, 0x20, 0x20, //                 
	0x3e, 0x3d, 0x20, 0x30, 0x2e, 0x39, 0x35, 0x29, 0x29, 0x29, 0x3b, 0x0a, 0x20, 0x20, 0x20, 0x20, // >= 0.95)));.    
	0x20, 0x20, 0x20, 0x20, 0x20, 0x20, 0x20, 0x20, 0x20, 0x20, 0x20, 0x20, 0x70, 0x61, 0x74, 0x74, //             patt
	0x65, 0x72, 0x6e, 0x5f, 0x33, 0x38, 0x20, 0x3d, 0x20, 0x28, 0x68, 0x5f, 0x34, 0x31, 0x20, 0x2a, // ern_38 = (h_41 *
	0x20, 0x31, 0x2e, 0x35, 0x29, 0x3b, 0x0a, 0x20, 0x20, 0x20, 0x20, 0x20, 0x20, 0x20, 0x20, 0x20, //  1.5);.         
	0x20, 0x20, 0x20, 0x20, 0x20, 0x20, 0x20, 0x76, 0x65, 0x63, 0x32, 0x20, 0x75, 0x76, 0x5f, 0x34, //        vec2 uv_4
	0x32, 0x3b, 0x0a, 0x20, 0x20, 0x20, 0x20, 0x20, 0x20, 0x20, 0x20, 0x20, 0x20, 0x20, 0x20, 0x20, // 2;.             
	0x20, 0x20, 0x20, 0x75, 0x76, 0x5f, 0x34, 0x32, 0x20, 0x3d, 0x20, 0x28, 0x74, 0x6d, 0x70, 0x76, //    uv_42 = (tmpv
	0x61, 0x72, 0x5f, 0x33, 0x39, 0x20, 0x2a, 0x20, 0x31, 0x2e, 0x35, 0x29, 0x3b, 0x0a, 0x20, 0x20, // ar_39 * 1.5);.  
	0x20, 0x20, 0x20, 0x20, 0x20, 0x20, 0x20, 0x20, 0x20, 0x20, 0x20, 0x20, 0x20, 0x20, 0x66, 0x6c, //               fl
	0x6f, 0x61, 0x74, 0x20, 0x68, 0x5f, 0x34, 0x33, 0x3b, 0x0a, 0x20, 0x20, 0x20, 0x20, 0x20, 0x20, // oat h_43;.      
	0x20, 0x20, 0x20, 0x20, 0x20, 0x20, 0x20, 0x20, 0x20, 0x20, 0x76, 0x65, 0x63, 0x32, 0x20, 0x74, //           vec2 t
	0x6d, 0x70, 0x76, 0x61, 0x72, 0x5f, 0x34, 0x34, 0x3b, 0x0a, 0x20, 0x20, 0x20, 0x20, 0x20, 0x20, // mpvar_44;.      
	0x20, 0x20, 0x20, 0x20, 0x20, 0x20, 0x20, 0x20, 0x20, 0x20, 0x74, 0x6d, 0x70, 0x76, 0x61, 0x72, //           tmpvar
	0x5f, 0x34, 0x34, 0x2e, 0x78, 0x20, 0x3d, 0x20, 0x28, 0x28, 0x75, 0x76, 0x5f, 0x34, 0x32, 0x2e, // _44.x = ((uv_42.
	0x78, 0x20, 0x2a, 0x20, 0x30, 0x2e, 0x30, 0x30, 0x30, 0x37, 0x39, 0x36, 0x32, 0x37, 0x34, 0x33, // x * 0.0007962743
	0x29, 0x20, 0x2b, 0x20, 0x28, 0x75, 0x76, 0x5f, 0x34, 0x32, 0x2e, 0x79, 0x20, 0x2a, 0x20, 0x30, // ) + (uv_42.y * 0
	0x2e, 0x39, 0x39, 0x39, 0x39, 0x39, 0x39, 0x37, 0x29, 0x29, 0x3b, 0x0a, 0x20, 0x20, 0x20, 0x20, // .9999997));.    
	0x20, 0x20, 0x20, 0x20, 0x20, 0x20, 0x20, 0x20, 0x20, 0x20, 0x20, 0x20, 0x74, 0x6d, 0x70, 0x76, //             tmpv
	0x61, 0x72, 0x5f, 0x34, 0x34, 0x2e, 0x79, 0x20, 0x3d, 0x20, 0x28, 0x28, 0x2d, 0x28, 0x75, 0x76, // ar_44.y = ((-(uv
	0x5f, 0x34, 0x32, 0x2e, 0x78, 0x29, 0x20, 0x2a, 0x20, 0x30, 0x2e, 0x39, 0x39, 0x39, 0x39, 0x39, // _42.x) * 0.99999
	0x39, 0x37, 0x29, 0x20, 0x2b, 0x20, 0x28, 0x75, 0x76, 0x5f, 0x34, 0x32, 0x2e, 0x79, 0x20, 0x2a, // 97) + (uv_42.y *
	0x20, 0x30, 0x2e, 0x30, 0x30, 0x30, 0x37, 0x39, 0x36, 0x32, 0x37, 0x34, 0x33, 0x29, 0x29, 0x3b, //  0.0007962743));
	0x0a, 0x20, 0x20, 0x20, 0x20, 0x20, 0x20, 0x20, 0x20, 0x20, 0x20, 0x20, 0x20, 0x20, 0x20, 0x20, // .               
	0x20, 0x68, 0x5f, 0x34, 0x33, 0x20, 0x3d, 0x20, 0x66, 0x6c, 0x6f, 0x61, 0x74, 0x28, 0x28, 0x73, //  h_43 = float((s
	0x69, 0x6e, 0x28, 0x0a, 0x20, 0x20, 0x20, 0x20, 0x20, 0x20, 0x20, 0x20, 0x20, 0x20, 0x20, 0x20, // in(.            
	0x20, 0x20, 0x20, 0x20, 0x20, 0x20, 0x28, 0x74, 0x6d, 0x70, 0x76, 0x61, 0x72, 0x5f, 0x34, 0x34, //       (tmpvar_44
	0x2e, 0x79, 0x20, 0x2a, 0x20, 0x32, 0x30, 0x2e, 0x30, 0x29, 0x0a, 0x20, 0x20, 0x20, 0x20, 0x20, // .y * 20.0).     
	0x20, 0x20, 0x20, 0x20, 0x20, 0x20, 0x20, 0x20, 0x20, 0x20, 0x20, 0x29, 0x20, 0x3e, 0x3d, 0x20, //            ) >= 
	0x30, 0x2e, 0x39, 0x35, 0x29, 0x29, 0x3b, 0x0a, 0x20, 0x20, 0x20, 0x20, 0x20, 0x20, 0x20, 0x20, // 0.95));.        
	0x20, 0x20, 0x20, 0x20, 0x20, 0x20, 0x20, 0x20, 0x68, 0x5f, 0x34, 0x33, 0x20, 0x3d, 0x20, 0x28, //         h_43 = (
	0x68, 0x5f, 0x34, 0x33, 0x20, 0x2b, 0x20, 0x66, 0x6c, 0x6f, 0x61, 0x74, 0x28, 0x28, 0x0a, 0x20, // h_43 + float((. 
	0x20, 0x20, 0x20, 0x20, 0x20, 0x20, 0x20, 0x20, 0x20, 0x20, 0x20, 0x20, 0x20, 0x20, 0x20, 0x20, //                 
	0x20, 0x73, 0x69, 0x6e, 0x28, 0x28, 0x74, 0x6d, 0x70, 0x76, 0x61, 0x72, 0x5f, 0x34, 0x34, 0x2e, //  sin((tmpvar_44.
	0x78, 0x20, 0x2a, 0x20, 0x32, 0x30, 0x2e, 0x30, 0x29, 0x29, 0x0a, 0x20, 0x20, 0x20, 0x20, 0x20, // x * 20.0)).     
	0x20, 0x20, 0x20, 0x20, 0x20, 0x20, 0x20, 0x20, 0x20, 0x20, 0x20, 0x20, 0x3e, 0x3d, 0x20, 0x30, //             >= 0
	0x2e, 0x39, 0x35, 0x29, 0x29, 0x29, 0x3b, 0x0a, 0x20, 0x20, 0x20, 0x20, 0x20, 0x20, 0x20, 0x20, // .95)));.        
	0x20, 0x20, 0x20, 0x20, 0x20, 0x20, 0x20, 0x20, 0x68, 0x5f, 0x34, 0x33, 0x20, 0x3d, 0x20, 0x28, //         h_43 = (
	0x68, 0x5f, 0x34, 0x33, 0x20, 0x2b, 0x20, 0x66, 0x6c, 0x6f, 0x61, 0x74, 0x28, 0x28, 0x0a, 0x20, // h_43 + float((. 
	0x20, 0x20, 0x20, 0x20, 0x20, 0x20, 0x20, 0x20, 0x20, 0x20, 0x20, 0x20, 0x20, 0x20, 0x20, 0x20, //                 
	0x20, 0x73, 0x69, 0x6e, 0x28, 0x28, 0x28, 0x74, 0x6d, 0x70, 0x76, 0x61, 0x72, 0x5f, 0x34, 0x34, //  sin(((tmpvar_44
	0x2e, 0x78, 0x20, 0x2b, 0x20, 0x74, 0x6d, 0x70, 0x76, 0x61, 0x72, 0x5f, 0x34, 0x34, 0x2e, 0x79, // .x + tmpvar_44.y
	0x29, 0x20, 0x2a, 0x20, 0x32, 0x30, 0x2e, 0x30, 0x29, 0x29, 0x0a, 0x20, 0x20, 0x20, 0x20, 0x20, // ) * 20.0)).     
	0x20, 0x20, 0x20, 0x20, 0x20, 0x20, 0x20, 0x20, 0x20, 0x20, 0x20, 0x20, 0x3e, 0x3d, 0x20, 0x30, //             >= 0
	0x2e, 0x39, 0x35, 0x29, 0x29, 0x29, 0x3b, 0x0a, 0x20, 0x20, 0x20, 0x20, 0x20, 0x20, 0x20, 0x20, // .95)));.        
	0x20, 0x20, 0x20, 0x20, 0x20, 0x20, 0x20, 0x20, 0x68, 0x5f, 0x34, 0x33, 0x20, 0x3d, 0x20, 0x28, //         h_43 = (
	0x68, 0x5f, 0x34, 0x33, 0x20, 0x2b, 0x20, 0x66, 0x6c, 0x6f, 0x61, 0x74, 0x28, 0x28, 0x0a, 0x20, // h_43 + float((. 
	0x20, 0x20, 0x20, 0x20, 0x20, 0x20, 0x20, 0x20, 0x20, 0x20, 0x20, 0x20, 0x20, 0x20, 0x20, 0x20, //                 
	0x20, 0x73, 0x69, 0x6e, 0x28, 0x28, 0x28, 0x74, 0x6d, 0x70, 0x76, 0x61, 0x72, 0x5f, 0x34, 0x34, //  sin(((tmpvar_44
	0x2e, 0x78, 0x20, 0x2d, 0x20, 0x74, 0x6d, 0x70, 0x76, 0x61, 0x72, 0x5f, 0x34, 0x34, 0x2e, 0x79, // .x - tmpvar_44.y
	0x29, 0x20, 0x2a, 0x20, 0x32, 0x30, 0x2e, 0x30, 0x29, 0x29, 0x0a, 0x20, 0x20, 0x20, 0x20, 0x20, // ) * 20.0)).     
	0x20, 0x20, 0x20, 0x20, 0x20, 0x20, 0x20, 0x20, 0x20, 0x20, 0x20, 0x20, 0x3e, 0x3d, 0x20, 0x30, //             >= 0
	0x2e, 0x39, 0x35, 0x29, 0x29, 0x29, 0x3b, 0x0a, 0x20, 0x20, 0x20, 0x20, 0x20, 0x20, 0x20, 0x20, // .95)));.        
	0x20, 0x20, 0x20, 0x20, 0x20, 0x20, 0x20, 0x20, 0x70, 0x61, 0x74, 0x74, 0x65, 0x72, 0x6e, 0x5f, //         pattern_
	0x33, 0x38, 0x20, 0x3d, 0x20, 0x28, 0x70, 0x61, 0x74, 0x74, 0x65, 0x72, 0x6e, 0x5f, 0x33, 0x38, // 38 = (pattern_38
	0x20, 0x2b, 0x20, 0x68, 0x5f, 0x34, 0x33, 0x29, 0x3b, 0x0a, 0x20, 0x20, 0x20, 0x20, 0x20, 0x20, //  + h_43);.      
	0x20, 0x20, 0x20, 0x20, 0x20, 0x20, 0x20, 0x20, 0x7d, 0x20, 0x65, 0x6c, 0x73, 0x65, 0x20, 0x7b, //         } else {
	0x0a, 0x20, 0x20, 0x20, 0x20, 0x20, 0x20, 0x20, 0x20, 0x20, 0x20, 0x20, 0x20, 0x20, 0x20, 0x20, // .               
	0x20, 0x69, 0x66, 0x20, 0x28, 0x28, 0x74, 0x6d, 0x70, 0x76, 0x61, 0x72, 0x5f, 0x34, 0x30, 0x20, //  if ((tmpvar_40 
	0x3c, 0x20, 0x30, 0x2e, 0x37, 0x29, 0x29, 0x20, 0x7b, 0x0a, 0x20, 0x20, 0x20, 0x20, 0x20, 0x20, // < 0.7)) {.      
	0x20, 0x20, 0x20, 0x20, 0x20, 0x20, 0x20, 0x20, 0x20, 0x20, 0x20, 0x20, 0x66, 0x6c, 0x6f, 0x61, //             floa
	0x74, 0x20, 0x68, 0x5f, 0x34, 0x35, 0x3b, 0x0a, 0x20, 0x20, 0x20, 0x20, 0x20, 0x20, 0x20, 0x20, // t h_45;.        
	0x20, 0x20, 0x20, 0x20, 0x20, 0x20, 0x20, 0x20, 0x20, 0x20, 0x68, 0x5f, 0x34, 0x35, 0x20, 0x3d, //           h_45 =
	0x20, 0x66, 0x6c, 0x6f, 0x61, 0x74, 0x28, 0x28, 0x73, 0x69, 0x6e, 0x28, 0x0a, 0x20, 0x20, 0x20, //  float((sin(.   
	0x20, 0x20, 0x20, 0x20, 0x20, 0x20, 0x20, 0x20, 0x20, 0x20, 0x20, 0x20, 0x20, 0x20, 0x20, 0x20, //                 
	0x20, 0x28, 0x74, 0x6d, 0x70, 0x76, 0x61, 0x72, 0x5f, 0x33, 0x39, 0x2e, 0x79, 0x20, 0x2a, 0x20, //  (tmpvar_39.y * 
	0x32, 0x30, 0x2e, 0x30, 0x29, 0x0a, 0x20, 0x20, 0x20, 0x20, 0x20, 0x20, 0x20, 0x20, 0x20, 0x20, // 20.0).          
	0x20, 0x20, 0x20, 0x20, 0x20, 0x20, 0x20, 0x20, 0x29, 0x20, 0x3e, 0x3d, 0x20, 0x30, 0x2e, 0x39, //         ) >= 0.9
	0x35, 0x29, 0x29, 0x3b, 0x0a, 0x20, 0x20, 0x20, 0x20, 0x20, 0x20, 0x20, 0x20, 0x20, 0x20, 0x20, // 5));.           
	0x20, 0x20, 0x20, 0x20, 0x20, 0x20, 0x20, 0x68, 0x5f, 0x34, 0x35, 0x20, 0x3d, 0x20, 0x28, 0x68, //        h_45 = (h
	0x5f, 0x34, 0x35, 0x20, 0x2b, 0x20, 0x66, 0x6c, 0x6f, 0x61, 0x74, 0x28, 0x28, 0x0a, 0x20, 0x20, // _45 + float((.  
	0x20, 0x20, 0x20, 0x20, 0x20, 0x20, 0x20, 0x20, 0x20, 0x20, 0x20, 0x20, 0x20, 0x20, 0x20, 0x20, //                 
	0x20, 0x20, 0x73, 0x69, 0x6e, 0x28, 0x28, 0x74, 0x6d, 0x70, 0x76, 0x61, 0x72, 0x5f, 0x33, 0x39, //   sin((tmpvar_39
	0x2e, 0x78, 0x20, 0x2a, 0x20, 0x32, 0x30, 0x2e, 0x30, 0x29, 0x29, 0x0a, 0x20, 0x20, 0x20, 0x20, // .x * 20.0)).    
	0x20, 0x20, 0x20, 0x20, 0x20, 0x20, 0x20, 0x20, 0x20, 0x20, 0x20, 0x20, 0x20, 0x20, 0x20, 0x3e, //                >
	0x3d, 0x20, 0x30, 0x2e, 0x39, 0x35, 0x29, 0x29, 0x29, 0x3b, 0x0a, 0x20, 0x20, 0x20, 0x20, 0x20, // = 0.95)));.     
	0x20, 0x20, 0x20, 0x20, 0x20, 0x20, 0x20, 0x20, 0x20, 0x20, 0x20, 0x20, 0x20, 0x68, 0x5f, 0x34, //              h_4
	0x35, 0x20, 0x3d, 0x20, 0x28, 0x68, 0x5f, 0x34, 0x35, 0x20, 0x2b, 0x20, 0x66, 0x6c, 0x6f, 0x61, // 5 = (h_45 + floa
	0x74, 0x28, 0x28, 0x0a, 0x20, 0x20, 0x20, 0x20, 0x20, 0x20, 0x20, 0x20, 0x20, 0x20, 0x20, 0x20, // t((.            
	0x20, 0x20, 0x20, 0x20, 0x20, 0x20, 0x20, 0x20, 0x73, 0x69, 0x6e, 0x28, 0x28, 0x28, 0x74, 0x6d, //         sin(((tm
	0x70, 0x76, 0x61, 0x72, 0x5f, 0x33, 0x39, 0x2e, 0x78, 0x20, 0x2b, 0x20, 0x74, 0x6d, 0x70, 0x76, // pvar_39.x + tmpv
	0x61, 0x72, 0x5f, 0x33, 0x39, 0x2e, 0x79, 0x29, 0x20, 0x2a, 0x20, 0x32, 0x30, 0x2e, 0x30, 0x29, // ar_39.y) * 20.0)
	0x29, 0x0a, 0x20, 0x20, 0x20, 0x20, 0x20, 0x20, 0x20, 0x20, 0x20, 0x20, 0x20, 0x20, 0x20, 0x20, // ).              
	0x20, 0x20, 0x20, 0x20, 0x20, 0x3e, 0x3d, 0x20, 0x30, 0x2e, 0x39, 0x35, 0x29, 0x29, 0x29, 0x3b, //      >= 0.95)));
	0x0a, 0x20, 0x20, 0x20, 0x20, 0x20, 0x20, 0x20, 0x20, 0x20, 0x20, 0x20, 0x20, 0x20, 0x20, 0x20, // .               
	0x20, 0x20, 0x20, 0x68, 0x5f, 0x34, 0x35, 0x20, 0x3d, 0x20, 0x28, 0x68, 0x5f, 0x34, 0x35, 0x20, //    h_45 = (h_45 
	0x2b, 0x20, 0x66, 0x6c, 0x6f, 0x61, 0x74, 0x28, 0x28, 0x0a, 0x20, 0x20, 0x20, 0x20, 0x20, 0x20, // + float((.      
	0x20, 0x20, 0x20, 0x20, 0x20, 0x20, 0x20, 0x20, 0x20, 0x20, 0x20, 0x20, 0x20, 0x20, 0x73, 0x69, //               si
	0x6e, 0x28, 0x28, 0x28, 0x74, 0x6d, 0x70, 0x76, 0x61, 0x72, 0x5f, 0x33, 0x39, 0x2e, 0x78, 0x20, // n(((tmpvar_39.x 
	0x2d, 0x20, 0x74, 0x6d, 0x70, 0x76, 0x61, 0x72, 0x5f, 0x33, 0x39, 0x2e, 0x79, 0x29, 0x20, 0x2a, // - tmpvar_39.y) *
	0x20, 0x32, 0x30, 0x2e, 0x30, 0x29, 0x29, 0x0a, 0x20, 0x20, 0x20, 0x20, 0x20, 0x20, 0x20, 0x20, //  20.0)).        
	0x20, 0x20, 0x20, 0x20, 0x20, 0x20, 0x20, 0x20, 0x20, 0x20, 0x20, 0x3e, 0x3d, 0x20, 0x30, 0x2e, //            >= 0.
	0x39, 0x35, 0x29, 0x29, 0x29, 0x3b, 0x0a, 0x20, 0x20, 0x20, 0x20, 0x20, 0x20, 0x20, 0x20, 0x20, // 95)));.         
	0x20, 0x20, 0x20, 0x20, 0x20, 0x20, 0x20, 0x20, 0x20, 0x70, 0x61, 0x74, 0x74, 0x65, 0x72, 0x6e, //          pattern
	0x5f, 0x33, 0x38, 0x20, 0x3d, 0x20, 0x28, 0x70, 0x61, 0x74, 0x74, 0x65, 0x72, 0x6e, 0x5f, 0x33, // _38 = (pattern_3
	0x38, 0x20, 0x2b, 0x20, 0x28, 0x68, 0x5f, 0x34, 0x35, 0x20, 0x2a, 0x20, 0x30, 0x2e, 0x35, 0x29, // 8 + (h_45 * 0.5)
	0x29, 0x3b, 0x0a, 0x20, 0x20, 0x20, 0x20, 0x20, 0x20, 0x20, 0x20, 0x20, 0x20, 0x20, 0x20, 0x20, // );.             
	0x20, 0x20, 0x20, 0x7d, 0x3b, 0x0a, 0x20, 0x20, 0x20, 0x20, 0x20, 0x20, 0x20, 0x20, 0x20, 0x20, //    };.          
	0x20, 0x20, 0x20, 0x20, 0x7d, 0x3b, 0x0a, 0x20, 0x20, 0x20, 0x20, 0x20, 0x20, 0x20, 0x20, 0x20, //     };.         
	0x20, 0x20, 0x20, 0x20, 0x20, 0x76, 0x65, 0x63, 0x32, 0x20, 0x70, 0x5f, 0x34, 0x36, 0x3b, 0x0a, //      vec2 p_46;.
	0x20, 0x20, 0x20, 0x20, 0x20, 0x20, 0x20, 0x20, 0x20, 0x20, 0x20, 0x20, 0x20, 0x20, 0x70, 0x5f, //               p_
	0x34, 0x36, 0x20, 0x3d, 0x20, 0x28, 0x74, 0x6d, 0x70, 0x76, 0x61, 0x72, 0x5f, 0x33, 0x39, 0x20, // 46 = (tmpvar_39 
	0x2a, 0x20, 0x31, 0x30, 0x2e, 0x30, 0x29, 0x3b, 0x0a, 0x20, 0x20, 0x20, 0x20, 0x20, 0x20, 0x20, // * 10.0);.       
	0x20, 0x20, 0x20, 0x20, 0x20, 0x20, 0x20, 0x76, 0x65, 0x63, 0x32, 0x20, 0x66, 0x5f, 0x34, 0x37, //        vec2 f_47
	0x3b, 0x0a, 0x20, 0x20, 0x20, 0x20, 0x20, 0x20, 0x20, 0x20, 0x20, 0x20, 0x20, 0x20, 0x20, 0x20, // ;.              
	0x76, 0x65, 0x63, 0x32, 0x20, 0x74, 0x6d, 0x70, 0x76, 0x61, 0x72, 0x5f, 0x34, 0x38, 0x3b, 0x0a, // vec2 tmpvar_48;.
	0x20, 0x20, 0x20, 0x20, 0x20, 0x20, 0x20, 0x20, 0x20, 0x20, 0x20, 0x20, 0x20, 0x20, 0x74, 0x6d, //               tm
	0x70, 0x76, 0x61, 0x72, 0x5f, 0x34, 0x38, 0x20, 0x3d, 0x20, 0x66, 0x6c, 0x6f, 0x6f, 0x72, 0x28, // pvar_48 = floor(
	0x70, 0x5f, 0x34, 0x36, 0x29, 0x3b, 0x0a, 0x20, 0x20, 0x20, 0x20, 0x20, 0x20, 0x20, 0x20, 0x20, // p_46);.         
	0x20, 0x20, 0x20, 0x20, 0x20, 0x76, 0x65, 0x63, 0x32, 0x20, 0x74, 0x6d, 0x70, 0x76, 0x61, 0x72, //      vec2 tmpvar
	0x5f, 0x34, 0x39, 0x3b, 0x0a, 0x20, 0x20, 0x20, 0x20, 0x20, 0x20, 0x20, 0x20, 0x20, 0x20, 0x20, // _49;.           
	0x20, 0x20, 0x20, 0x74, 0x6d, 0x70, 0x76, 0x61, 0x72, 0x5f, 0x34, 0x39, 0x20, 0x3d, 0x20, 0x66, //    tmpvar_49 = f
	0x72, 0x61, 0x63, 0x74, 0x28, 0x70, 0x5f, 0x34, 0x36, 0x29, 0x3b, 0x0a, 0x20, 0x20, 0x20, 0x20, // ract(p_46);.    
	0x20, 0x20, 0x20, 0x20, 0x20, 0x20, 0x20, 0x20, 0x20, 0x20, 0x66, 0x5f, 0x34, 0x37, 0x20, 0x3d, //           f_47 =
	0x20, 0x28, 0x28, 0x74, 0x6d, 0x70, 0x76, 0x61, 0x72, 0x5f, 0x34, 0x39, 0x20, 0x2a, 0x20, 0x74, //  ((tmpvar_49 * t
	0x6d, 0x70, 0x76, 0x61, 0x72, 0x5f, 0x34, 0x39, 0x29, 0x20, 0x2a, 0x20, 0x28, 0x33, 0x2e, 0x30, // mpvar_49) * (3.0
	0x20, 0x2d, 0x20, 0x28, 0x32, 0x2e, 0x30, 0x20, 0x2a, 0x20, 0x74, 0x6d, 0x70, 0x76, 0x61, 0x72, //  - (2.0 * tmpvar
	0x5f, 0x34, 0x39, 0x29, 0x29, 0x29, 0x3b, 0x0a, 0x20, 0x20, 0x20, 0x20, 0x20, 0x20, 0x20, 0x20, // _49)));.        
	0x20, 0x20, 0x20, 0x20, 0x20, 0x20, 0x76, 0x65, 0x63, 0x32, 0x20, 0x70, 0x5f, 0x35, 0x30, 0x3b, //       vec2 p_50;
	0x0a, 0x20, 0x20, 0x20, 0x20, 0x20, 0x20, 0x20, 0x20, 0x20, 0x20, 0x20, 0x20, 0x20, 0x20, 0x76, // .              v
	0x65, 0x63, 0x32, 0x20, 0x74, 0x6d, 0x70, 0x76, 0x61, 0x72, 0x5f, 0x35, 0x31, 0x3b, 0x0a, 0x20, // ec2 tmpvar_51;. 
	0x20, 0x20, 0x20, 0x20, 0x20, 0x20, 0x20, 0x20, 0x20, 0x20, 0x20, 0x20, 0x20, 0x74, 0x6d, 0x70, //              tmp
	0x76, 0x61, 0x72, 0x5f, 0x35, 0x31, 0x20, 0x3d, 0x20, 0x66, 0x72, 0x61, 0x63, 0x74, 0x28, 0x28, // var_51 = fract((
	0x74, 0x6d, 0x70, 0x76, 0x61, 0x72, 0x5f, 0x34, 0x38, 0x20, 0x2a, 0x20, 0x76, 0x65, 0x63, 0x32, // tmpvar_48 * vec2
	0x28, 0x31, 0x32, 0x33, 0x2e, 0x33, 0x34, 0x2c, 0x20, 0x34, 0x35, 0x36, 0x2e, 0x32, 0x31, 0x29, // (123.34, 456.21)
	0x29, 0x29, 0x3b, 0x0a, 0x20, 0x20, 0x20, 0x20, 0x20, 0x20, 0x20, 0x20, 0x20, 0x20, 0x20, 0x20, // ));.            
	0x20, 0x20, 0x70, 0x5f, 0x35, 0x30, 0x20, 0x3d, 0x20, 0x28, 0x74, 0x6d, 0x70, 0x76, 0x61, 0x72, //   p_50 = (tmpvar
	0x5f, 0x35, 0x31, 0x20, 0x2b, 0x20, 0x64, 0x6f, 0x74, 0x20, 0x28, 0x74, 0x6d, 0x70, 0x76, 0x61, // _51 + dot (tmpva
	0x72, 0x5f, 0x35, 0x31, 0x2c, 0x20, 0x28, 0x74, 0x6d, 0x70, 0x76, 0x61, 0x72, 0x5f, 0x35, 0x31, // r_51, (tmpvar_51
	0x20, 0x2b, 0x20, 0x34, 0x35, 0x2e, 0x33, 0x32, 0x29, 0x29, 0x29, 0x3b, 0x0a, 0x20, 0x20, 0x20, //  + 45.32)));.   
	0x20, 0x20, 0x20, 0x20, 0x20, 0x20, 0x20, 0x20, 0x20, 0x20, 0x20, 0x76, 0x65, 0x63, 0x32, 0x20, //            vec2 
	0x70, 0x5f, 0x35, 0x32, 0x3b, 0x0a, 0x20, 0x20, 0x20, 0x20, 0x20, 0x20, 0x20, 0x20, 0x20, 0x20, // p_52;.          
	0x20, 0x20, 0x20, 0x20, 0x70, 0x5f, 0x35, 0x32, 0x20, 0x3d, 0x20, 0x28, 0x74, 0x6d, 0x70, 0x76, //     p_52 = (tmpv
	0x61, 0x72, 0x5f, 0x34, 0x38, 0x20, 0x2b, 0x20, 0x76, 0x65, 0x63, 0x32, 0x28, 0x31, 0x2e, 0x30, // ar_48 + vec2(1.0
	0x2c, 0x20, 0x30, 0x2e, 0x30, 0x29, 0x29, 0x3b, 0x0a, 0x20, 0x20, 0x20, 0x20, 0x20, 0x20, 0x20, // , 0.0));.       
	0x20, 0x20, 0x20, 0x20, 0x20, 0x20, 0x20, 0x76, 0x65, 0x63, 0x32, 0x20, 0x74, 0x6d, 0x70, 0x76, //        vec2 tmpv
	0x61, 0x72, 0x5f, 0x35, 0x33, 0x3b, 0x0a, 0x20, 0x20, 0x20, 0x20, 0x20, 0x20, 0x20, 0x20, 0x20, // ar_53;.         
	0x20, 0x20, 0x20, 0x20, 0x20, 0x74, 0x6d, 0x70, 0x76, 0x61, 0x72, 0x5f, 0x35, 0x33, 0x20, 0x3d, //      tmpvar_53 =
	0x20, 0x66, 0x72, 0x61, 0x63, 0x74, 0x28, 0x28, 0x70, 0x5f, 0x35, 0x32, 0x20, 0x2a, 0x20, 0x76, //  fract((p_52 * v
	0x65, 0x63, 0x32, 0x28, 0x31, 0x32, 0x33, 0x2e, 0x33, 0x34, 0x2c, 0x20, 0x34, 0x35, 0x36, 0x2e, // ec2(123.34, 456.
	0x32, 0x31, 0x29, 0x29, 0x29, 0x3b, 0x0a, 0x20, 0x20, 0x20, 0x20, 0x20, 0x20, 0x20, 0x20, 0x20, // 21)));.         
	0x20, 0x20, 0x20, 0x20, 0x20, 0x70, 0x5f, 0x35, 0x32, 0x20, 0x3d, 0x20, 0x28, 0x74, 0x6d, 0x70, //      p_52 = (tmp
	0x76, 0x61, 0x72, 0x5f, 0x35, 0x33, 0x20, 0x2b, 0x20, 0x64, 0x6f, 0x74, 0x20, 0x28, 0x74, 0x6d, // var_53 + dot (tm
	0x70, 0x76, 0x61, 0x72, 0x5f, 0x35, 0x33, 0x2c, 0x20, 0x28, 0x74, 0x6d, 0x70, 0x76, 0x61, 0x72, // pvar_53, (tmpvar
	0x5f, 0x35, 0x33, 0x20, 0x2b, 0x20, 0x34, 0x35, 0x2e, 0x33, 0x32, 0x29, 0x29, 0x29, 0x3b, 0x0a, // _53 + 45.32)));.
	0x20, 0x20, 0x20, 0x20, 0x20, 0x20, 0x20, 0x20, 0x20, 0x20, 0x20, 0x20, 0x20, 0x20, 0x76, 0x65, //               ve
	0x63, 0x32, 0x20, 0x70, 0x5f, 0x35, 0x34, 0x3b, 0x0a, 0x20, 0x20, 0x20, 0x20, 0x20, 0x20, 0x20, // c2 p_54;.       
	0x20, 0x20, 0x20, 0x20, 0x20, 0x20, 0x20, 0x70, 0x5f, 0x35, 0x34, 0x20, 0x3d, 0x20, 0x28, 0x74, //        p_54 = (t
	0x6d, 0x70, 0x76, 0x61, 0x72, 0x5f, 0x34, 0x38, 0x20, 0x2b, 0x20, 0x76, 0x65, 0x63, 0x32, 0x28, // mpvar_48 + vec2(
	0x30, 0x2e, 0x30, 0x2c, 0x20, 0x31, 0x2e, 0x30, 0x29, 0x29, 0x3b, 0x0a, 0x20, 0x20, 0x20, 0x20, // 0.0, 1.0));.    
	0x20, 0x20, 0x20, 0x20, 0x20, 0x20, 0x20, 0x20, 0x20, 0x20, 0x76, 0x65, 0x63, 0x32, 0x20, 0x74, //           vec2 t
	0x6d, 0x70, 0x76, 0x61, 0x72, 0x5f, 0x35, 0x35, 0x3b, 0x0a, 0x20, 0x20, 0x20, 0x20, 0x20, 0x20, // mpvar_55;.      
	0x20, 0x20, 0x20, 0x20, 0x20, 0x20, 0x20, 0x20, 0x74, 0x6d, 0x70, 0x76, 0x61, 0x72, 0x5f, 0x35, //         tmpvar_5
	0x35, 0x20, 0x3d, 0x20, 0x66, 0x72, 0x61, 0x63, 0x74, 0x28, 0x28, 0x70, 0x5f, 0x35, 0x34, 0x20, // 5 = fract((p_54 
	0x2a, 0x20, 0x76, 0x65, 0x63, 0x32, 0x28, 0x31, 0x32, 0x33, 0x2e, 0x33, 0x34, 0x2c, 0x20, 0x34, // * vec2(123.34, 4
	0x35, 0x36, 0x2e, 0x32, 0x31, 0x29, 0x29, 0x29, 0x3b, 0x0a, 0x20, 0x20, 0x20, 0x20, 0x20, 0x20, // 56.21)));.      
	0x20, 0x20, 0x20, 0x20, 0x20, 0x20, 0x20, 0x20, 0x70, 0x5f, 0x35, 0x34, 0x20, 0x3d, 0x20, 0x28, //         p_54 = (
	0x74, 0x6d, 0x70, 0x76, 0x61, 0x72, 0x5f, 0x35, 0x35, 0x20, 0x2b, 0x20, 0x64, 0x6f, 0x74, 0x20, // tmpvar_55 + dot 
	0x28, 0x74, 0x6d, 0x70, 0x76, 0x61, 0x72, 0x5f, 0x35, 0x35, 0x2c, 0x20, 0x28, 0x74, 0x6d, 0x70, // (tmpvar_55, (tmp
	0x76, 0x61, 0x72, 0x5f, 0x35, 0x35, 0x20, 0x2b, 0x20, 0x34, 0x35, 0x2e, 0x33, 0x32, 0x29, 0x29, // var_55 + 45.32))
	0x29, 0x3b, 0x0a, 0x20, 0x20, 0x20, 0x20, 0x20, 0x20, 0x20, 0x20, 0x20, 0x20, 0x20, 0x20, 0x20, // );.             
	0x20, 0x76, 0x65, 0x63, 0x32, 0x20, 0x70, 0x5f, 0x35, 0x36, 0x3b, 0x0a, 0x20, 0x20, 0x20, 0x20, //  vec2 p_56;.    
	0x20, 0x20, 0x20, 0x20, 0x20, 0x20, 0x20, 0x20, 0x20, 0x20, 0x70, 0x5f, 0x35, 0x36, 0x20, 0x3d, //           p_56 =
	0x20, 0x28, 0x74, 0x6d, 0x70, 0x76, 0x61, 0x72, 0x5f, 0x34, 0x38, 0x20, 0x2b, 0x20, 0x76, 0x65, //  (tmpvar_48 + ve
	0x63, 0x32, 0x28, 0x31, 0x2e, 0x30, 0x2c, 0x20, 0x31, 0x2e, 0x30, 0x29, 0x29, 0x3b, 0x0a, 0x20, // c2(1.0, 1.0));. 
	0x20, 0x20, 0x20, 0x20, 0x20, 0x20, 0x20, 0x20, 0x20, 0x20, 0x20, 0x20, 0x20, 0x76, 0x65, 0x63, //              vec
	0x32, 0x20, 0x74, 0x6d, 0x70, 0x76, 0x61, 0x72, 0x5f, 0x35, 0x37, 0x3b, 0x0a, 0x20, 0x20, 0x20, // 2 tmpvar_57;.   
	0x20, 0x20, 0x20, 0x20, 0x20, 0x20, 0x20, 0x20, 0x20, 0x20, 0x20, 0x74, 0x6d, 0x70, 0x76, 0x61, //            tmpva
	0x72, 0x5f, 0x35, 0x37, 0x20, 0x3d, 0x20, 0x66, 0x72, 0x61, 0x63, 0x74, 0x28, 0x28, 0x70, 0x5f, // r_57 = fract((p_
	0x35, 0x36, 0x20, 0x2a, 0x20, 0x76, 0x65, 0x63, 0x32, 0x28, 0x31, 0x32, 0x33, 0x2e, 0x33, 0x34, // 56 * vec2(123.34
	0x2c, 0x20, 0x34, 0x35, 0x36, 0x2e, 0x32, 0x31, 0x29, 0x29, 0x29, 0x3b, 0x0a, 0x20, 0x20, 0x20, // , 456.21)));.   
	0x20, 0x20, 0x20, 0x20, 0x20, 0x20, 0x20, 0x20, 0x20, 0x20, 0x20, 0x70, 0x5f, 0x35, 0x36, 0x20, //            p_56 
	0x3d, 0x20, 0x28, 0x74, 0x6d, 0x70, 0x76, 0x61, 0x72, 0x5f, 0x35, 0x37, 0x20, 0x2b, 0x20, 0x64, // = (tmpvar_57 + d
	0x6f, 0x74, 0x20, 0x28, 0x74, 0x6d, 0x70, 0x76, 0x61, 0x72, 0x5f, 0x35, 0x37, 0x2c, 0x20, 0x28, // ot (tmpvar_57, (
	0x74, 0x6d, 0x70, 0x76, 0x61, 0x72, 0x5f, 0x35, 0x37, 0x20, 0x2b, 0x20, 0x34, 0x35, 0x2e, 0x33, // tmpvar_57 + 45.3
	0x32, 0x29, 0x29, 0x29, 0x3b, 0x0a, 0x20, 0x20, 0x20, 0x20, 0x20, 0x20, 0x20, 0x20, 0x20, 0x20, // 2)));.          
	0x20, 0x20, 0x20, 0x20, 0x70, 0x61, 0x74, 0x74, 0x65, 0x72, 0x6e, 0x5f, 0x33, 0x38, 0x20, 0x3d, //     pattern_38 =
	0x20, 0x28, 0x70, 0x61, 0x74, 0x74, 0x65, 0x72, 0x6e, 0x5f, 0x33, 0x38, 0x20, 0x2b, 0x20, 0x28, //  (pattern_38 + (
	0x28, 0x0a, 0x20, 0x20, 0x20, 0x20, 0x20, 0x20, 0x20, 0x20, 0x20, 0x20, 0x20, 0x20, 0x20, 0x20, // (.              
	0x20, 0x20, 0x6d, 0x69, 0x78, 0x20, 0x28, 0x6d, 0x69, 0x78, 0x20, 0x28, 0x66, 0x72, 0x61, 0x63, //   mix (mix (frac
	0x74, 0x28, 0x28, 0x70, 0x5f, 0x35, 0x30, 0x2e, 0x78, 0x20, 0x2a, 0x20, 0x70, 0x5f, 0x35, 0x30, // t((p_50.x * p_50
	0x2e, 0x79, 0x29, 0x29, 0x2c, 0x20, 0x66, 0x72, 0x61, 0x63, 0x74, 0x28, 0x28, 0x70, 0x5f, 0x35, // .y)), fract((p_5
	0x32, 0x2e, 0x78, 0x20, 0x2a, 0x20, 0x70, 0x5f, 0x35, 0x32, 0x2e, 0x79, 0x29, 0x29, 0x2c, 0x20, // 2.x * p_52.y)), 
	0x66, 0x5f, 0x34, 0x37, 0x2e, 0x78, 0x29, 0x2c, 0x20, 0x6d, 0x69, 0x78, 0x20, 0x28, 0x66, 0x72, // f_47.x), mix (fr
	0x61, 0x63, 0x74, 0x28, 0x28, 0x70, 0x5f, 0x35, 0x34, 0x2e, 0x78, 0x20, 0x2a, 0x20, 0x70, 0x5f, // act((p_54.x * p_
	0x35, 0x34, 0x2e, 0x79, 0x29, 0x29, 0x2c, 0x20, 0x66, 0x72, 0x61, 0x63, 0x74, 0x28, 0x28, 0x70, // 54.y)), fract((p
	0x5f, 0x35, 0x36, 0x2e, 0x78, 0x20, 0x2a, 0x20, 0x70, 0x5f, 0x35, 0x36, 0x2e, 0x79, 0x29, 0x29, // _56.x * p_56.y))
	0x2c, 0x20, 0x66, 0x5f, 0x34, 0x37, 0x2e, 0x78, 0x29, 0x2c, 0x20, 0x66, 0x5f, 0x34, 0x37, 0x2e, // , f_47.x), f_47.
	0x79, 0x29, 0x0a, 0x20, 0x20, 0x20, 0x20, 0x20, 0x20, 0x20, 0x20, 0x20, 0x20, 0x20, 0x20, 0x20, // y).             
	0x20, 0x20, 0x2d, 0x20, 0x30, 0x2e, 0x35, 0x29, 0x20, 0x2a, 0x20, 0x30, 0x2e, 0x31, 0x29, 0x29, //   - 0.5) * 0.1))
	0x3b, 0x0a, 0x20, 0x20, 0x20, 0x20, 0x20, 0x20, 0x20, 0x20, 0x20, 0x20, 0x20, 0x20, 0x20, 0x20, // ;.              
	0x70, 0x61, 0x74, 0x74, 0x65, 0x72, 0x6e, 0x5f, 0x33, 0x38, 0x20, 0x3d, 0x20, 0x28, 0x70, 0x61, // pattern_38 = (pa
	0x74, 0x74, 0x65, 0x72, 0x6e, 0x5f, 0x33, 0x38, 0x20, 0x2a, 0x20, 0x75, 0x5f, 0x73, 0x74, 0x72, // ttern_38 * u_str
	0x6f, 0x6b, 0x65, 0x50, 0x61, 0x72, 0x61, 0x6d, 0x73, 0x2e, 0x79, 0x29, 0x3b, 0x0a, 0x20, 0x20, // okeParams.y);.  
	0x20, 0x20, 0x20, 0x20, 0x20, 0x20, 0x20, 0x20, 0x20, 0x20, 0x20, 0x20, 0x66, 0x6c, 0x6f, 0x61, //             floa
	0x74, 0x20, 0x74, 0x6d, 0x70, 0x76, 0x61, 0x72, 0x5f, 0x35, 0x38, 0x3b, 0x0a, 0x20, 0x20, 0x20, // t tmpvar_58;.   
	0x20, 0x20, 0x20, 0x20, 0x20, 0x20, 0x20, 0x20, 0x20, 0x20, 0x20, 0x74, 0x6d, 0x70, 0x76, 0x61, //            tmpva
	0x72, 0x5f, 0x35, 0x38, 0x20, 0x3d, 0x20, 0x28, 0x31, 0x2e, 0x30, 0x20, 0x2d, 0x20, 0x6d, 0x61, // r_58 = (1.0 - ma
	0x78, 0x20, 0x28, 0x64, 0x6f, 0x74, 0x20, 0x28, 0x6e, 0x5f, 0x32, 0x2c, 0x20, 0x74, 0x6d, 0x70, // x (dot (n_2, tmp
	0x76, 0x61, 0x72, 0x5f, 0x31, 0x31, 0x29, 0x2c, 0x20, 0x30, 0x2e, 0x30, 0x29, 0x29, 0x3b, 0x0a, // var_11), 0.0));.
	0x20, 0x20, 0x20, 0x20, 0x20, 0x20, 0x20, 0x20, 0x20, 0x20, 0x20, 0x20, 0x20, 0x20, 0x66, 0x6c, //               fl
	0x6f, 0x61, 0x74, 0x20, 0x74, 0x6d, 0x70, 0x76, 0x61, 0x72, 0x5f, 0x35, 0x39, 0x3b, 0x0a, 0x20, // oat tmpvar_59;. 
	0x20, 0x20, 0x20, 0x20, 0x20, 0x20, 0x20, 0x20, 0x20, 0x20, 0x20, 0x20, 0x20, 0x74, 0x6d, 0x70, //              tmp
	0x76, 0x61, 0x72, 0x5f, 0x35, 0x39, 0x20, 0x3d, 0x20, 0x63, 0x6c, 0x61, 0x6d, 0x70, 0x20, 0x28, // var_59 = clamp (
	0x28, 0x28, 0x74, 0x6d, 0x70, 0x76, 0x61, 0x72, 0x5f, 0x35, 0x38, 0x20, 0x2d, 0x20, 0x30, 0x2e, // ((tmpvar_58 - 0.
	0x34, 0x29, 0x20, 0x2f, 0x20, 0x30, 0x2e, 0x34, 0x29, 0x2c, 0x20, 0x30, 0x2e, 0x30, 0x2c, 0x20, // 4) / 0.4), 0.0, 
	0x31, 0x2e, 0x30, 0x29, 0x3b, 0x0a, 0x20, 0x20, 0x20, 0x20, 0x20, 0x20, 0x20, 0x20, 0x20, 0x20, // 1.0);.          
	0x20, 0x20, 0x20, 0x20, 0x70, 0x61, 0x74, 0x74, 0x65, 0x72, 0x6e, 0x5f, 0x33, 0x38, 0x20, 0x3d, //     pattern_38 =
	0x20, 0x28, 0x70, 0x61, 0x74, 0x74, 0x65, 0x72, 0x6e, 0x5f, 0x33, 0x38, 0x20, 0x2b, 0x20, 0x28, //  (pattern_38 + (
	0x28, 0x74, 0x6d, 0x70, 0x76, 0x61, 0x72, 0x5f, 0x35, 0x39, 0x20, 0x2a, 0x20, 0x0a, 0x20, 0x20, // (tmpvar_59 * .  
	0x20, 0x20, 0x20, 0x20, 0x20, 0x20, 0x20, 0x20, 0x20, 0x20, 0x20, 0x20, 0x20, 0x20, 0x28, 0x74, //               (t
	0x6d, 0x70, 0x76, 0x61, 0x72, 0x5f, 0x35, 0x39, 0x20, 0x2a, 0x20, 0x28, 0x33, 0x2e, 0x30, 0x20, // mpvar_59 * (3.0 
	0x2d, 0x20, 0x28, 0x32, 0x2e, 0x30, 0x20, 0x2a, 0x20, 0x74, 0x6d, 0x70, 0x76, 0x61, 0x72, 0x5f, // - (2.0 * tmpvar_
	0x35, 0x39, 0x29, 0x29, 0x29, 0x0a, 0x20, 0x20, 0x20, 0x20, 0x20, 0x20, 0x20, 0x20, 0x20, 0x20, // 59))).          
	0x20, 0x20, 0x20, 0x20, 0x29, 0x20, 0x2a, 0x20, 0x30, 0x2e, 0x35, 0x29, 0x29, 0x3b, 0x0a, 0x20, //     ) * 0.5));. 
	0x20, 0x20, 0x20, 0x20, 0x20, 0x20, 0x20, 0x20, 0x20, 0x20, 0x20, 0x20, 0x20, 0x76, 0x65, 0x63, //              vec
	0x32, 0x20, 0x70, 0x5f, 0x36, 0x30, 0x3b, 0x0a, 0x20, 0x20, 0x20, 0x20, 0x20, 0x20, 0x20, 0x20, // 2 p_60;.        
	0x20, 0x20, 0x20, 0x20, 0x20, 0x20, 0x70, 0x5f, 0x36, 0x30, 0x20, 0x3d, 0x20, 0x28, 0x76, 0x5f, //       p_60 = (v_
	0x77, 0x6f, 0x72, 0x6c, 0x64, 0x50, 0x6f, 0x73, 0x2e, 0x78, 0x7a, 0x20, 0x2a, 0x20, 0x35, 0x2e, // worldPos.xz * 5.
	0x30, 0x29, 0x3b, 0x0a, 0x20, 0x20, 0x20, 0x20, 0x20, 0x20, 0x20, 0x20, 0x20, 0x20, 0x20, 0x20, // 0);.            
	0x20, 0x20, 0x76, 0x65, 0x63, 0x32, 0x20, 0x66, 0x5f, 0x36, 0x31, 0x3b, 0x0a, 0x20, 0x20, 0x20, //   vec2 f_61;.   
	0x20, 0x20, 0x20, 0x20, 0x20, 0x20, 0x20, 0x20, 0x20, 0x20, 0x20, 0x76, 0x65, 0x63, 0x32, 0x20, //            vec2 
	0x74, 0x6d, 0x70, 0x76, 0x61, 0x72, 0x5f, 0x36, 0x32, 0x3b, 0x0a, 0x20, 0x20, 0x20, 0x20, 0x20, // tmpvar_62;.     
	0x20, 0x20, 0x20, 0x20, 0x20, 0x20, 0x20, 0x20, 0x20, 0x74, 0x6d, 0x70, 0x76, 0x61, 0x72, 0x5f, //          tmpvar_
	0x36, 0x32, 0x20, 0x3d, 0x20, 0x66, 0x6c, 0x6f, 0x6f, 0x72, 0x28, 0x70, 0x5f, 0x36, 0x30, 0x29, // 62 = floor(p_60)
	0x3b, 0x0a, 0x20, 0x20, 0x20, 0x20, 0x20, 0x20, 0x20, 0x20, 0x20, 0x20, 0x20, 0x20, 0x20, 0x20, // ;.              
	0x76, 0x65, 0x63, 0x32, 0x20, 0x74, 0x6d, 0x70, 0x76, 0x61, 0x72, 0x5f, 0x36, 0x33, 0x3b, 0x0a, // vec2 tmpvar_63;.
	0x20, 0x20, 0x20, 0x20, 0x20, 0x20, 0x20, 0x20, 0x20, 0x20, 0x20, 0x20, 0x20, 0x20, 0x74, 0x6d, //               tm
	0x70, 0x76, 0x61, 0x72, 0x5f, 0x36, 0x33, 0x20, 0x3d, 0x20, 0x66, 0x72, 0x61, 0x63, 0x74, 0x28, // pvar_63 = fract(
	0x70, 0x5f, 0x36, 0x30, 0x29, 0x3b, 0x0a, 0x20, 0x20, 0x20, 0x20, 0x20, 0x20, 0x20, 0x20, 0x20, // p_60);.         
	0x20, 0x20, 0x20, 0x20, 0x20, 0x66, 0x5f, 0x36, 0x31, 0x20, 0x3d, 0x20, 0x28, 0x28, 0x74, 0x6d, //      f_61 = ((tm
	0x70, 0x76, 0x61, 0x72, 0x5f, 0x36, 0x33, 0x20, 0x2a, 0x20, 0x74, 0x6d, 0x70, 0x76, 0x61, 0x72, // pvar_63 * tmpvar
	0x5f, 0x36, 0x33, 0x29, 0x20, 0x2a, 0x20, 0x28, 0x33, 0x2e, 0x30, 0x20, 0x2d, 0x20, 0x28, 0x32, // _63) * (3.0 - (2
	0x2e, 0x30, 0x20, 0x2a, 0x20, 0x74, 0x6d, 0x70, 0x76, 0x61, 0x72, 0x5f, 0x36, 0x33, 0x29, 0x29, // .0 * tmpvar_63))
	0x29, 0x3b, 0x0a, 0x20, 0x20, 0x20, 0x20, 0x20, 0x20, 0x20, 0x20, 0x20, 0x20, 0x20, 0x20, 0x20, // );.             
	0x20, 0x76, 0x65, 0x63, 0x32, 0x20, 0x70, 0x5f, 0x36, 0x34, 0x3b, 0x0a, 0x20, 0x20, 0x20, 0x20, //  vec2 p_64;.    
	0x20, 0x20, 0x20, 0x20, 0x20, 0x20, 0x20, 0x20, 0x20, 0x20, 0x76, 0x65, 0x63, 0x32, 0x20, 0x74, //           vec2 t
	0x6d, 0x70, 0x76, 0x61, 0x72, 0x5f, 0x36, 0x35, 0x3b, 0x0a, 0x20, 0x20, 0x20, 0x20, 0x20, 0x20, // mpvar_65;.      
	0x20, 0x20, 0x20, 0x20, 0x20, 0x20, 0x20, 0x20, 0x74, 0x6d, 0x70, 0x76, 0x61, 0x72, 0x5f, 0x36, //         tmpvar_6
	0x35, 0x20, 0x3d, 0x20, 0x66, 0x72, 0x61, 0x63, 0x74, 0x28, 0x28, 0x74, 0x6d, 0x70, 0x76, 0x61, // 5 = fract((tmpva
	0x72, 0x5f, 0x36, 0x32, 0x20, 0x2a, 0x20, 0x76, 0x65, 0x63, 0x32, 0x28, 0x31, 0x32, 0x33, 0x2e, // r_62 * vec2(123.
	0x33, 0x34, 0x2c, 0x20, 0x34, 0x35, 0x36, 0x2e, 0x32, 0x31, 0x29, 0x29, 0x29, 0x3b, 0x0a, 0x20, // 34, 456.21)));. 
	0x20, 0x20, 0x20, 0x20, 0x20, 0x20, 0x20, 0x20, 0x20, 0x20, 0x20, 0x20, 0x20, 0x70, 0x5f, 0x36, //              p_6
	0x34, 0x20, 0x3d, 0x20, 0x28, 0x74, 0x6d, 0x70, 0x76, 0x61, 0x72, 0x5f, 0x36, 0x35, 0x20, 0x2b, // 4 = (tmpvar_65 +
	0x20, 0x64, 0x6f, 0x74, 0x20, 0x28, 0x74, 0x6d, 0x70, 0x76, 0x61, 0x72, 0x5f, 0x36, 0x35, 0x2c, //  dot (tmpvar_65,
	0x20, 0x28, 0x74, 0x6d, 0x70, 0x76, 0x61, 0x72, 0x5f, 0x36, 0x35, 0x20, 0x2b, 0x20, 0x34, 0x35, //  (tmpvar_65 + 45
	0x2e, 0x33, 0x32, 0x29, 0x29, 0x29, 0x3b, 0x0a, 0x20, 0x20, 0x20, 0x20, 0x20, 0x20, 0x20, 0x20, // .32)));.        
	0x20, 0x20, 0x20, 0x20, 0x20, 0x20, 0x76, 0x65, 0x63, 0x32, 0x20, 0x70, 0x5f, 0x36, 0x36, 0x3b, //       vec2 p_66;
	0x0a, 0x20, 0x20, 0x20, 0x20, 0x20, 0x20, 0x20, 0x20, 0x20, 0x20, 0x20, 0x20, 0x20, 0x20, 0x70, // .              p
	0x5f, 0x36, 0x36, 0x20, 0x3d, 0x20, 0x28, 0x74, 0x6d, 0x70, 0x76, 0x61, 0x72, 0x5f, 0x36, 0x32, // _66 = (tmpvar_62
	0x20, 0x2b, 0x20, 0x76, 0x65, 0x63, 0x32, 0x28, 0x31, 0x2e, 0x30, 0x2c, 0x20, 0x30, 0x2e, 0x30, //  + vec2(1.0, 0.0
	0x29, 0x29, 0x3b, 0x0a, 0x20, 0x20, 0x20, 0x20, 0x20, 0x20, 0x20, 0x20, 0x20, 0x20, 0x20, 0x20, // ));.            
	0x20, 0x20, 0x76, 0x65, 0x63, 0x32, 0x20, 0x74, 0x6d, 0x70, 0x76, 0x61, 0x72, 0x5f, 0x36, 0x37, //   vec2 tmpvar_67
	0x3b, 0x0a, 0x20, 0x20, 0x20, 0x20, 0x20, 0x20, 0x20, 0x20, 0x20, 0x20, 0x20, 0x20, 0x20, 0x20, // ;.              
	0x74, 0x6d, 0x70, 0x76, 0x61, 0x72, 0x5f, 0x36, 0x37, 0x20, 0x3d, 0x20, 0x66, 0x72, 0x61, 0x63, // tmpvar_67 = frac
	0x74, 0x28, 0x28, 0x70, 0x5f, 0x36, 0x36, 0x20, 0x2a, 0x20, 0x76, 0x65, 0x63, 0x32, 0x28, 0x31, // t((p_66 * vec2(1
	0x32, 0x33, 0x2e, 0x33, 0x34, 0x2c, 0x20, 0x34, 0x35, 0x36, 0x2e, 0x32, 0x31, 0x29, 0x29, 0x29, // 23.34, 456.21)))
	0x3b, 0x0a, 0x20, 0x20, 0x20, 0x20, 0x20, 0x20, 0x20, 0x20, 0x20, 0x20, 0x20, 0x20, 0x20, 0x20, // ;.              
	0x70, 0x5f, 0x36, 0x36, 0x20, 0x3d, 0x20, 0x28, 0x74, 0x6d, 0x70, 0x76, 0x61, 0x72, 0x5f, 0x36, // p_66 = (tmpvar_6
	0x37, 0x20, 0x2b, 0x20, 0x64, 0x6f, 0x74, 0x20, 0x28, 0x74, 0x6d, 0x70, 0x76, 0x61, 0x72, 0x5f, // 7 + dot (tmpvar_
	0x36, 0x37, 0x2c, 0x20, 0x28, 0x74, 0x6d, 0x70, 0x76, 0x61, 0x72, 0x5f, 0x36, 0x37, 0x20, 0x2b, // 67, (tmpvar_67 +
	0x20, 0x34, 0x35, 0x2e, 0x33, 0x32, 0x29, 0x29, 0x29, 0x3b, 0x0a, 0x20, 0x20, 0x20, 0x20, 0x20, //  45.32)));.     
	0x20, 0x20, 0x20, 0x20, 0x20, 0x20, 0x20, 0x20, 0x20, 0x76, 0x65, 0x63, 0x32, 0x20, 0x70, 0x5f, //          vec2 p_
	0x36, 0x38, 0x3b, 0x0a, 0x20, 0x20, 0x20, 0x20, 0x20, 0x20, 0x20, 0x20, 0x20, 0x20, 0x20, 0x20, // 68;.            
	0x20, 0x20, 0x70, 0x5f, 0x36, 0x38, 0x20, 0x3d, 0x20, 0x28, 0x74, 0x6d, 0x70, 0x76, 0x61, 0x72, //   p_68 = (tmpvar
	0x5f, 0x36, 0x32, 0x20, 0x2b, 0x20, 0x76, 0x65, 0x63, 0x32, 0x28, 0x30, 0x2e, 0x30, 0x2c, 0x20, // _62 + vec2(0.0, 
	0x31, 0x2e, 0x30, 0x29, 0x29, 0x3b, 0x0a, 0x20, 0x20, 0x20, 0x20, 0x20, 0x20, 0x20, 0x20, 0x20, // 1.0));.         
	0x20, 0x20, 0x20, 0x20, 0x20, 0x76, 0x65, 0x63, 0x32, 0x20, 0x74, 0x6d, 0x70, 0x76, 0x61, 0x72, //      vec2 tmpvar
	0x5f, 0x36, 0x39, 0x3b, 0x0a, 0x20, 0x20, 0x20, 0x20, 0x20, 0x20, 0x20, 0x20, 0x20, 0x20, 0x20, // _69;.           
	0x20, 0x20, 0x20, 0x74, 0x6d, 0x70, 0x76, 0x61, 0x72, 0x5f, 0x36, 0x39, 0x20, 0x3d, 0x20, 0x66, //    tmpvar_69 = f
	0x72, 0x61, 0x63, 0x74, 0x28, 0x28, 0x70, 0x5f, 0x36, 0x38, 0x20, 0x2a, 0x20, 0x76, 0x65, 0x63, // ract((p_68 * vec
	0x32, 0x28, 0x31, 0x32, 0x33, 0x2e, 0x33, 0x34, 0x2c, 0x20, 0x34, 0x35, 0x36, 0x2e, 0x32, 0x31, // 2(123.34, 456.21
	0x29, 0x29, 0x29, 0x3b, 0x0a, 0x20, 0x20, 0x20, 0x20, 0x20, 0x20, 0x20, 0x20, 0x20, 0x20, 0x20, // )));.           
	0x20, 0x20, 0x20, 0x70, 0x5f, 0x36, 0x38, 0x20, 0x3d, 0x20, 0x28, 0x74, 0x6d, 0x70, 0x76, 0x61, //    p_68 = (tmpva
	0x72, 0x5f, 0x36, 0x39, 0x20, 0x2b, 0x20, 0x64, 0x6f, 0x74, 0x20, 0x28, 0x74, 0x6d, 0x70, 0x76, // r_69 + dot (tmpv
	0x61, 0x72, 0x5f, 0x36, 0x39, 0x2c, 0x20, 0x28, 0x74, 0x6d, 0x70, 0x76, 0x61, 0x72, 0x5f, 0x36, // ar_69, (tmpvar_6
	0x39, 0x20, 0x2b, 0x20, 0x34, 0x35, 0x2e, 0x33, 0x32, 0x29, 0x29, 0x29, 0x3b, 0x0a, 0x20, 0x20, // 9 + 45.32)));.  
	0x20, 0x20, 0x20, 0x20, 0x20, 0x20, 0x20, 0x20, 0x20, 0x20, 0x20, 0x20, 0x76, 0x65, 0x63, 0x32, //             vec2
	0x20, 0x70, 0x5f, 0x37, 0x30, 0x3b, 0x0a, 0x20, 0x20, 0x20, 0x20, 0x20, 0x20, 0x20, 0x20, 0x20, //  p_70;.         
	0x20, 0x20, 0x20, 0x20, 0x20, 0x70, 0x5f, 0x37, 0x30, 0x20, 0x3d, 0x20, 0x28, 0x74, 0x6d, 0x70, //      p_70 = (tmp
	0x76, 0x61, 0x72, 0x5f, 0x36, 0x32, 0x20, 0x2b, 0x20, 0x76, 0x65, 0x63, 0x32, 0x28, 0x31, 0x2e, // var_62 + vec2(1.
	0x30, 0x2c, 0x20, 0x31, 0x2e, 0x30, 0x29, 0x29, 0x3b, 0x0a, 0x20, 0x20, 0x20, 0x20, 0x20, 0x20, // 0, 1.0));.      
	0x20, 0x20, 0x20, 0x20, 0x20, 0x20, 0x20, 0x20, 0x76, 0x65, 0x63, 0x32, 0x20, 0x74, 0x6d, 0x70, //         vec2 tmp
	0x76, 0x61, 0x72, 0x5f, 0x37, 0x31, 0x3b, 0x0a, 0x20, 0x20, 0x20, 0x20, 0x20, 0x20, 0x20, 0x20, // var_71;.        
	0x20, 0x20, 0x20, 0x20, 0x20, 0x20, 0x74, 0x6d, 0x70, 0x76, 0x61, 0x72, 0x5f, 0x37, 0x31, 0x20, //       tmpvar_71 
	0x3d, 0x20, 0x66, 0x72, 0x61, 0x63, 0x74, 0x28, 0x28, 0x70, 0x5f, 0x37, 0x30, 0x20, 0x2a, 0x20, // = fract((p_70 * 
	0x76, 0x65, 0x63, 0x32, 0x28, 0x31, 0x32, 0x33, 0x2e, 0x33, 0x34, 0x2c, 0x20, 0x34, 0x35, 0x36, // vec2(123.34, 456
	0x2e, 0x32, 0x31, 0x29, 0x29, 0x29, 0x3b, 0x0a, 0x20, 0x20, 0x20, 0x20, 0x20, 0x20, 0x20, 0x20, // .21)));.        
	0x20, 0x20, 0x20, 0x20, 0x20, 0x20, 0x70, 0x5f, 0x37, 0x30, 0x20, 0x3d, 0x20, 0x28, 0x74, 0x6d, //       p_70 = (tm
	0x70, 0x76, 0x61, 0x72, 0x5f, 0x37, 0x31, 0x20, 0x2b, 0x20, 0x64, 0x6f, 0x74, 0x20, 0x28, 0x74, // pvar_71 + dot (t
	0x6d, 0x70, 0x76, 0x61, 0x72, 0x5f, 0x37, 0x31, 0x2c, 0x20, 0x28, 0x74, 0x6d, 0x70, 0x76, 0x61, // mpvar_71, (tmpva
	0x72, 0x5f, 0x37, 0x31, 0x20, 0x2b, 0x20, 0x34, 0x35, 0x2e, 0x33, 0x32, 0x29, 0x29, 0x29, 0x3b, // r_71 + 45.32)));
	0x0a, 0x20, 0x20, 0x20, 0x20, 0x20, 0x20, 0x20, 0x20, 0x20, 0x20, 0x20, 0x20, 0x20, 0x20, 0x66, // .              f
	0x6c, 0x6f, 0x61, 0x74, 0x20, 0x74, 0x6d, 0x70, 0x76, 0x61, 0x72, 0x5f, 0x37, 0x32, 0x3b, 0x0a, // loat tmpvar_72;.
	0x20, 0x20, 0x20, 0x20, 0x20, 0x20, 0x20, 0x20, 0x20, 0x20, 0x20, 0x20, 0x20, 0x20, 0x74, 0x6d, //               tm
	0x70, 0x76, 0x61, 0x72, 0x5f, 0x37, 0x32, 0x20, 0x3d, 0x20, 0x63, 0x6c, 0x61, 0x6d, 0x70, 0x20, // pvar_72 = clamp 
	0x28, 0x28, 0x28, 0x74, 0x6d, 0x70, 0x76, 0x61, 0x72, 0x5f, 0x35, 0x38, 0x20, 0x2d, 0x20, 0x30, // (((tmpvar_58 - 0
	0x2e, 0x35, 0x29, 0x20, 0x2f, 0x20, 0x30, 0x2e, 0x31, 0x29, 0x2c, 0x20, 0x30, 0x2e, 0x30, 0x2c, // .5) / 0.1), 0.0,
	0x20, 0x31, 0x2e, 0x30, 0x29, 0x3b, 0x0a, 0x20, 0x20, 0x20, 0x20, 0x20, 0x20, 0x20, 0x20, 0x20, //  1.0);.         
	0x20, 0x20, 0x20, 0x20, 0x20, 0x76, 0x65, 0x63, 0x34, 0x20, 0x74, 0x6d, 0x70, 0x76, 0x61, 0x72, //      vec4 tmpvar
	0x5f, 0x37, 0x33, 0x3b, 0x0a, 0x20, 0x20, 0x20, 0x20, 0x20, 0x20, 0x20, 0x20, 0x20, 0x20, 0x20, // _73;.           
	0x20, 0x20, 0x20, 0x74, 0x6d, 0x70, 0x76, 0x61, 0x72, 0x5f, 0x37, 0x33, 0x2e, 0x77, 0x20, 0x3d, //    tmpvar_73.w =
	0x20, 0x31, 0x2e, 0x30, 0x3b, 0x0a, 0x20, 0x20, 0x20, 0x20, 0x20, 0x20, 0x20, 0x20, 0x20, 0x20, //  1.0;.          
	0x20, 0x20, 0x20, 0x20, 0x74, 0x6d, 0x70, 0x76, 0x61, 0x72, 0x5f, 0x37, 0x33, 0x2e, 0x78, 0x79, //     tmpvar_73.xy
	0x7a, 0x20, 0x3d, 0x20, 0x6d, 0x69, 0x78, 0x20, 0x28, 0x28, 0x6d, 0x69, 0x78, 0x20, 0x28, 0x76, // z = mix ((mix (v
	0x65, 0x63, 0x33, 0x28, 0x30, 0x2e, 0x39, 0x35, 0x2c, 0x20, 0x30, 0x2e, 0x39, 0x31, 0x2c, 0x20, // ec3(0.95, 0.91, 
	0x30, 0x2e, 0x38, 0x33, 0x29, 0x2c, 0x20, 0x76, 0x65, 0x63, 0x33, 0x28, 0x30, 0x2e, 0x31, 0x2c, // 0.83), vec3(0.1,
	0x20, 0x30, 0x2e, 0x31, 0x2c, 0x20, 0x30, 0x2e, 0x31, 0x29, 0x2c, 0x20, 0x0a, 0x20, 0x20, 0x20, //  0.1, 0.1), .   
	0x20, 0x20, 0x20, 0x20, 0x20, 0x20, 0x20, 0x20, 0x20, 0x20, 0x20, 0x20, 0x20, 0x63, 0x6c, 0x61, //              cla
	0x6d, 0x70, 0x20, 0x28, 0x70, 0x61, 0x74, 0x74, 0x65, 0x72, 0x6e, 0x5f, 0x33, 0x38, 0x2c, 0x20, // mp (pattern_38, 
	0x30, 0x2e, 0x30, 0x2c, 0x20, 0x31, 0x2e, 0x30, 0x29, 0x0a, 0x20, 0x20, 0x20, 0x20, 0x20, 0x20, // 0.0, 1.0).      
	0x20, 0x20, 0x20, 0x20, 0x20, 0x20, 0x20, 0x20, 0x29, 0x20, 0x2b, 0x20, 0x28, 0x0a, 0x20, 0x20, //         ) + (.  
	0x20, 0x20, 0x20, 0x20, 0x20, 0x20, 0x20, 0x20, 0x20, 0x20, 0x20, 0x20, 0x20, 0x20, 0x28, 0x6d, //               (m
	0x69, 0x78, 0x20, 0x28, 0x6d, 0x69, 0x78, 0x20, 0x28, 0x66, 0x72, 0x61, 0x63, 0x74, 0x28, 0x0a, // ix (mix (fract(.
	0x20, 0x20, 0x20, 0x20, 0x20, 0x20, 0x20, 0x20, 0x20, 0x20, 0x20, 0x20, 0x20, 0x20, 0x20, 0x20, //                 
	0x20, 0x20, 0x28, 0x70, 0x5f, 0x36, 0x34, 0x2e, 0x78, 0x20, 0x2a, 0x20, 0x70, 0x5f, 0x36, 0x34, //   (p_64.x * p_64
	0x2e, 0x79, 0x29, 0x0a, 0x20, 0x20, 0x20, 0x20, 0x20, 0x20, 0x20, 0x20, 0x20, 0x20, 0x20, 0x20, // .y).            
	0x20, 0x20, 0x20, 0x20, 0x29, 0x2c, 0x20, 0x66, 0x72, 0x61, 0x63, 0x74, 0x28, 0x0a, 0x20, 0x20, //     ), fract(.  
	0x20, 0x20, 0x20, 0x20, 0x20, 0x20, 0x20, 0x20, 0x20, 0x20, 0x20, 0x20, 0x20, 0x20, 0x20, 0x20, //                 
	0x28, 0x70, 0x5f, 0x36, 0x36, 0x2e, 0x78, 0x20, 0x2a, 0x20, 0x70, 0x5f, 0x36, 0x36, 0x2e, 0x79, // (p_66.x * p_66.y
	0x29, 0x0a, 0x20, 0x20, 0x20, 0x20, 0x20, 0x20, 0x20, 0x20, 0x20, 0x20, 0x20, 0x20, 0x20, 0x20, // ).              
	0x20, 0x20, 0x29, 0x2c, 0x20, 0x66, 0x5f, 0x36, 0x31, 0x2e, 0x78, 0x29, 0x2c, 0x20, 0x6d, 0x69, //   ), f_61.x), mi
	0x78, 0x20, 0x28, 0x66, 0x72, 0x61, 0x63, 0x74, 0x28, 0x0a, 0x20, 0x20, 0x20, 0x20, 0x20, 0x20, // x (fract(.      
	0x20, 0x20, 0x20, 0x20, 0x20, 0x20, 0x20, 0x20, 0x20, 0x20, 0x20, 0x20, 0x28, 0x70, 0x5f, 0x36, //             (p_6
	0x38, 0x2e, 0x78, 0x20, 0x2a, 0x20, 0x70, 0x5f, 0x36, 0x38, 0x2e, 0x79, 0x29, 0x0a, 0x20, 0x20, // 8.x * p_68.y).  
	0x20, 0x20, 0x20, 0x20, 0x20, 0x20, 0x20, 0x20, 0x20, 0x20, 0x20, 0x20, 0x20, 0x20, 0x29, 0x2c, //               ),
	0x20, 0x66, 0x72, 0x61, 0x63, 0x74, 0x28, 0x0a, 0x20, 0x20, 0x20, 0x20, 0x20, 0x20, 0x20, 0x20, //  fract(.        
	0x20, 0x20, 0x20, 0x20, 0x20, 0x20, 0x20, 0x20, 0x20, 0x20, 0x28, 0x70, 0x5f, 0x37, 0x30, 0x2e, //           (p_70.
	0x78, 0x20, 0x2a, 0x20, 0x70, 0x5f, 0x37, 0x30, 0x2e, 0x79, 0x29, 0x0a, 0x20, 0x20, 0x20, 0x20, // x * p_70.y).    
	0x20, 0x20, 0x20, 0x20, 0x20, 0x20, 0x20, 0x20, 0x20, 0x20, 0x20, 0x20, 0x29, 0x2c, 0x20, 0x66, //             ), f
	0x5f, 0x36, 0x31, 0x2e, 0x78, 0x29, 0x2c, 0x20, 0x66, 0x5f, 0x36, 0x31, 0x2e, 0x79, 0x29, 0x20, // _61.x), f_61.y) 
	0x2d, 0x20, 0x30, 0x2e, 0x35, 0x29, 0x0a, 0x20, 0x20, 0x20, 0x20, 0x20, 0x20, 0x20, 0x20, 0x20, // - 0.5).         
	0x20, 0x20, 0x20, 0x20, 0x20, 0x20, 0x2a, 0x20, 0x30, 0x2e, 0x30, 0x35, 0x29, 0x29, 0x2c, 0x20, //       * 0.05)), 
	0x76, 0x65, 0x63, 0x33, 0x28, 0x30, 0x2e, 0x31, 0x2c, 0x20, 0x30, 0x2e, 0x31, 0x2c, 0x20, 0x30, // vec3(0.1, 0.1, 0
	0x2e, 0x31, 0x29, 0x2c, 0x20, 0x28, 0x28, 0x74, 0x6d, 0x70, 0x76, 0x61, 0x72, 0x5f, 0x37, 0x32, // .1), ((tmpvar_72
	0x20, 0x2a, 0x20, 0x0a, 0x20, 0x20, 0x20, 0x20, 0x20, 0x20, 0x20, 0x20, 0x20, 0x20, 0x20, 0x20, //  * .            
	0x20, 0x20, 0x20, 0x20, 0x28, 0x74, 0x6d, 0x70, 0x76, 0x61, 0x72, 0x5f, 0x37, 0x32, 0x20, 0x2a, //     (tmpvar_72 *
	0x20, 0x28, 0x33, 0x2e, 0x30, 0x20, 0x2d, 0x20, 0x28, 0x32, 0x2e, 0x30, 0x20, 0x2a, 0x20, 0x74, //  (3.0 - (2.0 * t
	0x6d, 0x70, 0x76, 0x61, 0x72, 0x5f, 0x37, 0x32, 0x29, 0x29, 0x29, 0x0a, 0x20, 0x20, 0x20, 0x20, // mpvar_72))).    
	0x20, 0x20, 0x20, 0x20, 0x20, 0x20, 0x20, 0x20, 0x20, 0x20, 0x29, 0x20, 0x2a, 0x20, 0x30, 0x2e, //           ) * 0.
	0x38, 0x29, 0x29, 0x3b, 0x0a, 0x20, 0x20, 0x20, 0x20, 0x20, 0x20, 0x20, 0x20, 0x20, 0x20, 0x20, // 8));.           
	0x20, 0x20, 0x20, 0x67, 0x6c, 0x5f, 0x46, 0x72, 0x61, 0x67, 0x43, 0x6f, 0x6c, 0x6f, 0x72, 0x20, //    gl_FragColor 
	0x3d, 0x20, 0x74, 0x6d, 0x70, 0x76, 0x61, 0x72, 0x5f, 0x37, 0x33, 0x3b, 0x0a, 0x20, 0x20, 0x20, // = tmpvar_73;.   
	0x20, 0x20, 0x20, 0x20, 0x20, 0x20, 0x20, 0x20, 0x20, 0x7d, 0x20, 0x65, 0x6c, 0x73, 0x65, 0x20, //          } else 
	0x7b, 0x0a, 0x20, 0x20, 0x20, 0x20, 0x20, 0x20, 0x20, 0x20, 0x20, 0x20, 0x20, 0x20, 0x20, 0x20, // {.              
	0x69, 0x66, 0x20, 0x28, 0x28, 0x75, 0x5f, 0x73, 0x74, 0x79, 0x6c, 0x65, 0x50, 0x61, 0x72, 0x61, // if ((u_stylePara
	0x6d, 0x73, 0x2e, 0x78, 0x20, 0x3c, 0x20, 0x36, 0x2e, 0x35, 0x29, 0x29, 0x20, 0x7b, 0x0a, 0x20, // ms.x < 6.5)) {. 
	0x20, 0x20, 0x20, 0x20, 0x20, 0x20, 0x20, 0x20, 0x20, 0x20, 0x20, 0x20, 0x20, 0x20, 0x20, 0x76, //                v
	0x65, 0x63, 0x33, 0x20, 0x74, 0x6d, 0x70, 0x76, 0x61, 0x72, 0x5f, 0x37, 0x34, 0x3b, 0x0a, 0x20, // ec3 tmpvar_74;. 
	0x20, 0x20, 0x20, 0x20, 0x20, 0x20, 0x20, 0x20, 0x20, 0x20, 0x20, 0x20, 0x20, 0x20, 0x20, 0x76, //                v
	0x65, 0x63, 0x33, 0x20, 0x74, 0x6d, 0x70, 0x76, 0x61, 0x72, 0x5f, 0x37, 0x35, 0x3b, 0x0a, 0x20, // ec3 tmpvar_75;. 
	0x20, 0x20, 0x20, 0x20, 0x20, 0x20, 0x20, 0x20, 0x20, 0x20, 0x20, 0x20, 0x20, 0x20, 0x20, 0x74, //                t
	0x6d, 0x70, 0x76, 0x61, 0x72, 0x5f, 0x37, 0x35, 0x20, 0x3d, 0x20, 0x63, 0x6c, 0x61, 0x6d, 0x70, // mpvar_75 = clamp
	0x20, 0x28, 0x28, 0x76, 0x5f, 0x62, 0x61, 0x72, 0x79, 0x20, 0x2f, 0x20, 0x28, 0x0a, 0x20, 0x20, //  ((v_bary / (.  
	0x20, 0x20, 0x20, 0x20, 0x20, 0x20, 0x20, 0x20, 0x20, 0x20, 0x20, 0x20, 0x20, 0x20, 0x20, 0x20, //                 
	0x28, 0x61, 0x62, 0x73, 0x28, 0x64, 0x46, 0x64, 0x78, 0x28, 0x76, 0x5f, 0x62, 0x61, 0x72, 0x79, // (abs(dFdx(v_bary
	0x29, 0x29, 0x20, 0x2b, 0x20, 0x61, 0x62, 0x73, 0x28, 0x64, 0x46, 0x64, 0x79, 0x28, 0x76, 0x5f, // )) + abs(dFdy(v_
	0x62, 0x61, 0x72, 0x79, 0x29, 0x29, 0x29, 0x0a, 0x20, 0x20, 0x20, 0x20, 0x20, 0x20, 0x20, 0x20, // bary))).        
	0x20, 0x20, 0x20, 0x20, 0x20, 0x20, 0x20, 0x20, 0x20, 0x2a, 0x20, 0x31, 0x2e, 0x32, 0x29, 0x29, //          * 1.2))
	0x2c, 0x20, 0x30, 0x2e, 0x30, 0x2c, 0x20, 0x31, 0x2e, 0x30, 0x29, 0x3b, 0x0a, 0x20, 0x20, 0x20, // , 0.0, 1.0);.   
	0x20, 0x20, 0x20, 0x20, 0x20, 0x20, 0x20, 0x20, 0x20, 0x20, 0x20, 0x20, 0x20, 0x74, 0x6d, 0x70, //              tmp
	0x76, 0x61, 0x72, 0x5f, 0x37, 0x34, 0x20, 0x3d, 0x20, 0x28, 0x74, 0x6d, 0x70, 0x76, 0x61, 0x72, // var_74 = (tmpvar
	0x5f, 0x37, 0x35, 0x20, 0x2a, 0x20, 0x28, 0x74, 0x6d, 0x70, 0x76, 0x61, 0x72, 0x5f, 0x37, 0x35, // _75 * (tmpvar_75
	0x20, 0x2a, 0x20, 0x28, 0x33, 0x2e, 0x30, 0x20, 0x2d, 0x20, 0x0a, 0x20, 0x20, 0x20, 0x20, 0x20, //  * (3.0 - .     
	0x20, 0x20, 0x20, 0x20, 0x20, 0x20, 0x20, 0x20, 0x20, 0x20, 0x20, 0x20, 0x20, 0x28, 0x32, 0x2e, //              (2.
	0x30, 0x20, 0x2a, 0x20, 0x74, 0x6d, 0x70, 0x76, 0x61, 0x72, 0x5f, 0x37, 0x35, 0x29, 0x0a, 0x20, // 0 * tmpvar_75). 
	0x20, 0x20, 0x20, 0x20, 0x20, 0x20, 0x20, 0x20, 0x20, 0x20, 0x20, 0x20, 0x20, 0x20, 0x20, 0x29, //                )
	0x29, 0x29, 0x3b, 0x0a, 0x20, 0x20, 0x20, 0x20, 0x20, 0x20, 0x20, 0x20, 0x20, 0x20, 0x20, 0x20, // ));.            
	0x20, 0x20, 0x20, 0x20, 0x66, 0x6c, 0x6f, 0x61, 0x74, 0x20, 0x74, 0x6d, 0x70, 0x76, 0x61, 0x72, //     float tmpvar
	0x5f, 0x37, 0x36, 0x3b, 0x0a, 0x20, 0x20, 0x20, 0x20, 0x20, 0x20, 0x20, 0x20, 0x20, 0x20, 0x20, // _76;.           
	0x20, 0x20, 0x20, 0x20, 0x20, 0x74, 0x6d, 0x70, 0x76, 0x61, 0x72, 0x5f, 0x37, 0x36, 0x20, 0x3d, //      tmpvar_76 =
	0x20, 0x63, 0x6c, 0x61, 0x6d, 0x70, 0x20, 0x28, 0x28, 0x31, 0x2e, 0x30, 0x20, 0x2d, 0x20, 0x6d, //  clamp ((1.0 - m
	0x61, 0x78, 0x20, 0x28, 0x0a, 0x20, 0x20, 0x20, 0x20, 0x20, 0x20, 0x20, 0x20, 0x20, 0x20, 0x20, // ax (.           
	0x20, 0x20, 0x20, 0x20, 0x20, 0x20, 0x20, 0x64, 0x6f, 0x74, 0x20, 0x28, 0x6e, 0x5f, 0x32, 0x2c, //        dot (n_2,
	0x20, 0x74, 0x6d, 0x70, 0x76, 0x61, 0x72, 0x5f, 0x31, 0x31, 0x29, 0x0a, 0x20, 0x20, 0x20, 0x20, //  tmpvar_11).    
	0x20, 0x20, 0x20, 0x20, 0x20, 0x20, 0x20, 0x20, 0x20, 0x20, 0x20, 0x20, 0x2c, 0x20, 0x30, 0x2e, //             , 0.
	0x30, 0x29, 0x29, 0x2c, 0x20, 0x30, 0x2e, 0x30, 0x2c, 0x20, 0x31, 0x2e, 0x30, 0x29, 0x3b, 0x0a, // 0)), 0.0, 1.0);.
	0x20, 0x20, 0x20, 0x20, 0x20, 0x20, 0x20, 0x20, 0x20, 0x20, 0x20, 0x20, 0x20, 0x20, 0x20, 0x20, //                 
	0x76, 0x65, 0x63, 0x34, 0x20, 0x74, 0x6d, 0x70, 0x76, 0x61, 0x72, 0x5f, 0x37, 0x37, 0x3b, 0x0a, // vec4 tmpvar_77;.
	0x20, 0x20, 0x20, 0x20, 0x20, 0x20, 0x20, 0x20, 0x20, 0x20, 0x20, 0x20, 0x20, 0x20, 0x20, 0x20, //                 
	0x74, 0x6d, 0x70, 0x76, 0x61, 0x72, 0x5f, 0x37, 0x37, 0x2e, 0x78, 0x79, 0x7a, 0x20, 0x3d, 0x20, // tmpvar_77.xyz = 
	0x6d, 0x69, 0x78, 0x20, 0x28, 0x28, 0x75, 0x5f, 0x77, 0x69, 0x72, 0x65, 0x66, 0x72, 0x61, 0x6d, // mix ((u_wirefram
	0x65, 0x43, 0x6f, 0x6c, 0x6f, 0x72, 0x2e, 0x78, 0x79, 0x7a, 0x20, 0x2a, 0x20, 0x28, 0x74, 0x6d, // eColor.xyz * (tm
	0x70, 0x76, 0x61, 0x72, 0x5f, 0x37, 0x36, 0x20, 0x2a, 0x20, 0x74, 0x6d, 0x70, 0x76, 0x61, 0x72, // pvar_76 * tmpvar
	0x5f, 0x37, 0x36, 0x29, 0x29, 0x2c, 0x20, 0x75, 0x5f, 0x77, 0x69, 0x72, 0x65, 0x66, 0x72, 0x61, // _76)), u_wirefra
	0x6d, 0x65, 0x43, 0x6f, 0x6c, 0x6f, 0x72, 0x2e, 0x78, 0x79, 0x7a, 0x2c, 0x20, 0x28, 0x31, 0x2e, // meColor.xyz, (1.
	0x30, 0x20, 0x2d, 0x20, 0x6d, 0x69, 0x6e, 0x20, 0x28, 0x0a, 0x20, 0x20, 0x20, 0x20, 0x20, 0x20, // 0 - min (.      
	0x20, 0x20, 0x20, 0x20, 0x20, 0x20, 0x20, 0x20, 0x20, 0x20, 0x20, 0x20, 0x6d, 0x69, 0x6e, 0x20, //             min 
	0x28, 0x74, 0x6d, 0x70, 0x76, 0x61, 0x72, 0x5f, 0x37, 0x34, 0x2e, 0x78, 0x2c, 0x20, 0x74, 0x6d, // (tmpvar_74.x, tm
	0x70, 0x76, 0x61, 0x72, 0x5f, 0x37, 0x34, 0x2e, 0x79, 0x29, 0x0a, 0x20, 0x20, 0x20, 0x20, 0x20, // pvar_74.y).     
	0x20, 0x20, 0x20, 0x20, 0x20, 0x20, 0x20, 0x20, 0x20, 0x20, 0x20, 0x2c, 0x20, 0x74, 0x6d, 0x70, //            , tmp
	0x76, 0x61, 0x72, 0x5f, 0x37, 0x34, 0x2e, 0x7a, 0x29, 0x29, 0x29, 0x3b, 0x0a, 0x20, 0x20, 0x20, // var_74.z)));.   
	0x20, 0x20, 0x20, 0x20, 0x20, 0x20, 0x20, 0x20, 0x20, 0x20, 0x20, 0x20, 0x20, 0x74, 0x6d, 0x70, //              tmp
	0x76, 0x61, 0x72, 0x5f, 0x37, 0x37, 0x2e, 0x77, 0x20, 0x3d, 0x20, 0x28, 0x75, 0x5f, 0x62, 0x61, // var_77.w = (u_ba
	0x73, 0x65, 0x43, 0x6f, 0x6c, 0x6f, 0x72, 0x2e, 0x77, 0x20, 0x2a, 0x20, 0x76, 0x5f, 0x63, 0x6f, // seColor.w * v_co
	0x6c, 0x6f, 0x72, 0x30, 0x2e, 0x77, 0x29, 0x3b, 0x0a, 0x20, 0x20, 0x20, 0x20, 0x20, 0x20, 0x20, // lor0.w);.       
	0x20, 0x20, 0x20, 0x20, 0x20, 0x20, 0x20, 0x20, 0x20, 0x67, 0x6c, 0x5f, 0x46, 0x72, 0x61, 0x67, //          gl_Frag
	0x43, 0x6f, 0x6c, 0x6f, 0x72, 0x20, 0x3d, 0x20, 0x74, 0x6d, 0x70, 0x76, 0x61, 0x72, 0x5f, 0x37, // Color = tmpvar_7
	0x37, 0x3b, 0x0a, 0x20, 0x20, 0x20, 0x20, 0x20, 0x20, 0x20, 0x20, 0x20, 0x20, 0x20, 0x20, 0x20, // 7;.             
	0x20, 0x7d, 0x20, 0x65, 0x6c, 0x73, 0x65, 0x20, 0x7b, 0x0a, 0x20, 0x20, 0x20, 0x20, 0x20, 0x20, //  } else {.      
	0x20, 0x20, 0x20, 0x20, 0x20, 0x20, 0x20, 0x20, 0x20, 0x20, 0x69, 0x66, 0x20, 0x28, 0x28, 0x75, //           if ((u
	0x5f, 0x73, 0x74, 0x79, 0x6c, 0x65, 0x50, 0x61, 0x72, 0x61, 0x6d, 0x73, 0x2e, 0x78, 0x20, 0x3c, // _styleParams.x <
	0x20, 0x37, 0x2e, 0x35, 0x29, 0x29, 0x20, 0x7b, 0x0a, 0x20, 0x20, 0x20, 0x20, 0x20, 0x20, 0x20, //  7.5)) {.       
	0x20, 0x20, 0x20, 0x20, 0x20, 0x20, 0x20, 0x20, 0x20, 0x20, 0x20, 0x66, 0x6c, 0x6f, 0x61, 0x74, //            float
	0x20, 0x72, 0x61, 0x77, 0x44, 0x65, 0x70, 0x74, 0x68, 0x5f, 0x37, 0x38, 0x3b, 0x0a, 0x20, 0x20, //  rawDepth_78;.  
	0x20, 0x20, 0x20, 0x20, 0x20, 0x20, 0x20, 0x20, 0x20, 0x20, 0x20, 0x20, 0x20, 0x20, 0x20, 0x20, //                 
	0x72, 0x61, 0x77, 0x44, 0x65, 0x70, 0x74, 0x68, 0x5f, 0x37, 0x38, 0x20, 0x3d, 0x20, 0x67, 0x6c, // rawDepth_78 = gl
	0x5f, 0x46, 0x72, 0x61, 0x67, 0x43, 0x6f, 0x6f, 0x72, 0x64, 0x2e, 0x7a, 0x3b, 0x0a, 0x20, 0x20, // _FragCoord.z;.  
	0x20, 0x20, 0x20, 0x20, 0x20, 0x20, 0x20, 0x20, 0x20, 0x20, 0x20, 0x20, 0x20, 0x20, 0x20, 0x20, //                 
	0x66, 0x6c, 0x6f, 0x61, 0x74, 0x20, 0x74, 0x6d, 0x70, 0x76, 0x61, 0x72, 0x5f, 0x37, 0x39, 0x3b, // float tmpvar_79;
	0x0a, 0x20, 0x20, 0x20, 0x20, 0x20, 0x20, 0x20, 0x20, 0x20, 0x20, 0x20, 0x20, 0x20, 0x20, 0x20, // .               
	0x20, 0x20, 0x20, 0x69, 0x66, 0x20, 0x28, 0x28, 0x75, 0x4c, 0x6f, 0x67, 0x44, 0x65, 0x70, 0x74, //    if ((uLogDept
	0x68, 0x2e, 0x78, 0x20, 0x3c, 0x20, 0x30, 0x2e, 0x35, 0x29, 0x29, 0x20, 0x7b, 0x0a, 0x20, 0x20, // h.x < 0.5)) {.  
	0x20, 0x20, 0x20, 0x20, 0x20, 0x20, 0x20, 0x20, 0x20, 0x20, 0x20, 0x20, 0x20, 0x20, 0x20, 0x20, //                 
	0x20, 0x20, 0x74, 0x6d, 0x70, 0x76, 0x61, 0x72, 0x5f, 0x37, 0x39, 0x20, 0x3d, 0x20, 0x72, 0x61, //   tmpvar_79 = ra
	0x77, 0x44, 0x65, 0x70, 0x74, 0x68, 0x5f, 0x37, 0x38, 0x3b, 0x0a, 0x20, 0x20, 0x20, 0x20, 0x20, // wDepth_78;.     
	0x20, 0x20, 0x20, 0x20, 0x20, 0x20, 0x20, 0x20, 0x20, 0x20, 0x20, 0x20, 0x20, 0x7d, 0x20, 0x65, //              } e
	0x6c, 0x73, 0x65, 0x20, 0x7b, 0x0a, 0x20, 0x20, 0x20, 0x20, 0x20, 0x20, 0x20, 0x20, 0x20, 0x20, // lse {.          
	0x20, 0x20, 0x20, 0x20, 0x20, 0x20, 0x20, 0x20, 0x20, 0x20, 0x69, 0x66, 0x20, 0x28, 0x28, 0x28, //           if (((
	0x76, 0x5f, 0x64, 0x65, 0x70, 0x74, 0x68, 0x20, 0x3c, 0x20, 0x75, 0x4c, 0x6f, 0x67, 0x44, 0x65, // v_depth < uLogDe
	0x70, 0x74, 0x68, 0x2e, 0x79, 0x29, 0x20, 0x7c, 0x7c, 0x20, 0x28, 0x76, 0x5f, 0x64, 0x65, 0x70, // pth.y) || (v_dep
	0x74, 0x68, 0x20, 0x3e, 0x20, 0x75, 0x4c, 0x6f, 0x67, 0x44, 0x65, 0x70, 0x74, 0x68, 0x2e, 0x7a, // th > uLogDepth.z
	0x29, 0x29, 0x29, 0x20, 0x7b, 0x0a, 0x20, 0x20, 0x20, 0x20, 0x20, 0x20, 0x20, 0x20, 0x20, 0x20, // ))) {.          
	0x20, 0x20, 0x20, 0x20, 0x20, 0x20, 0x20, 0x20, 0x20, 0x20, 0x20, 0x20, 0x64, 0x69, 0x73, 0x63, //             disc
	0x61, 0x72, 0x64, 0x3b, 0x0a, 0x20, 0x20, 0x20, 0x20, 0x20, 0x20, 0x20, 0x20, 0x20, 0x20, 0x20, // ard;.           
	0x20, 0x20, 0x20, 0x20, 0x20, 0x20, 0x20, 0x20, 0x20, 0x7d, 0x3b, 0x0a, 0x20, 0x20, 0x20, 0x20, //          };.    
	0x20, 0x20, 0x20, 0x20, 0x20, 0x20, 0x20, 0x20, 0x20, 0x20, 0x20, 0x20, 0x20, 0x20, 0x20, 0x20, //                 
	0x74, 0x6d, 0x70, 0x76, 0x61, 0x72, 0x5f, 0x37, 0x39, 0x20, 0x3d, 0x20, 0x63, 0x6c, 0x61, 0x6d, // tmpvar_79 = clam
	0x70, 0x20, 0x28, 0x28, 0x6c, 0x6f, 0x67, 0x32, 0x28, 0x0a, 0x20, 0x20, 0x20, 0x20, 0x20, 0x20, // p ((log2(.      
	0x20, 0x20, 0x20, 0x20, 0x20, 0x20, 0x20, 0x20, 0x20, 0x20, 0x20, 0x20, 0x20, 0x20, 0x20, 0x20, //                 
	0x6d, 0x61, 0x78, 0x20, 0x28, 0x28, 0x76, 0x5f, 0x64, 0x65, 0x70, 0x74, 0x68, 0x20, 0x2f, 0x20, // max ((v_depth / 
	0x75, 0x4c, 0x6f, 0x67, 0x44, 0x65, 0x70, 0x74, 0x68, 0x2e, 0x79, 0x29, 0x2c, 0x20, 0x31, 0x2e, // uLogDepth.y), 1.
	0x30, 0x29, 0x0a, 0x20, 0x20, 0x20, 0x20, 0x20, 0x20, 0x20, 0x20, 0x20, 0x20, 0x20, 0x20, 0x20, // 0).             
	0x20, 0x20, 0x20, 0x20, 0x20, 0x20, 0x20, 0x29, 0x20, 0x2f, 0x20, 0x6c, 0x6f, 0x67, 0x32, 0x28, //        ) / log2(
	0x0a, 0x20, 0x20, 0x20, 0x20, 0x20, 0x20, 0x20, 0x20, 0x20, 0x20, 0x20, 0x20, 0x20, 0x20, 0x20, // .               
	0x20, 0x20, 0x20, 0x20, 0x20, 0x20, 0x20, 0x6d, 0x61, 0x78, 0x20, 0x28, 0x28, 0x75, 0x4c, 0x6f, //        max ((uLo
	0x67, 0x44, 0x65, 0x70, 0x74, 0x68, 0x2e, 0x7a, 0x20, 0x2f, 0x20, 0x75, 0x4c, 0x6f, 0x67, 0x44, // gDepth.z / uLogD
	0x65, 0x70, 0x74, 0x68, 0x2e, 0x79, 0x29, 0x2c, 0x20, 0x31, 0x2e, 0x30, 0x30, 0x30, 0x30, 0x30, // epth.y), 1.00000
	0x31, 0x29, 0x0a, 0x20, 0x20, 0x20, 0x20, 0x20, 0x20, 0x20, 0x20, 0x20, 0x20, 0x20, 0x20, 0x20, // 1).             
	0x20, 0x20, 0x20, 0x20, 0x20, 0x20, 0x20, 0x29, 0x29, 0x2c, 0x20, 0x30, 0x2e, 0x30, 0x2c, 0x20, //        )), 0.0, 
	0x31, 0x2e, 0x30, 0x29, 0x3b, 0x0a, 0x20, 0x20, 0x20, 0x20, 0x20, 0x20, 0x20, 0x20, 0x20, 0x20, // 1.0);.          
	0x20, 0x20, 0x20, 0x20, 0x20, 0x20, 0x20, 0x20, 0x7d, 0x3b, 0x0a, 0x20, 0x20, 0x20, 0x20, 0x20, //         };.     
	0x20, 0x20, 0x20, 0x20, 0x20, 0x20, 0x20, 0x20, 0x20, 0x20, 0x20, 0x20, 0x20, 0x66, 0x6c, 0x6f, //              flo
	0x61, 0x74, 0x20, 0x5f, 0x78, 0x5f, 0x38, 0x30, 0x3b, 0x0a, 0x20, 0x20, 0x20, 0x20, 0x20, 0x20, // at _x_80;.      
	0x20, 0x20, 0x20, 0x20, 0x20, 0x20, 0x20, 0x20, 0x20, 0x20, 0x20, 0x20, 0x5f, 0x78, 0x5f, 0x38, //             _x_8
	0x30, 0x20, 0x3d, 0x20, 0x28, 0x31, 0x2e, 0x30, 0x20, 0x2d, 0x20, 0x74, 0x6d, 0x70, 0x76, 0x61, // 0 = (1.0 - tmpva
	0x72, 0x5f, 0x37, 0x39, 0x29, 0x3b, 0x0a, 0x20, 0x20, 0x20, 0x20, 0x20, 0x20, 0x20, 0x20, 0x20, // r_79);.         
	0x20, 0x20, 0x20, 0x20, 0x20, 0x20, 0x20, 0x20, 0x20, 0x76, 0x65, 0x63, 0x33, 0x20, 0x74, 0x6d, //          vec3 tm
	0x70, 0x76, 0x61, 0x72, 0x5f, 0x38, 0x31, 0x3b, 0x0a, 0x20, 0x20, 0x20, 0x20, 0x20, 0x20, 0x20, // pvar_81;.       
	0x20, 0x20, 0x20, 0x20, 0x20, 0x20, 0x20, 0x20, 0x20, 0x20, 0x20, 0x74, 0x6d, 0x70, 0x76, 0x61, //            tmpva
	0x72, 0x5f, 0x38, 0x31, 0x2e, 0x78, 0x20, 0x3d, 0x20, 0x5f, 0x78, 0x5f, 0x38, 0x30, 0x3b, 0x0a, // r_81.x = _x_80;.
	0x20, 0x20, 0x20, 0x20, 0x20, 0x20, 0x20, 0x20, 0x20, 0x20, 0x20, 0x20, 0x20, 0x20, 0x20, 0x20, //                 
	0x20, 0x20, 0x74, 0x6d, 0x70, 0x76, 0x61, 0x72, 0x5f, 0x38, 0x31, 0x2e, 0x79, 0x20, 0x3d, 0x20, //   tmpvar_81.y = 
	0x5f, 0x78, 0x5f, 0x38, 0x30, 0x3b, 0x0a, 0x20, 0x20, 0x20, 0x20, 0x20, 0x20, 0x20, 0x20, 0x20, // _x_80;.         
	0x20, 0x20, 0x20, 0x20, 0x20, 0x20, 0x20, 0x20, 0x20, 0x74, 0x6d, 0x70, 0x76, 0x61, 0x72, 0x5f, //          tmpvar_
	0x38, 0x31, 0x2e, 0x7a, 0x20, 0x3d, 0x20, 0x5f, 0x78, 0x5f, 0x38, 0x30, 0x3b, 0x0a, 0x20, 0x20, // 81.z = _x_80;.  
	0x20, 0x20, 0x20, 0x20, 0x20, 0x20, 0x20, 0x20, 0x20, 0x20, 0x20, 0x20, 0x20, 0x20, 0x20, 0x20, //                 
	0x76, 0x65, 0x63, 0x34, 0x20, 0x74, 0x6d, 0x70, 0x76, 0x61, 0x72, 0x5f, 0x38, 0x32, 0x3b, 0x0a, // vec4 tmpvar_82;.
	0x20, 0x20, 0x20, 0x20, 0x20, 0x20, 0x20, 0x20, 0x20, 0x20, 0x20, 0x20, 0x20, 0x20, 0x20, 0x20, //                 
	0x20, 0x20, 0x74, 0x6d, 0x70, 0x76, 0x61, 0x72, 0x5f, 0x38, 0x32, 0x2e, 0x77, 0x20, 0x3d, 0x20, //   tmpvar_82.w = 
	0x31, 0x2e, 0x30, 0x3b, 0x0a, 0x20, 0x20, 0x20, 0x20, 0x20, 0x20, 0x20, 0x20, 0x20, 0x20, 0x20, // 1.0;.           
	0x20, 0x20, 0x20, 0x20, 0x20, 0x20, 0x20, 0x74, 0x6d, 0x70, 0x76, 0x61, 0x72, 0x5f, 0x38, 0x32, //        tmpvar_82
	0x2e, 0x78, 0x79, 0x7a, 0x20, 0x3d, 0x20, 0x74, 0x6d, 0x70, 0x76, 0x61, 0x72, 0x5f, 0x38, 0x31, // .xyz = tmpvar_81
	0x3b, 0x0a, 0x20, 0x20, 0x20, 0x20, 0x20, 0x20, 0x20, 0x20, 0x20, 0x20, 0x20, 0x20, 0x20, 0x20, // ;.              
	0x20, 0x20, 0x20, 0x20, 0x67, 0x6c, 0x5f, 0x46, 0x72, 0x61, 0x67, 0x43, 0x6f, 0x6c, 0x6f, 0x72, //     gl_FragColor
	0x20, 0x3d, 0x20, 0x74, 0x6d, 0x70, 0x76, 0x61, 0x72, 0x5f, 0x38, 0x32, 0x3b, 0x0a, 0x20, 0x20, //  = tmpvar_82;.  
	0x20, 0x20, 0x20, 0x20, 0x20, 0x20, 0x20, 0x20, 0x20, 0x20, 0x20, 0x20, 0x20, 0x20, 0x7d, 0x20, //               } 
	0x65, 0x6c, 0x73, 0x65, 0x20, 0x7b, 0x0a, 0x20, 0x20, 0x20, 0x20, 0x20, 0x20, 0x20, 0x20, 0x20, // else {.         
	0x20, 0x20, 0x20, 0x20, 0x20, 0x20, 0x20, 0x20, 0x20, 0x66, 0x6c, 0x6f, 0x61, 0x74, 0x20, 0x74, //          float t
	0x6d, 0x70, 0x76, 0x61, 0x72, 0x5f, 0x38, 0x33, 0x3b, 0x0a, 0x20, 0x20, 0x20, 0x20, 0x20, 0x20, // mpvar_83;.      
	0x20, 0x20, 0x20, 0x20, 0x20, 0x20, 0x20, 0x20, 0x20, 0x20, 0x20, 0x20, 0x74, 0x6d, 0x70, 0x76, //             tmpv
	0x61, 0x72, 0x5f, 0x38, 0x33, 0x20, 0x3d, 0x20, 0x61, 0x62, 0x73, 0x28, 0x64, 0x6f, 0x74, 0x20, // ar_83 = abs(dot 
	0x28, 0x6e, 0x5f, 0x32, 0x2c, 0x20, 0x74, 0x6d, 0x70, 0x76, 0x61, 0x72, 0x5f, 0x31, 0x31, 0x29, // (n_2, tmpvar_11)
	0x29, 0x3b, 0x0a, 0x20, 0x20, 0x20, 0x20, 0x20, 0x20, 0x20, 0x20, 0x20, 0x20, 0x20, 0x20, 0x20, // );.             
	0x20, 0x20, 0x20, 0x20, 0x20, 0x66, 0x6c, 0x6f, 0x61, 0x74, 0x20, 0x74, 0x6d, 0x70, 0x76, 0x61, //      float tmpva
	0x72, 0x5f, 0x38, 0x34, 0x3b, 0x0a, 0x20, 0x20, 0x20, 0x20, 0x20, 0x20, 0x20, 0x20, 0x20, 0x20, // r_84;.          
	0x20, 0x20, 0x20, 0x20, 0x20, 0x20, 0x20, 0x20, 0x74, 0x6d, 0x70, 0x76, 0x61, 0x72, 0x5f, 0x38, //         tmpvar_8
	0x34, 0x20, 0x3d, 0x20, 0x63, 0x6c, 0x61, 0x6d, 0x70, 0x20, 0x28, 0x28, 0x74, 0x6d, 0x70, 0x76, // 4 = clamp ((tmpv
	0x61, 0x72, 0x5f, 0x38, 0x33, 0x20, 0x2f, 0x20, 0x30, 0x2e, 0x32, 0x29, 0x2c, 0x20, 0x30, 0x2e, // ar_83 / 0.2), 0.
	0x30, 0x2c, 0x20, 0x31, 0x2e, 0x30, 0x29, 0x3b, 0x0a, 0x20, 0x20, 0x20, 0x20, 0x20, 0x20, 0x20, // 0, 1.0);.       
	0x20, 0x20, 0x20, 0x20, 0x20, 0x20, 0x20, 0x20, 0x20, 0x20, 0x20, 0x66, 0x6c, 0x6f, 0x61, 0x74, //            float
	0x20, 0x74, 0x6d, 0x70, 0x76, 0x61, 0x72, 0x5f, 0x38, 0x35, 0x3b, 0x0a, 0x20, 0x20, 0x20, 0x20, //  tmpvar_85;.    
	0x20, 0x20, 0x20, 0x20, 0x20, 0x20, 0x20, 0x20, 0x20, 0x20, 0x20, 0x20, 0x20, 0x20, 0x74, 0x6d, //               tm
	0x70, 0x76, 0x61, 0x72, 0x5f, 0x38, 0x35, 0x20, 0x3d, 0x20, 0x28, 0x31, 0x2e, 0x30, 0x20, 0x2d, // pvar_85 = (1.0 -
	0x20, 0x28, 0x74, 0x6d, 0x70, 0x76, 0x61, 0x72, 0x5f, 0x38, 0x34, 0x20, 0x2a, 0x20, 0x28, 0x74, //  (tmpvar_84 * (t
	0x6d, 0x70, 0x76, 0x61, 0x72, 0x5f, 0x38, 0x34, 0x20, 0x2a, 0x20, 0x0a, 0x20, 0x20, 0x20, 0x20, // mpvar_84 * .    
	0x20, 0x20, 0x20, 0x20, 0x20, 0x20, 0x20, 0x20, 0x20, 0x20, 0x20, 0x20, 0x20, 0x20, 0x20, 0x20, //                 
	0x28, 0x33, 0x2e, 0x30, 0x20, 0x2d, 0x20, 0x28, 0x32, 0x2e, 0x30, 0x20, 0x2a, 0x20, 0x74, 0x6d, // (3.0 - (2.0 * tm
	0x70, 0x76, 0x61, 0x72, 0x5f, 0x38, 0x34, 0x29, 0x29, 0x0a, 0x20, 0x20, 0x20, 0x20, 0x20, 0x20, // pvar_84)).      
	0x20, 0x20, 0x20, 0x20, 0x20, 0x20, 0x20, 0x20, 0x20, 0x20, 0x20, 0x20, 0x29, 0x29, 0x29, 0x3b, //             )));
	0x0a, 0x20, 0x20, 0x20, 0x20, 0x20, 0x20, 0x20, 0x20, 0x20, 0x20, 0x20, 0x20, 0x20, 0x20, 0x20, // .               
	0x20, 0x20, 0x20, 0x76, 0x65, 0x63, 0x33, 0x20, 0x78, 0x5f, 0x38, 0x36, 0x3b, 0x0a, 0x20, 0x20, //    vec3 x_86;.  
	0x20, 0x20, 0x20, 0x20, 0x20, 0x20, 0x20, 0x20, 0x20, 0x20, 0x20, 0x20, 0x20, 0x20, 0x20, 0x20, //                 
	0x78, 0x5f, 0x38, 0x36, 0x20, 0x3d, 0x20, 0x28, 0x75, 0x5f, 0x63, 0x61, 0x6d, 0x65, 0x72, 0x61, // x_86 = (u_camera
	0x50, 0x6f, 0x73, 0x2e, 0x78, 0x79, 0x7a, 0x20, 0x2d, 0x20, 0x76, 0x5f, 0x77, 0x6f, 0x72, 0x6c, // Pos.xyz - v_worl
	0x64, 0x50, 0x6f, 0x73, 0x29, 0x3b, 0x0a, 0x20, 0x20, 0x20, 0x20, 0x20, 0x20, 0x20, 0x20, 0x20, // dPos);.         
	0x20, 0x20, 0x20, 0x20, 0x20, 0x20, 0x20, 0x20, 0x20, 0x66, 0x6c, 0x6f, 0x61, 0x74, 0x20, 0x74, //          float t
	0x6d, 0x70, 0x76, 0x61, 0x72, 0x5f, 0x38, 0x37, 0x3b, 0x0a, 0x20, 0x20, 0x20, 0x20, 0x20, 0x20, // mpvar_87;.      
	0x20, 0x20, 0x20, 0x20, 0x20, 0x20, 0x20, 0x20, 0x20, 0x20, 0x20, 0x20, 0x74, 0x6d, 0x70, 0x76, //             tmpv
	0x61, 0x72, 0x5f, 0x38, 0x37, 0x20, 0x3d, 0x20, 0x63, 0x6c, 0x61, 0x6d, 0x70, 0x20, 0x28, 0x28, // ar_87 = clamp ((
	0x73, 0x71, 0x72, 0x74, 0x28, 0x0a, 0x20, 0x20, 0x20, 0x20, 0x20, 0x20, 0x20, 0x20, 0x20, 0x20, // sqrt(.          
	0x20, 0x20, 0x20, 0x20, 0x20, 0x20, 0x20, 0x20, 0x20, 0x20, 0x64, 0x6f, 0x74, 0x20, 0x28, 0x78, //           dot (x
	0x5f, 0x38, 0x36, 0x2c, 0x20, 0x78, 0x5f, 0x38, 0x36, 0x29, 0x0a, 0x20, 0x20, 0x20, 0x20, 0x20, // _86, x_86).     
	0x20, 0x20, 0x20, 0x20, 0x20, 0x20, 0x20, 0x20, 0x20, 0x20, 0x20, 0x20, 0x20, 0x29, 0x20, 0x2f, //              ) /
	0x20, 0x35, 0x2e, 0x30, 0x29, 0x2c, 0x20, 0x30, 0x2e, 0x30, 0x2c, 0x20, 0x31, 0x2e, 0x30, 0x29, //  5.0), 0.0, 1.0)
	0x3b, 0x0a, 0x20, 0x20, 0x20, 0x20, 0x20, 0x20, 0x20, 0x20, 0x20, 0x20, 0x20, 0x20, 0x20, 0x20, // ;.              
	0x20, 0x20, 0x20, 0x20, 0x76, 0x65, 0x63, 0x34, 0x20, 0x74, 0x6d, 0x70, 0x76, 0x61, 0x72, 0x5f, //     vec4 tmpvar_
	0x38, 0x38, 0x3b, 0x0a, 0x20, 0x20, 0x20, 0x20, 0x20, 0x20, 0x20, 0x20, 0x20, 0x20, 0x20, 0x20, // 88;.            
	0x20, 0x20, 0x20, 0x20, 0x20, 0x20, 0x74, 0x6d, 0x70, 0x76, 0x61, 0x72, 0x5f, 0x38, 0x38, 0x2e, //       tmpvar_88.
	0x78, 0x79, 0x7a, 0x20, 0x3d, 0x20, 0x28, 0x6d, 0x69, 0x78, 0x20, 0x28, 0x75, 0x5f, 0x62, 0x61, // xyz = (mix (u_ba
	0x73, 0x65, 0x43, 0x6f, 0x6c, 0x6f, 0x72, 0x2e, 0x78, 0x79, 0x7a, 0x2c, 0x20, 0x6d, 0x69, 0x78, // seColor.xyz, mix
	0x20, 0x28, 0x76, 0x65, 0x63, 0x33, 0x28, 0x30, 0x2e, 0x30, 0x38, 0x2c, 0x20, 0x30, 0x2e, 0x33, //  (vec3(0.08, 0.3
	0x35, 0x2c, 0x20, 0x30, 0x2e, 0x37, 0x29, 0x2c, 0x20, 0x76, 0x65, 0x63, 0x33, 0x28, 0x30, 0x2e, // 5, 0.7), vec3(0.
	0x38, 0x35, 0x2c, 0x20, 0x30, 0x2e, 0x39, 0x32, 0x2c, 0x20, 0x31, 0x2e, 0x30, 0x29, 0x2c, 0x20, // 85, 0.92, 1.0), 
	0x74, 0x6d, 0x70, 0x76, 0x61, 0x72, 0x5f, 0x38, 0x33, 0x29, 0x2c, 0x20, 0x74, 0x6d, 0x70, 0x76, // tmpvar_83), tmpv
	0x61, 0x72, 0x5f, 0x38, 0x33, 0x29, 0x20, 0x2b, 0x20, 0x28, 0x28, 0x0a, 0x20, 0x20, 0x20, 0x20, // ar_83) + ((.    
	0x20, 0x20, 0x20, 0x20, 0x20, 0x20, 0x20, 0x20, 0x20, 0x20, 0x20, 0x20, 0x20, 0x20, 0x20, 0x20, //                 
	0x28, 0x28, 0x73, 0x69, 0x6e, 0x28, 0x28, 0x76, 0x5f, 0x77, 0x6f, 0x72, 0x6c, 0x64, 0x50, 0x6f, // ((sin((v_worldPo
	0x73, 0x2e, 0x78, 0x20, 0x2a, 0x20, 0x32, 0x2e, 0x30, 0x29, 0x29, 0x20, 0x2a, 0x20, 0x73, 0x69, // s.x * 2.0)) * si
	0x6e, 0x28, 0x28, 0x76, 0x5f, 0x77, 0x6f, 0x72, 0x6c, 0x64, 0x50, 0x6f, 0x73, 0x2e, 0x79, 0x20, // n((v_worldPos.y 
	0x2a, 0x20, 0x32, 0x2e, 0x30, 0x29, 0x29, 0x29, 0x20, 0x2a, 0x20, 0x73, 0x69, 0x6e, 0x28, 0x28, // * 2.0))) * sin((
	0x76, 0x5f, 0x77, 0x6f, 0x72, 0x6c, 0x64, 0x50, 0x6f, 0x73, 0x2e, 0x7a, 0x20, 0x2a, 0x20, 0x32, // v_worldPos.z * 2
	0x2e, 0x30, 0x29, 0x29, 0x29, 0x0a, 0x20, 0x20, 0x20, 0x20, 0x20, 0x20, 0x20, 0x20, 0x20, 0x20, // .0))).          
	0x20, 0x20, 0x20, 0x20, 0x20, 0x20, 0x20, 0x20, 0x20, 0x2a, 0x20, 0x30, 0x2e, 0x31, 0x29, 0x20, //          * 0.1) 
	0x2b, 0x20, 0x28, 0x74, 0x6d, 0x70, 0x76, 0x61, 0x72, 0x5f, 0x38, 0x35, 0x20, 0x2a, 0x20, 0x30, // + (tmpvar_85 * 0
	0x2e, 0x32, 0x29, 0x29, 0x29, 0x3b, 0x0a, 0x20, 0x20, 0x20, 0x20, 0x20, 0x20, 0x20, 0x20, 0x20, // .2)));.         
	0x20, 0x20, 0x20, 0x20, 0x20, 0x20, 0x20, 0x20, 0x20, 0x74, 0x6d, 0x70, 0x76, 0x61, 0x72, 0x5f, //          tmpvar_
	0x38, 0x38, 0x2e, 0x77, 0x20, 0x3d, 0x20, 0x63, 0x6c, 0x61, 0x6d, 0x70, 0x20, 0x28, 0x28, 0x6d, // 88.w = clamp ((m
	0x69, 0x78, 0x20, 0x28, 0x74, 0x6d, 0x70, 0x76, 0x61, 0x72, 0x5f, 0x38, 0x35, 0x2c, 0x20, 0x0a, // ix (tmpvar_85, .
	0x20, 0x20, 0x20, 0x20, 0x20, 0x20, 0x20, 0x20, 0x20, 0x20, 0x20, 0x20, 0x20, 0x20, 0x20, 0x20, //                 
	0x20, 0x20, 0x20, 0x20, 0x28, 0x31, 0x2e, 0x30, 0x20, 0x2d, 0x20, 0x28, 0x74, 0x6d, 0x70, 0x76, //     (1.0 - (tmpv
	0x61, 0x72, 0x5f, 0x38, 0x37, 0x20, 0x2a, 0x20, 0x28, 0x74, 0x6d, 0x70, 0x76, 0x61, 0x72, 0x5f, // ar_87 * (tmpvar_
	0x38, 0x37, 0x20, 0x2a, 0x20, 0x28, 0x33, 0x2e, 0x30, 0x20, 0x2d, 0x20, 0x0a, 0x20, 0x20, 0x20, // 87 * (3.0 - .   
	0x20, 0x20, 0x20, 0x20, 0x20, 0x20, 0x20, 0x20, 0x20, 0x20, 0x20, 0x20, 0x20, 0x20, 0x20, 0x20, //                 
	0x20, 0x20, 0x20, 0x28, 0x32, 0x2e, 0x30, 0x20, 0x2a, 0x20, 0x74, 0x6d, 0x70, 0x76, 0x61, 0x72, //    (2.0 * tmpvar
	0x5f, 0x38, 0x37, 0x29, 0x0a, 0x20, 0x20, 0x20, 0x20, 0x20, 0x20, 0x20, 0x20, 0x20, 0x20, 0x20, // _87).           
	0x20, 0x20, 0x20, 0x20, 0x20, 0x20, 0x20, 0x20, 0x20, 0x29, 0x29, 0x29, 0x29, 0x0a, 0x20, 0x20, //          )))).  
	0x20, 0x20, 0x20, 0x20, 0x20, 0x20, 0x20, 0x20, 0x20, 0x20, 0x20, 0x20, 0x20, 0x20, 0x20, 0x20, //                 
	0x2c, 0x20, 0x74, 0x72, 0x61, 0x6e, 0x73, 0x70, 0x61, 0x72, 0x65, 0x6e, 0x63, 0x79, 0x5f, 0x31, // , transparency_1
	0x29, 0x20, 0x2a, 0x20, 0x30, 0x2e, 0x37, 0x29, 0x2c, 0x20, 0x30, 0x2e, 0x31, 0x2c, 0x20, 0x30, // ) * 0.7), 0.1, 0
	0x2e, 0x37, 0x29, 0x3b, 0x0a, 0x20, 0x20, 0x20, 0x20, 0x20, 0x20, 0x20, 0x20, 0x20, 0x20, 0x20, // .7);.           
	0x20, 0x20, 0x20, 0x20, 0x20, 0x20, 0x20, 0x67, 0x6c, 0x5f, 0x46, 0x72, 0x61, 0x67, 0x43, 0x6f, //        gl_FragCo
	0x6c, 0x6f, 0x72, 0x20, 0x3d, 0x20, 0x74, 0x6d, 0x70, 0x76, 0x61, 0x72, 0x5f, 0x38, 0x38, 0x3b, // lor = tmpvar_88;
	0x0a, 0x20, 0x20, 0x20, 0x20, 0x20, 0x20, 0x20, 0x20, 0x20, 0x20, 0x20, 0x20, 0x20, 0x20, 0x20, // .               
	0x20, 0x7d, 0x3b, 0x0a, 0x20, 0x20, 0x20, 0x20, 0x20, 0x20, 0x20, 0x20, 0x20, 0x20, 0x20, 0x20, //  };.            
	0x20, 0x20, 0x7d, 0x3b, 0x0a, 0x20, 0x20, 0x20, 0x20, 0x20, 0x20, 0x20, 0x20, 0x20, 0x20, 0x20, //   };.           
	0x20, 0x7d, 0x3b, 0x0a, 0x20, 0x20, 0x20, 0x20, 0x20, 0x20, 0x20, 0x20, 0x20, 0x20, 0x7d, 0x3b, //  };.          };
	0x0a, 0x20, 0x20, 0x20, 0x20, 0x20, 0x20, 0x20, 0x20, 0x7d, 0x3b, 0x0a, 0x20, 0x20, 0x20, 0x20, // .        };.    
	0x20, 0x20, 0x7d, 0x3b, 0x0a, 0x20, 0x20, 0x20, 0x20, 0x7d, 0x3b, 0x0a, 0x20, 0x20, 0x7d, 0x3b, //   };.    };.  };
	0x0a, 0x7d, 0x0a, 0x0a, 0x00,                                                                   // .}...
};

static const uint8_t fs_cad_styles_mtl[14953] =
{
	0x46, 0x53, 0x48, 0x0b, 0xa4, 0xd7, 0x54, 0x84, 0x00, 0x00, 0x00, 0x00, 0x08, 0x00, 0x09, 0x75, // FSH...T........u
	0x4c, 0x6f, 0x67, 0x44, 0x65, 0x70, 0x74, 0x68, 0x12, 0x01, 0x00, 0x00, 0x01, 0x00, 0x00, 0x00, // LogDepth........
	0x00, 0x00, 0x0b, 0x75, 0x5f, 0x63, 0x61, 0x6d, 0x65, 0x72, 0x61, 0x50, 0x6f, 0x73, 0x12, 0x01, // ...u_cameraPos..
	0x30, 0x00, 0x01, 0x00, 0x00, 0x00, 0x00, 0x00, 0x0b, 0x75, 0x5f, 0x66, 0x6c, 0x61, 0x74, 0x53, // 0........u_flatS
	0x68, 0x61, 0x64, 0x65, 0x12, 0x01, 0x70, 0x00, 0x01, 0x00, 0x00, 0x00, 0x00, 0x00, 0x0a, 0x75, // hade..p........u
	0x5f, 0x6c, 0x69, 0x67, 0x68, 0x74, 0x44, 0x69, 0x72, 0x12, 0x01, 0x20, 0x00, 0x01, 0x00, 0x00, // _lightDir.. ....
	0x00, 0x00, 0x00, 0x0d, 0x75, 0x5f, 0x73, 0x74, 0x79, 0x6c, 0x65, 0x50, 0x61, 0x72, 0x61, 0x6d, // ....u_styleParam
	0x73, 0x12, 0x01, 0x40, 0x00, 0x01, 0x00, 0x00, 0x00, 0x00, 0x00, 0x0b, 0x75, 0x5f, 0x62, 0x61, // s..@........u_ba
	0x73, 0x65, 0x43, 0x6f, 0x6c, 0x6f, 0x72, 0x12, 0x01, 0x10, 0x00, 0x01, 0x00, 0x00, 0x00, 0x00, // seColor.........
	0x00, 0x0e, 0x75, 0x5f, 0x73, 0x74, 0x72, 0x6f, 0x6b, 0x65, 0x50, 0x61, 0x72, 0x61, 0x6d, 0x73, // ..u_strokeParams
	0x12, 0x01, 0x60, 0x00, 0x01, 0x00, 0x00, 0x00, 0x00, 0x00, 0x10, 0x75, 0x5f, 0x77, 0x69, 0x72, // ..`........u_wir
	0x65, 0x66, 0x72, 0x61, 0x6d, 0x65, 0x43, 0x6f, 0x6c, 0x6f, 0x72, 0x12, 0x01, 0x50, 0x00, 0x01, // eframeColor..P..
	0x00, 0x00, 0x00, 0x00, 0x00, 0x9c, 0x39, 0x00, 0x00, 0x23, 0x69, 0x6e, 0x63, 0x6c, 0x75, 0x64, // ......9..#includ
	0x65, 0x20, 0x3c, 0x6d, 0x65, 0x74, 0x61, 0x6c, 0x5f, 0x73, 0x74, 0x64, 0x6c, 0x69, 0x62, 0x3e, // e <metal_stdlib>
	0x0a, 0x23, 0x69, 0x6e, 0x63, 0x6c, 0x75, 0x64, 0x65, 0x20, 0x3c, 0x73, 0x69, 0x6d, 0x64, 0x2f, // .#include <simd/
	0x73, 0x69, 0x6d, 0x64, 0x2e, 0x68, 0x3e, 0x0a, 0x0a, 0x75, 0x73, 0x69, 0x6e, 0x67, 0x20, 0x6e, // simd.h>..using n
	0x61, 0x6d, 0x65, 0x73, 0x70, 0x61, 0x63, 0x65, 0x20, 0x6d, 0x65, 0x74, 0x61, 0x6c, 0x3b, 0x0a, // amespace metal;.
	0x0a, 0x73, 0x74, 0x72, 0x75, 0x63, 0x74, 0x20, 0x5f, 0x47, 0x6c, 0x6f, 0x62, 0x61, 0x6c, 0x0a, // .struct _Global.
	0x7b, 0x0a, 0x20, 0x20, 0x20, 0x20, 0x66, 0x6c, 0x6f, 0x61, 0x74, 0x34, 0x20, 0x75, 0x4c, 0x6f, // {.    float4 uLo
	0x67, 0x44, 0x65, 0x70, 0x74, 0x68, 0x3b, 0x0a, 0x20, 0x20, 0x20, 0x20, 0x66, 0x6c, 0x6f, 0x61, // gDepth;.    floa
	0x74, 0x34, 0x20, 0x75, 0x5f, 0x62, 0x61, 0x73, 0x65, 0x43, 0x6f, 0x6c, 0x6f, 0x72, 0x3b, 0x0a, // t4 u_baseColor;.
	0x20, 0x20, 0x20, 0x20, 0x66, 0x6c, 0x6f, 0x61, 0x74, 0x34, 0x20, 0x75, 0x5f, 0x6c, 0x69, 0x67, //     float4 u_lig
	0x68, 0x74, 0x44, 0x69, 0x72, 0x3b, 0x0a, 0x20, 0x20, 0x20, 0x20, 0x66, 0x6c, 0x6f, 0x61, 0x74, // htDir;.    float
	0x34, 0x20, 0x75, 0x5f, 0x63, 0x61, 0x6d, 0x65, 0x72, 0x61, 0x50, 0x6f, 0x73, 0x3b, 0x0a, 0x20, // 4 u_cameraPos;. 
	0x20, 0x20, 0x20, 0x66, 0x6c, 0x6f, 0x61, 0x74, 0x34, 0x20, 0x75, 0x5f, 0x73, 0x74, 0x79, 0x6c, //    float4 u_styl
	0x65, 0x50, 0x61, 0x72, 0x61, 0x6d, 0x73, 0x3b, 0x0a, 0x20, 0x20, 0x20, 0x20, 0x66, 0x6c, 0x6f, // eParams;.    flo
	0x61, 0x74, 0x34, 0x20, 0x75, 0x5f, 0x77, 0x69, 0x72, 0x65, 0x66, 0x72, 0x61, 0x6d, 0x65, 0x43, // at4 u_wireframeC
	0x6f, 0x6c, 0x6f, 0x72, 0x3b, 0x0a, 0x20, 0x20, 0x20, 0x20, 0x66, 0x6c, 0x6f, 0x61, 0x74, 0x34, // olor;.    float4
	0x20, 0x75, 0x5f, 0x73, 0x74, 0x72, 0x6f, 0x6b, 0x65, 0x50, 0x61, 0x72, 0x61, 0x6d, 0x73, 0x3b, //  u_strokeParams;
	0x0a, 0x20, 0x20, 0x20, 0x20, 0x66, 0x6c, 0x6f, 0x61, 0x74, 0x34, 0x20, 0x75, 0x5f, 0x66, 0x6c, // .    float4 u_fl
	0x61, 0x74, 0x53, 0x68, 0x61, 0x64, 0x65, 0x3b, 0x0a, 0x7d, 0x3b, 0x0a, 0x0a, 0x73, 0x74, 0x72, // atShade;.};..str
	0x75, 0x63, 0x74, 0x20, 0x78, 0x6c, 0x61, 0x74, 0x4d, 0x74, 0x6c, 0x4d, 0x61, 0x69, 0x6e, 0x5f, // uct xlatMtlMain_
	0x6f, 0x75, 0x74, 0x0a, 0x7b, 0x0a, 0x20, 0x20, 0x20, 0x20, 0x66, 0x6c, 0x6f, 0x61, 0x74, 0x34, // out.{.    float4
	0x20, 0x62, 0x67, 0x66, 0x78, 0x5f, 0x46, 0x72, 0x61, 0x67, 0x44, 0x61, 0x74, 0x61, 0x30, 0x20, //  bgfx_FragData0 
	0x5b, 0x5b, 0x63, 0x6f, 0x6c, 0x6f, 0x72, 0x28, 0x30, 0x29, 0x5d, 0x5d, 0x3b, 0x0a, 0x20, 0x20, // [[color(0)]];.  
	0x20, 0x20, 0x66, 0x6c, 0x6f, 0x61, 0x74, 0x20, 0x67, 0x6c, 0x5f, 0x46, 0x72, 0x61, 0x67, 0x44, //   float gl_FragD
	0x65, 0x70, 0x74, 0x68, 0x20, 0x5b, 0x5b, 0x64, 0x65, 0x70, 0x74, 0x68, 0x28, 0x61, 0x6e, 0x79, // epth [[depth(any
	0x29, 0x5d, 0x5d, 0x3b, 0x0a, 0x7d, 0x3b, 0x0a, 0x0a, 0x73, 0x74, 0x72, 0x75, 0x63, 0x74, 0x20, // )]];.};..struct 
	0x78, 0x6c, 0x61, 0x74, 0x4d, 0x74, 0x6c, 0x4d, 0x61, 0x69, 0x6e, 0x5f, 0x69, 0x6e, 0x0a, 0x7b, // xlatMtlMain_in.{
	0x0a, 0x20, 0x20, 0x20, 0x20, 0x66, 0x6c, 0x6f, 0x61, 0x74, 0x33, 0x20, 0x76, 0x5f, 0x62, 0x61, // .    float3 v_ba
	0x72, 0x79, 0x20, 0x5b, 0x5b, 0x75, 0x73, 0x65, 0x72, 0x28, 0x6c, 0x6f, 0x63, 0x6e, 0x30, 0x29, // ry [[user(locn0)
	0x5d, 0x5d, 0x3b, 0x0a, 0x20, 0x20, 0x20, 0x20, 0x66, 0x6c, 0x6f, 0x61, 0x74, 0x34, 0x20, 0x76, // ]];.    float4 v
	0x5f, 0x63, 0x6f, 0x6c, 0x6f, 0x72, 0x30, 0x20, 0x5b, 0x5b, 0x75, 0x73, 0x65, 0x72, 0x28, 0x6c, // _color0 [[user(l
	0x6f, 0x63, 0x6e, 0x31, 0x29, 0x5d, 0x5d, 0x3b, 0x0a, 0x20, 0x20, 0x20, 0x20, 0x66, 0x6c, 0x6f, // ocn1)]];.    flo
	0x61, 0x74, 0x20, 0x76, 0x5f, 0x64, 0x65, 0x70, 0x74, 0x68, 0x20, 0x5b, 0x5b, 0x75, 0x73, 0x65, // at v_depth [[use
	0x72, 0x28, 0x6c, 0x6f, 0x63, 0x6e, 0x32, 0x29, 0x5d, 0x5d, 0x3b, 0x0a, 0x20, 0x20, 0x20, 0x20, // r(locn2)]];.    
	0x66, 0x6c, 0x6f, 0x61, 0x74, 0x33, 0x20, 0x76, 0x5f, 0x6e, 0x6f, 0x72, 0x6d, 0x61, 0x6c, 0x20, // float3 v_normal 
	0x5b, 0x5b, 0x75, 0x73, 0x65, 0x72, 0x28, 0x6c, 0x6f, 0x63, 0x6e, 0x33, 0x29, 0x5d, 0x5d, 0x3b, // [[user(locn3)]];
	0x0a, 0x20, 0x20, 0x20, 0x20, 0x66, 0x6c, 0x6f, 0x61, 0x74, 0x33, 0x20, 0x76, 0x5f, 0x76, 0x69, // .    float3 v_vi
	0x65, 0x77, 0x20, 0x5b, 0x5b, 0x75, 0x73, 0x65, 0x72, 0x28, 0x6c, 0x6f, 0x63, 0x6e, 0x34, 0x29, // ew [[user(locn4)
	0x5d, 0x5d, 0x3b, 0x0a, 0x20, 0x20, 0x20, 0x20, 0x66, 0x6c, 0x6f, 0x61, 0x74, 0x33, 0x20, 0x76, // ]];.    float3 v
	0x5f, 0x77, 0x6f, 0x72, 0x6c, 0x64, 0x50, 0x6f, 0x73, 0x20, 0x5b, 0x5b, 0x75, 0x73, 0x65, 0x72, // _worldPos [[user
	0x28, 0x6c, 0x6f, 0x63, 0x6e, 0x35, 0x29, 0x5d, 0x5d, 0x3b, 0x0a, 0x7d, 0x3b, 0x0a, 0x0a, 0x66, // (locn5)]];.};..f
	0x72, 0x61, 0x67, 0x6d, 0x65, 0x6e, 0x74, 0x20, 0x78, 0x6c, 0x61, 0x74, 0x4d, 0x74, 0x6c, 0x4d, // ragment xlatMtlM
	0x61, 0x69, 0x6e, 0x5f, 0x6f, 0x75, 0x74, 0x20, 0x78, 0x6c, 0x61, 0x74, 0x4d, 0x74, 0x6c, 0x4d, // ain_out xlatMtlM
	0x61, 0x69, 0x6e, 0x28, 0x78, 0x6c, 0x61, 0x74, 0x4d, 0x74, 0x6c, 0x4d, 0x61, 0x69, 0x6e, 0x5f, // ain(xlatMtlMain_
	0x69, 0x6e, 0x20, 0x69, 0x6e, 0x20, 0x5b, 0x5b, 0x73, 0x74, 0x61, 0x67, 0x65, 0x5f, 0x69, 0x6e, // in in [[stage_in
	0x5d, 0x5d, 0x2c, 0x20, 0x63, 0x6f, 0x6e, 0x73, 0x74, 0x61, 0x6e, 0x74, 0x20, 0x5f, 0x47, 0x6c, // ]], constant _Gl
	0x6f, 0x62, 0x61, 0x6c, 0x26, 0x20, 0x5f, 0x6d, 0x74, 0x6c, 0x5f, 0x75, 0x20, 0x5b, 0x5b, 0x62, // obal& _mtl_u [[b
	0x75, 0x66, 0x66, 0x65, 0x72, 0x28, 0x30, 0x29, 0x5d, 0x5d, 0x2c, 0x20, 0x66, 0x6c, 0x6f, 0x61, // uffer(0)]], floa
	0x74, 0x34, 0x20, 0x67, 0x6c, 0x5f, 0x46, 0x72, 0x61, 0x67, 0x43, 0x6f, 0x6f, 0x72, 0x64, 0x20, // t4 gl_FragCoord 
	0x5b, 0x5b, 0x70, 0x6f, 0x73, 0x69, 0x74, 0x69, 0x6f, 0x6e, 0x5d, 0x5d, 0x29, 0x0a, 0x7b, 0x0a, // [[position]]).{.
	0x20, 0x20, 0x20, 0x20, 0x78, 0x6c, 0x61, 0x74, 0x4d, 0x74, 0x6c, 0x4d, 0x61, 0x69, 0x6e, 0x5f, //     xlatMtlMain_
	0x6f, 0x75, 0x74, 0x20, 0x6f, 0x75, 0x74, 0x20, 0x3d, 0x20, 0x7b, 0x7d, 0x3b, 0x0a, 0x20, 0x20, // out out = {};.  
	0x20, 0x20, 0x62, 0x6f, 0x6f, 0x6c, 0x20, 0x5f, 0x31, 0x36, 0x37, 0x33, 0x3b, 0x0a, 0x20, 0x20, //   bool _1673;.  
	0x20, 0x20, 0x66, 0x6c, 0x6f, 0x61, 0x74, 0x20, 0x5f, 0x32, 0x37, 0x39, 0x34, 0x3b, 0x0a, 0x20, //   float _2794;. 
	0x20, 0x20, 0x20, 0x64, 0x6f, 0x0a, 0x20, 0x20, 0x20, 0x20, 0x7b, 0x0a, 0x20, 0x20, 0x20, 0x20, //    do.    {.    
	0x20, 0x20, 0x20, 0x20, 0x5f, 0x31, 0x36, 0x37, 0x33, 0x20, 0x3d, 0x20, 0x5f, 0x6d, 0x74, 0x6c, //     _1673 = _mtl
	0x5f, 0x75, 0x2e, 0x75, 0x4c, 0x6f, 0x67, 0x44, 0x65, 0x70, 0x74, 0x68, 0x2e, 0x78, 0x20, 0x3c, // _u.uLogDepth.x <
	0x20, 0x30, 0x2e, 0x35, 0x3b, 0x0a, 0x20, 0x20, 0x20, 0x20, 0x20, 0x20, 0x20, 0x20, 0x69, 0x66, //  0.5;.        if
	0x20, 0x28, 0x5f, 0x31, 0x36, 0x37, 0x33, 0x29, 0x0a, 0x20, 0x20, 0x20, 0x20, 0x20, 0x20, 0x20, //  (_1673).       
	0x20, 0x7b, 0x0a, 0x20, 0x20, 0x20, 0x20, 0x20, 0x20, 0x20, 0x20, 0x20, 0x20, 0x20, 0x20, 0x5f, //  {.            _
	0x32, 0x37, 0x39, 0x34, 0x20, 0x3d, 0x20, 0x67, 0x6c, 0x5f, 0x46, 0x72, 0x61, 0x67, 0x43, 0x6f, // 2794 = gl_FragCo
	0x6f, 0x72, 0x64, 0x2e, 0x7a, 0x3b, 0x0a, 0x20, 0x20, 0x20, 0x20, 0x20, 0x20, 0x20, 0x20, 0x20, // ord.z;.         
	0x20, 0x20, 0x20, 0x62, 0x72, 0x65, 0x61, 0x6b, 0x3b, 0x0a, 0x20, 0x20, 0x20, 0x20, 0x20, 0x20, //    break;.      
	0x20, 0x20, 0x7d, 0x0a, 0x20, 0x20, 0x20, 0x20, 0x20, 0x20, 0x20, 0x20, 0x69, 0x66, 0x20, 0x28, //   }.        if (
	0x28, 0x69, 0x6e, 0x2e, 0x76, 0x5f, 0x64, 0x65, 0x70, 0x74, 0x68, 0x20, 0x3c, 0x20, 0x5f, 0x6d, // (in.v_depth < _m
	0x74, 0x6c, 0x5f, 0x75, 0x2e, 0x75, 0x4c, 0x6f, 0x67, 0x44, 0x65, 0x70, 0x74, 0x68, 0x2e, 0x79, // tl_u.uLogDepth.y
	0x29, 0x20, 0x7c, 0x7c, 0x20, 0x28, 0x69, 0x6e, 0x2e, 0x76, 0x5f, 0x64, 0x65, 0x70, 0x74, 0x68, // ) || (in.v_depth
	0x20, 0x3e, 0x20, 0x5f, 0x6d, 0x74, 0x6c, 0x5f, 0x75, 0x2e, 0x75, 0x4c, 0x6f, 0x67, 0x44, 0x65, //  > _mtl_u.uLogDe
	0x70, 0x74, 0x68, 0x2e, 0x7a, 0x29, 0x29, 0x0a, 0x20, 0x20, 0x20, 0x20, 0x20, 0x20, 0x20, 0x20, // pth.z)).        
	0x7b, 0x0a, 0x20, 0x20, 0x20, 0x20, 0x20, 0x20, 0x20, 0x20, 0x20, 0x20, 0x20, 0x20, 0x64, 0x69, // {.            di
	0x73, 0x63, 0x61, 0x72, 0x64, 0x5f, 0x66, 0x72, 0x61, 0x67, 0x6d, 0x65, 0x6e, 0x74, 0x28, 0x29, // scard_fragment()
	0x3b, 0x0a, 0x20, 0x20, 0x20, 0x20, 0x20, 0x20, 0x20, 0x20, 0x7d, 0x0a, 0x20, 0x20, 0x20, 0x20, // ;.        }.    
	0x20, 0x20, 0x20, 0x20, 0x5f, 0x32, 0x37, 0x39, 0x34, 0x20, 0x3d, 0x20, 0x66, 0x61, 0x73, 0x74, //     _2794 = fast
	0x3a, 0x3a, 0x63, 0x6c, 0x61, 0x6d, 0x70, 0x28, 0x6c, 0x6f, 0x67, 0x32, 0x28, 0x66, 0x61, 0x73, // ::clamp(log2(fas
	0x74, 0x3a, 0x3a, 0x6d, 0x61, 0x78, 0x28, 0x69, 0x6e, 0x2e, 0x76, 0x5f, 0x64, 0x65, 0x70, 0x74, // t::max(in.v_dept
	0x68, 0x20, 0x2f, 0x20, 0x5f, 0x6d, 0x74, 0x6c, 0x5f, 0x75, 0x2e, 0x75, 0x4c, 0x6f, 0x67, 0x44, // h / _mtl_u.uLogD
	0x65, 0x70, 0x74, 0x68, 0x2e, 0x79, 0x2c, 0x20, 0x31, 0x2e, 0x30, 0x29, 0x29, 0x20, 0x2f, 0x20, // epth.y, 1.0)) / 
	0x6c, 0x6f, 0x67, 0x32, 0x28, 0x66, 0x61, 0x73, 0x74, 0x3a, 0x3a, 0x6d, 0x61, 0x78, 0x28, 0x5f, // log2(fast::max(_
	0x6d, 0x74, 0x6c, 0x5f, 0x75, 0x2e, 0x75, 0x4c, 0x6f, 0x67, 0x44, 0x65, 0x70, 0x74, 0x68, 0x2e, // mtl_u.uLogDepth.
	0x7a, 0x20, 0x2f, 0x20, 0x5f, 0x6d, 0x74, 0x6c, 0x5f, 0x75, 0x2e, 0x75, 0x4c, 0x6f, 0x67, 0x44, // z / _mtl_u.uLogD
	0x65, 0x70, 0x74, 0x68, 0x2e, 0x79, 0x2c, 0x20, 0x31, 0x2e, 0x30, 0x30, 0x30, 0x30, 0x30, 0x30, // epth.y, 1.000000
	0x39, 0x35, 0x33, 0x36, 0x37, 0x34, 0x33, 0x31, 0x36, 0x34, 0x30, 0x36, 0x32, 0x35, 0x29, 0x29, // 95367431640625))
	0x2c, 0x20, 0x30, 0x2e, 0x30, 0x2c, 0x20, 0x31, 0x2e, 0x30, 0x29, 0x3b, 0x0a, 0x20, 0x20, 0x20, // , 0.0, 1.0);.   
	0x20, 0x20, 0x20, 0x20, 0x20, 0x62, 0x72, 0x65, 0x61, 0x6b, 0x3b, 0x0a, 0x20, 0x20, 0x20, 0x20, //      break;.    
	0x7d, 0x20, 0x77, 0x68, 0x69, 0x6c, 0x65, 0x28, 0x66, 0x61, 0x6c, 0x73, 0x65, 0x29, 0x3b, 0x0a, // } while(false);.
	0x20, 0x20, 0x20, 0x20, 0x66, 0x6c, 0x6f, 0x61, 0x74, 0x33, 0x20, 0x5f, 0x31, 0x33, 0x33, 0x36, //     float3 _1336
	0x20, 0x3d, 0x20, 0x66, 0x61, 0x73, 0x74, 0x3a, 0x3a, 0x6e, 0x6f, 0x72, 0x6d, 0x61, 0x6c, 0x69, //  = fast::normali
	0x7a, 0x65, 0x28, 0x69, 0x6e, 0x2e, 0x76, 0x5f, 0x6e, 0x6f, 0x72, 0x6d, 0x61, 0x6c, 0x29, 0x3b, // ze(in.v_normal);
	0x0a, 0x20, 0x20, 0x20, 0x20, 0x66, 0x6c, 0x6f, 0x61, 0x74, 0x33, 0x20, 0x5f, 0x32, 0x37, 0x39, // .    float3 _279
	0x35, 0x3b, 0x0a, 0x20, 0x20, 0x20, 0x20, 0x69, 0x66, 0x20, 0x28, 0x5f, 0x6d, 0x74, 0x6c, 0x5f, // 5;.    if (_mtl_
	0x75, 0x2e, 0x75, 0x5f, 0x66, 0x6c, 0x61, 0x74, 0x53, 0x68, 0x61, 0x64, 0x65, 0x2e, 0x78, 0x20, // u.u_flatShade.x 
	0x3e, 0x20, 0x30, 0x2e, 0x35, 0x29, 0x0a, 0x20, 0x20, 0x20, 0x20, 0x7b, 0x0a, 0x20, 0x20, 0x20, // > 0.5).    {.   
	0x20, 0x20, 0x20, 0x20, 0x20, 0x66, 0x6c, 0x6f, 0x61, 0x74, 0x33, 0x20, 0x5f, 0x31, 0x33, 0x34, //      float3 _134
	0x37, 0x20, 0x3d, 0x20, 0x66, 0x61, 0x73, 0x74, 0x3a, 0x3a, 0x6e, 0x6f, 0x72, 0x6d, 0x61, 0x6c, // 7 = fast::normal
	0x69, 0x7a, 0x65, 0x28, 0x63, 0x72, 0x6f, 0x73, 0x73, 0x28, 0x64, 0x66, 0x64, 0x79, 0x28, 0x2d, // ize(cross(dfdy(-
	0x69, 0x6e, 0x2e, 0x76, 0x5f, 0x77, 0x6f, 0x72, 0x6c, 0x64, 0x50, 0x6f, 0x73, 0x29, 0x2c, 0x20, // in.v_worldPos), 
	0x64, 0x66, 0x64, 0x78, 0x28, 0x69, 0x6e, 0x2e, 0x76, 0x5f, 0x77, 0x6f, 0x72, 0x6c, 0x64, 0x50, // dfdx(in.v_worldP
	0x6f, 0x73, 0x29, 0x29, 0x29, 0x3b, 0x0a, 0x20, 0x20, 0x20, 0x20, 0x20, 0x20, 0x20, 0x20, 0x5f, // os)));.        _
	0x32, 0x37, 0x39, 0x35, 0x20, 0x3d, 0x20, 0x73, 0x65, 0x6c, 0x65, 0x63, 0x74, 0x28, 0x5f, 0x31, // 2795 = select(_1
	0x33, 0x34, 0x37, 0x2c, 0x20, 0x2d, 0x5f, 0x31, 0x33, 0x34, 0x37, 0x2c, 0x20, 0x62, 0x6f, 0x6f, // 347, -_1347, boo
	0x6c, 0x33, 0x28, 0x64, 0x6f, 0x74, 0x28, 0x5f, 0x31, 0x33, 0x34, 0x37, 0x2c, 0x20, 0x5f, 0x31, // l3(dot(_1347, _1
	0x33, 0x33, 0x36, 0x29, 0x20, 0x3c, 0x20, 0x30, 0x2e, 0x30, 0x29, 0x29, 0x3b, 0x0a, 0x20, 0x20, // 336) < 0.0));.  
	0x20, 0x20, 0x7d, 0x0a, 0x20, 0x20, 0x20, 0x20, 0x65, 0x6c, 0x73, 0x65, 0x0a, 0x20, 0x20, 0x20, //   }.    else.   
	0x20, 0x7b, 0x0a, 0x20, 0x20, 0x20, 0x20, 0x20, 0x20, 0x20, 0x20, 0x5f, 0x32, 0x37, 0x39, 0x35, //  {.        _2795
	0x20, 0x3d, 0x20, 0x5f, 0x31, 0x33, 0x33, 0x36, 0x3b, 0x0a, 0x20, 0x20, 0x20, 0x20, 0x7d, 0x0a, //  = _1336;.    }.
	0x20, 0x20, 0x20, 0x20, 0x66, 0x6c, 0x6f, 0x61, 0x74, 0x33, 0x20, 0x5f, 0x31, 0x33, 0x35, 0x39, //     float3 _1359
	0x20, 0x3d, 0x20, 0x66, 0x61, 0x73, 0x74, 0x3a, 0x3a, 0x6e, 0x6f, 0x72, 0x6d, 0x61, 0x6c, 0x69, //  = fast::normali
	0x7a, 0x65, 0x28, 0x69, 0x6e, 0x2e, 0x76, 0x5f, 0x76, 0x69, 0x65, 0x77, 0x29, 0x3b, 0x0a, 0x20, // ze(in.v_view);. 
	0x20, 0x20, 0x20, 0x66, 0x6c, 0x6f, 0x61, 0x74, 0x33, 0x20, 0x5f, 0x31, 0x33, 0x36, 0x33, 0x20, //    float3 _1363 
	0x3d, 0x20, 0x66, 0x61, 0x73, 0x74, 0x3a, 0x3a, 0x6e, 0x6f, 0x72, 0x6d, 0x61, 0x6c, 0x69, 0x7a, // = fast::normaliz
	0x65, 0x28, 0x5f, 0x6d, 0x74, 0x6c, 0x5f, 0x75, 0x2e, 0x75, 0x5f, 0x6c, 0x69, 0x67, 0x68, 0x74, // e(_mtl_u.u_light
	0x44, 0x69, 0x72, 0x2e, 0x78, 0x79, 0x7a, 0x29, 0x3b, 0x0a, 0x20, 0x20, 0x20, 0x20, 0x66, 0x6c, // Dir.xyz);.    fl
	0x6f, 0x61, 0x74, 0x20, 0x5f, 0x31, 0x33, 0x37, 0x30, 0x20, 0x3d, 0x20, 0x66, 0x61, 0x73, 0x74, // oat _1370 = fast
	0x3a, 0x3a, 0x63, 0x6c, 0x61, 0x6d, 0x70, 0x28, 0x5f, 0x6d, 0x74, 0x6c, 0x5f, 0x75, 0x2e, 0x75, // ::clamp(_mtl_u.u
	0x5f, 0x73, 0x74, 0x79, 0x6c, 0x65, 0x50, 0x61, 0x72, 0x61, 0x6d, 0x73, 0x2e, 0x7a, 0x2c, 0x20, // _styleParams.z, 
	0x30, 0x2e, 0x30, 0x32, 0x39, 0x39, 0x39, 0x39, 0x39, 0x39, 0x39, 0x33, 0x32, 0x39, 0x34, 0x34, // 0.02999999932944
	0x37, 0x37, 0x34, 0x36, 0x32, 0x37, 0x36, 0x38, 0x35, 0x35, 0x34, 0x36, 0x38, 0x37, 0x35, 0x2c, // 774627685546875,
	0x20, 0x31, 0x2e, 0x30, 0x29, 0x3b, 0x0a, 0x20, 0x20, 0x20, 0x20, 0x66, 0x6c, 0x6f, 0x61, 0x74, //  1.0);.    float
	0x34, 0x20, 0x5f, 0x32, 0x37, 0x39, 0x39, 0x3b, 0x0a, 0x20, 0x20, 0x20, 0x20, 0x69, 0x66, 0x20, // 4 _2799;.    if 
	0x28, 0x5f, 0x6d, 0x74, 0x6c, 0x5f, 0x75, 0x2e, 0x75, 0x5f, 0x73, 0x74, 0x79, 0x6c, 0x65, 0x50, // (_mtl_u.u_styleP
	0x61, 0x72, 0x61, 0x6d, 0x73, 0x2e, 0x78, 0x20, 0x3c, 0x20, 0x30, 0x2e, 0x35, 0x29, 0x0a, 0x20, // arams.x < 0.5). 
	0x20, 0x20, 0x20, 0x7b, 0x0a, 0x20, 0x20, 0x20, 0x20, 0x20, 0x20, 0x20, 0x20, 0x66, 0x6c, 0x6f, //    {.        flo
	0x61, 0x74, 0x33, 0x20, 0x5f, 0x31, 0x33, 0x38, 0x30, 0x20, 0x3d, 0x20, 0x66, 0x61, 0x73, 0x74, // at3 _1380 = fast
	0x3a, 0x3a, 0x6e, 0x6f, 0x72, 0x6d, 0x61, 0x6c, 0x69, 0x7a, 0x65, 0x28, 0x5f, 0x31, 0x33, 0x36, // ::normalize(_136
	0x33, 0x20, 0x2b, 0x20, 0x5f, 0x31, 0x33, 0x35, 0x39, 0x29, 0x3b, 0x0a, 0x20, 0x20, 0x20, 0x20, // 3 + _1359);.    
	0x20, 0x20, 0x20, 0x20, 0x66, 0x6c, 0x6f, 0x61, 0x74, 0x20, 0x5f, 0x31, 0x37, 0x31, 0x37, 0x20, //     float _1717 
	0x3d, 0x20, 0x5f, 0x31, 0x33, 0x37, 0x30, 0x20, 0x2a, 0x20, 0x5f, 0x31, 0x33, 0x37, 0x30, 0x3b, // = _1370 * _1370;
	0x0a, 0x20, 0x20, 0x20, 0x20, 0x20, 0x20, 0x20, 0x20, 0x66, 0x6c, 0x6f, 0x61, 0x74, 0x20, 0x5f, // .        float _
	0x31, 0x37, 0x32, 0x30, 0x20, 0x3d, 0x20, 0x5f, 0x31, 0x37, 0x31, 0x37, 0x20, 0x2a, 0x20, 0x5f, // 1720 = _1717 * _
	0x31, 0x37, 0x31, 0x37, 0x3b, 0x0a, 0x20, 0x20, 0x20, 0x20, 0x20, 0x20, 0x20, 0x20, 0x66, 0x6c, // 1717;.        fl
	0x6f, 0x61, 0x74, 0x20, 0x5f, 0x31, 0x37, 0x32, 0x34, 0x20, 0x3d, 0x20, 0x66, 0x61, 0x73, 0x74, // oat _1724 = fast
	0x3a, 0x3a, 0x6d, 0x61, 0x78, 0x28, 0x64, 0x6f, 0x74, 0x28, 0x5f, 0x32, 0x37, 0x39, 0x35, 0x2c, // ::max(dot(_2795,
	0x20, 0x5f, 0x31, 0x33, 0x38, 0x30, 0x29, 0x2c, 0x20, 0x30, 0x2e, 0x30, 0x29, 0x3b, 0x0a, 0x20, //  _1380), 0.0);. 
	0x20, 0x20, 0x20, 0x20, 0x20, 0x20, 0x20, 0x66, 0x6c, 0x6f, 0x61, 0x74, 0x20, 0x5f, 0x31, 0x37, //        float _17
	0x33, 0x32, 0x20, 0x3d, 0x20, 0x28, 0x28, 0x5f, 0x31, 0x37, 0x32, 0x34, 0x20, 0x2a, 0x20, 0x5f, // 32 = ((_1724 * _
	0x31, 0x37, 0x32, 0x34, 0x29, 0x20, 0x2a, 0x20, 0x28, 0x5f, 0x31, 0x37, 0x32, 0x30, 0x20, 0x2d, // 1724) * (_1720 -
	0x20, 0x31, 0x2e, 0x30, 0x29, 0x29, 0x20, 0x2b, 0x20, 0x31, 0x2e, 0x30, 0x3b, 0x0a, 0x20, 0x20, //  1.0)) + 1.0;.  
	0x20, 0x20, 0x20, 0x20, 0x20, 0x20, 0x66, 0x6c, 0x6f, 0x61, 0x74, 0x20, 0x5f, 0x31, 0x37, 0x35, //       float _175
	0x31, 0x20, 0x3d, 0x20, 0x66, 0x61, 0x73, 0x74, 0x3a, 0x3a, 0x6d, 0x61, 0x78, 0x28, 0x64, 0x6f, // 1 = fast::max(do
	0x74, 0x28, 0x5f, 0x32, 0x37, 0x39, 0x35, 0x2c, 0x20, 0x5f, 0x31, 0x33, 0x35, 0x39, 0x29, 0x2c, // t(_2795, _1359),
	0x20, 0x30, 0x2e, 0x30, 0x29, 0x3b, 0x0a, 0x20, 0x20, 0x20, 0x20, 0x20, 0x20, 0x20, 0x20, 0x66, //  0.0);.        f
	0x6c, 0x6f, 0x61, 0x74, 0x20, 0x5f, 0x31, 0x37, 0x35, 0x34, 0x20, 0x3d, 0x20, 0x64, 0x6f, 0x74, // loat _1754 = dot
	0x28, 0x5f, 0x32, 0x37, 0x39, 0x35, 0x2c, 0x20, 0x5f, 0x31, 0x33, 0x36, 0x33, 0x29, 0x3b, 0x0a, // (_2795, _1363);.
	0x20, 0x20, 0x20, 0x20, 0x20, 0x20, 0x20, 0x20, 0x66, 0x6c, 0x6f, 0x61, 0x74, 0x20, 0x5f, 0x31, //         float _1
	0x37, 0x35, 0x35, 0x20, 0x3d, 0x20, 0x66, 0x61, 0x73, 0x74, 0x3a, 0x3a, 0x6d, 0x61, 0x78, 0x28, // 755 = fast::max(
	0x5f, 0x31, 0x37, 0x35, 0x34, 0x2c, 0x20, 0x30, 0x2e, 0x30, 0x29, 0x3b, 0x0a, 0x20, 0x20, 0x20, // _1754, 0.0);.   
	0x20, 0x20, 0x20, 0x20, 0x20, 0x66, 0x6c, 0x6f, 0x61, 0x74, 0x20, 0x5f, 0x31, 0x37, 0x35, 0x37, //      float _1757
	0x20, 0x3d, 0x20, 0x5f, 0x31, 0x33, 0x37, 0x30, 0x20, 0x2b, 0x20, 0x31, 0x2e, 0x30, 0x3b, 0x0a, //  = _1370 + 1.0;.
	0x20, 0x20, 0x20, 0x20, 0x20, 0x20, 0x20, 0x20, 0x66, 0x6c, 0x6f, 0x61, 0x74, 0x20, 0x5f, 0x31, //         float _1
	0x37, 0x36, 0x31, 0x20, 0x3d, 0x20, 0x28, 0x5f, 0x31, 0x37, 0x35, 0x37, 0x20, 0x2a, 0x20, 0x5f, // 761 = (_1757 * _
	0x31, 0x37, 0x35, 0x37, 0x29, 0x20, 0x2a, 0x20, 0x30, 0x2e, 0x31, 0x32, 0x35, 0x3b, 0x0a, 0x20, // 1757) * 0.125;. 
	0x20, 0x20, 0x20, 0x20, 0x20, 0x20, 0x20, 0x66, 0x6c, 0x6f, 0x61, 0x74, 0x20, 0x5f, 0x31, 0x37, //        float _17
	0x36, 0x35, 0x20, 0x3d, 0x20, 0x31, 0x2e, 0x30, 0x20, 0x2d, 0x20, 0x5f, 0x31, 0x37, 0x36, 0x31, // 65 = 1.0 - _1761
	0x3b, 0x0a, 0x20, 0x20, 0x20, 0x20, 0x20, 0x20, 0x20, 0x20, 0x66, 0x6c, 0x6f, 0x61, 0x74, 0x33, // ;.        float3
	0x20, 0x5f, 0x31, 0x33, 0x39, 0x36, 0x20, 0x3d, 0x20, 0x5f, 0x6d, 0x74, 0x6c, 0x5f, 0x75, 0x2e, //  _1396 = _mtl_u.
	0x75, 0x5f, 0x62, 0x61, 0x73, 0x65, 0x43, 0x6f, 0x6c, 0x6f, 0x72, 0x2e, 0x78, 0x79, 0x7a, 0x20, // u_baseColor.xyz 
	0x2a, 0x20, 0x69, 0x6e, 0x2e, 0x76, 0x5f, 0x63, 0x6f, 0x6c, 0x6f, 0x72, 0x30, 0x2e, 0x78, 0x79, // * in.v_color0.xy
	0x7a, 0x3b, 0x0a, 0x20, 0x20, 0x20, 0x20, 0x20, 0x20, 0x20, 0x20, 0x66, 0x6c, 0x6f, 0x61, 0x74, // z;.        float
	0x33, 0x20, 0x5f, 0x31, 0x37, 0x39, 0x30, 0x20, 0x3d, 0x20, 0x6d, 0x69, 0x78, 0x28, 0x66, 0x6c, // 3 _1790 = mix(fl
	0x6f, 0x61, 0x74, 0x33, 0x28, 0x30, 0x2e, 0x30, 0x33, 0x39, 0x39, 0x39, 0x39, 0x39, 0x39, 0x39, // oat3(0.039999999
	0x31, 0x30, 0x35, 0x39, 0x33, 0x30, 0x33, 0x32, 0x38, 0x33, 0x36, 0x39, 0x31, 0x34, 0x30, 0x36, // 1059303283691406
	0x32, 0x35, 0x29, 0x2c, 0x20, 0x5f, 0x31, 0x33, 0x39, 0x36, 0x2c, 0x20, 0x66, 0x6c, 0x6f, 0x61, // 25), _1396, floa
	0x74, 0x33, 0x28, 0x5f, 0x6d, 0x74, 0x6c, 0x5f, 0x75, 0x2e, 0x75, 0x5f, 0x73, 0x74, 0x79, 0x6c, // t3(_mtl_u.u_styl
	0x65, 0x50, 0x61, 0x72, 0x61, 0x6d, 0x73, 0x2e, 0x79, 0x29, 0x29, 0x3b, 0x0a, 0x20, 0x20, 0x20, // eParams.y));.   
	0x20, 0x20, 0x20, 0x20, 0x20, 0x66, 0x6c, 0x6f, 0x61, 0x74, 0x20, 0x5f, 0x31, 0x37, 0x39, 0x38, //      float _1798
	0x20, 0x3d, 0x20, 0x66, 0x61, 0x73, 0x74, 0x3a, 0x3a, 0x63, 0x6c, 0x61, 0x6d, 0x70, 0x28, 0x31, //  = fast::clamp(1
	0x2e, 0x30, 0x20, 0x2d, 0x20, 0x66, 0x61, 0x73, 0x74, 0x3a, 0x3a, 0x6d, 0x61, 0x78, 0x28, 0x64, // .0 - fast::max(d
	0x6f, 0x74, 0x28, 0x5f, 0x31, 0x33, 0x38, 0x30, 0x2c, 0x20, 0x5f, 0x31, 0x33, 0x35, 0x39, 0x29, // ot(_1380, _1359)
	0x2c, 0x20, 0x30, 0x2e, 0x30, 0x29, 0x2c, 0x20, 0x30, 0x2e, 0x30, 0x2c, 0x20, 0x31, 0x2e, 0x30, // , 0.0), 0.0, 1.0
	0x29, 0x3b, 0x0a, 0x20, 0x20, 0x20, 0x20, 0x20, 0x20, 0x20, 0x20, 0x66, 0x6c, 0x6f, 0x61, 0x74, // );.        float
	0x20, 0x5f, 0x31, 0x38, 0x30, 0x31, 0x20, 0x3d, 0x20, 0x5f, 0x31, 0x37, 0x39, 0x38, 0x20, 0x2a, //  _1801 = _1798 *
	0x20, 0x5f, 0x31, 0x37, 0x39, 0x38, 0x3b, 0x0a, 0x20, 0x20, 0x20, 0x20, 0x20, 0x20, 0x20, 0x20, //  _1798;.        
	0x66, 0x6c, 0x6f, 0x61, 0x74, 0x33, 0x20, 0x5f, 0x31, 0x38, 0x31, 0x33, 0x20, 0x3d, 0x20, 0x5f, // float3 _1813 = _
	0x31, 0x37, 0x39, 0x30, 0x20, 0x2b, 0x20, 0x28, 0x28, 0x66, 0x6c, 0x6f, 0x61, 0x74, 0x33, 0x28, // 1790 + ((float3(
	0x31, 0x2e, 0x30, 0x29, 0x20, 0x2d, 0x20, 0x5f, 0x31, 0x37, 0x39, 0x30, 0x29, 0x20, 0x2a, 0x20, // 1.0) - _1790) * 
	0x28, 0x28, 0x5f, 0x31, 0x38, 0x30, 0x31, 0x20, 0x2a, 0x20, 0x5f, 0x31, 0x38, 0x30, 0x31, 0x29, // ((_1801 * _1801)
	0x20, 0x2a, 0x20, 0x5f, 0x31, 0x37, 0x39, 0x38, 0x29, 0x29, 0x3b, 0x0a, 0x20, 0x20, 0x20, 0x20, //  * _1798));.    
	0x20, 0x20, 0x20, 0x20, 0x66, 0x6c, 0x6f, 0x61, 0x74, 0x33, 0x20, 0x5f, 0x31, 0x34, 0x35, 0x35, //     float3 _1455
	0x20, 0x3d, 0x20, 0x28, 0x66, 0x6c, 0x6f, 0x61, 0x74, 0x33, 0x28, 0x30, 0x2e, 0x30, 0x32, 0x39, //  = (float3(0.029
	0x39, 0x39, 0x39, 0x39, 0x39, 0x39, 0x33, 0x32, 0x39, 0x34, 0x34, 0x37, 0x37, 0x34, 0x36, 0x32, // 9999993294477462
	0x37, 0x36, 0x38, 0x35, 0x35, 0x34, 0x36, 0x38, 0x37, 0x35, 0x29, 0x20, 0x2a, 0x20, 0x5f, 0x31, // 7685546875) * _1
	0x33, 0x39, 0x36, 0x29, 0x20, 0x2b, 0x20, 0x28, 0x28, 0x28, 0x28, 0x28, 0x28, 0x66, 0x6c, 0x6f, // 396) + ((((((flo
	0x61, 0x74, 0x33, 0x28, 0x31, 0x2e, 0x30, 0x29, 0x20, 0x2d, 0x20, 0x5f, 0x31, 0x38, 0x31, 0x33, // at3(1.0) - _1813
	0x29, 0x20, 0x2a, 0x20, 0x28, 0x31, 0x2e, 0x30, 0x20, 0x2d, 0x20, 0x5f, 0x6d, 0x74, 0x6c, 0x5f, // ) * (1.0 - _mtl_
	0x75, 0x2e, 0x75, 0x5f, 0x73, 0x74, 0x79, 0x6c, 0x65, 0x50, 0x61, 0x72, 0x61, 0x6d, 0x73, 0x2e, // u.u_styleParams.
	0x79, 0x29, 0x29, 0x20, 0x2a, 0x20, 0x5f, 0x31, 0x33, 0x39, 0x36, 0x29, 0x20, 0x2a, 0x20, 0x66, // y)) * _1396) * f
	0x6c, 0x6f, 0x61, 0x74, 0x33, 0x28, 0x30, 0x2e, 0x33, 0x31, 0x38, 0x33, 0x30, 0x39, 0x38, 0x37, // loat3(0.31830987
	0x33, 0x33, 0x34, 0x32, 0x35, 0x31, 0x34, 0x30, 0x33, 0x38, 0x30, 0x38, 0x35, 0x39, 0x33, 0x37, // 3342514038085937
	0x35, 0x29, 0x29, 0x20, 0x2b, 0x20, 0x28, 0x28, 0x5f, 0x31, 0x38, 0x31, 0x33, 0x20, 0x2a, 0x20, // 5)) + ((_1813 * 
	0x28, 0x28, 0x5f, 0x31, 0x37, 0x32, 0x30, 0x20, 0x2f, 0x20, 0x66, 0x61, 0x73, 0x74, 0x3a, 0x3a, // ((_1720 / fast::
	0x6d, 0x61, 0x78, 0x28, 0x28, 0x33, 0x2e, 0x31, 0x34, 0x31, 0x35, 0x39, 0x32, 0x37, 0x34, 0x31, // max((3.141592741
	0x30, 0x31, 0x32, 0x35, 0x37, 0x33, 0x32, 0x34, 0x32, 0x31, 0x38, 0x37, 0x35, 0x20, 0x2a, 0x20, // 0125732421875 * 
	0x5f, 0x31, 0x37, 0x33, 0x32, 0x29, 0x20, 0x2a, 0x20, 0x5f, 0x31, 0x37, 0x33, 0x32, 0x2c, 0x20, // _1732) * _1732, 
	0x30, 0x2e, 0x30, 0x30, 0x31, 0x30, 0x30, 0x30, 0x30, 0x30, 0x30, 0x30, 0x34, 0x37, 0x34, 0x39, // 0.00100000004749
	0x37, 0x34, 0x35, 0x31, 0x33, 0x30, 0x35, 0x33, 0x38, 0x39, 0x34, 0x30, 0x34, 0x32, 0x39, 0x36, // 7451305389404296
	0x38, 0x37, 0x35, 0x29, 0x29, 0x20, 0x2a, 0x20, 0x28, 0x28, 0x5f, 0x31, 0x37, 0x35, 0x31, 0x20, // 875)) * ((_1751 
	0x2f, 0x20, 0x28, 0x28, 0x5f, 0x31, 0x37, 0x35, 0x31, 0x20, 0x2a, 0x20, 0x5f, 0x31, 0x37, 0x36, // / ((_1751 * _176
	0x35, 0x29, 0x20, 0x2b, 0x20, 0x5f, 0x31, 0x37, 0x36, 0x31, 0x29, 0x29, 0x20, 0x2a, 0x20, 0x28, // 5) + _1761)) * (
	0x5f, 0x31, 0x37, 0x35, 0x35, 0x20, 0x2f, 0x20, 0x28, 0x28, 0x5f, 0x31, 0x37, 0x35, 0x35, 0x20, // _1755 / ((_1755 
	0x2a, 0x20, 0x5f, 0x31, 0x37, 0x36, 0x35, 0x29, 0x20, 0x2b, 0x20, 0x5f, 0x31, 0x37, 0x36, 0x31, // * _1765) + _1761
	0x29, 0x29, 0x29, 0x29, 0x29, 0x20, 0x2f, 0x20, 0x66, 0x6c, 0x6f, 0x61, 0x74, 0x33, 0x28, 0x66, // ))))) / float3(f
	0x61, 0x73, 0x74, 0x3a, 0x3a, 0x6d, 0x61, 0x78, 0x28, 0x28, 0x34, 0x2e, 0x30, 0x20, 0x2a, 0x20, // ast::max((4.0 * 
	0x5f, 0x31, 0x37, 0x35, 0x31, 0x29, 0x20, 0x2a, 0x20, 0x66, 0x61, 0x73, 0x74, 0x3a, 0x3a, 0x6d, // _1751) * fast::m
	0x61, 0x78, 0x28, 0x5f, 0x31, 0x37, 0x35, 0x34, 0x2c, 0x20, 0x30, 0x2e, 0x30, 0x30, 0x31, 0x30, // ax(_1754, 0.0010
	0x30, 0x30, 0x30, 0x30, 0x30, 0x30, 0x34, 0x37, 0x34, 0x39, 0x37, 0x34, 0x35, 0x31, 0x33, 0x30, // 0000004749745130
	0x35, 0x33, 0x38, 0x39, 0x34, 0x30, 0x34, 0x32, 0x39, 0x36, 0x38, 0x37, 0x35, 0x29, 0x2c, 0x20, // 5389404296875), 
	0x30, 0x2e, 0x30, 0x30, 0x31, 0x30, 0x30, 0x30, 0x30, 0x30, 0x30, 0x30, 0x34, 0x37, 0x34, 0x39, // 0.00100000004749
	0x37, 0x34, 0x35, 0x31, 0x33, 0x30, 0x35, 0x33, 0x38, 0x39, 0x34, 0x30, 0x34, 0x32, 0x39, 0x36, // 7451305389404296
	0x38, 0x37, 0x35, 0x29, 0x29, 0x29, 0x29, 0x20, 0x2a, 0x20, 0x5f, 0x31, 0x37, 0x35, 0x35, 0x29, // 875)))) * _1755)
	0x3b, 0x0a, 0x20, 0x20, 0x20, 0x20, 0x20, 0x20, 0x20, 0x20, 0x5f, 0x32, 0x37, 0x39, 0x39, 0x20, // ;.        _2799 
	0x3d, 0x20, 0x66, 0x6c, 0x6f, 0x61, 0x74, 0x34, 0x28, 0x70, 0x6f, 0x77, 0x72, 0x28, 0x5f, 0x31, // = float4(powr(_1
	0x34, 0x35, 0x35, 0x20, 0x2f, 0x20, 0x28, 0x5f, 0x31, 0x34, 0x35, 0x35, 0x20, 0x2b, 0x20, 0x66, // 455 / (_1455 + f
	0x6c, 0x6f, 0x61, 0x74, 0x33, 0x28, 0x31, 0x2e, 0x30, 0x29, 0x29, 0x2c, 0x20, 0x66, 0x6c, 0x6f, // loat3(1.0)), flo
	0x61, 0x74, 0x33, 0x28, 0x30, 0x2e, 0x34, 0x35, 0x34, 0x35, 0x34, 0x35, 0x34, 0x36, 0x38, 0x30, // at3(0.4545454680
	0x39, 0x31, 0x39, 0x36, 0x34, 0x37, 0x32, 0x31, 0x36, 0x37, 0x39, 0x36, 0x38, 0x37, 0x35, 0x29, // 919647216796875)
	0x29, 0x2c, 0x20, 0x5f, 0x6d, 0x74, 0x6c, 0x5f, 0x75, 0x2e, 0x75, 0x5f, 0x62, 0x61, 0x73, 0x65, // ), _mtl_u.u_base
	0x43, 0x6f, 0x6c, 0x6f, 0x72, 0x2e, 0x77, 0x20, 0x2a, 0x20, 0x69, 0x6e, 0x2e, 0x76, 0x5f, 0x63, // Color.w * in.v_c
	0x6f, 0x6c, 0x6f, 0x72, 0x30, 0x2e, 0x77, 0x29, 0x3b, 0x0a, 0x20, 0x20, 0x20, 0x20, 0x7d, 0x0a, // olor0.w);.    }.
	0x20, 0x20, 0x20, 0x20, 0x65, 0x6c, 0x73, 0x65, 0x0a, 0x20, 0x20, 0x20, 0x20, 0x7b, 0x0a, 0x20, //     else.    {. 
	0x20, 0x20, 0x20, 0x20, 0x20, 0x20, 0x20, 0x66, 0x6c, 0x6f, 0x61, 0x74, 0x34, 0x20, 0x5f, 0x32, //        float4 _2
	0x38, 0x30, 0x30, 0x3b, 0x0a, 0x20, 0x20, 0x20, 0x20, 0x20, 0x20, 0x20, 0x20, 0x69, 0x66, 0x20, // 800;.        if 
	0x28, 0x5f, 0x6d, 0x74, 0x6c, 0x5f, 0x75, 0x2e, 0x75, 0x5f, 0x73, 0x74, 0x79, 0x6c, 0x65, 0x50, // (_mtl_u.u_styleP
	0x61, 0x72, 0x61, 0x6d, 0x73, 0x2e, 0x78, 0x20, 0x3c, 0x20, 0x31, 0x2e, 0x35, 0x29, 0x0a, 0x20, // arams.x < 1.5). 
	0x20, 0x20, 0x20, 0x20, 0x20, 0x20, 0x20, 0x7b, 0x0a, 0x20, 0x20, 0x20, 0x20, 0x20, 0x20, 0x20, //        {.       
	0x20, 0x20, 0x20, 0x20, 0x20, 0x5f, 0x32, 0x38, 0x30, 0x30, 0x20, 0x3d, 0x20, 0x66, 0x6c, 0x6f, //      _2800 = flo
	0x61, 0x74, 0x34, 0x28, 0x6d, 0x69, 0x78, 0x28, 0x66, 0x6c, 0x6f, 0x61, 0x74, 0x33, 0x28, 0x30, // at4(mix(float3(0
	0x2e, 0x33, 0x34, 0x39, 0x39, 0x39, 0x39, 0x39, 0x39, 0x34, 0x30, 0x33, 0x39, 0x35, 0x33, 0x35, // .349999994039535
	0x35, 0x32, 0x32, 0x34, 0x36, 0x30, 0x39, 0x33, 0x37, 0x35, 0x2c, 0x20, 0x30, 0x2e, 0x35, 0x35, // 5224609375, 0.55
	0x30, 0x30, 0x30, 0x30, 0x30, 0x31, 0x31, 0x39, 0x32, 0x30, 0x39, 0x32, 0x38, 0x39, 0x35, 0x35, // 0000011920928955
	0x30, 0x37, 0x38, 0x31, 0x32, 0x35, 0x2c, 0x20, 0x30, 0x2e, 0x39, 0x34, 0x39, 0x39, 0x39, 0x39, // 078125, 0.949999
	0x39, 0x38, 0x38, 0x30, 0x37, 0x39, 0x30, 0x37, 0x31, 0x30, 0x34, 0x34, 0x39, 0x32, 0x31, 0x38, // 9880790710449218
	0x37, 0x35, 0x29, 0x2c, 0x20, 0x66, 0x6c, 0x6f, 0x61, 0x74, 0x33, 0x28, 0x30, 0x2e, 0x39, 0x34, // 75), float3(0.94
	0x39, 0x39, 0x39, 0x39, 0x39, 0x38, 0x38, 0x30, 0x37, 0x39, 0x30, 0x37, 0x31, 0x30, 0x34, 0x34, // 9999988079071044
	0x39, 0x32, 0x31, 0x38, 0x37, 0x35, 0x2c, 0x20, 0x30, 0x2e, 0x37, 0x32, 0x30, 0x30, 0x30, 0x30, // 921875, 0.720000
	0x30, 0x32, 0x38, 0x36, 0x31, 0x30, 0x32, 0x32, 0x39, 0x34, 0x39, 0x32, 0x31, 0x38, 0x37, 0x35, // 0286102294921875
	0x2c, 0x20, 0x30, 0x2e, 0x33, 0x34, 0x39, 0x39, 0x39, 0x39, 0x39, 0x39, 0x34, 0x30, 0x33, 0x39, // , 0.349999994039
	0x35, 0x33, 0x35, 0x35, 0x32, 0x32, 0x34, 0x36, 0x30, 0x39, 0x33, 0x37, 0x35, 0x29, 0x2c, 0x20, // 5355224609375), 
	0x66, 0x6c, 0x6f, 0x61, 0x74, 0x33, 0x28, 0x70, 0x6f, 0x77, 0x72, 0x28, 0x66, 0x61, 0x73, 0x74, // float3(powr(fast
	0x3a, 0x3a, 0x63, 0x6c, 0x61, 0x6d, 0x70, 0x28, 0x28, 0x64, 0x6f, 0x74, 0x28, 0x5f, 0x32, 0x37, // ::clamp((dot(_27
	0x39, 0x35, 0x2c, 0x20, 0x5f, 0x31, 0x33, 0x36, 0x33, 0x29, 0x20, 0x2b, 0x20, 0x31, 0x2e, 0x30, // 95, _1363) + 1.0
	0x29, 0x20, 0x2a, 0x20, 0x30, 0x2e, 0x35, 0x2c, 0x20, 0x30, 0x2e, 0x30, 0x2c, 0x20, 0x31, 0x2e, // ) * 0.5, 0.0, 1.
	0x30, 0x29, 0x2c, 0x20, 0x32, 0x2e, 0x30, 0x29, 0x29, 0x29, 0x20, 0x2b, 0x20, 0x66, 0x6c, 0x6f, // 0), 2.0))) + flo
	0x61, 0x74, 0x33, 0x28, 0x73, 0x6d, 0x6f, 0x6f, 0x74, 0x68, 0x73, 0x74, 0x65, 0x70, 0x28, 0x30, // at3(smoothstep(0
	0x2e, 0x30, 0x2c, 0x20, 0x30, 0x2e, 0x36, 0x39, 0x39, 0x39, 0x39, 0x39, 0x39, 0x38, 0x38, 0x30, // .0, 0.6999999880
	0x37, 0x39, 0x30, 0x37, 0x31, 0x30, 0x34, 0x34, 0x39, 0x32, 0x31, 0x38, 0x37, 0x35, 0x2c, 0x20, // 79071044921875, 
	0x31, 0x2e, 0x30, 0x20, 0x2d, 0x20, 0x66, 0x61, 0x73, 0x74, 0x3a, 0x3a, 0x6d, 0x61, 0x78, 0x28, // 1.0 - fast::max(
	0x64, 0x6f, 0x74, 0x28, 0x5f, 0x32, 0x37, 0x39, 0x35, 0x2c, 0x20, 0x5f, 0x31, 0x33, 0x35, 0x39, // dot(_2795, _1359
	0x29, 0x2c, 0x20, 0x30, 0x2e, 0x30, 0x29, 0x29, 0x20, 0x2a, 0x20, 0x30, 0x2e, 0x33, 0x30, 0x30, // ), 0.0)) * 0.300
	0x30, 0x30, 0x30, 0x30, 0x31, 0x31, 0x39, 0x32, 0x30, 0x39, 0x32, 0x38, 0x39, 0x35, 0x35, 0x30, // 0000119209289550
	0x37, 0x38, 0x31, 0x32, 0x35, 0x29, 0x2c, 0x20, 0x5f, 0x6d, 0x74, 0x6c, 0x5f, 0x75, 0x2e, 0x75, // 78125), _mtl_u.u
	0x5f, 0x62, 0x61, 0x73, 0x65, 0x43, 0x6f, 0x6c, 0x6f, 0x72, 0x2e, 0x77, 0x20, 0x2a, 0x20, 0x69, // _baseColor.w * i
	0x6e, 0x2e, 0x76, 0x5f, 0x63, 0x6f, 0x6c, 0x6f, 0x72, 0x30, 0x2e, 0x77, 0x29, 0x3b, 0x0a, 0x20, // n.v_color0.w);. 
	0x20, 0x20, 0x20, 0x20, 0x20, 0x20, 0x20, 0x7d, 0x0a, 0x20, 0x20, 0x20, 0x20, 0x20, 0x20, 0x20, //        }.       
	0x20, 0x65, 0x6c, 0x73, 0x65, 0x0a, 0x20, 0x20, 0x20, 0x20, 0x20, 0x20, 0x20, 0x20, 0x7b, 0x0a, //  else.        {.
	0x20, 0x20, 0x20, 0x20, 0x20, 0x20, 0x20, 0x20, 0x20, 0x20, 0x20, 0x20, 0x66, 0x6c, 0x6f, 0x61, //             floa
	0x74, 0x34, 0x20, 0x5f, 0x32, 0x38, 0x30, 0x31, 0x3b, 0x0a, 0x20, 0x20, 0x20, 0x20, 0x20, 0x20, // t4 _2801;.      
	0x20, 0x20, 0x20, 0x20, 0x20, 0x20, 0x69, 0x66, 0x20, 0x28, 0x5f, 0x6d, 0x74, 0x6c, 0x5f, 0x75, //       if (_mtl_u
	0x2e, 0x75, 0x5f, 0x73, 0x74, 0x79, 0x6c, 0x65, 0x50, 0x61, 0x72, 0x61, 0x6d, 0x73, 0x2e, 0x78, // .u_styleParams.x
	0x20, 0x3c, 0x20, 0x32, 0x2e, 0x35, 0x29, 0x0a, 0x20, 0x20, 0x20, 0x20, 0x20, 0x20, 0x20, 0x20, //  < 2.5).        
	0x20, 0x20, 0x20, 0x20, 0x7b, 0x0a, 0x20, 0x20, 0x20, 0x20, 0x20, 0x20, 0x20, 0x20, 0x20, 0x20, //     {.          
	0x20, 0x20, 0x20, 0x20, 0x20, 0x20, 0x64, 0x69, 0x73, 0x63, 0x61, 0x72, 0x64, 0x5f, 0x66, 0x72, //       discard_fr
	0x61, 0x67, 0x6d, 0x65, 0x6e, 0x74, 0x28, 0x29, 0x3b, 0x0a, 0x20, 0x20, 0x20, 0x20, 0x20, 0x20, // agment();.      
	0x20, 0x20, 0x20, 0x20, 0x20, 0x20, 0x7d, 0x0a, 0x20, 0x20, 0x20, 0x20, 0x20, 0x20, 0x20, 0x20, //       }.        
	0x20, 0x20, 0x20, 0x20, 0x65, 0x6c, 0x73, 0x65, 0x0a, 0x20, 0x20, 0x20, 0x20, 0x20, 0x20, 0x20, //     else.       
	0x20, 0x20, 0x20, 0x20, 0x20, 0x7b, 0x0a, 0x20, 0x20, 0x20, 0x20, 0x20, 0x20, 0x20, 0x20, 0x20, //      {.         
	0x20, 0x20, 0x20, 0x20, 0x20, 0x20, 0x20, 0x69, 0x66, 0x20, 0x28, 0x5f, 0x6d, 0x74, 0x6c, 0x5f, //        if (_mtl_
	0x75, 0x2e, 0x75, 0x5f, 0x73, 0x74, 0x79, 0x6c, 0x65, 0x50, 0x61, 0x72, 0x61, 0x6d, 0x73, 0x2e, // u.u_styleParams.
	0x78, 0x20, 0x3c, 0x20, 0x33, 0x2e, 0x35, 0x29, 0x0a, 0x20, 0x20, 0x20, 0x20, 0x20, 0x20, 0x20, // x < 3.5).       
	0x20, 0x20, 0x20, 0x20, 0x20, 0x20, 0x20, 0x20, 0x20, 0x7b, 0x0a, 0x20, 0x20, 0x20, 0x20, 0x20, //          {.     
	0x20, 0x20, 0x20, 0x20, 0x20, 0x20, 0x20, 0x20, 0x20, 0x20, 0x20, 0x20, 0x20, 0x20, 0x20, 0x66, //                f
	0x6c, 0x6f, 0x61, 0x74, 0x20, 0x5f, 0x31, 0x35, 0x31, 0x38, 0x20, 0x3d, 0x20, 0x64, 0x6f, 0x74, // loat _1518 = dot
	0x28, 0x28, 0x28, 0x5f, 0x6d, 0x74, 0x6c, 0x5f, 0x75, 0x2e, 0x75, 0x5f, 0x62, 0x61, 0x73, 0x65, // (((_mtl_u.u_base
	0x43, 0x6f, 0x6c, 0x6f, 0x72, 0x2e, 0x78, 0x79, 0x7a, 0x20, 0x2a, 0x20, 0x69, 0x6e, 0x2e, 0x76, // Color.xyz * in.v
	0x5f, 0x63, 0x6f, 0x6c, 0x6f, 0x72, 0x30, 0x2e, 0x78, 0x79, 0x7a, 0x29, 0x20, 0x2a, 0x20, 0x28, // _color0.xyz) * (
	0x30, 0x2e, 0x31, 0x30, 0x30, 0x30, 0x30, 0x30, 0x30, 0x30, 0x31, 0x34, 0x39, 0x30, 0x31, 0x31, // 0.10000000149011
	0x36, 0x31, 0x31, 0x39, 0x33, 0x38, 0x34, 0x37, 0x36, 0x35, 0x36, 0x32, 0x35, 0x20, 0x2b, 0x20, // 6119384765625 + 
	0x66, 0x61, 0x73, 0x74, 0x3a, 0x3a, 0x6d, 0x61, 0x78, 0x28, 0x64, 0x6f, 0x74, 0x28, 0x5f, 0x32, // fast::max(dot(_2
	0x37, 0x39, 0x35, 0x2c, 0x20, 0x5f, 0x31, 0x33, 0x36, 0x33, 0x29, 0x2c, 0x20, 0x30, 0x2e, 0x30, // 795, _1363), 0.0
	0x29, 0x29, 0x29, 0x20, 0x2b, 0x20, 0x66, 0x6c, 0x6f, 0x61, 0x74, 0x33, 0x28, 0x70, 0x6f, 0x77, // ))) + float3(pow
	0x72, 0x28, 0x66, 0x61, 0x73, 0x74, 0x3a, 0x3a, 0x6d, 0x61, 0x78, 0x28, 0x64, 0x6f, 0x74, 0x28, // r(fast::max(dot(
	0x5f, 0x32, 0x37, 0x39, 0x35, 0x2c, 0x20, 0x66, 0x61, 0x73, 0x74, 0x3a, 0x3a, 0x6e, 0x6f, 0x72, // _2795, fast::nor
	0x6d, 0x61, 0x6c, 0x69, 0x7a, 0x65, 0x28, 0x5f, 0x31, 0x33, 0x36, 0x33, 0x20, 0x2b, 0x20, 0x5f, // malize(_1363 + _
	0x31, 0x33, 0x35, 0x39, 0x29, 0x29, 0x2c, 0x20, 0x30, 0x2e, 0x30, 0x29, 0x2c, 0x20, 0x33, 0x32, // 1359)), 0.0), 32
	0x2e, 0x30, 0x29, 0x20, 0x2a, 0x20, 0x30, 0x2e, 0x35, 0x29, 0x2c, 0x20, 0x66, 0x6c, 0x6f, 0x61, // .0) * 0.5), floa
	0x74, 0x33, 0x28, 0x30, 0x2e, 0x32, 0x39, 0x38, 0x39, 0x39, 0x39, 0x39, 0x39, 0x34, 0x39, 0x39, // t3(0.29899999499
	0x33, 0x32, 0x30, 0x39, 0x38, 0x33, 0x38, 0x38, 0x36, 0x37, 0x31, 0x38, 0x37, 0x35, 0x2c, 0x20, // 32098388671875, 
	0x30, 0x2e, 0x35, 0x38, 0x37, 0x30, 0x30, 0x30, 0x30, 0x31, 0x32, 0x33, 0x39, 0x37, 0x37, 0x36, // 0.58700001239776
	0x36, 0x31, 0x31, 0x33, 0x32, 0x38, 0x31, 0x32, 0x35, 0x2c, 0x20, 0x30, 0x2e, 0x31, 0x31, 0x34, // 611328125, 0.114
	0x30, 0x30, 0x30, 0x30, 0x30, 0x30, 0x30, 0x35, 0x39, 0x36, 0x30, 0x34, 0x36, 0x34, 0x34, 0x37, // 0000000596046447
	0x37, 0x35, 0x33, 0x39, 0x30, 0x36, 0x32, 0x35, 0x29, 0x29, 0x3b, 0x0a, 0x20, 0x20, 0x20, 0x20, // 75390625));.    
	0x20, 0x20, 0x20, 0x20, 0x20, 0x20, 0x20, 0x20, 0x20, 0x20, 0x20, 0x20, 0x20, 0x20, 0x20, 0x20, //                 
	0x5f, 0x32, 0x38, 0x30, 0x31, 0x20, 0x3d, 0x20, 0x66, 0x6c, 0x6f, 0x61, 0x74, 0x34, 0x28, 0x5f, // _2801 = float4(_
	0x31, 0x35, 0x31, 0x38, 0x2c, 0x20, 0x5f, 0x31, 0x35, 0x31, 0x38, 0x2c, 0x20, 0x5f, 0x31, 0x35, // 1518, _1518, _15
	0x31, 0x38, 0x2c, 0x20, 0x5f, 0x6d, 0x74, 0x6c, 0x5f, 0x75, 0x2e, 0x75, 0x5f, 0x62, 0x61, 0x73, // 18, _mtl_u.u_bas
	0x65, 0x43, 0x6f, 0x6c, 0x6f, 0x72, 0x2e, 0x77, 0x20, 0x2a, 0x20, 0x69, 0x6e, 0x2e, 0x76, 0x5f, // eColor.w * in.v_
	0x63, 0x6f, 0x6c, 0x6f, 0x72, 0x30, 0x2e, 0x77, 0x29, 0x3b, 0x0a, 0x20, 0x20, 0x20, 0x20, 0x20, // color0.w);.     
	0x20, 0x20, 0x20, 0x20, 0x20, 0x20, 0x20, 0x20, 0x20, 0x20, 0x20, 0x7d, 0x0a, 0x20, 0x20, 0x20, //            }.   
	0x20, 0x20, 0x20, 0x20, 0x20, 0x20, 0x20, 0x20, 0x20, 0x20, 0x20, 0x20, 0x20, 0x65, 0x6c, 0x73, //              els
	0x65, 0x0a, 0x20, 0x20, 0x20, 0x20, 0x20, 0x20, 0x20, 0x20, 0x20, 0x20, 0x20, 0x20, 0x20, 0x20, // e.              
	0x20, 0x20, 0x7b, 0x0a, 0x20, 0x20, 0x20, 0x20, 0x20, 0x20, 0x20, 0x20, 0x20, 0x20, 0x20, 0x20, //   {.            
	0x20, 0x20, 0x20, 0x20, 0x20, 0x20, 0x20, 0x20, 0x66, 0x6c, 0x6f, 0x61, 0x74, 0x34, 0x20, 0x5f, //         float4 _
	0x32, 0x38, 0x30, 0x32, 0x3b, 0x0a, 0x20, 0x20, 0x20, 0x20, 0x20, 0x20, 0x20, 0x20, 0x20, 0x20, // 2802;.          
	0x20, 0x20, 0x20, 0x20, 0x20, 0x20, 0x20, 0x20, 0x20, 0x20, 0x69, 0x66, 0x20, 0x28, 0x5f, 0x6d, //           if (_m
	0x74, 0x6c, 0x5f, 0x75, 0x2e, 0x75, 0x5f, 0x73, 0x74, 0x79, 0x6c, 0x65, 0x50, 0x61, 0x72, 0x61, // tl_u.u_stylePara
	0x6d, 0x73, 0x2e, 0x78, 0x20, 0x3c, 0x20, 0x34, 0x2e, 0x35, 0x29, 0x0a, 0x20, 0x20, 0x20, 0x20, // ms.x < 4.5).    
	0x20, 0x20, 0x20, 0x20, 0x20, 0x20, 0x20, 0x20, 0x20, 0x20, 0x20, 0x20, 0x20, 0x20, 0x20, 0x20, //                 
	0x7b, 0x0a, 0x20, 0x20, 0x20, 0x20, 0x20, 0x20, 0x20, 0x20, 0x20, 0x20, 0x20, 0x20, 0x20, 0x20, // {.              
	0x20, 0x20, 0x20, 0x20, 0x20, 0x20, 0x20, 0x20, 0x20, 0x20, 0x66, 0x6c, 0x6f, 0x61, 0x74, 0x33, //           float3
	0x20, 0x5f, 0x31, 0x35, 0x35, 0x32, 0x20, 0x3d, 0x20, 0x28, 0x28, 0x5f, 0x6d, 0x74, 0x6c, 0x5f, //  _1552 = ((_mtl_
	0x75, 0x2e, 0x75, 0x5f, 0x62, 0x61, 0x73, 0x65, 0x43, 0x6f, 0x6c, 0x6f, 0x72, 0x2e, 0x78, 0x79, // u.u_baseColor.xy
	0x7a, 0x20, 0x2a, 0x20, 0x69, 0x6e, 0x2e, 0x76, 0x5f, 0x63, 0x6f, 0x6c, 0x6f, 0x72, 0x30, 0x2e, // z * in.v_color0.
	0x78, 0x79, 0x7a, 0x29, 0x20, 0x2a, 0x20, 0x28, 0x30, 0x2e, 0x31, 0x30, 0x30, 0x30, 0x30, 0x30, // xyz) * (0.100000
	0x30, 0x30, 0x31, 0x34, 0x39, 0x30, 0x31, 0x31, 0x36, 0x31, 0x31, 0x39, 0x33, 0x38, 0x34, 0x37, // 0014901161193847
	0x36, 0x35, 0x36, 0x32, 0x35, 0x20, 0x2b, 0x20, 0x66, 0x61, 0x73, 0x74, 0x3a, 0x3a, 0x6d, 0x61, // 65625 + fast::ma
	0x78, 0x28, 0x64, 0x6f, 0x74, 0x28, 0x5f, 0x32, 0x37, 0x39, 0x35, 0x2c, 0x20, 0x5f, 0x31, 0x33, // x(dot(_2795, _13
	0x36, 0x33, 0x29, 0x2c, 0x20, 0x30, 0x2e, 0x30, 0x29, 0x29, 0x29, 0x20, 0x2b, 0x20, 0x66, 0x6c, // 63), 0.0))) + fl
	0x6f, 0x61, 0x74, 0x33, 0x28, 0x70, 0x6f, 0x77, 0x72, 0x28, 0x66, 0x61, 0x73, 0x74, 0x3a, 0x3a, // oat3(powr(fast::
	0x6d, 0x61, 0x78, 0x28, 0x64, 0x6f, 0x74, 0x28, 0x5f, 0x32, 0x37, 0x39, 0x35, 0x2c, 0x20, 0x66, // max(dot(_2795, f
	0x61, 0x73, 0x74, 0x3a, 0x3a, 0x6e, 0x6f, 0x72, 0x6d, 0x61, 0x6c, 0x69, 0x7a, 0x65, 0x28, 0x5f, // ast::normalize(_
	0x31, 0x33, 0x36, 0x33, 0x20, 0x2b, 0x20, 0x5f, 0x31, 0x33, 0x35, 0x39, 0x29, 0x29, 0x2c, 0x20, // 1363 + _1359)), 
	0x30, 0x2e, 0x30, 0x29, 0x2c, 0x20, 0x33, 0x32, 0x2e, 0x30, 0x29, 0x20, 0x2a, 0x20, 0x30, 0x2e, // 0.0), 32.0) * 0.
	0x35, 0x29, 0x3b, 0x0a, 0x20, 0x20, 0x20, 0x20, 0x20, 0x20, 0x20, 0x20, 0x20, 0x20, 0x20, 0x20, // 5);.            
	0x20, 0x20, 0x20, 0x20, 0x20, 0x20, 0x20, 0x20, 0x20, 0x20, 0x20, 0x20, 0x5f, 0x32, 0x38, 0x30, //             _280
	0x32, 0x20, 0x3d, 0x20, 0x66, 0x6c, 0x6f, 0x61, 0x74, 0x34, 0x28, 0x70, 0x6f, 0x77, 0x72, 0x28, // 2 = float4(powr(
	0x5f, 0x31, 0x35, 0x35, 0x32, 0x20, 0x2f, 0x20, 0x28, 0x5f, 0x31, 0x35, 0x35, 0x32, 0x20, 0x2b, // _1552 / (_1552 +
	0x20, 0x66, 0x6c, 0x6f, 0x61, 0x74, 0x33, 0x28, 0x31, 0x2e, 0x30, 0x29, 0x29, 0x2c, 0x20, 0x66, //  float3(1.0)), f
	0x6c, 0x6f, 0x61, 0x74, 0x33, 0x28, 0x30, 0x2e, 0x34, 0x35, 0x34, 0x35, 0x34, 0x35, 0x34, 0x36, // loat3(0.45454546
	0x38, 0x30, 0x39, 0x31, 0x39, 0x36, 0x34, 0x37, 0x32, 0x31, 0x36, 0x37, 0x39, 0x36, 0x38, 0x37, // 8091964721679687
	0x35, 0x29, 0x29, 0x2c, 0x20, 0x5f, 0x6d, 0x74, 0x6c, 0x5f, 0x75, 0x2e, 0x75, 0x5f, 0x62, 0x61, // 5)), _mtl_u.u_ba
	0x73, 0x65, 0x43, 0x6f, 0x6c, 0x6f, 0x72, 0x2e, 0x77, 0x20, 0x2a, 0x20, 0x69, 0x6e, 0x2e, 0x76, // seColor.w * in.v
	0x5f, 0x63, 0x6f, 0x6c, 0x6f, 0x72, 0x30, 0x2e, 0x77, 0x29, 0x3b, 0x0a, 0x20, 0x20, 0x20, 0x20, // _color0.w);.    
	0x20, 0x20, 0x20, 0x20, 0x20, 0x20, 0x20, 0x20, 0x20, 0x20, 0x20, 0x20, 0x20, 0x20, 0x20, 0x20, //                 
	0x7d, 0x0a, 0x20, 0x20, 0x20, 0x20, 0x20, 0x20, 0x20, 0x20, 0x20, 0x20, 0x20, 0x20, 0x20, 0x20, // }.              
	0x20, 0x20, 0x20, 0x20, 0x20, 0x20, 0x65, 0x6c, 0x73, 0x65, 0x0a, 0x20, 0x20, 0x20, 0x20, 0x20, //       else.     
	0x20, 0x20, 0x20, 0x20, 0x20, 0x20, 0x20, 0x20, 0x20, 0x20, 0x20, 0x20, 0x20, 0x20, 0x20, 0x7b, //                {
	0x0a, 0x20, 0x20, 0x20, 0x20, 0x20, 0x20, 0x20, 0x20, 0x20, 0x20, 0x20, 0x20, 0x20, 0x20, 0x20, // .               
	0x20, 0x20, 0x20, 0x20, 0x20, 0x20, 0x20, 0x20, 0x20, 0x66, 0x6c, 0x6f, 0x61, 0x74, 0x34, 0x20, //          float4 
	0x5f, 0x32, 0x38, 0x30, 0x33, 0x3b, 0x0a, 0x20, 0x20, 0x20, 0x20, 0x20, 0x20, 0x20, 0x20, 0x20, // _2803;.         
	0x20, 0x20, 0x20, 0x20, 0x20, 0x20, 0x20, 0x20, 0x20, 0x20, 0x20, 0x20, 0x20, 0x20, 0x20, 0x69, //                i
	0x66, 0x20, 0x28, 0x5f, 0x6d, 0x74, 0x6c, 0x5f, 0x75, 0x2e, 0x75, 0x5f, 0x73, 0x74, 0x79, 0x6c, // f (_mtl_u.u_styl
	0x65, 0x50, 0x61, 0x72, 0x61, 0x6d, 0x73, 0x2e, 0x78, 0x20, 0x3c, 0x20, 0x35, 0x2e, 0x35, 0x29, // eParams.x < 5.5)
	0x0a, 0x20, 0x20, 0x20, 0x20, 0x20, 0x20, 0x20, 0x20, 0x20, 0x20, 0x20, 0x20, 0x20, 0x20, 0x20, // .               
	0x20, 0x20, 0x20, 0x20, 0x20, 0x20, 0x20, 0x20, 0x20, 0x7b, 0x0a, 0x20, 0x20, 0x20, 0x20, 0x20, //          {.     
	0x20, 0x20, 0x20, 0x20, 0x20, 0x20, 0x20, 0x20, 0x20, 0x20, 0x20, 0x20, 0x20, 0x20, 0x20, 0x20, //                 
	0x20, 0x20, 0x20, 0x20, 0x20, 0x20, 0x20, 0x66, 0x6c, 0x6f, 0x61, 0x74, 0x32, 0x20, 0x5f, 0x31, //        float2 _1
	0x39, 0x37, 0x30, 0x20, 0x3d, 0x20, 0x69, 0x6e, 0x2e, 0x76, 0x5f, 0x77, 0x6f, 0x72, 0x6c, 0x64, // 970 = in.v_world
	0x50, 0x6f, 0x73, 0x2e, 0x78, 0x7a, 0x20, 0x2a, 0x20, 0x30, 0x2e, 0x35, 0x3b, 0x0a, 0x20, 0x20, // Pos.xz * 0.5;.  
	0x20, 0x20, 0x20, 0x20, 0x20, 0x20, 0x20, 0x20, 0x20, 0x20, 0x20, 0x20, 0x20, 0x20, 0x20, 0x20, //                 
	0x20, 0x20, 0x20, 0x20, 0x20, 0x20, 0x20, 0x20, 0x20, 0x20, 0x66, 0x6c, 0x6f, 0x61, 0x74, 0x20, //           float 
	0x5f, 0x31, 0x39, 0x37, 0x34, 0x20, 0x3d, 0x20, 0x28, 0x64, 0x6f, 0x74, 0x28, 0x5f, 0x32, 0x37, // _1974 = (dot(_27
	0x39, 0x35, 0x2c, 0x20, 0x66, 0x6c, 0x6f, 0x61, 0x74, 0x33, 0x28, 0x30, 0x2e, 0x34, 0x30, 0x30, // 95, float3(0.400
	0x30, 0x30, 0x30, 0x30, 0x30, 0x35, 0x39, 0x36, 0x30, 0x34, 0x36, 0x34, 0x34, 0x37, 0x37, 0x35, // 0000059604644775
	0x33, 0x39, 0x30, 0x36, 0x32, 0x35, 0x2c, 0x20, 0x30, 0x2e, 0x38, 0x30, 0x30, 0x30, 0x30, 0x30, // 390625, 0.800000
	0x30, 0x31, 0x31, 0x39, 0x32, 0x30, 0x39, 0x32, 0x38, 0x39, 0x35, 0x35, 0x30, 0x37, 0x38, 0x31, // 0119209289550781
	0x32, 0x35, 0x2c, 0x20, 0x30, 0x2e, 0x35, 0x35, 0x30, 0x30, 0x30, 0x30, 0x30, 0x31, 0x31, 0x39, // 25, 0.5500000119
	0x32, 0x30, 0x39, 0x32, 0x38, 0x39, 0x35, 0x35, 0x30, 0x37, 0x38, 0x31, 0x32, 0x35, 0x29, 0x29, // 20928955078125))
	0x20, 0x2b, 0x20, 0x31, 0x2e, 0x30, 0x29, 0x20, 0x2a, 0x20, 0x30, 0x2e, 0x35, 0x3b, 0x0a, 0x20, //  + 1.0) * 0.5;. 
	0x20, 0x20, 0x20, 0x20, 0x20, 0x20, 0x20, 0x20, 0x20, 0x20, 0x20, 0x20, 0x20, 0x20, 0x20, 0x20, //                 
	0x20, 0x20, 0x20, 0x20, 0x20, 0x20, 0x20, 0x20, 0x20, 0x20, 0x20, 0x66, 0x6c, 0x6f, 0x61, 0x74, //            float
	0x20, 0x5f, 0x32, 0x37, 0x39, 0x37, 0x3b, 0x0a, 0x20, 0x20, 0x20, 0x20, 0x20, 0x20, 0x20, 0x20, //  _2797;.        
	0x20, 0x20, 0x20, 0x20, 0x20, 0x20, 0x20, 0x20, 0x20, 0x20, 0x20, 0x20, 0x20, 0x20, 0x20, 0x20, //                 
	0x20, 0x20, 0x20, 0x20, 0x69, 0x66, 0x20, 0x28, 0x5f, 0x31, 0x39, 0x37, 0x34, 0x20, 0x3c, 0x20, //     if (_1974 < 
	0x30, 0x2e, 0x33, 0x30, 0x30, 0x30, 0x30, 0x30, 0x30, 0x31, 0x31, 0x39, 0x32, 0x30, 0x39, 0x32, // 0.30000001192092
	0x38, 0x39, 0x35, 0x35, 0x30, 0x37, 0x38, 0x31, 0x32, 0x35, 0x29, 0x0a, 0x20, 0x20, 0x20, 0x20, // 8955078125).    
	0x20, 0x20, 0x20, 0x20, 0x20, 0x20, 0x20, 0x20, 0x20, 0x20, 0x20, 0x20, 0x20, 0x20, 0x20, 0x20, //                 
	0x20, 0x20, 0x20, 0x20, 0x20, 0x20, 0x20, 0x20, 0x7b, 0x0a, 0x20, 0x20, 0x20, 0x20, 0x20, 0x20, //         {.      
	0x20, 0x20, 0x20, 0x20, 0x20, 0x20, 0x20, 0x20, 0x20, 0x20, 0x20, 0x20, 0x20, 0x20, 0x20, 0x20, //                 
	0x20, 0x20, 0x20, 0x20, 0x20, 0x20, 0x20, 0x20, 0x20, 0x20, 0x66, 0x6c, 0x6f, 0x61, 0x74, 0x20, //           float 
	0x5f, 0x32, 0x30, 0x37, 0x31, 0x20, 0x3d, 0x20, 0x5f, 0x31, 0x39, 0x37, 0x30, 0x2e, 0x79, 0x3b, // _2071 = _1970.y;
	0x0a, 0x20, 0x20, 0x20, 0x20, 0x20, 0x20, 0x20, 0x20, 0x20, 0x20, 0x20, 0x20, 0x20, 0x20, 0x20, // .               
	0x20, 0x20, 0x20, 0x20, 0x20, 0x20, 0x20, 0x20, 0x20, 0x20, 0x20, 0x20, 0x20, 0x20, 0x20, 0x20, //                 
	0x20, 0x66, 0x6c, 0x6f, 0x61, 0x74, 0x20, 0x5f, 0x32, 0x30, 0x37, 0x38, 0x20, 0x3d, 0x20, 0x5f, //  float _2078 = _
	0x31, 0x39, 0x37, 0x30, 0x2e, 0x78, 0x3b, 0x0a, 0x20, 0x20, 0x20, 0x20, 0x20, 0x20, 0x20, 0x20, // 1970.x;.        
	0x20, 0x20, 0x20, 0x20, 0x20, 0x20, 0x20, 0x20, 0x20, 0x20, 0x20, 0x20, 0x20, 0x20, 0x20, 0x20, //                 
	0x20, 0x20, 0x20, 0x20, 0x20, 0x20, 0x20, 0x20, 0x66, 0x6c, 0x6f, 0x61, 0x74, 0x32, 0x20, 0x5f, //         float2 _
	0x31, 0x39, 0x38, 0x34, 0x20, 0x3d, 0x20, 0x5f, 0x31, 0x39, 0x37, 0x30, 0x20, 0x2a, 0x20, 0x31, // 1984 = _1970 * 1
	0x2e, 0x35, 0x3b, 0x0a, 0x20, 0x20, 0x20, 0x20, 0x20, 0x20, 0x20, 0x20, 0x20, 0x20, 0x20, 0x20, // .5;.            
	0x20, 0x20, 0x20, 0x20, 0x20, 0x20, 0x20, 0x20, 0x20, 0x20, 0x20, 0x20, 0x20, 0x20, 0x20, 0x20, //                 
	0x20, 0x20, 0x20, 0x20, 0x66, 0x6c, 0x6f, 0x61, 0x74, 0x20, 0x5f, 0x32, 0x31, 0x31, 0x36, 0x20, //     float _2116 
	0x3d, 0x20, 0x5f, 0x31, 0x39, 0x38, 0x34, 0x2e, 0x78, 0x3b, 0x0a, 0x20, 0x20, 0x20, 0x20, 0x20, // = _1984.x;.     
	0x20, 0x20, 0x20, 0x20, 0x20, 0x20, 0x20, 0x20, 0x20, 0x20, 0x20, 0x20, 0x20, 0x20, 0x20, 0x20, //                 
	0x20, 0x20, 0x20, 0x20, 0x20, 0x20, 0x20, 0x20, 0x20, 0x20, 0x20, 0x66, 0x6c, 0x6f, 0x61, 0x74, //            float
	0x20, 0x5f, 0x32, 0x31, 0x32, 0x30, 0x20, 0x3d, 0x20, 0x5f, 0x31, 0x39, 0x38, 0x34, 0x2e, 0x79, //  _2120 = _1984.y
	0x3b, 0x0a, 0x20, 0x20, 0x20, 0x20, 0x20, 0x20, 0x20, 0x20, 0x20, 0x20, 0x20, 0x20, 0x20, 0x20, // ;.              
	0x20, 0x20, 0x20, 0x20, 0x20, 0x20, 0x20, 0x20, 0x20, 0x20, 0x20, 0x20, 0x20, 0x20, 0x20, 0x20, //                 
	0x20, 0x20, 0x66, 0x6c, 0x6f, 0x61, 0x74, 0x20, 0x5f, 0x32, 0x31, 0x32, 0x33, 0x20, 0x3d, 0x20, //   float _2123 = 
	0x28, 0x5f, 0x32, 0x31, 0x31, 0x36, 0x20, 0x2a, 0x20, 0x30, 0x2e, 0x30, 0x30, 0x30, 0x37, 0x39, // (_2116 * 0.00079
	0x36, 0x32, 0x37, 0x34, 0x32, 0x38, 0x32, 0x30, 0x33, 0x38, 0x32, 0x31, 0x31, 0x38, 0x32, 0x32, // 6274282038211822
	0x35, 0x30, 0x39, 0x37, 0x36, 0x35, 0x36, 0x32, 0x35, 0x29, 0x20, 0x2b, 0x20, 0x28, 0x5f, 0x32, // 509765625) + (_2
	0x31, 0x32, 0x30, 0x20, 0x2a, 0x20, 0x30, 0x2e, 0x39, 0x39, 0x39, 0x39, 0x39, 0x39, 0x37, 0x30, // 120 * 0.99999970
	0x31, 0x39, 0x37, 0x36, 0x37, 0x37, 0x36, 0x31, 0x32, 0x33, 0x30, 0x34, 0x36, 0x38, 0x37, 0x35, // 1976776123046875
	0x29, 0x3b, 0x0a, 0x20, 0x20, 0x20, 0x20, 0x20, 0x20, 0x20, 0x20, 0x20, 0x20, 0x20, 0x20, 0x20, // );.             
	0x20, 0x20, 0x20, 0x20, 0x20, 0x20, 0x20, 0x20, 0x20, 0x20, 0x20, 0x20, 0x20, 0x20, 0x20, 0x20, //                 
	0x20, 0x20, 0x20, 0x66, 0x6c, 0x6f, 0x61, 0x74, 0x20, 0x5f, 0x32, 0x31, 0x33, 0x33, 0x20, 0x3d, //    float _2133 =
	0x20, 0x28, 0x5f, 0x32, 0x31, 0x31, 0x36, 0x20, 0x2a, 0x20, 0x28, 0x2d, 0x30, 0x2e, 0x39, 0x39, //  (_2116 * (-0.99
	0x39, 0x39, 0x39, 0x39, 0x37, 0x30, 0x31, 0x39, 0x37, 0x36, 0x37, 0x37, 0x36, 0x31, 0x32, 0x33, // 9999701976776123
	0x30, 0x34, 0x36, 0x38, 0x37, 0x35, 0x29, 0x29, 0x20, 0x2b, 0x20, 0x28, 0x5f, 0x32, 0x31, 0x32, // 046875)) + (_212
	0x30, 0x20, 0x2a, 0x20, 0x30, 0x2e, 0x30, 0x30, 0x30, 0x37, 0x39, 0x36, 0x32, 0x37, 0x34, 0x32, // 0 * 0.0007962742
	0x38, 0x32, 0x30, 0x33, 0x38, 0x32, 0x31, 0x31, 0x38, 0x32, 0x32, 0x35, 0x30, 0x39, 0x37, 0x36, // 8203821182250976
	0x35, 0x36, 0x32, 0x35, 0x29, 0x3b, 0x0a, 0x20, 0x20, 0x20, 0x20, 0x20, 0x20, 0x20, 0x20, 0x20, // 5625);.         
	0x20, 0x20, 0x20, 0x20, 0x20, 0x20, 0x20, 0x20, 0x20, 0x20, 0x20, 0x20, 0x20, 0x20, 0x20, 0x20, //                 
	0x20, 0x20, 0x20, 0x20, 0x20, 0x20, 0x20, 0x5f, 0x32, 0x37, 0x39, 0x37, 0x20, 0x3d, 0x20, 0x28, //        _2797 = (
	0x28, 0x28, 0x28, 0x73, 0x74, 0x65, 0x70, 0x28, 0x30, 0x2e, 0x39, 0x34, 0x39, 0x39, 0x39, 0x39, // (((step(0.949999
	0x39, 0x38, 0x38, 0x30, 0x37, 0x39, 0x30, 0x37, 0x31, 0x30, 0x34, 0x34, 0x39, 0x32, 0x31, 0x38, // 9880790710449218
	0x37, 0x35, 0x2c, 0x20, 0x73, 0x69, 0x6e, 0x28, 0x5f, 0x32, 0x30, 0x37, 0x31, 0x20, 0x2a, 0x20, // 75, sin(_2071 * 
	0x32, 0x30, 0x2e, 0x30, 0x29, 0x29, 0x20, 0x2b, 0x20, 0x73, 0x74, 0x65, 0x70, 0x28, 0x30, 0x2e, // 20.0)) + step(0.
	0x39, 0x34, 0x39, 0x39, 0x39, 0x39, 0x39, 0x38, 0x38, 0x30, 0x37, 0x39, 0x30, 0x37, 0x31, 0x30, // 9499999880790710
	0x34, 0x34, 0x39, 0x32, 0x31, 0x38, 0x37, 0x35, 0x2c, 0x20, 0x73, 0x69, 0x6e, 0x28, 0x5f, 0x32, // 44921875, sin(_2
	0x30, 0x37, 0x38, 0x20, 0x2a, 0x20, 0x32, 0x30, 0x2e, 0x30, 0x29, 0x29, 0x29, 0x20, 0x2b, 0x20, // 078 * 20.0))) + 
	0x73, 0x74, 0x65, 0x70, 0x28, 0x30, 0x2e, 0x39, 0x34, 0x39, 0x39, 0x39, 0x39, 0x39, 0x38, 0x38, // step(0.949999988
	0x30, 0x37, 0x39, 0x30, 0x37, 0x31, 0x30, 0x34, 0x34, 0x39, 0x32, 0x31, 0x38, 0x37, 0x35, 0x2c, // 079071044921875,
	0x20, 0x73, 0x69, 0x6e, 0x28, 0x28, 0x5f, 0x32, 0x30, 0x37, 0x38, 0x20, 0x2b, 0x20, 0x5f, 0x32, //  sin((_2078 + _2
	0x30, 0x37, 0x31, 0x29, 0x20, 0x2a, 0x20, 0x32, 0x30, 0x2e, 0x30, 0x29, 0x29, 0x29, 0x20, 0x2b, // 071) * 20.0))) +
	0x20, 0x73, 0x74, 0x65, 0x70, 0x28, 0x30, 0x2e, 0x39, 0x34, 0x39, 0x39, 0x39, 0x39, 0x39, 0x38, //  step(0.94999998
	0x38, 0x30, 0x37, 0x39, 0x30, 0x37, 0x31, 0x30, 0x34, 0x34, 0x39, 0x32, 0x31, 0x38, 0x37, 0x35, // 8079071044921875
	0x2c, 0x20, 0x73, 0x69, 0x6e, 0x28, 0x28, 0x5f, 0x32, 0x30, 0x37, 0x38, 0x20, 0x2d, 0x20, 0x5f, // , sin((_2078 - _
	0x32, 0x30, 0x37, 0x31, 0x29, 0x20, 0x2a, 0x20, 0x32, 0x30, 0x2e, 0x30, 0x29, 0x29, 0x29, 0x20, // 2071) * 20.0))) 
	0x2a, 0x20, 0x31, 0x2e, 0x35, 0x29, 0x20, 0x2b, 0x20, 0x28, 0x28, 0x28, 0x73, 0x74, 0x65, 0x70, // * 1.5) + (((step
	0x28, 0x30, 0x2e, 0x39, 0x34, 0x39, 0x39, 0x39, 0x39, 0x39, 0x38, 0x38, 0x30, 0x37, 0x39, 0x30, // (0.9499999880790
	0x37, 0x31, 0x30, 0x34, 0x34, 0x39, 0x32, 0x31, 0x38, 0x37, 0x35, 0x2c, 0x20, 0x73, 0x69, 0x6e, // 71044921875, sin
	0x28, 0x5f, 0x32, 0x31, 0x33, 0x33, 0x20, 0x2a, 0x20, 0x32, 0x30, 0x2e, 0x30, 0x29, 0x29, 0x20, // (_2133 * 20.0)) 
	0x2b, 0x20, 0x73, 0x74, 0x65, 0x70, 0x28, 0x30, 0x2e, 0x39, 0x34, 0x39, 0x39, 0x39, 0x39, 0x39, // + step(0.9499999
	0x38, 0x38, 0x30, 0x37, 0x39, 0x30, 0x37, 0x31, 0x30, 0x34, 0x34, 0x39, 0x32, 0x31, 0x38, 0x37, // 8807907104492187
	0x35, 0x2c, 0x20, 0x73, 0x69, 0x6e, 0x28, 0x5f, 0x32, 0x31, 0x32, 0x33, 0x20, 0x2a, 0x20, 0x32, // 5, sin(_2123 * 2
	0x30, 0x2e, 0x30, 0x29, 0x29, 0x29, 0x20, 0x2b, 0x20, 0x73, 0x74, 0x65, 0x70, 0x28, 0x30, 0x2e, // 0.0))) + step(0.
	0x39, 0x34, 0x39, 0x39, 0x39, 0x39, 0x39, 0x38, 0x38, 0x30, 0x37, 0x39, 0x30, 0x37, 0x31, 0x30, // 9499999880790710
	0x34, 0x34, 0x39, 0x32, 0x31, 0x38, 0x37, 0x35, 0x2c, 0x20, 0x73, 0x69, 0x6e, 0x28, 0x28, 0x5f, // 44921875, sin((_
	0x32, 0x31, 0x32, 0x33, 0x20, 0x2b, 0x20, 0x5f, 0x32, 0x31, 0x33, 0x33, 0x29, 0x20, 0x2a, 0x20, // 2123 + _2133) * 
	0x32, 0x30, 0x2e, 0x30, 0x29, 0x29, 0x29, 0x20, 0x2b, 0x20, 0x73, 0x74, 0x65, 0x70, 0x28, 0x30, // 20.0))) + step(0
	0x2e, 0x39, 0x34, 0x39, 0x39, 0x39, 0x39, 0x39, 0x38, 0x38, 0x30, 0x37, 0x39, 0x30, 0x37, 0x31, // .949999988079071
	0x30, 0x34, 0x34, 0x39, 0x32, 0x31, 0x38, 0x37, 0x35, 0x2c, 0x20, 0x73, 0x69, 0x6e, 0x28, 0x28, // 044921875, sin((
	0x5f, 0x32, 0x31, 0x32, 0x33, 0x20, 0x2d, 0x20, 0x5f, 0x32, 0x31, 0x33, 0x33, 0x29, 0x20, 0x2a, // _2123 - _2133) *
	0x20, 0x32, 0x30, 0x2e, 0x30, 0x29, 0x29, 0x29, 0x3b, 0x0a, 0x20, 0x20, 0x20, 0x20, 0x20, 0x20, //  20.0)));.      
	0x20, 0x20, 0x20, 0x20, 0x20, 0x20, 0x20, 0x20, 0x20, 0x20, 0x20, 0x20, 0x20, 0x20, 0x20, 0x20, //                 
	0x20, 0x20, 0x20, 0x20, 0x20, 0x20, 0x7d, 0x0a, 0x20, 0x20, 0x20, 0x20, 0x20, 0x20, 0x20, 0x20, //       }.        
	0x20, 0x20, 0x20, 0x20, 0x20, 0x20, 0x20, 0x20, 0x20, 0x20, 0x20, 0x20, 0x20, 0x20, 0x20, 0x20, //                 
	0x20, 0x20, 0x20, 0x20, 0x65, 0x6c, 0x73, 0x65, 0x0a, 0x20, 0x20, 0x20, 0x20, 0x20, 0x20, 0x20, //     else.       
	0x20, 0x20, 0x20, 0x20, 0x20, 0x20, 0x20, 0x20, 0x20, 0x20, 0x20, 0x20, 0x20, 0x20, 0x20, 0x20, //                 
	0x20, 0x20, 0x20, 0x20, 0x20, 0x7b, 0x0a, 0x20, 0x20, 0x20, 0x20, 0x20, 0x20, 0x20, 0x20, 0x20, //      {.         
	0x20, 0x20, 0x20, 0x20, 0x20, 0x20, 0x20, 0x20, 0x20, 0x20, 0x20, 0x20, 0x20, 0x20, 0x20, 0x20, //                 
	0x20, 0x20, 0x20, 0x20, 0x20, 0x20, 0x20, 0x66, 0x6c, 0x6f, 0x61, 0x74, 0x20, 0x5f, 0x32, 0x37, //        float _27
	0x39, 0x38, 0x3b, 0x0a, 0x20, 0x20, 0x20, 0x20, 0x20, 0x20, 0x20, 0x20, 0x20, 0x20, 0x20, 0x20, // 98;.            
	0x20, 0x20, 0x20, 0x20, 0x20, 0x20, 0x20, 0x20, 0x20, 0x20, 0x20, 0x20, 0x20, 0x20, 0x20, 0x20, //                 
	0x20, 0x20, 0x20, 0x20, 0x69, 0x66, 0x20, 0x28, 0x5f, 0x31, 0x39, 0x37, 0x34, 0x20, 0x3c, 0x20, //     if (_1974 < 
	0x30, 0x2e, 0x36, 0x39, 0x39, 0x39, 0x39, 0x39, 0x39, 0x38, 0x38, 0x30, 0x37, 0x39, 0x30, 0x37, // 0.69999998807907
	0x31, 0x30, 0x34, 0x34, 0x39, 0x32, 0x31, 0x38, 0x37, 0x35, 0x29, 0x0a, 0x20, 0x20, 0x20, 0x20, // 1044921875).    
	0x20, 0x20, 0x20, 0x20, 0x20, 0x20, 0x20, 0x20, 0x20, 0x20, 0x20, 0x20, 0x20, 0x20, 0x20, 0x20, //                 
	0x20, 0x20, 0x20, 0x20, 0x20, 0x20, 0x20, 0x20, 0x20, 0x20, 0x20, 0x20, 0x7b, 0x0a, 0x20, 0x20, //             {.  
	0x20, 0x20, 0x20, 0x20, 0x20, 0x20, 0x20, 0x20, 0x20, 0x20, 0x20, 0x20, 0x20, 0x20, 0x20, 0x20, //                 
	0x20, 0x20, 0x20, 0x20, 0x20, 0x20, 0x20, 0x20, 0x20, 0x20, 0x20, 0x20, 0x20, 0x20, 0x20, 0x20, //                 
	0x20, 0x20, 0x66, 0x6c, 0x6f, 0x61, 0x74, 0x20, 0x5f, 0x32, 0x32, 0x30, 0x31, 0x20, 0x3d, 0x20, //   float _2201 = 
	0x5f, 0x31, 0x39, 0x37, 0x30, 0x2e, 0x79, 0x3b, 0x0a, 0x20, 0x20, 0x20, 0x20, 0x20, 0x20, 0x20, // _1970.y;.       
	0x20, 0x20, 0x20, 0x20, 0x20, 0x20, 0x20, 0x20, 0x20, 0x20, 0x20, 0x20, 0x20, 0x20, 0x20, 0x20, //                 
	0x20, 0x20, 0x20, 0x20, 0x20, 0x20, 0x20, 0x20, 0x20, 0x20, 0x20, 0x20, 0x20, 0x66, 0x6c, 0x6f, //              flo
	0x61, 0x74, 0x20, 0x5f, 0x32, 0x32, 0x30, 0x38, 0x20, 0x3d, 0x20, 0x5f, 0x31, 0x39, 0x37, 0x30, // at _2208 = _1970
	0x2e, 0x78, 0x3b, 0x0a, 0x20, 0x20, 0x20, 0x20, 0x20, 0x20, 0x20, 0x20, 0x20, 0x20, 0x20, 0x20, // .x;.            
	0x20, 0x20, 0x20, 0x20, 0x20, 0x20, 0x20, 0x20, 0x20, 0x20, 0x20, 0x20, 0x20, 0x20, 0x20, 0x20, //                 
	0x20, 0x20, 0x20, 0x20, 0x20, 0x20, 0x20, 0x20, 0x5f, 0x32, 0x37, 0x39, 0x38, 0x20, 0x3d, 0x20, //         _2798 = 
	0x28, 0x28, 0x28, 0x73, 0x74, 0x65, 0x70, 0x28, 0x30, 0x2e, 0x39, 0x34, 0x39, 0x39, 0x39, 0x39, // (((step(0.949999
	0x39, 0x38, 0x38, 0x30, 0x37, 0x39, 0x30, 0x37, 0x31, 0x30, 0x34, 0x34, 0x39, 0x32, 0x31, 0x38, // 9880790710449218
	0x37, 0x35, 0x2c, 0x20, 0x73, 0x69, 0x6e, 0x28, 0x5f, 0x32, 0x32, 0x30, 0x31, 0x20, 0x2a, 0x20, // 75, sin(_2201 * 
	0x32, 0x30, 0x2e, 0x30, 0x29, 0x29, 0x20, 0x2b, 0x20, 0x73, 0x74, 0x65, 0x70, 0x28, 0x30, 0x2e, // 20.0)) + step(0.
	0x39, 0x34, 0x39, 0x39, 0x39, 0x39, 0x39, 0x38, 0x38, 0x30, 0x37, 0x39, 0x30, 0x37, 0x31, 0x30, // 9499999880790710
	0x34, 0x34, 0x39, 0x32, 0x31, 0x38, 0x37, 0x35, 0x2c, 0x20, 0x73, 0x69, 0x6e, 0x28, 0x5f, 0x32, // 44921875, sin(_2
	0x32, 0x30, 0x38, 0x20, 0x2a, 0x20, 0x32, 0x30, 0x2e, 0x30, 0x29, 0x29, 0x29, 0x20, 0x2b, 0x20, // 208 * 20.0))) + 
	0x73, 0x74, 0x65, 0x70, 0x28, 0x30, 0x2e, 0x39, 0x34, 0x39, 0x39, 0x39, 0x39, 0x39, 0x38, 0x38, // step(0.949999988
	0x30, 0x37, 0x39, 0x30, 0x37, 0x31, 0x30, 0x34, 0x34, 0x39, 0x32, 0x31, 0x38, 0x37, 0x35, 0x2c, // 079071044921875,
	0x20, 0x73, 0x69, 0x6e, 0x28, 0x28, 0x5f, 0x32, 0x32, 0x30, 0x38, 0x20, 0x2b, 0x20, 0x5f, 0x32, //  sin((_2208 + _2
	0x32, 0x30, 0x31, 0x29, 0x20, 0x2a, 0x20, 0x32, 0x30, 0x2e, 0x30, 0x29, 0x29, 0x29, 0x20, 0x2b, // 201) * 20.0))) +
	0x20, 0x73, 0x74, 0x65, 0x70, 0x28, 0x30, 0x2e, 0x39, 0x34, 0x39, 0x39, 0x39, 0x39, 0x39, 0x38, //  step(0.94999998
	0x38, 0x30, 0x37, 0x39, 0x30, 0x37, 0x31, 0x30, 0x34, 0x34, 0x39, 0x32, 0x31, 0x38, 0x37, 0x35, // 8079071044921875
	0x2c, 0x20, 0x73, 0x69, 0x6e, 0x28, 0x28, 0x5f, 0x32, 0x32, 0x30, 0x38, 0x20, 0x2d, 0x20, 0x5f, // , sin((_2208 - _
	0x32, 0x32, 0x30, 0x31, 0x29, 0x20, 0x2a, 0x20, 0x32, 0x30, 0x2e, 0x30, 0x29, 0x29, 0x29, 0x20, // 2201) * 20.0))) 
	0x2a, 0x20, 0x30, 0x2e, 0x35, 0x3b, 0x0a, 0x20, 0x20, 0x20, 0x20, 0x20, 0x20, 0x20, 0x20, 0x20, // * 0.5;.         
	0x20, 0x20, 0x20, 0x20, 0x20, 0x20, 0x20, 0x20, 0x20, 0x20, 0x20, 0x20, 0x20, 0x20, 0x20, 0x20, //                 
	0x20, 0x20, 0x20, 0x20, 0x20, 0x20, 0x20, 0x7d, 0x0a, 0x20, 0x20, 0x20, 0x20, 0x20, 0x20, 0x20, //        }.       
	0x20, 0x20, 0x20, 0x20, 0x20, 0x20, 0x20, 0x20, 0x20, 0x20, 0x20, 0x20, 0x20, 0x20, 0x20, 0x20, //                 
	0x20, 0x20, 0x20, 0x20, 0x20, 0x20, 0x20, 0x20, 0x20, 0x65, 0x6c, 0x73, 0x65, 0x0a, 0x20, 0x20, //          else.  
	0x20, 0x20, 0x20, 0x20, 0x20, 0x20, 0x20, 0x20, 0x20, 0x20, 0x20, 0x20, 0x20, 0x20, 0x20, 0x20, //                 
	0x20, 0x20, 0x20, 0x20, 0x20, 0x20, 0x20, 0x20, 0x20, 0x20, 0x20, 0x20, 0x20, 0x20, 0x7b, 0x0a, //               {.
	0x20, 0x20, 0x20, 0x20, 0x20, 0x20, 0x20, 0x20, 0x20, 0x20, 0x20, 0x20, 0x20, 0x20, 0x20, 0x20, //                 
	0x20, 0x20, 0x20, 0x20, 0x20, 0x20, 0x20, 0x20, 0x20, 0x20, 0x20, 0x20, 0x20, 0x20, 0x20, 0x20, //                 
	0x20, 0x20, 0x20, 0x20, 0x5f, 0x32, 0x37, 0x39, 0x38, 0x20, 0x3d, 0x20, 0x30, 0x2e, 0x30, 0x3b, //     _2798 = 0.0;
	0x0a, 0x20, 0x20, 0x20, 0x20, 0x20, 0x20, 0x20, 0x20, 0x20, 0x20, 0x20, 0x20, 0x20, 0x20, 0x20, // .               
	0x20, 0x20, 0x20, 0x20, 0x20, 0x20, 0x20, 0x20, 0x20, 0x20, 0x20, 0x20, 0x20, 0x20, 0x20, 0x20, //                 
	0x20, 0x7d, 0x0a, 0x20, 0x20, 0x20, 0x20, 0x20, 0x20, 0x20, 0x20, 0x20, 0x20, 0x20, 0x20, 0x20, //  }.             
	0x20, 0x20, 0x20, 0x20, 0x20, 0x20, 0x20, 0x20, 0x20, 0x20, 0x20, 0x20, 0x20, 0x20, 0x20, 0x20, //                 
	0x20, 0x20, 0x20, 0x5f, 0x32, 0x37, 0x39, 0x37, 0x20, 0x3d, 0x20, 0x5f, 0x32, 0x37, 0x39, 0x38, //    _2797 = _2798
	0x3b, 0x0a, 0x20, 0x20, 0x20, 0x20, 0x20, 0x20, 0x20, 0x20, 0x20, 0x20, 0x20, 0x20, 0x20, 0x20, // ;.              
	0x20, 0x20, 0x20, 0x20, 0x20, 0x20, 0x20, 0x20, 0x20, 0x20, 0x20, 0x20, 0x20, 0x20, 0x7d, 0x0a, //               }.
	0x20, 0x20, 0x20, 0x20, 0x20, 0x20, 0x20, 0x20, 0x20, 0x20, 0x20, 0x20, 0x20, 0x20, 0x20, 0x20, //                 
	0x20, 0x20, 0x20, 0x20, 0x20, 0x20, 0x20, 0x20, 0x20, 0x20, 0x20, 0x20, 0x66, 0x6c, 0x6f, 0x61, //             floa
	0x74, 0x32, 0x20, 0x5f, 0x32, 0x30, 0x30, 0x31, 0x20, 0x3d, 0x20, 0x5f, 0x31, 0x39, 0x37, 0x30, // t2 _2001 = _1970
	0x20, 0x2a, 0x20, 0x31, 0x30, 0x2e, 0x30, 0x3b, 0x0a, 0x20, 0x20, 0x20, 0x20, 0x20, 0x20, 0x20, //  * 10.0;.       
	0x20, 0x20, 0x20, 0x20, 0x20, 0x20, 0x20, 0x20, 0x20, 0x20, 0x20, 0x20, 0x20, 0x20, 0x20, 0x20, //                 
	0x20, 0x20, 0x20, 0x20, 0x20, 0x66, 0x6c, 0x6f, 0x61, 0x74, 0x32, 0x20, 0x5f, 0x32, 0x32, 0x35, //      float2 _225
	0x37, 0x20, 0x3d, 0x20, 0x66, 0x6c, 0x6f, 0x6f, 0x72, 0x28, 0x5f, 0x32, 0x30, 0x30, 0x31, 0x29, // 7 = floor(_2001)
	0x3b, 0x0a, 0x20, 0x20, 0x20, 0x20, 0x20, 0x20, 0x20, 0x20, 0x20, 0x20, 0x20, 0x20, 0x20, 0x20, // ;.              
	0x20, 0x20, 0x20, 0x20, 0x20, 0x20, 0x20, 0x20, 0x20, 0x20, 0x20, 0x20, 0x20, 0x20, 0x66, 0x6c, //               fl
	0x6f, 0x61, 0x74, 0x32, 0x20, 0x5f, 0x32, 0x32, 0x35, 0x39, 0x20, 0x3d, 0x20, 0x66, 0x72, 0x61, // oat2 _2259 = fra
	0x63, 0x74, 0x28, 0x5f, 0x32, 0x30, 0x30, 0x31, 0x29, 0x3b, 0x0a, 0x20, 0x20, 0x20, 0x20, 0x20, // ct(_2001);.     
	0x20, 0x20, 0x20, 0x20, 0x20, 0x20, 0x20, 0x20, 0x20, 0x20, 0x20, 0x20, 0x20, 0x20, 0x20, 0x20, //                 
	0x20, 0x20, 0x20, 0x20, 0x20, 0x20, 0x20, 0x66, 0x6c, 0x6f, 0x61, 0x74, 0x32, 0x20, 0x5f, 0x32, //        float2 _2
	0x32, 0x36, 0x37, 0x20, 0x3d, 0x20, 0x28, 0x5f, 0x32, 0x32, 0x35, 0x39, 0x20, 0x2a, 0x20, 0x5f, // 267 = (_2259 * _
	0x32, 0x32, 0x35, 0x39, 0x29, 0x20, 0x2a, 0x20, 0x28, 0x66, 0x6c, 0x6f, 0x61, 0x74, 0x32, 0x28, // 2259) * (float2(
	0x33, 0x2e, 0x30, 0x29, 0x20, 0x2d, 0x20, 0x28, 0x5f, 0x32, 0x32, 0x35, 0x39, 0x20, 0x2a, 0x20, // 3.0) - (_2259 * 
	0x32, 0x2e, 0x30, 0x29, 0x29, 0x3b, 0x0a, 0x20, 0x20, 0x20, 0x20, 0x20, 0x20, 0x20, 0x20, 0x20, // 2.0));.         
	0x20, 0x20, 0x20, 0x20, 0x20, 0x20, 0x20, 0x20, 0x20, 0x20, 0x20, 0x20, 0x20, 0x20, 0x20, 0x20, //                 
	0x20, 0x20, 0x20, 0x66, 0x6c, 0x6f, 0x61, 0x74, 0x32, 0x20, 0x5f, 0x32, 0x32, 0x39, 0x36, 0x20, //    float2 _2296 
	0x3d, 0x20, 0x66, 0x72, 0x61, 0x63, 0x74, 0x28, 0x5f, 0x32, 0x32, 0x35, 0x37, 0x20, 0x2a, 0x20, // = fract(_2257 * 
	0x66, 0x6c, 0x6f, 0x61, 0x74, 0x32, 0x28, 0x31, 0x32, 0x33, 0x2e, 0x33, 0x33, 0x39, 0x39, 0x39, // float2(123.33999
	0x36, 0x33, 0x33, 0x37, 0x38, 0x39, 0x30, 0x36, 0x32, 0x35, 0x2c, 0x20, 0x34, 0x35, 0x36, 0x2e, // 6337890625, 456.
	0x32, 0x30, 0x39, 0x39, 0x39, 0x31, 0x34, 0x35, 0x35, 0x30, 0x37, 0x38, 0x31, 0x32, 0x35, 0x29, // 209991455078125)
	0x29, 0x3b, 0x0a, 0x20, 0x20, 0x20, 0x20, 0x20, 0x20, 0x20, 0x20, 0x20, 0x20, 0x20, 0x20, 0x20, // );.             
	0x20, 0x20, 0x20, 0x20, 0x20, 0x20, 0x20, 0x20, 0x20, 0x20, 0x20, 0x20, 0x20, 0x20, 0x20, 0x66, //                f
	0x6c, 0x6f, 0x61, 0x74, 0x32, 0x20, 0x5f, 0x32, 0x33, 0x30, 0x34, 0x20, 0x3d, 0x20, 0x5f, 0x32, // loat2 _2304 = _2
	0x32, 0x39, 0x36, 0x20, 0x2b, 0x20, 0x66, 0x6c, 0x6f, 0x61, 0x74, 0x32, 0x28, 0x64, 0x6f, 0x74, // 296 + float2(dot
	0x28, 0x5f, 0x32, 0x32, 0x39, 0x36, 0x2c, 0x20, 0x5f, 0x32, 0x32, 0x39, 0x36, 0x20, 0x2b, 0x20, // (_2296, _2296 + 
	0x66, 0x6c, 0x6f, 0x61, 0x74, 0x32, 0x28, 0x34, 0x35, 0x2e, 0x33, 0x31, 0x39, 0x39, 0x39, 0x39, // float2(45.319999
	0x36, 0x39, 0x34, 0x38, 0x32, 0x34, 0x32, 0x31, 0x38, 0x37, 0x35, 0x29, 0x29, 0x29, 0x3b, 0x0a, // 69482421875)));.
	0x20, 0x20, 0x20, 0x20, 0x20, 0x20, 0x20, 0x20, 0x20, 0x20, 0x20, 0x20, 0x20, 0x20, 0x20, 0x20, //                 
	0x20, 0x20, 0x20, 0x20, 0x20, 0x20, 0x20, 0x20, 0x20, 0x20, 0x20, 0x20, 0x66, 0x6c, 0x6f, 0x61, //             floa
	0x74, 0x32, 0x20, 0x5f, 0x32, 0x33, 0x31, 0x35, 0x20, 0x3d, 0x20, 0x66, 0x72, 0x61, 0x63, 0x74, // t2 _2315 = fract
	0x28, 0x28, 0x5f, 0x32, 0x32, 0x35, 0x37, 0x20, 0x2b, 0x20, 0x66, 0x6c, 0x6f, 0x61, 0x74, 0x32, // ((_2257 + float2
	0x28, 0x31, 0x2e, 0x30, 0x2c, 0x20, 0x30, 0x2e, 0x30, 0x29, 0x29, 0x20, 0x2a, 0x20, 0x66, 0x6c, // (1.0, 0.0)) * fl
	0x6f, 0x61, 0x74, 0x32, 0x28, 0x31, 0x32, 0x33, 0x2e, 0x33, 0x33, 0x39, 0x39, 0x39, 0x36, 0x33, // oat2(123.3399963
	0x33, 0x37, 0x38, 0x39, 0x30, 0x36, 0x32, 0x35, 0x2c, 0x20, 0x34, 0x35, 0x36, 0x2e, 0x32, 0x30, // 37890625, 456.20
	0x39, 0x39, 0x39, 0x31, 0x34, 0x35, 0x35, 0x30, 0x37, 0x38, 0x31, 0x32, 0x35, 0x29, 0x29, 0x3b, // 9991455078125));
	0x0a, 0x20, 0x20, 0x20, 0x20, 0x20, 0x20, 0x20, 0x20, 0x20, 0x20, 0x20, 0x20, 0x20, 0x20, 0x20, // .               
	0x20, 0x20, 0x20, 0x20, 0x20, 0x20, 0x20, 0x20, 0x20, 0x20, 0x20, 0x20, 0x20, 0x66, 0x6c, 0x6f, //              flo
	0x61, 0x74, 0x32, 0x20, 0x5f, 0x32, 0x33, 0x32, 0x33, 0x20, 0x3d, 0x20, 0x5f, 0x32, 0x33, 0x31, // at2 _2323 = _231
	0x35, 0x20, 0x2b, 0x20, 0x66, 0x6c, 0x6f, 0x61, 0x74, 0x32, 0x28, 0x64, 0x6f, 0x74, 0x28, 0x5f, // 5 + float2(dot(_
	0x32, 0x33, 0x31, 0x35, 0x2c, 0x20, 0x5f, 0x32, 0x33, 0x31, 0x35, 0x20, 0x2b, 0x20, 0x66, 0x6c, // 2315, _2315 + fl
	0x6f, 0x61, 0x74, 0x32, 0x28, 0x34, 0x35, 0x2e, 0x33, 0x31, 0x39, 0x39, 0x39, 0x39, 0x36, 0x39, // oat2(45.31999969
	0x34, 0x38, 0x32, 0x34, 0x32, 0x31, 0x38, 0x37, 0x35, 0x29, 0x29, 0x29, 0x3b, 0x0a, 0x20, 0x20, // 482421875)));.  
	0x20, 0x20, 0x20, 0x20, 0x20, 0x20, 0x20, 0x20, 0x20, 0x20, 0x20, 0x20, 0x20, 0x20, 0x20, 0x20, //                 
	0x20, 0x20, 0x20, 0x20, 0x20, 0x20, 0x20, 0x20, 0x20, 0x20, 0x66, 0x6c, 0x6f, 0x61, 0x74, 0x32, //           float2
	0x20, 0x5f, 0x32, 0x33, 0x33, 0x34, 0x20, 0x3d, 0x20, 0x66, 0x72, 0x61, 0x63, 0x74, 0x28, 0x28, //  _2334 = fract((
	0x5f, 0x32, 0x32, 0x35, 0x37, 0x20, 0x2b, 0x20, 0x66, 0x6c, 0x6f, 0x61, 0x74, 0x32, 0x28, 0x30, // _2257 + float2(0
	0x2e, 0x30, 0x2c, 0x20, 0x31, 0x2e, 0x30, 0x29, 0x29, 0x20, 0x2a, 0x20, 0x66, 0x6c, 0x6f, 0x61, // .0, 1.0)) * floa
	0x74, 0x32, 0x28, 0x31, 0x32, 0x33, 0x2e, 0x33, 0x33, 0x39, 0x39, 0x39, 0x36, 0x33, 0x33, 0x37, // t2(123.339996337
	0x38, 0x39, 0x30, 0x36, 0x32, 0x35, 0x2c, 0x20, 0x34, 0x35, 0x36, 0x2e, 0x32, 0x30, 0x39, 0x39, // 890625, 456.2099
	0x39, 0x31, 0x34, 0x35, 0x35, 0x30, 0x37, 0x38, 0x31, 0x32, 0x35, 0x29, 0x29, 0x3b, 0x0a, 0x20, // 91455078125));. 
	0x20, 0x20, 0x20, 0x20, 0x20, 0x20, 0x20, 0x20, 0x20, 0x20, 0x20, 0x20, 0x20, 0x20, 0x20, 0x20, //                 
	0x20, 0x20, 0x20, 0x20, 0x20, 0x20, 0x20, 0x20, 0x20, 0x20, 0x20, 0x66, 0x6c, 0x6f, 0x61, 0x74, //            float
	0x32, 0x20, 0x5f, 0x32, 0x33, 0x34, 0x32, 0x20, 0x3d, 0x20, 0x5f, 0x32, 0x33, 0x33, 0x34, 0x20, // 2 _2342 = _2334 
	0x2b, 0x20, 0x66, 0x6c, 0x6f, 0x61, 0x74, 0x32, 0x28, 0x64, 0x6f, 0x74, 0x28, 0x5f, 0x32, 0x33, // + float2(dot(_23
	0x33, 0x34, 0x2c, 0x20, 0x5f, 0x32, 0x33, 0x33, 0x34, 0x20, 0x2b, 0x20, 0x66, 0x6c, 0x6f, 0x61, // 34, _2334 + floa
	0x74, 0x32, 0x28, 0x34, 0x35, 0x2e, 0x33, 0x31, 0x39, 0x39, 0x39, 0x39, 0x36, 0x39, 0x34, 0x38, // t2(45.3199996948
	0x32, 0x34, 0x32, 0x31, 0x38, 0x37, 0x35, 0x29, 0x29, 0x29, 0x3b, 0x0a, 0x20, 0x20, 0x20, 0x20, // 2421875)));.    
	0x20, 0x20, 0x20, 0x20, 0x20, 0x20, 0x20, 0x20, 0x20, 0x20, 0x20, 0x20, 0x20, 0x20, 0x20, 0x20, //                 
	0x20, 0x20, 0x20, 0x20, 0x20, 0x20, 0x20, 0x20, 0x66, 0x6c, 0x6f, 0x61, 0x74, 0x32, 0x20, 0x5f, //         float2 _
	0x32, 0x33, 0x35, 0x33, 0x20, 0x3d, 0x20, 0x66, 0x72, 0x61, 0x63, 0x74, 0x28, 0x28, 0x5f, 0x32, // 2353 = fract((_2
	0x32, 0x35, 0x37, 0x20, 0x2b, 0x20, 0x66, 0x6c, 0x6f, 0x61, 0x74, 0x32, 0x28, 0x31, 0x2e, 0x30, // 257 + float2(1.0
	0x29, 0x29, 0x20, 0x2a, 0x20, 0x66, 0x6c, 0x6f, 0x61, 0x74, 0x32, 0x28, 0x31, 0x32, 0x33, 0x2e, // )) * float2(123.
	0x33, 0x33, 0x39, 0x39, 0x39, 0x36, 0x33, 0x33, 0x37, 0x38, 0x39, 0x30, 0x36, 0x32, 0x35, 0x2c, // 339996337890625,
	0x20, 0x34, 0x35, 0x36, 0x2e, 0x32, 0x30, 0x39, 0x39, 0x39, 0x31, 0x34, 0x35, 0x35, 0x30, 0x37, //  456.20999145507
	0x38, 0x31, 0x32, 0x35, 0x29, 0x29, 0x3b, 0x0a, 0x20, 0x20, 0x20, 0x20, 0x20, 0x20, 0x20, 0x20, // 8125));.        
	0x20, 0x20, 0x20, 0x20, 0x20, 0x20, 0x20, 0x20, 0x20, 0x20, 0x20, 0x20, 0x20, 0x20, 0x20, 0x20, //                 
	0x20, 0x20, 0x20, 0x20, 0x66, 0x6c, 0x6f, 0x61, 0x74, 0x32, 0x20, 0x5f, 0x32, 0x33, 0x36, 0x31, //     float2 _2361
	0x20, 0x3d, 0x20, 0x5f, 0x32, 0x33, 0x35, 0x33, 0x20, 0x2b, 0x20, 0x66, 0x6c, 0x6f, 0x61, 0x74, //  = _2353 + float
	0x32, 0x28, 0x64, 0x6f, 0x74, 0x28, 0x5f, 0x32, 0x33, 0x35, 0x33, 0x2c, 0x20, 0x5f, 0x32, 0x33, // 2(dot(_2353, _23
	0x35, 0x33, 0x20, 0x2b, 0x20, 0x66, 0x6c, 0x6f, 0x61, 0x74, 0x32, 0x28, 0x34, 0x35, 0x2e, 0x33, // 53 + float2(45.3
	0x31, 0x39, 0x39, 0x39, 0x39, 0x36, 0x39, 0x34, 0x38, 0x32, 0x34, 0x32, 0x31, 0x38, 0x37, 0x35, // 1999969482421875
	0x29, 0x29, 0x29, 0x3b, 0x0a, 0x20, 0x20, 0x20, 0x20, 0x20, 0x20, 0x20, 0x20, 0x20, 0x20, 0x20, // )));.           
	0x20, 0x20, 0x20, 0x20, 0x20, 0x20, 0x20, 0x20, 0x20, 0x20, 0x20, 0x20, 0x20, 0x20, 0x20, 0x20, //                 
	0x20, 0x66, 0x6c, 0x6f, 0x61, 0x74, 0x20, 0x5f, 0x32, 0x32, 0x38, 0x32, 0x20, 0x3d, 0x20, 0x5f, //  float _2282 = _
	0x32, 0x32, 0x36, 0x37, 0x2e, 0x78, 0x3b, 0x0a, 0x20, 0x20, 0x20, 0x20, 0x20, 0x20, 0x20, 0x20, // 2267.x;.        
	0x20, 0x20, 0x20, 0x20, 0x20, 0x20, 0x20, 0x20, 0x20, 0x20, 0x20, 0x20, 0x20, 0x20, 0x20, 0x20, //                 
	0x20, 0x20, 0x20, 0x20, 0x66, 0x6c, 0x6f, 0x61, 0x74, 0x20, 0x5f, 0x32, 0x30, 0x31, 0x34, 0x20, //     float _2014 
	0x3d, 0x20, 0x31, 0x2e, 0x30, 0x20, 0x2d, 0x20, 0x66, 0x61, 0x73, 0x74, 0x3a, 0x3a, 0x6d, 0x61, // = 1.0 - fast::ma
	0x78, 0x28, 0x64, 0x6f, 0x74, 0x28, 0x5f, 0x32, 0x37, 0x39, 0x35, 0x2c, 0x20, 0x5f, 0x31, 0x33, // x(dot(_2795, _13
	0x35, 0x39, 0x29, 0x2c, 0x20, 0x30, 0x2e, 0x30, 0x29, 0x3b, 0x0a, 0x20, 0x20, 0x20, 0x20, 0x20, // 59), 0.0);.     
	0x20, 0x20, 0x20, 0x20, 0x20, 0x20, 0x20, 0x20, 0x20, 0x20, 0x20, 0x20, 0x20, 0x20, 0x20, 0x20, //                 
	0x20, 0x20, 0x20, 0x20, 0x20, 0x20, 0x20, 0x66, 0x6c, 0x6f, 0x61, 0x74, 0x32, 0x20, 0x5f, 0x32, //        float2 _2
	0x30, 0x32, 0x36, 0x20, 0x3d, 0x20, 0x69, 0x6e, 0x2e, 0x76, 0x5f, 0x77, 0x6f, 0x72, 0x6c, 0x64, // 026 = in.v_world
	0x50, 0x6f, 0x73, 0x2e, 0x78, 0x7a, 0x20, 0x2a, 0x20, 0x35, 0x2e, 0x30, 0x3b, 0x0a, 0x20, 0x20, // Pos.xz * 5.0;.  
	0x20, 0x20, 0x20, 0x20, 0x20, 0x20, 0x20, 0x20, 0x20, 0x20, 0x20, 0x20, 0x20, 0x20, 0x20, 0x20, //                 
	0x20, 0x20, 0x20, 0x20, 0x20, 0x20, 0x20, 0x20, 0x20, 0x20, 0x66, 0x6c, 0x6f, 0x61, 0x74, 0x32, //           float2
	0x20, 0x5f, 0x32, 0x34, 0x31, 0x34, 0x20, 0x3d, 0x20, 0x66, 0x6c, 0x6f, 0x6f, 0x72, 0x28, 0x5f, //  _2414 = floor(_
	0x32, 0x30, 0x32, 0x36, 0x29, 0x3b, 0x0a, 0x20, 0x20, 0x20, 0x20, 0x20, 0x20, 0x20, 0x20, 0x20, // 2026);.         
	0x20, 0x20, 0x20, 0x20, 0x20, 0x20, 0x20, 0x20, 0x20, 0x20, 0x20, 0x20, 0x20, 0x20, 0x20, 0x20, //                 
	0x20, 0x20, 0x20, 0x66, 0x6c, 0x6f, 0x61, 0x74, 0x32, 0x20, 0x5f, 0x32, 0x34, 0x31, 0x36, 0x20, //    float2 _2416 
	0x3d, 0x20, 0x66, 0x72, 0x61, 0x63, 0x74, 0x28, 0x5f, 0x32, 0x30, 0x32, 0x36, 0x29, 0x3b, 0x0a, // = fract(_2026);.
	0x20, 0x20, 0x20, 0x20, 0x20, 0x20, 0x20, 0x20, 0x20, 0x20, 0x20, 0x20, 0x20, 0x20, 0x20, 0x20, //                 
	0x20, 0x20, 0x20, 0x20, 0x20, 0x20, 0x20, 0x20, 0x20, 0x20, 0x20, 0x20, 0x66, 0x6c, 0x6f, 0x61, //             floa
	0x74, 0x32, 0x20, 0x5f, 0x32, 0x34, 0x32, 0x34, 0x20, 0x3d, 0x20, 0x28, 0x5f, 0x32, 0x34, 0x31, // t2 _2424 = (_241
	0x36, 0x20, 0x2a, 0x20, 0x5f, 0x32, 0x34, 0x31, 0x36, 0x29, 0x20, 0x2a, 0x20, 0x28, 0x66, 0x6c, // 6 * _2416) * (fl
	0x6f, 0x61, 0x74, 0x32, 0x28, 0x33, 0x2e, 0x30, 0x29, 0x20, 0x2d, 0x20, 0x28, 0x5f, 0x32, 0x34, // oat2(3.0) - (_24
	0x31, 0x36, 0x20, 0x2a, 0x20, 0x32, 0x2e, 0x30, 0x29, 0x29, 0x3b, 0x0a, 0x20, 0x20, 0x20, 0x20, // 16 * 2.0));.    
	0x20, 0x20, 0x20, 0x20, 0x20, 0x20, 0x20, 0x20, 0x20, 0x20, 0x20, 0x20, 0x20, 0x20, 0x20, 0x20, //                 
	0x20, 0x20, 0x20, 0x20, 0x20, 0x20, 0x20, 0x20, 0x66, 0x6c, 0x6f, 0x61, 0x74, 0x32, 0x20, 0x5f, //         float2 _
	0x32, 0x34, 0x35, 0x33, 0x20, 0x3d, 0x20, 0x66, 0x72, 0x61, 0x63, 0x74, 0x28, 0x5f, 0x32, 0x34, // 2453 = fract(_24
	0x31, 0x34, 0x20, 0x2a, 0x20, 0x66, 0x6c, 0x6f, 0x61, 0x74, 0x32, 0x28, 0x31, 0x32, 0x33, 0x2e, // 14 * float2(123.
	0x33, 0x33, 0x39, 0x39, 0x39, 0x36, 0x33, 0x33, 0x37, 0x38, 0x39, 0x30, 0x36, 0x32, 0x35, 0x2c, // 339996337890625,
	0x20, 0x34, 0x35, 0x36, 0x2e, 0x32, 0x30, 0x39, 0x39, 0x39, 0x31, 0x34, 0x35, 0x35, 0x30, 0x37, //  456.20999145507
	0x38, 0x31, 0x32, 0x35, 0x29, 0x29, 0x3b, 0x0a, 0x20, 0x20, 0x20, 0x20, 0x20, 0x20, 0x20, 0x20, // 8125));.        
	0x20, 0x20, 0x20, 0x20, 0x20, 0x20, 0x20, 0x20, 0x20, 0x20, 0x20, 0x20, 0x20, 0x20, 0x20, 0x20, //                 
	0x20, 0x20, 0x20, 0x20, 0x66, 0x6c, 0x6f, 0x61, 0x74, 0x32, 0x20, 0x5f, 0x32, 0x34, 0x36, 0x31, //     float2 _2461
	0x20, 0x3d, 0x20, 0x5f, 0x32, 0x34, 0x35, 0x33, 0x20, 0x2b, 0x20, 0x66, 0x6c, 0x6f, 0x61, 0x74, //  = _2453 + float
	0x32, 0x28, 0x64, 0x6f, 0x74, 0x28, 0x5f, 0x32, 0x34, 0x35, 0x33, 0x2c, 0x20, 0x5f, 0x32, 0x34, // 2(dot(_2453, _24
	0x35, 0x33, 0x20, 0x2b, 0x20, 0x66, 0x6c, 0x6f, 0x61, 0x74, 0x32, 0x28, 0x34, 0x35, 0x2e, 0x33, // 53 + float2(45.3
	0x31, 0x39, 0x39, 0x39, 0x39, 0x36, 0x39, 0x34, 0x38, 0x32, 0x34, 0x32, 0x31, 0x38, 0x37, 0x35, // 1999969482421875
	0x29, 0x29, 0x29, 0x3b, 0x0a, 0x20, 0x20, 0x20, 0x20, 0x20, 0x20, 0x20, 0x20, 0x20, 0x20, 0x20, // )));.           
	0x20, 0x20, 0x20, 0x20, 0x20, 0x20, 0x20, 0x20, 0x20, 0x20, 0x20, 0x20, 0x20, 0x20, 0x20, 0x20, //                 
	0x20, 0x66, 0x6c, 0x6f, 0x61, 0x74, 0x32, 0x20, 0x5f, 0x32, 0x34, 0x37, 0x32, 0x20, 0x3d, 0x20, //  float2 _2472 = 
	0x66, 0x72, 0x61, 0x63, 0x74, 0x28, 0x28, 0x5f, 0x32, 0x34, 0x31, 0x34, 0x20, 0x2b, 0x20, 0x66, // fract((_2414 + f
	0x6c, 0x6f, 0x61, 0x74, 0x32, 0x28, 0x31, 0x2e, 0x30, 0x2c, 0x20, 0x30, 0x2e, 0x30, 0x29, 0x29, // loat2(1.0, 0.0))
	0x20, 0x2a, 0x20, 0x66, 0x6c, 0x6f, 0x61, 0x74, 0x32, 0x28, 0x31, 0x32, 0x33, 0x2e, 0x33, 0x33, //  * float2(123.33
	0x39, 0x39, 0x39, 0x36, 0x33, 0x33, 0x37, 0x38, 0x39, 0x30, 0x36, 0x32, 0x35, 0x2c, 0x20, 0x34, // 9996337890625, 4
	0x35, 0x36, 0x2e, 0x32, 0x30, 0x39, 0x39, 0x39, 0x31, 0x34, 0x35, 0x35, 0x30, 0x37, 0x38, 0x31, // 56.2099914550781
	0x32, 0x35, 0x29, 0x29, 0x3b, 0x0a, 0x20, 0x20, 0x20, 0x20, 0x20, 0x20, 0x20, 0x20, 0x20, 0x20, // 25));.          
	0x20, 0x20, 0x20, 0x20, 0x20, 0x20, 0x20, 0x20, 0x20, 0x20, 0x20, 0x20, 0x20, 0x20, 0x20, 0x20, //                 
	0x20, 0x20, 0x66, 0x6c, 0x6f, 0x61, 0x74, 0x32, 0x20, 0x5f, 0x32, 0x34, 0x38, 0x30, 0x20, 0x3d, //   float2 _2480 =
	0x20, 0x5f, 0x32, 0x34, 0x37, 0x32, 0x20, 0x2b, 0x20, 0x66, 0x6c, 0x6f, 0x61, 0x74, 0x32, 0x28, //  _2472 + float2(
	0x64, 0x6f, 0x74, 0x28, 0x5f, 0x32, 0x34, 0x37, 0x32, 0x2c, 0x20, 0x5f, 0x32, 0x34, 0x37, 0x32, // dot(_2472, _2472
	0x20, 0x2b, 0x20, 0x66, 0x6c, 0x6f, 0x61, 0x74, 0x32, 0x28, 0x34, 0x35, 0x2e, 0x33, 0x31, 0x39, //  + float2(45.319
	0x39, 0x39, 0x39, 0x36, 0x39, 0x34, 0x38, 0x32, 0x34, 0x32, 0x31, 0x38, 0x37, 0x35, 0x29, 0x29, // 99969482421875))
	0x29, 0x3b, 0x0a, 0x20, 0x20, 0x20, 0x20, 0x20, 0x20, 0x20, 0x20, 0x20, 0x20, 0x20, 0x20, 0x20, // );.             
	0x20, 0x20, 0x20, 0x20, 0x20, 0x20, 0x20, 0x20, 0x20, 0x20, 0x20, 0x20, 0x20, 0x20, 0x20, 0x66, //                f
	0x6c, 0x6f, 0x61, 0x74, 0x32, 0x20, 0x5f, 0x32, 0x34, 0x39, 0x31, 0x20, 0x3d, 0x20, 0x66, 0x72, // loat2 _2491 = fr
	0x61, 0x63, 0x74, 0x28, 0x28, 0x5f, 0x32, 0x34, 0x31, 0x34, 0x20, 0x2b, 0x20, 0x66, 0x6c, 0x6f, // act((_2414 + flo
	0x61, 0x74, 0x32, 0x28, 0x30, 0x2e, 0x30, 0x2c, 0x20, 0x31, 0x2e, 0x30, 0x29, 0x29, 0x20, 0x2a, // at2(0.0, 1.0)) *
	0x20, 0x66, 0x6c, 0x6f, 0x61, 0x74, 0x32, 0x28, 0x31, 0x32, 0x33, 0x2e, 0x33, 0x33, 0x39, 0x39, //  float2(123.3399
	0x39, 0x36, 0x33, 0x33, 0x37, 0x38, 0x39, 0x30, 0x36, 0x32, 0x35, 0x2c, 0x20, 0x34, 0x35, 0x36, // 96337890625, 456
	0x2e, 0x32, 0x30, 0x39, 0x39, 0x39, 0x31, 0x34, 0x35, 0x35, 0x30, 0x37, 0x38, 0x31, 0x32, 0x35, // .209991455078125
	0x29, 0x29, 0x3b, 0x0a, 0x20, 0x20, 0x20, 0x20, 0x20, 0x20, 0x20, 0x20, 0x20, 0x20, 0x20, 0x20, // ));.            
	0x20, 0x20, 0x20, 0x20, 0x20, 0x20, 0x20, 0x20, 0x20, 0x20, 0x20, 0x20, 0x20, 0x20, 0x20, 0x20, //                 
	0x66, 0x6c, 0x6f, 0x61, 0x74, 0x32, 0x20, 0x5f, 0x32, 0x34, 0x39, 0x39, 0x20, 0x3d, 0x20, 0x5f, // float2 _2499 = _
	0x32, 0x34, 0x39, 0x31, 0x20, 0x2b, 0x20, 0x66, 0x6c, 0x6f, 0x61, 0x74, 0x32, 0x28, 0x64, 0x6f, // 2491 + float2(do
	0x74, 0x28, 0x5f, 0x32, 0x34, 0x39, 0x31, 0x2c, 0x20, 0x5f, 0x32, 0x34, 0x39, 0x31, 0x20, 0x2b, // t(_2491, _2491 +
	0x20, 0x66, 0x6c, 0x6f, 0x61, 0x74, 0x32, 0x28, 0x34, 0x35, 0x2e, 0x33, 0x31, 0x39, 0x39, 0x39, //  float2(45.31999
	0x39, 0x36, 0x39, 0x34, 0x38, 0x32, 0x34, 0x32, 0x31, 0x38, 0x37, 0x35, 0x29, 0x29, 0x29, 0x3b, // 969482421875)));
	0x0a, 0x20, 0x20, 0x20, 0x20, 0x20, 0x20, 0x20, 0x20, 0x20, 0x20, 0x20, 0x20, 0x20, 0x20, 0x20, // .               
	0x20, 0x20, 0x20, 0x20, 0x20, 0x20, 0x20, 0x20, 0x20, 0x20, 0x20, 0x20, 0x20, 0x66, 0x6c, 0x6f, //              flo
	0x61, 0x74, 0x32, 0x20, 0x5f, 0x32, 0x35, 0x31, 0x30, 0x20, 0x3d, 0x20, 0x66, 0x72, 0x61, 0x63, // at2 _2510 = frac
	0x74, 0x28, 0x28, 0x5f, 0x32, 0x34, 0x31, 0x34, 0x20, 0x2b, 0x20, 0x66, 0x6c, 0x6f, 0x61, 0x74, // t((_2414 + float
	0x32, 0x28, 0x31, 0x2e, 0x30, 0x29, 0x29, 0x20, 0x2a, 0x20, 0x66, 0x6c, 0x6f, 0x61, 0x74, 0x32, // 2(1.0)) * float2
	0x28, 0x31, 0x32, 0x33, 0x2e, 0x33, 0x33, 0x39, 0x39, 0x39, 0x36, 0x33, 0x33, 0x37, 0x38, 0x39, // (123.33999633789
	0x30, 0x36, 0x32, 0x35, 0x2c, 0x20, 0x34, 0x35, 0x36, 0x2e, 0x32, 0x30, 0x39, 0x39, 0x39, 0x31, // 0625, 456.209991
	0x34, 0x35, 0x35, 0x30, 0x37, 0x38, 0x31, 0x32, 0x35, 0x29, 0x29, 0x3b, 0x0a, 0x20, 0x20, 0x20, // 455078125));.   
	0x20, 0x20, 0x20, 0x20, 0x20, 0x20, 0x20, 0x20, 0x20, 0x20, 0x20, 0x20, 0x20, 0x20, 0x20, 0x20, //                 
	0x20, 0x20, 0x20, 0x20, 0x20, 0x20, 0x20, 0x20, 0x20, 0x66, 0x6c, 0x6f, 0x61, 0x74, 0x32, 0x20, //          float2 
	0x5f, 0x32, 0x35, 0x31, 0x38, 0x20, 0x3d, 0x20, 0x5f, 0x32, 0x35, 0x31, 0x30, 0x20, 0x2b, 0x20, // _2518 = _2510 + 
	0x66, 0x6c, 0x6f, 0x61, 0x74, 0x32, 0x28, 0x64, 0x6f, 0x74, 0x28, 0x5f, 0x32, 0x35, 0x31, 0x30, // float2(dot(_2510
	0x2c, 0x20, 0x5f, 0x32, 0x35, 0x31, 0x30, 0x20, 0x2b, 0x20, 0x66, 0x6c, 0x6f, 0x61, 0x74, 0x32, // , _2510 + float2
	0x28, 0x34, 0x35, 0x2e, 0x33, 0x31, 0x39, 0x39, 0x39, 0x39, 0x36, 0x39, 0x34, 0x38, 0x32, 0x34, // (45.319999694824
	0x32, 0x31, 0x38, 0x37, 0x35, 0x29, 0x29, 0x29, 0x3b, 0x0a, 0x20, 0x20, 0x20, 0x20, 0x20, 0x20, // 21875)));.      
	0x20, 0x20, 0x20, 0x20, 0x20, 0x20, 0x20, 0x20, 0x20, 0x20, 0x20, 0x20, 0x20, 0x20, 0x20, 0x20, //                 
	0x20, 0x20, 0x20, 0x20, 0x20, 0x20, 0x66, 0x6c, 0x6f, 0x61, 0x74, 0x20, 0x5f, 0x32, 0x34, 0x33, //       float _243
	0x39, 0x20, 0x3d, 0x20, 0x5f, 0x32, 0x34, 0x32, 0x34, 0x2e, 0x78, 0x3b, 0x0a, 0x20, 0x20, 0x20, // 9 = _2424.x;.   
	0x20, 0x20, 0x20, 0x20, 0x20, 0x20, 0x20, 0x20, 0x20, 0x20, 0x20, 0x20, 0x20, 0x20, 0x20, 0x20, //                 
	0x20, 0x20, 0x20, 0x20, 0x20, 0x20, 0x20, 0x20, 0x20, 0x66, 0x6c, 0x6f, 0x61, 0x74, 0x33, 0x20, //          float3 
	0x5f, 0x32, 0x35, 0x34, 0x38, 0x20, 0x3d, 0x20, 0x6d, 0x69, 0x78, 0x28, 0x6d, 0x69, 0x78, 0x28, // _2548 = mix(mix(
	0x66, 0x6c, 0x6f, 0x61, 0x74, 0x33, 0x28, 0x30, 0x2e, 0x39, 0x34, 0x39, 0x39, 0x39, 0x39, 0x39, // float3(0.9499999
	0x38, 0x38, 0x30, 0x37, 0x39, 0x30, 0x37, 0x31, 0x30, 0x34, 0x34, 0x39, 0x32, 0x31, 0x38, 0x37, // 8807907104492187
	0x35, 0x2c, 0x20, 0x30, 0x2e, 0x39, 0x31, 0x30, 0x30, 0x30, 0x30, 0x30, 0x32, 0x36, 0x32, 0x32, // 5, 0.91000002622
	0x36, 0x30, 0x34, 0x33, 0x37, 0x30, 0x31, 0x31, 0x37, 0x31, 0x38, 0x37, 0x35, 0x2c, 0x20, 0x30, // 6043701171875, 0
	0x2e, 0x38, 0x32, 0x39, 0x39, 0x39, 0x39, 0x39, 0x38, 0x33, 0x33, 0x31, 0x30, 0x36, 0x39, 0x39, // .829999983310699
	0x34, 0x36, 0x32, 0x38, 0x39, 0x30, 0x36, 0x32, 0x35, 0x29, 0x2c, 0x20, 0x66, 0x6c, 0x6f, 0x61, // 462890625), floa
	0x74, 0x33, 0x28, 0x30, 0x2e, 0x31, 0x30, 0x30, 0x30, 0x30, 0x30, 0x30, 0x30, 0x31, 0x34, 0x39, // t3(0.10000000149
	0x30, 0x31, 0x31, 0x36, 0x31, 0x31, 0x39, 0x33, 0x38, 0x34, 0x37, 0x36, 0x35, 0x36, 0x32, 0x35, // 0116119384765625
	0x29, 0x2c, 0x20, 0x66, 0x6c, 0x6f, 0x61, 0x74, 0x33, 0x28, 0x66, 0x61, 0x73, 0x74, 0x3a, 0x3a, // ), float3(fast::
	0x63, 0x6c, 0x61, 0x6d, 0x70, 0x28, 0x28, 0x28, 0x5f, 0x32, 0x37, 0x39, 0x37, 0x20, 0x2b, 0x20, // clamp(((_2797 + 
	0x28, 0x28, 0x6d, 0x69, 0x78, 0x28, 0x6d, 0x69, 0x78, 0x28, 0x66, 0x72, 0x61, 0x63, 0x74, 0x28, // ((mix(mix(fract(
	0x5f, 0x32, 0x33, 0x30, 0x34, 0x2e, 0x78, 0x20, 0x2a, 0x20, 0x5f, 0x32, 0x33, 0x30, 0x34, 0x2e, // _2304.x * _2304.
	0x79, 0x29, 0x2c, 0x20, 0x66, 0x72, 0x61, 0x63, 0x74, 0x28, 0x5f, 0x32, 0x33, 0x32, 0x33, 0x2e, // y), fract(_2323.
	0x78, 0x20, 0x2a, 0x20, 0x5f, 0x32, 0x33, 0x32, 0x33, 0x2e, 0x79, 0x29, 0x2c, 0x20, 0x5f, 0x32, // x * _2323.y), _2
	0x32, 0x38, 0x32, 0x29, 0x2c, 0x20, 0x6d, 0x69, 0x78, 0x28, 0x66, 0x72, 0x61, 0x63, 0x74, 0x28, // 282), mix(fract(
	0x5f, 0x32, 0x33, 0x34, 0x32, 0x2e, 0x78, 0x20, 0x2a, 0x20, 0x5f, 0x32, 0x33, 0x34, 0x32, 0x2e, // _2342.x * _2342.
	0x79, 0x29, 0x2c, 0x20, 0x66, 0x72, 0x61, 0x63, 0x74, 0x28, 0x5f, 0x32, 0x33, 0x36, 0x31, 0x2e, // y), fract(_2361.
	0x78, 0x20, 0x2a, 0x20, 0x5f, 0x32, 0x33, 0x36, 0x31, 0x2e, 0x79, 0x29, 0x2c, 0x20, 0x5f, 0x32, // x * _2361.y), _2
	0x32, 0x38, 0x32, 0x29, 0x2c, 0x20, 0x5f, 0x32, 0x32, 0x36, 0x37, 0x2e, 0x79, 0x29, 0x20, 0x2d, // 282), _2267.y) -
	0x20, 0x30, 0x2e, 0x35, 0x29, 0x20, 0x2a, 0x20, 0x30, 0x2e, 0x31, 0x30, 0x30, 0x30, 0x30, 0x30, //  0.5) * 0.100000
	0x30, 0x30, 0x31, 0x34, 0x39, 0x30, 0x31, 0x31, 0x36, 0x31, 0x31, 0x39, 0x33, 0x38, 0x34, 0x37, // 0014901161193847
	0x36, 0x35, 0x36, 0x32, 0x35, 0x29, 0x29, 0x20, 0x2a, 0x20, 0x5f, 0x6d, 0x74, 0x6c, 0x5f, 0x75, // 65625)) * _mtl_u
	0x2e, 0x75, 0x5f, 0x73, 0x74, 0x72, 0x6f, 0x6b, 0x65, 0x50, 0x61, 0x72, 0x61, 0x6d, 0x73, 0x2e, // .u_strokeParams.
	0x79, 0x29, 0x20, 0x2b, 0x20, 0x28, 0x73, 0x6d, 0x6f, 0x6f, 0x74, 0x68, 0x73, 0x74, 0x65, 0x70, // y) + (smoothstep
	0x28, 0x30, 0x2e, 0x34, 0x30, 0x30, 0x30, 0x30, 0x30, 0x30, 0x30, 0x35, 0x39, 0x36, 0x30, 0x34, // (0.4000000059604
	0x36, 0x34, 0x34, 0x37, 0x37, 0x35, 0x33, 0x39, 0x30, 0x36, 0x32, 0x35, 0x2c, 0x20, 0x30, 0x2e, // 644775390625, 0.
	0x38, 0x30, 0x30, 0x30, 0x30, 0x30, 0x30, 0x31, 0x31, 0x39, 0x32, 0x30, 0x39, 0x32, 0x38, 0x39, // 8000000119209289
	0x35, 0x35, 0x30, 0x37, 0x38, 0x31, 0x32, 0x35, 0x2c, 0x20, 0x5f, 0x32, 0x30, 0x31, 0x34, 0x29, // 55078125, _2014)
	0x20, 0x2a, 0x20, 0x30, 0x2e, 0x35, 0x29, 0x2c, 0x20, 0x30, 0x2e, 0x30, 0x2c, 0x20, 0x31, 0x2e, //  * 0.5), 0.0, 1.
	0x30, 0x29, 0x29, 0x29, 0x20, 0x2b, 0x20, 0x66, 0x6c, 0x6f, 0x61, 0x74, 0x33, 0x28, 0x28, 0x6d, // 0))) + float3((m
	0x69, 0x78, 0x28, 0x6d, 0x69, 0x78, 0x28, 0x66, 0x72, 0x61, 0x63, 0x74, 0x28, 0x5f, 0x32, 0x34, // ix(mix(fract(_24
	0x36, 0x31, 0x2e, 0x78, 0x20, 0x2a, 0x20, 0x5f, 0x32, 0x34, 0x36, 0x31, 0x2e, 0x79, 0x29, 0x2c, // 61.x * _2461.y),
	0x20, 0x66, 0x72, 0x61, 0x63, 0x74, 0x28, 0x5f, 0x32, 0x34, 0x38, 0x30, 0x2e, 0x78, 0x20, 0x2a, //  fract(_2480.x *
	0x20, 0x5f, 0x32, 0x34, 0x38, 0x30, 0x2e, 0x79, 0x29, 0x2c, 0x20, 0x5f, 0x32, 0x34, 0x33, 0x39, //  _2480.y), _2439
	0x29, 0x2c, 0x20, 0x6d, 0x69, 0x78, 0x28, 0x66, 0x72, 0x61, 0x63, 0x74, 0x28, 0x5f, 0x32, 0x34, // ), mix(fract(_24
	0x39, 0x39, 0x2e, 0x78, 0x20, 0x2a, 0x20, 0x5f, 0x32, 0x34, 0x39, 0x39, 0x2e, 0x79, 0x29, 0x2c, // 99.x * _2499.y),
	0x20, 0x66, 0x72, 0x61, 0x63, 0x74, 0x28, 0x5f, 0x32, 0x35, 0x31, 0x38, 0x2e, 0x78, 0x20, 0x2a, //  fract(_2518.x *
	0x20, 0x5f, 0x32, 0x35, 0x31, 0x38, 0x2e, 0x79, 0x29, 0x2c, 0x20, 0x5f, 0x32, 0x34, 0x33, 0x39, //  _2518.y), _2439
	0x29, 0x2c, 0x20, 0x5f, 0x32, 0x34, 0x32, 0x34, 0x2e, 0x79, 0x29, 0x20, 0x2d, 0x20, 0x30, 0x2e, // ), _2424.y) - 0.
	0x35, 0x29, 0x20, 0x2a, 0x20, 0x30, 0x2e, 0x30, 0x35, 0x30, 0x30, 0x30, 0x30, 0x30, 0x30, 0x30, // 5) * 0.050000000
	0x37, 0x34, 0x35, 0x30, 0x35, 0x38, 0x30, 0x35, 0x39, 0x36, 0x39, 0x32, 0x33, 0x38, 0x32, 0x38, // 7450580596923828
	0x31, 0x32, 0x35, 0x29, 0x2c, 0x20, 0x66, 0x6c, 0x6f, 0x61, 0x74, 0x33, 0x28, 0x30, 0x2e, 0x31, // 125), float3(0.1
	0x30, 0x30, 0x30, 0x30, 0x30, 0x30, 0x30, 0x31, 0x34, 0x39, 0x30, 0x31, 0x31, 0x36, 0x31, 0x31, // 0000000149011611
	0x39, 0x33, 0x38, 0x34, 0x37, 0x36, 0x35, 0x36, 0x32, 0x35, 0x29, 0x2c, 0x20, 0x66, 0x6c, 0x6f, // 9384765625), flo
	0x61, 0x74, 0x33, 0x28, 0x73, 0x6d, 0x6f, 0x6f, 0x74, 0x68, 0x73, 0x74, 0x65, 0x70, 0x28, 0x30, // at3(smoothstep(0
	0x2e, 0x35, 0x2c, 0x20, 0x30, 0x2e, 0x36, 0x30, 0x30, 0x30, 0x30, 0x30, 0x30, 0x32, 0x33, 0x38, // .5, 0.6000000238
	0x34, 0x31, 0x38, 0x35, 0x37, 0x39, 0x31, 0x30, 0x31, 0x35, 0x36, 0x32, 0x35, 0x2c, 0x20, 0x5f, // 4185791015625, _
	0x32, 0x30, 0x31, 0x34, 0x29, 0x20, 0x2a, 0x20, 0x30, 0x2e, 0x38, 0x30, 0x30, 0x30, 0x30, 0x30, // 2014) * 0.800000
	0x30, 0x31, 0x31, 0x39, 0x32, 0x30, 0x39, 0x32, 0x38, 0x39, 0x35, 0x35, 0x30, 0x37, 0x38, 0x31, // 0119209289550781
	0x32, 0x35, 0x29, 0x29, 0x3b, 0x0a, 0x20, 0x20, 0x20, 0x20, 0x20, 0x20, 0x20, 0x20, 0x20, 0x20, // 25));.          
	0x20, 0x20, 0x20, 0x20, 0x20, 0x20, 0x20, 0x20, 0x20, 0x20, 0x20, 0x20, 0x20, 0x20, 0x20, 0x20, //                 
	0x20, 0x20, 0x5f, 0x32, 0x38, 0x30, 0x33, 0x20, 0x3d, 0x20, 0x66, 0x6c, 0x6f, 0x61, 0x74, 0x34, //   _2803 = float4
	0x28, 0x5f, 0x32, 0x35, 0x34, 0x38, 0x2c, 0x20, 0x31, 0x2e, 0x30, 0x29, 0x3b, 0x0a, 0x20, 0x20, // (_2548, 1.0);.  
	0x20, 0x20, 0x20, 0x20, 0x20, 0x20, 0x20, 0x20, 0x20, 0x20, 0x20, 0x20, 0x20, 0x20, 0x20, 0x20, //                 
	0x20, 0x20, 0x20, 0x20, 0x20, 0x20, 0x7d, 0x0a, 0x20, 0x20, 0x20, 0x20, 0x20, 0x20, 0x20, 0x20, //       }.        
	0x20, 0x20, 0x20, 0x20, 0x20, 0x20, 0x20, 0x20, 0x20, 0x20, 0x20, 0x20, 0x20, 0x20, 0x20, 0x20, //                 
	0x65, 0x6c, 0x73, 0x65, 0x0a, 0x20, 0x20, 0x20, 0x20, 0x20, 0x20, 0x20, 0x20, 0x20, 0x20, 0x20, // else.           
	0x20, 0x20, 0x20, 0x20, 0x20, 0x20, 0x20, 0x20, 0x20, 0x20, 0x20, 0x20, 0x20, 0x7b, 0x0a, 0x20, //              {. 
	0x20, 0x20, 0x20, 0x20, 0x20, 0x20, 0x20, 0x20, 0x20, 0x20, 0x20, 0x20, 0x20, 0x20, 0x20, 0x20, //                 
	0x20, 0x20, 0x20, 0x20, 0x20, 0x20, 0x20, 0x20, 0x20, 0x20, 0x20, 0x66, 0x6c, 0x6f, 0x61, 0x74, //            float
	0x34, 0x20, 0x5f, 0x32, 0x38, 0x30, 0x34, 0x3b, 0x0a, 0x20, 0x20, 0x20, 0x20, 0x20, 0x20, 0x20, // 4 _2804;.       
	0x20, 0x20, 0x20, 0x20, 0x20, 0x20, 0x20, 0x20, 0x20, 0x20, 0x20, 0x20, 0x20, 0x20, 0x20, 0x20, //                 
	0x20, 0x20, 0x20, 0x20, 0x20, 0x69, 0x66, 0x20, 0x28, 0x5f, 0x6d, 0x74, 0x6c, 0x5f, 0x75, 0x2e, //      if (_mtl_u.
	0x75, 0x5f, 0x73, 0x74, 0x79, 0x6c, 0x65, 0x50, 0x61, 0x72, 0x61, 0x6d, 0x73, 0x2e, 0x78, 0x20, // u_styleParams.x 
	0x3c, 0x20, 0x36, 0x2e, 0x35, 0x29, 0x0a, 0x20, 0x20, 0x20, 0x20, 0x20, 0x20, 0x20, 0x20, 0x20, // < 6.5).         
	0x20, 0x20, 0x20, 0x20, 0x20, 0x20, 0x20, 0x20, 0x20, 0x20, 0x20, 0x20, 0x20, 0x20, 0x20, 0x20, //                 
	0x20, 0x20, 0x20, 0x7b, 0x0a, 0x20, 0x20, 0x20, 0x20, 0x20, 0x20, 0x20, 0x20, 0x20, 0x20, 0x20, //    {.           
	0x20, 0x20, 0x20, 0x20, 0x20, 0x20, 0x20, 0x20, 0x20, 0x20, 0x20, 0x20, 0x20, 0x20, 0x20, 0x20, //                 
	0x20, 0x20, 0x20, 0x20, 0x20, 0x66, 0x6c, 0x6f, 0x61, 0x74, 0x33, 0x20, 0x5f, 0x31, 0x36, 0x30, //      float3 _160
	0x30, 0x20, 0x3d, 0x20, 0x73, 0x6d, 0x6f, 0x6f, 0x74, 0x68, 0x73, 0x74, 0x65, 0x70, 0x28, 0x66, // 0 = smoothstep(f
	0x6c, 0x6f, 0x61, 0x74, 0x33, 0x28, 0x30, 0x2e, 0x30, 0x29, 0x2c, 0x20, 0x66, 0x77, 0x69, 0x64, // loat3(0.0), fwid
	0x74, 0x68, 0x28, 0x69, 0x6e, 0x2e, 0x76, 0x5f, 0x62, 0x61, 0x72, 0x79, 0x29, 0x20, 0x2a, 0x20, // th(in.v_bary) * 
	0x31, 0x2e, 0x32, 0x30, 0x30, 0x30, 0x30, 0x30, 0x30, 0x34, 0x37, 0x36, 0x38, 0x33, 0x37, 0x31, // 1.20000004768371
	0x35, 0x38, 0x32, 0x30, 0x33, 0x31, 0x32, 0x35, 0x2c, 0x20, 0x69, 0x6e, 0x2e, 0x76, 0x5f, 0x62, // 58203125, in.v_b
	0x61, 0x72, 0x79, 0x29, 0x3b, 0x0a, 0x20, 0x20, 0x20, 0x20, 0x20, 0x20, 0x20, 0x20, 0x20, 0x20, // ary);.          
	0x20, 0x20, 0x20, 0x20, 0x20, 0x20, 0x20, 0x20, 0x20, 0x20, 0x20, 0x20, 0x20, 0x20, 0x20, 0x20, //                 
	0x20, 0x20, 0x20, 0x20, 0x20, 0x20, 0x5f, 0x32, 0x38, 0x30, 0x34, 0x20, 0x3d, 0x20, 0x66, 0x6c, //       _2804 = fl
	0x6f, 0x61, 0x74, 0x34, 0x28, 0x6d, 0x69, 0x78, 0x28, 0x5f, 0x6d, 0x74, 0x6c, 0x5f, 0x75, 0x2e, // oat4(mix(_mtl_u.
	0x75, 0x5f, 0x77, 0x69, 0x72, 0x65, 0x66, 0x72, 0x61, 0x6d, 0x65, 0x43, 0x6f, 0x6c, 0x6f, 0x72, // u_wireframeColor
	0x2e, 0x78, 0x79, 0x7a, 0x20, 0x2a, 0x20, 0x70, 0x6f, 0x77, 0x72, 0x28, 0x66, 0x61, 0x73, 0x74, // .xyz * powr(fast
	0x3a, 0x3a, 0x63, 0x6c, 0x61, 0x6d, 0x70, 0x28, 0x31, 0x2e, 0x30, 0x20, 0x2d, 0x20, 0x66, 0x61, // ::clamp(1.0 - fa
	0x73, 0x74, 0x3a, 0x3a, 0x6d, 0x61, 0x78, 0x28, 0x64, 0x6f, 0x74, 0x28, 0x5f, 0x32, 0x37, 0x39, // st::max(dot(_279
	0x35, 0x2c, 0x20, 0x5f, 0x31, 0x33, 0x35, 0x39, 0x29, 0x2c, 0x20, 0x30, 0x2e, 0x30, 0x29, 0x2c, // 5, _1359), 0.0),
	0x20, 0x30, 0x2e, 0x30, 0x2c, 0x20, 0x31, 0x2e, 0x30, 0x29, 0x2c, 0x20, 0x32, 0x2e, 0x30, 0x29, //  0.0, 1.0), 2.0)
	0x2c, 0x20, 0x5f, 0x6d, 0x74, 0x6c, 0x5f, 0x75, 0x2e, 0x75, 0x5f, 0x77, 0x69, 0x72, 0x65, 0x66, // , _mtl_u.u_wiref
	0x72, 0x61, 0x6d, 0x65, 0x43, 0x6f, 0x6c, 0x6f, 0x72, 0x2e, 0x78, 0x79, 0x7a, 0x2c, 0x20, 0x66, // rameColor.xyz, f
	0x6c, 0x6f, 0x61, 0x74, 0x33, 0x28, 0x31, 0x2e, 0x30, 0x20, 0x2d, 0x20, 0x66, 0x61, 0x73, 0x74, // loat3(1.0 - fast
	0x3a, 0x3a, 0x6d, 0x69, 0x6e, 0x28, 0x66, 0x61, 0x73, 0x74, 0x3a, 0x3a, 0x6d, 0x69, 0x6e, 0x28, // ::min(fast::min(
	0x5f, 0x31, 0x36, 0x30, 0x30, 0x2e, 0x78, 0x2c, 0x20, 0x5f, 0x31, 0x36, 0x30, 0x30, 0x2e, 0x79, // _1600.x, _1600.y
	0x29, 0x2c, 0x20, 0x5f, 0x31, 0x36, 0x30, 0x30, 0x2e, 0x7a, 0x29, 0x29, 0x29, 0x2c, 0x20, 0x5f, // ), _1600.z))), _
	0x6d, 0x74, 0x6c, 0x5f, 0x75, 0x2e, 0x75, 0x5f, 0x62, 0x61, 0x73, 0x65, 0x43, 0x6f, 0x6c, 0x6f, // mtl_u.u_baseColo
	0x72, 0x2e, 0x77, 0x20, 0x2a, 0x20, 0x69, 0x6e, 0x2e, 0x76, 0x5f, 0x63, 0x6f, 0x6c, 0x6f, 0x72, // r.w * in.v_color
	0x30, 0x2e, 0x77, 0x29, 0x3b, 0x0a, 0x20, 0x20, 0x20, 0x20, 0x20, 0x20, 0x20, 0x20, 0x20, 0x20, // 0.w);.          
	0x20, 0x20, 0x20, 0x20, 0x20, 0x20, 0x20, 0x20, 0x20, 0x20, 0x20, 0x20, 0x20, 0x20, 0x20, 0x20, //                 
	0x20, 0x20, 0x7d, 0x0a, 0x20, 0x20, 0x20, 0x20, 0x20, 0x20, 0x20, 0x20, 0x20, 0x20, 0x20, 0x20, //   }.            
	0x20, 0x20, 0x20, 0x20, 0x20, 0x20, 0x20, 0x20, 0x20, 0x20, 0x20, 0x20, 0x20, 0x20, 0x20, 0x20, //                 
	0x65, 0x6c, 0x73, 0x65, 0x0a, 0x20, 0x20, 0x20, 0x20, 0x20, 0x20, 0x20, 0x20, 0x20, 0x20, 0x20, // else.           
	0x20, 0x20, 0x20, 0x20, 0x20, 0x20, 0x20, 0x20, 0x20, 0x20, 0x20, 0x20, 0x20, 0x20, 0x20, 0x20, //                 
	0x20, 0x7b, 0x0a, 0x20, 0x20, 0x20, 0x20, 0x20, 0x20, 0x20, 0x20, 0x20, 0x20, 0x20, 0x20, 0x20, //  {.             
	0x20, 0x20, 0x20, 0x20, 0x20, 0x20, 0x20, 0x20, 0x20, 0x20, 0x20, 0x20, 0x20, 0x20, 0x20, 0x20, //                 
	0x20, 0x20, 0x20, 0x66, 0x6c, 0x6f, 0x61, 0x74, 0x34, 0x20, 0x5f, 0x32, 0x38, 0x30, 0x35, 0x3b, //    float4 _2805;
	0x0a, 0x20, 0x20, 0x20, 0x20, 0x20, 0x20, 0x20, 0x20, 0x20, 0x20, 0x20, 0x20, 0x20, 0x20, 0x20, // .               
	0x20, 0x20, 0x20, 0x20, 0x20, 0x20, 0x20, 0x20, 0x20, 0x20, 0x20, 0x20, 0x20, 0x20, 0x20, 0x20, //                 
	0x20, 0x69, 0x66, 0x20, 0x28, 0x5f, 0x6d, 0x74, 0x6c, 0x5f, 0x75, 0x2e, 0x75, 0x5f, 0x73, 0x74, //  if (_mtl_u.u_st
	0x79, 0x6c, 0x65, 0x50, 0x61, 0x72, 0x61, 0x6d, 0x73, 0x2e, 0x78, 0x20, 0x3c, 0x20, 0x37, 0x2e, // yleParams.x < 7.
	0x35, 0x29, 0x0a, 0x20, 0x20, 0x20, 0x20, 0x20, 0x20, 0x20, 0x20, 0x20, 0x20, 0x20, 0x20, 0x20, // 5).             
	0x20, 0x20, 0x20, 0x20, 0x20, 0x20, 0x20, 0x20, 0x20, 0x20, 0x20, 0x20, 0x20, 0x20, 0x20, 0x20, //                 
	0x20, 0x20, 0x20, 0x7b, 0x0a, 0x20, 0x20, 0x20, 0x20, 0x20, 0x20, 0x20, 0x20, 0x20, 0x20, 0x20, //    {.           
	0x20, 0x20, 0x20, 0x20, 0x20, 0x20, 0x20, 0x20, 0x20, 0x20, 0x20, 0x20, 0x20, 0x20, 0x20, 0x20, //                 
	0x20, 0x20, 0x20, 0x20, 0x20, 0x20, 0x20, 0x20, 0x20, 0x66, 0x6c, 0x6f, 0x61, 0x74, 0x20, 0x5f, //          float _
	0x32, 0x37, 0x39, 0x36, 0x3b, 0x0a, 0x20, 0x20, 0x20, 0x20, 0x20, 0x20, 0x20, 0x20, 0x20, 0x20, // 2796;.          
	0x20, 0x20, 0x20, 0x20, 0x20, 0x20, 0x20, 0x20, 0x20, 0x20, 0x20, 0x20, 0x20, 0x20, 0x20, 0x20, //                 
	0x20, 0x20, 0x20, 0x20, 0x20, 0x20, 0x20, 0x20, 0x20, 0x20, 0x64, 0x6f, 0x0a, 0x20, 0x20, 0x20, //           do.   
	0x20, 0x20, 0x20, 0x20, 0x20, 0x20, 0x20, 0x20, 0x20, 0x20, 0x20, 0x20, 0x20, 0x20, 0x20, 0x20, //                 
	0x20, 0x20, 0x20, 0x20, 0x20, 0x20, 0x20, 0x20, 0x20, 0x20, 0x20, 0x20, 0x20, 0x20, 0x20, 0x20, //                 
	0x20, 0x7b, 0x0a, 0x20, 0x20, 0x20, 0x20, 0x20, 0x20, 0x20, 0x20, 0x20, 0x20, 0x20, 0x20, 0x20, //  {.             
	0x20, 0x20, 0x20, 0x20, 0x20, 0x20, 0x20, 0x20, 0x20, 0x20, 0x20, 0x20, 0x20, 0x20, 0x20, 0x20, //                 
	0x20, 0x20, 0x20, 0x20, 0x20, 0x20, 0x20, 0x20, 0x20, 0x20, 0x20, 0x69, 0x66, 0x20, 0x28, 0x5f, //            if (_
	0x31, 0x36, 0x37, 0x33, 0x29, 0x0a, 0x20, 0x20, 0x20, 0x20, 0x20, 0x20, 0x20, 0x20, 0x20, 0x20, // 1673).          
	0x20, 0x20, 0x20, 0x20, 0x20, 0x20, 0x20, 0x20, 0x20, 0x20, 0x20, 0x20, 0x20, 0x20, 0x20, 0x20, //                 
	0x20, 0x20, 0x20, 0x20, 0x20, 0x20, 0x20, 0x20, 0x20, 0x20, 0x20, 0x20, 0x20, 0x20, 0x7b, 0x0a, //               {.
	0x20, 0x20, 0x20, 0x20, 0x20, 0x20, 0x20, 0x20, 0x20, 0x20, 0x20, 0x20, 0x20, 0x20, 0x20, 0x20, //                 
	0x20, 0x20, 0x20, 0x20, 0x20, 0x20, 0x20, 0x20, 0x20, 0x20, 0x20, 0x20, 0x20, 0x20, 0x20, 0x20, //                 
	0x20, 0x20, 0x20, 0x20, 0x20, 0x20, 0x20, 0x20, 0x20, 0x20, 0x20, 0x20, 0x5f, 0x32, 0x37, 0x39, //             _279
	0x36, 0x20, 0x3d, 0x20, 0x67, 0x6c, 0x5f, 0x46, 0x72, 0x61, 0x67, 0x43, 0x6f, 0x6f, 0x72, 0x64, // 6 = gl_FragCoord
	0x2e, 0x7a, 0x3b, 0x0a, 0x20, 0x20, 0x20, 0x20, 0x20, 0x20, 0x20, 0x20, 0x20, 0x20, 0x20, 0x20, // .z;.            
	0x20, 0x20, 0x20, 0x20, 0x20, 0x20, 0x20, 0x20, 0x20, 0x20, 0x20, 0x20, 0x20, 0x20, 0x20, 0x20, //                 
	0x20, 0x20, 0x20, 0x20, 0x20, 0x20, 0x20, 0x20, 0x20, 0x20, 0x20, 0x20, 0x20, 0x20, 0x20, 0x20, //                 
	0x62, 0x72, 0x65, 0x61, 0x6b, 0x3b, 0x0a, 0x20, 0x20, 0x20, 0x20, 0x20, 0x20, 0x20, 0x20, 0x20, // break;.         
	0x20, 0x20, 0x20, 0x20, 0x20, 0x20, 0x20, 0x20, 0x20, 0x20, 0x20, 0x20, 0x20, 0x20, 0x20, 0x20, //                 
	0x20, 0x20, 0x20, 0x20, 0x20, 0x20, 0x20, 0x20, 0x20, 0x20, 0x20, 0x20, 0x20, 0x20, 0x20, 0x7d, //                }
	0x0a, 0x20, 0x20, 0x20, 0x20, 0x20, 0x20, 0x20, 0x20, 0x20, 0x20, 0x20, 0x20, 0x20, 0x20, 0x20, // .               
	0x20, 0x20, 0x20, 0x20, 0x20, 0x20, 0x20, 0x20, 0x20, 0x20, 0x20, 0x20, 0x20, 0x20, 0x20, 0x20, //                 
	0x20, 0x20, 0x20, 0x20, 0x20, 0x20, 0x20, 0x20, 0x20, 0x69, 0x66, 0x20, 0x28, 0x28, 0x69, 0x6e, //          if ((in
	0x2e, 0x76, 0x5f, 0x64, 0x65, 0x70, 0x74, 0x68, 0x20, 0x3c, 0x20, 0x5f, 0x6d, 0x74, 0x6c, 0x5f, // .v_depth < _mtl_
	0x75, 0x2e, 0x75, 0x4c, 0x6f, 0x67, 0x44, 0x65, 0x70, 0x74, 0x68, 0x2e, 0x79, 0x29, 0x20, 0x7c, // u.uLogDepth.y) |
	0x7c, 0x20, 0x28, 0x69, 0x6e, 0x2e, 0x76, 0x5f, 0x64, 0x65, 0x70, 0x74, 0x68, 0x20, 0x3e, 0x20, // | (in.v_depth > 
	0x5f, 0x6d, 0x74, 0x6c, 0x5f, 0x75, 0x2e, 0x75, 0x4c, 0x6f, 0x67, 0x44, 0x65, 0x70, 0x74, 0x68, // _mtl_u.uLogDepth
	0x2e, 0x7a, 0x29, 0x29, 0x0a, 0x20, 0x20, 0x20, 0x20, 0x20, 0x20, 0x20, 0x20, 0x20, 0x20, 0x20, // .z)).           
	0x20, 0x20, 0x20, 0x20, 0x20, 0x20, 0x20, 0x20, 0x20, 0x20, 0x20, 0x20, 0x20, 0x20, 0x20, 0x20, //                 
	0x20, 0x20, 0x20, 0x20, 0x20, 0x20, 0x20, 0x20, 0x20, 0x20, 0x20, 0x20, 0x20, 0x7b, 0x0a, 0x20, //              {. 
	0x20, 0x20, 0x20, 0x20, 0x20, 0x20, 0x20, 0x20, 0x20, 0x20, 0x20, 0x20, 0x20, 0x20, 0x20, 0x20, //                 
	0x20, 0x20, 0x20, 0x20, 0x20, 0x20, 0x20, 0x20, 0x20, 0x20, 0x20, 0x20, 0x20, 0x20, 0x20, 0x20, //                 
	0x20, 0x20, 0x20, 0x20, 0x20, 0x20, 0x20, 0x20, 0x20, 0x20, 0x20, 0x64, 0x69, 0x73, 0x63, 0x61, //            disca
	0x72, 0x64, 0x5f, 0x66, 0x72, 0x61, 0x67, 0x6d, 0x65, 0x6e, 0x74, 0x28, 0x29, 0x3b, 0x0a, 0x20, // rd_fragment();. 
	0x20, 0x20, 0x20, 0x20, 0x20, 0x20, 0x20, 0x20, 0x20, 0x20, 0x20, 0x20, 0x20, 0x20, 0x20, 0x20, //                 
	0x20, 0x20, 0x20, 0x20, 0x20, 0x20, 0x20, 0x20, 0x20, 0x20, 0x20, 0x20, 0x20, 0x20, 0x20, 0x20, //                 
	0x20, 0x20, 0x20, 0x20, 0x20, 0x20, 0x20, 0x7d, 0x0a, 0x20, 0x20, 0x20, 0x20, 0x20, 0x20, 0x20, //        }.       
	0x20, 0x20, 0x20, 0x20, 0x20, 0x20, 0x20, 0x20, 0x20, 0x20, 0x20, 0x20, 0x20, 0x20, 0x20, 0x20, //                 
	0x20, 0x20, 0x20, 0x20, 0x20, 0x20, 0x20, 0x20, 0x20, 0x20, 0x20, 0x20, 0x20, 0x20, 0x20, 0x20, //                 
	0x20, 0x5f, 0x32, 0x37, 0x39, 0x36, 0x20, 0x3d, 0x20, 0x66, 0x61, 0x73, 0x74, 0x3a, 0x3a, 0x63, //  _2796 = fast::c
	0x6c, 0x61, 0x6d, 0x70, 0x28, 0x6c, 0x6f, 0x67, 0x32, 0x28, 0x66, 0x61, 0x73, 0x74, 0x3a, 0x3a, // lamp(log2(fast::
	0x6d, 0x61, 0x78, 0x28, 0x69, 0x6e, 0x2e, 0x76, 0x5f, 0x64, 0x65, 0x70, 0x74, 0x68, 0x20, 0x2f, // max(in.v_depth /
	0x20, 0x5f, 0x6d, 0x74, 0x6c, 0x5f, 0x75, 0x2e, 0x75, 0x4c, 0x6f, 0x67, 0x44, 0x65, 0x70, 0x74, //  _mtl_u.uLogDept
	0x68, 0x2e, 0x79, 0x2c, 0x20, 0x31, 0x2e, 0x30, 0x29, 0x29, 0x20, 0x2f, 0x20, 0x6c, 0x6f, 0x67, // h.y, 1.0)) / log
	0x32, 0x28, 0x66, 0x61, 0x73, 0x74, 0x3a, 0x3a, 0x6d, 0x61, 0x78, 0x28, 0x5f, 0x6d, 0x74, 0x6c, // 2(fast::max(_mtl
	0x5f, 0x75, 0x2e, 0x75, 0x4c, 0x6f, 0x67, 0x44, 0x65, 0x70, 0x74, 0x68, 0x2e, 0x7a, 0x20, 0x2f, // _u.uLogDepth.z /
	0x20, 0x5f, 0x6d, 0x74, 0x6c, 0x5f, 0x75, 0x2e, 0x75, 0x4c, 0x6f, 0x67, 0x44, 0x65, 0x70, 0x74, //  _mtl_u.uLogDept
	0x68, 0x2e, 0x79, 0x2c, 0x20, 0x31, 0x2e, 0x30, 0x30, 0x30, 0x30, 0x30, 0x30, 0x39, 0x35, 0x33, // h.y, 1.000000953
	0x36, 0x37, 0x34, 0x33, 0x31, 0x36, 0x34, 0x30, 0x36, 0x32, 0x35, 0x29, 0x29, 0x2c, 0x20, 0x30, // 67431640625)), 0
	0x2e, 0x30, 0x2c, 0x20, 0x31, 0x2e, 0x30, 0x29, 0x3b, 0x0a, 0x20, 0x20, 0x20, 0x20, 0x20, 0x20, // .0, 1.0);.      
	0x20, 0x20, 0x20, 0x20, 0x20, 0x20, 0x20, 0x20, 0x20, 0x20, 0x20, 0x20, 0x20, 0x20, 0x20, 0x20, //                 
	0x20, 0x20, 0x20, 0x20, 0x20, 0x20, 0x20, 0x20, 0x20, 0x20, 0x20, 0x20, 0x20, 0x20, 0x20, 0x20, //                 
	0x20, 0x20, 0x62, 0x72, 0x65, 0x61, 0x6b, 0x3b, 0x0a, 0x20, 0x20, 0x20, 0x20, 0x20, 0x20, 0x20, //   break;.       
	0x20, 0x20, 0x20, 0x20, 0x20, 0x20, 0x20, 0x20, 0x20, 0x20, 0x20, 0x20, 0x20, 0x20, 0x20, 0x20, //                 
	0x20, 0x20, 0x20, 0x20, 0x20, 0x20, 0x20, 0x20, 0x20, 0x20, 0x20, 0x20, 0x20, 0x7d, 0x20, 0x77, //              } w
	0x68, 0x69, 0x6c, 0x65, 0x28, 0x66, 0x61, 0x6c, 0x73, 0x65, 0x29, 0x3b, 0x0a, 0x20, 0x20, 0x20, // hile(false);.   
	0x20, 0x20, 0x20, 0x20, 0x20, 0x20, 0x20, 0x20, 0x20, 0x20, 0x20, 0x20, 0x20, 0x20, 0x20, 0x20, //                 
	0x20, 0x20, 0x20, 0x20, 0x20, 0x20, 0x20, 0x20, 0x20, 0x20, 0x20, 0x20, 0x20, 0x20, 0x20, 0x20, //                 
	0x20, 0x66, 0x6c, 0x6f, 0x61, 0x74, 0x20, 0x5f, 0x31, 0x36, 0x33, 0x37, 0x20, 0x3d, 0x20, 0x31, //  float _1637 = 1
	0x2e, 0x30, 0x20, 0x2d, 0x20, 0x5f, 0x32, 0x37, 0x39, 0x36, 0x3b, 0x0a, 0x20, 0x20, 0x20, 0x20, // .0 - _2796;.    
	0x20, 0x20, 0x20, 0x20, 0x20, 0x20, 0x20, 0x20, 0x20, 0x20, 0x20, 0x20, 0x20, 0x20, 0x20, 0x20, //                 
	0x20, 0x20, 0x20, 0x20, 0x20, 0x20, 0x20, 0x20, 0x20, 0x20, 0x20, 0x20, 0x20, 0x20, 0x20, 0x20, //                 
	0x5f, 0x32, 0x38, 0x30, 0x35, 0x20, 0x3d, 0x20, 0x66, 0x6c, 0x6f, 0x61, 0x74, 0x34, 0x28, 0x5f, // _2805 = float4(_
	0x31, 0x36, 0x33, 0x37, 0x2c, 0x20, 0x5f, 0x31, 0x36, 0x33, 0x37, 0x2c, 0x20, 0x5f, 0x31, 0x36, // 1637, _1637, _16
	0x33, 0x37, 0x2c, 0x20, 0x31, 0x2e, 0x30, 0x29, 0x3b, 0x0a, 0x20, 0x20, 0x20, 0x20, 0x20, 0x20, // 37, 1.0);.      
	0x20, 0x20, 0x20, 0x20, 0x20, 0x20, 0x20, 0x20, 0x20, 0x20, 0x20, 0x20, 0x20, 0x20, 0x20, 0x20, //                 
	0x20, 0x20, 0x20, 0x20, 0x20, 0x20, 0x20, 0x20, 0x20, 0x20, 0x7d, 0x0a, 0x20, 0x20, 0x20, 0x20, //           }.    
	0x20, 0x20, 0x20, 0x20, 0x20, 0x20, 0x20, 0x20, 0x20, 0x20, 0x20, 0x20, 0x20, 0x20, 0x20, 0x20, //                 
	0x20, 0x20, 0x20, 0x20, 0x20, 0x20, 0x20, 0x20, 0x20, 0x20, 0x20, 0x20, 0x65, 0x6c, 0x73, 0x65, //             else
	0x0a, 0x20, 0x20, 0x20, 0x20, 0x20, 0x20, 0x20, 0x20, 0x20, 0x20, 0x20, 0x20, 0x20, 0x20, 0x20, // .               
	0x20, 0x20, 0x20, 0x20, 0x20, 0x20, 0x20, 0x20, 0x20, 0x20, 0x20, 0x20, 0x20, 0x20, 0x20, 0x20, //                 
	0x20, 0x7b, 0x0a, 0x20, 0x20, 0x20, 0x20, 0x20, 0x20, 0x20, 0x20, 0x20, 0x20, 0x20, 0x20, 0x20, //  {.             
	0x20, 0x20, 0x20, 0x20, 0x20, 0x20, 0x20, 0x20, 0x20, 0x20, 0x20, 0x20, 0x20, 0x20, 0x20, 0x20, //                 
	0x20, 0x20, 0x20, 0x20, 0x20, 0x20, 0x20, 0x66, 0x6c, 0x6f, 0x61, 0x74, 0x20, 0x5f, 0x32, 0x36, //        float _26
	0x34, 0x32, 0x20, 0x3d, 0x20, 0x61, 0x62, 0x73, 0x28, 0x64, 0x6f, 0x74, 0x28, 0x5f, 0x32, 0x37, // 42 = abs(dot(_27
	0x39, 0x35, 0x2c, 0x20, 0x5f, 0x31, 0x33, 0x35, 0x39, 0x29, 0x29, 0x3b, 0x0a, 0x20, 0x20, 0x20, // 95, _1359));.   
	0x20, 0x20, 0x20, 0x20, 0x20, 0x20, 0x20, 0x20, 0x20, 0x20, 0x20, 0x20, 0x20, 0x20, 0x20, 0x20, //                 
	0x20, 0x20, 0x20, 0x20, 0x20, 0x20, 0x20, 0x20, 0x20, 0x20, 0x20, 0x20, 0x20, 0x20, 0x20, 0x20, //                 
	0x20, 0x66, 0x6c, 0x6f, 0x61, 0x74, 0x20, 0x5f, 0x32, 0x36, 0x34, 0x35, 0x20, 0x3d, 0x20, 0x31, //  float _2645 = 1
	0x2e, 0x30, 0x20, 0x2d, 0x20, 0x73, 0x6d, 0x6f, 0x6f, 0x74, 0x68, 0x73, 0x74, 0x65, 0x70, 0x28, // .0 - smoothstep(
	0x30, 0x2e, 0x30, 0x2c, 0x20, 0x30, 0x2e, 0x32, 0x30, 0x30, 0x30, 0x30, 0x30, 0x30, 0x30, 0x32, // 0.0, 0.200000002
	0x39, 0x38, 0x30, 0x32, 0x33, 0x32, 0x32, 0x33, 0x38, 0x37, 0x36, 0x39, 0x35, 0x33, 0x31, 0x32, // 9802322387695312
	0x35, 0x2c, 0x20, 0x5f, 0x32, 0x36, 0x34, 0x32, 0x29, 0x3b, 0x0a, 0x20, 0x20, 0x20, 0x20, 0x20, // 5, _2642);.     
	0x20, 0x20, 0x20, 0x20, 0x20, 0x20, 0x20, 0x20, 0x20, 0x20, 0x20, 0x20, 0x20, 0x20, 0x20, 0x20, //                 
	0x20, 0x20, 0x20, 0x20, 0x20, 0x20, 0x20, 0x20, 0x20, 0x20, 0x20, 0x20, 0x20, 0x20, 0x20, 0x66, //                f
	0x6c, 0x6f, 0x61, 0x74, 0x33, 0x20, 0x5f, 0x32, 0x36, 0x35, 0x39, 0x20, 0x3d, 0x20, 0x66, 0x6c, // loat3 _2659 = fl
	0x6f, 0x61, 0x74, 0x33, 0x28, 0x5f, 0x32, 0x36, 0x34, 0x32, 0x29, 0x3b, 0x0a, 0x20, 0x20, 0x20, // oat3(_2642);.   
	0x20, 0x20, 0x20, 0x20, 0x20, 0x20, 0x20, 0x20, 0x20, 0x20, 0x20, 0x20, 0x20, 0x20, 0x20, 0x20, //                 
	0x20, 0x20, 0x20, 0x20, 0x20, 0x20, 0x20, 0x20, 0x20, 0x20, 0x20, 0x20, 0x20, 0x20, 0x20, 0x20, //                 
	0x20, 0x5f, 0x32, 0x38, 0x30, 0x35, 0x20, 0x3d, 0x20, 0x66, 0x6c, 0x6f, 0x61, 0x74, 0x34, 0x28, //  _2805 = float4(
	0x6d, 0x69, 0x78, 0x28, 0x5f, 0x6d, 0x74, 0x6c, 0x5f, 0x75, 0x2e, 0x75, 0x5f, 0x62, 0x61, 0x73, // mix(_mtl_u.u_bas
	0x65, 0x43, 0x6f, 0x6c, 0x6f, 0x72, 0x2e, 0x78, 0x79, 0x7a, 0x2c, 0x20, 0x6d, 0x69, 0x78, 0x28, // eColor.xyz, mix(
	0x66, 0x6c, 0x6f, 0x61, 0x74, 0x33, 0x28, 0x30, 0x2e, 0x30, 0x37, 0x39, 0x39, 0x39, 0x39, 0x39, // float3(0.0799999
	0x39, 0x38, 0x32, 0x31, 0x31, 0x38, 0x36, 0x30, 0x36, 0x35, 0x36, 0x37, 0x33, 0x38, 0x32, 0x38, // 9821186065673828
	0x31, 0x32, 0x35, 0x2c, 0x20, 0x30, 0x2e, 0x33, 0x34, 0x39, 0x39, 0x39, 0x39, 0x39, 0x39, 0x34, // 125, 0.349999994
	0x30, 0x33, 0x39, 0x35, 0x33, 0x35, 0x35, 0x32, 0x32, 0x34, 0x36, 0x30, 0x39, 0x33, 0x37, 0x35, // 0395355224609375
	0x2c, 0x20, 0x30, 0x2e, 0x36, 0x39, 0x39, 0x39, 0x39, 0x39, 0x39, 0x38, 0x38, 0x30, 0x37, 0x39, // , 0.699999988079
	0x30, 0x37, 0x31, 0x30, 0x34, 0x34, 0x39, 0x32, 0x31, 0x38, 0x37, 0x35, 0x29, 0x2c, 0x20, 0x66, // 071044921875), f
	0x6c, 0x6f, 0x61, 0x74, 0x33, 0x28, 0x30, 0x2e, 0x38, 0x35, 0x30, 0x30, 0x30, 0x30, 0x30, 0x32, // loat3(0.85000002
	0x33, 0x38, 0x34, 0x31, 0x38, 0x35, 0x37, 0x39, 0x31, 0x30, 0x31, 0x35, 0x36, 0x32, 0x35, 0x2c, // 384185791015625,
	0x20, 0x30, 0x2e, 0x39, 0x32, 0x30, 0x30, 0x30, 0x30, 0x30, 0x31, 0x36, 0x36, 0x38, 0x39, 0x33, //  0.9200000166893
	0x30, 0x30, 0x35, 0x33, 0x37, 0x31, 0x30, 0x39, 0x33, 0x37, 0x35, 0x2c, 0x20, 0x31, 0x2e, 0x30, // 00537109375, 1.0
	0x29, 0x2c, 0x20, 0x5f, 0x32, 0x36, 0x35, 0x39, 0x29, 0x2c, 0x20, 0x5f, 0x32, 0x36, 0x35, 0x39, // ), _2659), _2659
	0x29, 0x20, 0x2b, 0x20, 0x66, 0x6c, 0x6f, 0x61, 0x74, 0x33, 0x28, 0x28, 0x28, 0x28, 0x73, 0x69, // ) + float3((((si
	0x6e, 0x28, 0x69, 0x6e, 0x2e, 0x76, 0x5f, 0x77, 0x6f, 0x72, 0x6c, 0x64, 0x50, 0x6f, 0x73, 0x2e, // n(in.v_worldPos.
	0x78, 0x20, 0x2a, 0x20, 0x32, 0x2e, 0x30, 0x29, 0x20, 0x2a, 0x20, 0x73, 0x69, 0x6e, 0x28, 0x69, // x * 2.0) * sin(i
	0x6e, 0x2e, 0x76, 0x5f, 0x77, 0x6f, 0x72, 0x6c, 0x64, 0x50, 0x6f, 0x73, 0x2e, 0x79, 0x20, 0x2a, // n.v_worldPos.y *
	0x20, 0x32, 0x2e, 0x30, 0x29, 0x29, 0x20, 0x2a, 0x20, 0x73, 0x69, 0x6e, 0x28, 0x69, 0x6e, 0x2e, //  2.0)) * sin(in.
	0x76, 0x5f, 0x77, 0x6f, 0x72, 0x6c, 0x64, 0x50, 0x6f, 0x73, 0x2e, 0x7a, 0x20, 0x2a, 0x20, 0x32, // v_worldPos.z * 2
	0x2e, 0x30, 0x29, 0x29, 0x20, 0x2a, 0x20, 0x30, 0x2e, 0x31, 0x30, 0x30, 0x30, 0x30, 0x30, 0x30, // .0)) * 0.1000000
	0x30, 0x31, 0x34, 0x39, 0x30, 0x31, 0x31, 0x36, 0x31, 0x31, 0x39, 0x33, 0x38, 0x34, 0x37, 0x36, // 0149011611938476
	0x35, 0x36, 0x32, 0x35, 0x29, 0x20, 0x2b, 0x20, 0x28, 0x5f, 0x32, 0x36, 0x34, 0x35, 0x20, 0x2a, // 5625) + (_2645 *
	0x20, 0x30, 0x2e, 0x32, 0x30, 0x30, 0x30, 0x30, 0x30, 0x30, 0x30, 0x32, 0x39, 0x38, 0x30, 0x32, //  0.2000000029802
	0x33, 0x32, 0x32, 0x33, 0x38, 0x37, 0x36, 0x39, 0x35, 0x33, 0x31, 0x32, 0x35, 0x29, 0x29, 0x2c, // 3223876953125)),
	0x20, 0x66, 0x61, 0x73, 0x74, 0x3a, 0x3a, 0x63, 0x6c, 0x61, 0x6d, 0x70, 0x28, 0x6d, 0x69, 0x78, //  fast::clamp(mix
	0x28, 0x5f, 0x32, 0x36, 0x34, 0x35, 0x2c, 0x20, 0x31, 0x2e, 0x30, 0x20, 0x2d, 0x20, 0x73, 0x6d, // (_2645, 1.0 - sm
	0x6f, 0x6f, 0x74, 0x68, 0x73, 0x74, 0x65, 0x70, 0x28, 0x30, 0x2e, 0x30, 0x2c, 0x20, 0x35, 0x2e, // oothstep(0.0, 5.
	0x30, 0x2c, 0x20, 0x6c, 0x65, 0x6e, 0x67, 0x74, 0x68, 0x28, 0x5f, 0x6d, 0x74, 0x6c, 0x5f, 0x75, // 0, length(_mtl_u
	0x2e, 0x75, 0x5f, 0x63, 0x61, 0x6d, 0x65, 0x72, 0x61, 0x50, 0x6f, 0x73, 0x2e, 0x78, 0x79, 0x7a, // .u_cameraPos.xyz
	0x20, 0x2d, 0x20, 0x69, 0x6e, 0x2e, 0x76, 0x5f, 0x77, 0x6f, 0x72, 0x6c, 0x64, 0x50, 0x6f, 0x73, //  - in.v_worldPos
	0x29, 0x29, 0x2c, 0x20, 0x66, 0x61, 0x73, 0x74, 0x3a, 0x3a, 0x63, 0x6c, 0x61, 0x6d, 0x70, 0x28, // )), fast::clamp(
	0x5f, 0x6d, 0x74, 0x6c, 0x5f, 0x75, 0x2e, 0x75, 0x5f, 0x73, 0x74, 0x79, 0x6c, 0x65, 0x50, 0x61, // _mtl_u.u_stylePa
	0x72, 0x61, 0x6d, 0x73, 0x2e, 0x77, 0x2c, 0x20, 0x30, 0x2e, 0x30, 0x2c, 0x20, 0x31, 0x2e, 0x30, // rams.w, 0.0, 1.0
	0x29, 0x29, 0x20, 0x2a, 0x20, 0x30, 0x2e, 0x36, 0x39, 0x39, 0x39, 0x39, 0x39, 0x39, 0x38, 0x38, // )) * 0.699999988
	0x30, 0x37, 0x39, 0x30, 0x37, 0x31, 0x30, 0x34, 0x34, 0x39, 0x32, 0x31, 0x38, 0x37, 0x35, 0x2c, // 079071044921875,
	0x20, 0x30, 0x2e, 0x31, 0x30, 0x30, 0x30, 0x30, 0x30, 0x30, 0x30, 0x31, 0x34, 0x39, 0x30, 0x31, //  0.1000000014901
	0x31, 0x36, 0x31, 0x31, 0x39, 0x33, 0x38, 0x34, 0x37, 0x36, 0x35, 0x36, 0x32, 0x35, 0x2c, 0x20, // 16119384765625, 
	0x30, 0x2e, 0x36, 0x39, 0x39, 0x39, 0x39, 0x39, 0x39, 0x38, 0x38, 0x30, 0x37, 0x39, 0x30, 0x37, // 0.69999998807907
	0x31, 0x30, 0x34, 0x34, 0x39, 0x32, 0x31, 0x38, 0x37, 0x35, 0x29, 0x29, 0x3b, 0x0a, 0x20, 0x20, // 1044921875));.  
	0x20, 0x20, 0x20, 0x20, 0x20, 0x20, 0x20, 0x20, 0x20, 0x20, 0x20, 0x20, 0x20, 0x20, 0x20, 0x20, //                 
	0x20, 0x20, 0x20, 0x20, 0x20, 0x20, 0x20, 0x20, 0x20, 0x20, 0x20, 0x20, 0x20, 0x20, 0x7d, 0x0a, //               }.
	0x20, 0x20, 0x20, 0x20, 0x20, 0x20, 0x20, 0x20, 0x20, 0x20, 0x20, 0x20, 0x20, 0x20, 0x20, 0x20, //                 
	0x20, 0x20, 0x20, 0x20, 0x20, 0x20, 0x20, 0x20, 0x20, 0x20, 0x20, 0x20, 0x20, 0x20, 0x20, 0x20, //                 
	0x5f, 0x32, 0x38, 0x30, 0x34, 0x20, 0x3d, 0x20, 0x5f, 0x32, 0x38, 0x30, 0x35, 0x3b, 0x0a, 0x20, // _2804 = _2805;. 
	0x20, 0x20, 0x20, 0x20, 0x20, 0x20, 0x20, 0x20, 0x20, 0x20, 0x20, 0x20, 0x20, 0x20, 0x20, 0x20, //                 
	0x20, 0x20, 0x20, 0x20, 0x20, 0x20, 0x20, 0x20, 0x20, 0x20, 0x20, 0x7d, 0x0a, 0x20, 0x20, 0x20, //            }.   
	0x20, 0x20, 0x20, 0x20, 0x20, 0x20, 0x20, 0x20, 0x20, 0x20, 0x20, 0x20, 0x20, 0x20, 0x20, 0x20, //                 
	0x20, 0x20, 0x20, 0x20, 0x20, 0x20, 0x20, 0x20, 0x20, 0x5f, 0x32, 0x38, 0x30, 0x33, 0x20, 0x3d, //          _2803 =
	0x20, 0x5f, 0x32, 0x38, 0x30, 0x34, 0x3b, 0x0a, 0x20, 0x20, 0x20, 0x20, 0x20, 0x20, 0x20, 0x20, //  _2804;.        
	0x20, 0x20, 0x20, 0x20, 0x20, 0x20, 0x20, 0x20, 0x20, 0x20, 0x20, 0x20, 0x20, 0x20, 0x20, 0x20, //                 
	0x7d, 0x0a, 0x20, 0x20, 0x20, 0x20, 0x20, 0x20, 0x20, 0x20, 0x20, 0x20, 0x20, 0x20, 0x20, 0x20, // }.              
	0x20, 0x20, 0x20, 0x20, 0x20, 0x20, 0x20, 0x20, 0x20, 0x20, 0x5f, 0x32, 0x38, 0x30, 0x32, 0x20, //           _2802 
	0x3d, 0x20, 0x5f, 0x32, 0x38, 0x30, 0x33, 0x3b, 0x0a, 0x20, 0x20, 0x20, 0x20, 0x20, 0x20, 0x20, // = _2803;.       
	0x20, 0x20, 0x20, 0x20, 0x20, 0x20, 0x20, 0x20, 0x20, 0x20, 0x20, 0x20, 0x20, 0x7d, 0x0a, 0x20, //              }. 
	0x20, 0x20, 0x20, 0x20, 0x20, 0x20, 0x20, 0x20, 0x20, 0x20, 0x20, 0x20, 0x20, 0x20, 0x20, 0x20, //                 
	0x20, 0x20, 0x20, 0x5f, 0x32, 0x38, 0x30, 0x31, 0x20, 0x3d, 0x20, 0x5f, 0x32, 0x38, 0x30, 0x32, //    _2801 = _2802
	0x3b, 0x0a, 0x20, 0x20, 0x20, 0x20, 0x20, 0x20, 0x20, 0x20, 0x20, 0x20, 0x20, 0x20, 0x20, 0x20, // ;.              
	0x20, 0x20, 0x7d, 0x0a, 0x20, 0x20, 0x20, 0x20, 0x20, 0x20, 0x20, 0x20, 0x20, 0x20, 0x20, 0x20, //   }.            
	0x7d, 0x0a, 0x20, 0x20, 0x20, 0x20, 0x20, 0x20, 0x20, 0x20, 0x20, 0x20, 0x20, 0x20, 0x5f, 0x32, // }.            _2
	0x38, 0x30, 0x30, 0x20, 0x3d, 0x20, 0x5f, 0x32, 0x38, 0x30, 0x31, 0x3b, 0x0a, 0x20, 0x20, 0x20, // 800 = _2801;.   
	0x20, 0x20, 0x20, 0x20, 0x20, 0x7d, 0x0a, 0x20, 0x20, 0x20, 0x20, 0x20, 0x20, 0x20, 0x20, 0x5f, //      }.        _
	0x32, 0x37, 0x39, 0x39, 0x20, 0x3d, 0x20, 0x5f, 0x32, 0x38, 0x30, 0x30, 0x3b, 0x0a, 0x20, 0x20, // 2799 = _2800;.  
	0x20, 0x20, 0x7d, 0x0a, 0x20, 0x20, 0x20, 0x20, 0x6f, 0x75, 0x74, 0x2e, 0x62, 0x67, 0x66, 0x78, //   }.    out.bgfx
	0x5f, 0x46, 0x72, 0x61, 0x67, 0x44, 0x61, 0x74, 0x61, 0x30, 0x20, 0x3d, 0x20, 0x5f, 0x32, 0x37, // _FragData0 = _27
	0x39, 0x39, 0x3b, 0x0a, 0x20, 0x20, 0x20, 0x20, 0x6f, 0x75, 0x74, 0x2e, 0x67, 0x6c, 0x5f, 0x46, // 99;.    out.gl_F
	0x72, 0x61, 0x67, 0x44, 0x65, 0x70, 0x74, 0x68, 0x20, 0x3d, 0x20, 0x5f, 0x32, 0x37, 0x39, 0x34, // ragDepth = _2794
	0x3b, 0x0a, 0x20, 0x20, 0x20, 0x20, 0x72, 0x65, 0x74, 0x75, 0x72, 0x6e, 0x20, 0x6f, 0x75, 0x74, // ;.    return out
	0x3b, 0x0a, 0x7d, 0x0a, 0x0a, 0x00, 0x00, 0x80, 0x00,                                           // ;.}......
};

static const uint8_t fs_cad_styles_essl[9206] =
{
	0x46, 0x53, 0x48, 0x0b, 0xa4, 0xd7, 0x54, 0x84, 0x00, 0x00, 0x00, 0x00, 0x00, 0x00, 0xe3, 0x23, // FSH...T........#
	0x00, 0x00, 0x23, 0x76, 0x65, 0x72, 0x73, 0x69, 0x6f, 0x6e, 0x20, 0x33, 0x32, 0x30, 0x20, 0x65, // ..#version 320 e
	0x73, 0x0a, 0x23, 0x64, 0x65, 0x66, 0x69, 0x6e, 0x65, 0x20, 0x61, 0x74, 0x74, 0x72, 0x69, 0x62, // s.#define attrib
	0x75, 0x74, 0x65, 0x20, 0x69, 0x6e, 0x0a, 0x23, 0x64, 0x65, 0x66, 0x69, 0x6e, 0x65, 0x20, 0x76, // ute in.#define v
	0x61, 0x72, 0x79, 0x69, 0x6e, 0x67, 0x20, 0x69, 0x6e, 0x0a, 0x70, 0x72, 0x65, 0x63, 0x69, 0x73, // arying in.precis
	0x69, 0x6f, 0x6e, 0x20, 0x68, 0x69, 0x67, 0x68, 0x70, 0x20, 0x66, 0x6c, 0x6f, 0x61, 0x74, 0x3b, // ion highp float;
	0x0a, 0x70, 0x72, 0x65, 0x63, 0x69, 0x73, 0x69, 0x6f, 0x6e, 0x20, 0x68, 0x69, 0x67, 0x68, 0x70, // .precision highp
	0x20, 0x69, 0x6e, 0x74, 0x3b, 0x0a, 0x23, 0x65, 0x78, 0x74, 0x65, 0x6e, 0x73, 0x69, 0x6f, 0x6e, //  int;.#extension
	0x20, 0x47, 0x4c, 0x5f, 0x4f, 0x45, 0x53, 0x5f, 0x73, 0x74, 0x61, 0x6e, 0x64, 0x61, 0x72, 0x64, //  GL_OES_standard
	0x5f, 0x64, 0x65, 0x72, 0x69, 0x76, 0x61, 0x74, 0x69, 0x76, 0x65, 0x73, 0x20, 0x3a, 0x20, 0x65, // _derivatives : e
	0x6e, 0x61, 0x62, 0x6c, 0x65, 0x0a, 0x23, 0x64, 0x65, 0x66, 0x69, 0x6e, 0x65, 0x20, 0x73, 0x68, // nable.#define sh
	0x61, 0x64, 0x6f, 0x77, 0x32, 0x44, 0x28, 0x5f, 0x73, 0x61, 0x6d, 0x70, 0x6c, 0x65, 0x72, 0x2c, // adow2D(_sampler,
	0x20, 0x5f, 0x63, 0x6f, 0x6f, 0x72, 0x64, 0x29, 0x20, 0x74, 0x65, 0x78, 0x74, 0x75, 0x72, 0x65, //  _coord) texture
	0x28, 0x5f, 0x73, 0x61, 0x6d, 0x70, 0x6c, 0x65, 0x72, 0x2c, 0x20, 0x5f, 0x63, 0x6f, 0x6f, 0x72, // (_sampler, _coor
	0x64, 0x29, 0x0a, 0x23, 0x64, 0x65, 0x66, 0x69, 0x6e, 0x65, 0x20, 0x73, 0x68, 0x61, 0x64, 0x6f, // d).#define shado
	0x77, 0x32, 0x44, 0x50, 0x72, 0x6f, 0x6a, 0x28, 0x5f, 0x73, 0x61, 0x6d, 0x70, 0x6c, 0x65, 0x72, // w2DProj(_sampler
	0x2c, 0x20, 0x5f, 0x63, 0x6f, 0x6f, 0x72, 0x64, 0x29, 0x20, 0x74, 0x65, 0x78, 0x74, 0x75, 0x72, // , _coord) textur
	0x65, 0x50, 0x72, 0x6f, 0x6a, 0x28, 0x5f, 0x73, 0x61, 0x6d, 0x70, 0x6c, 0x65, 0x72, 0x2c, 0x20, // eProj(_sampler, 
	0x5f, 0x63, 0x6f, 0x6f, 0x72, 0x64, 0x29, 0x0a, 0x6f, 0x75, 0x74, 0x20, 0x6d, 0x65, 0x64, 0x69, // _coord).out medi
	0x75, 0x6d, 0x70, 0x20, 0x76, 0x65, 0x63, 0x34, 0x20, 0x62, 0x67, 0x66, 0x78, 0x5f, 0x46, 0x72, // ump vec4 bgfx_Fr
	0x61, 0x67, 0x43, 0x6f, 0x6c, 0x6f, 0x72, 0x3b, 0x0a, 0x76, 0x61, 0x72, 0x79, 0x69, 0x6e, 0x67, // agColor;.varying
	0x20, 0x76, 0x65, 0x63, 0x33, 0x20, 0x76, 0x5f, 0x62, 0x61, 0x72, 0x79, 0x3b, 0x0a, 0x76, 0x61, //  vec3 v_bary;.va
	0x72, 0x79, 0x69, 0x6e, 0x67, 0x20, 0x76, 0x65, 0x63, 0x34, 0x20, 0x76, 0x5f, 0x63, 0x6f, 0x6c, // rying vec4 v_col
	0x6f, 0x72, 0x30, 0x3b, 0x0a, 0x76, 0x61, 0x72, 0x79, 0x69, 0x6e, 0x67, 0x20, 0x66, 0x6c, 0x6f, // or0;.varying flo
	0x61, 0x74, 0x20, 0x76, 0x5f, 0x64, 0x65, 0x70, 0x74, 0x68, 0x3b, 0x0a, 0x76, 0x61, 0x72, 0x79, // at v_depth;.vary
	0x69, 0x6e, 0x67, 0x20, 0x76, 0x65, 0x63, 0x33, 0x20, 0x76, 0x5f, 0x6e, 0x6f, 0x72, 0x6d, 0x61, // ing vec3 v_norma
	0x6c, 0x3b, 0x0a, 0x76, 0x61, 0x72, 0x79, 0x69, 0x6e, 0x67, 0x20, 0x76, 0x65, 0x63, 0x33, 0x20, // l;.varying vec3 
	0x76, 0x5f, 0x76, 0x69, 0x65, 0x77, 0x3b, 0x0a, 0x76, 0x61, 0x72, 0x79, 0x69, 0x6e, 0x67, 0x20, // v_view;.varying 
	0x76, 0x65, 0x63, 0x33, 0x20, 0x76, 0x5f, 0x77, 0x6f, 0x72, 0x6c, 0x64, 0x50, 0x6f, 0x73, 0x3b, // vec3 v_worldPos;
	0x0a, 0x76, 0x65, 0x63, 0x33, 0x20, 0x69, 0x6e, 0x73, 0x74, 0x4d, 0x75, 0x6c, 0x28, 0x76, 0x65, // .vec3 instMul(ve
	0x63, 0x33, 0x20, 0x5f, 0x76, 0x65, 0x63, 0x2c, 0x20, 0x6d, 0x61, 0x74, 0x33, 0x20, 0x5f, 0x6d, // c3 _vec, mat3 _m
	0x74, 0x78, 0x29, 0x20, 0x7b, 0x20, 0x72, 0x65, 0x74, 0x75, 0x72, 0x6e, 0x20, 0x28, 0x20, 0x28, // tx) { return ( (
	0x5f, 0x76, 0x65, 0x63, 0x29, 0x20, 0x2a, 0x20, 0x28, 0x5f, 0x6d, 0x74, 0x78, 0x29, 0x20, 0x29, // _vec) * (_mtx) )
	0x3b, 0x20, 0x7d, 0x0a, 0x76, 0x65, 0x63, 0x33, 0x20, 0x69, 0x6e, 0x73, 0x74, 0x4d, 0x75, 0x6c, // ; }.vec3 instMul
	0x28, 0x6d, 0x61, 0x74, 0x33, 0x20, 0x5f, 0x6d, 0x74, 0x78, 0x2c, 0x20, 0x76, 0x65, 0x63, 0x33, // (mat3 _mtx, vec3
	0x20, 0x5f, 0x76, 0x65, 0x63, 0x29, 0x20, 0x7b, 0x20, 0x72, 0x65, 0x74, 0x75, 0x72, 0x6e, 0x20, //  _vec) { return 
	0x28, 0x20, 0x28, 0x5f, 0x6d, 0x74, 0x78, 0x29, 0x20, 0x2a, 0x20, 0x28, 0x5f, 0x76, 0x65, 0x63, // ( (_mtx) * (_vec
	0x29, 0x20, 0x29, 0x3b, 0x20, 0x7d, 0x0a, 0x76, 0x65, 0x63, 0x34, 0x20, 0x69, 0x6e, 0x73, 0x74, // ) ); }.vec4 inst
	0x4d, 0x75, 0x6c, 0x28, 0x76, 0x65, 0x63, 0x34, 0x20, 0x5f, 0x76, 0x65, 0x63, 0x2c, 0x20, 0x6d, // Mul(vec4 _vec, m
	0x61, 0x74, 0x34, 0x20, 0x5f, 0x6d, 0x74, 0x78, 0x29, 0x20, 0x7b, 0x20, 0x72, 0x65, 0x74, 0x75, // at4 _mtx) { retu
	0x72, 0x6e, 0x20, 0x28, 0x20, 0x28, 0x5f, 0x76, 0x65, 0x63, 0x29, 0x20, 0x2a, 0x20, 0x28, 0x5f, // rn ( (_vec) * (_
	0x6d, 0x74, 0x78, 0x29, 0x20, 0x29, 0x3b, 0x20, 0x7d, 0x0a, 0x76, 0x65, 0x63, 0x34, 0x20, 0x69, // mtx) ); }.vec4 i
	0x6e, 0x73, 0x74, 0x4d, 0x75, 0x6c, 0x28, 0x6d, 0x61, 0x74, 0x34, 0x20, 0x5f, 0x6d, 0x74, 0x78, // nstMul(mat4 _mtx
	0x2c, 0x20, 0x76, 0x65, 0x63, 0x34, 0x20, 0x5f, 0x76, 0x65, 0x63, 0x29, 0x20, 0x7b, 0x20, 0x72, // , vec4 _vec) { r
	0x65, 0x74, 0x75, 0x72, 0x6e, 0x20, 0x28, 0x20, 0x28, 0x5f, 0x6d, 0x74, 0x78, 0x29, 0x20, 0x2a, // eturn ( (_mtx) *
	0x20, 0x28, 0x5f, 0x76, 0x65, 0x63, 0x29, 0x20, 0x29, 0x3b, 0x20, 0x7d, 0x0a, 0x66, 0x6c, 0x6f, //  (_vec) ); }.flo
	0x61, 0x74, 0x20, 0x72, 0x63, 0x70, 0x28, 0x66, 0x6c, 0x6f, 0x61, 0x74, 0x20, 0x5f, 0x61, 0x29, // at rcp(float _a)
	0x20, 0x7b, 0x20, 0x72, 0x65, 0x74, 0x75, 0x72, 0x6e, 0x20, 0x31, 0x2e, 0x30, 0x2f, 0x5f, 0x61, //  { return 1.0/_a
	0x3b, 0x20, 0x7d, 0x0a, 0x76, 0x65, 0x63, 0x32, 0x20, 0x72, 0x63, 0x70, 0x28, 0x76, 0x65, 0x63, // ; }.vec2 rcp(vec
	0x32, 0x20, 0x5f, 0x61, 0x29, 0x20, 0x7b, 0x20, 0x72, 0x65, 0x74, 0x75, 0x72, 0x6e, 0x20, 0x76, // 2 _a) { return v
	0x65, 0x63, 0x32, 0x28, 0x31, 0x2e, 0x30, 0x29, 0x2f, 0x5f, 0x61, 0x3b, 0x20, 0x7d, 0x0a, 0x76, // ec2(1.0)/_a; }.v
	0x65, 0x63, 0x33, 0x20, 0x72, 0x63, 0x70, 0x28, 0x76, 0x65, 0x63, 0x33, 0x20, 0x5f, 0x61, 0x29, // ec3 rcp(vec3 _a)
	0x20, 0x7b, 0x20, 0x72, 0x65, 0x74, 0x75, 0x72, 0x6e, 0x20, 0x76, 0x65, 0x63, 0x33, 0x28, 0x31, //  { return vec3(1
	0x2e, 0x30, 0x29, 0x2f, 0x5f, 0x61, 0x3b, 0x20, 0x7d, 0x0a, 0x76, 0x65, 0x63, 0x34, 0x20, 0x72, // .0)/_a; }.vec4 r
	0x63, 0x70, 0x28, 0x76, 0x65, 0x63, 0x34, 0x20, 0x5f, 0x61, 0x29, 0x20, 0x7b, 0x20, 0x72, 0x65, // cp(vec4 _a) { re
	0x74, 0x75, 0x72, 0x6e, 0x20, 0x76, 0x65, 0x63, 0x34, 0x28, 0x31, 0x2e, 0x30, 0x29, 0x2f, 0x5f, // turn vec4(1.0)/_
	0x61, 0x3b, 0x20, 0x7d, 0x0a, 0x76, 0x65, 0x63, 0x32, 0x20, 0x76, 0x65, 0x63, 0x32, 0x5f, 0x73, // a; }.vec2 vec2_s
	0x70, 0x6c, 0x61, 0x74, 0x28, 0x66, 0x6c, 0x6f, 0x61, 0x74, 0x20, 0x5f, 0x78, 0x29, 0x20, 0x7b, // plat(float _x) {
	0x20, 0x72, 0x65, 0x74, 0x75, 0x72, 0x6e, 0x20, 0x76, 0x65, 0x63, 0x32, 0x28, 0x5f, 0x78, 0x2c, //  return vec2(_x,
	0x20, 0x5f, 0x78, 0x29, 0x3b, 0x20, 0x7d, 0x0a, 0x76, 0x65, 0x63, 0x33, 0x20, 0x76, 0x65, 0x63, //  _x); }.vec3 vec
	0x33, 0x5f, 0x73, 0x70, 0x6c, 0x61, 0x74, 0x28, 0x66, 0x6c, 0x6f, 0x61, 0x74, 0x20, 0x5f, 0x78, // 3_splat(float _x
	0x29, 0x20, 0x7b, 0x20, 0x72, 0x65, 0x74, 0x75, 0x72, 0x6e, 0x20, 0x76, 0x65, 0x63, 0x33, 0x28, // ) { return vec3(
	0x5f, 0x78, 0x2c, 0x20, 0x5f, 0x78, 0x2c, 0x20, 0x5f, 0x78, 0x29, 0x3b, 0x20, 0x7d, 0x0a, 0x76, // _x, _x, _x); }.v
	0x65, 0x63, 0x34, 0x20, 0x76, 0x65, 0x63, 0x34, 0x5f, 0x73, 0x70, 0x6c, 0x61, 0x74, 0x28, 0x66, // ec4 vec4_splat(f
	0x6c, 0x6f, 0x61, 0x74, 0x20, 0x5f, 0x78, 0x29, 0x20, 0x7b, 0x20, 0x72, 0x65, 0x74, 0x75, 0x72, // loat _x) { retur
	0x6e, 0x20, 0x76, 0x65, 0x63, 0x34, 0x28, 0x5f, 0x78, 0x2c, 0x20, 0x5f, 0x78, 0x2c, 0x20, 0x5f, // n vec4(_x, _x, _
	0x78, 0x2c, 0x20, 0x5f, 0x78, 0x29, 0x3b, 0x20, 0x7d, 0x0a, 0x75, 0x76, 0x65, 0x63, 0x32, 0x20, // x, _x); }.uvec2 
	0x75, 0x76, 0x65, 0x63, 0x32, 0x5f, 0x73, 0x70, 0x6c, 0x61, 0x74, 0x28, 0x75, 0x69, 0x6e, 0x74, // uvec2_splat(uint
	0x20, 0x5f, 0x78, 0x29, 0x20, 0x7b, 0x20, 0x72, 0x65, 0x74, 0x75, 0x72, 0x6e, 0x20, 0x75, 0x76, //  _x) { return uv
	0x65, 0x63, 0x32, 0x28, 0x5f, 0x78, 0x2c, 0x20, 0x5f, 0x78, 0x29, 0x3b, 0x20, 0x7d, 0x0a, 0x75, // ec2(_x, _x); }.u
	0x76, 0x65, 0x63, 0x33, 0x20, 0x75, 0x76, 0x65, 0x63, 0x33, 0x5f, 0x73, 0x70, 0x6c, 0x61, 0x74, // vec3 uvec3_splat
	0x28, 0x75, 0x69, 0x6e, 0x74, 0x20, 0x5f, 0x78, 0x29, 0x20, 0x7b, 0x20, 0x72, 0x65, 0x74, 0x75, // (uint _x) { retu
	0x72, 0x6e, 0x20, 0x75, 0x76, 0x65, 0x63, 0x33, 0x28, 0x5f, 0x78, 0x2c, 0x20, 0x5f, 0x78, 0x2c, // rn uvec3(_x, _x,
	0x20, 0x5f, 0x78, 0x29, 0x3b, 0x20, 0x7d, 0x0a, 0x75, 0x76, 0x65, 0x63, 0x34, 0x20, 0x75, 0x76, //  _x); }.uvec4 uv
	0x65, 0x63, 0x34, 0x5f, 0x73, 0x70, 0x6c, 0x61, 0x74, 0x28, 0x75, 0x69, 0x6e, 0x74, 0x20, 0x5f, // ec4_splat(uint _
	0x78, 0x29, 0x20, 0x7b, 0x20, 0x72, 0x65, 0x74, 0x75, 0x72, 0x6e, 0x20, 0x75, 0x76, 0x65, 0x63, // x) { return uvec
	0x34, 0x28, 0x5f, 0x78, 0x2c, 0x20, 0x5f, 0x78, 0x2c, 0x20, 0x5f, 0x78, 0x2c, 0x20, 0x5f, 0x78, // 4(_x, _x, _x, _x
	0x29, 0x3b, 0x20, 0x7d, 0x0a, 0x6d, 0x61, 0x74, 0x34, 0x20, 0x6d, 0x74, 0x78, 0x46, 0x72, 0x6f, // ); }.mat4 mtxFro
	0x6d, 0x52, 0x6f, 0x77, 0x73, 0x28, 0x76, 0x65, 0x63, 0x34, 0x20, 0x5f, 0x30, 0x2c, 0x20, 0x76, // mRows(vec4 _0, v
	0x65, 0x63, 0x34, 0x20, 0x5f, 0x31, 0x2c, 0x20, 0x76, 0x65, 0x63, 0x34, 0x20, 0x5f, 0x32, 0x2c, // ec4 _1, vec4 _2,
	0x20, 0x76, 0x65, 0x63, 0x34, 0x20, 0x5f, 0x33, 0x29, 0x0a, 0x7b, 0x0a, 0x72, 0x65, 0x74, 0x75, //  vec4 _3).{.retu
	0x72, 0x6e, 0x20, 0x74, 0x72, 0x61, 0x6e, 0x73, 0x70, 0x6f, 0x73, 0x65, 0x28, 0x6d, 0x61, 0x74, // rn transpose(mat
	0x34, 0x28, 0x5f, 0x30, 0x2c, 0x20, 0x5f, 0x31, 0x2c, 0x20, 0x5f, 0x32, 0x2c, 0x20, 0x5f, 0x33, // 4(_0, _1, _2, _3
	0x29, 0x20, 0x29, 0x3b, 0x0a, 0x7d, 0x0a, 0x6d, 0x61, 0x74, 0x34, 0x20, 0x6d, 0x74, 0x78, 0x46, // ) );.}.mat4 mtxF
	0x72, 0x6f, 0x6d, 0x43, 0x6f, 0x6c, 0x73, 0x28, 0x76, 0x65, 0x63, 0x34, 0x20, 0x5f, 0x30, 0x2c, // romCols(vec4 _0,
	0x20, 0x76, 0x65, 0x63, 0x34, 0x20, 0x5f, 0x31, 0x2c, 0x20, 0x76, 0x65, 0x63, 0x34, 0x20, 0x5f, //  vec4 _1, vec4 _
	0x32, 0x2c, 0x20, 0x76, 0x65, 0x63, 0x34, 0x20, 0x5f, 0x33, 0x29, 0x0a, 0x7b, 0x0a, 0x72, 0x65, // 2, vec4 _3).{.re
	0x74, 0x75, 0x72, 0x6e, 0x20, 0x6d, 0x61, 0x74, 0x34, 0x28, 0x5f, 0x30, 0x2c, 0x20, 0x5f, 0x31, // turn mat4(_0, _1
	0x2c, 0x20, 0x5f, 0x32, 0x2c, 0x20, 0x5f, 0x33, 0x29, 0x3b, 0x0a, 0x7d, 0x0a, 0x6d, 0x61, 0x74, // , _2, _3);.}.mat
	0x33, 0x20, 0x6d, 0x74, 0x78, 0x46, 0x72, 0x6f, 0x6d, 0x52, 0x6f, 0x77, 0x73, 0x28, 0x76, 0x65, // 3 mtxFromRows(ve
	0x63, 0x33, 0x20, 0x5f, 0x30, 0x2c, 0x20, 0x76, 0x65, 0x63, 0x33, 0x20, 0x5f, 0x31, 0x2c, 0x20, // c3 _0, vec3 _1, 
	0x76, 0x65, 0x63, 0x33, 0x20, 0x5f, 0x32, 0x29, 0x0a, 0x7b, 0x0a, 0x72, 0x65, 0x74, 0x75, 0x72, // vec3 _2).{.retur
	0x6e, 0x20, 0x74, 0x72, 0x61, 0x6e, 0x73, 0x70, 0x6f, 0x73, 0x65, 0x28, 0x6d, 0x61, 0x74, 0x33, // n transpose(mat3
	0x28, 0x5f, 0x30, 0x2c, 0x20, 0x5f, 0x31, 0x2c, 0x20, 0x5f, 0x32, 0x29, 0x20, 0x29, 0x3b, 0x0a, // (_0, _1, _2) );.
	0x7d, 0x0a, 0x6d, 0x61, 0x74, 0x33, 0x20, 0x6d, 0x74, 0x78, 0x46, 0x72, 0x6f, 0x6d, 0x43, 0x6f, // }.mat3 mtxFromCo
	0x6c, 0x73, 0x28, 0x76, 0x65, 0x63, 0x33, 0x20, 0x5f, 0x30, 0x2c, 0x20, 0x76, 0x65, 0x63, 0x33, // ls(vec3 _0, vec3
	0x20, 0x5f, 0x31, 0x2c, 0x20, 0x76, 0x65, 0x63, 0x33, 0x20, 0x5f, 0x32, 0x29, 0x0a, 0x7b, 0x0a, //  _1, vec3 _2).{.
	0x72, 0x65, 0x74, 0x75, 0x72, 0x6e, 0x20, 0x6d, 0x61, 0x74, 0x33, 0x28, 0x5f, 0x30, 0x2c, 0x20, // return mat3(_0, 
	0x5f, 0x31, 0x2c, 0x20, 0x5f, 0x32, 0x29, 0x3b, 0x0a, 0x7d, 0x0a, 0x75, 0x6e, 0x69, 0x66, 0x6f, // _1, _2);.}.unifo
	0x72, 0x6d, 0x20, 0x76, 0x65, 0x63, 0x34, 0x20, 0x75, 0x5f, 0x76, 0x69, 0x65, 0x77, 0x52, 0x65, // rm vec4 u_viewRe
	0x63, 0x74, 0x3b, 0x0a, 0x75, 0x6e, 0x69, 0x66, 0x6f, 0x72, 0x6d, 0x20, 0x76, 0x65, 0x63, 0x34, // ct;.uniform vec4
	0x20, 0x75, 0x5f, 0x76, 0x69, 0x65, 0x77, 0x54, 0x65, 0x78, 0x65, 0x6c, 0x3b, 0x0a, 0x75, 0x6e, //  u_viewTexel;.un
	0x69, 0x66, 0x6f, 0x72, 0x6d, 0x20, 0x6d, 0x61, 0x74, 0x34, 0x20, 0x75, 0x5f, 0x76, 0x69, 0x65, // iform mat4 u_vie
	0x77, 0x3b, 0x0a, 0x75, 0x6e, 0x69, 0x66, 0x6f, 0x72, 0x6d, 0x20, 0x6d, 0x61, 0x74, 0x34, 0x20, // w;.uniform mat4 
	0x75, 0x5f, 0x69, 0x6e, 0x76, 0x56, 0x69, 0x65, 0x77, 0x3b, 0x0a, 0x75, 0x6e, 0x69, 0x66, 0x6f, // u_invView;.unifo
	0x72, 0x6d, 0x20, 0x6d, 0x61, 0x74, 0x34, 0x20, 0x75, 0x5f, 0x70, 0x72, 0x6f, 0x6a, 0x3b, 0x0a, // rm mat4 u_proj;.
	0x75, 0x6e, 0x69, 0x66, 0x6f, 0x72, 0x6d, 0x20, 0x6d, 0x61, 0x74, 0x34, 0x20, 0x75, 0x5f, 0x69, // uniform mat4 u_i
	0x6e, 0x76, 0x50, 0x72, 0x6f, 0x6a, 0x3b, 0x0a, 0x75, 0x6e, 0x69, 0x66, 0x6f, 0x72, 0x6d, 0x20, // nvProj;.uniform 
	0x6d, 0x61, 0x74, 0x34, 0x20, 0x75, 0x5f, 0x76, 0x69, 0x65, 0x77, 0x50, 0x72, 0x6f, 0x6a, 0x3b, // mat4 u_viewProj;
	0x0a, 0x75, 0x6e, 0x69, 0x66, 0x6f, 0x72, 0x6d, 0x20, 0x6d, 0x61, 0x74, 0x34, 0x20, 0x75, 0x5f, // .uniform mat4 u_
	0x69, 0x6e, 0x76, 0x56, 0x69, 0x65, 0x77, 0x50, 0x72, 0x6f, 0x6a, 0x3b, 0x0a, 0x75, 0x6e, 0x69, // invViewProj;.uni
	0x66, 0x6f, 0x72, 0x6d, 0x20, 0x6d, 0x61, 0x74, 0x34, 0x20, 0x75, 0x5f, 0x6d, 0x6f, 0x64, 0x65, // form mat4 u_mode
	0x6c, 0x5b, 0x33, 0x32, 0x5d, 0x3b, 0x0a, 0x75, 0x6e, 0x69, 0x66, 0x6f, 0x72, 0x6d, 0x20, 0x6d, // l[32];.uniform m
	0x61, 0x74, 0x34, 0x20, 0x75, 0x5f, 0x6d, 0x6f, 0x64, 0x65, 0x6c, 0x56, 0x69, 0x65, 0x77, 0x3b, // at4 u_modelView;
	0x0a, 0x75, 0x6e, 0x69, 0x66, 0x6f, 0x72, 0x6d, 0x20, 0x6d, 0x61, 0x74, 0x34, 0x20, 0x75, 0x5f, // .uniform mat4 u_
	0x6d, 0x6f, 0x64, 0x65, 0x6c, 0x56, 0x69, 0x65, 0x77, 0x50, 0x72, 0x6f, 0x6a, 0x3b, 0x0a, 0x75, // modelViewProj;.u
	0x6e, 0x69, 0x66, 0x6f, 0x72, 0x6d, 0x20, 0x76, 0x65, 0x63, 0x34, 0x20, 0x75, 0x5f, 0x61, 0x6c, // niform vec4 u_al
	0x70, 0x68, 0x61, 0x52, 0x65, 0x66, 0x34, 0x3b, 0x0a, 0x75, 0x6e, 0x69, 0x66, 0x6f, 0x72, 0x6d, // phaRef4;.uniform
	0x20, 0x76, 0x65, 0x63, 0x34, 0x20, 0x75, 0x4c, 0x6f, 0x67, 0x44, 0x65, 0x70, 0x74, 0x68, 0x3b, //  vec4 uLogDepth;
	0x0a, 0x66, 0x6c, 0x6f, 0x61, 0x74, 0x20, 0x63, 0x61, 0x64, 0x5f, 0x6f, 0x75, 0x74, 0x70, 0x75, // .float cad_outpu
	0x74, 0x44, 0x65, 0x70, 0x74, 0x68, 0x28, 0x66, 0x6c, 0x6f, 0x61, 0x74, 0x20, 0x72, 0x61, 0x77, // tDepth(float raw
	0x44, 0x65, 0x70, 0x74, 0x68, 0x2c, 0x20, 0x66, 0x6c, 0x6f, 0x61, 0x74, 0x20, 0x76, 0x69, 0x65, // Depth, float vie
	0x77, 0x44, 0x65, 0x70, 0x74, 0x68, 0x29, 0x0a, 0x7b, 0x0a, 0x69, 0x66, 0x20, 0x28, 0x75, 0x4c, // wDepth).{.if (uL
	0x6f, 0x67, 0x44, 0x65, 0x70, 0x74, 0x68, 0x2e, 0x78, 0x20, 0x3c, 0x20, 0x30, 0x2e, 0x35, 0x29, // ogDepth.x < 0.5)
	0x0a, 0x72, 0x65, 0x74, 0x75, 0x72, 0x6e, 0x20, 0x72, 0x61, 0x77, 0x44, 0x65, 0x70, 0x74, 0x68, // .return rawDepth
	0x3b, 0x0a, 0x69, 0x66, 0x20, 0x28, 0x76, 0x69, 0x65, 0x77, 0x44, 0x65, 0x70, 0x74, 0x68, 0x20, // ;.if (viewDepth 
	0x3c, 0x20, 0x75, 0x4c, 0x6f, 0x67, 0x44, 0x65, 0x70, 0x74, 0x68, 0x2e, 0x79, 0x20, 0x7c, 0x7c, // < uLogDepth.y ||
	0x20, 0x76, 0x69, 0x65, 0x77, 0x44, 0x65, 0x70, 0x74, 0x68, 0x20, 0x3e, 0x20, 0x75, 0x4c, 0x6f, //  viewDepth > uLo
	0x67, 0x44, 0x65, 0x70, 0x74, 0x68, 0x2e, 0x7a, 0x29, 0x0a, 0x64, 0x69, 0x73, 0x63, 0x61, 0x72, // gDepth.z).discar
	0x64, 0x3b, 0x0a, 0x66, 0x6c, 0x6f, 0x61, 0x74, 0x20, 0x6e, 0x75, 0x6d, 0x65, 0x72, 0x61, 0x74, // d;.float numerat
	0x6f, 0x72, 0x20, 0x3d, 0x20, 0x6c, 0x6f, 0x67, 0x32, 0x28, 0x6d, 0x61, 0x78, 0x28, 0x76, 0x69, // or = log2(max(vi
	0x65, 0x77, 0x44, 0x65, 0x70, 0x74, 0x68, 0x20, 0x2f, 0x20, 0x75, 0x4c, 0x6f, 0x67, 0x44, 0x65, // ewDepth / uLogDe
	0x70, 0x74, 0x68, 0x2e, 0x79, 0x2c, 0x20, 0x31, 0x2e, 0x30, 0x29, 0x29, 0x3b, 0x0a, 0x66, 0x6c, // pth.y, 1.0));.fl
	0x6f, 0x61, 0x74, 0x20, 0x64, 0x65, 0x6e, 0x6f, 0x6d, 0x69, 0x6e, 0x61, 0x74, 0x6f, 0x72, 0x20, // oat denominator 
	0x3d, 0x20, 0x6c, 0x6f, 0x67, 0x32, 0x28, 0x6d, 0x61, 0x78, 0x28, 0x75, 0x4c, 0x6f, 0x67, 0x44, // = log2(max(uLogD
	0x65, 0x70, 0x74, 0x68, 0x2e, 0x7a, 0x20, 0x2f, 0x20, 0x75, 0x4c, 0x6f, 0x67, 0x44, 0x65, 0x70, // epth.z / uLogDep
	0x74, 0x68, 0x2e, 0x79, 0x2c, 0x20, 0x31, 0x2e, 0x30, 0x30, 0x30, 0x30, 0x30, 0x31, 0x29, 0x29, // th.y, 1.000001))
	0x3b, 0x0a, 0x72, 0x65, 0x74, 0x75, 0x72, 0x6e, 0x20, 0x63, 0x6c, 0x61, 0x6d, 0x70, 0x28, 0x6e, // ;.return clamp(n
	0x75, 0x6d, 0x65, 0x72, 0x61, 0x74, 0x6f, 0x72, 0x20, 0x2f, 0x20, 0x64, 0x65, 0x6e, 0x6f, 0x6d, // umerator / denom
	0x69, 0x6e, 0x61, 0x74, 0x6f, 0x72, 0x2c, 0x20, 0x30, 0x2e, 0x30, 0x2c, 0x20, 0x31, 0x2e, 0x30, // inator, 0.0, 1.0
	0x29, 0x3b, 0x0a, 0x7d, 0x0a, 0x66, 0x6c, 0x6f, 0x61, 0x74, 0x20, 0x63, 0x61, 0x64, 0x5f, 0x64, // );.}.float cad_d
	0x69, 0x73, 0x74, 0x72, 0x69, 0x62, 0x75, 0x74, 0x69, 0x6f, 0x6e, 0x47, 0x47, 0x58, 0x28, 0x76, // istributionGGX(v
	0x65, 0x63, 0x33, 0x20, 0x6e, 0x2c, 0x20, 0x76, 0x65, 0x63, 0x33, 0x20, 0x68, 0x2c, 0x20, 0x66, // ec3 n, vec3 h, f
	0x6c, 0x6f, 0x61, 0x74, 0x20, 0x72, 0x6f, 0x75, 0x67, 0x68, 0x6e, 0x65, 0x73, 0x73, 0x29, 0x0a, // loat roughness).
	0x7b, 0x0a, 0x66, 0x6c, 0x6f, 0x61, 0x74, 0x20, 0x61, 0x20, 0x3d, 0x20, 0x72, 0x6f, 0x75, 0x67, // {.float a = roug
	0x68, 0x6e, 0x65, 0x73, 0x73, 0x20, 0x2a, 0x20, 0x72, 0x6f, 0x75, 0x67, 0x68, 0x6e, 0x65, 0x73, // hness * roughnes
	0x73, 0x3b, 0x0a, 0x66, 0x6c, 0x6f, 0x61, 0x74, 0x20, 0x61, 0x32, 0x20, 0x3d, 0x20, 0x61, 0x20, // s;.float a2 = a 
	0x2a, 0x20, 0x61, 0x3b, 0x0a, 0x66, 0x6c, 0x6f, 0x61, 0x74, 0x20, 0x6e, 0x68, 0x20, 0x3d, 0x20, // * a;.float nh = 
	0x6d, 0x61, 0x78, 0x28, 0x64, 0x6f, 0x74, 0x28, 0x6e, 0x2c, 0x20, 0x68, 0x29, 0x2c, 0x20, 0x30, // max(dot(n, h), 0
	0x2e, 0x30, 0x29, 0x3b, 0x0a, 0x66, 0x6c, 0x6f, 0x61, 0x74, 0x20, 0x6e, 0x68, 0x32, 0x20, 0x3d, // .0);.float nh2 =
	0x20, 0x6e, 0x68, 0x20, 0x2a, 0x20, 0x6e, 0x68, 0x3b, 0x0a, 0x66, 0x6c, 0x6f, 0x61, 0x74, 0x20, //  nh * nh;.float 
	0x64, 0x65, 0x6e, 0x6f, 0x6d, 0x69, 0x6e, 0x61, 0x74, 0x6f, 0x72, 0x20, 0x3d, 0x20, 0x6e, 0x68, // denominator = nh
	0x32, 0x20, 0x2a, 0x20, 0x28, 0x61, 0x32, 0x20, 0x2d, 0x20, 0x31, 0x2e, 0x30, 0x29, 0x20, 0x2b, // 2 * (a2 - 1.0) +
	0x20, 0x31, 0x2e, 0x30, 0x3b, 0x0a, 0x72, 0x65, 0x74, 0x75, 0x72, 0x6e, 0x20, 0x61, 0x32, 0x20, //  1.0;.return a2 
	0x2f, 0x20, 0x6d, 0x61, 0x78, 0x28, 0x33, 0x2e, 0x31, 0x34, 0x31, 0x35, 0x39, 0x32, 0x36, 0x35, // / max(3.14159265
	0x20, 0x2a, 0x20, 0x64, 0x65, 0x6e, 0x6f, 0x6d, 0x69, 0x6e, 0x61, 0x74, 0x6f, 0x72, 0x20, 0x2a, //  * denominator *
	0x20, 0x64, 0x65, 0x6e, 0x6f, 0x6d, 0x69, 0x6e, 0x61, 0x74, 0x6f, 0x72, 0x2c, 0x20, 0x30, 0x2e, //  denominator, 0.
	0x30, 0x30, 0x31, 0x29, 0x3b, 0x0a, 0x7d, 0x0a, 0x66, 0x6c, 0x6f, 0x61, 0x74, 0x20, 0x63, 0x61, // 001);.}.float ca
	0x64, 0x5f, 0x67, 0x65, 0x6f, 0x6d, 0x65, 0x74, 0x72, 0x79, 0x53, 0x6d, 0x69, 0x74, 0x68, 0x28, // d_geometrySmith(
	0x76, 0x65, 0x63, 0x33, 0x20, 0x6e, 0x2c, 0x20, 0x76, 0x65, 0x63, 0x33, 0x20, 0x76, 0x2c, 0x20, // vec3 n, vec3 v, 
	0x76, 0x65, 0x63, 0x33, 0x20, 0x6c, 0x2c, 0x20, 0x66, 0x6c, 0x6f, 0x61, 0x74, 0x20, 0x72, 0x6f, // vec3 l, float ro
	0x75, 0x67, 0x68, 0x6e, 0x65, 0x73, 0x73, 0x29, 0x0a, 0x7b, 0x0a, 0x66, 0x6c, 0x6f, 0x61, 0x74, // ughness).{.float
	0x20, 0x6e, 0x76, 0x20, 0x3d, 0x20, 0x6d, 0x61, 0x78, 0x28, 0x64, 0x6f, 0x74, 0x28, 0x6e, 0x2c, //  nv = max(dot(n,
	0x20, 0x76, 0x29, 0x2c, 0x20, 0x30, 0x2e, 0x30, 0x29, 0x3b, 0x0a, 0x66, 0x6c, 0x6f, 0x61, 0x74, //  v), 0.0);.float
	0x20, 0x6e, 0x6c, 0x20, 0x3d, 0x20, 0x6d, 0x61, 0x78, 0x28, 0x64, 0x6f, 0x74, 0x28, 0x6e, 0x2c, //  nl = max(dot(n,
	0x20, 0x6c, 0x29, 0x2c, 0x20, 0x30, 0x2e, 0x30, 0x29, 0x3b, 0x0a, 0x66, 0x6c, 0x6f, 0x61, 0x74, //  l), 0.0);.float
	0x20, 0x72, 0x20, 0x3d, 0x20, 0x72, 0x6f, 0x75, 0x67, 0x68, 0x6e, 0x65, 0x73, 0x73, 0x20, 0x2b, //  r = roughness +
	0x20, 0x31, 0x2e, 0x30, 0x3b, 0x0a, 0x66, 0x6c, 0x6f, 0x61, 0x74, 0x20, 0x6b, 0x20, 0x3d, 0x20, //  1.0;.float k = 
	0x28, 0x72, 0x20, 0x2a, 0x20, 0x72, 0x29, 0x20, 0x2f, 0x20, 0x38, 0x2e, 0x30, 0x3b, 0x0a, 0x66, // (r * r) / 8.0;.f
	0x6c, 0x6f, 0x61, 0x74, 0x20, 0x67, 0x31, 0x20, 0x3d, 0x20, 0x6e, 0x76, 0x20, 0x2f, 0x20, 0x28, // loat g1 = nv / (
	0x6e, 0x76, 0x20, 0x2a, 0x20, 0x28, 0x31, 0x2e, 0x30, 0x20, 0x2d, 0x20, 0x6b, 0x29, 0x20, 0x2b, // nv * (1.0 - k) +
	0x20, 0x6b, 0x29, 0x3b, 0x0a, 0x66, 0x6c, 0x6f, 0x61, 0x74, 0x20, 0x67, 0x32, 0x20, 0x3d, 0x20, //  k);.float g2 = 
	0x6e, 0x6c, 0x20, 0x2f, 0x20, 0x28, 0x6e, 0x6c, 0x20, 0x2a, 0x20, 0x28, 0x31, 0x2e, 0x30, 0x20, // nl / (nl * (1.0 
	0x2d, 0x20, 0x6b, 0x29, 0x20, 0x2b, 0x20, 0x6b, 0x29, 0x3b, 0x0a, 0x72, 0x65, 0x74, 0x75, 0x72, // - k) + k);.retur
	0x6e, 0x20, 0x67, 0x31, 0x20, 0x2a, 0x20, 0x67, 0x32, 0x3b, 0x0a, 0x7d, 0x0a, 0x76, 0x65, 0x63, // n g1 * g2;.}.vec
	0x33, 0x20, 0x63, 0x61, 0x64, 0x5f, 0x66, 0x72, 0x65, 0x73, 0x6e, 0x65, 0x6c, 0x53, 0x63, 0x68, // 3 cad_fresnelSch
	0x6c, 0x69, 0x63, 0x6b, 0x28, 0x66, 0x6c, 0x6f, 0x61, 0x74, 0x20, 0x63, 0x6f, 0x73, 0x54, 0x68, // lick(float cosTh
	0x65, 0x74, 0x61, 0x2c, 0x20, 0x76, 0x65, 0x63, 0x33, 0x20, 0x66, 0x30, 0x29, 0x0a, 0x7b, 0x0a, // eta, vec3 f0).{.
	0x66, 0x6c, 0x6f, 0x61, 0x74, 0x20, 0x78, 0x20, 0x3d, 0x20, 0x63, 0x6c, 0x61, 0x6d, 0x70, 0x28, // float x = clamp(
	0x31, 0x2e, 0x30, 0x20, 0x2d, 0x20, 0x63, 0x6f, 0x73, 0x54, 0x68, 0x65, 0x74, 0x61, 0x2c, 0x20, // 1.0 - cosTheta, 
	0x30, 0x2e, 0x30, 0x2c, 0x20, 0x31, 0x2e, 0x30, 0x29, 0x3b, 0x0a, 0x66, 0x6c, 0x6f, 0x61, 0x74, // 0.0, 1.0);.float
	0x20, 0x78, 0x32, 0x20, 0x3d, 0x20, 0x78, 0x20, 0x2a, 0x20, 0x78, 0x3b, 0x0a, 0x66, 0x6c, 0x6f, //  x2 = x * x;.flo
	0x61, 0x74, 0x20, 0x78, 0x35, 0x20, 0x3d, 0x20, 0x78, 0x32, 0x20, 0x2a, 0x20, 0x78, 0x32, 0x20, // at x5 = x2 * x2 
	0x2a, 0x20, 0x78, 0x3b, 0x0a, 0x72, 0x65, 0x74, 0x75, 0x72, 0x6e, 0x20, 0x66, 0x30, 0x20, 0x2b, // * x;.return f0 +
	0x20, 0x28, 0x31, 0x2e, 0x30, 0x20, 0x2d, 0x20, 0x66, 0x30, 0x29, 0x20, 0x2a, 0x20, 0x78, 0x35, //  (1.0 - f0) * x5
	0x3b, 0x0a, 0x7d, 0x0a, 0x76, 0x65, 0x63, 0x33, 0x20, 0x63, 0x61, 0x64, 0x5f, 0x64, 0x69, 0x72, // ;.}.vec3 cad_dir
	0x65, 0x63, 0x74, 0x4c, 0x69, 0x67, 0x68, 0x74, 0x28, 0x76, 0x65, 0x63, 0x33, 0x20, 0x6e, 0x2c, // ectLight(vec3 n,
	0x20, 0x76, 0x65, 0x63, 0x33, 0x20, 0x76, 0x2c, 0x20, 0x76, 0x65, 0x63, 0x33, 0x20, 0x6c, 0x2c, //  vec3 v, vec3 l,
	0x20, 0x76, 0x65, 0x63, 0x33, 0x20, 0x72, 0x61, 0x64, 0x69, 0x61, 0x6e, 0x63, 0x65, 0x2c, 0x0a, //  vec3 radiance,.
	0x76, 0x65, 0x63, 0x33, 0x20, 0x62, 0x61, 0x73, 0x65, 0x43, 0x6f, 0x6c, 0x6f, 0x72, 0x2c, 0x20, // vec3 baseColor, 
	0x76, 0x65, 0x63, 0x33, 0x20, 0x66, 0x30, 0x2c, 0x20, 0x66, 0x6c, 0x6f, 0x61, 0x74, 0x20, 0x6d, // vec3 f0, float m
	0x65, 0x74, 0x61, 0x6c, 0x6c, 0x69, 0x63, 0x2c, 0x0a, 0x66, 0x6c, 0x6f, 0x61, 0x74, 0x20, 0x72, // etallic,.float r
	0x6f, 0x75, 0x67, 0x68, 0x6e, 0x65, 0x73, 0x73, 0x29, 0x0a, 0x7b, 0x0a, 0x76, 0x65, 0x63, 0x33, // oughness).{.vec3
	0x20, 0x68, 0x20, 0x3d, 0x20, 0x6e, 0x6f, 0x72, 0x6d, 0x61, 0x6c, 0x69, 0x7a, 0x65, 0x28, 0x6c, //  h = normalize(l
	0x20, 0x2b, 0x20, 0x76, 0x29, 0x3b, 0x0a, 0x66, 0x6c, 0x6f, 0x61, 0x74, 0x20, 0x6e, 0x64, 0x66, //  + v);.float ndf
	0x20, 0x3d, 0x20, 0x63, 0x61, 0x64, 0x5f, 0x64, 0x69, 0x73, 0x74, 0x72, 0x69, 0x62, 0x75, 0x74, //  = cad_distribut
	0x69, 0x6f, 0x6e, 0x47, 0x47, 0x58, 0x28, 0x6e, 0x2c, 0x20, 0x68, 0x2c, 0x20, 0x72, 0x6f, 0x75, // ionGGX(n, h, rou
	0x67, 0x68, 0x6e, 0x65, 0x73, 0x73, 0x29, 0x3b, 0x0a, 0x66, 0x6c, 0x6f, 0x61, 0x74, 0x20, 0x67, // ghness);.float g
	0x65, 0x6f, 0x6d, 0x65, 0x74, 0x72, 0x79, 0x20, 0x3d, 0x20, 0x63, 0x61, 0x64, 0x5f, 0x67, 0x65, // eometry = cad_ge
	0x6f, 0x6d, 0x65, 0x74, 0x72, 0x79, 0x53, 0x6d, 0x69, 0x74, 0x68, 0x28, 0x6e, 0x2c, 0x20, 0x76, // ometrySmith(n, v
	0x2c, 0x20, 0x6c, 0x2c, 0x20, 0x72, 0x6f, 0x75, 0x67, 0x68, 0x6e, 0x65, 0x73, 0x73, 0x29, 0x3b, // , l, roughness);
	0x0a, 0x76, 0x65, 0x63, 0x33, 0x20, 0x66, 0x72, 0x65, 0x73, 0x6e, 0x65, 0x6c, 0x20, 0x3d, 0x20, // .vec3 fresnel = 
	0x63, 0x61, 0x64, 0x5f, 0x66, 0x72, 0x65, 0x73, 0x6e, 0x65, 0x6c, 0x53, 0x63, 0x68, 0x6c, 0x69, // cad_fresnelSchli
	0x63, 0x6b, 0x28, 0x6d, 0x61, 0x78, 0x28, 0x64, 0x6f, 0x74, 0x28, 0x68, 0x2c, 0x20, 0x76, 0x29, // ck(max(dot(h, v)
	0x2c, 0x20, 0x30, 0x2e, 0x30, 0x29, 0x2c, 0x20, 0x66, 0x30, 0x29, 0x3b, 0x0a, 0x76, 0x65, 0x63, // , 0.0), f0);.vec
	0x33, 0x20, 0x73, 0x70, 0x65, 0x63, 0x75, 0x6c, 0x61, 0x72, 0x20, 0x3d, 0x20, 0x28, 0x6e, 0x64, // 3 specular = (nd
	0x66, 0x20, 0x2a, 0x20, 0x67, 0x65, 0x6f, 0x6d, 0x65, 0x74, 0x72, 0x79, 0x20, 0x2a, 0x20, 0x66, // f * geometry * f
	0x72, 0x65, 0x73, 0x6e, 0x65, 0x6c, 0x29, 0x20, 0x2f, 0x0a, 0x6d, 0x61, 0x78, 0x28, 0x34, 0x2e, // resnel) /.max(4.
	0x30, 0x20, 0x2a, 0x20, 0x6d, 0x61, 0x78, 0x28, 0x64, 0x6f, 0x74, 0x28, 0x6e, 0x2c, 0x20, 0x76, // 0 * max(dot(n, v
	0x29, 0x2c, 0x20, 0x30, 0x2e, 0x30, 0x29, 0x20, 0x2a, 0x20, 0x6d, 0x61, 0x78, 0x28, 0x64, 0x6f, // ), 0.0) * max(do
	0x74, 0x28, 0x6e, 0x2c, 0x20, 0x6c, 0x29, 0x2c, 0x20, 0x30, 0x2e, 0x30, 0x30, 0x31, 0x29, 0x2c, // t(n, l), 0.001),
	0x20, 0x30, 0x2e, 0x30, 0x30, 0x31, 0x29, 0x3b, 0x0a, 0x76, 0x65, 0x63, 0x33, 0x20, 0x64, 0x69, //  0.001);.vec3 di
	0x66, 0x66, 0x75, 0x73, 0x65, 0x20, 0x3d, 0x20, 0x28, 0x31, 0x2e, 0x30, 0x20, 0x2d, 0x20, 0x66, // ffuse = (1.0 - f
	0x72, 0x65, 0x73, 0x6e, 0x65, 0x6c, 0x29, 0x20, 0x2a, 0x20, 0x28, 0x31, 0x2e, 0x30, 0x20, 0x2d, // resnel) * (1.0 -
	0x20, 0x6d, 0x65, 0x74, 0x61, 0x6c, 0x6c, 0x69, 0x63, 0x29, 0x20, 0x2a, 0x20, 0x62, 0x61, 0x73, //  metallic) * bas
	0x65, 0x43, 0x6f, 0x6c, 0x6f, 0x72, 0x20, 0x2f, 0x20, 0x33, 0x2e, 0x31, 0x34, 0x31, 0x35, 0x39, // eColor / 3.14159
	0x32, 0x36, 0x35, 0x3b, 0x0a, 0x72, 0x65, 0x74, 0x75, 0x72, 0x6e, 0x20, 0x28, 0x64, 0x69, 0x66, // 265;.return (dif
	0x66, 0x75, 0x73, 0x65, 0x20, 0x2b, 0x20, 0x73, 0x70, 0x65, 0x63, 0x75, 0x6c, 0x61, 0x72, 0x29, // fuse + specular)
	0x20, 0x2a, 0x20, 0x72, 0x61, 0x64, 0x69, 0x61, 0x6e, 0x63, 0x65, 0x20, 0x2a, 0x20, 0x6d, 0x61, //  * radiance * ma
	0x78, 0x28, 0x64, 0x6f, 0x74, 0x28, 0x6e, 0x2c, 0x20, 0x6c, 0x29, 0x2c, 0x20, 0x30, 0x2e, 0x30, // x(dot(n, l), 0.0
	0x29, 0x3b, 0x0a, 0x7d, 0x0a, 0x66, 0x6c, 0x6f, 0x61, 0x74, 0x20, 0x63, 0x61, 0x64, 0x5f, 0x6c, // );.}.float cad_l
	0x61, 0x6d, 0x62, 0x65, 0x72, 0x74, 0x28, 0x76, 0x65, 0x63, 0x33, 0x20, 0x6e, 0x2c, 0x20, 0x76, // ambert(vec3 n, v
	0x65, 0x63, 0x33, 0x20, 0x6c, 0x29, 0x0a, 0x7b, 0x0a, 0x72, 0x65, 0x74, 0x75, 0x72, 0x6e, 0x20, // ec3 l).{.return 
	0x6d, 0x61, 0x78, 0x28, 0x64, 0x6f, 0x74, 0x28, 0x6e, 0x2c, 0x20, 0x6c, 0x29, 0x2c, 0x20, 0x30, // max(dot(n, l), 0
	0x2e, 0x30, 0x29, 0x3b, 0x0a, 0x7d, 0x0a, 0x66, 0x6c, 0x6f, 0x61, 0x74, 0x20, 0x63, 0x61, 0x64, // .0);.}.float cad
	0x5f, 0x62, 0x6c, 0x69, 0x6e, 0x6e, 0x50, 0x68, 0x6f, 0x6e, 0x67, 0x28, 0x76, 0x65, 0x63, 0x33, // _blinnPhong(vec3
	0x20, 0x6e, 0x2c, 0x20, 0x76, 0x65, 0x63, 0x33, 0x20, 0x6c, 0x2c, 0x20, 0x76, 0x65, 0x63, 0x33, //  n, vec3 l, vec3
	0x20, 0x76, 0x2c, 0x20, 0x66, 0x6c, 0x6f, 0x61, 0x74, 0x20, 0x73, 0x68, 0x69, 0x6e, 0x69, 0x6e, //  v, float shinin
	0x65, 0x73, 0x73, 0x29, 0x0a, 0x7b, 0x0a, 0x76, 0x65, 0x63, 0x33, 0x20, 0x68, 0x20, 0x3d, 0x20, // ess).{.vec3 h = 
	0x6e, 0x6f, 0x72, 0x6d, 0x61, 0x6c, 0x69, 0x7a, 0x65, 0x28, 0x6c, 0x20, 0x2b, 0x20, 0x76, 0x29, // normalize(l + v)
	0x3b, 0x0a, 0x66, 0x6c, 0x6f, 0x61, 0x74, 0x20, 0x6e, 0x68, 0x20, 0x3d, 0x20, 0x6d, 0x61, 0x78, // ;.float nh = max
	0x28, 0x64, 0x6f, 0x74, 0x28, 0x6e, 0x2c, 0x20, 0x68, 0x29, 0x2c, 0x20, 0x30, 0x2e, 0x30, 0x29, // (dot(n, h), 0.0)
	0x3b, 0x0a, 0x72, 0x65, 0x74, 0x75, 0x72, 0x6e, 0x20, 0x70, 0x6f, 0x77, 0x28, 0x6e, 0x68, 0x2c, // ;.return pow(nh,
	0x20, 0x6d, 0x61, 0x78, 0x28, 0x73, 0x68, 0x69, 0x6e, 0x69, 0x6e, 0x65, 0x73, 0x73, 0x2c, 0x20, //  max(shininess, 
	0x31, 0x2e, 0x30, 0x29, 0x29, 0x3b, 0x0a, 0x7d, 0x0a, 0x66, 0x6c, 0x6f, 0x61, 0x74, 0x20, 0x63, // 1.0));.}.float c
	0x61, 0x64, 0x5f, 0x68, 0x61, 0x73, 0x68, 0x28, 0x76, 0x65, 0x63, 0x32, 0x20, 0x70, 0x29, 0x0a, // ad_hash(vec2 p).
	0x7b, 0x0a, 0x70, 0x20, 0x3d, 0x20, 0x66, 0x72, 0x61, 0x63, 0x74, 0x28, 0x70, 0x20, 0x2a, 0x20, // {.p = fract(p * 
	0x76, 0x65, 0x63, 0x32, 0x28, 0x31, 0x32, 0x33, 0x2e, 0x33, 0x34, 0x2c, 0x20, 0x34, 0x35, 0x36, // vec2(123.34, 456
	0x2e, 0x32, 0x31, 0x29, 0x29, 0x3b, 0x0a, 0x70, 0x20, 0x2b, 0x3d, 0x20, 0x64, 0x6f, 0x74, 0x28, // .21));.p += dot(
	0x70, 0x2c, 0x20, 0x70, 0x20, 0x2b, 0x20, 0x34, 0x35, 0x2e, 0x33, 0x32, 0x29, 0x3b, 0x0a, 0x72, // p, p + 45.32);.r
	0x65, 0x74, 0x75, 0x72, 0x6e, 0x20, 0x66, 0x72, 0x61, 0x63, 0x74, 0x28, 0x70, 0x2e, 0x78, 0x20, // eturn fract(p.x 
	0x2a, 0x20, 0x70, 0x2e, 0x79, 0x29, 0x3b, 0x0a, 0x7d, 0x0a, 0x66, 0x6c, 0x6f, 0x61, 0x74, 0x20, // * p.y);.}.float 
	0x63, 0x61, 0x64, 0x5f, 0x6e, 0x6f, 0x69, 0x73, 0x65, 0x28, 0x76, 0x65, 0x63, 0x32, 0x20, 0x70, // cad_noise(vec2 p
	0x29, 0x0a, 0x7b, 0x0a, 0x76, 0x65, 0x63, 0x32, 0x20, 0x69, 0x20, 0x3d, 0x20, 0x66, 0x6c, 0x6f, // ).{.vec2 i = flo
	0x6f, 0x72, 0x28, 0x70, 0x29, 0x3b, 0x0a, 0x76, 0x65, 0x63, 0x32, 0x20, 0x66, 0x20, 0x3d, 0x20, // or(p);.vec2 f = 
	0x66, 0x72, 0x61, 0x63, 0x74, 0x28, 0x70, 0x29, 0x3b, 0x0a, 0x66, 0x20, 0x3d, 0x20, 0x66, 0x20, // fract(p);.f = f 
	0x2a, 0x20, 0x66, 0x20, 0x2a, 0x20, 0x28, 0x33, 0x2e, 0x30, 0x20, 0x2d, 0x20, 0x32, 0x2e, 0x30, // * f * (3.0 - 2.0
	0x20, 0x2a, 0x20, 0x66, 0x29, 0x3b, 0x0a, 0x66, 0x6c, 0x6f, 0x61, 0x74, 0x20, 0x61, 0x20, 0x3d, //  * f);.float a =
	0x20, 0x63, 0x61, 0x64, 0x5f, 0x68, 0x61, 0x73, 0x68, 0x28, 0x69, 0x29, 0x3b, 0x0a, 0x66, 0x6c, //  cad_hash(i);.fl
	0x6f, 0x61, 0x74, 0x20, 0x62, 0x20, 0x3d, 0x20, 0x63, 0x61, 0x64, 0x5f, 0x68, 0x61, 0x73, 0x68, // oat b = cad_hash
	0x28, 0x69, 0x20, 0x2b, 0x20, 0x76, 0x65, 0x63, 0x32, 0x28, 0x31, 0x2e, 0x30, 0x2c, 0x20, 0x30, // (i + vec2(1.0, 0
	0x2e, 0x30, 0x29, 0x29, 0x3b, 0x0a, 0x66, 0x6c, 0x6f, 0x61, 0x74, 0x20, 0x63, 0x20, 0x3d, 0x20, // .0));.float c = 
	0x63, 0x61, 0x64, 0x5f, 0x68, 0x61, 0x73, 0x68, 0x28, 0x69, 0x20, 0x2b, 0x20, 0x76, 0x65, 0x63, // cad_hash(i + vec
	0x32, 0x28, 0x30, 0x2e, 0x30, 0x2c, 0x20, 0x31, 0x2e, 0x30, 0x29, 0x29, 0x3b, 0x0a, 0x66, 0x6c, // 2(0.0, 1.0));.fl
	0x6f, 0x61, 0x74, 0x20, 0x64, 0x20, 0x3d, 0x20, 0x63, 0x61, 0x64, 0x5f, 0x68, 0x61, 0x73, 0x68, // oat d = cad_hash
	0x28, 0x69, 0x20, 0x2b, 0x20, 0x76, 0x65, 0x63, 0x32, 0x28, 0x31, 0x2e, 0x30, 0x2c, 0x20, 0x31, // (i + vec2(1.0, 1
	0x2e, 0x30, 0x29, 0x29, 0x3b, 0x0a, 0x72, 0x65, 0x74, 0x75, 0x72, 0x6e, 0x20, 0x6d, 0x69, 0x78, // .0));.return mix
	0x28, 0x6d, 0x69, 0x78, 0x28, 0x61, 0x2c, 0x20, 0x62, 0x2c, 0x20, 0x66, 0x2e, 0x78, 0x29, 0x2c, // (mix(a, b, f.x),
	0x20, 0x6d, 0x69, 0x78, 0x28, 0x63, 0x2c, 0x20, 0x64, 0x2c, 0x20, 0x66, 0x2e, 0x78, 0x29, 0x2c, //  mix(c, d, f.x),
	0x20, 0x66, 0x2e, 0x79, 0x29, 0x3b, 0x0a, 0x7d, 0x0a, 0x66, 0x6c, 0x6f, 0x61, 0x74, 0x20, 0x63, //  f.y);.}.float c
	0x61, 0x64, 0x5f, 0x68, 0x61, 0x74, 0x63, 0x68, 0x28, 0x76, 0x65, 0x63, 0x32, 0x20, 0x75, 0x76, // ad_hatch(vec2 uv
	0x2c, 0x20, 0x66, 0x6c, 0x6f, 0x61, 0x74, 0x20, 0x61, 0x6e, 0x67, 0x6c, 0x65, 0x29, 0x0a, 0x7b, // , float angle).{
	0x0a, 0x66, 0x6c, 0x6f, 0x61, 0x74, 0x20, 0x63, 0x20, 0x3d, 0x20, 0x63, 0x6f, 0x73, 0x28, 0x61, // .float c = cos(a
	0x6e, 0x67, 0x6c, 0x65, 0x29, 0x3b, 0x0a, 0x66, 0x6c, 0x6f, 0x61, 0x74, 0x20, 0x73, 0x20, 0x3d, // ngle);.float s =
	0x20, 0x73, 0x69, 0x6e, 0x28, 0x61, 0x6e, 0x67, 0x6c, 0x65, 0x29, 0x3b, 0x0a, 0x76, 0x65, 0x63, //  sin(angle);.vec
	0x32, 0x20, 0x72, 0x20, 0x3d, 0x20, 0x76, 0x65, 0x63, 0x32, 0x28, 0x75, 0x76, 0x2e, 0x78, 0x20, // 2 r = vec2(uv.x 
	0x2a, 0x20, 0x63, 0x20, 0x2b, 0x20, 0x75, 0x76, 0x2e, 0x79, 0x20, 0x2a, 0x20, 0x73, 0x2c, 0x20, // * c + uv.y * s, 
	0x2d, 0x75, 0x76, 0x2e, 0x78, 0x20, 0x2a, 0x20, 0x73, 0x20, 0x2b, 0x20, 0x75, 0x76, 0x2e, 0x79, // -uv.x * s + uv.y
	0x20, 0x2a, 0x20, 0x63, 0x29, 0x3b, 0x0a, 0x66, 0x6c, 0x6f, 0x61, 0x74, 0x20, 0x68, 0x20, 0x3d, //  * c);.float h =
	0x20, 0x30, 0x2e, 0x30, 0x3b, 0x0a, 0x68, 0x20, 0x2b, 0x3d, 0x20, 0x73, 0x74, 0x65, 0x70, 0x28, //  0.0;.h += step(
	0x30, 0x2e, 0x39, 0x35, 0x2c, 0x20, 0x73, 0x69, 0x6e, 0x28, 0x72, 0x2e, 0x79, 0x20, 0x2a, 0x20, // 0.95, sin(r.y * 
	0x32, 0x30, 0x2e, 0x30, 0x29, 0x29, 0x3b, 0x0a, 0x68, 0x20, 0x2b, 0x3d, 0x20, 0x73, 0x74, 0x65, // 20.0));.h += ste
	0x70, 0x28, 0x30, 0x2e, 0x39, 0x35, 0x2c, 0x20, 0x73, 0x69, 0x6e, 0x28, 0x72, 0x2e, 0x78, 0x20, // p(0.95, sin(r.x 
	0x2a, 0x20, 0x32, 0x30, 0x2e, 0x30, 0x29, 0x29, 0x3b, 0x0a, 0x68, 0x20, 0x2b, 0x3d, 0x20, 0x73, // * 20.0));.h += s
	0x74, 0x65, 0x70, 0x28, 0x30, 0x2e, 0x39, 0x35, 0x2c, 0x20, 0x73, 0x69, 0x6e, 0x28, 0x28, 0x72, // tep(0.95, sin((r
	0x2e, 0x78, 0x20, 0x2b, 0x20, 0x72, 0x2e, 0x79, 0x29, 0x20, 0x2a, 0x20, 0x32, 0x30, 0x2e, 0x30, // .x + r.y) * 20.0
	0x29, 0x29, 0x3b, 0x0a, 0x68, 0x20, 0x2b, 0x3d, 0x20, 0x73, 0x74, 0x65, 0x70, 0x28, 0x30, 0x2e, // ));.h += step(0.
	0x39, 0x35, 0x2c, 0x20, 0x73, 0x69, 0x6e, 0x28, 0x28, 0x72, 0x2e, 0x78, 0x20, 0x2d, 0x20, 0x72, // 95, sin((r.x - r
	0x2e, 0x79, 0x29, 0x20, 0x2a, 0x20, 0x32, 0x30, 0x2e, 0x30, 0x29, 0x29, 0x3b, 0x0a, 0x72, 0x65, // .y) * 20.0));.re
	0x74, 0x75, 0x72, 0x6e, 0x20, 0x68, 0x3b, 0x0a, 0x7d, 0x0a, 0x75, 0x6e, 0x69, 0x66, 0x6f, 0x72, // turn h;.}.unifor
	0x6d, 0x20, 0x76, 0x65, 0x63, 0x34, 0x20, 0x75, 0x5f, 0x62, 0x61, 0x73, 0x65, 0x43, 0x6f, 0x6c, // m vec4 u_baseCol
	0x6f, 0x72, 0x3b, 0x0a, 0x75, 0x6e, 0x69, 0x66, 0x6f, 0x72, 0x6d, 0x20, 0x76, 0x65, 0x63, 0x34, // or;.uniform vec4
	0x20, 0x75, 0x5f, 0x6c, 0x69, 0x67, 0x68, 0x74, 0x44, 0x69, 0x72, 0x3b, 0x0a, 0x75, 0x6e, 0x69, //  u_lightDir;.uni
	0x66, 0x6f, 0x72, 0x6d, 0x20, 0x76, 0x65, 0x63, 0x34, 0x20, 0x75, 0x5f, 0x63, 0x61, 0x6d, 0x65, // form vec4 u_came
	0x72, 0x61, 0x50, 0x6f, 0x73, 0x3b, 0x0a, 0x75, 0x6e, 0x69, 0x66, 0x6f, 0x72, 0x6d, 0x20, 0x76, // raPos;.uniform v
	0x65, 0x63, 0x34, 0x20, 0x75, 0x5f, 0x73, 0x74, 0x79, 0x6c, 0x65, 0x50, 0x61, 0x72, 0x61, 0x6d, // ec4 u_styleParam
	0x73, 0x3b, 0x0a, 0x75, 0x6e, 0x69, 0x66, 0x6f, 0x72, 0x6d, 0x20, 0x76, 0x65, 0x63, 0x34, 0x20, // s;.uniform vec4 
	0x75, 0x5f, 0x77, 0x69, 0x72, 0x65, 0x66, 0x72, 0x61, 0x6d, 0x65, 0x43, 0x6f, 0x6c, 0x6f, 0x72, // u_wireframeColor
	0x3b, 0x0a, 0x75, 0x6e, 0x69, 0x66, 0x6f, 0x72, 0x6d, 0x20, 0x76, 0x65, 0x63, 0x34, 0x20, 0x75, // ;.uniform vec4 u
	0x5f, 0x73, 0x74, 0x72, 0x6f, 0x6b, 0x65, 0x50, 0x61, 0x72, 0x61, 0x6d, 0x73, 0x3b, 0x0a, 0x75, // _strokeParams;.u
	0x6e, 0x69, 0x66, 0x6f, 0x72, 0x6d, 0x20, 0x76, 0x65, 0x63, 0x34, 0x20, 0x75, 0x5f, 0x66, 0x6c, // niform vec4 u_fl
	0x61, 0x74, 0x53, 0x68, 0x61, 0x64, 0x65, 0x3b, 0x0a, 0x76, 0x65, 0x63, 0x33, 0x20, 0x63, 0x61, // atShade;.vec3 ca
	0x64, 0x5f, 0x63, 0x6f, 0x6e, 0x63, 0x65, 0x70, 0x74, 0x75, 0x61, 0x6c, 0x4c, 0x69, 0x67, 0x68, // d_conceptualLigh
	0x74, 0x69, 0x6e, 0x67, 0x28, 0x76, 0x65, 0x63, 0x33, 0x20, 0x6e, 0x2c, 0x20, 0x76, 0x65, 0x63, // ting(vec3 n, vec
	0x33, 0x20, 0x6c, 0x2c, 0x20, 0x76, 0x65, 0x63, 0x33, 0x20, 0x76, 0x2c, 0x20, 0x66, 0x6c, 0x6f, // 3 l, vec3 v, flo
	0x61, 0x74, 0x20, 0x6c, 0x69, 0x67, 0x68, 0x74, 0x57, 0x72, 0x61, 0x70, 0x29, 0x0a, 0x7b, 0x0a, // at lightWrap).{.
	0x66, 0x6c, 0x6f, 0x61, 0x74, 0x20, 0x6e, 0x6c, 0x20, 0x3d, 0x20, 0x64, 0x6f, 0x74, 0x28, 0x6e, // float nl = dot(n
	0x2c, 0x20, 0x6c, 0x29, 0x3b, 0x0a, 0x66, 0x6c, 0x6f, 0x61, 0x74, 0x20, 0x74, 0x20, 0x3d, 0x20, // , l);.float t = 
	0x63, 0x6c, 0x61, 0x6d, 0x70, 0x28, 0x28, 0x6e, 0x6c, 0x20, 0x2b, 0x20, 0x31, 0x2e, 0x30, 0x29, // clamp((nl + 1.0)
	0x20, 0x2a, 0x20, 0x30, 0x2e, 0x35, 0x2c, 0x20, 0x30, 0x2e, 0x30, 0x2c, 0x20, 0x31, 0x2e, 0x30, //  * 0.5, 0.0, 1.0
	0x29, 0x3b, 0x0a, 0x74, 0x20, 0x3d, 0x20, 0x70, 0x6f, 0x77, 0x28, 0x74, 0x2c, 0x20, 0x6d, 0x61, // );.t = pow(t, ma
	0x78, 0x28, 0x6c, 0x69, 0x67, 0x68, 0x74, 0x57, 0x72, 0x61, 0x70, 0x2c, 0x20, 0x30, 0x2e, 0x30, // x(lightWrap, 0.0
	0x31, 0x29, 0x29, 0x3b, 0x0a, 0x76, 0x65, 0x63, 0x33, 0x20, 0x77, 0x61, 0x72, 0x6d, 0x20, 0x3d, // 1));.vec3 warm =
	0x20, 0x76, 0x65, 0x63, 0x33, 0x28, 0x30, 0x2e, 0x39, 0x35, 0x2c, 0x20, 0x30, 0x2e, 0x37, 0x32, //  vec3(0.95, 0.72
	0x2c, 0x20, 0x30, 0x2e, 0x33, 0x35, 0x29, 0x3b, 0x0a, 0x76, 0x65, 0x63, 0x33, 0x20, 0x63, 0x6f, // , 0.35);.vec3 co
	0x6f, 0x6c, 0x20, 0x3d, 0x20, 0x76, 0x65, 0x63, 0x33, 0x28, 0x30, 0x2e, 0x33, 0x35, 0x2c, 0x20, // ol = vec3(0.35, 
	0x30, 0x2e, 0x35, 0x35, 0x2c, 0x20, 0x30, 0x2e, 0x39, 0x35, 0x29, 0x3b, 0x0a, 0x76, 0x65, 0x63, // 0.55, 0.95);.vec
	0x33, 0x20, 0x63, 0x6f, 0x6c, 0x6f, 0x72, 0x20, 0x3d, 0x20, 0x6d, 0x69, 0x78, 0x28, 0x63, 0x6f, // 3 color = mix(co
	0x6f, 0x6c, 0x2c, 0x20, 0x77, 0x61, 0x72, 0x6d, 0x2c, 0x20, 0x74, 0x29, 0x3b, 0x0a, 0x66, 0x6c, // ol, warm, t);.fl
	0x6f, 0x61, 0x74, 0x20, 0x72, 0x69, 0x6d, 0x20, 0x3d, 0x20, 0x31, 0x2e, 0x30, 0x20, 0x2d, 0x20, // oat rim = 1.0 - 
	0x6d, 0x61, 0x78, 0x28, 0x64, 0x6f, 0x74, 0x28, 0x6e, 0x2c, 0x20, 0x76, 0x29, 0x2c, 0x20, 0x30, // max(dot(n, v), 0
	0x2e, 0x30, 0x29, 0x3b, 0x0a, 0x63, 0x6f, 0x6c, 0x6f, 0x72, 0x20, 0x2b, 0x3d, 0x20, 0x76, 0x65, // .0);.color += ve
	0x63, 0x33, 0x5f, 0x73, 0x70, 0x6c, 0x61, 0x74, 0x28, 0x73, 0x6d, 0x6f, 0x6f, 0x74, 0x68, 0x73, // c3_splat(smooths
	0x74, 0x65, 0x70, 0x28, 0x30, 0x2e, 0x30, 0x2c, 0x20, 0x30, 0x2e, 0x37, 0x2c, 0x20, 0x72, 0x69, // tep(0.0, 0.7, ri
	0x6d, 0x29, 0x20, 0x2a, 0x20, 0x30, 0x2e, 0x33, 0x29, 0x3b, 0x0a, 0x72, 0x65, 0x74, 0x75, 0x72, // m) * 0.3);.retur
	0x6e, 0x20, 0x63, 0x6f, 0x6c, 0x6f, 0x72, 0x3b, 0x0a, 0x7d, 0x0a, 0x76, 0x65, 0x63, 0x33, 0x20, // n color;.}.vec3 
	0x63, 0x61, 0x64, 0x5f, 0x77, 0x69, 0x72, 0x65, 0x66, 0x72, 0x61, 0x6d, 0x65, 0x4c, 0x69, 0x67, // cad_wireframeLig
	0x68, 0x74, 0x69, 0x6e, 0x67, 0x28, 0x76, 0x65, 0x63, 0x33, 0x20, 0x6e, 0x2c, 0x20, 0x76, 0x65, // hting(vec3 n, ve
	0x63, 0x33, 0x20, 0x76, 0x2c, 0x20, 0x76, 0x65, 0x63, 0x33, 0x20, 0x65, 0x64, 0x67, 0x65, 0x43, // c3 v, vec3 edgeC
	0x6f, 0x6c, 0x6f, 0x72, 0x2c, 0x20, 0x66, 0x6c, 0x6f, 0x61, 0x74, 0x20, 0x65, 0x64, 0x67, 0x65, // olor, float edge
	0x50, 0x6f, 0x77, 0x65, 0x72, 0x29, 0x0a, 0x7b, 0x0a, 0x66, 0x6c, 0x6f, 0x61, 0x74, 0x20, 0x65, // Power).{.float e
	0x64, 0x67, 0x65, 0x20, 0x3d, 0x20, 0x31, 0x2e, 0x30, 0x20, 0x2d, 0x20, 0x6d, 0x61, 0x78, 0x28, // dge = 1.0 - max(
	0x64, 0x6f, 0x74, 0x28, 0x6e, 0x2c, 0x20, 0x76, 0x29, 0x2c, 0x20, 0x30, 0x2e, 0x30, 0x29, 0x3b, // dot(n, v), 0.0);
	0x0a, 0x72, 0x65, 0x74, 0x75, 0x72, 0x6e, 0x20, 0x65, 0x64, 0x67, 0x65, 0x43, 0x6f, 0x6c, 0x6f, // .return edgeColo
	0x72, 0x20, 0x2a, 0x20, 0x70, 0x6f, 0x77, 0x28, 0x63, 0x6c, 0x61, 0x6d, 0x70, 0x28, 0x65, 0x64, // r * pow(clamp(ed
	0x67, 0x65, 0x2c, 0x20, 0x30, 0x2e, 0x30, 0x2c, 0x20, 0x31, 0x2e, 0x30, 0x29, 0x2c, 0x20, 0x6d, // ge, 0.0, 1.0), m
	0x61, 0x78, 0x28, 0x65, 0x64, 0x67, 0x65, 0x50, 0x6f, 0x77, 0x65, 0x72, 0x2c, 0x20, 0x31, 0x2e, // ax(edgePower, 1.
	0x30, 0x29, 0x29, 0x3b, 0x0a, 0x7d, 0x0a, 0x76, 0x65, 0x63, 0x34, 0x20, 0x63, 0x61, 0x64, 0x5f, // 0));.}.vec4 cad_
	0x78, 0x72, 0x61, 0x79, 0x45, 0x66, 0x66, 0x65, 0x63, 0x74, 0x28, 0x76, 0x65, 0x63, 0x34, 0x20, // xrayEffect(vec4 
	0x62, 0x61, 0x73, 0x65, 0x43, 0x6f, 0x6c, 0x6f, 0x72, 0x2c, 0x20, 0x76, 0x65, 0x63, 0x33, 0x20, // baseColor, vec3 
	0x6e, 0x2c, 0x20, 0x76, 0x65, 0x63, 0x33, 0x20, 0x76, 0x2c, 0x20, 0x76, 0x65, 0x63, 0x33, 0x20, // n, vec3 v, vec3 
	0x77, 0x6f, 0x72, 0x6c, 0x64, 0x50, 0x6f, 0x73, 0x2c, 0x0a, 0x66, 0x6c, 0x6f, 0x61, 0x74, 0x20, // worldPos,.float 
	0x74, 0x72, 0x61, 0x6e, 0x73, 0x70, 0x61, 0x72, 0x65, 0x6e, 0x63, 0x79, 0x29, 0x0a, 0x7b, 0x0a, // transparency).{.
	0x66, 0x6c, 0x6f, 0x61, 0x74, 0x20, 0x6e, 0x76, 0x20, 0x3d, 0x20, 0x61, 0x62, 0x73, 0x28, 0x64, // float nv = abs(d
	0x6f, 0x74, 0x28, 0x6e, 0x2c, 0x20, 0x76, 0x29, 0x29, 0x3b, 0x0a, 0x66, 0x6c, 0x6f, 0x61, 0x74, // ot(n, v));.float
	0x20, 0x65, 0x64, 0x67, 0x65, 0x41, 0x6c, 0x70, 0x68, 0x61, 0x20, 0x3d, 0x20, 0x31, 0x2e, 0x30, //  edgeAlpha = 1.0
	0x20, 0x2d, 0x20, 0x73, 0x6d, 0x6f, 0x6f, 0x74, 0x68, 0x73, 0x74, 0x65, 0x70, 0x28, 0x30, 0x2e, //  - smoothstep(0.
	0x30, 0x2c, 0x20, 0x30, 0x2e, 0x32, 0x2c, 0x20, 0x6e, 0x76, 0x29, 0x3b, 0x0a, 0x66, 0x6c, 0x6f, // 0, 0.2, nv);.flo
	0x61, 0x74, 0x20, 0x64, 0x65, 0x70, 0x74, 0x68, 0x41, 0x6c, 0x70, 0x68, 0x61, 0x20, 0x3d, 0x20, // at depthAlpha = 
	0x31, 0x2e, 0x30, 0x20, 0x2d, 0x20, 0x73, 0x6d, 0x6f, 0x6f, 0x74, 0x68, 0x73, 0x74, 0x65, 0x70, // 1.0 - smoothstep
	0x28, 0x30, 0x2e, 0x30, 0x2c, 0x20, 0x35, 0x2e, 0x30, 0x2c, 0x0a, 0x6c, 0x65, 0x6e, 0x67, 0x74, // (0.0, 5.0,.lengt
	0x68, 0x28, 0x75, 0x5f, 0x63, 0x61, 0x6d, 0x65, 0x72, 0x61, 0x50, 0x6f, 0x73, 0x2e, 0x78, 0x79, // h(u_cameraPos.xy
	0x7a, 0x20, 0x2d, 0x20, 0x77, 0x6f, 0x72, 0x6c, 0x64, 0x50, 0x6f, 0x73, 0x29, 0x29, 0x3b, 0x0a, // z - worldPos));.
	0x66, 0x6c, 0x6f, 0x61, 0x74, 0x20, 0x61, 0x6c, 0x70, 0x68, 0x61, 0x20, 0x3d, 0x20, 0x6d, 0x69, // float alpha = mi
	0x78, 0x28, 0x65, 0x64, 0x67, 0x65, 0x41, 0x6c, 0x70, 0x68, 0x61, 0x2c, 0x20, 0x64, 0x65, 0x70, // x(edgeAlpha, dep
	0x74, 0x68, 0x41, 0x6c, 0x70, 0x68, 0x61, 0x2c, 0x20, 0x74, 0x72, 0x61, 0x6e, 0x73, 0x70, 0x61, // thAlpha, transpa
	0x72, 0x65, 0x6e, 0x63, 0x79, 0x29, 0x3b, 0x0a, 0x76, 0x65, 0x63, 0x33, 0x20, 0x63, 0x6f, 0x6c, // rency);.vec3 col
	0x6f, 0x72, 0x20, 0x3d, 0x20, 0x6d, 0x69, 0x78, 0x28, 0x62, 0x61, 0x73, 0x65, 0x43, 0x6f, 0x6c, // or = mix(baseCol
	0x6f, 0x72, 0x2e, 0x72, 0x67, 0x62, 0x2c, 0x0a, 0x6d, 0x69, 0x78, 0x28, 0x76, 0x65, 0x63, 0x33, // or.rgb,.mix(vec3
	0x28, 0x30, 0x2e, 0x30, 0x38, 0x2c, 0x20, 0x30, 0x2e, 0x33, 0x35, 0x2c, 0x20, 0x30, 0x2e, 0x37, // (0.08, 0.35, 0.7
	0x30, 0x29, 0x2c, 0x0a, 0x76, 0x65, 0x63, 0x33, 0x28, 0x30, 0x2e, 0x38, 0x35, 0x2c, 0x20, 0x30, // 0),.vec3(0.85, 0
	0x2e, 0x39, 0x32, 0x2c, 0x20, 0x31, 0x2e, 0x30, 0x30, 0x29, 0x2c, 0x20, 0x6e, 0x76, 0x29, 0x2c, // .92, 1.00), nv),
	0x0a, 0x6e, 0x76, 0x29, 0x3b, 0x0a, 0x66, 0x6c, 0x6f, 0x61, 0x74, 0x20, 0x70, 0x61, 0x74, 0x74, // .nv);.float patt
	0x65, 0x72, 0x6e, 0x20, 0x3d, 0x20, 0x73, 0x69, 0x6e, 0x28, 0x77, 0x6f, 0x72, 0x6c, 0x64, 0x50, // ern = sin(worldP
	0x6f, 0x73, 0x2e, 0x78, 0x20, 0x2a, 0x20, 0x32, 0x2e, 0x30, 0x29, 0x20, 0x2a, 0x0a, 0x73, 0x69, // os.x * 2.0) *.si
	0x6e, 0x28, 0x77, 0x6f, 0x72, 0x6c, 0x64, 0x50, 0x6f, 0x73, 0x2e, 0x79, 0x20, 0x2a, 0x20, 0x32, // n(worldPos.y * 2
	0x2e, 0x30, 0x29, 0x20, 0x2a, 0x0a, 0x73, 0x69, 0x6e, 0x28, 0x77, 0x6f, 0x72, 0x6c, 0x64, 0x50, // .0) *.sin(worldP
	0x6f, 0x73, 0x2e, 0x7a, 0x20, 0x2a, 0x20, 0x32, 0x2e, 0x30, 0x29, 0x3b, 0x0a, 0x63, 0x6f, 0x6c, // os.z * 2.0);.col
	0x6f, 0x72, 0x20, 0x2b, 0x3d, 0x20, 0x70, 0x61, 0x74, 0x74, 0x65, 0x72, 0x6e, 0x20, 0x2a, 0x20, // or += pattern * 
	0x30, 0x2e, 0x31, 0x20, 0x2b, 0x20, 0x65, 0x64, 0x67, 0x65, 0x41, 0x6c, 0x70, 0x68, 0x61, 0x20, // 0.1 + edgeAlpha 
	0x2a, 0x20, 0x30, 0x2e, 0x32, 0x3b, 0x0a, 0x72, 0x65, 0x74, 0x75, 0x72, 0x6e, 0x20, 0x76, 0x65, // * 0.2;.return ve
	0x63, 0x34, 0x28, 0x63, 0x6f, 0x6c, 0x6f, 0x72, 0x2c, 0x20, 0x63, 0x6c, 0x61, 0x6d, 0x70, 0x28, // c4(color, clamp(
	0x61, 0x6c, 0x70, 0x68, 0x61, 0x20, 0x2a, 0x20, 0x30, 0x2e, 0x37, 0x2c, 0x20, 0x30, 0x2e, 0x31, // alpha * 0.7, 0.1
	0x2c, 0x20, 0x30, 0x2e, 0x37, 0x29, 0x29, 0x3b, 0x0a, 0x7d, 0x0a, 0x76, 0x65, 0x63, 0x33, 0x20, // , 0.7));.}.vec3 
	0x63, 0x61, 0x64, 0x5f, 0x73, 0x6b, 0x65, 0x74, 0x63, 0x68, 0x45, 0x66, 0x66, 0x65, 0x63, 0x74, // cad_sketchEffect
	0x28, 0x76, 0x65, 0x63, 0x33, 0x20, 0x77, 0x6f, 0x72, 0x6c, 0x64, 0x50, 0x6f, 0x73, 0x2c, 0x20, // (vec3 worldPos, 
	0x76, 0x65, 0x63, 0x33, 0x20, 0x6e, 0x2c, 0x20, 0x76, 0x65, 0x63, 0x33, 0x20, 0x76, 0x2c, 0x20, // vec3 n, vec3 v, 
	0x66, 0x6c, 0x6f, 0x61, 0x74, 0x20, 0x73, 0x74, 0x72, 0x6f, 0x6b, 0x65, 0x44, 0x65, 0x6e, 0x73, // float strokeDens
	0x69, 0x74, 0x79, 0x29, 0x0a, 0x7b, 0x0a, 0x76, 0x65, 0x63, 0x32, 0x20, 0x75, 0x76, 0x20, 0x3d, // ity).{.vec2 uv =
	0x20, 0x77, 0x6f, 0x72, 0x6c, 0x64, 0x50, 0x6f, 0x73, 0x2e, 0x78, 0x7a, 0x20, 0x2a, 0x20, 0x30, //  worldPos.xz * 0
	0x2e, 0x35, 0x3b, 0x0a, 0x66, 0x6c, 0x6f, 0x61, 0x74, 0x20, 0x62, 0x72, 0x69, 0x67, 0x68, 0x74, // .5;.float bright
	0x6e, 0x65, 0x73, 0x73, 0x20, 0x3d, 0x20, 0x28, 0x64, 0x6f, 0x74, 0x28, 0x6e, 0x2c, 0x20, 0x76, // ness = (dot(n, v
	0x65, 0x63, 0x33, 0x28, 0x30, 0x2e, 0x34, 0x2c, 0x20, 0x30, 0x2e, 0x38, 0x2c, 0x20, 0x30, 0x2e, // ec3(0.4, 0.8, 0.
	0x35, 0x35, 0x29, 0x29, 0x20, 0x2b, 0x20, 0x31, 0x2e, 0x30, 0x29, 0x20, 0x2a, 0x20, 0x30, 0x2e, // 55)) + 1.0) * 0.
	0x35, 0x3b, 0x0a, 0x66, 0x6c, 0x6f, 0x61, 0x74, 0x20, 0x70, 0x61, 0x74, 0x74, 0x65, 0x72, 0x6e, // 5;.float pattern
	0x20, 0x3d, 0x20, 0x30, 0x2e, 0x30, 0x3b, 0x0a, 0x69, 0x66, 0x20, 0x28, 0x62, 0x72, 0x69, 0x67, //  = 0.0;.if (brig
	0x68, 0x74, 0x6e, 0x65, 0x73, 0x73, 0x20, 0x3c, 0x20, 0x30, 0x2e, 0x33, 0x29, 0x0a, 0x7b, 0x0a, // htness < 0.3).{.
	0x70, 0x61, 0x74, 0x74, 0x65, 0x72, 0x6e, 0x20, 0x2b, 0x3d, 0x20, 0x63, 0x61, 0x64, 0x5f, 0x68, // pattern += cad_h
	0x61, 0x74, 0x63, 0x68, 0x28, 0x75, 0x76, 0x2c, 0x20, 0x30, 0x2e, 0x30, 0x29, 0x20, 0x2a, 0x20, // atch(uv, 0.0) * 
	0x31, 0x2e, 0x35, 0x3b, 0x0a, 0x70, 0x61, 0x74, 0x74, 0x65, 0x72, 0x6e, 0x20, 0x2b, 0x3d, 0x20, // 1.5;.pattern += 
	0x63, 0x61, 0x64, 0x5f, 0x68, 0x61, 0x74, 0x63, 0x68, 0x28, 0x75, 0x76, 0x20, 0x2a, 0x20, 0x31, // cad_hatch(uv * 1
	0x2e, 0x35, 0x2c, 0x20, 0x31, 0x2e, 0x35, 0x37, 0x29, 0x20, 0x2a, 0x20, 0x31, 0x2e, 0x30, 0x3b, // .5, 1.57) * 1.0;
	0x0a, 0x7d, 0x0a, 0x65, 0x6c, 0x73, 0x65, 0x20, 0x69, 0x66, 0x20, 0x28, 0x62, 0x72, 0x69, 0x67, // .}.else if (brig
	0x68, 0x74, 0x6e, 0x65, 0x73, 0x73, 0x20, 0x3c, 0x20, 0x30, 0x2e, 0x37, 0x29, 0x0a, 0x7b, 0x0a, // htness < 0.7).{.
	0x70, 0x61, 0x74, 0x74, 0x65, 0x72, 0x6e, 0x20, 0x2b, 0x3d, 0x20, 0x63, 0x61, 0x64, 0x5f, 0x68, // pattern += cad_h
	0x61, 0x74, 0x63, 0x68, 0x28, 0x75, 0x76, 0x2c, 0x20, 0x30, 0x2e, 0x30, 0x29, 0x20, 0x2a, 0x20, // atch(uv, 0.0) * 
	0x30, 0x2e, 0x35, 0x3b, 0x0a, 0x7d, 0x0a, 0x70, 0x61, 0x74, 0x74, 0x65, 0x72, 0x6e, 0x20, 0x2b, // 0.5;.}.pattern +
	0x3d, 0x20, 0x28, 0x63, 0x61, 0x64, 0x5f, 0x6e, 0x6f, 0x69, 0x73, 0x65, 0x28, 0x75, 0x76, 0x20, // = (cad_noise(uv 
	0x2a, 0x20, 0x31, 0x30, 0x2e, 0x30, 0x29, 0x20, 0x2d, 0x20, 0x30, 0x2e, 0x35, 0x29, 0x20, 0x2a, // * 10.0) - 0.5) *
	0x20, 0x30, 0x2e, 0x31, 0x3b, 0x0a, 0x70, 0x61, 0x74, 0x74, 0x65, 0x72, 0x6e, 0x20, 0x2a, 0x3d, //  0.1;.pattern *=
	0x20, 0x73, 0x74, 0x72, 0x6f, 0x6b, 0x65, 0x44, 0x65, 0x6e, 0x73, 0x69, 0x74, 0x79, 0x3b, 0x0a, //  strokeDensity;.
	0x66, 0x6c, 0x6f, 0x61, 0x74, 0x20, 0x72, 0x69, 0x6d, 0x20, 0x3d, 0x20, 0x31, 0x2e, 0x30, 0x20, // float rim = 1.0 
	0x2d, 0x20, 0x6d, 0x61, 0x78, 0x28, 0x64, 0x6f, 0x74, 0x28, 0x6e, 0x2c, 0x20, 0x76, 0x29, 0x2c, // - max(dot(n, v),
	0x20, 0x30, 0x2e, 0x30, 0x29, 0x3b, 0x0a, 0x70, 0x61, 0x74, 0x74, 0x65, 0x72, 0x6e, 0x20, 0x2b, //  0.0);.pattern +
	0x3d, 0x20, 0x73, 0x6d, 0x6f, 0x6f, 0x74, 0x68, 0x73, 0x74, 0x65, 0x70, 0x28, 0x30, 0x2e, 0x34, // = smoothstep(0.4
	0x2c, 0x20, 0x30, 0x2e, 0x38, 0x2c, 0x20, 0x72, 0x69, 0x6d, 0x29, 0x20, 0x2a, 0x20, 0x30, 0x2e, // , 0.8, rim) * 0.
	0x35, 0x3b, 0x0a, 0x76, 0x65, 0x63, 0x33, 0x20, 0x63, 0x6f, 0x6c, 0x6f, 0x72, 0x20, 0x3d, 0x20, // 5;.vec3 color = 
	0x6d, 0x69, 0x78, 0x28, 0x76, 0x65, 0x63, 0x33, 0x28, 0x30, 0x2e, 0x39, 0x35, 0x2c, 0x20, 0x30, // mix(vec3(0.95, 0
	0x2e, 0x39, 0x31, 0x2c, 0x20, 0x30, 0x2e, 0x38, 0x33, 0x29, 0x2c, 0x0a, 0x76, 0x65, 0x63, 0x33, // .91, 0.83),.vec3
	0x28, 0x30, 0x2e, 0x31, 0x30, 0x2c, 0x20, 0x30, 0x2e, 0x31, 0x30, 0x2c, 0x20, 0x30, 0x2e, 0x31, // (0.10, 0.10, 0.1
	0x30, 0x29, 0x2c, 0x0a, 0x63, 0x6c, 0x61, 0x6d, 0x70, 0x28, 0x70, 0x61, 0x74, 0x74, 0x65, 0x72, // 0),.clamp(patter
	0x6e, 0x2c, 0x20, 0x30, 0x2e, 0x30, 0x2c, 0x20, 0x31, 0x2e, 0x30, 0x29, 0x29, 0x3b, 0x0a, 0x63, // n, 0.0, 1.0));.c
	0x6f, 0x6c, 0x6f, 0x72, 0x20, 0x2b, 0x3d, 0x20, 0x28, 0x63, 0x61, 0x64, 0x5f, 0x6e, 0x6f, 0x69, // olor += (cad_noi
	0x73, 0x65, 0x28, 0x77, 0x6f, 0x72, 0x6c, 0x64, 0x50, 0x6f, 0x73, 0x2e, 0x78, 0x7a, 0x20, 0x2a, // se(worldPos.xz *
	0x20, 0x35, 0x2e, 0x30, 0x29, 0x20, 0x2d, 0x20, 0x30, 0x2e, 0x35, 0x29, 0x20, 0x2a, 0x20, 0x30, //  5.0) - 0.5) * 0
	0x2e, 0x30, 0x35, 0x3b, 0x0a, 0x66, 0x6c, 0x6f, 0x61, 0x74, 0x20, 0x65, 0x64, 0x67, 0x65, 0x20, // .05;.float edge 
	0x3d, 0x20, 0x73, 0x6d, 0x6f, 0x6f, 0x74, 0x68, 0x73, 0x74, 0x65, 0x70, 0x28, 0x30, 0x2e, 0x35, // = smoothstep(0.5
	0x2c, 0x20, 0x30, 0x2e, 0x36, 0x2c, 0x20, 0x72, 0x69, 0x6d, 0x29, 0x3b, 0x0a, 0x72, 0x65, 0x74, // , 0.6, rim);.ret
	0x75, 0x72, 0x6e, 0x20, 0x6d, 0x69, 0x78, 0x28, 0x63, 0x6f, 0x6c, 0x6f, 0x72, 0x2c, 0x20, 0x76, // urn mix(color, v
	0x65, 0x63, 0x33, 0x28, 0x30, 0x2e, 0x31, 0x30, 0x2c, 0x20, 0x30, 0x2e, 0x31, 0x30, 0x2c, 0x20, // ec3(0.10, 0.10, 
	0x30, 0x2e, 0x31, 0x30, 0x29, 0x2c, 0x20, 0x65, 0x64, 0x67, 0x65, 0x20, 0x2a, 0x20, 0x30, 0x2e, // 0.10), edge * 0.
	0x38, 0x29, 0x3b, 0x0a, 0x7d, 0x0a, 0x76, 0x6f, 0x69, 0x64, 0x20, 0x6d, 0x61, 0x69, 0x6e, 0x28, // 8);.}.void main(
	0x29, 0x0a, 0x7b, 0x0a, 0x67, 0x6c, 0x5f, 0x46, 0x72, 0x61, 0x67, 0x44, 0x65, 0x70, 0x74, 0x68, // ).{.gl_FragDepth
	0x20, 0x3d, 0x20, 0x63, 0x61, 0x64, 0x5f, 0x6f, 0x75, 0x74, 0x70, 0x75, 0x74, 0x44, 0x65, 0x70, //  = cad_outputDep
	0x74, 0x68, 0x28, 0x67, 0x6c, 0x5f, 0x46, 0x72, 0x61, 0x67, 0x43, 0x6f, 0x6f, 0x72, 0x64, 0x2e, // th(gl_FragCoord.
	0x7a, 0x2c, 0x20, 0x76, 0x5f, 0x64, 0x65, 0x70, 0x74, 0x68, 0x29, 0x3b, 0x0a, 0x76, 0x65, 0x63, // z, v_depth);.vec
	0x33, 0x20, 0x6e, 0x20, 0x3d, 0x20, 0x6e, 0x6f, 0x72, 0x6d, 0x61, 0x6c, 0x69, 0x7a, 0x65, 0x28, // 3 n = normalize(
	0x76, 0x5f, 0x6e, 0x6f, 0x72, 0x6d, 0x61, 0x6c, 0x29, 0x3b, 0x0a, 0x69, 0x66, 0x20, 0x28, 0x75, // v_normal);.if (u
	0x5f, 0x66, 0x6c, 0x61, 0x74, 0x53, 0x68, 0x61, 0x64, 0x65, 0x2e, 0x78, 0x20, 0x3e, 0x20, 0x30, // _flatShade.x > 0
	0x2e, 0x35, 0x29, 0x0a, 0x7b, 0x0a, 0x76, 0x65, 0x63, 0x33, 0x20, 0x66, 0x6c, 0x61, 0x74, 0x4e, // .5).{.vec3 flatN
	0x6f, 0x72, 0x6d, 0x61, 0x6c, 0x20, 0x3d, 0x20, 0x6e, 0x6f, 0x72, 0x6d, 0x61, 0x6c, 0x69, 0x7a, // ormal = normaliz
	0x65, 0x28, 0x63, 0x72, 0x6f, 0x73, 0x73, 0x28, 0x64, 0x46, 0x64, 0x79, 0x28, 0x76, 0x5f, 0x77, // e(cross(dFdy(v_w
	0x6f, 0x72, 0x6c, 0x64, 0x50, 0x6f, 0x73, 0x29, 0x2c, 0x0a, 0x64, 0x46, 0x64, 0x78, 0x28, 0x76, // orldPos),.dFdx(v
	0x5f, 0x77, 0x6f, 0x72, 0x6c, 0x64, 0x50, 0x6f, 0x73, 0x29, 0x29, 0x29, 0x3b, 0x0a, 0x6e, 0x20, // _worldPos)));.n 
	0x3d, 0x20, 0x64, 0x6f, 0x74, 0x28, 0x66, 0x6c, 0x61, 0x74, 0x4e, 0x6f, 0x72, 0x6d, 0x61, 0x6c, // = dot(flatNormal
	0x2c, 0x20, 0x6e, 0x29, 0x20, 0x3c, 0x20, 0x30, 0x2e, 0x30, 0x20, 0x3f, 0x20, 0x2d, 0x66, 0x6c, // , n) < 0.0 ? -fl
	0x61, 0x74, 0x4e, 0x6f, 0x72, 0x6d, 0x61, 0x6c, 0x20, 0x3a, 0x20, 0x66, 0x6c, 0x61, 0x74, 0x4e, // atNormal : flatN
	0x6f, 0x72, 0x6d, 0x61, 0x6c, 0x3b, 0x0a, 0x7d, 0x0a, 0x76, 0x65, 0x63, 0x33, 0x20, 0x76, 0x20, // ormal;.}.vec3 v 
	0x3d, 0x20, 0x6e, 0x6f, 0x72, 0x6d, 0x61, 0x6c, 0x69, 0x7a, 0x65, 0x28, 0x76, 0x5f, 0x76, 0x69, // = normalize(v_vi
	0x65, 0x77, 0x29, 0x3b, 0x0a, 0x76, 0x65, 0x63, 0x33, 0x20, 0x6c, 0x20, 0x3d, 0x20, 0x6e, 0x6f, // ew);.vec3 l = no
	0x72, 0x6d, 0x61, 0x6c, 0x69, 0x7a, 0x65, 0x28, 0x75, 0x5f, 0x6c, 0x69, 0x67, 0x68, 0x74, 0x44, // rmalize(u_lightD
	0x69, 0x72, 0x2e, 0x78, 0x79, 0x7a, 0x29, 0x3b, 0x0a, 0x66, 0x6c, 0x6f, 0x61, 0x74, 0x20, 0x73, // ir.xyz);.float s
	0x74, 0x79, 0x6c, 0x65, 0x20, 0x3d, 0x20, 0x75, 0x5f, 0x73, 0x74, 0x79, 0x6c, 0x65, 0x50, 0x61, // tyle = u_stylePa
	0x72, 0x61, 0x6d, 0x73, 0x2e, 0x78, 0x3b, 0x0a, 0x66, 0x6c, 0x6f, 0x61, 0x74, 0x20, 0x6d, 0x65, // rams.x;.float me
	0x74, 0x61, 0x6c, 0x6c, 0x69, 0x63, 0x20, 0x3d, 0x20, 0x75, 0x5f, 0x73, 0x74, 0x79, 0x6c, 0x65, // tallic = u_style
	0x50, 0x61, 0x72, 0x61, 0x6d, 0x73, 0x2e, 0x79, 0x3b, 0x0a, 0x66, 0x6c, 0x6f, 0x61, 0x74, 0x20, // Params.y;.float 
	0x72, 0x6f, 0x75, 0x67, 0x68, 0x6e, 0x65, 0x73, 0x73, 0x20, 0x3d, 0x20, 0x63, 0x6c, 0x61, 0x6d, // roughness = clam
	0x70, 0x28, 0x75, 0x5f, 0x73, 0x74, 0x79, 0x6c, 0x65, 0x50, 0x61, 0x72, 0x61, 0x6d, 0x73, 0x2e, // p(u_styleParams.
	0x7a, 0x2c, 0x20, 0x30, 0x2e, 0x30, 0x33, 0x2c, 0x20, 0x31, 0x2e, 0x30, 0x29, 0x3b, 0x0a, 0x66, // z, 0.03, 1.0);.f
	0x6c, 0x6f, 0x61, 0x74, 0x20, 0x74, 0x72, 0x61, 0x6e, 0x73, 0x70, 0x61, 0x72, 0x65, 0x6e, 0x63, // loat transparenc
	0x79, 0x20, 0x3d, 0x20, 0x63, 0x6c, 0x61, 0x6d, 0x70, 0x28, 0x75, 0x5f, 0x73, 0x74, 0x79, 0x6c, // y = clamp(u_styl
	0x65, 0x50, 0x61, 0x72, 0x61, 0x6d, 0x73, 0x2e, 0x77, 0x2c, 0x20, 0x30, 0x2e, 0x30, 0x2c, 0x20, // eParams.w, 0.0, 
	0x31, 0x2e, 0x30, 0x29, 0x3b, 0x0a, 0x69, 0x66, 0x20, 0x28, 0x73, 0x74, 0x79, 0x6c, 0x65, 0x20, // 1.0);.if (style 
	0x3c, 0x20, 0x30, 0x2e, 0x35, 0x29, 0x0a, 0x7b, 0x0a, 0x76, 0x65, 0x63, 0x33, 0x20, 0x68, 0x20, // < 0.5).{.vec3 h 
	0x3d, 0x20, 0x6e, 0x6f, 0x72, 0x6d, 0x61, 0x6c, 0x69, 0x7a, 0x65, 0x28, 0x6c, 0x20, 0x2b, 0x20, // = normalize(l + 
	0x76, 0x29, 0x3b, 0x0a, 0x66, 0x6c, 0x6f, 0x61, 0x74, 0x20, 0x6e, 0x64, 0x66, 0x20, 0x3d, 0x20, // v);.float ndf = 
	0x63, 0x61, 0x64, 0x5f, 0x64, 0x69, 0x73, 0x74, 0x72, 0x69, 0x62, 0x75, 0x74, 0x69, 0x6f, 0x6e, // cad_distribution
	0x47, 0x47, 0x58, 0x28, 0x6e, 0x2c, 0x20, 0x68, 0x2c, 0x20, 0x72, 0x6f, 0x75, 0x67, 0x68, 0x6e, // GGX(n, h, roughn
	0x65, 0x73, 0x73, 0x29, 0x3b, 0x0a, 0x66, 0x6c, 0x6f, 0x61, 0x74, 0x20, 0x67, 0x20, 0x3d, 0x20, // ess);.float g = 
	0x63, 0x61, 0x64, 0x5f, 0x67, 0x65, 0x6f, 0x6d, 0x65, 0x74, 0x72, 0x79, 0x53, 0x6d, 0x69, 0x74, // cad_geometrySmit
	0x68, 0x28, 0x6e, 0x2c, 0x20, 0x76, 0x2c, 0x20, 0x6c, 0x2c, 0x20, 0x72, 0x6f, 0x75, 0x67, 0x68, // h(n, v, l, rough
	0x6e, 0x65, 0x73, 0x73, 0x29, 0x3b, 0x0a, 0x76, 0x65, 0x63, 0x33, 0x20, 0x66, 0x30, 0x20, 0x3d, // ness);.vec3 f0 =
	0x20, 0x6d, 0x69, 0x78, 0x28, 0x76, 0x65, 0x63, 0x33, 0x5f, 0x73, 0x70, 0x6c, 0x61, 0x74, 0x28, //  mix(vec3_splat(
	0x30, 0x2e, 0x30, 0x34, 0x29, 0x2c, 0x0a, 0x28, 0x75, 0x5f, 0x62, 0x61, 0x73, 0x65, 0x43, 0x6f, // 0.04),.(u_baseCo
	0x6c, 0x6f, 0x72, 0x2e, 0x72, 0x67, 0x62, 0x20, 0x2a, 0x20, 0x76, 0x5f, 0x63, 0x6f, 0x6c, 0x6f, // lor.rgb * v_colo
	0x72, 0x30, 0x2e, 0x72, 0x67, 0x62, 0x29, 0x2c, 0x20, 0x6d, 0x65, 0x74, 0x61, 0x6c, 0x6c, 0x69, // r0.rgb), metalli
	0x63, 0x29, 0x3b, 0x0a, 0x76, 0x65, 0x63, 0x33, 0x20, 0x66, 0x20, 0x3d, 0x20, 0x63, 0x61, 0x64, // c);.vec3 f = cad
	0x5f, 0x66, 0x72, 0x65, 0x73, 0x6e, 0x65, 0x6c, 0x53, 0x63, 0x68, 0x6c, 0x69, 0x63, 0x6b, 0x28, // _fresnelSchlick(
	0x6d, 0x61, 0x78, 0x28, 0x64, 0x6f, 0x74, 0x28, 0x68, 0x2c, 0x20, 0x76, 0x29, 0x2c, 0x20, 0x30, // max(dot(h, v), 0
	0x2e, 0x30, 0x29, 0x2c, 0x20, 0x66, 0x30, 0x29, 0x3b, 0x0a, 0x76, 0x65, 0x63, 0x33, 0x20, 0x6b, // .0), f0);.vec3 k
	0x73, 0x20, 0x3d, 0x20, 0x66, 0x3b, 0x0a, 0x76, 0x65, 0x63, 0x33, 0x20, 0x6b, 0x64, 0x20, 0x3d, // s = f;.vec3 kd =
	0x20, 0x28, 0x31, 0x2e, 0x30, 0x20, 0x2d, 0x20, 0x6b, 0x73, 0x29, 0x20, 0x2a, 0x20, 0x28, 0x31, //  (1.0 - ks) * (1
	0x2e, 0x30, 0x20, 0x2d, 0x20, 0x6d, 0x65, 0x74, 0x61, 0x6c, 0x6c, 0x69, 0x63, 0x29, 0x3b, 0x0a, // .0 - metallic);.
	0x76, 0x65, 0x63, 0x33, 0x20, 0x73, 0x70, 0x65, 0x63, 0x75, 0x6c, 0x61, 0x72, 0x20, 0x3d, 0x20, // vec3 specular = 
	0x28, 0x6e, 0x64, 0x66, 0x20, 0x2a, 0x20, 0x67, 0x20, 0x2a, 0x20, 0x66, 0x29, 0x20, 0x2f, 0x0a, // (ndf * g * f) /.
	0x6d, 0x61, 0x78, 0x28, 0x34, 0x2e, 0x30, 0x20, 0x2a, 0x20, 0x6d, 0x61, 0x78, 0x28, 0x64, 0x6f, // max(4.0 * max(do
	0x74, 0x28, 0x6e, 0x2c, 0x20, 0x76, 0x29, 0x2c, 0x20, 0x30, 0x2e, 0x30, 0x29, 0x20, 0x2a, 0x20, // t(n, v), 0.0) * 
	0x6d, 0x61, 0x78, 0x28, 0x64, 0x6f, 0x74, 0x28, 0x6e, 0x2c, 0x20, 0x6c, 0x29, 0x2c, 0x20, 0x30, // max(dot(n, l), 0
	0x2e, 0x30, 0x30, 0x31, 0x29, 0x2c, 0x20, 0x30, 0x2e, 0x30, 0x30, 0x31, 0x29, 0x3b, 0x0a, 0x76, // .001), 0.001);.v
	0x65, 0x63, 0x33, 0x20, 0x63, 0x6f, 0x6c, 0x6f, 0x72, 0x20, 0x3d, 0x20, 0x76, 0x65, 0x63, 0x33, // ec3 color = vec3
	0x5f, 0x73, 0x70, 0x6c, 0x61, 0x74, 0x28, 0x30, 0x2e, 0x30, 0x33, 0x29, 0x20, 0x2a, 0x20, 0x28, // _splat(0.03) * (
	0x75, 0x5f, 0x62, 0x61, 0x73, 0x65, 0x43, 0x6f, 0x6c, 0x6f, 0x72, 0x2e, 0x72, 0x67, 0x62, 0x20, // u_baseColor.rgb 
	0x2a, 0x20, 0x76, 0x5f, 0x63, 0x6f, 0x6c, 0x6f, 0x72, 0x30, 0x2e, 0x72, 0x67, 0x62, 0x29, 0x20, // * v_color0.rgb) 
	0x2b, 0x0a, 0x28, 0x6b, 0x64, 0x20, 0x2a, 0x20, 0x28, 0x75, 0x5f, 0x62, 0x61, 0x73, 0x65, 0x43, // +.(kd * (u_baseC
	0x6f, 0x6c, 0x6f, 0x72, 0x2e, 0x72, 0x67, 0x62, 0x20, 0x2a, 0x20, 0x76, 0x5f, 0x63, 0x6f, 0x6c, // olor.rgb * v_col
	0x6f, 0x72, 0x30, 0x2e, 0x72, 0x67, 0x62, 0x29, 0x20, 0x2f, 0x20, 0x33, 0x2e, 0x31, 0x34, 0x31, // or0.rgb) / 3.141
	0x35, 0x39, 0x32, 0x36, 0x35, 0x20, 0x2b, 0x0a, 0x73, 0x70, 0x65, 0x63, 0x75, 0x6c, 0x61, 0x72, // 59265 +.specular
	0x29, 0x20, 0x2a, 0x20, 0x63, 0x61, 0x64, 0x5f, 0x6c, 0x61, 0x6d, 0x62, 0x65, 0x72, 0x74, 0x28, // ) * cad_lambert(
	0x6e, 0x2c, 0x20, 0x6c, 0x29, 0x3b, 0x0a, 0x63, 0x6f, 0x6c, 0x6f, 0x72, 0x20, 0x3d, 0x20, 0x63, // n, l);.color = c
	0x6f, 0x6c, 0x6f, 0x72, 0x20, 0x2f, 0x20, 0x28, 0x63, 0x6f, 0x6c, 0x6f, 0x72, 0x20, 0x2b, 0x20, // olor / (color + 
	0x76, 0x65, 0x63, 0x33, 0x5f, 0x73, 0x70, 0x6c, 0x61, 0x74, 0x28, 0x31, 0x2e, 0x30, 0x29, 0x29, // vec3_splat(1.0))
	0x3b, 0x0a, 0x62, 0x67, 0x66, 0x78, 0x5f, 0x46, 0x72, 0x61, 0x67, 0x43, 0x6f, 0x6c, 0x6f, 0x72, // ;.bgfx_FragColor
	0x20, 0x3d, 0x20, 0x76, 0x65, 0x63, 0x34, 0x28, 0x70, 0x6f, 0x77, 0x28, 0x63, 0x6f, 0x6c, 0x6f, //  = vec4(pow(colo
	0x72, 0x2c, 0x20, 0x76, 0x65, 0x63, 0x33, 0x5f, 0x73, 0x70, 0x6c, 0x61, 0x74, 0x28, 0x31, 0x2e, // r, vec3_splat(1.
	0x30, 0x20, 0x2f, 0x20, 0x32, 0x2e, 0x32, 0x29, 0x29, 0x2c, 0x0a, 0x28, 0x75, 0x5f, 0x62, 0x61, // 0 / 2.2)),.(u_ba
	0x73, 0x65, 0x43, 0x6f, 0x6c, 0x6f, 0x72, 0x2e, 0x61, 0x20, 0x2a, 0x20, 0x76, 0x5f, 0x63, 0x6f, // seColor.a * v_co
	0x6c, 0x6f, 0x72, 0x30, 0x2e, 0x61, 0x29, 0x29, 0x3b, 0x0a, 0x7d, 0x0a, 0x65, 0x6c, 0x73, 0x65, // lor0.a));.}.else
	0x20, 0x69, 0x66, 0x20, 0x28, 0x73, 0x74, 0x79, 0x6c, 0x65, 0x20, 0x3c, 0x20, 0x31, 0x2e, 0x35, //  if (style < 1.5
	0x29, 0x0a, 0x7b, 0x0a, 0x62, 0x67, 0x66, 0x78, 0x5f, 0x46, 0x72, 0x61, 0x67, 0x43, 0x6f, 0x6c, // ).{.bgfx_FragCol
	0x6f, 0x72, 0x20, 0x3d, 0x20, 0x76, 0x65, 0x63, 0x34, 0x28, 0x63, 0x61, 0x64, 0x5f, 0x63, 0x6f, // or = vec4(cad_co
	0x6e, 0x63, 0x65, 0x70, 0x74, 0x75, 0x61, 0x6c, 0x4c, 0x69, 0x67, 0x68, 0x74, 0x69, 0x6e, 0x67, // nceptualLighting
	0x28, 0x6e, 0x2c, 0x20, 0x6c, 0x2c, 0x20, 0x76, 0x2c, 0x20, 0x32, 0x2e, 0x30, 0x29, 0x2c, 0x0a, // (n, l, v, 2.0),.
	0x28, 0x75, 0x5f, 0x62, 0x61, 0x73, 0x65, 0x43, 0x6f, 0x6c, 0x6f, 0x72, 0x2e, 0x61, 0x20, 0x2a, // (u_baseColor.a *
	0x20, 0x76, 0x5f, 0x63, 0x6f, 0x6c, 0x6f, 0x72, 0x30, 0x2e, 0x61, 0x29, 0x29, 0x3b, 0x0a, 0x7d, //  v_color0.a));.}
	0x0a, 0x65, 0x6c, 0x73, 0x65, 0x20, 0x69, 0x66, 0x20, 0x28, 0x73, 0x74, 0x79, 0x6c, 0x65, 0x20, // .else if (style 
	0x3c, 0x20, 0x32, 0x2e, 0x35, 0x29, 0x0a, 0x7b, 0x0a, 0x64, 0x69, 0x73, 0x63, 0x61, 0x72, 0x64, // < 2.5).{.discard
	0x3b, 0x0a, 0x7d, 0x0a, 0x65, 0x6c, 0x73, 0x65, 0x20, 0x69, 0x66, 0x20, 0x28, 0x73, 0x74, 0x79, // ;.}.else if (sty
	0x6c, 0x65, 0x20, 0x3c, 0x20, 0x33, 0x2e, 0x35, 0x29, 0x0a, 0x7b, 0x0a, 0x76, 0x65, 0x63, 0x33, // le < 3.5).{.vec3
	0x20, 0x63, 0x6f, 0x6c, 0x6f, 0x72, 0x20, 0x3d, 0x20, 0x28, 0x75, 0x5f, 0x62, 0x61, 0x73, 0x65, //  color = (u_base
	0x43, 0x6f, 0x6c, 0x6f, 0x72, 0x2e, 0x72, 0x67, 0x62, 0x20, 0x2a, 0x20, 0x76, 0x5f, 0x63, 0x6f, // Color.rgb * v_co
	0x6c, 0x6f, 0x72, 0x30, 0x2e, 0x72, 0x67, 0x62, 0x29, 0x20, 0x2a, 0x0a, 0x28, 0x30, 0x2e, 0x31, // lor0.rgb) *.(0.1
	0x20, 0x2b, 0x20, 0x63, 0x61, 0x64, 0x5f, 0x6c, 0x61, 0x6d, 0x62, 0x65, 0x72, 0x74, 0x28, 0x6e, //  + cad_lambert(n
	0x2c, 0x20, 0x6c, 0x29, 0x29, 0x3b, 0x0a, 0x63, 0x6f, 0x6c, 0x6f, 0x72, 0x20, 0x2b, 0x3d, 0x20, // , l));.color += 
	0x76, 0x65, 0x63, 0x33, 0x5f, 0x73, 0x70, 0x6c, 0x61, 0x74, 0x28, 0x63, 0x61, 0x64, 0x5f, 0x62, // vec3_splat(cad_b
	0x6c, 0x69, 0x6e, 0x6e, 0x50, 0x68, 0x6f, 0x6e, 0x67, 0x28, 0x6e, 0x2c, 0x20, 0x6c, 0x2c, 0x20, // linnPhong(n, l, 
	0x76, 0x2c, 0x20, 0x33, 0x32, 0x2e, 0x30, 0x29, 0x20, 0x2a, 0x20, 0x30, 0x2e, 0x35, 0x29, 0x3b, // v, 32.0) * 0.5);
	0x0a, 0x66, 0x6c, 0x6f, 0x61, 0x74, 0x20, 0x67, 0x72, 0x61, 0x79, 0x20, 0x3d, 0x20, 0x64, 0x6f, // .float gray = do
	0x74, 0x28, 0x63, 0x6f, 0x6c, 0x6f, 0x72, 0x2c, 0x20, 0x76, 0x65, 0x63, 0x33, 0x28, 0x30, 0x2e, // t(color, vec3(0.
	0x32, 0x39, 0x39, 0x2c, 0x20, 0x30, 0x2e, 0x35, 0x38, 0x37, 0x2c, 0x20, 0x30, 0x2e, 0x31, 0x31, // 299, 0.587, 0.11
	0x34, 0x29, 0x29, 0x3b, 0x0a, 0x62, 0x67, 0x66, 0x78, 0x5f, 0x46, 0x72, 0x61, 0x67, 0x43, 0x6f, // 4));.bgfx_FragCo
	0x6c, 0x6f, 0x72, 0x20, 0x3d, 0x20, 0x76, 0x65, 0x63, 0x34, 0x28, 0x76, 0x65, 0x63, 0x33, 0x5f, // lor = vec4(vec3_
	0x73, 0x70, 0x6c, 0x61, 0x74, 0x28, 0x67, 0x72, 0x61, 0x79, 0x29, 0x2c, 0x20, 0x28, 0x75, 0x5f, // splat(gray), (u_
	0x62, 0x61, 0x73, 0x65, 0x43, 0x6f, 0x6c, 0x6f, 0x72, 0x2e, 0x61, 0x20, 0x2a, 0x20, 0x76, 0x5f, // baseColor.a * v_
	0x63, 0x6f, 0x6c, 0x6f, 0x72, 0x30, 0x2e, 0x61, 0x29, 0x29, 0x3b, 0x0a, 0x7d, 0x0a, 0x65, 0x6c, // color0.a));.}.el
	0x73, 0x65, 0x20, 0x69, 0x66, 0x20, 0x28, 0x73, 0x74, 0x79, 0x6c, 0x65, 0x20, 0x3c, 0x20, 0x34, // se if (style < 4
	0x2e, 0x35, 0x29, 0x0a, 0x7b, 0x0a, 0x76, 0x65, 0x63, 0x33, 0x20, 0x63, 0x6f, 0x6c, 0x6f, 0x72, // .5).{.vec3 color
	0x20, 0x3d, 0x20, 0x28, 0x75, 0x5f, 0x62, 0x61, 0x73, 0x65, 0x43, 0x6f, 0x6c, 0x6f, 0x72, 0x2e, //  = (u_baseColor.
	0x72, 0x67, 0x62, 0x20, 0x2a, 0x20, 0x76, 0x5f, 0x63, 0x6f, 0x6c, 0x6f, 0x72, 0x30, 0x2e, 0x72, // rgb * v_color0.r
	0x67, 0x62, 0x29, 0x20, 0x2a, 0x0a, 0x28, 0x30, 0x2e, 0x31, 0x20, 0x2b, 0x20, 0x63, 0x61, 0x64, // gb) *.(0.1 + cad
	0x5f, 0x6c, 0x61, 0x6d, 0x62, 0x65, 0x72, 0x74, 0x28, 0x6e, 0x2c, 0x20, 0x6c, 0x29, 0x29, 0x3b, // _lambert(n, l));
	0x0a, 0x63, 0x6f, 0x6c, 0x6f, 0x72, 0x20, 0x2b, 0x3d, 0x20, 0x76, 0x65, 0x63, 0x33, 0x5f, 0x73, // .color += vec3_s
	0x70, 0x6c, 0x61, 0x74, 0x28, 0x63, 0x61, 0x64, 0x5f, 0x62, 0x6c, 0x69, 0x6e, 0x6e, 0x50, 0x68, // plat(cad_blinnPh
	0x6f, 0x6e, 0x67, 0x28, 0x6e, 0x2c, 0x20, 0x6c, 0x2c, 0x20, 0x76, 0x2c, 0x20, 0x33, 0x32, 0x2e, // ong(n, l, v, 32.
	0x30, 0x29, 0x20, 0x2a, 0x20, 0x30, 0x2e, 0x35, 0x29, 0x3b, 0x0a, 0x63, 0x6f, 0x6c, 0x6f, 0x72, // 0) * 0.5);.color
	0x20, 0x3d, 0x20, 0x63, 0x6f, 0x6c, 0x6f, 0x72, 0x20, 0x2f, 0x20, 0x28, 0x63, 0x6f, 0x6c, 0x6f, //  = color / (colo
	0x72, 0x20, 0x2b, 0x20, 0x76, 0x65, 0x63, 0x33, 0x5f, 0x73, 0x70, 0x6c, 0x61, 0x74, 0x28, 0x31, // r + vec3_splat(1
	0x2e, 0x30, 0x29, 0x29, 0x3b, 0x0a, 0x62, 0x67, 0x66, 0x78, 0x5f, 0x46, 0x72, 0x61, 0x67, 0x43, // .0));.bgfx_FragC
	0x6f, 0x6c, 0x6f, 0x72, 0x20, 0x3d, 0x20, 0x76, 0x65, 0x63, 0x34, 0x28, 0x70, 0x6f, 0x77, 0x28, // olor = vec4(pow(
	0x63, 0x6f, 0x6c, 0x6f, 0x72, 0x2c, 0x20, 0x76, 0x65, 0x63, 0x33, 0x5f, 0x73, 0x70, 0x6c, 0x61, // color, vec3_spla
	0x74, 0x28, 0x31, 0x2e, 0x30, 0x20, 0x2f, 0x20, 0x32, 0x2e, 0x32, 0x29, 0x29, 0x2c, 0x0a, 0x28, // t(1.0 / 2.2)),.(
	0x75, 0x5f, 0x62, 0x61, 0x73, 0x65, 0x43, 0x6f, 0x6c, 0x6f, 0x72, 0x2e, 0x61, 0x20, 0x2a, 0x20, // u_baseColor.a * 
	0x76, 0x5f, 0x63, 0x6f, 0x6c, 0x6f, 0x72, 0x30, 0x2e, 0x61, 0x29, 0x29, 0x3b, 0x0a, 0x7d, 0x0a, // v_color0.a));.}.
	0x65, 0x6c, 0x73, 0x65, 0x20, 0x69, 0x66, 0x20, 0x28, 0x73, 0x74, 0x79, 0x6c, 0x65, 0x20, 0x3c, // else if (style <
	0x20, 0x35, 0x2e, 0x35, 0x29, 0x0a, 0x7b, 0x0a, 0x62, 0x67, 0x66, 0x78, 0x5f, 0x46, 0x72, 0x61, //  5.5).{.bgfx_Fra
	0x67, 0x43, 0x6f, 0x6c, 0x6f, 0x72, 0x20, 0x3d, 0x20, 0x76, 0x65, 0x63, 0x34, 0x28, 0x0a, 0x63, // gColor = vec4(.c
	0x61, 0x64, 0x5f, 0x73, 0x6b, 0x65, 0x74, 0x63, 0x68, 0x45, 0x66, 0x66, 0x65, 0x63, 0x74, 0x28, // ad_sketchEffect(
	0x76, 0x5f, 0x77, 0x6f, 0x72, 0x6c, 0x64, 0x50, 0x6f, 0x73, 0x2c, 0x20, 0x6e, 0x2c, 0x20, 0x76, // v_worldPos, n, v
	0x2c, 0x20, 0x75, 0x5f, 0x73, 0x74, 0x72, 0x6f, 0x6b, 0x65, 0x50, 0x61, 0x72, 0x61, 0x6d, 0x73, // , u_strokeParams
	0x2e, 0x79, 0x29, 0x2c, 0x20, 0x31, 0x2e, 0x30, 0x29, 0x3b, 0x0a, 0x7d, 0x0a, 0x65, 0x6c, 0x73, // .y), 1.0);.}.els
	0x65, 0x20, 0x69, 0x66, 0x20, 0x28, 0x73, 0x74, 0x79, 0x6c, 0x65, 0x20, 0x3c, 0x20, 0x36, 0x2e, // e if (style < 6.
	0x35, 0x29, 0x0a, 0x7b, 0x0a, 0x76, 0x65, 0x63, 0x33, 0x20, 0x63, 0x6f, 0x6c, 0x6f, 0x72, 0x20, // 5).{.vec3 color 
	0x3d, 0x20, 0x63, 0x61, 0x64, 0x5f, 0x77, 0x69, 0x72, 0x65, 0x66, 0x72, 0x61, 0x6d, 0x65, 0x4c, // = cad_wireframeL
	0x69, 0x67, 0x68, 0x74, 0x69, 0x6e, 0x67, 0x28, 0x6e, 0x2c, 0x20, 0x76, 0x2c, 0x20, 0x75, 0x5f, // ighting(n, v, u_
	0x77, 0x69, 0x72, 0x65, 0x66, 0x72, 0x61, 0x6d, 0x65, 0x43, 0x6f, 0x6c, 0x6f, 0x72, 0x2e, 0x72, // wireframeColor.r
	0x67, 0x62, 0x2c, 0x20, 0x32, 0x2e, 0x30, 0x29, 0x3b, 0x0a, 0x76, 0x65, 0x63, 0x33, 0x20, 0x64, // gb, 2.0);.vec3 d
	0x20, 0x3d, 0x20, 0x66, 0x77, 0x69, 0x64, 0x74, 0x68, 0x28, 0x76, 0x5f, 0x62, 0x61, 0x72, 0x79, //  = fwidth(v_bary
	0x29, 0x3b, 0x0a, 0x76, 0x65, 0x63, 0x33, 0x20, 0x61, 0x33, 0x20, 0x3d, 0x20, 0x73, 0x6d, 0x6f, // );.vec3 a3 = smo
	0x6f, 0x74, 0x68, 0x73, 0x74, 0x65, 0x70, 0x28, 0x76, 0x65, 0x63, 0x33, 0x5f, 0x73, 0x70, 0x6c, // othstep(vec3_spl
	0x61, 0x74, 0x28, 0x30, 0x2e, 0x30, 0x29, 0x2c, 0x20, 0x64, 0x20, 0x2a, 0x20, 0x31, 0x2e, 0x32, // at(0.0), d * 1.2
	0x2c, 0x20, 0x76, 0x5f, 0x62, 0x61, 0x72, 0x79, 0x29, 0x3b, 0x0a, 0x66, 0x6c, 0x6f, 0x61, 0x74, // , v_bary);.float
	0x20, 0x69, 0x6e, 0x74, 0x65, 0x72, 0x69, 0x6f, 0x72, 0x20, 0x3d, 0x20, 0x6d, 0x69, 0x6e, 0x28, //  interior = min(
	0x6d, 0x69, 0x6e, 0x28, 0x61, 0x33, 0x2e, 0x78, 0x2c, 0x20, 0x61, 0x33, 0x2e, 0x79, 0x29, 0x2c, // min(a3.x, a3.y),
	0x20, 0x61, 0x33, 0x2e, 0x7a, 0x29, 0x3b, 0x0a, 0x66, 0x6c, 0x6f, 0x61, 0x74, 0x20, 0x65, 0x64, //  a3.z);.float ed
	0x67, 0x65, 0x20, 0x3d, 0x20, 0x31, 0x2e, 0x30, 0x20, 0x2d, 0x20, 0x69, 0x6e, 0x74, 0x65, 0x72, // ge = 1.0 - inter
	0x69, 0x6f, 0x72, 0x3b, 0x0a, 0x63, 0x6f, 0x6c, 0x6f, 0x72, 0x20, 0x3d, 0x20, 0x6d, 0x69, 0x78, // ior;.color = mix
	0x28, 0x63, 0x6f, 0x6c, 0x6f, 0x72, 0x2c, 0x20, 0x75, 0x5f, 0x77, 0x69, 0x72, 0x65, 0x66, 0x72, // (color, u_wirefr
	0x61, 0x6d, 0x65, 0x43, 0x6f, 0x6c, 0x6f, 0x72, 0x2e, 0x72, 0x67, 0x62, 0x2c, 0x20, 0x65, 0x64, // ameColor.rgb, ed
	0x67, 0x65, 0x29, 0x3b, 0x0a, 0x62, 0x67, 0x66, 0x78, 0x5f, 0x46, 0x72, 0x61, 0x67, 0x43, 0x6f, // ge);.bgfx_FragCo
	0x6c, 0x6f, 0x72, 0x20, 0x3d, 0x20, 0x76, 0x65, 0x63, 0x34, 0x28, 0x63, 0x6f, 0x6c, 0x6f, 0x72, // lor = vec4(color
	0x2c, 0x20, 0x28, 0x75, 0x5f, 0x62, 0x61, 0x73, 0x65, 0x43, 0x6f, 0x6c, 0x6f, 0x72, 0x2e, 0x61, // , (u_baseColor.a
	0x20, 0x2a, 0x20, 0x76, 0x5f, 0x63, 0x6f, 0x6c, 0x6f, 0x72, 0x30, 0x2e, 0x61, 0x29, 0x29, 0x3b, //  * v_color0.a));
	0x0a, 0x7d, 0x0a, 0x65, 0x6c, 0x73, 0x65, 0x20, 0x69, 0x66, 0x20, 0x28, 0x73, 0x74, 0x79, 0x6c, // .}.else if (styl
	0x65, 0x20, 0x3c, 0x20, 0x37, 0x2e, 0x35, 0x29, 0x0a, 0x7b, 0x0a, 0x66, 0x6c, 0x6f, 0x61, 0x74, // e < 7.5).{.float
	0x20, 0x64, 0x65, 0x70, 0x74, 0x68, 0x54, 0x20, 0x3d, 0x20, 0x63, 0x61, 0x64, 0x5f, 0x6f, 0x75, //  depthT = cad_ou
	0x74, 0x70, 0x75, 0x74, 0x44, 0x65, 0x70, 0x74, 0x68, 0x28, 0x67, 0x6c, 0x5f, 0x46, 0x72, 0x61, // tputDepth(gl_Fra
	0x67, 0x43, 0x6f, 0x6f, 0x72, 0x64, 0x2e, 0x7a, 0x2c, 0x20, 0x76, 0x5f, 0x64, 0x65, 0x70, 0x74, // gCoord.z, v_dept
	0x68, 0x29, 0x3b, 0x0a, 0x62, 0x67, 0x66, 0x78, 0x5f, 0x46, 0x72, 0x61, 0x67, 0x43, 0x6f, 0x6c, // h);.bgfx_FragCol
	0x6f, 0x72, 0x20, 0x3d, 0x20, 0x76, 0x65, 0x63, 0x34, 0x28, 0x76, 0x65, 0x63, 0x33, 0x5f, 0x73, // or = vec4(vec3_s
	0x70, 0x6c, 0x61, 0x74, 0x28, 0x31, 0x2e, 0x30, 0x20, 0x2d, 0x20, 0x64, 0x65, 0x70, 0x74, 0x68, // plat(1.0 - depth
	0x54, 0x29, 0x2c, 0x20, 0x31, 0x2e, 0x30, 0x29, 0x3b, 0x0a, 0x7d, 0x0a, 0x65, 0x6c, 0x73, 0x65, // T), 1.0);.}.else
	0x0a, 0x7b, 0x0a, 0x62, 0x67, 0x66, 0x78, 0x5f, 0x46, 0x72, 0x61, 0x67, 0x43, 0x6f, 0x6c, 0x6f, // .{.bgfx_FragColo
	0x72, 0x20, 0x3d, 0x20, 0x63, 0x61, 0x64, 0x5f, 0x78, 0x72, 0x61, 0x79, 0x45, 0x66, 0x66, 0x65, // r = cad_xrayEffe
	0x63, 0x74, 0x28, 0x75, 0x5f, 0x62, 0x61, 0x73, 0x65, 0x43, 0x6f, 0x6c, 0x6f, 0x72, 0x2c, 0x20, // ct(u_baseColor, 
	0x6e, 0x2c, 0x20, 0x76, 0x2c, 0x20, 0x76, 0x5f, 0x77, 0x6f, 0x72, 0x6c, 0x64, 0x50, 0x6f, 0x73, // n, v, v_worldPos
	0x2c, 0x0a, 0x74, 0x72, 0x61, 0x6e, 0x73, 0x70, 0x61, 0x72, 0x65, 0x6e, 0x63, 0x79, 0x29, 0x3b, // ,.transparency);
	0x0a, 0x7d, 0x0a, 0x7d, 0x0a, 0x00,                                                             // .}.}..
};
