// Auto-generated shader header. Do not edit.
// Source: fs_pbr_mesh.sc
#pragma once
#include <cstdint>

static const uint8_t fs_pbr_mesh_spv[7079] =
{
	0x46, 0x53, 0x48, 0x0b, 0x0a, 0x14, 0x48, 0x0f, 0x00, 0x00, 0x00, 0x00, 0x09, 0x00, 0x09, 0x75, // FSH...H........u
	0x4c, 0x6f, 0x67, 0x44, 0x65, 0x70, 0x74, 0x68, 0x12, 0x01, 0x00, 0x00, 0x01, 0x00, 0x00, 0x00, // LogDepth........
	0x00, 0x00, 0x0c, 0x75, 0x5f, 0x72, 0x44, 0x69, 0x72, 0x65, 0x63, 0x74, 0x69, 0x6f, 0x6e, 0x12, // ...u_rDirection.
	0x01, 0x30, 0x00, 0x01, 0x00, 0x00, 0x00, 0x00, 0x00, 0x0a, 0x75, 0x5f, 0x6d, 0x61, 0x74, 0x65, // .0........u_mate
	0x72, 0x69, 0x61, 0x6c, 0x12, 0x01, 0x10, 0x00, 0x01, 0x00, 0x00, 0x00, 0x00, 0x00, 0x0a, 0x75, // rial...........u
	0x5f, 0x72, 0x41, 0x6d, 0x62, 0x69, 0x65, 0x6e, 0x74, 0x12, 0x01, 0x20, 0x00, 0x01, 0x00, 0x00, // _rAmbient.. ....
	0x00, 0x00, 0x00, 0x11, 0x75, 0x5f, 0x72, 0x44, 0x69, 0x72, 0x65, 0x63, 0x74, 0x69, 0x6f, 0x6e, // ....u_rDirection
	0x43, 0x6f, 0x6c, 0x6f, 0x72, 0x12, 0x01, 0x40, 0x00, 0x01, 0x00, 0x00, 0x00, 0x00, 0x00, 0x09, // Color..@........
	0x75, 0x5f, 0x72, 0x50, 0x61, 0x72, 0x61, 0x6d, 0x73, 0x12, 0x01, 0xd0, 0x00, 0x01, 0x00, 0x00, // u_rParams.......
	0x00, 0x00, 0x00, 0x11, 0x75, 0x5f, 0x72, 0x50, 0x6f, 0x69, 0x6e, 0x74, 0x50, 0x6f, 0x73, 0x69, // ....u_rPointPosi
	0x74, 0x69, 0x6f, 0x6e, 0x73, 0x12, 0x04, 0x50, 0x00, 0x04, 0x00, 0x00, 0x00, 0x00, 0x00, 0x0e, // tions..P........
	0x75, 0x5f, 0x72, 0x50, 0x6f, 0x69, 0x6e, 0x74, 0x43, 0x6f, 0x6c, 0x6f, 0x72, 0x73, 0x12, 0x04, // u_rPointColors..
	0x90, 0x00, 0x04, 0x00, 0x00, 0x00, 0x00, 0x00, 0x08, 0x73, 0x5f, 0x61, 0x6c, 0x62, 0x65, 0x64, // .........s_albed
	0x6f, 0x30, 0x00, 0x02, 0x00, 0x00, 0x00, 0x00, 0x02, 0x26, 0x00, 0xc4, 0x1a, 0x00, 0x00, 0x03, // o0.......&......
	0x02, 0x23, 0x07, 0x00, 0x00, 0x01, 0x00, 0x0b, 0x00, 0x08, 0x00, 0xd6, 0x04, 0x00, 0x00, 0x00, // .#..............
	0x00, 0x00, 0x00, 0x11, 0x00, 0x02, 0x00, 0x01, 0x00, 0x00, 0x00, 0x0b, 0x00, 0x06, 0x00, 0x01, // ................
	0x00, 0x00, 0x00, 0x47, 0x4c, 0x53, 0x4c, 0x2e, 0x73, 0x74, 0x64, 0x2e, 0x34, 0x35, 0x30, 0x00, // ...GLSL.std.450.
	0x00, 0x00, 0x00, 0x0e, 0x00, 0x03, 0x00, 0x00, 0x00, 0x00, 0x00, 0x01, 0x00, 0x00, 0x00, 0x0f, // ................
	0x00, 0x0d, 0x00, 0x04, 0x00, 0x00, 0x00, 0x04, 0x00, 0x00, 0x00, 0x6d, 0x61, 0x69, 0x6e, 0x00, // ...........main.
	0x00, 0x00, 0x00, 0x26, 0x02, 0x00, 0x00, 0x29, 0x02, 0x00, 0x00, 0x2d, 0x02, 0x00, 0x00, 0x31, // ...&...)...-...1
	0x02, 0x00, 0x00, 0x35, 0x02, 0x00, 0x00, 0x38, 0x02, 0x00, 0x00, 0x4e, 0x02, 0x00, 0x00, 0x51, // ...5...8...N...Q
	0x02, 0x00, 0x00, 0x10, 0x00, 0x03, 0x00, 0x04, 0x00, 0x00, 0x00, 0x07, 0x00, 0x00, 0x00, 0x10, // ................
	0x00, 0x03, 0x00, 0x04, 0x00, 0x00, 0x00, 0x0c, 0x00, 0x00, 0x00, 0x03, 0x00, 0x03, 0x00, 0x05, // ................
	0x00, 0x00, 0x00, 0xf4, 0x01, 0x00, 0x00, 0x05, 0x00, 0x04, 0x00, 0x04, 0x00, 0x00, 0x00, 0x6d, // ...............m
	0x61, 0x69, 0x6e, 0x00, 0x00, 0x00, 0x00, 0x05, 0x00, 0x06, 0x00, 0x55, 0x00, 0x00, 0x00, 0x73, // ain........U...s
	0x5f, 0x61, 0x6c, 0x62, 0x65, 0x64, 0x6f, 0x53, 0x61, 0x6d, 0x70, 0x6c, 0x65, 0x72, 0x00, 0x05, // _albedoSampler..
	0x00, 0x06, 0x00, 0x58, 0x00, 0x00, 0x00, 0x73, 0x5f, 0x61, 0x6c, 0x62, 0x65, 0x64, 0x6f, 0x54, // ...X...s_albedoT
	0x65, 0x78, 0x74, 0x75, 0x72, 0x65, 0x00, 0x05, 0x00, 0x06, 0x00, 0x2c, 0x01, 0x00, 0x00, 0x55, // exture.....,...U
	0x6e, 0x69, 0x66, 0x6f, 0x72, 0x6d, 0x42, 0x6c, 0x6f, 0x63, 0x6b, 0x00, 0x00, 0x00, 0x00, 0x06, // niformBlock.....
	0x00, 0x06, 0x00, 0x2c, 0x01, 0x00, 0x00, 0x00, 0x00, 0x00, 0x00, 0x75, 0x4c, 0x6f, 0x67, 0x44, // ...,.......uLogD
	0x65, 0x70, 0x74, 0x68, 0x00, 0x00, 0x00, 0x06, 0x00, 0x06, 0x00, 0x2c, 0x01, 0x00, 0x00, 0x01, // epth.......,....
	0x00, 0x00, 0x00, 0x75, 0x5f, 0x6d, 0x61, 0x74, 0x65, 0x72, 0x69, 0x61, 0x6c, 0x00, 0x00, 0x06, // ...u_material...
	0x00, 0x06, 0x00, 0x2c, 0x01, 0x00, 0x00, 0x02, 0x00, 0x00, 0x00, 0x75, 0x5f, 0x72, 0x41, 0x6d, // ...,.......u_rAm
	0x62, 0x69, 0x65, 0x6e, 0x74, 0x00, 0x00, 0x06, 0x00, 0x07, 0x00, 0x2c, 0x01, 0x00, 0x00, 0x03, // bient......,....
	0x00, 0x00, 0x00, 0x75, 0x5f, 0x72, 0x44, 0x69, 0x72, 0x65, 0x63, 0x74, 0x69, 0x6f, 0x6e, 0x00, // ...u_rDirection.
	0x00, 0x00, 0x00, 0x06, 0x00, 0x08, 0x00, 0x2c, 0x01, 0x00, 0x00, 0x04, 0x00, 0x00, 0x00, 0x75, // .......,.......u
	0x5f, 0x72, 0x44, 0x69, 0x72, 0x65, 0x63, 0x74, 0x69, 0x6f, 0x6e, 0x43, 0x6f, 0x6c, 0x6f, 0x72, // _rDirectionColor
	0x00, 0x00, 0x00, 0x06, 0x00, 0x08, 0x00, 0x2c, 0x01, 0x00, 0x00, 0x05, 0x00, 0x00, 0x00, 0x75, // .......,.......u
	0x5f, 0x72, 0x50, 0x6f, 0x69, 0x6e, 0x74, 0x50, 0x6f, 0x73, 0x69, 0x74, 0x69, 0x6f, 0x6e, 0x73, // _rPointPositions
	0x00, 0x00, 0x00, 0x06, 0x00, 0x07, 0x00, 0x2c, 0x01, 0x00, 0x00, 0x06, 0x00, 0x00, 0x00, 0x75, // .......,.......u
	0x5f, 0x72, 0x50, 0x6f, 0x69, 0x6e, 0x74, 0x43, 0x6f, 0x6c, 0x6f, 0x72, 0x73, 0x00, 0x00, 0x06, // _rPointColors...
	0x00, 0x06, 0x00, 0x2c, 0x01, 0x00, 0x00, 0x07, 0x00, 0x00, 0x00, 0x75, 0x5f, 0x72, 0x50, 0x61, // ...,.......u_rPa
	0x72, 0x61, 0x6d, 0x73, 0x00, 0x00, 0x00, 0x05, 0x00, 0x03, 0x00, 0x2e, 0x01, 0x00, 0x00, 0x00, // rams............
	0x00, 0x00, 0x00, 0x05, 0x00, 0x06, 0x00, 0x26, 0x02, 0x00, 0x00, 0x67, 0x6c, 0x5f, 0x46, 0x72, // .......&...gl_Fr
	0x61, 0x67, 0x43, 0x6f, 0x6f, 0x72, 0x64, 0x00, 0x00, 0x00, 0x00, 0x05, 0x00, 0x04, 0x00, 0x29, // agCoord........)
	0x02, 0x00, 0x00, 0x76, 0x5f, 0x63, 0x6f, 0x6c, 0x6f, 0x72, 0x00, 0x05, 0x00, 0x04, 0x00, 0x2d, // ...v_color.....-
	0x02, 0x00, 0x00, 0x76, 0x5f, 0x64, 0x65, 0x70, 0x74, 0x68, 0x00, 0x05, 0x00, 0x05, 0x00, 0x31, // ...v_depth.....1
	0x02, 0x00, 0x00, 0x76, 0x5f, 0x6e, 0x6f, 0x72, 0x6d, 0x61, 0x6c, 0x00, 0x00, 0x00, 0x00, 0x05, // ...v_normal.....
	0x00, 0x04, 0x00, 0x35, 0x02, 0x00, 0x00, 0x76, 0x5f, 0x75, 0x76, 0x00, 0x00, 0x00, 0x00, 0x05, // ...5...v_uv.....
	0x00, 0x05, 0x00, 0x38, 0x02, 0x00, 0x00, 0x76, 0x5f, 0x77, 0x6f, 0x72, 0x6c, 0x64, 0x50, 0x6f, // ...8...v_worldPo
	0x73, 0x00, 0x00, 0x05, 0x00, 0x06, 0x00, 0x4e, 0x02, 0x00, 0x00, 0x62, 0x67, 0x66, 0x78, 0x5f, // s......N...bgfx_
	0x46, 0x72, 0x61, 0x67, 0x44, 0x61, 0x74, 0x61, 0x30, 0x00, 0x00, 0x05, 0x00, 0x06, 0x00, 0x51, // FragData0......Q
	0x02, 0x00, 0x00, 0x67, 0x6c, 0x5f, 0x46, 0x72, 0x61, 0x67, 0x44, 0x65, 0x70, 0x74, 0x68, 0x00, // ...gl_FragDepth.
	0x00, 0x00, 0x00, 0x47, 0x00, 0x04, 0x00, 0x55, 0x00, 0x00, 0x00, 0x21, 0x00, 0x00, 0x00, 0x12, // ...G...U...!....
	0x00, 0x00, 0x00, 0x47, 0x00, 0x04, 0x00, 0x55, 0x00, 0x00, 0x00, 0x22, 0x00, 0x00, 0x00, 0x00, // ...G...U..."....
	0x00, 0x00, 0x00, 0x47, 0x00, 0x04, 0x00, 0x58, 0x00, 0x00, 0x00, 0x21, 0x00, 0x00, 0x00, 0x02, // ...G...X...!....
	0x00, 0x00, 0x00, 0x47, 0x00, 0x04, 0x00, 0x58, 0x00, 0x00, 0x00, 0x22, 0x00, 0x00, 0x00, 0x00, // ...G...X..."....
	0x00, 0x00, 0x00, 0x47, 0x00, 0x04, 0x00, 0x2a, 0x01, 0x00, 0x00, 0x06, 0x00, 0x00, 0x00, 0x10, // ...G...*........
	0x00, 0x00, 0x00, 0x47, 0x00, 0x04, 0x00, 0x2b, 0x01, 0x00, 0x00, 0x06, 0x00, 0x00, 0x00, 0x10, // ...G...+........
	0x00, 0x00, 0x00, 0x47, 0x00, 0x03, 0x00, 0x2c, 0x01, 0x00, 0x00, 0x02, 0x00, 0x00, 0x00, 0x48, // ...G...,.......H
	0x00, 0x05, 0x00, 0x2c, 0x01, 0x00, 0x00, 0x00, 0x00, 0x00, 0x00, 0x23, 0x00, 0x00, 0x00, 0x00, // ...,.......#....
	0x00, 0x00, 0x00, 0x48, 0x00, 0x05, 0x00, 0x2c, 0x01, 0x00, 0x00, 0x01, 0x00, 0x00, 0x00, 0x23, // ...H...,.......#
	0x00, 0x00, 0x00, 0x10, 0x00, 0x00, 0x00, 0x48, 0x00, 0x05, 0x00, 0x2c, 0x01, 0x00, 0x00, 0x02, // .......H...,....
	0x00, 0x00, 0x00, 0x23, 0x00, 0x00, 0x00, 0x20, 0x00, 0x00, 0x00, 0x48, 0x00, 0x05, 0x00, 0x2c, // ...#... ...H...,
	0x01, 0x00, 0x00, 0x03, 0x00, 0x00, 0x00, 0x23, 0x00, 0x00, 0x00, 0x30, 0x00, 0x00, 0x00, 0x48, // .......#...0...H
	0x00, 0x05, 0x00, 0x2c, 0x01, 0x00, 0x00, 0x04, 0x00, 0x00, 0x00, 0x23, 0x00, 0x00, 0x00, 0x40, // ...,.......#...@
	0x00, 0x00, 0x00, 0x48, 0x00, 0x05, 0x00, 0x2c, 0x01, 0x00, 0x00, 0x05, 0x00, 0x00, 0x00, 0x23, // ...H...,.......#
	0x00, 0x00, 0x00, 0x50, 0x00, 0x00, 0x00, 0x48, 0x00, 0x05, 0x00, 0x2c, 0x01, 0x00, 0x00, 0x06, // ...P...H...,....
	0x00, 0x00, 0x00, 0x23, 0x00, 0x00, 0x00, 0x90, 0x00, 0x00, 0x00, 0x48, 0x00, 0x05, 0x00, 0x2c, // ...#.......H...,
	0x01, 0x00, 0x00, 0x07, 0x00, 0x00, 0x00, 0x23, 0x00, 0x00, 0x00, 0xd0, 0x00, 0x00, 0x00, 0x47, // .......#.......G
	0x00, 0x04, 0x00, 0x2e, 0x01, 0x00, 0x00, 0x21, 0x00, 0x00, 0x00, 0x01, 0x00, 0x00, 0x00, 0x47, // .......!.......G
	0x00, 0x04, 0x00, 0x2e, 0x01, 0x00, 0x00, 0x22, 0x00, 0x00, 0x00, 0x00, 0x00, 0x00, 0x00, 0x47, // .......".......G
	0x00, 0x04, 0x00, 0x26, 0x02, 0x00, 0x00, 0x0b, 0x00, 0x00, 0x00, 0x0f, 0x00, 0x00, 0x00, 0x47, // ...&...........G
	0x00, 0x04, 0x00, 0x29, 0x02, 0x00, 0x00, 0x1e, 0x00, 0x00, 0x00, 0x00, 0x00, 0x00, 0x00, 0x47, // ...)...........G
	0x00, 0x04, 0x00, 0x2d, 0x02, 0x00, 0x00, 0x1e, 0x00, 0x00, 0x00, 0x01, 0x00, 0x00, 0x00, 0x47, // ...-...........G
	0x00, 0x04, 0x00, 0x31, 0x02, 0x00, 0x00, 0x1e, 0x00, 0x00, 0x00, 0x02, 0x00, 0x00, 0x00, 0x47, // ...1...........G
	0x00, 0x04, 0x00, 0x35, 0x02, 0x00, 0x00, 0x1e, 0x00, 0x00, 0x00, 0x03, 0x00, 0x00, 0x00, 0x47, // ...5...........G
	0x00, 0x04, 0x00, 0x38, 0x02, 0x00, 0x00, 0x1e, 0x00, 0x00, 0x00, 0x04, 0x00, 0x00, 0x00, 0x47, // ...8...........G
	0x00, 0x04, 0x00, 0x4e, 0x02, 0x00, 0x00, 0x1e, 0x00, 0x00, 0x00, 0x00, 0x00, 0x00, 0x00, 0x47, // ...N...........G
	0x00, 0x04, 0x00, 0x51, 0x02, 0x00, 0x00, 0x0b, 0x00, 0x00, 0x00, 0x16, 0x00, 0x00, 0x00, 0x13, // ...Q............
	0x00, 0x02, 0x00, 0x02, 0x00, 0x00, 0x00, 0x21, 0x00, 0x03, 0x00, 0x03, 0x00, 0x00, 0x00, 0x02, // .......!........
	0x00, 0x00, 0x00, 0x1a, 0x00, 0x02, 0x00, 0x06, 0x00, 0x00, 0x00, 0x16, 0x00, 0x03, 0x00, 0x07, // ................
	0x00, 0x00, 0x00, 0x20, 0x00, 0x00, 0x00, 0x19, 0x00, 0x09, 0x00, 0x08, 0x00, 0x00, 0x00, 0x07, // ... ............
	0x00, 0x00, 0x00, 0x01, 0x00, 0x00, 0x00, 0x00, 0x00, 0x00, 0x00, 0x00, 0x00, 0x00, 0x00, 0x00, // ................
	0x00, 0x00, 0x00, 0x01, 0x00, 0x00, 0x00, 0x00, 0x00, 0x00, 0x00, 0x17, 0x00, 0x04, 0x00, 0x0b, // ................
	0x00, 0x00, 0x00, 0x07, 0x00, 0x00, 0x00, 0x02, 0x00, 0x00, 0x00, 0x17, 0x00, 0x04, 0x00, 0x0d, // ................
	0x00, 0x00, 0x00, 0x07, 0x00, 0x00, 0x00, 0x04, 0x00, 0x00, 0x00, 0x17, 0x00, 0x04, 0x00, 0x13, // ................
	0x00, 0x00, 0x00, 0x07, 0x00, 0x00, 0x00, 0x03, 0x00, 0x00, 0x00, 0x20, 0x00, 0x04, 0x00, 0x54, // ........... ...T
	0x00, 0x00, 0x00, 0x00, 0x00, 0x00, 0x00, 0x06, 0x00, 0x00, 0x00, 0x3b, 0x00, 0x04, 0x00, 0x54, // ...........;...T
	0x00, 0x00, 0x00, 0x55, 0x00, 0x00, 0x00, 0x00, 0x00, 0x00, 0x00, 0x20, 0x00, 0x04, 0x00, 0x57, // ...U....... ...W
	0x00, 0x00, 0x00, 0x00, 0x00, 0x00, 0x00, 0x08, 0x00, 0x00, 0x00, 0x3b, 0x00, 0x04, 0x00, 0x57, // ...........;...W
	0x00, 0x00, 0x00, 0x58, 0x00, 0x00, 0x00, 0x00, 0x00, 0x00, 0x00, 0x15, 0x00, 0x04, 0x00, 0x5b, // ...X...........[
	0x00, 0x00, 0x00, 0x20, 0x00, 0x00, 0x00, 0x01, 0x00, 0x00, 0x00, 0x2b, 0x00, 0x04, 0x00, 0x5b, // ... .......+...[
	0x00, 0x00, 0x00, 0x5c, 0x00, 0x00, 0x00, 0x01, 0x00, 0x00, 0x00, 0x2b, 0x00, 0x04, 0x00, 0x5b, // ...........+...[
	0x00, 0x00, 0x00, 0x60, 0x00, 0x00, 0x00, 0x00, 0x00, 0x00, 0x00, 0x1b, 0x00, 0x03, 0x00, 0x64, // ...`...........d
	0x00, 0x00, 0x00, 0x08, 0x00, 0x00, 0x00, 0x2b, 0x00, 0x04, 0x00, 0x07, 0x00, 0x00, 0x00, 0x84, // .......+........
	0x00, 0x00, 0x00, 0x00, 0x00, 0x00, 0x00, 0x2b, 0x00, 0x04, 0x00, 0x07, 0x00, 0x00, 0x00, 0x8d, // .......+........
	0x00, 0x00, 0x00, 0x00, 0x00, 0x80, 0x3f, 0x2b, 0x00, 0x04, 0x00, 0x07, 0x00, 0x00, 0x00, 0x92, // ......?+........
	0x00, 0x00, 0x00, 0xdb, 0x0f, 0x49, 0x40, 0x2b, 0x00, 0x04, 0x00, 0x07, 0x00, 0x00, 0x00, 0x97, // .....I@+........
	0x00, 0x00, 0x00, 0x6f, 0x12, 0x83, 0x3a, 0x2b, 0x00, 0x04, 0x00, 0x07, 0x00, 0x00, 0x00, 0x03, // ...o..:+........
	0x01, 0x00, 0x00, 0x00, 0x00, 0x80, 0x40, 0x15, 0x00, 0x04, 0x00, 0x28, 0x01, 0x00, 0x00, 0x20, // ......@....(... 
	0x00, 0x00, 0x00, 0x00, 0x00, 0x00, 0x00, 0x2b, 0x00, 0x04, 0x00, 0x28, 0x01, 0x00, 0x00, 0x29, // .......+...(...)
	0x01, 0x00, 0x00, 0x04, 0x00, 0x00, 0x00, 0x1c, 0x00, 0x04, 0x00, 0x2a, 0x01, 0x00, 0x00, 0x0d, // ...........*....
	0x00, 0x00, 0x00, 0x29, 0x01, 0x00, 0x00, 0x1c, 0x00, 0x04, 0x00, 0x2b, 0x01, 0x00, 0x00, 0x0d, // ...).......+....
	0x00, 0x00, 0x00, 0x29, 0x01, 0x00, 0x00, 0x1e, 0x00, 0x0a, 0x00, 0x2c, 0x01, 0x00, 0x00, 0x0d, // ...).......,....
	0x00, 0x00, 0x00, 0x0d, 0x00, 0x00, 0x00, 0x0d, 0x00, 0x00, 0x00, 0x0d, 0x00, 0x00, 0x00, 0x0d, // ................
	0x00, 0x00, 0x00, 0x2a, 0x01, 0x00, 0x00, 0x2b, 0x01, 0x00, 0x00, 0x0d, 0x00, 0x00, 0x00, 0x20, // ...*...+....... 
	0x00, 0x04, 0x00, 0x2d, 0x01, 0x00, 0x00, 0x02, 0x00, 0x00, 0x00, 0x2c, 0x01, 0x00, 0x00, 0x3b, // ...-.......,...;
	0x00, 0x04, 0x00, 0x2d, 0x01, 0x00, 0x00, 0x2e, 0x01, 0x00, 0x00, 0x02, 0x00, 0x00, 0x00, 0x2b, // ...-...........+
	0x00, 0x04, 0x00, 0x28, 0x01, 0x00, 0x00, 0x2f, 0x01, 0x00, 0x00, 0x00, 0x00, 0x00, 0x00, 0x20, // ...(.../....... 
	0x00, 0x04, 0x00, 0x30, 0x01, 0x00, 0x00, 0x02, 0x00, 0x00, 0x00, 0x07, 0x00, 0x00, 0x00, 0x2b, // ...0...........+
	0x00, 0x04, 0x00, 0x07, 0x00, 0x00, 0x00, 0x33, 0x01, 0x00, 0x00, 0x00, 0x00, 0x00, 0x3f, 0x14, // .......3......?.
	0x00, 0x02, 0x00, 0x34, 0x01, 0x00, 0x00, 0x2b, 0x00, 0x04, 0x00, 0x28, 0x01, 0x00, 0x00, 0x3b, // ...4...+...(...;
	0x01, 0x00, 0x00, 0x01, 0x00, 0x00, 0x00, 0x2b, 0x00, 0x04, 0x00, 0x28, 0x01, 0x00, 0x00, 0x40, // .......+...(...@
	0x01, 0x00, 0x00, 0x02, 0x00, 0x00, 0x00, 0x2b, 0x00, 0x04, 0x00, 0x07, 0x00, 0x00, 0x00, 0x55, // .......+.......U
	0x01, 0x00, 0x00, 0x08, 0x00, 0x80, 0x3f, 0x2b, 0x00, 0x04, 0x00, 0x5b, 0x00, 0x00, 0x00, 0x6f, // ......?+...[...o
	0x01, 0x00, 0x00, 0x03, 0x00, 0x00, 0x00, 0x20, 0x00, 0x04, 0x00, 0x70, 0x01, 0x00, 0x00, 0x02, // ....... ...p....
	0x00, 0x00, 0x00, 0x0d, 0x00, 0x00, 0x00, 0x2b, 0x00, 0x04, 0x00, 0x07, 0x00, 0x00, 0x00, 0x86, // .......+........
	0x01, 0x00, 0x00, 0x8f, 0xc2, 0xf5, 0x3c, 0x2b, 0x00, 0x04, 0x00, 0x07, 0x00, 0x00, 0x00, 0x89, // ......<+........
	0x01, 0x00, 0x00, 0x0a, 0xd7, 0x23, 0x3d, 0x2b, 0x00, 0x04, 0x00, 0x5b, 0x00, 0x00, 0x00, 0x94, // .....#=+...[....
	0x01, 0x00, 0x00, 0x02, 0x00, 0x00, 0x00, 0x2b, 0x00, 0x04, 0x00, 0x5b, 0x00, 0x00, 0x00, 0x9a, // .......+...[....
	0x01, 0x00, 0x00, 0x04, 0x00, 0x00, 0x00, 0x2b, 0x00, 0x04, 0x00, 0x28, 0x01, 0x00, 0x00, 0x9e, // .......+...(....
	0x01, 0x00, 0x00, 0x03, 0x00, 0x00, 0x00, 0x2b, 0x00, 0x04, 0x00, 0x5b, 0x00, 0x00, 0x00, 0xbf, // .......+...[....
	0x01, 0x00, 0x00, 0x07, 0x00, 0x00, 0x00, 0x2b, 0x00, 0x04, 0x00, 0x5b, 0x00, 0x00, 0x00, 0xc7, // .......+...[....
	0x01, 0x00, 0x00, 0x05, 0x00, 0x00, 0x00, 0x2b, 0x00, 0x04, 0x00, 0x07, 0x00, 0x00, 0x00, 0xd2, // .......+........
	0x01, 0x00, 0x00, 0x0a, 0xd7, 0x23, 0x3c, 0x2b, 0x00, 0x04, 0x00, 0x5b, 0x00, 0x00, 0x00, 0xe4, // .....#<+...[....
	0x01, 0x00, 0x00, 0x06, 0x00, 0x00, 0x00, 0x2b, 0x00, 0x04, 0x00, 0x07, 0x00, 0x00, 0x00, 0x0c, // .......+........
	0x02, 0x00, 0x00, 0x2f, 0xba, 0xe8, 0x3e, 0x20, 0x00, 0x04, 0x00, 0x25, 0x02, 0x00, 0x00, 0x01, // .../..> ...%....
	0x00, 0x00, 0x00, 0x0d, 0x00, 0x00, 0x00, 0x3b, 0x00, 0x04, 0x00, 0x25, 0x02, 0x00, 0x00, 0x26, // .......;...%...&
	0x02, 0x00, 0x00, 0x01, 0x00, 0x00, 0x00, 0x3b, 0x00, 0x04, 0x00, 0x25, 0x02, 0x00, 0x00, 0x29, // .......;...%...)
	0x02, 0x00, 0x00, 0x01, 0x00, 0x00, 0x00, 0x20, 0x00, 0x04, 0x00, 0x2c, 0x02, 0x00, 0x00, 0x01, // ....... ...,....
	0x00, 0x00, 0x00, 0x07, 0x00, 0x00, 0x00, 0x3b, 0x00, 0x04, 0x00, 0x2c, 0x02, 0x00, 0x00, 0x2d, // .......;...,...-
	0x02, 0x00, 0x00, 0x01, 0x00, 0x00, 0x00, 0x20, 0x00, 0x04, 0x00, 0x30, 0x02, 0x00, 0x00, 0x01, // ....... ...0....
	0x00, 0x00, 0x00, 0x13, 0x00, 0x00, 0x00, 0x3b, 0x00, 0x04, 0x00, 0x30, 0x02, 0x00, 0x00, 0x31, // .......;...0...1
	0x02, 0x00, 0x00, 0x01, 0x00, 0x00, 0x00, 0x20, 0x00, 0x04, 0x00, 0x34, 0x02, 0x00, 0x00, 0x01, // ....... ...4....
	0x00, 0x00, 0x00, 0x0b, 0x00, 0x00, 0x00, 0x3b, 0x00, 0x04, 0x00, 0x34, 0x02, 0x00, 0x00, 0x35, // .......;...4...5
	0x02, 0x00, 0x00, 0x01, 0x00, 0x00, 0x00, 0x3b, 0x00, 0x04, 0x00, 0x30, 0x02, 0x00, 0x00, 0x38, // .......;...0...8
	0x02, 0x00, 0x00, 0x01, 0x00, 0x00, 0x00, 0x20, 0x00, 0x04, 0x00, 0x4d, 0x02, 0x00, 0x00, 0x03, // ....... ...M....
	0x00, 0x00, 0x00, 0x0d, 0x00, 0x00, 0x00, 0x3b, 0x00, 0x04, 0x00, 0x4d, 0x02, 0x00, 0x00, 0x4e, // .......;...M...N
	0x02, 0x00, 0x00, 0x03, 0x00, 0x00, 0x00, 0x20, 0x00, 0x04, 0x00, 0x50, 0x02, 0x00, 0x00, 0x03, // ....... ...P....
	0x00, 0x00, 0x00, 0x07, 0x00, 0x00, 0x00, 0x3b, 0x00, 0x04, 0x00, 0x50, 0x02, 0x00, 0x00, 0x51, // .......;...P...Q
	0x02, 0x00, 0x00, 0x03, 0x00, 0x00, 0x00, 0x2c, 0x00, 0x06, 0x00, 0x13, 0x00, 0x00, 0x00, 0xcc, // .......,........
	0x04, 0x00, 0x00, 0x89, 0x01, 0x00, 0x00, 0x89, 0x01, 0x00, 0x00, 0x89, 0x01, 0x00, 0x00, 0x2b, // ...............+
	0x00, 0x04, 0x00, 0x07, 0x00, 0x00, 0x00, 0xcd, 0x04, 0x00, 0x00, 0x00, 0x00, 0x00, 0x3e, 0x2c, // ..............>,
	0x00, 0x06, 0x00, 0x13, 0x00, 0x00, 0x00, 0xce, 0x04, 0x00, 0x00, 0x8d, 0x00, 0x00, 0x00, 0x8d, // ................
	0x00, 0x00, 0x00, 0x8d, 0x00, 0x00, 0x00, 0x2b, 0x00, 0x04, 0x00, 0x07, 0x00, 0x00, 0x00, 0xd0, // .......+........
	0x04, 0x00, 0x00, 0x83, 0xf9, 0xa2, 0x3e, 0x2c, 0x00, 0x06, 0x00, 0x13, 0x00, 0x00, 0x00, 0xd1, // ......>,........
	0x04, 0x00, 0x00, 0xd0, 0x04, 0x00, 0x00, 0xd0, 0x04, 0x00, 0x00, 0xd0, 0x04, 0x00, 0x00, 0x2c, // ...............,
	0x00, 0x06, 0x00, 0x13, 0x00, 0x00, 0x00, 0xd2, 0x04, 0x00, 0x00, 0x0c, 0x02, 0x00, 0x00, 0x0c, // ................
	0x02, 0x00, 0x00, 0x0c, 0x02, 0x00, 0x00, 0x36, 0x00, 0x05, 0x00, 0x02, 0x00, 0x00, 0x00, 0x04, // .......6........
	0x00, 0x00, 0x00, 0x00, 0x00, 0x00, 0x00, 0x03, 0x00, 0x00, 0x00, 0xf8, 0x00, 0x02, 0x00, 0x05, // ................
	0x00, 0x00, 0x00, 0x3d, 0x00, 0x04, 0x00, 0x06, 0x00, 0x00, 0x00, 0x56, 0x00, 0x00, 0x00, 0x55, // ...=.......V...U
	0x00, 0x00, 0x00, 0x3d, 0x00, 0x04, 0x00, 0x08, 0x00, 0x00, 0x00, 0x59, 0x00, 0x00, 0x00, 0x58, // ...=.......Y...X
	0x00, 0x00, 0x00, 0x3d, 0x00, 0x04, 0x00, 0x0d, 0x00, 0x00, 0x00, 0x27, 0x02, 0x00, 0x00, 0x26, // ...=.......'...&
	0x02, 0x00, 0x00, 0x3d, 0x00, 0x04, 0x00, 0x0d, 0x00, 0x00, 0x00, 0x2a, 0x02, 0x00, 0x00, 0x29, // ...=.......*...)
	0x02, 0x00, 0x00, 0x3d, 0x00, 0x04, 0x00, 0x07, 0x00, 0x00, 0x00, 0x2e, 0x02, 0x00, 0x00, 0x2d, // ...=...........-
	0x02, 0x00, 0x00, 0x3d, 0x00, 0x04, 0x00, 0x13, 0x00, 0x00, 0x00, 0x32, 0x02, 0x00, 0x00, 0x31, // ...=.......2...1
	0x02, 0x00, 0x00, 0x3d, 0x00, 0x04, 0x00, 0x0b, 0x00, 0x00, 0x00, 0x36, 0x02, 0x00, 0x00, 0x35, // ...=.......6...5
	0x02, 0x00, 0x00, 0x3d, 0x00, 0x04, 0x00, 0x13, 0x00, 0x00, 0x00, 0x39, 0x02, 0x00, 0x00, 0x38, // ...=.......9...8
	0x02, 0x00, 0x00, 0x51, 0x00, 0x05, 0x00, 0x07, 0x00, 0x00, 0x00, 0x9b, 0x02, 0x00, 0x00, 0x27, // ...Q...........'
	0x02, 0x00, 0x00, 0x02, 0x00, 0x00, 0x00, 0xf7, 0x00, 0x03, 0x00, 0x53, 0x03, 0x00, 0x00, 0x00, // ...........S....
	0x00, 0x00, 0x00, 0xfb, 0x00, 0x03, 0x00, 0x2f, 0x01, 0x00, 0x00, 0x30, 0x03, 0x00, 0x00, 0xf8, // ......./...0....
	0x00, 0x02, 0x00, 0x30, 0x03, 0x00, 0x00, 0x41, 0x00, 0x06, 0x00, 0x30, 0x01, 0x00, 0x00, 0x31, // ...0...A...0...1
	0x03, 0x00, 0x00, 0x2e, 0x01, 0x00, 0x00, 0x60, 0x00, 0x00, 0x00, 0x2f, 0x01, 0x00, 0x00, 0x3d, // .......`.../...=
	0x00, 0x04, 0x00, 0x07, 0x00, 0x00, 0x00, 0x32, 0x03, 0x00, 0x00, 0x31, 0x03, 0x00, 0x00, 0xb8, // .......2...1....
	0x00, 0x05, 0x00, 0x34, 0x01, 0x00, 0x00, 0x33, 0x03, 0x00, 0x00, 0x32, 0x03, 0x00, 0x00, 0x33, // ...4...3...2...3
	0x01, 0x00, 0x00, 0xf7, 0x00, 0x03, 0x00, 0x36, 0x03, 0x00, 0x00, 0x00, 0x00, 0x00, 0x00, 0xfa, // .......6........
	0x00, 0x04, 0x00, 0x33, 0x03, 0x00, 0x00, 0x34, 0x03, 0x00, 0x00, 0x36, 0x03, 0x00, 0x00, 0xf8, // ...3...4...6....
	0x00, 0x02, 0x00, 0x34, 0x03, 0x00, 0x00, 0xf9, 0x00, 0x02, 0x00, 0x53, 0x03, 0x00, 0x00, 0xf8, // ...4.......S....
	0x00, 0x02, 0x00, 0x36, 0x03, 0x00, 0x00, 0x41, 0x00, 0x06, 0x00, 0x30, 0x01, 0x00, 0x00, 0x38, // ...6...A...0...8
	0x03, 0x00, 0x00, 0x2e, 0x01, 0x00, 0x00, 0x60, 0x00, 0x00, 0x00, 0x3b, 0x01, 0x00, 0x00, 0x3d, // .......`...;...=
	0x00, 0x04, 0x00, 0x07, 0x00, 0x00, 0x00, 0x39, 0x03, 0x00, 0x00, 0x38, 0x03, 0x00, 0x00, 0xb8, // .......9...8....
	0x00, 0x05, 0x00, 0x34, 0x01, 0x00, 0x00, 0x3a, 0x03, 0x00, 0x00, 0x2e, 0x02, 0x00, 0x00, 0x39, // ...4...:.......9
	0x03, 0x00, 0x00, 0x41, 0x00, 0x06, 0x00, 0x30, 0x01, 0x00, 0x00, 0x3c, 0x03, 0x00, 0x00, 0x2e, // ...A...0...<....
	0x01, 0x00, 0x00, 0x60, 0x00, 0x00, 0x00, 0x40, 0x01, 0x00, 0x00, 0x3d, 0x00, 0x04, 0x00, 0x07, // ...`...@...=....
	0x00, 0x00, 0x00, 0x3d, 0x03, 0x00, 0x00, 0x3c, 0x03, 0x00, 0x00, 0xba, 0x00, 0x05, 0x00, 0x34, // ...=...<.......4
	0x01, 0x00, 0x00, 0x3e, 0x03, 0x00, 0x00, 0x2e, 0x02, 0x00, 0x00, 0x3d, 0x03, 0x00, 0x00, 0xa6, // ...>.......=....
	0x00, 0x05, 0x00, 0x34, 0x01, 0x00, 0x00, 0x3f, 0x03, 0x00, 0x00, 0x3a, 0x03, 0x00, 0x00, 0x3e, // ...4...?...:...>
	0x03, 0x00, 0x00, 0xf7, 0x00, 0x03, 0x00, 0x41, 0x03, 0x00, 0x00, 0x00, 0x00, 0x00, 0x00, 0xfa, // .......A........
	0x00, 0x04, 0x00, 0x3f, 0x03, 0x00, 0x00, 0x40, 0x03, 0x00, 0x00, 0x41, 0x03, 0x00, 0x00, 0xf8, // ...?...@...A....
	0x00, 0x02, 0x00, 0x40, 0x03, 0x00, 0x00, 0xfc, 0x00, 0x01, 0x00, 0xf8, 0x00, 0x02, 0x00, 0x41, // ...@...........A
	0x03, 0x00, 0x00, 0x88, 0x00, 0x05, 0x00, 0x07, 0x00, 0x00, 0x00, 0x45, 0x03, 0x00, 0x00, 0x2e, // ...........E....
	0x02, 0x00, 0x00, 0x39, 0x03, 0x00, 0x00, 0x0c, 0x00, 0x07, 0x00, 0x07, 0x00, 0x00, 0x00, 0x46, // ...9...........F
	0x03, 0x00, 0x00, 0x01, 0x00, 0x00, 0x00, 0x28, 0x00, 0x00, 0x00, 0x45, 0x03, 0x00, 0x00, 0x8d, // .......(...E....
	0x00, 0x00, 0x00, 0x0c, 0x00, 0x06, 0x00, 0x07, 0x00, 0x00, 0x00, 0x47, 0x03, 0x00, 0x00, 0x01, // ...........G....
	0x00, 0x00, 0x00, 0x1e, 0x00, 0x00, 0x00, 0x46, 0x03, 0x00, 0x00, 0x88, 0x00, 0x05, 0x00, 0x07, // .......F........
	0x00, 0x00, 0x00, 0x4c, 0x03, 0x00, 0x00, 0x3d, 0x03, 0x00, 0x00, 0x39, 0x03, 0x00, 0x00, 0x0c, // ...L...=...9....
	0x00, 0x07, 0x00, 0x07, 0x00, 0x00, 0x00, 0x4d, 0x03, 0x00, 0x00, 0x01, 0x00, 0x00, 0x00, 0x28, // .......M.......(
	0x00, 0x00, 0x00, 0x4c, 0x03, 0x00, 0x00, 0x55, 0x01, 0x00, 0x00, 0x0c, 0x00, 0x06, 0x00, 0x07, // ...L...U........
	0x00, 0x00, 0x00, 0x4e, 0x03, 0x00, 0x00, 0x01, 0x00, 0x00, 0x00, 0x1e, 0x00, 0x00, 0x00, 0x4d, // ...N...........M
	0x03, 0x00, 0x00, 0x88, 0x00, 0x05, 0x00, 0x07, 0x00, 0x00, 0x00, 0x51, 0x03, 0x00, 0x00, 0x47, // ...........Q...G
	0x03, 0x00, 0x00, 0x4e, 0x03, 0x00, 0x00, 0x0c, 0x00, 0x08, 0x00, 0x07, 0x00, 0x00, 0x00, 0x52, // ...N...........R
	0x03, 0x00, 0x00, 0x01, 0x00, 0x00, 0x00, 0x2b, 0x00, 0x00, 0x00, 0x51, 0x03, 0x00, 0x00, 0x84, // .......+...Q....
	0x00, 0x00, 0x00, 0x8d, 0x00, 0x00, 0x00, 0xf9, 0x00, 0x02, 0x00, 0x53, 0x03, 0x00, 0x00, 0xf8, // ...........S....
	0x00, 0x02, 0x00, 0x53, 0x03, 0x00, 0x00, 0xf5, 0x00, 0x07, 0x00, 0x07, 0x00, 0x00, 0x00, 0xd3, // ...S............
	0x04, 0x00, 0x00, 0x9b, 0x02, 0x00, 0x00, 0x34, 0x03, 0x00, 0x00, 0x52, 0x03, 0x00, 0x00, 0x41, // .......4...R...A
	0x03, 0x00, 0x00, 0x0c, 0x00, 0x06, 0x00, 0x13, 0x00, 0x00, 0x00, 0x9f, 0x02, 0x00, 0x00, 0x01, // ................
	0x00, 0x00, 0x00, 0x45, 0x00, 0x00, 0x00, 0x32, 0x02, 0x00, 0x00, 0x7f, 0x00, 0x04, 0x00, 0x13, // ...E...2........
	0x00, 0x00, 0x00, 0xa1, 0x02, 0x00, 0x00, 0x39, 0x02, 0x00, 0x00, 0x0c, 0x00, 0x06, 0x00, 0x13, // .......9........
	0x00, 0x00, 0x00, 0xa2, 0x02, 0x00, 0x00, 0x01, 0x00, 0x00, 0x00, 0x45, 0x00, 0x00, 0x00, 0xa1, // ...........E....
	0x02, 0x00, 0x00, 0x41, 0x00, 0x05, 0x00, 0x70, 0x01, 0x00, 0x00, 0xa3, 0x02, 0x00, 0x00, 0x2e, // ...A...p........
	0x01, 0x00, 0x00, 0x6f, 0x01, 0x00, 0x00, 0x3d, 0x00, 0x04, 0x00, 0x0d, 0x00, 0x00, 0x00, 0xa4, // ...o...=........
	0x02, 0x00, 0x00, 0xa3, 0x02, 0x00, 0x00, 0x4f, 0x00, 0x08, 0x00, 0x13, 0x00, 0x00, 0x00, 0xa5, // .......O........
	0x02, 0x00, 0x00, 0xa4, 0x02, 0x00, 0x00, 0xa4, 0x02, 0x00, 0x00, 0x00, 0x00, 0x00, 0x00, 0x01, // ................
	0x00, 0x00, 0x00, 0x02, 0x00, 0x00, 0x00, 0x0c, 0x00, 0x06, 0x00, 0x13, 0x00, 0x00, 0x00, 0xa6, // ................
	0x02, 0x00, 0x00, 0x01, 0x00, 0x00, 0x00, 0x45, 0x00, 0x00, 0x00, 0xa5, 0x02, 0x00, 0x00, 0x56, // .......E.......V
	0x00, 0x05, 0x00, 0x64, 0x00, 0x00, 0x00, 0x5c, 0x03, 0x00, 0x00, 0x59, 0x00, 0x00, 0x00, 0x56, // ...d.......Y...V
	0x00, 0x00, 0x00, 0x57, 0x00, 0x05, 0x00, 0x0d, 0x00, 0x00, 0x00, 0x5e, 0x03, 0x00, 0x00, 0x5c, // ...W.......^....
	0x03, 0x00, 0x00, 0x36, 0x02, 0x00, 0x00, 0x4f, 0x00, 0x08, 0x00, 0x13, 0x00, 0x00, 0x00, 0xaa, // ...6...O........
	0x02, 0x00, 0x00, 0x5e, 0x03, 0x00, 0x00, 0x5e, 0x03, 0x00, 0x00, 0x00, 0x00, 0x00, 0x00, 0x01, // ...^...^........
	0x00, 0x00, 0x00, 0x02, 0x00, 0x00, 0x00, 0x4f, 0x00, 0x08, 0x00, 0x13, 0x00, 0x00, 0x00, 0xac, // .......O........
	0x02, 0x00, 0x00, 0x2a, 0x02, 0x00, 0x00, 0x2a, 0x02, 0x00, 0x00, 0x00, 0x00, 0x00, 0x00, 0x01, // ...*...*........
	0x00, 0x00, 0x00, 0x02, 0x00, 0x00, 0x00, 0x85, 0x00, 0x05, 0x00, 0x13, 0x00, 0x00, 0x00, 0xad, // ................
	0x02, 0x00, 0x00, 0xaa, 0x02, 0x00, 0x00, 0xac, 0x02, 0x00, 0x00, 0x41, 0x00, 0x06, 0x00, 0x30, // ...........A...0
	0x01, 0x00, 0x00, 0xae, 0x02, 0x00, 0x00, 0x2e, 0x01, 0x00, 0x00, 0x5c, 0x00, 0x00, 0x00, 0x2f, // .............../
	0x01, 0x00, 0x00, 0x3d, 0x00, 0x04, 0x00, 0x07, 0x00, 0x00, 0x00, 0xaf, 0x02, 0x00, 0x00, 0xae, // ...=............
	0x02, 0x00, 0x00, 0x0c, 0x00, 0x08, 0x00, 0x07, 0x00, 0x00, 0x00, 0xb0, 0x02, 0x00, 0x00, 0x01, // ................
	0x00, 0x00, 0x00, 0x2b, 0x00, 0x00, 0x00, 0xaf, 0x02, 0x00, 0x00, 0x84, 0x00, 0x00, 0x00, 0x8d, // ...+............
	0x00, 0x00, 0x00, 0x41, 0x00, 0x06, 0x00, 0x30, 0x01, 0x00, 0x00, 0xb1, 0x02, 0x00, 0x00, 0x2e, // ...A...0........
	0x01, 0x00, 0x00, 0x5c, 0x00, 0x00, 0x00, 0x3b, 0x01, 0x00, 0x00, 0x3d, 0x00, 0x04, 0x00, 0x07, // .......;...=....
	0x00, 0x00, 0x00, 0xb2, 0x02, 0x00, 0x00, 0xb1, 0x02, 0x00, 0x00, 0x0c, 0x00, 0x08, 0x00, 0x07, // ................
	0x00, 0x00, 0x00, 0xb3, 0x02, 0x00, 0x00, 0x01, 0x00, 0x00, 0x00, 0x2b, 0x00, 0x00, 0x00, 0xb2, // ...........+....
	0x02, 0x00, 0x00, 0x86, 0x01, 0x00, 0x00, 0x8d, 0x00, 0x00, 0x00, 0x50, 0x00, 0x06, 0x00, 0x13, // ...........P....
	0x00, 0x00, 0x00, 0xb6, 0x02, 0x00, 0x00, 0xb0, 0x02, 0x00, 0x00, 0xb0, 0x02, 0x00, 0x00, 0xb0, // ................
	0x02, 0x00, 0x00, 0x0c, 0x00, 0x08, 0x00, 0x13, 0x00, 0x00, 0x00, 0x68, 0x03, 0x00, 0x00, 0x01, // ...........h....
	0x00, 0x00, 0x00, 0x2e, 0x00, 0x00, 0x00, 0xcc, 0x04, 0x00, 0x00, 0xad, 0x02, 0x00, 0x00, 0xb6, // ................
	0x02, 0x00, 0x00, 0x41, 0x00, 0x05, 0x00, 0x70, 0x01, 0x00, 0x00, 0xb9, 0x02, 0x00, 0x00, 0x2e, // ...A...p........
	0x01, 0x00, 0x00, 0x94, 0x01, 0x00, 0x00, 0x3d, 0x00, 0x04, 0x00, 0x0d, 0x00, 0x00, 0x00, 0xba, // .......=........
	0x02, 0x00, 0x00, 0xb9, 0x02, 0x00, 0x00, 0x4f, 0x00, 0x08, 0x00, 0x13, 0x00, 0x00, 0x00, 0xbb, // .......O........
	0x02, 0x00, 0x00, 0xba, 0x02, 0x00, 0x00, 0xba, 0x02, 0x00, 0x00, 0x00, 0x00, 0x00, 0x00, 0x01, // ................
	0x00, 0x00, 0x00, 0x02, 0x00, 0x00, 0x00, 0x85, 0x00, 0x05, 0x00, 0x13, 0x00, 0x00, 0x00, 0xbd, // ................
	0x02, 0x00, 0x00, 0xbb, 0x02, 0x00, 0x00, 0xad, 0x02, 0x00, 0x00, 0x41, 0x00, 0x05, 0x00, 0x70, // ...........A...p
	0x01, 0x00, 0x00, 0xbe, 0x02, 0x00, 0x00, 0x2e, 0x01, 0x00, 0x00, 0x9a, 0x01, 0x00, 0x00, 0x3d, // ...............=
	0x00, 0x04, 0x00, 0x0d, 0x00, 0x00, 0x00, 0xbf, 0x02, 0x00, 0x00, 0xbe, 0x02, 0x00, 0x00, 0x4f, // ...............O
	0x00, 0x08, 0x00, 0x13, 0x00, 0x00, 0x00, 0xc0, 0x02, 0x00, 0x00, 0xbf, 0x02, 0x00, 0x00, 0xbf, // ................
	0x02, 0x00, 0x00, 0x00, 0x00, 0x00, 0x00, 0x01, 0x00, 0x00, 0x00, 0x02, 0x00, 0x00, 0x00, 0x41, // ...............A
	0x00, 0x06, 0x00, 0x30, 0x01, 0x00, 0x00, 0xc1, 0x02, 0x00, 0x00, 0x2e, 0x01, 0x00, 0x00, 0x6f, // ...0...........o
	0x01, 0x00, 0x00, 0x9e, 0x01, 0x00, 0x00, 0x3d, 0x00, 0x04, 0x00, 0x07, 0x00, 0x00, 0x00, 0xc2, // .......=........
	0x02, 0x00, 0x00, 0xc1, 0x02, 0x00, 0x00, 0x8e, 0x00, 0x05, 0x00, 0x13, 0x00, 0x00, 0x00, 0xc3, // ................
	0x02, 0x00, 0x00, 0xc0, 0x02, 0x00, 0x00, 0xc2, 0x02, 0x00, 0x00, 0x81, 0x00, 0x05, 0x00, 0x13, // ................
	0x00, 0x00, 0x00, 0x7c, 0x03, 0x00, 0x00, 0xa6, 0x02, 0x00, 0x00, 0xa2, 0x02, 0x00, 0x00, 0x0c, // ...|............
	0x00, 0x06, 0x00, 0x13, 0x00, 0x00, 0x00, 0x7d, 0x03, 0x00, 0x00, 0x01, 0x00, 0x00, 0x00, 0x45, // .......}.......E
	0x00, 0x00, 0x00, 0x7c, 0x03, 0x00, 0x00, 0x85, 0x00, 0x05, 0x00, 0x07, 0x00, 0x00, 0x00, 0xbc, // ...|............
	0x03, 0x00, 0x00, 0xb3, 0x02, 0x00, 0x00, 0xb3, 0x02, 0x00, 0x00, 0x85, 0x00, 0x05, 0x00, 0x07, // ................
	0x00, 0x00, 0x00, 0xbf, 0x03, 0x00, 0x00, 0xbc, 0x03, 0x00, 0x00, 0xbc, 0x03, 0x00, 0x00, 0x94, // ................
	0x00, 0x05, 0x00, 0x07, 0x00, 0x00, 0x00, 0xc2, 0x03, 0x00, 0x00, 0x9f, 0x02, 0x00, 0x00, 0x7d, // ...............}
	0x03, 0x00, 0x00, 0x0c, 0x00, 0x07, 0x00, 0x07, 0x00, 0x00, 0x00, 0xc3, 0x03, 0x00, 0x00, 0x01, // ................
	0x00, 0x00, 0x00, 0x28, 0x00, 0x00, 0x00, 0xc2, 0x03, 0x00, 0x00, 0x84, 0x00, 0x00, 0x00, 0x85, // ...(............
	0x00, 0x05, 0x00, 0x07, 0x00, 0x00, 0x00, 0xc6, 0x03, 0x00, 0x00, 0xc3, 0x03, 0x00, 0x00, 0xc3, // ................
	0x03, 0x00, 0x00, 0x83, 0x00, 0x05, 0x00, 0x07, 0x00, 0x00, 0x00, 0xc9, 0x03, 0x00, 0x00, 0xbf, // ................
	0x03, 0x00, 0x00, 0x8d, 0x00, 0x00, 0x00, 0x85, 0x00, 0x05, 0x00, 0x07, 0x00, 0x00, 0x00, 0xca, // ................
	0x03, 0x00, 0x00, 0xc6, 0x03, 0x00, 0x00, 0xc9, 0x03, 0x00, 0x00, 0x81, 0x00, 0x05, 0x00, 0x07, // ................
	0x00, 0x00, 0x00, 0xcb, 0x03, 0x00, 0x00, 0xca, 0x03, 0x00, 0x00, 0x8d, 0x00, 0x00, 0x00, 0x85, // ................
	0x00, 0x05, 0x00, 0x07, 0x00, 0x00, 0x00, 0xce, 0x03, 0x00, 0x00, 0x92, 0x00, 0x00, 0x00, 0xcb, // ................
	0x03, 0x00, 0x00, 0x85, 0x00, 0x05, 0x00, 0x07, 0x00, 0x00, 0x00, 0xd0, 0x03, 0x00, 0x00, 0xce, // ................
	0x03, 0x00, 0x00, 0xcb, 0x03, 0x00, 0x00, 0x0c, 0x00, 0x07, 0x00, 0x07, 0x00, 0x00, 0x00, 0xd1, // ................
	0x03, 0x00, 0x00, 0x01, 0x00, 0x00, 0x00, 0x28, 0x00, 0x00, 0x00, 0xd0, 0x03, 0x00, 0x00, 0x97, // .......(........
	0x00, 0x00, 0x00, 0x88, 0x00, 0x05, 0x00, 0x07, 0x00, 0x00, 0x00, 0xd2, 0x03, 0x00, 0x00, 0xbf, // ................
	0x03, 0x00, 0x00, 0xd1, 0x03, 0x00, 0x00, 0x94, 0x00, 0x05, 0x00, 0x07, 0x00, 0x00, 0x00, 0xdd, // ................
	0x03, 0x00, 0x00, 0x9f, 0x02, 0x00, 0x00, 0xa2, 0x02, 0x00, 0x00, 0x0c, 0x00, 0x07, 0x00, 0x07, // ................
	0x00, 0x00, 0x00, 0xde, 0x03, 0x00, 0x00, 0x01, 0x00, 0x00, 0x00, 0x28, 0x00, 0x00, 0x00, 0xdd, // ...........(....
	0x03, 0x00, 0x00, 0x84, 0x00, 0x00, 0x00, 0x94, 0x00, 0x05, 0x00, 0x07, 0x00, 0x00, 0x00, 0xe1, // ................
	0x03, 0x00, 0x00, 0x9f, 0x02, 0x00, 0x00, 0xa6, 0x02, 0x00, 0x00, 0x0c, 0x00, 0x07, 0x00, 0x07, // ................
	0x00, 0x00, 0x00, 0xe2, 0x03, 0x00, 0x00, 0x01, 0x00, 0x00, 0x00, 0x28, 0x00, 0x00, 0x00, 0xe1, // ...........(....
	0x03, 0x00, 0x00, 0x84, 0x00, 0x00, 0x00, 0x81, 0x00, 0x05, 0x00, 0x07, 0x00, 0x00, 0x00, 0xe4, // ................
	0x03, 0x00, 0x00, 0xb3, 0x02, 0x00, 0x00, 0x8d, 0x00, 0x00, 0x00, 0x85, 0x00, 0x05, 0x00, 0x07, // ................
	0x00, 0x00, 0x00, 0xe7, 0x03, 0x00, 0x00, 0xe4, 0x03, 0x00, 0x00, 0xe4, 0x03, 0x00, 0x00, 0x85, // ................
	0x00, 0x05, 0x00, 0x07, 0x00, 0x00, 0x00, 0xe8, 0x03, 0x00, 0x00, 0xe7, 0x03, 0x00, 0x00, 0xcd, // ................
	0x04, 0x00, 0x00, 0x83, 0x00, 0x05, 0x00, 0x07, 0x00, 0x00, 0x00, 0xec, 0x03, 0x00, 0x00, 0x8d, // ................
	0x00, 0x00, 0x00, 0xe8, 0x03, 0x00, 0x00, 0x85, 0x00, 0x05, 0x00, 0x07, 0x00, 0x00, 0x00, 0xed, // ................
	0x03, 0x00, 0x00, 0xde, 0x03, 0x00, 0x00, 0xec, 0x03, 0x00, 0x00, 0x81, 0x00, 0x05, 0x00, 0x07, // ................
	0x00, 0x00, 0x00, 0xef, 0x03, 0x00, 0x00, 0xed, 0x03, 0x00, 0x00, 0xe8, 0x03, 0x00, 0x00, 0x88, // ................
	0x00, 0x05, 0x00, 0x07, 0x00, 0x00, 0x00, 0xf0, 0x03, 0x00, 0x00, 0xde, 0x03, 0x00, 0x00, 0xef, // ................
	0x03, 0x00, 0x00, 0x85, 0x00, 0x05, 0x00, 0x07, 0x00, 0x00, 0x00, 0xf5, 0x03, 0x00, 0x00, 0xe2, // ................
	0x03, 0x00, 0x00, 0xec, 0x03, 0x00, 0x00, 0x81, 0x00, 0x05, 0x00, 0x07, 0x00, 0x00, 0x00, 0xf7, // ................
	0x03, 0x00, 0x00, 0xf5, 0x03, 0x00, 0x00, 0xe8, 0x03, 0x00, 0x00, 0x88, 0x00, 0x05, 0x00, 0x07, // ................
	0x00, 0x00, 0x00, 0xf8, 0x03, 0x00, 0x00, 0xe2, 0x03, 0x00, 0x00, 0xf7, 0x03, 0x00, 0x00, 0x85, // ................
	0x00, 0x05, 0x00, 0x07, 0x00, 0x00, 0x00, 0xfb, 0x03, 0x00, 0x00, 0xf0, 0x03, 0x00, 0x00, 0xf8, // ................
	0x03, 0x00, 0x00, 0x94, 0x00, 0x05, 0x00, 0x07, 0x00, 0x00, 0x00, 0x89, 0x03, 0x00, 0x00, 0x7d, // ...............}
	0x03, 0x00, 0x00, 0xa2, 0x02, 0x00, 0x00, 0x0c, 0x00, 0x07, 0x00, 0x07, 0x00, 0x00, 0x00, 0x8a, // ................
	0x03, 0x00, 0x00, 0x01, 0x00, 0x00, 0x00, 0x28, 0x00, 0x00, 0x00, 0x89, 0x03, 0x00, 0x00, 0x84, // .......(........
	0x00, 0x00, 0x00, 0x83, 0x00, 0x05, 0x00, 0x07, 0x00, 0x00, 0x00, 0x02, 0x04, 0x00, 0x00, 0x8d, // ................
	0x00, 0x00, 0x00, 0x8a, 0x03, 0x00, 0x00, 0x0c, 0x00, 0x08, 0x00, 0x07, 0x00, 0x00, 0x00, 0x03, // ................
	0x04, 0x00, 0x00, 0x01, 0x00, 0x00, 0x00, 0x2b, 0x00, 0x00, 0x00, 0x02, 0x04, 0x00, 0x00, 0x84, // .......+........
	0x00, 0x00, 0x00, 0x8d, 0x00, 0x00, 0x00, 0x85, 0x00, 0x05, 0x00, 0x07, 0x00, 0x00, 0x00, 0x06, // ................
	0x04, 0x00, 0x00, 0x03, 0x04, 0x00, 0x00, 0x03, 0x04, 0x00, 0x00, 0x85, 0x00, 0x05, 0x00, 0x07, // ................
	0x00, 0x00, 0x00, 0x09, 0x04, 0x00, 0x00, 0x06, 0x04, 0x00, 0x00, 0x06, 0x04, 0x00, 0x00, 0x85, // ................
	0x00, 0x05, 0x00, 0x07, 0x00, 0x00, 0x00, 0x0b, 0x04, 0x00, 0x00, 0x09, 0x04, 0x00, 0x00, 0x03, // ................
	0x04, 0x00, 0x00, 0x83, 0x00, 0x05, 0x00, 0x13, 0x00, 0x00, 0x00, 0x0f, 0x04, 0x00, 0x00, 0xce, // ................
	0x04, 0x00, 0x00, 0x68, 0x03, 0x00, 0x00, 0x8e, 0x00, 0x05, 0x00, 0x13, 0x00, 0x00, 0x00, 0x11, // ...h............
	0x04, 0x00, 0x00, 0x0f, 0x04, 0x00, 0x00, 0x0b, 0x04, 0x00, 0x00, 0x81, 0x00, 0x05, 0x00, 0x13, // ................
	0x00, 0x00, 0x00, 0x12, 0x04, 0x00, 0x00, 0x68, 0x03, 0x00, 0x00, 0x11, 0x04, 0x00, 0x00, 0x85, // .......h........
	0x00, 0x05, 0x00, 0x07, 0x00, 0x00, 0x00, 0x8f, 0x03, 0x00, 0x00, 0xd2, 0x03, 0x00, 0x00, 0xfb, // ................
	0x03, 0x00, 0x00, 0x8e, 0x00, 0x05, 0x00, 0x13, 0x00, 0x00, 0x00, 0x91, 0x03, 0x00, 0x00, 0x12, // ................
	0x04, 0x00, 0x00, 0x8f, 0x03, 0x00, 0x00, 0x85, 0x00, 0x05, 0x00, 0x07, 0x00, 0x00, 0x00, 0x96, // ................
	0x03, 0x00, 0x00, 0x03, 0x01, 0x00, 0x00, 0xde, 0x03, 0x00, 0x00, 0x0c, 0x00, 0x07, 0x00, 0x07, // ................
	0x00, 0x00, 0x00, 0x9a, 0x03, 0x00, 0x00, 0x01, 0x00, 0x00, 0x00, 0x28, 0x00, 0x00, 0x00, 0xe1, // ...........(....
	0x03, 0x00, 0x00, 0x97, 0x00, 0x00, 0x00, 0x85, 0x00, 0x05, 0x00, 0x07, 0x00, 0x00, 0x00, 0x9b, // ................
	0x03, 0x00, 0x00, 0x96, 0x03, 0x00, 0x00, 0x9a, 0x03, 0x00, 0x00, 0x0c, 0x00, 0x07, 0x00, 0x07, // ................
	0x00, 0x00, 0x00, 0x9c, 0x03, 0x00, 0x00, 0x01, 0x00, 0x00, 0x00, 0x28, 0x00, 0x00, 0x00, 0x9b, // ...........(....
	0x03, 0x00, 0x00, 0x97, 0x00, 0x00, 0x00, 0x50, 0x00, 0x06, 0x00, 0x13, 0x00, 0x00, 0x00, 0x9d, // .......P........
	0x03, 0x00, 0x00, 0x9c, 0x03, 0x00, 0x00, 0x9c, 0x03, 0x00, 0x00, 0x9c, 0x03, 0x00, 0x00, 0x88, // ................
	0x00, 0x05, 0x00, 0x13, 0x00, 0x00, 0x00, 0x9e, 0x03, 0x00, 0x00, 0x91, 0x03, 0x00, 0x00, 0x9d, // ................
	0x03, 0x00, 0x00, 0x83, 0x00, 0x05, 0x00, 0x13, 0x00, 0x00, 0x00, 0xa1, 0x03, 0x00, 0x00, 0xce, // ................
	0x04, 0x00, 0x00, 0x12, 0x04, 0x00, 0x00, 0x83, 0x00, 0x05, 0x00, 0x07, 0x00, 0x00, 0x00, 0xa3, // ................
	0x03, 0x00, 0x00, 0x8d, 0x00, 0x00, 0x00, 0xb0, 0x02, 0x00, 0x00, 0x8e, 0x00, 0x05, 0x00, 0x13, // ................
	0x00, 0x00, 0x00, 0xa4, 0x03, 0x00, 0x00, 0xa1, 0x03, 0x00, 0x00, 0xa3, 0x03, 0x00, 0x00, 0x85, // ................
	0x00, 0x05, 0x00, 0x13, 0x00, 0x00, 0x00, 0xa6, 0x03, 0x00, 0x00, 0xa4, 0x03, 0x00, 0x00, 0xad, // ................
	0x02, 0x00, 0x00, 0x85, 0x00, 0x05, 0x00, 0x13, 0x00, 0x00, 0x00, 0xa8, 0x03, 0x00, 0x00, 0xa6, // ................
	0x03, 0x00, 0x00, 0xd1, 0x04, 0x00, 0x00, 0x81, 0x00, 0x05, 0x00, 0x13, 0x00, 0x00, 0x00, 0xab, // ................
	0x03, 0x00, 0x00, 0xa8, 0x03, 0x00, 0x00, 0x9e, 0x03, 0x00, 0x00, 0x85, 0x00, 0x05, 0x00, 0x13, // ................
	0x00, 0x00, 0x00, 0xad, 0x03, 0x00, 0x00, 0xab, 0x03, 0x00, 0x00, 0xc3, 0x02, 0x00, 0x00, 0x8e, // ................
	0x00, 0x05, 0x00, 0x13, 0x00, 0x00, 0x00, 0xb2, 0x03, 0x00, 0x00, 0xad, 0x03, 0x00, 0x00, 0xe2, // ................
	0x03, 0x00, 0x00, 0x81, 0x00, 0x05, 0x00, 0x13, 0x00, 0x00, 0x00, 0xcd, 0x02, 0x00, 0x00, 0xbd, // ................
	0x02, 0x00, 0x00, 0xb2, 0x03, 0x00, 0x00, 0xf9, 0x00, 0x02, 0x00, 0xce, 0x02, 0x00, 0x00, 0xf8, // ................
	0x00, 0x02, 0x00, 0xce, 0x02, 0x00, 0x00, 0xf5, 0x00, 0x07, 0x00, 0x13, 0x00, 0x00, 0x00, 0xd5, // ................
	0x04, 0x00, 0x00, 0xcd, 0x02, 0x00, 0x00, 0x53, 0x03, 0x00, 0x00, 0x00, 0x03, 0x00, 0x00, 0x01, // .......S........
	0x03, 0x00, 0x00, 0xf5, 0x00, 0x07, 0x00, 0x5b, 0x00, 0x00, 0x00, 0xd4, 0x04, 0x00, 0x00, 0x60, // .......[.......`
	0x00, 0x00, 0x00, 0x53, 0x03, 0x00, 0x00, 0x03, 0x03, 0x00, 0x00, 0x01, 0x03, 0x00, 0x00, 0xb1, // ...S............
	0x00, 0x05, 0x00, 0x34, 0x01, 0x00, 0x00, 0xd1, 0x02, 0x00, 0x00, 0xd4, 0x04, 0x00, 0x00, 0x9a, // ...4............
	0x01, 0x00, 0x00, 0xf6, 0x00, 0x04, 0x00, 0x04, 0x03, 0x00, 0x00, 0x01, 0x03, 0x00, 0x00, 0x00, // ................
	0x00, 0x00, 0x00, 0xfa, 0x00, 0x04, 0x00, 0xd1, 0x02, 0x00, 0x00, 0xd2, 0x02, 0x00, 0x00, 0x04, // ................
	0x03, 0x00, 0x00, 0xf8, 0x00, 0x02, 0x00, 0xd2, 0x02, 0x00, 0x00, 0x6f, 0x00, 0x04, 0x00, 0x07, // ...........o....
	0x00, 0x00, 0x00, 0xd4, 0x02, 0x00, 0x00, 0xd4, 0x04, 0x00, 0x00, 0x41, 0x00, 0x06, 0x00, 0x30, // ...........A...0
	0x01, 0x00, 0x00, 0xd5, 0x02, 0x00, 0x00, 0x2e, 0x01, 0x00, 0x00, 0xbf, 0x01, 0x00, 0x00, 0x2f, // .............../
	0x01, 0x00, 0x00, 0x3d, 0x00, 0x04, 0x00, 0x07, 0x00, 0x00, 0x00, 0xd6, 0x02, 0x00, 0x00, 0xd5, // ...=............
	0x02, 0x00, 0x00, 0xbe, 0x00, 0x05, 0x00, 0x34, 0x01, 0x00, 0x00, 0xd7, 0x02, 0x00, 0x00, 0xd4, // .......4........
	0x02, 0x00, 0x00, 0xd6, 0x02, 0x00, 0x00, 0xf7, 0x00, 0x03, 0x00, 0xd9, 0x02, 0x00, 0x00, 0x00, // ................
	0x00, 0x00, 0x00, 0xfa, 0x00, 0x04, 0x00, 0xd7, 0x02, 0x00, 0x00, 0xd8, 0x02, 0x00, 0x00, 0xd9, // ................
	0x02, 0x00, 0x00, 0xf8, 0x00, 0x02, 0x00, 0xd8, 0x02, 0x00, 0x00, 0xf9, 0x00, 0x02, 0x00, 0x04, // ................
	0x03, 0x00, 0x00, 0xf8, 0x00, 0x02, 0x00, 0xd9, 0x02, 0x00, 0x00, 0x41, 0x00, 0x06, 0x00, 0x70, // ...........A...p
	0x01, 0x00, 0x00, 0xdb, 0x02, 0x00, 0x00, 0x2e, 0x01, 0x00, 0x00, 0xc7, 0x01, 0x00, 0x00, 0xd4, // ................
	0x04, 0x00, 0x00, 0x3d, 0x00, 0x04, 0x00, 0x0d, 0x00, 0x00, 0x00, 0xdc, 0x02, 0x00, 0x00, 0xdb, // ...=............
	0x02, 0x00, 0x00, 0x4f, 0x00, 0x08, 0x00, 0x13, 0x00, 0x00, 0x00, 0xdd, 0x02, 0x00, 0x00, 0xdc, // ...O............
	0x02, 0x00, 0x00, 0xdc, 0x02, 0x00, 0x00, 0x00, 0x00, 0x00, 0x00, 0x01, 0x00, 0x00, 0x00, 0x02, // ................
	0x00, 0x00, 0x00, 0x83, 0x00, 0x05, 0x00, 0x13, 0x00, 0x00, 0x00, 0xdf, 0x02, 0x00, 0x00, 0xdd, // ................
	0x02, 0x00, 0x00, 0x39, 0x02, 0x00, 0x00, 0x94, 0x00, 0x05, 0x00, 0x07, 0x00, 0x00, 0x00, 0xe2, // ...9............
	0x02, 0x00, 0x00, 0xdf, 0x02, 0x00, 0x00, 0xdf, 0x02, 0x00, 0x00, 0x0c, 0x00, 0x07, 0x00, 0x07, // ................
	0x00, 0x00, 0x00, 0xe3, 0x02, 0x00, 0x00, 0x01, 0x00, 0x00, 0x00, 0x28, 0x00, 0x00, 0x00, 0xe2, // ...........(....
	0x02, 0x00, 0x00, 0xd2, 0x01, 0x00, 0x00, 0x0c, 0x00, 0x06, 0x00, 0x13, 0x00, 0x00, 0x00, 0xe5, // ................
	0x02, 0x00, 0x00, 0x01, 0x00, 0x00, 0x00, 0x45, 0x00, 0x00, 0x00, 0xdf, 0x02, 0x00, 0x00, 0x41, // .......E.......A
	0x00, 0x07, 0x00, 0x30, 0x01, 0x00, 0x00, 0xe7, 0x02, 0x00, 0x00, 0x2e, 0x01, 0x00, 0x00, 0xc7, // ...0............
	0x01, 0x00, 0x00, 0xd4, 0x04, 0x00, 0x00, 0x9e, 0x01, 0x00, 0x00, 0x3d, 0x00, 0x04, 0x00, 0x07, // ...........=....
	0x00, 0x00, 0x00, 0xe8, 0x02, 0x00, 0x00, 0xe7, 0x02, 0x00, 0x00, 0x0c, 0x00, 0x07, 0x00, 0x07, // ................
	0x00, 0x00, 0x00, 0xe9, 0x02, 0x00, 0x00, 0x01, 0x00, 0x00, 0x00, 0x28, 0x00, 0x00, 0x00, 0xe8, // ...........(....
	0x02, 0x00, 0x00, 0x8d, 0x00, 0x00, 0x00, 0x85, 0x00, 0x05, 0x00, 0x07, 0x00, 0x00, 0x00, 0xed, // ................
	0x02, 0x00, 0x00, 0xe9, 0x02, 0x00, 0x00, 0xe9, 0x02, 0x00, 0x00, 0x88, 0x00, 0x05, 0x00, 0x07, // ................
	0x00, 0x00, 0x00, 0xee, 0x02, 0x00, 0x00, 0xe3, 0x02, 0x00, 0x00, 0xed, 0x02, 0x00, 0x00, 0x81, // ................
	0x00, 0x05, 0x00, 0x07, 0x00, 0x00, 0x00, 0xef, 0x02, 0x00, 0x00, 0x8d, 0x00, 0x00, 0x00, 0xee, // ................
	0x02, 0x00, 0x00, 0x88, 0x00, 0x05, 0x00, 0x07, 0x00, 0x00, 0x00, 0xf0, 0x02, 0x00, 0x00, 0x8d, // ................
	0x00, 0x00, 0x00, 0xef, 0x02, 0x00, 0x00, 0x41, 0x00, 0x06, 0x00, 0x70, 0x01, 0x00, 0x00, 0xf2, // .......A...p....
	0x02, 0x00, 0x00, 0x2e, 0x01, 0x00, 0x00, 0xe4, 0x01, 0x00, 0x00, 0xd4, 0x04, 0x00, 0x00, 0x3d, // ...............=
	0x00, 0x04, 0x00, 0x0d, 0x00, 0x00, 0x00, 0xf3, 0x02, 0x00, 0x00, 0xf2, 0x02, 0x00, 0x00, 0x4f, // ...............O
	0x00, 0x08, 0x00, 0x13, 0x00, 0x00, 0x00, 0xf4, 0x02, 0x00, 0x00, 0xf3, 0x02, 0x00, 0x00, 0xf3, // ................
	0x02, 0x00, 0x00, 0x00, 0x00, 0x00, 0x00, 0x01, 0x00, 0x00, 0x00, 0x02, 0x00, 0x00, 0x00, 0x8e, // ................
	0x00, 0x05, 0x00, 0x13, 0x00, 0x00, 0x00, 0xf6, 0x02, 0x00, 0x00, 0xf4, 0x02, 0x00, 0x00, 0xf0, // ................
	0x02, 0x00, 0x00, 0x81, 0x00, 0x05, 0x00, 0x13, 0x00, 0x00, 0x00, 0x26, 0x04, 0x00, 0x00, 0xe5, // ...........&....
	0x02, 0x00, 0x00, 0xa2, 0x02, 0x00, 0x00, 0x0c, 0x00, 0x06, 0x00, 0x13, 0x00, 0x00, 0x00, 0x27, // ...............'
	0x04, 0x00, 0x00, 0x01, 0x00, 0x00, 0x00, 0x45, 0x00, 0x00, 0x00, 0x26, 0x04, 0x00, 0x00, 0x94, // .......E...&....
	0x00, 0x05, 0x00, 0x07, 0x00, 0x00, 0x00, 0x6c, 0x04, 0x00, 0x00, 0x9f, 0x02, 0x00, 0x00, 0x27, // .......l.......'
	0x04, 0x00, 0x00, 0x0c, 0x00, 0x07, 0x00, 0x07, 0x00, 0x00, 0x00, 0x6d, 0x04, 0x00, 0x00, 0x01, // ...........m....
	0x00, 0x00, 0x00, 0x28, 0x00, 0x00, 0x00, 0x6c, 0x04, 0x00, 0x00, 0x84, 0x00, 0x00, 0x00, 0x85, // ...(...l........
	0x00, 0x05, 0x00, 0x07, 0x00, 0x00, 0x00, 0x70, 0x04, 0x00, 0x00, 0x6d, 0x04, 0x00, 0x00, 0x6d, // .......p...m...m
	0x04, 0x00, 0x00, 0x85, 0x00, 0x05, 0x00, 0x07, 0x00, 0x00, 0x00, 0x74, 0x04, 0x00, 0x00, 0x70, // ...........t...p
	0x04, 0x00, 0x00, 0xc9, 0x03, 0x00, 0x00, 0x81, 0x00, 0x05, 0x00, 0x07, 0x00, 0x00, 0x00, 0x75, // ...............u
	0x04, 0x00, 0x00, 0x74, 0x04, 0x00, 0x00, 0x8d, 0x00, 0x00, 0x00, 0x85, 0x00, 0x05, 0x00, 0x07, // ...t............
	0x00, 0x00, 0x00, 0x78, 0x04, 0x00, 0x00, 0x92, 0x00, 0x00, 0x00, 0x75, 0x04, 0x00, 0x00, 0x85, // ...x.......u....
	0x00, 0x05, 0x00, 0x07, 0x00, 0x00, 0x00, 0x7a, 0x04, 0x00, 0x00, 0x78, 0x04, 0x00, 0x00, 0x75, // .......z...x...u
	0x04, 0x00, 0x00, 0x0c, 0x00, 0x07, 0x00, 0x07, 0x00, 0x00, 0x00, 0x7b, 0x04, 0x00, 0x00, 0x01, // ...........{....
	0x00, 0x00, 0x00, 0x28, 0x00, 0x00, 0x00, 0x7a, 0x04, 0x00, 0x00, 0x97, 0x00, 0x00, 0x00, 0x88, // ...(...z........
	0x00, 0x05, 0x00, 0x07, 0x00, 0x00, 0x00, 0x7c, 0x04, 0x00, 0x00, 0xbf, 0x03, 0x00, 0x00, 0x7b, // .......|.......{
	0x04, 0x00, 0x00, 0x94, 0x00, 0x05, 0x00, 0x07, 0x00, 0x00, 0x00, 0x8b, 0x04, 0x00, 0x00, 0x9f, // ................
	0x02, 0x00, 0x00, 0xe5, 0x02, 0x00, 0x00, 0x0c, 0x00, 0x07, 0x00, 0x07, 0x00, 0x00, 0x00, 0x8c, // ................
	0x04, 0x00, 0x00, 0x01, 0x00, 0x00, 0x00, 0x28, 0x00, 0x00, 0x00, 0x8b, 0x04, 0x00, 0x00, 0x84, // .......(........
	0x00, 0x00, 0x00, 0x85, 0x00, 0x05, 0x00, 0x07, 0x00, 0x00, 0x00, 0x9f, 0x04, 0x00, 0x00, 0x8c, // ................
	0x04, 0x00, 0x00, 0xec, 0x03, 0x00, 0x00, 0x81, 0x00, 0x05, 0x00, 0x07, 0x00, 0x00, 0x00, 0xa1, // ................
	0x04, 0x00, 0x00, 0x9f, 0x04, 0x00, 0x00, 0xe8, 0x03, 0x00, 0x00, 0x88, 0x00, 0x05, 0x00, 0x07, // ................
	0x00, 0x00, 0x00, 0xa2, 0x04, 0x00, 0x00, 0x8c, 0x04, 0x00, 0x00, 0xa1, 0x04, 0x00, 0x00, 0x85, // ................
	0x00, 0x05, 0x00, 0x07, 0x00, 0x00, 0x00, 0xa5, 0x04, 0x00, 0x00, 0xf0, 0x03, 0x00, 0x00, 0xa2, // ................
	0x04, 0x00, 0x00, 0x94, 0x00, 0x05, 0x00, 0x07, 0x00, 0x00, 0x00, 0x33, 0x04, 0x00, 0x00, 0x27, // ...........3...'
	0x04, 0x00, 0x00, 0xa2, 0x02, 0x00, 0x00, 0x0c, 0x00, 0x07, 0x00, 0x07, 0x00, 0x00, 0x00, 0x34, // ...............4
	0x04, 0x00, 0x00, 0x01, 0x00, 0x00, 0x00, 0x28, 0x00, 0x00, 0x00, 0x33, 0x04, 0x00, 0x00, 0x84, // .......(...3....
	0x00, 0x00, 0x00, 0x83, 0x00, 0x05, 0x00, 0x07, 0x00, 0x00, 0x00, 0xac, 0x04, 0x00, 0x00, 0x8d, // ................
	0x00, 0x00, 0x00, 0x34, 0x04, 0x00, 0x00, 0x0c, 0x00, 0x08, 0x00, 0x07, 0x00, 0x00, 0x00, 0xad, // ...4............
	0x04, 0x00, 0x00, 0x01, 0x00, 0x00, 0x00, 0x2b, 0x00, 0x00, 0x00, 0xac, 0x04, 0x00, 0x00, 0x84, // .......+........
	0x00, 0x00, 0x00, 0x8d, 0x00, 0x00, 0x00, 0x85, 0x00, 0x05, 0x00, 0x07, 0x00, 0x00, 0x00, 0xb0, // ................
	0x04, 0x00, 0x00, 0xad, 0x04, 0x00, 0x00, 0xad, 0x04, 0x00, 0x00, 0x85, 0x00, 0x05, 0x00, 0x07, // ................
	0x00, 0x00, 0x00, 0xb3, 0x04, 0x00, 0x00, 0xb0, 0x04, 0x00, 0x00, 0xb0, 0x04, 0x00, 0x00, 0x85, // ................
	0x00, 0x05, 0x00, 0x07, 0x00, 0x00, 0x00, 0xb5, 0x04, 0x00, 0x00, 0xb3, 0x04, 0x00, 0x00, 0xad, // ................
	0x04, 0x00, 0x00, 0x8e, 0x00, 0x05, 0x00, 0x13, 0x00, 0x00, 0x00, 0xbb, 0x04, 0x00, 0x00, 0x0f, // ................
	0x04, 0x00, 0x00, 0xb5, 0x04, 0x00, 0x00, 0x81, 0x00, 0x05, 0x00, 0x13, 0x00, 0x00, 0x00, 0xbc, // ................
	0x04, 0x00, 0x00, 0x68, 0x03, 0x00, 0x00, 0xbb, 0x04, 0x00, 0x00, 0x85, 0x00, 0x05, 0x00, 0x07, // ...h............
	0x00, 0x00, 0x00, 0x39, 0x04, 0x00, 0x00, 0x7c, 0x04, 0x00, 0x00, 0xa5, 0x04, 0x00, 0x00, 0x8e, // ...9...|........
	0x00, 0x05, 0x00, 0x13, 0x00, 0x00, 0x00, 0x3b, 0x04, 0x00, 0x00, 0xbc, 0x04, 0x00, 0x00, 0x39, // .......;.......9
	0x04, 0x00, 0x00, 0x0c, 0x00, 0x07, 0x00, 0x07, 0x00, 0x00, 0x00, 0x44, 0x04, 0x00, 0x00, 0x01, // ...........D....
	0x00, 0x00, 0x00, 0x28, 0x00, 0x00, 0x00, 0x8b, 0x04, 0x00, 0x00, 0x97, 0x00, 0x00, 0x00, 0x85, // ...(............
	0x00, 0x05, 0x00, 0x07, 0x00, 0x00, 0x00, 0x45, 0x04, 0x00, 0x00, 0x96, 0x03, 0x00, 0x00, 0x44, // .......E.......D
	0x04, 0x00, 0x00, 0x0c, 0x00, 0x07, 0x00, 0x07, 0x00, 0x00, 0x00, 0x46, 0x04, 0x00, 0x00, 0x01, // ...........F....
	0x00, 0x00, 0x00, 0x28, 0x00, 0x00, 0x00, 0x45, 0x04, 0x00, 0x00, 0x97, 0x00, 0x00, 0x00, 0x50, // ...(...E.......P
	0x00, 0x06, 0x00, 0x13, 0x00, 0x00, 0x00, 0x47, 0x04, 0x00, 0x00, 0x46, 0x04, 0x00, 0x00, 0x46, // .......G...F...F
	0x04, 0x00, 0x00, 0x46, 0x04, 0x00, 0x00, 0x88, 0x00, 0x05, 0x00, 0x13, 0x00, 0x00, 0x00, 0x48, // ...F...........H
	0x04, 0x00, 0x00, 0x3b, 0x04, 0x00, 0x00, 0x47, 0x04, 0x00, 0x00, 0x83, 0x00, 0x05, 0x00, 0x13, // ...;...G........
	0x00, 0x00, 0x00, 0x4b, 0x04, 0x00, 0x00, 0xce, 0x04, 0x00, 0x00, 0xbc, 0x04, 0x00, 0x00, 0x8e, // ...K............
	0x00, 0x05, 0x00, 0x13, 0x00, 0x00, 0x00, 0x4e, 0x04, 0x00, 0x00, 0x4b, 0x04, 0x00, 0x00, 0xa3, // .......N...K....
	0x03, 0x00, 0x00, 0x85, 0x00, 0x05, 0x00, 0x13, 0x00, 0x00, 0x00, 0x50, 0x04, 0x00, 0x00, 0x4e, // ...........P...N
	0x04, 0x00, 0x00, 0xad, 0x02, 0x00, 0x00, 0x85, 0x00, 0x05, 0x00, 0x13, 0x00, 0x00, 0x00, 0x52, // ...............R
	0x04, 0x00, 0x00, 0x50, 0x04, 0x00, 0x00, 0xd1, 0x04, 0x00, 0x00, 0x81, 0x00, 0x05, 0x00, 0x13, // ...P............
	0x00, 0x00, 0x00, 0x55, 0x04, 0x00, 0x00, 0x52, 0x04, 0x00, 0x00, 0x48, 0x04, 0x00, 0x00, 0x85, // ...U...R...H....
	0x00, 0x05, 0x00, 0x13, 0x00, 0x00, 0x00, 0x57, 0x04, 0x00, 0x00, 0x55, 0x04, 0x00, 0x00, 0xf6, // .......W...U....
	0x02, 0x00, 0x00, 0x8e, 0x00, 0x05, 0x00, 0x13, 0x00, 0x00, 0x00, 0x5c, 0x04, 0x00, 0x00, 0x57, // ...............W
	0x04, 0x00, 0x00, 0x8c, 0x04, 0x00, 0x00, 0x81, 0x00, 0x05, 0x00, 0x13, 0x00, 0x00, 0x00, 0x00, // ................
	0x03, 0x00, 0x00, 0xd5, 0x04, 0x00, 0x00, 0x5c, 0x04, 0x00, 0x00, 0xf9, 0x00, 0x02, 0x00, 0x01, // ................
	0x03, 0x00, 0x00, 0xf8, 0x00, 0x02, 0x00, 0x01, 0x03, 0x00, 0x00, 0x80, 0x00, 0x05, 0x00, 0x5b, // ...............[
	0x00, 0x00, 0x00, 0x03, 0x03, 0x00, 0x00, 0xd4, 0x04, 0x00, 0x00, 0x5c, 0x00, 0x00, 0x00, 0xf9, // ................
	0x00, 0x02, 0x00, 0xce, 0x02, 0x00, 0x00, 0xf8, 0x00, 0x02, 0x00, 0x04, 0x03, 0x00, 0x00, 0x41, // ...............A
	0x00, 0x06, 0x00, 0x30, 0x01, 0x00, 0x00, 0x06, 0x03, 0x00, 0x00, 0x2e, 0x01, 0x00, 0x00, 0x5c, // ...0............
	0x00, 0x00, 0x00, 0x40, 0x01, 0x00, 0x00, 0x3d, 0x00, 0x04, 0x00, 0x07, 0x00, 0x00, 0x00, 0x07, // ...@...=........
	0x03, 0x00, 0x00, 0x06, 0x03, 0x00, 0x00, 0x8e, 0x00, 0x05, 0x00, 0x13, 0x00, 0x00, 0x00, 0x08, // ................
	0x03, 0x00, 0x00, 0xad, 0x02, 0x00, 0x00, 0x07, 0x03, 0x00, 0x00, 0x81, 0x00, 0x05, 0x00, 0x13, // ................
	0x00, 0x00, 0x00, 0x0a, 0x03, 0x00, 0x00, 0xd5, 0x04, 0x00, 0x00, 0x08, 0x03, 0x00, 0x00, 0x81, // ................
	0x00, 0x05, 0x00, 0x13, 0x00, 0x00, 0x00, 0x0e, 0x03, 0x00, 0x00, 0x0a, 0x03, 0x00, 0x00, 0xce, // ................
	0x04, 0x00, 0x00, 0x88, 0x00, 0x05, 0x00, 0x13, 0x00, 0x00, 0x00, 0x0f, 0x03, 0x00, 0x00, 0x0a, // ................
	0x03, 0x00, 0x00, 0x0e, 0x03, 0x00, 0x00, 0x0c, 0x00, 0x07, 0x00, 0x13, 0x00, 0x00, 0x00, 0x12, // ................
	0x03, 0x00, 0x00, 0x01, 0x00, 0x00, 0x00, 0x1a, 0x00, 0x00, 0x00, 0x0f, 0x03, 0x00, 0x00, 0xd2, // ................
	0x04, 0x00, 0x00, 0x51, 0x00, 0x05, 0x00, 0x07, 0x00, 0x00, 0x00, 0x14, 0x03, 0x00, 0x00, 0x2a, // ...Q...........*
	0x02, 0x00, 0x00, 0x03, 0x00, 0x00, 0x00, 0x41, 0x00, 0x06, 0x00, 0x30, 0x01, 0x00, 0x00, 0x15, // .......A...0....
	0x03, 0x00, 0x00, 0x2e, 0x01, 0x00, 0x00, 0x5c, 0x00, 0x00, 0x00, 0x9e, 0x01, 0x00, 0x00, 0x3d, // ...............=
	0x00, 0x04, 0x00, 0x07, 0x00, 0x00, 0x00, 0x16, 0x03, 0x00, 0x00, 0x15, 0x03, 0x00, 0x00, 0xba, // ................
	0x00, 0x05, 0x00, 0x34, 0x01, 0x00, 0x00, 0x17, 0x03, 0x00, 0x00, 0x16, 0x03, 0x00, 0x00, 0x84, // ...4............
	0x00, 0x00, 0x00, 0xb8, 0x00, 0x05, 0x00, 0x34, 0x01, 0x00, 0x00, 0x1b, 0x03, 0x00, 0x00, 0x14, // .......4........
	0x03, 0x00, 0x00, 0x16, 0x03, 0x00, 0x00, 0xa7, 0x00, 0x05, 0x00, 0x34, 0x01, 0x00, 0x00, 0x1c, // ...........4....
	0x03, 0x00, 0x00, 0x17, 0x03, 0x00, 0x00, 0x1b, 0x03, 0x00, 0x00, 0xf7, 0x00, 0x03, 0x00, 0x1e, // ................
	0x03, 0x00, 0x00, 0x00, 0x00, 0x00, 0x00, 0xfa, 0x00, 0x04, 0x00, 0x1c, 0x03, 0x00, 0x00, 0x1d, // ................
	0x03, 0x00, 0x00, 0x1e, 0x03, 0x00, 0x00, 0xf8, 0x00, 0x02, 0x00, 0x1d, 0x03, 0x00, 0x00, 0xfc, // ................
	0x00, 0x01, 0x00, 0xf8, 0x00, 0x02, 0x00, 0x1e, 0x03, 0x00, 0x00, 0x51, 0x00, 0x05, 0x00, 0x07, // ...........Q....
	0x00, 0x00, 0x00, 0x21, 0x03, 0x00, 0x00, 0x12, 0x03, 0x00, 0x00, 0x00, 0x00, 0x00, 0x00, 0x51, // ...!...........Q
	0x00, 0x05, 0x00, 0x07, 0x00, 0x00, 0x00, 0x22, 0x03, 0x00, 0x00, 0x12, 0x03, 0x00, 0x00, 0x01, // ......."........
	0x00, 0x00, 0x00, 0x51, 0x00, 0x05, 0x00, 0x07, 0x00, 0x00, 0x00, 0x23, 0x03, 0x00, 0x00, 0x12, // ...Q.......#....
	0x03, 0x00, 0x00, 0x02, 0x00, 0x00, 0x00, 0x50, 0x00, 0x07, 0x00, 0x0d, 0x00, 0x00, 0x00, 0x24, // .......P.......$
	0x03, 0x00, 0x00, 0x21, 0x03, 0x00, 0x00, 0x22, 0x03, 0x00, 0x00, 0x23, 0x03, 0x00, 0x00, 0x14, // ...!..."...#....
	0x03, 0x00, 0x00, 0x3e, 0x00, 0x03, 0x00, 0x4e, 0x02, 0x00, 0x00, 0x24, 0x03, 0x00, 0x00, 0x3e, // ...>...N...$...>
	0x00, 0x03, 0x00, 0x51, 0x02, 0x00, 0x00, 0xd3, 0x04, 0x00, 0x00, 0xfd, 0x00, 0x01, 0x00, 0x38, // ...Q...........8
	0x00, 0x01, 0x00, 0x00, 0x00, 0xe0, 0x00,                                                       // .......
};

static const uint8_t fs_pbr_mesh_dx11[5167] =
{
	0x46, 0x53, 0x48, 0x0b, 0x0a, 0x14, 0x48, 0x0f, 0x00, 0x00, 0x00, 0x00, 0x09, 0x00, 0x09, 0x75, // FSH...H........u
	0x4c, 0x6f, 0x67, 0x44, 0x65, 0x70, 0x74, 0x68, 0x12, 0x00, 0x00, 0x00, 0x01, 0x00, 0x00, 0x00, // LogDepth........
	0x00, 0x00, 0x0a, 0x75, 0x5f, 0x6d, 0x61, 0x74, 0x65, 0x72, 0x69, 0x61, 0x6c, 0x12, 0x00, 0x10, // ...u_material...
	0x00, 0x01, 0x00, 0x00, 0x00, 0x00, 0x00, 0x0a, 0x75, 0x5f, 0x72, 0x41, 0x6d, 0x62, 0x69, 0x65, // ........u_rAmbie
	0x6e, 0x74, 0x12, 0x00, 0x20, 0x00, 0x01, 0x00, 0x00, 0x00, 0x00, 0x00, 0x0c, 0x75, 0x5f, 0x72, // nt.. ........u_r
	0x44, 0x69, 0x72, 0x65, 0x63, 0x74, 0x69, 0x6f, 0x6e, 0x12, 0x00, 0x30, 0x00, 0x01, 0x00, 0x00, // Direction..0....
	0x00, 0x00, 0x00, 0x11, 0x75, 0x5f, 0x72, 0x44, 0x69, 0x72, 0x65, 0x63, 0x74, 0x69, 0x6f, 0x6e, // ....u_rDirection
	0x43, 0x6f, 0x6c, 0x6f, 0x72, 0x12, 0x00, 0x40, 0x00, 0x01, 0x00, 0x00, 0x00, 0x00, 0x00, 0x11, // Color..@........
	0x75, 0x5f, 0x72, 0x50, 0x6f, 0x69, 0x6e, 0x74, 0x50, 0x6f, 0x73, 0x69, 0x74, 0x69, 0x6f, 0x6e, // u_rPointPosition
	0x73, 0x12, 0x04, 0x50, 0x00, 0x04, 0x00, 0x00, 0x00, 0x00, 0x00, 0x0e, 0x75, 0x5f, 0x72, 0x50, // s..P........u_rP
	0x6f, 0x69, 0x6e, 0x74, 0x43, 0x6f, 0x6c, 0x6f, 0x72, 0x73, 0x12, 0x04, 0x90, 0x00, 0x04, 0x00, // ointColors......
	0x00, 0x00, 0x00, 0x00, 0x09, 0x75, 0x5f, 0x72, 0x50, 0x61, 0x72, 0x61, 0x6d, 0x73, 0x12, 0x00, // .....u_rParams..
	0xd0, 0x00, 0x01, 0x00, 0x00, 0x00, 0x00, 0x00, 0x08, 0x73, 0x5f, 0x61, 0x6c, 0x62, 0x65, 0x64, // .........s_albed
	0x6f, 0x30, 0x01, 0x00, 0x00, 0x01, 0x00, 0x00, 0x00, 0x00, 0x00, 0x4c, 0x13, 0x00, 0x00, 0x44, // o0.........L...D
	0x58, 0x42, 0x43, 0x8b, 0x3e, 0x76, 0x57, 0x83, 0xde, 0xfb, 0x28, 0x45, 0x85, 0x4a, 0x17, 0xde, // XBC.>vW...(E.J..
	0x69, 0x4f, 0x0d, 0x01, 0x00, 0x00, 0x00, 0x4c, 0x13, 0x00, 0x00, 0x03, 0x00, 0x00, 0x00, 0x2c, // iO.....L.......,
	0x00, 0x00, 0x00, 0xe4, 0x00, 0x00, 0x00, 0x38, 0x01, 0x00, 0x00, 0x49, 0x53, 0x47, 0x4e, 0xb0, // .......8...ISGN.
	0x00, 0x00, 0x00, 0x06, 0x00, 0x00, 0x00, 0x08, 0x00, 0x00, 0x00, 0x98, 0x00, 0x00, 0x00, 0x00, // ................
	0x00, 0x00, 0x00, 0x01, 0x00, 0x00, 0x00, 0x03, 0x00, 0x00, 0x00, 0x00, 0x00, 0x00, 0x00, 0x0f, // ................
	0x04, 0x00, 0x00, 0xa4, 0x00, 0x00, 0x00, 0x01, 0x00, 0x00, 0x00, 0x00, 0x00, 0x00, 0x00, 0x03, // ................
	0x00, 0x00, 0x00, 0x01, 0x00, 0x00, 0x00, 0x0f, 0x0f, 0x00, 0x00, 0xa4, 0x00, 0x00, 0x00, 0x02, // ................
	0x00, 0x00, 0x00, 0x00, 0x00, 0x00, 0x00, 0x03, 0x00, 0x00, 0x00, 0x02, 0x00, 0x00, 0x00, 0x01, // ................
	0x01, 0x00, 0x00, 0xa4, 0x00, 0x00, 0x00, 0x00, 0x00, 0x00, 0x00, 0x00, 0x00, 0x00, 0x00, 0x03, // ................
	0x00, 0x00, 0x00, 0x02, 0x00, 0x00, 0x00, 0x0e, 0x0e, 0x00, 0x00, 0xa4, 0x00, 0x00, 0x00, 0x03, // ................
	0x00, 0x00, 0x00, 0x00, 0x00, 0x00, 0x00, 0x03, 0x00, 0x00, 0x00, 0x03, 0x00, 0x00, 0x00, 0x03, // ................
	0x03, 0x00, 0x00, 0xa4, 0x00, 0x00, 0x00, 0x04, 0x00, 0x00, 0x00, 0x00, 0x00, 0x00, 0x00, 0x03, // ................
	0x00, 0x00, 0x00, 0x04, 0x00, 0x00, 0x00, 0x07, 0x07, 0x00, 0x00, 0x53, 0x56, 0x5f, 0x50, 0x4f, // ...........SV_PO
	0x53, 0x49, 0x54, 0x49, 0x4f, 0x4e, 0x00, 0x54, 0x45, 0x58, 0x43, 0x4f, 0x4f, 0x52, 0x44, 0x00, // SITION.TEXCOORD.
	0xab, 0xab, 0xab, 0x4f, 0x53, 0x47, 0x4e, 0x4c, 0x00, 0x00, 0x00, 0x02, 0x00, 0x00, 0x00, 0x08, // ...OSGNL........
	0x00, 0x00, 0x00, 0x38, 0x00, 0x00, 0x00, 0x00, 0x00, 0x00, 0x00, 0x00, 0x00, 0x00, 0x00, 0x03, // ...8............
	0x00, 0x00, 0x00, 0x00, 0x00, 0x00, 0x00, 0x0f, 0x00, 0x00, 0x00, 0x42, 0x00, 0x00, 0x00, 0x00, // ...........B....
	0x00, 0x00, 0x00, 0x00, 0x00, 0x00, 0x00, 0x03, 0x00, 0x00, 0x00, 0xff, 0xff, 0xff, 0xff, 0x01, // ................
	0x0e, 0x00, 0x00, 0x53, 0x56, 0x5f, 0x54, 0x41, 0x52, 0x47, 0x45, 0x54, 0x00, 0x53, 0x56, 0x5f, // ...SV_TARGET.SV_
	0x44, 0x45, 0x50, 0x54, 0x48, 0x00, 0xab, 0x53, 0x48, 0x44, 0x52, 0x0c, 0x12, 0x00, 0x00, 0x40, // DEPTH..SHDR....@
	0x00, 0x00, 0x00, 0x83, 0x04, 0x00, 0x00, 0x59, 0x08, 0x00, 0x04, 0x46, 0x8e, 0x20, 0x00, 0x00, // .......Y...F. ..
	0x00, 0x00, 0x00, 0x0e, 0x00, 0x00, 0x00, 0x5a, 0x00, 0x00, 0x03, 0x00, 0x60, 0x10, 0x00, 0x00, // .......Z....`...
	0x00, 0x00, 0x00, 0x58, 0x18, 0x00, 0x04, 0x00, 0x70, 0x10, 0x00, 0x00, 0x00, 0x00, 0x00, 0x55, // ...X....p......U
	0x55, 0x00, 0x00, 0x64, 0x20, 0x00, 0x04, 0x42, 0x10, 0x10, 0x00, 0x00, 0x00, 0x00, 0x00, 0x01, // U..d ..B........
	0x00, 0x00, 0x00, 0x62, 0x10, 0x00, 0x03, 0xf2, 0x10, 0x10, 0x00, 0x01, 0x00, 0x00, 0x00, 0x62, // ...b...........b
	0x10, 0x00, 0x03, 0x12, 0x10, 0x10, 0x00, 0x02, 0x00, 0x00, 0x00, 0x62, 0x10, 0x00, 0x03, 0xe2, // ...........b....
	0x10, 0x10, 0x00, 0x02, 0x00, 0x00, 0x00, 0x62, 0x10, 0x00, 0x03, 0x32, 0x10, 0x10, 0x00, 0x03, // .......b...2....
	0x00, 0x00, 0x00, 0x62, 0x10, 0x00, 0x03, 0x72, 0x10, 0x10, 0x00, 0x04, 0x00, 0x00, 0x00, 0x65, // ...b...r.......e
	0x00, 0x00, 0x03, 0xf2, 0x20, 0x10, 0x00, 0x00, 0x00, 0x00, 0x00, 0x65, 0x00, 0x00, 0x02, 0x01, // .... ......e....
	0xc0, 0x00, 0x00, 0x68, 0x00, 0x00, 0x02, 0x0d, 0x00, 0x00, 0x00, 0x1d, 0x00, 0x00, 0x08, 0x12, // ...h............
	0x00, 0x10, 0x00, 0x00, 0x00, 0x00, 0x00, 0x0a, 0x80, 0x20, 0x00, 0x00, 0x00, 0x00, 0x00, 0x00, // ......... ......
	0x00, 0x00, 0x00, 0x01, 0x40, 0x00, 0x00, 0x00, 0x00, 0x00, 0x3f, 0x31, 0x00, 0x00, 0x08, 0x22, // ....@.....?1..."
	0x00, 0x10, 0x00, 0x00, 0x00, 0x00, 0x00, 0x0a, 0x10, 0x10, 0x00, 0x02, 0x00, 0x00, 0x00, 0x1a, // ................
	0x80, 0x20, 0x00, 0x00, 0x00, 0x00, 0x00, 0x00, 0x00, 0x00, 0x00, 0x31, 0x00, 0x00, 0x08, 0x42, // . .........1...B
	0x00, 0x10, 0x00, 0x00, 0x00, 0x00, 0x00, 0x2a, 0x80, 0x20, 0x00, 0x00, 0x00, 0x00, 0x00, 0x00, // .......*. ......
	0x00, 0x00, 0x00, 0x0a, 0x10, 0x10, 0x00, 0x02, 0x00, 0x00, 0x00, 0x3c, 0x00, 0x00, 0x07, 0x22, // ...........<..."
	0x00, 0x10, 0x00, 0x00, 0x00, 0x00, 0x00, 0x2a, 0x00, 0x10, 0x00, 0x00, 0x00, 0x00, 0x00, 0x1a, // .......*........
	0x00, 0x10, 0x00, 0x00, 0x00, 0x00, 0x00, 0x01, 0x00, 0x00, 0x07, 0x22, 0x00, 0x10, 0x00, 0x00, // ..........."....
	0x00, 0x00, 0x00, 0x1a, 0x00, 0x10, 0x00, 0x00, 0x00, 0x00, 0x00, 0x0a, 0x00, 0x10, 0x00, 0x00, // ................
	0x00, 0x00, 0x00, 0x0d, 0x00, 0x04, 0x03, 0x1a, 0x00, 0x10, 0x00, 0x00, 0x00, 0x00, 0x00, 0x0e, // ................
	0x00, 0x00, 0x08, 0x22, 0x00, 0x10, 0x00, 0x00, 0x00, 0x00, 0x00, 0x0a, 0x10, 0x10, 0x00, 0x02, // ..."............
	0x00, 0x00, 0x00, 0x1a, 0x80, 0x20, 0x00, 0x00, 0x00, 0x00, 0x00, 0x00, 0x00, 0x00, 0x00, 0x34, // ..... .........4
	0x00, 0x00, 0x07, 0x22, 0x00, 0x10, 0x00, 0x00, 0x00, 0x00, 0x00, 0x1a, 0x00, 0x10, 0x00, 0x00, // ..."............
	0x00, 0x00, 0x00, 0x01, 0x40, 0x00, 0x00, 0x00, 0x00, 0x80, 0x3f, 0x2f, 0x00, 0x00, 0x05, 0x22, // ....@.....?/..."
	0x00, 0x10, 0x00, 0x00, 0x00, 0x00, 0x00, 0x1a, 0x00, 0x10, 0x00, 0x00, 0x00, 0x00, 0x00, 0x0e, // ................
	0x00, 0x00, 0x09, 0x42, 0x00, 0x10, 0x00, 0x00, 0x00, 0x00, 0x00, 0x2a, 0x80, 0x20, 0x00, 0x00, // ...B.......*. ..
	0x00, 0x00, 0x00, 0x00, 0x00, 0x00, 0x00, 0x1a, 0x80, 0x20, 0x00, 0x00, 0x00, 0x00, 0x00, 0x00, // ......... ......
	0x00, 0x00, 0x00, 0x34, 0x00, 0x00, 0x07, 0x42, 0x00, 0x10, 0x00, 0x00, 0x00, 0x00, 0x00, 0x2a, // ...4...B.......*
	0x00, 0x10, 0x00, 0x00, 0x00, 0x00, 0x00, 0x01, 0x40, 0x00, 0x00, 0x08, 0x00, 0x80, 0x3f, 0x2f, // ........@.....?/
	0x00, 0x00, 0x05, 0x42, 0x00, 0x10, 0x00, 0x00, 0x00, 0x00, 0x00, 0x2a, 0x00, 0x10, 0x00, 0x00, // ...B.......*....
	0x00, 0x00, 0x00, 0x0e, 0x00, 0x00, 0x07, 0x22, 0x00, 0x10, 0x00, 0x00, 0x00, 0x00, 0x00, 0x1a, // ......."........
	0x00, 0x10, 0x00, 0x00, 0x00, 0x00, 0x00, 0x2a, 0x00, 0x10, 0x00, 0x00, 0x00, 0x00, 0x00, 0x33, // .......*.......3
	0x00, 0x00, 0x07, 0x22, 0x00, 0x10, 0x00, 0x00, 0x00, 0x00, 0x00, 0x1a, 0x00, 0x10, 0x00, 0x00, // ..."............
	0x00, 0x00, 0x00, 0x01, 0x40, 0x00, 0x00, 0x00, 0x00, 0x80, 0x3f, 0x10, 0x00, 0x00, 0x07, 0x42, // ....@.....?....B
	0x00, 0x10, 0x00, 0x00, 0x00, 0x00, 0x00, 0x96, 0x17, 0x10, 0x00, 0x02, 0x00, 0x00, 0x00, 0x96, // ................
	0x17, 0x10, 0x00, 0x02, 0x00, 0x00, 0x00, 0x44, 0x00, 0x00, 0x05, 0x42, 0x00, 0x10, 0x00, 0x00, // .......D...B....
	0x00, 0x00, 0x00, 0x2a, 0x00, 0x10, 0x00, 0x00, 0x00, 0x00, 0x00, 0x38, 0x00, 0x00, 0x07, 0x72, // ...*.......8...r
	0x00, 0x10, 0x00, 0x01, 0x00, 0x00, 0x00, 0xa6, 0x0a, 0x10, 0x00, 0x00, 0x00, 0x00, 0x00, 0x96, // ................
	0x17, 0x10, 0x00, 0x02, 0x00, 0x00, 0x00, 0x10, 0x00, 0x00, 0x09, 0x42, 0x00, 0x10, 0x00, 0x00, // ...........B....
	0x00, 0x00, 0x00, 0x46, 0x12, 0x10, 0x80, 0x41, 0x00, 0x00, 0x00, 0x04, 0x00, 0x00, 0x00, 0x46, // ...F...A.......F
	0x12, 0x10, 0x80, 0x41, 0x00, 0x00, 0x00, 0x04, 0x00, 0x00, 0x00, 0x44, 0x00, 0x00, 0x05, 0x42, // ...A.......D...B
	0x00, 0x10, 0x00, 0x00, 0x00, 0x00, 0x00, 0x2a, 0x00, 0x10, 0x00, 0x00, 0x00, 0x00, 0x00, 0x38, // .......*.......8
	0x00, 0x00, 0x08, 0x72, 0x00, 0x10, 0x00, 0x02, 0x00, 0x00, 0x00, 0xa6, 0x0a, 0x10, 0x00, 0x00, // ...r............
	0x00, 0x00, 0x00, 0x46, 0x12, 0x10, 0x80, 0x41, 0x00, 0x00, 0x00, 0x04, 0x00, 0x00, 0x00, 0x10, // ...F...A........
	0x00, 0x00, 0x09, 0x42, 0x00, 0x10, 0x00, 0x00, 0x00, 0x00, 0x00, 0x46, 0x82, 0x20, 0x00, 0x00, // ...B.......F. ..
	0x00, 0x00, 0x00, 0x03, 0x00, 0x00, 0x00, 0x46, 0x82, 0x20, 0x00, 0x00, 0x00, 0x00, 0x00, 0x03, // .......F. ......
	0x00, 0x00, 0x00, 0x44, 0x00, 0x00, 0x05, 0x42, 0x00, 0x10, 0x00, 0x00, 0x00, 0x00, 0x00, 0x2a, // ...D...B.......*
	0x00, 0x10, 0x00, 0x00, 0x00, 0x00, 0x00, 0x38, 0x00, 0x00, 0x08, 0x72, 0x00, 0x10, 0x00, 0x03, // .......8...r....
	0x00, 0x00, 0x00, 0xa6, 0x0a, 0x10, 0x00, 0x00, 0x00, 0x00, 0x00, 0x46, 0x82, 0x20, 0x00, 0x00, // ...........F. ..
	0x00, 0x00, 0x00, 0x03, 0x00, 0x00, 0x00, 0x45, 0x00, 0x00, 0x09, 0xf2, 0x00, 0x10, 0x00, 0x04, // .......E........
	0x00, 0x00, 0x00, 0x46, 0x10, 0x10, 0x00, 0x03, 0x00, 0x00, 0x00, 0x46, 0x7e, 0x10, 0x00, 0x00, // ...F.......F~...
	0x00, 0x00, 0x00, 0x00, 0x60, 0x10, 0x00, 0x00, 0x00, 0x00, 0x00, 0x38, 0x00, 0x00, 0x07, 0x72, // ....`......8...r
	0x00, 0x10, 0x00, 0x05, 0x00, 0x00, 0x00, 0x46, 0x02, 0x10, 0x00, 0x04, 0x00, 0x00, 0x00, 0x46, // .......F.......F
	0x12, 0x10, 0x00, 0x01, 0x00, 0x00, 0x00, 0x36, 0x20, 0x00, 0x06, 0x82, 0x00, 0x10, 0x00, 0x00, // .......6 .......
	0x00, 0x00, 0x00, 0x0a, 0x80, 0x20, 0x00, 0x00, 0x00, 0x00, 0x00, 0x01, 0x00, 0x00, 0x00, 0x34, // ..... .........4
	0x00, 0x00, 0x08, 0x82, 0x00, 0x10, 0x00, 0x01, 0x00, 0x00, 0x00, 0x1a, 0x80, 0x20, 0x00, 0x00, // ............. ..
	0x00, 0x00, 0x00, 0x01, 0x00, 0x00, 0x00, 0x01, 0x40, 0x00, 0x00, 0x8f, 0xc2, 0xf5, 0x3c, 0x33, // ........@.....<3
	0x00, 0x00, 0x07, 0x82, 0x00, 0x10, 0x00, 0x01, 0x00, 0x00, 0x00, 0x3a, 0x00, 0x10, 0x00, 0x01, // ...........:....
	0x00, 0x00, 0x00, 0x01, 0x40, 0x00, 0x00, 0x00, 0x00, 0x80, 0x3f, 0x32, 0x00, 0x00, 0x0c, 0x72, // ....@.....?2...r
	0x00, 0x10, 0x00, 0x04, 0x00, 0x00, 0x00, 0x46, 0x02, 0x10, 0x00, 0x04, 0x00, 0x00, 0x00, 0x46, // .......F.......F
	0x12, 0x10, 0x00, 0x01, 0x00, 0x00, 0x00, 0x02, 0x40, 0x00, 0x00, 0x0a, 0xd7, 0x23, 0xbd, 0x0a, // ........@....#..
	0xd7, 0x23, 0xbd, 0x0a, 0xd7, 0x23, 0xbd, 0x00, 0x00, 0x00, 0x00, 0x32, 0x00, 0x00, 0x0c, 0x72, // .#...#.....2...r
	0x00, 0x10, 0x00, 0x04, 0x00, 0x00, 0x00, 0xf6, 0x0f, 0x10, 0x00, 0x00, 0x00, 0x00, 0x00, 0x46, // ...............F
	0x02, 0x10, 0x00, 0x04, 0x00, 0x00, 0x00, 0x02, 0x40, 0x00, 0x00, 0x0a, 0xd7, 0x23, 0x3d, 0x0a, // ........@....#=.
	0xd7, 0x23, 0x3d, 0x0a, 0xd7, 0x23, 0x3d, 0x00, 0x00, 0x00, 0x00, 0x38, 0x00, 0x00, 0x09, 0x72, // .#=..#=....8...r
	0x00, 0x10, 0x00, 0x06, 0x00, 0x00, 0x00, 0xf6, 0x8f, 0x20, 0x00, 0x00, 0x00, 0x00, 0x00, 0x03, // ......... ......
	0x00, 0x00, 0x00, 0x46, 0x82, 0x20, 0x00, 0x00, 0x00, 0x00, 0x00, 0x04, 0x00, 0x00, 0x00, 0x32, // ...F. .........2
	0x00, 0x00, 0x0a, 0x72, 0x00, 0x10, 0x00, 0x07, 0x00, 0x00, 0x00, 0x46, 0x82, 0x20, 0x00, 0x00, // ...r.......F. ..
	0x00, 0x00, 0x00, 0x03, 0x00, 0x00, 0x00, 0xa6, 0x0a, 0x10, 0x00, 0x00, 0x00, 0x00, 0x00, 0x46, // ...............F
	0x02, 0x10, 0x00, 0x02, 0x00, 0x00, 0x00, 0x10, 0x00, 0x00, 0x07, 0x42, 0x00, 0x10, 0x00, 0x00, // ...........B....
	0x00, 0x00, 0x00, 0x46, 0x02, 0x10, 0x00, 0x07, 0x00, 0x00, 0x00, 0x46, 0x02, 0x10, 0x00, 0x07, // ...F.......F....
	0x00, 0x00, 0x00, 0x44, 0x00, 0x00, 0x05, 0x42, 0x00, 0x10, 0x00, 0x00, 0x00, 0x00, 0x00, 0x2a, // ...D...B.......*
	0x00, 0x10, 0x00, 0x00, 0x00, 0x00, 0x00, 0x38, 0x00, 0x00, 0x07, 0x72, 0x00, 0x10, 0x00, 0x07, // .......8...r....
	0x00, 0x00, 0x00, 0xa6, 0x0a, 0x10, 0x00, 0x00, 0x00, 0x00, 0x00, 0x46, 0x02, 0x10, 0x00, 0x07, // ...........F....
	0x00, 0x00, 0x00, 0x38, 0x00, 0x00, 0x07, 0x42, 0x00, 0x10, 0x00, 0x00, 0x00, 0x00, 0x00, 0x3a, // ...8...B.......:
	0x00, 0x10, 0x00, 0x01, 0x00, 0x00, 0x00, 0x3a, 0x00, 0x10, 0x00, 0x01, 0x00, 0x00, 0x00, 0x38, // .......:.......8
	0x00, 0x00, 0x07, 0x82, 0x00, 0x10, 0x00, 0x02, 0x00, 0x00, 0x00, 0x2a, 0x00, 0x10, 0x00, 0x00, // ...........*....
	0x00, 0x00, 0x00, 0x2a, 0x00, 0x10, 0x00, 0x00, 0x00, 0x00, 0x00, 0x10, 0x00, 0x00, 0x07, 0x82, // ...*............
	0x00, 0x10, 0x00, 0x03, 0x00, 0x00, 0x00, 0x46, 0x02, 0x10, 0x00, 0x01, 0x00, 0x00, 0x00, 0x46, // .......F.......F
	0x02, 0x10, 0x00, 0x07, 0x00, 0x00, 0x00, 0x34, 0x00, 0x00, 0x07, 0x82, 0x00, 0x10, 0x00, 0x03, // .......4........
	0x00, 0x00, 0x00, 0x3a, 0x00, 0x10, 0x00, 0x03, 0x00, 0x00, 0x00, 0x01, 0x40, 0x00, 0x00, 0x00, // ...:........@...
	0x00, 0x00, 0x00, 0x38, 0x00, 0x00, 0x07, 0x82, 0x00, 0x10, 0x00, 0x03, 0x00, 0x00, 0x00, 0x3a, // ...8...........:
	0x00, 0x10, 0x00, 0x03, 0x00, 0x00, 0x00, 0x3a, 0x00, 0x10, 0x00, 0x03, 0x00, 0x00, 0x00, 0x32, // .......:.......2
	0x00, 0x00, 0x09, 0x42, 0x00, 0x10, 0x00, 0x00, 0x00, 0x00, 0x00, 0x2a, 0x00, 0x10, 0x00, 0x00, // ...B.......*....
	0x00, 0x00, 0x00, 0x2a, 0x00, 0x10, 0x00, 0x00, 0x00, 0x00, 0x00, 0x01, 0x40, 0x00, 0x00, 0x00, // ...*........@...
	0x00, 0x80, 0xbf, 0x32, 0x00, 0x00, 0x09, 0x82, 0x00, 0x10, 0x00, 0x03, 0x00, 0x00, 0x00, 0x3a, // ...2...........:
	0x00, 0x10, 0x00, 0x03, 0x00, 0x00, 0x00, 0x2a, 0x00, 0x10, 0x00, 0x00, 0x00, 0x00, 0x00, 0x01, // .......*........
	0x40, 0x00, 0x00, 0x00, 0x00, 0x80, 0x3f, 0x38, 0x00, 0x00, 0x07, 0x82, 0x00, 0x10, 0x00, 0x03, // @.....?8........
	0x00, 0x00, 0x00, 0x3a, 0x00, 0x10, 0x00, 0x03, 0x00, 0x00, 0x00, 0x3a, 0x00, 0x10, 0x00, 0x03, // ...:.......:....
	0x00, 0x00, 0x00, 0x38, 0x00, 0x00, 0x07, 0x82, 0x00, 0x10, 0x00, 0x03, 0x00, 0x00, 0x00, 0x3a, // ...8...........:
	0x00, 0x10, 0x00, 0x03, 0x00, 0x00, 0x00, 0x01, 0x40, 0x00, 0x00, 0xdb, 0x0f, 0x49, 0x40, 0x34, // ........@....I@4
	0x00, 0x00, 0x07, 0x82, 0x00, 0x10, 0x00, 0x03, 0x00, 0x00, 0x00, 0x3a, 0x00, 0x10, 0x00, 0x03, // ...........:....
	0x00, 0x00, 0x00, 0x01, 0x40, 0x00, 0x00, 0x6f, 0x12, 0x83, 0x3a, 0x0e, 0x00, 0x00, 0x07, 0x82, // ....@..o..:.....
	0x00, 0x10, 0x00, 0x03, 0x00, 0x00, 0x00, 0x3a, 0x00, 0x10, 0x00, 0x02, 0x00, 0x00, 0x00, 0x3a, // .......:.......:
	0x00, 0x10, 0x00, 0x03, 0x00, 0x00, 0x00, 0x10, 0x00, 0x00, 0x07, 0x82, 0x00, 0x10, 0x00, 0x04, // ................
	0x00, 0x00, 0x00, 0x46, 0x02, 0x10, 0x00, 0x01, 0x00, 0x00, 0x00, 0x46, 0x02, 0x10, 0x00, 0x02, // ...F.......F....
	0x00, 0x00, 0x00, 0x34, 0x00, 0x00, 0x07, 0x82, 0x00, 0x10, 0x00, 0x04, 0x00, 0x00, 0x00, 0x3a, // ...4...........:
	0x00, 0x10, 0x00, 0x04, 0x00, 0x00, 0x00, 0x01, 0x40, 0x00, 0x00, 0x00, 0x00, 0x00, 0x00, 0x10, // ........@.......
	0x00, 0x00, 0x07, 0x12, 0x00, 0x10, 0x00, 0x03, 0x00, 0x00, 0x00, 0x46, 0x02, 0x10, 0x00, 0x01, // ...........F....
	0x00, 0x00, 0x00, 0x46, 0x02, 0x10, 0x00, 0x03, 0x00, 0x00, 0x00, 0x34, 0x00, 0x00, 0x0a, 0x32, // ...F.......4...2
	0x00, 0x10, 0x00, 0x03, 0x00, 0x00, 0x00, 0x06, 0x00, 0x10, 0x00, 0x03, 0x00, 0x00, 0x00, 0x02, // ................
	0x40, 0x00, 0x00, 0x00, 0x00, 0x00, 0x00, 0x6f, 0x12, 0x83, 0x3a, 0x00, 0x00, 0x00, 0x00, 0x00, // @......o..:.....
	0x00, 0x00, 0x00, 0x00, 0x00, 0x00, 0x07, 0x82, 0x00, 0x10, 0x00, 0x01, 0x00, 0x00, 0x00, 0x3a, // ...............:
	0x00, 0x10, 0x00, 0x01, 0x00, 0x00, 0x00, 0x01, 0x40, 0x00, 0x00, 0x00, 0x00, 0x80, 0x3f, 0x38, // ........@.....?8
	0x00, 0x00, 0x07, 0x82, 0x00, 0x10, 0x00, 0x01, 0x00, 0x00, 0x00, 0x3a, 0x00, 0x10, 0x00, 0x01, // ...........:....
	0x00, 0x00, 0x00, 0x3a, 0x00, 0x10, 0x00, 0x01, 0x00, 0x00, 0x00, 0x38, 0x00, 0x00, 0x07, 0x42, // ...:.......8...B
	0x00, 0x10, 0x00, 0x03, 0x00, 0x00, 0x00, 0x3a, 0x00, 0x10, 0x00, 0x01, 0x00, 0x00, 0x00, 0x01, // .......:........
	0x40, 0x00, 0x00, 0x00, 0x00, 0x00, 0x3e, 0x32, 0x00, 0x00, 0x0a, 0x82, 0x00, 0x10, 0x00, 0x01, // @.....>2........
	0x00, 0x00, 0x00, 0x3a, 0x00, 0x10, 0x80, 0x41, 0x00, 0x00, 0x00, 0x01, 0x00, 0x00, 0x00, 0x01, // ...:...A........
	0x40, 0x00, 0x00, 0x00, 0x00, 0x00, 0x3e, 0x01, 0x40, 0x00, 0x00, 0x00, 0x00, 0x80, 0x3f, 0x32, // @.....>.@.....?2
	0x00, 0x00, 0x09, 0x82, 0x00, 0x10, 0x00, 0x05, 0x00, 0x00, 0x00, 0x3a, 0x00, 0x10, 0x00, 0x04, // ...........:....
	0x00, 0x00, 0x00, 0x3a, 0x00, 0x10, 0x00, 0x01, 0x00, 0x00, 0x00, 0x2a, 0x00, 0x10, 0x00, 0x03, // ...:.......*....
	0x00, 0x00, 0x00, 0x0e, 0x00, 0x00, 0x07, 0x82, 0x00, 0x10, 0x00, 0x05, 0x00, 0x00, 0x00, 0x3a, // ...............:
	0x00, 0x10, 0x00, 0x04, 0x00, 0x00, 0x00, 0x3a, 0x00, 0x10, 0x00, 0x05, 0x00, 0x00, 0x00, 0x32, // .......:.......2
	0x00, 0x00, 0x09, 0x82, 0x00, 0x10, 0x00, 0x06, 0x00, 0x00, 0x00, 0x0a, 0x00, 0x10, 0x00, 0x03, // ................
	0x00, 0x00, 0x00, 0x3a, 0x00, 0x10, 0x00, 0x01, 0x00, 0x00, 0x00, 0x2a, 0x00, 0x10, 0x00, 0x03, // ...:.......*....
	0x00, 0x00, 0x00, 0x0e, 0x00, 0x00, 0x07, 0x82, 0x00, 0x10, 0x00, 0x06, 0x00, 0x00, 0x00, 0x0a, // ................
	0x00, 0x10, 0x00, 0x03, 0x00, 0x00, 0x00, 0x3a, 0x00, 0x10, 0x00, 0x06, 0x00, 0x00, 0x00, 0x38, // .......:.......8
	0x00, 0x00, 0x07, 0x82, 0x00, 0x10, 0x00, 0x06, 0x00, 0x00, 0x00, 0x3a, 0x00, 0x10, 0x00, 0x05, // ...........:....
	0x00, 0x00, 0x00, 0x3a, 0x00, 0x10, 0x00, 0x06, 0x00, 0x00, 0x00, 0x10, 0x00, 0x00, 0x07, 0x12, // ...:............
	0x00, 0x10, 0x00, 0x07, 0x00, 0x00, 0x00, 0x46, 0x02, 0x10, 0x00, 0x07, 0x00, 0x00, 0x00, 0x46, // .......F.......F
	0x02, 0x10, 0x00, 0x02, 0x00, 0x00, 0x00, 0x34, 0x00, 0x00, 0x07, 0x12, 0x00, 0x10, 0x00, 0x07, // .......4........
	0x00, 0x00, 0x00, 0x0a, 0x00, 0x10, 0x00, 0x07, 0x00, 0x00, 0x00, 0x01, 0x40, 0x00, 0x00, 0x00, // ............@...
	0x00, 0x00, 0x00, 0x00, 0x00, 0x00, 0x08, 0x12, 0x00, 0x10, 0x00, 0x07, 0x00, 0x00, 0x00, 0x0a, // ................
	0x00, 0x10, 0x80, 0x41, 0x00, 0x00, 0x00, 0x07, 0x00, 0x00, 0x00, 0x01, 0x40, 0x00, 0x00, 0x00, // ...A........@...
	0x00, 0x80, 0x3f, 0x34, 0x00, 0x00, 0x07, 0x12, 0x00, 0x10, 0x00, 0x07, 0x00, 0x00, 0x00, 0x0a, // ..?4............
	0x00, 0x10, 0x00, 0x07, 0x00, 0x00, 0x00, 0x01, 0x40, 0x00, 0x00, 0x00, 0x00, 0x00, 0x00, 0x38, // ........@......8
	0x00, 0x00, 0x07, 0x22, 0x00, 0x10, 0x00, 0x07, 0x00, 0x00, 0x00, 0x0a, 0x00, 0x10, 0x00, 0x07, // ..."............
	0x00, 0x00, 0x00, 0x0a, 0x00, 0x10, 0x00, 0x07, 0x00, 0x00, 0x00, 0x38, 0x00, 0x00, 0x07, 0x22, // ...........8..."
	0x00, 0x10, 0x00, 0x07, 0x00, 0x00, 0x00, 0x1a, 0x00, 0x10, 0x00, 0x07, 0x00, 0x00, 0x00, 0x1a, // ................
	0x00, 0x10, 0x00, 0x07, 0x00, 0x00, 0x00, 0x38, 0x00, 0x00, 0x07, 0x12, 0x00, 0x10, 0x00, 0x07, // .......8........
	0x00, 0x00, 0x00, 0x0a, 0x00, 0x10, 0x00, 0x07, 0x00, 0x00, 0x00, 0x1a, 0x00, 0x10, 0x00, 0x07, // ................
	0x00, 0x00, 0x00, 0x00, 0x00, 0x00, 0x0b, 0xe2, 0x00, 0x10, 0x00, 0x07, 0x00, 0x00, 0x00, 0x06, // ................
	0x09, 0x10, 0x80, 0x41, 0x00, 0x00, 0x00, 0x04, 0x00, 0x00, 0x00, 0x02, 0x40, 0x00, 0x00, 0x00, // ...A........@...
	0x00, 0x00, 0x00, 0x00, 0x00, 0x80, 0x3f, 0x00, 0x00, 0x80, 0x3f, 0x00, 0x00, 0x80, 0x3f, 0x32, // ......?...?...?2
	0x00, 0x00, 0x09, 0x72, 0x00, 0x10, 0x00, 0x08, 0x00, 0x00, 0x00, 0x96, 0x07, 0x10, 0x00, 0x07, // ...r............
	0x00, 0x00, 0x00, 0x06, 0x00, 0x10, 0x00, 0x07, 0x00, 0x00, 0x00, 0x46, 0x02, 0x10, 0x00, 0x04, // ...........F....
	0x00, 0x00, 0x00, 0x38, 0x00, 0x00, 0x07, 0x82, 0x00, 0x10, 0x00, 0x03, 0x00, 0x00, 0x00, 0x3a, // ...8...........:
	0x00, 0x10, 0x00, 0x03, 0x00, 0x00, 0x00, 0x3a, 0x00, 0x10, 0x00, 0x06, 0x00, 0x00, 0x00, 0x38, // .......:.......8
	0x00, 0x00, 0x07, 0x72, 0x00, 0x10, 0x00, 0x09, 0x00, 0x00, 0x00, 0x46, 0x02, 0x10, 0x00, 0x08, // ...r.......F....
	0x00, 0x00, 0x00, 0xf6, 0x0f, 0x10, 0x00, 0x03, 0x00, 0x00, 0x00, 0x38, 0x00, 0x00, 0x07, 0x82, // ...........8....
	0x00, 0x10, 0x00, 0x03, 0x00, 0x00, 0x00, 0x3a, 0x00, 0x10, 0x00, 0x04, 0x00, 0x00, 0x00, 0x01, // .......:........
	0x40, 0x00, 0x00, 0x00, 0x00, 0x80, 0x40, 0x38, 0x00, 0x00, 0x07, 0x22, 0x00, 0x10, 0x00, 0x03, // @.....@8..."....
	0x00, 0x00, 0x00, 0x1a, 0x00, 0x10, 0x00, 0x03, 0x00, 0x00, 0x00, 0x3a, 0x00, 0x10, 0x00, 0x03, // ...........:....
	0x00, 0x00, 0x00, 0x34, 0x00, 0x00, 0x07, 0x22, 0x00, 0x10, 0x00, 0x03, 0x00, 0x00, 0x00, 0x1a, // ...4..."........
	0x00, 0x10, 0x00, 0x03, 0x00, 0x00, 0x00, 0x01, 0x40, 0x00, 0x00, 0x6f, 0x12, 0x83, 0x3a, 0x0e, // ........@..o..:.
	0x00, 0x00, 0x07, 0x72, 0x00, 0x10, 0x00, 0x09, 0x00, 0x00, 0x00, 0x46, 0x02, 0x10, 0x00, 0x09, // ...r.......F....
	0x00, 0x00, 0x00, 0x56, 0x05, 0x10, 0x00, 0x03, 0x00, 0x00, 0x00, 0x00, 0x00, 0x00, 0x0b, 0x72, // ...V...........r
	0x00, 0x10, 0x00, 0x08, 0x00, 0x00, 0x00, 0x46, 0x02, 0x10, 0x80, 0x41, 0x00, 0x00, 0x00, 0x08, // .......F...A....
	0x00, 0x00, 0x00, 0x02, 0x40, 0x00, 0x00, 0x00, 0x00, 0x80, 0x3f, 0x00, 0x00, 0x80, 0x3f, 0x00, // ....@.....?...?.
	0x00, 0x80, 0x3f, 0x00, 0x00, 0x00, 0x00, 0x00, 0x00, 0x00, 0x08, 0x82, 0x00, 0x10, 0x00, 0x00, // ..?.............
	0x00, 0x00, 0x00, 0x3a, 0x00, 0x10, 0x80, 0x41, 0x00, 0x00, 0x00, 0x00, 0x00, 0x00, 0x00, 0x01, // ...:...A........
	0x40, 0x00, 0x00, 0x00, 0x00, 0x80, 0x3f, 0x38, 0x00, 0x00, 0x07, 0x72, 0x00, 0x10, 0x00, 0x08, // @.....?8...r....
	0x00, 0x00, 0x00, 0xf6, 0x0f, 0x10, 0x00, 0x00, 0x00, 0x00, 0x00, 0x46, 0x02, 0x10, 0x00, 0x08, // ...........F....
	0x00, 0x00, 0x00, 0x38, 0x00, 0x00, 0x07, 0x72, 0x00, 0x10, 0x00, 0x08, 0x00, 0x00, 0x00, 0x46, // ...8...r.......F
	0x02, 0x10, 0x00, 0x05, 0x00, 0x00, 0x00, 0x46, 0x02, 0x10, 0x00, 0x08, 0x00, 0x00, 0x00, 0x32, // .......F.......2
	0x00, 0x00, 0x0c, 0x72, 0x00, 0x10, 0x00, 0x08, 0x00, 0x00, 0x00, 0x46, 0x02, 0x10, 0x00, 0x08, // ...r.......F....
	0x00, 0x00, 0x00, 0x02, 0x40, 0x00, 0x00, 0x83, 0xf9, 0xa2, 0x3e, 0x83, 0xf9, 0xa2, 0x3e, 0x83, // ....@.....>...>.
	0xf9, 0xa2, 0x3e, 0x00, 0x00, 0x00, 0x00, 0x46, 0x02, 0x10, 0x00, 0x09, 0x00, 0x00, 0x00, 0x38, // ..>....F.......8
	0x00, 0x00, 0x07, 0x72, 0x00, 0x10, 0x00, 0x06, 0x00, 0x00, 0x00, 0x46, 0x02, 0x10, 0x00, 0x06, // ...r.......F....
	0x00, 0x00, 0x00, 0x46, 0x02, 0x10, 0x00, 0x08, 0x00, 0x00, 0x00, 0x38, 0x00, 0x00, 0x07, 0x72, // ...F.......8...r
	0x00, 0x10, 0x00, 0x06, 0x00, 0x00, 0x00, 0x06, 0x00, 0x10, 0x00, 0x03, 0x00, 0x00, 0x00, 0x46, // ...............F
	0x02, 0x10, 0x00, 0x06, 0x00, 0x00, 0x00, 0x32, 0x00, 0x00, 0x0a, 0x72, 0x00, 0x10, 0x00, 0x06, // .......2...r....
	0x00, 0x00, 0x00, 0x46, 0x82, 0x20, 0x00, 0x00, 0x00, 0x00, 0x00, 0x02, 0x00, 0x00, 0x00, 0x46, // ...F. .........F
	0x02, 0x10, 0x00, 0x05, 0x00, 0x00, 0x00, 0x46, 0x02, 0x10, 0x00, 0x06, 0x00, 0x00, 0x00, 0x36, // .......F.......6
	0x00, 0x00, 0x05, 0x72, 0x00, 0x10, 0x00, 0x08, 0x00, 0x00, 0x00, 0x46, 0x02, 0x10, 0x00, 0x06, // ...r.......F....
	0x00, 0x00, 0x00, 0x36, 0x00, 0x00, 0x05, 0x12, 0x00, 0x10, 0x00, 0x03, 0x00, 0x00, 0x00, 0x01, // ...6............
	0x40, 0x00, 0x00, 0x00, 0x00, 0x00, 0x00, 0x30, 0x00, 0x00, 0x01, 0x21, 0x00, 0x00, 0x07, 0x22, // @......0...!..."
	0x00, 0x10, 0x00, 0x03, 0x00, 0x00, 0x00, 0x0a, 0x00, 0x10, 0x00, 0x03, 0x00, 0x00, 0x00, 0x01, // ................
	0x40, 0x00, 0x00, 0x04, 0x00, 0x00, 0x00, 0x03, 0x00, 0x04, 0x03, 0x1a, 0x00, 0x10, 0x00, 0x03, // @...............
	0x00, 0x00, 0x00, 0x2b, 0x00, 0x00, 0x05, 0x22, 0x00, 0x10, 0x00, 0x03, 0x00, 0x00, 0x00, 0x0a, // ...+..."........
	0x00, 0x10, 0x00, 0x03, 0x00, 0x00, 0x00, 0x1d, 0x00, 0x00, 0x08, 0x22, 0x00, 0x10, 0x00, 0x03, // ..........."....
	0x00, 0x00, 0x00, 0x1a, 0x00, 0x10, 0x00, 0x03, 0x00, 0x00, 0x00, 0x0a, 0x80, 0x20, 0x00, 0x00, // ............. ..
	0x00, 0x00, 0x00, 0x0d, 0x00, 0x00, 0x00, 0x1f, 0x00, 0x04, 0x03, 0x1a, 0x00, 0x10, 0x00, 0x03, // ................
	0x00, 0x00, 0x00, 0x02, 0x00, 0x00, 0x01, 0x15, 0x00, 0x00, 0x01, 0x00, 0x00, 0x00, 0x0b, 0x72, // ...............r
	0x00, 0x10, 0x00, 0x09, 0x00, 0x00, 0x00, 0x46, 0x12, 0x10, 0x80, 0x41, 0x00, 0x00, 0x00, 0x04, // .......F...A....
	0x00, 0x00, 0x00, 0x46, 0x82, 0x20, 0x06, 0x00, 0x00, 0x00, 0x00, 0x05, 0x00, 0x00, 0x00, 0x0a, // ...F. ..........
	0x00, 0x10, 0x00, 0x03, 0x00, 0x00, 0x00, 0x10, 0x00, 0x00, 0x07, 0x22, 0x00, 0x10, 0x00, 0x03, // ..........."....
	0x00, 0x00, 0x00, 0x46, 0x02, 0x10, 0x00, 0x09, 0x00, 0x00, 0x00, 0x46, 0x02, 0x10, 0x00, 0x09, // ...F.......F....
	0x00, 0x00, 0x00, 0x34, 0x00, 0x00, 0x07, 0x82, 0x00, 0x10, 0x00, 0x04, 0x00, 0x00, 0x00, 0x1a, // ...4............
	0x00, 0x10, 0x00, 0x03, 0x00, 0x00, 0x00, 0x01, 0x40, 0x00, 0x00, 0x0a, 0xd7, 0x23, 0x3c, 0x44, // ........@....#<D
	0x00, 0x00, 0x05, 0x22, 0x00, 0x10, 0x00, 0x03, 0x00, 0x00, 0x00, 0x1a, 0x00, 0x10, 0x00, 0x03, // ..."............
	0x00, 0x00, 0x00, 0x38, 0x00, 0x00, 0x07, 0x72, 0x00, 0x10, 0x00, 0x0a, 0x00, 0x00, 0x00, 0x56, // ...8...r.......V
	0x05, 0x10, 0x00, 0x03, 0x00, 0x00, 0x00, 0x46, 0x02, 0x10, 0x00, 0x09, 0x00, 0x00, 0x00, 0x34, // .......F.......4
	0x00, 0x00, 0x0a, 0x82, 0x00, 0x10, 0x00, 0x06, 0x00, 0x00, 0x00, 0x01, 0x40, 0x00, 0x00, 0x00, // ............@...
	0x00, 0x80, 0x3f, 0x3a, 0x80, 0x20, 0x06, 0x00, 0x00, 0x00, 0x00, 0x05, 0x00, 0x00, 0x00, 0x0a, // ..?:. ..........
	0x00, 0x10, 0x00, 0x03, 0x00, 0x00, 0x00, 0x38, 0x00, 0x00, 0x07, 0x82, 0x00, 0x10, 0x00, 0x06, // .......8........
	0x00, 0x00, 0x00, 0x3a, 0x00, 0x10, 0x00, 0x06, 0x00, 0x00, 0x00, 0x3a, 0x00, 0x10, 0x00, 0x06, // ...:.......:....
	0x00, 0x00, 0x00, 0x0e, 0x00, 0x00, 0x07, 0x82, 0x00, 0x10, 0x00, 0x04, 0x00, 0x00, 0x00, 0x3a, // ...............:
	0x00, 0x10, 0x00, 0x04, 0x00, 0x00, 0x00, 0x3a, 0x00, 0x10, 0x00, 0x06, 0x00, 0x00, 0x00, 0x00, // .......:........
	0x00, 0x00, 0x07, 0x82, 0x00, 0x10, 0x00, 0x04, 0x00, 0x00, 0x00, 0x3a, 0x00, 0x10, 0x00, 0x04, // ...........:....
	0x00, 0x00, 0x00, 0x01, 0x40, 0x00, 0x00, 0x00, 0x00, 0x80, 0x3f, 0x0e, 0x00, 0x00, 0x0a, 0x82, // ....@.....?.....
	0x00, 0x10, 0x00, 0x04, 0x00, 0x00, 0x00, 0x02, 0x40, 0x00, 0x00, 0x00, 0x00, 0x80, 0x3f, 0x00, // ........@.....?.
	0x00, 0x80, 0x3f, 0x00, 0x00, 0x80, 0x3f, 0x00, 0x00, 0x80, 0x3f, 0x3a, 0x00, 0x10, 0x00, 0x04, // ..?...?...?:....
	0x00, 0x00, 0x00, 0x38, 0x00, 0x00, 0x0a, 0x72, 0x00, 0x10, 0x00, 0x0b, 0x00, 0x00, 0x00, 0xf6, // ...8...r........
	0x0f, 0x10, 0x00, 0x04, 0x00, 0x00, 0x00, 0x46, 0x82, 0x20, 0x06, 0x00, 0x00, 0x00, 0x00, 0x09, // .......F. ......
	0x00, 0x00, 0x00, 0x0a, 0x00, 0x10, 0x00, 0x03, 0x00, 0x00, 0x00, 0x32, 0x00, 0x00, 0x09, 0x72, // ...........2...r
	0x00, 0x10, 0x00, 0x09, 0x00, 0x00, 0x00, 0x46, 0x02, 0x10, 0x00, 0x09, 0x00, 0x00, 0x00, 0x56, // .......F.......V
	0x05, 0x10, 0x00, 0x03, 0x00, 0x00, 0x00, 0x46, 0x02, 0x10, 0x00, 0x02, 0x00, 0x00, 0x00, 0x10, // .......F........
	0x00, 0x00, 0x07, 0x22, 0x00, 0x10, 0x00, 0x03, 0x00, 0x00, 0x00, 0x46, 0x02, 0x10, 0x00, 0x09, // ...".......F....
	0x00, 0x00, 0x00, 0x46, 0x02, 0x10, 0x00, 0x09, 0x00, 0x00, 0x00, 0x44, 0x00, 0x00, 0x05, 0x22, // ...F.......D..."
	0x00, 0x10, 0x00, 0x03, 0x00, 0x00, 0x00, 0x1a, 0x00, 0x10, 0x00, 0x03, 0x00, 0x00, 0x00, 0x38, // ...............8
	0x00, 0x00, 0x07, 0x72, 0x00, 0x10, 0x00, 0x09, 0x00, 0x00, 0x00, 0x56, 0x05, 0x10, 0x00, 0x03, // ...r.......V....
	0x00, 0x00, 0x00, 0x46, 0x02, 0x10, 0x00, 0x09, 0x00, 0x00, 0x00, 0x10, 0x00, 0x00, 0x07, 0x22, // ...F..........."
	0x00, 0x10, 0x00, 0x03, 0x00, 0x00, 0x00, 0x46, 0x02, 0x10, 0x00, 0x01, 0x00, 0x00, 0x00, 0x46, // .......F.......F
	0x02, 0x10, 0x00, 0x09, 0x00, 0x00, 0x00, 0x34, 0x00, 0x00, 0x07, 0x22, 0x00, 0x10, 0x00, 0x03, // .......4..."....
	0x00, 0x00, 0x00, 0x1a, 0x00, 0x10, 0x00, 0x03, 0x00, 0x00, 0x00, 0x01, 0x40, 0x00, 0x00, 0x00, // ............@...
	0x00, 0x00, 0x00, 0x38, 0x00, 0x00, 0x07, 0x22, 0x00, 0x10, 0x00, 0x03, 0x00, 0x00, 0x00, 0x1a, // ...8..."........
	0x00, 0x10, 0x00, 0x03, 0x00, 0x00, 0x00, 0x1a, 0x00, 0x10, 0x00, 0x03, 0x00, 0x00, 0x00, 0x32, // ...............2
	0x00, 0x00, 0x09, 0x22, 0x00, 0x10, 0x00, 0x03, 0x00, 0x00, 0x00, 0x1a, 0x00, 0x10, 0x00, 0x03, // ..."............
	0x00, 0x00, 0x00, 0x2a, 0x00, 0x10, 0x00, 0x00, 0x00, 0x00, 0x00, 0x01, 0x40, 0x00, 0x00, 0x00, // ...*........@...
	0x00, 0x80, 0x3f, 0x38, 0x00, 0x00, 0x07, 0x22, 0x00, 0x10, 0x00, 0x03, 0x00, 0x00, 0x00, 0x1a, // ..?8..."........
	0x00, 0x10, 0x00, 0x03, 0x00, 0x00, 0x00, 0x1a, 0x00, 0x10, 0x00, 0x03, 0x00, 0x00, 0x00, 0x38, // ...............8
	0x00, 0x00, 0x07, 0x22, 0x00, 0x10, 0x00, 0x03, 0x00, 0x00, 0x00, 0x1a, 0x00, 0x10, 0x00, 0x03, // ..."............
	0x00, 0x00, 0x00, 0x01, 0x40, 0x00, 0x00, 0xdb, 0x0f, 0x49, 0x40, 0x34, 0x00, 0x00, 0x07, 0x22, // ....@....I@4..."
	0x00, 0x10, 0x00, 0x03, 0x00, 0x00, 0x00, 0x1a, 0x00, 0x10, 0x00, 0x03, 0x00, 0x00, 0x00, 0x01, // ................
	0x40, 0x00, 0x00, 0x6f, 0x12, 0x83, 0x3a, 0x0e, 0x00, 0x00, 0x07, 0x22, 0x00, 0x10, 0x00, 0x03, // @..o..:...."....
	0x00, 0x00, 0x00, 0x3a, 0x00, 0x10, 0x00, 0x02, 0x00, 0x00, 0x00, 0x1a, 0x00, 0x10, 0x00, 0x03, // ...:............
	0x00, 0x00, 0x00, 0x10, 0x00, 0x00, 0x07, 0x82, 0x00, 0x10, 0x00, 0x04, 0x00, 0x00, 0x00, 0x46, // ...............F
	0x02, 0x10, 0x00, 0x01, 0x00, 0x00, 0x00, 0x46, 0x02, 0x10, 0x00, 0x0a, 0x00, 0x00, 0x00, 0x34, // .......F.......4
	0x00, 0x00, 0x0a, 0x32, 0x00, 0x10, 0x00, 0x0a, 0x00, 0x00, 0x00, 0xf6, 0x0f, 0x10, 0x00, 0x04, // ...2............
	0x00, 0x00, 0x00, 0x02, 0x40, 0x00, 0x00, 0x00, 0x00, 0x00, 0x00, 0x6f, 0x12, 0x83, 0x3a, 0x00, // ....@......o..:.
	0x00, 0x00, 0x00, 0x00, 0x00, 0x00, 0x00, 0x32, 0x00, 0x00, 0x09, 0x82, 0x00, 0x10, 0x00, 0x04, // .......2........
	0x00, 0x00, 0x00, 0x0a, 0x00, 0x10, 0x00, 0x0a, 0x00, 0x00, 0x00, 0x3a, 0x00, 0x10, 0x00, 0x01, // ...........:....
	0x00, 0x00, 0x00, 0x2a, 0x00, 0x10, 0x00, 0x03, 0x00, 0x00, 0x00, 0x0e, 0x00, 0x00, 0x07, 0x82, // ...*............
	0x00, 0x10, 0x00, 0x04, 0x00, 0x00, 0x00, 0x0a, 0x00, 0x10, 0x00, 0x0a, 0x00, 0x00, 0x00, 0x3a, // ...............:
	0x00, 0x10, 0x00, 0x04, 0x00, 0x00, 0x00, 0x38, 0x00, 0x00, 0x07, 0x82, 0x00, 0x10, 0x00, 0x04, // .......8........
	0x00, 0x00, 0x00, 0x3a, 0x00, 0x10, 0x00, 0x04, 0x00, 0x00, 0x00, 0x3a, 0x00, 0x10, 0x00, 0x05, // ...:.......:....
	0x00, 0x00, 0x00, 0x10, 0x00, 0x00, 0x07, 0x82, 0x00, 0x10, 0x00, 0x06, 0x00, 0x00, 0x00, 0x46, // ...............F
	0x02, 0x10, 0x00, 0x09, 0x00, 0x00, 0x00, 0x46, 0x02, 0x10, 0x00, 0x02, 0x00, 0x00, 0x00, 0x34, // .......F.......4
	0x00, 0x00, 0x07, 0x82, 0x00, 0x10, 0x00, 0x06, 0x00, 0x00, 0x00, 0x3a, 0x00, 0x10, 0x00, 0x06, // ...........:....
	0x00, 0x00, 0x00, 0x01, 0x40, 0x00, 0x00, 0x00, 0x00, 0x00, 0x00, 0x00, 0x00, 0x00, 0x08, 0x82, // ....@...........
	0x00, 0x10, 0x00, 0x06, 0x00, 0x00, 0x00, 0x3a, 0x00, 0x10, 0x80, 0x41, 0x00, 0x00, 0x00, 0x06, // .......:...A....
	0x00, 0x00, 0x00, 0x01, 0x40, 0x00, 0x00, 0x00, 0x00, 0x80, 0x3f, 0x34, 0x00, 0x00, 0x07, 0x82, // ....@.....?4....
	0x00, 0x10, 0x00, 0x06, 0x00, 0x00, 0x00, 0x3a, 0x00, 0x10, 0x00, 0x06, 0x00, 0x00, 0x00, 0x01, // .......:........
	0x40, 0x00, 0x00, 0x00, 0x00, 0x00, 0x00, 0x38, 0x00, 0x00, 0x07, 0x12, 0x00, 0x10, 0x00, 0x07, // @......8........
	0x00, 0x00, 0x00, 0x3a, 0x00, 0x10, 0x00, 0x06, 0x00, 0x00, 0x00, 0x3a, 0x00, 0x10, 0x00, 0x06, // ...:.......:....
	0x00, 0x00, 0x00, 0x38, 0x00, 0x00, 0x07, 0x12, 0x00, 0x10, 0x00, 0x07, 0x00, 0x00, 0x00, 0x0a, // ...8............
	0x00, 0x10, 0x00, 0x07, 0x00, 0x00, 0x00, 0x0a, 0x00, 0x10, 0x00, 0x07, 0x00, 0x00, 0x00, 0x38, // ...............8
	0x00, 0x00, 0x07, 0x82, 0x00, 0x10, 0x00, 0x06, 0x00, 0x00, 0x00, 0x3a, 0x00, 0x10, 0x00, 0x06, // ...........:....
	0x00, 0x00, 0x00, 0x0a, 0x00, 0x10, 0x00, 0x07, 0x00, 0x00, 0x00, 0x32, 0x00, 0x00, 0x09, 0x72, // ...........2...r
	0x00, 0x10, 0x00, 0x09, 0x00, 0x00, 0x00, 0x96, 0x07, 0x10, 0x00, 0x07, 0x00, 0x00, 0x00, 0xf6, // ................
	0x0f, 0x10, 0x00, 0x06, 0x00, 0x00, 0x00, 0x46, 0x02, 0x10, 0x00, 0x04, 0x00, 0x00, 0x00, 0x38, // .......F.......8
	0x00, 0x00, 0x07, 0x22, 0x00, 0x10, 0x00, 0x03, 0x00, 0x00, 0x00, 0x1a, 0x00, 0x10, 0x00, 0x03, // ..."............
	0x00, 0x00, 0x00, 0x3a, 0x00, 0x10, 0x00, 0x04, 0x00, 0x00, 0x00, 0x38, 0x00, 0x00, 0x07, 0x72, // ...:.......8...r
	0x00, 0x10, 0x00, 0x0c, 0x00, 0x00, 0x00, 0x46, 0x02, 0x10, 0x00, 0x09, 0x00, 0x00, 0x00, 0x56, // .......F.......V
	0x05, 0x10, 0x00, 0x03, 0x00, 0x00, 0x00, 0x38, 0x00, 0x00, 0x07, 0x22, 0x00, 0x10, 0x00, 0x03, // .......8..."....
	0x00, 0x00, 0x00, 0x3a, 0x00, 0x10, 0x00, 0x03, 0x00, 0x00, 0x00, 0x1a, 0x00, 0x10, 0x00, 0x0a, // ...:............
	0x00, 0x00, 0x00, 0x34, 0x00, 0x00, 0x07, 0x22, 0x00, 0x10, 0x00, 0x03, 0x00, 0x00, 0x00, 0x1a, // ...4..."........
	0x00, 0x10, 0x00, 0x03, 0x00, 0x00, 0x00, 0x01, 0x40, 0x00, 0x00, 0x6f, 0x12, 0x83, 0x3a, 0x0e, // ........@..o..:.
	0x00, 0x00, 0x07, 0xe2, 0x00, 0x10, 0x00, 0x0a, 0x00, 0x00, 0x00, 0x06, 0x09, 0x10, 0x00, 0x0c, // ................
	0x00, 0x00, 0x00, 0x56, 0x05, 0x10, 0x00, 0x03, 0x00, 0x00, 0x00, 0x00, 0x00, 0x00, 0x0b, 0x72, // ...V...........r
	0x00, 0x10, 0x00, 0x09, 0x00, 0x00, 0x00, 0x46, 0x02, 0x10, 0x80, 0x41, 0x00, 0x00, 0x00, 0x09, // .......F...A....
	0x00, 0x00, 0x00, 0x02, 0x40, 0x00, 0x00, 0x00, 0x00, 0x80, 0x3f, 0x00, 0x00, 0x80, 0x3f, 0x00, // ....@.....?...?.
	0x00, 0x80, 0x3f, 0x00, 0x00, 0x00, 0x00, 0x38, 0x00, 0x00, 0x07, 0x72, 0x00, 0x10, 0x00, 0x09, // ..?....8...r....
	0x00, 0x00, 0x00, 0xf6, 0x0f, 0x10, 0x00, 0x00, 0x00, 0x00, 0x00, 0x46, 0x02, 0x10, 0x00, 0x09, // ...........F....
	0x00, 0x00, 0x00, 0x38, 0x00, 0x00, 0x07, 0x72, 0x00, 0x10, 0x00, 0x09, 0x00, 0x00, 0x00, 0x46, // ...8...r.......F
	0x02, 0x10, 0x00, 0x05, 0x00, 0x00, 0x00, 0x46, 0x02, 0x10, 0x00, 0x09, 0x00, 0x00, 0x00, 0x32, // .......F.......2
	0x00, 0x00, 0x0c, 0x72, 0x00, 0x10, 0x00, 0x09, 0x00, 0x00, 0x00, 0x46, 0x02, 0x10, 0x00, 0x09, // ...r.......F....
	0x00, 0x00, 0x00, 0x02, 0x40, 0x00, 0x00, 0x83, 0xf9, 0xa2, 0x3e, 0x83, 0xf9, 0xa2, 0x3e, 0x83, // ....@.....>...>.
	0xf9, 0xa2, 0x3e, 0x00, 0x00, 0x00, 0x00, 0x96, 0x07, 0x10, 0x00, 0x0a, 0x00, 0x00, 0x00, 0x38, // ..>............8
	0x00, 0x00, 0x07, 0x72, 0x00, 0x10, 0x00, 0x09, 0x00, 0x00, 0x00, 0x46, 0x02, 0x10, 0x00, 0x0b, // ...r.......F....
	0x00, 0x00, 0x00, 0x46, 0x02, 0x10, 0x00, 0x09, 0x00, 0x00, 0x00, 0x32, 0x00, 0x00, 0x09, 0x72, // ...F.......2...r
	0x00, 0x10, 0x00, 0x08, 0x00, 0x00, 0x00, 0x46, 0x02, 0x10, 0x00, 0x09, 0x00, 0x00, 0x00, 0x06, // .......F........
	0x00, 0x10, 0x00, 0x0a, 0x00, 0x00, 0x00, 0x46, 0x02, 0x10, 0x00, 0x08, 0x00, 0x00, 0x00, 0x1e, // .......F........
	0x00, 0x00, 0x07, 0x12, 0x00, 0x10, 0x00, 0x03, 0x00, 0x00, 0x00, 0x0a, 0x00, 0x10, 0x00, 0x03, // ................
	0x00, 0x00, 0x00, 0x01, 0x40, 0x00, 0x00, 0x01, 0x00, 0x00, 0x00, 0x16, 0x00, 0x00, 0x01, 0x31, // ....@..........1
	0x00, 0x00, 0x08, 0x42, 0x00, 0x10, 0x00, 0x00, 0x00, 0x00, 0x00, 0x01, 0x40, 0x00, 0x00, 0x00, // ...B........@...
	0x00, 0x00, 0x00, 0x3a, 0x80, 0x20, 0x00, 0x00, 0x00, 0x00, 0x00, 0x01, 0x00, 0x00, 0x00, 0x31, // ...:. .........1
	0x00, 0x00, 0x08, 0x82, 0x00, 0x10, 0x00, 0x00, 0x00, 0x00, 0x00, 0x3a, 0x10, 0x10, 0x00, 0x01, // ...........:....
	0x00, 0x00, 0x00, 0x3a, 0x80, 0x20, 0x00, 0x00, 0x00, 0x00, 0x00, 0x01, 0x00, 0x00, 0x00, 0x01, // ...:. ..........
	0x00, 0x00, 0x07, 0x42, 0x00, 0x10, 0x00, 0x00, 0x00, 0x00, 0x00, 0x3a, 0x00, 0x10, 0x00, 0x00, // ...B.......:....
	0x00, 0x00, 0x00, 0x2a, 0x00, 0x10, 0x00, 0x00, 0x00, 0x00, 0x00, 0x0d, 0x00, 0x04, 0x03, 0x2a, // ...*...........*
	0x00, 0x10, 0x00, 0x00, 0x00, 0x00, 0x00, 0x32, 0x00, 0x00, 0x0a, 0x72, 0x00, 0x10, 0x00, 0x01, // .......2...r....
	0x00, 0x00, 0x00, 0x46, 0x02, 0x10, 0x00, 0x05, 0x00, 0x00, 0x00, 0xa6, 0x8a, 0x20, 0x00, 0x00, // ...F......... ..
	0x00, 0x00, 0x00, 0x01, 0x00, 0x00, 0x00, 0x46, 0x02, 0x10, 0x00, 0x08, 0x00, 0x00, 0x00, 0x00, // .......F........
	0x00, 0x00, 0x0a, 0x72, 0x00, 0x10, 0x00, 0x02, 0x00, 0x00, 0x00, 0x46, 0x02, 0x10, 0x00, 0x01, // ...r.......F....
	0x00, 0x00, 0x00, 0x02, 0x40, 0x00, 0x00, 0x00, 0x00, 0x80, 0x3f, 0x00, 0x00, 0x80, 0x3f, 0x00, // ....@.....?...?.
	0x00, 0x80, 0x3f, 0x00, 0x00, 0x00, 0x00, 0x0e, 0x00, 0x00, 0x07, 0x72, 0x00, 0x10, 0x00, 0x01, // ..?........r....
	0x00, 0x00, 0x00, 0x46, 0x02, 0x10, 0x00, 0x01, 0x00, 0x00, 0x00, 0x46, 0x02, 0x10, 0x00, 0x02, // ...F.......F....
	0x00, 0x00, 0x00, 0x2f, 0x00, 0x00, 0x05, 0x72, 0x00, 0x10, 0x00, 0x01, 0x00, 0x00, 0x00, 0x46, // .../...r.......F
	0x02, 0x10, 0x00, 0x01, 0x00, 0x00, 0x00, 0x38, 0x00, 0x00, 0x0a, 0x72, 0x00, 0x10, 0x00, 0x01, // .......8...r....
	0x00, 0x00, 0x00, 0x46, 0x02, 0x10, 0x00, 0x01, 0x00, 0x00, 0x00, 0x02, 0x40, 0x00, 0x00, 0x2f, // ...F........@../
	0xba, 0xe8, 0x3e, 0x2f, 0xba, 0xe8, 0x3e, 0x2f, 0xba, 0xe8, 0x3e, 0x00, 0x00, 0x00, 0x00, 0x19, // ..>/..>/..>.....
	0x00, 0x00, 0x05, 0x72, 0x20, 0x10, 0x00, 0x00, 0x00, 0x00, 0x00, 0x46, 0x02, 0x10, 0x00, 0x01, // ...r ......F....
	0x00, 0x00, 0x00, 0x36, 0x00, 0x00, 0x05, 0x82, 0x20, 0x10, 0x00, 0x00, 0x00, 0x00, 0x00, 0x3a, // ...6.... ......:
	0x10, 0x10, 0x00, 0x01, 0x00, 0x00, 0x00, 0x37, 0x00, 0x00, 0x08, 0x01, 0xc0, 0x00, 0x00, 0x0a, // .......7........
	0x00, 0x10, 0x00, 0x00, 0x00, 0x00, 0x00, 0x1a, 0x00, 0x10, 0x00, 0x00, 0x00, 0x00, 0x00, 0x2a, // ...............*
	0x10, 0x10, 0x00, 0x00, 0x00, 0x00, 0x00, 0x3e, 0x00, 0x00, 0x01, 0x00, 0x00, 0xe0, 0x00,       // .......>.......
};

static const uint8_t fs_pbr_mesh_dx12[5179] =
{
	0x46, 0x53, 0x48, 0x0b, 0x0a, 0x14, 0x48, 0x0f, 0x00, 0x00, 0x00, 0x00, 0x09, 0x00, 0x09, 0x75, // FSH...H........u
	0x4c, 0x6f, 0x67, 0x44, 0x65, 0x70, 0x74, 0x68, 0x12, 0x00, 0x00, 0x00, 0x01, 0x00, 0x00, 0x00, // LogDepth........
	0x00, 0x00, 0x0a, 0x75, 0x5f, 0x6d, 0x61, 0x74, 0x65, 0x72, 0x69, 0x61, 0x6c, 0x12, 0x00, 0x10, // ...u_material...
	0x00, 0x01, 0x00, 0x00, 0x00, 0x00, 0x00, 0x0a, 0x75, 0x5f, 0x72, 0x41, 0x6d, 0x62, 0x69, 0x65, // ........u_rAmbie
	0x6e, 0x74, 0x12, 0x00, 0x20, 0x00, 0x01, 0x00, 0x00, 0x00, 0x00, 0x00, 0x0c, 0x75, 0x5f, 0x72, // nt.. ........u_r
	0x44, 0x69, 0x72, 0x65, 0x63, 0x74, 0x69, 0x6f, 0x6e, 0x12, 0x00, 0x30, 0x00, 0x01, 0x00, 0x00, // Direction..0....
	0x00, 0x00, 0x00, 0x11, 0x75, 0x5f, 0x72, 0x44, 0x69, 0x72, 0x65, 0x63, 0x74, 0x69, 0x6f, 0x6e, // ....u_rDirection
	0x43, 0x6f, 0x6c, 0x6f, 0x72, 0x12, 0x00, 0x40, 0x00, 0x01, 0x00, 0x00, 0x00, 0x00, 0x00, 0x11, // Color..@........
	0x75, 0x5f, 0x72, 0x50, 0x6f, 0x69, 0x6e, 0x74, 0x50, 0x6f, 0x73, 0x69, 0x74, 0x69, 0x6f, 0x6e, // u_rPointPosition
	0x73, 0x12, 0x04, 0x50, 0x00, 0x04, 0x00, 0x00, 0x00, 0x00, 0x00, 0x0e, 0x75, 0x5f, 0x72, 0x50, // s..P........u_rP
	0x6f, 0x69, 0x6e, 0x74, 0x43, 0x6f, 0x6c, 0x6f, 0x72, 0x73, 0x12, 0x04, 0x90, 0x00, 0x04, 0x00, // ointColors......
	0x00, 0x00, 0x00, 0x00, 0x09, 0x75, 0x5f, 0x72, 0x50, 0x61, 0x72, 0x61, 0x6d, 0x73, 0x12, 0x00, // .....u_rParams..
	0xd0, 0x00, 0x01, 0x00, 0x00, 0x00, 0x00, 0x00, 0x08, 0x73, 0x5f, 0x61, 0x6c, 0x62, 0x65, 0x64, // .........s_albed
	0x6f, 0x30, 0x01, 0x00, 0x00, 0x01, 0x00, 0x00, 0x00, 0x00, 0x00, 0x58, 0x13, 0x00, 0x00, 0x44, // o0.........X...D
	0x58, 0x42, 0x43, 0x50, 0xcc, 0x95, 0x1c, 0x26, 0x2c, 0x8e, 0x1a, 0x83, 0x2e, 0xdf, 0x58, 0x18, // XBCP...&,.....X.
	0x93, 0xfc, 0xcd, 0x01, 0x00, 0x00, 0x00, 0x58, 0x13, 0x00, 0x00, 0x03, 0x00, 0x00, 0x00, 0x2c, // .......X.......,
	0x00, 0x00, 0x00, 0xe4, 0x00, 0x00, 0x00, 0x38, 0x01, 0x00, 0x00, 0x49, 0x53, 0x47, 0x4e, 0xb0, // .......8...ISGN.
	0x00, 0x00, 0x00, 0x06, 0x00, 0x00, 0x00, 0x08, 0x00, 0x00, 0x00, 0x98, 0x00, 0x00, 0x00, 0x00, // ................
	0x00, 0x00, 0x00, 0x01, 0x00, 0x00, 0x00, 0x03, 0x00, 0x00, 0x00, 0x00, 0x00, 0x00, 0x00, 0x0f, // ................
	0x04, 0x00, 0x00, 0xa4, 0x00, 0x00, 0x00, 0x01, 0x00, 0x00, 0x00, 0x00, 0x00, 0x00, 0x00, 0x03, // ................
	0x00, 0x00, 0x00, 0x01, 0x00, 0x00, 0x00, 0x0f, 0x0f, 0x00, 0x00, 0xa4, 0x00, 0x00, 0x00, 0x02, // ................
	0x00, 0x00, 0x00, 0x00, 0x00, 0x00, 0x00, 0x03, 0x00, 0x00, 0x00, 0x02, 0x00, 0x00, 0x00, 0x01, // ................
	0x01, 0x00, 0x00, 0xa4, 0x00, 0x00, 0x00, 0x00, 0x00, 0x00, 0x00, 0x00, 0x00, 0x00, 0x00, 0x03, // ................
	0x00, 0x00, 0x00, 0x02, 0x00, 0x00, 0x00, 0x0e, 0x0e, 0x00, 0x00, 0xa4, 0x00, 0x00, 0x00, 0x03, // ................
	0x00, 0x00, 0x00, 0x00, 0x00, 0x00, 0x00, 0x03, 0x00, 0x00, 0x00, 0x03, 0x00, 0x00, 0x00, 0x03, // ................
	0x03, 0x00, 0x00, 0xa4, 0x00, 0x00, 0x00, 0x04, 0x00, 0x00, 0x00, 0x00, 0x00, 0x00, 0x00, 0x03, // ................
	0x00, 0x00, 0x00, 0x04, 0x00, 0x00, 0x00, 0x07, 0x07, 0x00, 0x00, 0x53, 0x56, 0x5f, 0x50, 0x4f, // ...........SV_PO
	0x53, 0x49, 0x54, 0x49, 0x4f, 0x4e, 0x00, 0x54, 0x45, 0x58, 0x43, 0x4f, 0x4f, 0x52, 0x44, 0x00, // SITION.TEXCOORD.
	0xab, 0xab, 0xab, 0x4f, 0x53, 0x47, 0x4e, 0x4c, 0x00, 0x00, 0x00, 0x02, 0x00, 0x00, 0x00, 0x08, // ...OSGNL........
	0x00, 0x00, 0x00, 0x38, 0x00, 0x00, 0x00, 0x00, 0x00, 0x00, 0x00, 0x00, 0x00, 0x00, 0x00, 0x03, // ...8............
	0x00, 0x00, 0x00, 0x00, 0x00, 0x00, 0x00, 0x0f, 0x00, 0x00, 0x00, 0x42, 0x00, 0x00, 0x00, 0x00, // ...........B....
	0x00, 0x00, 0x00, 0x00, 0x00, 0x00, 0x00, 0x03, 0x00, 0x00, 0x00, 0xff, 0xff, 0xff, 0xff, 0x01, // ................
	0x0e, 0x00, 0x00, 0x53, 0x56, 0x5f, 0x54, 0x41, 0x52, 0x47, 0x45, 0x54, 0x00, 0x53, 0x56, 0x5f, // ...SV_TARGET.SV_
	0x44, 0x45, 0x50, 0x54, 0x48, 0x00, 0xab, 0x53, 0x48, 0x45, 0x58, 0x18, 0x12, 0x00, 0x00, 0x50, // DEPTH..SHEX....P
	0x00, 0x00, 0x00, 0x86, 0x04, 0x00, 0x00, 0x6a, 0x08, 0x00, 0x01, 0x59, 0x08, 0x00, 0x04, 0x46, // .......j...Y...F
	0x8e, 0x20, 0x00, 0x00, 0x00, 0x00, 0x00, 0x0e, 0x00, 0x00, 0x00, 0x5a, 0x00, 0x00, 0x03, 0x00, // . .........Z....
	0x60, 0x10, 0x00, 0x00, 0x00, 0x00, 0x00, 0x58, 0x18, 0x00, 0x04, 0x00, 0x70, 0x10, 0x00, 0x00, // `......X....p...
	0x00, 0x00, 0x00, 0x55, 0x55, 0x00, 0x00, 0x64, 0x20, 0x00, 0x04, 0x42, 0x10, 0x10, 0x00, 0x00, // ...UU..d ..B....
	0x00, 0x00, 0x00, 0x01, 0x00, 0x00, 0x00, 0x62, 0x10, 0x00, 0x03, 0xf2, 0x10, 0x10, 0x00, 0x01, // .......b........
	0x00, 0x00, 0x00, 0x62, 0x10, 0x00, 0x03, 0x12, 0x10, 0x10, 0x00, 0x02, 0x00, 0x00, 0x00, 0x62, // ...b...........b
	0x10, 0x00, 0x03, 0xe2, 0x10, 0x10, 0x00, 0x02, 0x00, 0x00, 0x00, 0x62, 0x10, 0x00, 0x03, 0x32, // ...........b...2
	0x10, 0x10, 0x00, 0x03, 0x00, 0x00, 0x00, 0x62, 0x10, 0x00, 0x03, 0x72, 0x10, 0x10, 0x00, 0x04, // .......b...r....
	0x00, 0x00, 0x00, 0x65, 0x00, 0x00, 0x03, 0xf2, 0x20, 0x10, 0x00, 0x00, 0x00, 0x00, 0x00, 0x65, // ...e.... ......e
	0x00, 0x00, 0x02, 0x01, 0xc0, 0x00, 0x00, 0x68, 0x00, 0x00, 0x02, 0x0d, 0x00, 0x00, 0x00, 0x1d, // .......h........
	0x00, 0x00, 0x08, 0x12, 0x00, 0x10, 0x00, 0x00, 0x00, 0x00, 0x00, 0x0a, 0x80, 0x20, 0x00, 0x00, // ............. ..
	0x00, 0x00, 0x00, 0x00, 0x00, 0x00, 0x00, 0x01, 0x40, 0x00, 0x00, 0x00, 0x00, 0x00, 0x3f, 0x31, // ........@.....?1
	0x00, 0x00, 0x08, 0x22, 0x00, 0x10, 0x00, 0x00, 0x00, 0x00, 0x00, 0x0a, 0x10, 0x10, 0x00, 0x02, // ..."............
	0x00, 0x00, 0x00, 0x1a, 0x80, 0x20, 0x00, 0x00, 0x00, 0x00, 0x00, 0x00, 0x00, 0x00, 0x00, 0x31, // ..... .........1
	0x00, 0x00, 0x08, 0x42, 0x00, 0x10, 0x00, 0x00, 0x00, 0x00, 0x00, 0x2a, 0x80, 0x20, 0x00, 0x00, // ...B.......*. ..
	0x00, 0x00, 0x00, 0x00, 0x00, 0x00, 0x00, 0x0a, 0x10, 0x10, 0x00, 0x02, 0x00, 0x00, 0x00, 0x3c, // ...............<
	0x00, 0x00, 0x07, 0x22, 0x00, 0x10, 0x00, 0x00, 0x00, 0x00, 0x00, 0x2a, 0x00, 0x10, 0x00, 0x00, // ...".......*....
	0x00, 0x00, 0x00, 0x1a, 0x00, 0x10, 0x00, 0x00, 0x00, 0x00, 0x00, 0x01, 0x00, 0x00, 0x07, 0x22, // ..............."
	0x00, 0x10, 0x00, 0x00, 0x00, 0x00, 0x00, 0x1a, 0x00, 0x10, 0x00, 0x00, 0x00, 0x00, 0x00, 0x0a, // ................
	0x00, 0x10, 0x00, 0x00, 0x00, 0x00, 0x00, 0x0d, 0x00, 0x04, 0x03, 0x1a, 0x00, 0x10, 0x00, 0x00, // ................
	0x00, 0x00, 0x00, 0x0e, 0x00, 0x00, 0x08, 0x22, 0x00, 0x10, 0x00, 0x00, 0x00, 0x00, 0x00, 0x0a, // ......."........
	0x10, 0x10, 0x00, 0x02, 0x00, 0x00, 0x00, 0x1a, 0x80, 0x20, 0x00, 0x00, 0x00, 0x00, 0x00, 0x00, // ......... ......
	0x00, 0x00, 0x00, 0x34, 0x00, 0x00, 0x07, 0x22, 0x00, 0x10, 0x00, 0x00, 0x00, 0x00, 0x00, 0x1a, // ...4..."........
	0x00, 0x10, 0x00, 0x00, 0x00, 0x00, 0x00, 0x01, 0x40, 0x00, 0x00, 0x00, 0x00, 0x80, 0x3f, 0x2f, // ........@.....?/
	0x00, 0x00, 0x05, 0x22, 0x00, 0x10, 0x00, 0x00, 0x00, 0x00, 0x00, 0x1a, 0x00, 0x10, 0x00, 0x00, // ..."............
	0x00, 0x00, 0x00, 0x0e, 0x00, 0x00, 0x09, 0x42, 0x00, 0x10, 0x00, 0x00, 0x00, 0x00, 0x00, 0x2a, // .......B.......*
	0x80, 0x20, 0x00, 0x00, 0x00, 0x00, 0x00, 0x00, 0x00, 0x00, 0x00, 0x1a, 0x80, 0x20, 0x00, 0x00, // . ........... ..
	0x00, 0x00, 0x00, 0x00, 0x00, 0x00, 0x00, 0x34, 0x00, 0x00, 0x07, 0x42, 0x00, 0x10, 0x00, 0x00, // .......4...B....
	0x00, 0x00, 0x00, 0x2a, 0x00, 0x10, 0x00, 0x00, 0x00, 0x00, 0x00, 0x01, 0x40, 0x00, 0x00, 0x08, // ...*........@...
	0x00, 0x80, 0x3f, 0x2f, 0x00, 0x00, 0x05, 0x42, 0x00, 0x10, 0x00, 0x00, 0x00, 0x00, 0x00, 0x2a, // ..?/...B.......*
	0x00, 0x10, 0x00, 0x00, 0x00, 0x00, 0x00, 0x0e, 0x00, 0x00, 0x07, 0x22, 0x00, 0x10, 0x00, 0x00, // ..........."....
	0x00, 0x00, 0x00, 0x1a, 0x00, 0x10, 0x00, 0x00, 0x00, 0x00, 0x00, 0x2a, 0x00, 0x10, 0x00, 0x00, // ...........*....
	0x00, 0x00, 0x00, 0x33, 0x00, 0x00, 0x07, 0x22, 0x00, 0x10, 0x00, 0x00, 0x00, 0x00, 0x00, 0x1a, // ...3..."........
	0x00, 0x10, 0x00, 0x00, 0x00, 0x00, 0x00, 0x01, 0x40, 0x00, 0x00, 0x00, 0x00, 0x80, 0x3f, 0x10, // ........@.....?.
	0x00, 0x00, 0x07, 0x42, 0x00, 0x10, 0x00, 0x00, 0x00, 0x00, 0x00, 0x96, 0x17, 0x10, 0x00, 0x02, // ...B............
	0x00, 0x00, 0x00, 0x96, 0x17, 0x10, 0x00, 0x02, 0x00, 0x00, 0x00, 0x44, 0x00, 0x00, 0x05, 0x42, // ...........D...B
	0x00, 0x10, 0x00, 0x00, 0x00, 0x00, 0x00, 0x2a, 0x00, 0x10, 0x00, 0x00, 0x00, 0x00, 0x00, 0x38, // .......*.......8
	0x00, 0x00, 0x07, 0x72, 0x00, 0x10, 0x00, 0x01, 0x00, 0x00, 0x00, 0xa6, 0x0a, 0x10, 0x00, 0x00, // ...r............
	0x00, 0x00, 0x00, 0x96, 0x17, 0x10, 0x00, 0x02, 0x00, 0x00, 0x00, 0x10, 0x00, 0x00, 0x09, 0x42, // ...............B
	0x00, 0x10, 0x00, 0x00, 0x00, 0x00, 0x00, 0x46, 0x12, 0x10, 0x80, 0x41, 0x00, 0x00, 0x00, 0x04, // .......F...A....
	0x00, 0x00, 0x00, 0x46, 0x12, 0x10, 0x80, 0x41, 0x00, 0x00, 0x00, 0x04, 0x00, 0x00, 0x00, 0x44, // ...F...A.......D
	0x00, 0x00, 0x05, 0x42, 0x00, 0x10, 0x00, 0x00, 0x00, 0x00, 0x00, 0x2a, 0x00, 0x10, 0x00, 0x00, // ...B.......*....
	0x00, 0x00, 0x00, 0x38, 0x00, 0x00, 0x08, 0x72, 0x00, 0x10, 0x00, 0x02, 0x00, 0x00, 0x00, 0xa6, // ...8...r........
	0x0a, 0x10, 0x00, 0x00, 0x00, 0x00, 0x00, 0x46, 0x12, 0x10, 0x80, 0x41, 0x00, 0x00, 0x00, 0x04, // .......F...A....
	0x00, 0x00, 0x00, 0x10, 0x00, 0x00, 0x09, 0x42, 0x00, 0x10, 0x00, 0x00, 0x00, 0x00, 0x00, 0x46, // .......B.......F
	0x82, 0x20, 0x00, 0x00, 0x00, 0x00, 0x00, 0x03, 0x00, 0x00, 0x00, 0x46, 0x82, 0x20, 0x00, 0x00, // . .........F. ..
	0x00, 0x00, 0x00, 0x03, 0x00, 0x00, 0x00, 0x44, 0x00, 0x00, 0x05, 0x42, 0x00, 0x10, 0x00, 0x00, // .......D...B....
	0x00, 0x00, 0x00, 0x2a, 0x00, 0x10, 0x00, 0x00, 0x00, 0x00, 0x00, 0x38, 0x00, 0x00, 0x08, 0x72, // ...*.......8...r
	0x00, 0x10, 0x00, 0x03, 0x00, 0x00, 0x00, 0xa6, 0x0a, 0x10, 0x00, 0x00, 0x00, 0x00, 0x00, 0x46, // ...............F
	0x82, 0x20, 0x00, 0x00, 0x00, 0x00, 0x00, 0x03, 0x00, 0x00, 0x00, 0x45, 0x00, 0x00, 0x8b, 0xc2, // . .........E....
	0x00, 0x00, 0x80, 0x43, 0x55, 0x15, 0x00, 0x72, 0x00, 0x10, 0x00, 0x04, 0x00, 0x00, 0x00, 0x46, // ...CU..r.......F
	0x10, 0x10, 0x00, 0x03, 0x00, 0x00, 0x00, 0x46, 0x7e, 0x10, 0x00, 0x00, 0x00, 0x00, 0x00, 0x00, // .......F~.......
	0x60, 0x10, 0x00, 0x00, 0x00, 0x00, 0x00, 0x38, 0x00, 0x00, 0x07, 0x72, 0x00, 0x10, 0x00, 0x05, // `......8...r....
	0x00, 0x00, 0x00, 0x46, 0x02, 0x10, 0x00, 0x04, 0x00, 0x00, 0x00, 0x46, 0x12, 0x10, 0x00, 0x01, // ...F.......F....
	0x00, 0x00, 0x00, 0x36, 0x20, 0x00, 0x06, 0x82, 0x00, 0x10, 0x00, 0x00, 0x00, 0x00, 0x00, 0x0a, // ...6 ...........
	0x80, 0x20, 0x00, 0x00, 0x00, 0x00, 0x00, 0x01, 0x00, 0x00, 0x00, 0x34, 0x00, 0x00, 0x08, 0x82, // . .........4....
	0x00, 0x10, 0x00, 0x01, 0x00, 0x00, 0x00, 0x1a, 0x80, 0x20, 0x00, 0x00, 0x00, 0x00, 0x00, 0x01, // ......... ......
	0x00, 0x00, 0x00, 0x01, 0x40, 0x00, 0x00, 0x8f, 0xc2, 0xf5, 0x3c, 0x33, 0x00, 0x00, 0x07, 0x82, // ....@.....<3....
	0x00, 0x10, 0x00, 0x01, 0x00, 0x00, 0x00, 0x3a, 0x00, 0x10, 0x00, 0x01, 0x00, 0x00, 0x00, 0x01, // .......:........
	0x40, 0x00, 0x00, 0x00, 0x00, 0x80, 0x3f, 0x32, 0x00, 0x00, 0x0c, 0x72, 0x00, 0x10, 0x00, 0x04, // @.....?2...r....
	0x00, 0x00, 0x00, 0x46, 0x02, 0x10, 0x00, 0x04, 0x00, 0x00, 0x00, 0x46, 0x12, 0x10, 0x00, 0x01, // ...F.......F....
	0x00, 0x00, 0x00, 0x02, 0x40, 0x00, 0x00, 0x0a, 0xd7, 0x23, 0xbd, 0x0a, 0xd7, 0x23, 0xbd, 0x0a, // ....@....#...#..
	0xd7, 0x23, 0xbd, 0x00, 0x00, 0x00, 0x00, 0x32, 0x00, 0x00, 0x0c, 0x72, 0x00, 0x10, 0x00, 0x04, // .#.....2...r....
	0x00, 0x00, 0x00, 0xf6, 0x0f, 0x10, 0x00, 0x00, 0x00, 0x00, 0x00, 0x46, 0x02, 0x10, 0x00, 0x04, // ...........F....
	0x00, 0x00, 0x00, 0x02, 0x40, 0x00, 0x00, 0x0a, 0xd7, 0x23, 0x3d, 0x0a, 0xd7, 0x23, 0x3d, 0x0a, // ....@....#=..#=.
	0xd7, 0x23, 0x3d, 0x00, 0x00, 0x00, 0x00, 0x38, 0x00, 0x00, 0x09, 0x72, 0x00, 0x10, 0x00, 0x06, // .#=....8...r....
	0x00, 0x00, 0x00, 0xf6, 0x8f, 0x20, 0x00, 0x00, 0x00, 0x00, 0x00, 0x03, 0x00, 0x00, 0x00, 0x46, // ..... .........F
	0x82, 0x20, 0x00, 0x00, 0x00, 0x00, 0x00, 0x04, 0x00, 0x00, 0x00, 0x32, 0x00, 0x00, 0x0a, 0x72, // . .........2...r
	0x00, 0x10, 0x00, 0x07, 0x00, 0x00, 0x00, 0x46, 0x82, 0x20, 0x00, 0x00, 0x00, 0x00, 0x00, 0x03, // .......F. ......
	0x00, 0x00, 0x00, 0xa6, 0x0a, 0x10, 0x00, 0x00, 0x00, 0x00, 0x00, 0x46, 0x02, 0x10, 0x00, 0x02, // ...........F....
	0x00, 0x00, 0x00, 0x10, 0x00, 0x00, 0x07, 0x42, 0x00, 0x10, 0x00, 0x00, 0x00, 0x00, 0x00, 0x46, // .......B.......F
	0x02, 0x10, 0x00, 0x07, 0x00, 0x00, 0x00, 0x46, 0x02, 0x10, 0x00, 0x07, 0x00, 0x00, 0x00, 0x44, // .......F.......D
	0x00, 0x00, 0x05, 0x42, 0x00, 0x10, 0x00, 0x00, 0x00, 0x00, 0x00, 0x2a, 0x00, 0x10, 0x00, 0x00, // ...B.......*....
	0x00, 0x00, 0x00, 0x38, 0x00, 0x00, 0x07, 0x72, 0x00, 0x10, 0x00, 0x07, 0x00, 0x00, 0x00, 0xa6, // ...8...r........
	0x0a, 0x10, 0x00, 0x00, 0x00, 0x00, 0x00, 0x46, 0x02, 0x10, 0x00, 0x07, 0x00, 0x00, 0x00, 0x38, // .......F.......8
	0x00, 0x00, 0x07, 0x42, 0x00, 0x10, 0x00, 0x00, 0x00, 0x00, 0x00, 0x3a, 0x00, 0x10, 0x00, 0x01, // ...B.......:....
	0x00, 0x00, 0x00, 0x3a, 0x00, 0x10, 0x00, 0x01, 0x00, 0x00, 0x00, 0x38, 0x00, 0x00, 0x07, 0x82, // ...:.......8....
	0x00, 0x10, 0x00, 0x02, 0x00, 0x00, 0x00, 0x2a, 0x00, 0x10, 0x00, 0x00, 0x00, 0x00, 0x00, 0x2a, // .......*.......*
	0x00, 0x10, 0x00, 0x00, 0x00, 0x00, 0x00, 0x10, 0x00, 0x00, 0x07, 0x82, 0x00, 0x10, 0x00, 0x03, // ................
	0x00, 0x00, 0x00, 0x46, 0x02, 0x10, 0x00, 0x01, 0x00, 0x00, 0x00, 0x46, 0x02, 0x10, 0x00, 0x07, // ...F.......F....
	0x00, 0x00, 0x00, 0x34, 0x00, 0x00, 0x07, 0x82, 0x00, 0x10, 0x00, 0x03, 0x00, 0x00, 0x00, 0x3a, // ...4...........:
	0x00, 0x10, 0x00, 0x03, 0x00, 0x00, 0x00, 0x01, 0x40, 0x00, 0x00, 0x00, 0x00, 0x00, 0x00, 0x38, // ........@......8
	0x00, 0x00, 0x07, 0x82, 0x00, 0x10, 0x00, 0x03, 0x00, 0x00, 0x00, 0x3a, 0x00, 0x10, 0x00, 0x03, // ...........:....
	0x00, 0x00, 0x00, 0x3a, 0x00, 0x10, 0x00, 0x03, 0x00, 0x00, 0x00, 0x32, 0x00, 0x00, 0x09, 0x42, // ...:.......2...B
	0x00, 0x10, 0x00, 0x00, 0x00, 0x00, 0x00, 0x2a, 0x00, 0x10, 0x00, 0x00, 0x00, 0x00, 0x00, 0x2a, // .......*.......*
	0x00, 0x10, 0x00, 0x00, 0x00, 0x00, 0x00, 0x01, 0x40, 0x00, 0x00, 0x00, 0x00, 0x80, 0xbf, 0x32, // ........@......2
	0x00, 0x00, 0x09, 0x82, 0x00, 0x10, 0x00, 0x03, 0x00, 0x00, 0x00, 0x3a, 0x00, 0x10, 0x00, 0x03, // ...........:....
	0x00, 0x00, 0x00, 0x2a, 0x00, 0x10, 0x00, 0x00, 0x00, 0x00, 0x00, 0x01, 0x40, 0x00, 0x00, 0x00, // ...*........@...
	0x00, 0x80, 0x3f, 0x38, 0x00, 0x00, 0x07, 0x82, 0x00, 0x10, 0x00, 0x03, 0x00, 0x00, 0x00, 0x3a, // ..?8...........:
	0x00, 0x10, 0x00, 0x03, 0x00, 0x00, 0x00, 0x3a, 0x00, 0x10, 0x00, 0x03, 0x00, 0x00, 0x00, 0x38, // .......:.......8
	0x00, 0x00, 0x07, 0x82, 0x00, 0x10, 0x00, 0x03, 0x00, 0x00, 0x00, 0x3a, 0x00, 0x10, 0x00, 0x03, // ...........:....
	0x00, 0x00, 0x00, 0x01, 0x40, 0x00, 0x00, 0xdb, 0x0f, 0x49, 0x40, 0x34, 0x00, 0x00, 0x07, 0x82, // ....@....I@4....
	0x00, 0x10, 0x00, 0x03, 0x00, 0x00, 0x00, 0x3a, 0x00, 0x10, 0x00, 0x03, 0x00, 0x00, 0x00, 0x01, // .......:........
	0x40, 0x00, 0x00, 0x6f, 0x12, 0x83, 0x3a, 0x0e, 0x00, 0x00, 0x07, 0x82, 0x00, 0x10, 0x00, 0x03, // @..o..:.........
	0x00, 0x00, 0x00, 0x3a, 0x00, 0x10, 0x00, 0x02, 0x00, 0x00, 0x00, 0x3a, 0x00, 0x10, 0x00, 0x03, // ...:.......:....
	0x00, 0x00, 0x00, 0x10, 0x00, 0x00, 0x07, 0x82, 0x00, 0x10, 0x00, 0x04, 0x00, 0x00, 0x00, 0x46, // ...............F
	0x02, 0x10, 0x00, 0x01, 0x00, 0x00, 0x00, 0x46, 0x02, 0x10, 0x00, 0x02, 0x00, 0x00, 0x00, 0x34, // .......F.......4
	0x00, 0x00, 0x07, 0x82, 0x00, 0x10, 0x00, 0x04, 0x00, 0x00, 0x00, 0x3a, 0x00, 0x10, 0x00, 0x04, // ...........:....
	0x00, 0x00, 0x00, 0x01, 0x40, 0x00, 0x00, 0x00, 0x00, 0x00, 0x00, 0x10, 0x00, 0x00, 0x07, 0x12, // ....@...........
	0x00, 0x10, 0x00, 0x03, 0x00, 0x00, 0x00, 0x46, 0x02, 0x10, 0x00, 0x01, 0x00, 0x00, 0x00, 0x46, // .......F.......F
	0x02, 0x10, 0x00, 0x03, 0x00, 0x00, 0x00, 0x34, 0x00, 0x00, 0x0a, 0x32, 0x00, 0x10, 0x00, 0x03, // .......4...2....
	0x00, 0x00, 0x00, 0x06, 0x00, 0x10, 0x00, 0x03, 0x00, 0x00, 0x00, 0x02, 0x40, 0x00, 0x00, 0x00, // ............@...
	0x00, 0x00, 0x00, 0x6f, 0x12, 0x83, 0x3a, 0x00, 0x00, 0x00, 0x00, 0x00, 0x00, 0x00, 0x00, 0x00, // ...o..:.........
	0x00, 0x00, 0x07, 0x82, 0x00, 0x10, 0x00, 0x01, 0x00, 0x00, 0x00, 0x3a, 0x00, 0x10, 0x00, 0x01, // ...........:....
	0x00, 0x00, 0x00, 0x01, 0x40, 0x00, 0x00, 0x00, 0x00, 0x80, 0x3f, 0x38, 0x00, 0x00, 0x07, 0x82, // ....@.....?8....
	0x00, 0x10, 0x00, 0x01, 0x00, 0x00, 0x00, 0x3a, 0x00, 0x10, 0x00, 0x01, 0x00, 0x00, 0x00, 0x3a, // .......:.......:
	0x00, 0x10, 0x00, 0x01, 0x00, 0x00, 0x00, 0x38, 0x00, 0x00, 0x07, 0x42, 0x00, 0x10, 0x00, 0x03, // .......8...B....
	0x00, 0x00, 0x00, 0x3a, 0x00, 0x10, 0x00, 0x01, 0x00, 0x00, 0x00, 0x01, 0x40, 0x00, 0x00, 0x00, // ...:........@...
	0x00, 0x00, 0x3e, 0x32, 0x00, 0x00, 0x0a, 0x82, 0x00, 0x10, 0x00, 0x01, 0x00, 0x00, 0x00, 0x3a, // ..>2...........:
	0x00, 0x10, 0x80, 0x41, 0x00, 0x00, 0x00, 0x01, 0x00, 0x00, 0x00, 0x01, 0x40, 0x00, 0x00, 0x00, // ...A........@...
	0x00, 0x00, 0x3e, 0x01, 0x40, 0x00, 0x00, 0x00, 0x00, 0x80, 0x3f, 0x32, 0x00, 0x00, 0x09, 0x82, // ..>.@.....?2....
	0x00, 0x10, 0x00, 0x05, 0x00, 0x00, 0x00, 0x3a, 0x00, 0x10, 0x00, 0x04, 0x00, 0x00, 0x00, 0x3a, // .......:.......:
	0x00, 0x10, 0x00, 0x01, 0x00, 0x00, 0x00, 0x2a, 0x00, 0x10, 0x00, 0x03, 0x00, 0x00, 0x00, 0x0e, // .......*........
	0x00, 0x00, 0x07, 0x82, 0x00, 0x10, 0x00, 0x05, 0x00, 0x00, 0x00, 0x3a, 0x00, 0x10, 0x00, 0x04, // ...........:....
	0x00, 0x00, 0x00, 0x3a, 0x00, 0x10, 0x00, 0x05, 0x00, 0x00, 0x00, 0x32, 0x00, 0x00, 0x09, 0x82, // ...:.......2....
	0x00, 0x10, 0x00, 0x06, 0x00, 0x00, 0x00, 0x0a, 0x00, 0x10, 0x00, 0x03, 0x00, 0x00, 0x00, 0x3a, // ...............:
	0x00, 0x10, 0x00, 0x01, 0x00, 0x00, 0x00, 0x2a, 0x00, 0x10, 0x00, 0x03, 0x00, 0x00, 0x00, 0x0e, // .......*........
	0x00, 0x00, 0x07, 0x82, 0x00, 0x10, 0x00, 0x06, 0x00, 0x00, 0x00, 0x0a, 0x00, 0x10, 0x00, 0x03, // ................
	0x00, 0x00, 0x00, 0x3a, 0x00, 0x10, 0x00, 0x06, 0x00, 0x00, 0x00, 0x38, 0x00, 0x00, 0x07, 0x82, // ...:.......8....
	0x00, 0x10, 0x00, 0x06, 0x00, 0x00, 0x00, 0x3a, 0x00, 0x10, 0x00, 0x05, 0x00, 0x00, 0x00, 0x3a, // .......:.......:
	0x00, 0x10, 0x00, 0x06, 0x00, 0x00, 0x00, 0x10, 0x00, 0x00, 0x07, 0x12, 0x00, 0x10, 0x00, 0x07, // ................
	0x00, 0x00, 0x00, 0x46, 0x02, 0x10, 0x00, 0x07, 0x00, 0x00, 0x00, 0x46, 0x02, 0x10, 0x00, 0x02, // ...F.......F....
	0x00, 0x00, 0x00, 0x34, 0x00, 0x00, 0x07, 0x12, 0x00, 0x10, 0x00, 0x07, 0x00, 0x00, 0x00, 0x0a, // ...4............
	0x00, 0x10, 0x00, 0x07, 0x00, 0x00, 0x00, 0x01, 0x40, 0x00, 0x00, 0x00, 0x00, 0x00, 0x00, 0x00, // ........@.......
	0x00, 0x00, 0x08, 0x12, 0x00, 0x10, 0x00, 0x07, 0x00, 0x00, 0x00, 0x0a, 0x00, 0x10, 0x80, 0x41, // ...............A
	0x00, 0x00, 0x00, 0x07, 0x00, 0x00, 0x00, 0x01, 0x40, 0x00, 0x00, 0x00, 0x00, 0x80, 0x3f, 0x34, // ........@.....?4
	0x00, 0x00, 0x07, 0x12, 0x00, 0x10, 0x00, 0x07, 0x00, 0x00, 0x00, 0x0a, 0x00, 0x10, 0x00, 0x07, // ................
	0x00, 0x00, 0x00, 0x01, 0x40, 0x00, 0x00, 0x00, 0x00, 0x00, 0x00, 0x38, 0x00, 0x00, 0x07, 0x22, // ....@......8..."
	0x00, 0x10, 0x00, 0x07, 0x00, 0x00, 0x00, 0x0a, 0x00, 0x10, 0x00, 0x07, 0x00, 0x00, 0x00, 0x0a, // ................
	0x00, 0x10, 0x00, 0x07, 0x00, 0x00, 0x00, 0x38, 0x00, 0x00, 0x07, 0x22, 0x00, 0x10, 0x00, 0x07, // .......8..."....
	0x00, 0x00, 0x00, 0x1a, 0x00, 0x10, 0x00, 0x07, 0x00, 0x00, 0x00, 0x1a, 0x00, 0x10, 0x00, 0x07, // ................
	0x00, 0x00, 0x00, 0x38, 0x00, 0x00, 0x07, 0x12, 0x00, 0x10, 0x00, 0x07, 0x00, 0x00, 0x00, 0x0a, // ...8............
	0x00, 0x10, 0x00, 0x07, 0x00, 0x00, 0x00, 0x1a, 0x00, 0x10, 0x00, 0x07, 0x00, 0x00, 0x00, 0x00, // ................
	0x00, 0x00, 0x0b, 0xe2, 0x00, 0x10, 0x00, 0x07, 0x00, 0x00, 0x00, 0x06, 0x09, 0x10, 0x80, 0x41, // ...............A
	0x00, 0x00, 0x00, 0x04, 0x00, 0x00, 0x00, 0x02, 0x40, 0x00, 0x00, 0x00, 0x00, 0x00, 0x00, 0x00, // ........@.......
	0x00, 0x80, 0x3f, 0x00, 0x00, 0x80, 0x3f, 0x00, 0x00, 0x80, 0x3f, 0x32, 0x00, 0x00, 0x09, 0x72, // ..?...?...?2...r
	0x00, 0x10, 0x00, 0x08, 0x00, 0x00, 0x00, 0x96, 0x07, 0x10, 0x00, 0x07, 0x00, 0x00, 0x00, 0x06, // ................
	0x00, 0x10, 0x00, 0x07, 0x00, 0x00, 0x00, 0x46, 0x02, 0x10, 0x00, 0x04, 0x00, 0x00, 0x00, 0x38, // .......F.......8
	0x00, 0x00, 0x07, 0x82, 0x00, 0x10, 0x00, 0x03, 0x00, 0x00, 0x00, 0x3a, 0x00, 0x10, 0x00, 0x03, // ...........:....
	0x00, 0x00, 0x00, 0x3a, 0x00, 0x10, 0x00, 0x06, 0x00, 0x00, 0x00, 0x38, 0x00, 0x00, 0x07, 0x72, // ...:.......8...r
	0x00, 0x10, 0x00, 0x09, 0x00, 0x00, 0x00, 0x46, 0x02, 0x10, 0x00, 0x08, 0x00, 0x00, 0x00, 0xf6, // .......F........
	0x0f, 0x10, 0x00, 0x03, 0x00, 0x00, 0x00, 0x38, 0x00, 0x00, 0x07, 0x82, 0x00, 0x10, 0x00, 0x03, // .......8........
	0x00, 0x00, 0x00, 0x3a, 0x00, 0x10, 0x00, 0x04, 0x00, 0x00, 0x00, 0x01, 0x40, 0x00, 0x00, 0x00, // ...:........@...
	0x00, 0x80, 0x40, 0x38, 0x00, 0x00, 0x07, 0x22, 0x00, 0x10, 0x00, 0x03, 0x00, 0x00, 0x00, 0x1a, // ..@8..."........
	0x00, 0x10, 0x00, 0x03, 0x00, 0x00, 0x00, 0x3a, 0x00, 0x10, 0x00, 0x03, 0x00, 0x00, 0x00, 0x34, // .......:.......4
	0x00, 0x00, 0x07, 0x22, 0x00, 0x10, 0x00, 0x03, 0x00, 0x00, 0x00, 0x1a, 0x00, 0x10, 0x00, 0x03, // ..."............
	0x00, 0x00, 0x00, 0x01, 0x40, 0x00, 0x00, 0x6f, 0x12, 0x83, 0x3a, 0x0e, 0x00, 0x00, 0x07, 0x72, // ....@..o..:....r
	0x00, 0x10, 0x00, 0x09, 0x00, 0x00, 0x00, 0x46, 0x02, 0x10, 0x00, 0x09, 0x00, 0x00, 0x00, 0x56, // .......F.......V
	0x05, 0x10, 0x00, 0x03, 0x00, 0x00, 0x00, 0x00, 0x00, 0x00, 0x0b, 0x72, 0x00, 0x10, 0x00, 0x08, // ...........r....
	0x00, 0x00, 0x00, 0x46, 0x02, 0x10, 0x80, 0x41, 0x00, 0x00, 0x00, 0x08, 0x00, 0x00, 0x00, 0x02, // ...F...A........
	0x40, 0x00, 0x00, 0x00, 0x00, 0x80, 0x3f, 0x00, 0x00, 0x80, 0x3f, 0x00, 0x00, 0x80, 0x3f, 0x00, // @.....?...?...?.
	0x00, 0x00, 0x00, 0x00, 0x00, 0x00, 0x08, 0x82, 0x00, 0x10, 0x00, 0x00, 0x00, 0x00, 0x00, 0x3a, // ...............:
	0x00, 0x10, 0x80, 0x41, 0x00, 0x00, 0x00, 0x00, 0x00, 0x00, 0x00, 0x01, 0x40, 0x00, 0x00, 0x00, // ...A........@...
	0x00, 0x80, 0x3f, 0x38, 0x00, 0x00, 0x07, 0x72, 0x00, 0x10, 0x00, 0x08, 0x00, 0x00, 0x00, 0xf6, // ..?8...r........
	0x0f, 0x10, 0x00, 0x00, 0x00, 0x00, 0x00, 0x46, 0x02, 0x10, 0x00, 0x08, 0x00, 0x00, 0x00, 0x38, // .......F.......8
	0x00, 0x00, 0x07, 0x72, 0x00, 0x10, 0x00, 0x08, 0x00, 0x00, 0x00, 0x46, 0x02, 0x10, 0x00, 0x05, // ...r.......F....
	0x00, 0x00, 0x00, 0x46, 0x02, 0x10, 0x00, 0x08, 0x00, 0x00, 0x00, 0x32, 0x00, 0x00, 0x0c, 0x72, // ...F.......2...r
	0x00, 0x10, 0x00, 0x08, 0x00, 0x00, 0x00, 0x46, 0x02, 0x10, 0x00, 0x08, 0x00, 0x00, 0x00, 0x02, // .......F........
	0x40, 0x00, 0x00, 0x83, 0xf9, 0xa2, 0x3e, 0x83, 0xf9, 0xa2, 0x3e, 0x83, 0xf9, 0xa2, 0x3e, 0x00, // @.....>...>...>.
	0x00, 0x00, 0x00, 0x46, 0x02, 0x10, 0x00, 0x09, 0x00, 0x00, 0x00, 0x38, 0x00, 0x00, 0x07, 0x72, // ...F.......8...r
	0x00, 0x10, 0x00, 0x06, 0x00, 0x00, 0x00, 0x46, 0x02, 0x10, 0x00, 0x06, 0x00, 0x00, 0x00, 0x46, // .......F.......F
	0x02, 0x10, 0x00, 0x08, 0x00, 0x00, 0x00, 0x38, 0x00, 0x00, 0x07, 0x72, 0x00, 0x10, 0x00, 0x06, // .......8...r....
	0x00, 0x00, 0x00, 0x06, 0x00, 0x10, 0x00, 0x03, 0x00, 0x00, 0x00, 0x46, 0x02, 0x10, 0x00, 0x06, // ...........F....
	0x00, 0x00, 0x00, 0x32, 0x00, 0x00, 0x0a, 0x72, 0x00, 0x10, 0x00, 0x06, 0x00, 0x00, 0x00, 0x46, // ...2...r.......F
	0x82, 0x20, 0x00, 0x00, 0x00, 0x00, 0x00, 0x02, 0x00, 0x00, 0x00, 0x46, 0x02, 0x10, 0x00, 0x05, // . .........F....
	0x00, 0x00, 0x00, 0x46, 0x02, 0x10, 0x00, 0x06, 0x00, 0x00, 0x00, 0x36, 0x00, 0x00, 0x05, 0x72, // ...F.......6...r
	0x00, 0x10, 0x00, 0x08, 0x00, 0x00, 0x00, 0x46, 0x02, 0x10, 0x00, 0x06, 0x00, 0x00, 0x00, 0x36, // .......F.......6
	0x00, 0x00, 0x05, 0x12, 0x00, 0x10, 0x00, 0x03, 0x00, 0x00, 0x00, 0x01, 0x40, 0x00, 0x00, 0x00, // ............@...
	0x00, 0x00, 0x00, 0x30, 0x00, 0x00, 0x01, 0x21, 0x00, 0x00, 0x07, 0x22, 0x00, 0x10, 0x00, 0x03, // ...0...!..."....
	0x00, 0x00, 0x00, 0x0a, 0x00, 0x10, 0x00, 0x03, 0x00, 0x00, 0x00, 0x01, 0x40, 0x00, 0x00, 0x04, // ............@...
	0x00, 0x00, 0x00, 0x03, 0x00, 0x04, 0x03, 0x1a, 0x00, 0x10, 0x00, 0x03, 0x00, 0x00, 0x00, 0x2b, // ...............+
	0x00, 0x00, 0x05, 0x22, 0x00, 0x10, 0x00, 0x03, 0x00, 0x00, 0x00, 0x0a, 0x00, 0x10, 0x00, 0x03, // ..."............
	0x00, 0x00, 0x00, 0x1d, 0x00, 0x00, 0x08, 0x22, 0x00, 0x10, 0x00, 0x03, 0x00, 0x00, 0x00, 0x1a, // ......."........
	0x00, 0x10, 0x00, 0x03, 0x00, 0x00, 0x00, 0x0a, 0x80, 0x20, 0x00, 0x00, 0x00, 0x00, 0x00, 0x0d, // ......... ......
	0x00, 0x00, 0x00, 0x1f, 0x00, 0x04, 0x03, 0x1a, 0x00, 0x10, 0x00, 0x03, 0x00, 0x00, 0x00, 0x02, // ................
	0x00, 0x00, 0x01, 0x15, 0x00, 0x00, 0x01, 0x00, 0x00, 0x00, 0x0b, 0x72, 0x00, 0x10, 0x00, 0x09, // ...........r....
	0x00, 0x00, 0x00, 0x46, 0x12, 0x10, 0x80, 0x41, 0x00, 0x00, 0x00, 0x04, 0x00, 0x00, 0x00, 0x46, // ...F...A.......F
	0x82, 0x20, 0x06, 0x00, 0x00, 0x00, 0x00, 0x05, 0x00, 0x00, 0x00, 0x0a, 0x00, 0x10, 0x00, 0x03, // . ..............
	0x00, 0x00, 0x00, 0x10, 0x00, 0x00, 0x07, 0x22, 0x00, 0x10, 0x00, 0x03, 0x00, 0x00, 0x00, 0x46, // .......".......F
	0x02, 0x10, 0x00, 0x09, 0x00, 0x00, 0x00, 0x46, 0x02, 0x10, 0x00, 0x09, 0x00, 0x00, 0x00, 0x34, // .......F.......4
	0x00, 0x00, 0x07, 0x82, 0x00, 0x10, 0x00, 0x04, 0x00, 0x00, 0x00, 0x1a, 0x00, 0x10, 0x00, 0x03, // ................
	0x00, 0x00, 0x00, 0x01, 0x40, 0x00, 0x00, 0x0a, 0xd7, 0x23, 0x3c, 0x44, 0x00, 0x00, 0x05, 0x22, // ....@....#<D..."
	0x00, 0x10, 0x00, 0x03, 0x00, 0x00, 0x00, 0x1a, 0x00, 0x10, 0x00, 0x03, 0x00, 0x00, 0x00, 0x38, // ...............8
	0x00, 0x00, 0x07, 0x72, 0x00, 0x10, 0x00, 0x0a, 0x00, 0x00, 0x00, 0x56, 0x05, 0x10, 0x00, 0x03, // ...r.......V....
	0x00, 0x00, 0x00, 0x46, 0x02, 0x10, 0x00, 0x09, 0x00, 0x00, 0x00, 0x34, 0x00, 0x00, 0x0a, 0x82, // ...F.......4....
	0x00, 0x10, 0x00, 0x06, 0x00, 0x00, 0x00, 0x01, 0x40, 0x00, 0x00, 0x00, 0x00, 0x80, 0x3f, 0x3a, // ........@.....?:
	0x80, 0x20, 0x06, 0x00, 0x00, 0x00, 0x00, 0x05, 0x00, 0x00, 0x00, 0x0a, 0x00, 0x10, 0x00, 0x03, // . ..............
	0x00, 0x00, 0x00, 0x38, 0x00, 0x00, 0x07, 0x82, 0x00, 0x10, 0x00, 0x06, 0x00, 0x00, 0x00, 0x3a, // ...8...........:
	0x00, 0x10, 0x00, 0x06, 0x00, 0x00, 0x00, 0x3a, 0x00, 0x10, 0x00, 0x06, 0x00, 0x00, 0x00, 0x0e, // .......:........
	0x00, 0x00, 0x07, 0x82, 0x00, 0x10, 0x00, 0x04, 0x00, 0x00, 0x00, 0x3a, 0x00, 0x10, 0x00, 0x04, // ...........:....
	0x00, 0x00, 0x00, 0x3a, 0x00, 0x10, 0x00, 0x06, 0x00, 0x00, 0x00, 0x00, 0x00, 0x00, 0x07, 0x82, // ...:............
	0x00, 0x10, 0x00, 0x04, 0x00, 0x00, 0x00, 0x3a, 0x00, 0x10, 0x00, 0x04, 0x00, 0x00, 0x00, 0x01, // .......:........
	0x40, 0x00, 0x00, 0x00, 0x00, 0x80, 0x3f, 0x0e, 0x00, 0x00, 0x0a, 0x82, 0x00, 0x10, 0x00, 0x04, // @.....?.........
	0x00, 0x00, 0x00, 0x02, 0x40, 0x00, 0x00, 0x00, 0x00, 0x80, 0x3f, 0x00, 0x00, 0x80, 0x3f, 0x00, // ....@.....?...?.
	0x00, 0x80, 0x3f, 0x00, 0x00, 0x80, 0x3f, 0x3a, 0x00, 0x10, 0x00, 0x04, 0x00, 0x00, 0x00, 0x38, // ..?...?:.......8
	0x00, 0x00, 0x0a, 0x72, 0x00, 0x10, 0x00, 0x0b, 0x00, 0x00, 0x00, 0xf6, 0x0f, 0x10, 0x00, 0x04, // ...r............
	0x00, 0x00, 0x00, 0x46, 0x82, 0x20, 0x06, 0x00, 0x00, 0x00, 0x00, 0x09, 0x00, 0x00, 0x00, 0x0a, // ...F. ..........
	0x00, 0x10, 0x00, 0x03, 0x00, 0x00, 0x00, 0x32, 0x00, 0x00, 0x09, 0x72, 0x00, 0x10, 0x00, 0x09, // .......2...r....
	0x00, 0x00, 0x00, 0x46, 0x02, 0x10, 0x00, 0x09, 0x00, 0x00, 0x00, 0x56, 0x05, 0x10, 0x00, 0x03, // ...F.......V....
	0x00, 0x00, 0x00, 0x46, 0x02, 0x10, 0x00, 0x02, 0x00, 0x00, 0x00, 0x10, 0x00, 0x00, 0x07, 0x22, // ...F..........."
	0x00, 0x10, 0x00, 0x03, 0x00, 0x00, 0x00, 0x46, 0x02, 0x10, 0x00, 0x09, 0x00, 0x00, 0x00, 0x46, // .......F.......F
	0x02, 0x10, 0x00, 0x09, 0x00, 0x00, 0x00, 0x44, 0x00, 0x00, 0x05, 0x22, 0x00, 0x10, 0x00, 0x03, // .......D..."....
	0x00, 0x00, 0x00, 0x1a, 0x00, 0x10, 0x00, 0x03, 0x00, 0x00, 0x00, 0x38, 0x00, 0x00, 0x07, 0x72, // ...........8...r
	0x00, 0x10, 0x00, 0x09, 0x00, 0x00, 0x00, 0x56, 0x05, 0x10, 0x00, 0x03, 0x00, 0x00, 0x00, 0x46, // .......V.......F
	0x02, 0x10, 0x00, 0x09, 0x00, 0x00, 0x00, 0x10, 0x00, 0x00, 0x07, 0x22, 0x00, 0x10, 0x00, 0x03, // ..........."....
	0x00, 0x00, 0x00, 0x46, 0x02, 0x10, 0x00, 0x01, 0x00, 0x00, 0x00, 0x46, 0x02, 0x10, 0x00, 0x09, // ...F.......F....
	0x00, 0x00, 0x00, 0x34, 0x00, 0x00, 0x07, 0x22, 0x00, 0x10, 0x00, 0x03, 0x00, 0x00, 0x00, 0x1a, // ...4..."........
	0x00, 0x10, 0x00, 0x03, 0x00, 0x00, 0x00, 0x01, 0x40, 0x00, 0x00, 0x00, 0x00, 0x00, 0x00, 0x38, // ........@......8
	0x00, 0x00, 0x07, 0x22, 0x00, 0x10, 0x00, 0x03, 0x00, 0x00, 0x00, 0x1a, 0x00, 0x10, 0x00, 0x03, // ..."............
	0x00, 0x00, 0x00, 0x1a, 0x00, 0x10, 0x00, 0x03, 0x00, 0x00, 0x00, 0x32, 0x00, 0x00, 0x09, 0x22, // ...........2..."
	0x00, 0x10, 0x00, 0x03, 0x00, 0x00, 0x00, 0x1a, 0x00, 0x10, 0x00, 0x03, 0x00, 0x00, 0x00, 0x2a, // ...............*
	0x00, 0x10, 0x00, 0x00, 0x00, 0x00, 0x00, 0x01, 0x40, 0x00, 0x00, 0x00, 0x00, 0x80, 0x3f, 0x38, // ........@.....?8
	0x00, 0x00, 0x07, 0x22, 0x00, 0x10, 0x00, 0x03, 0x00, 0x00, 0x00, 0x1a, 0x00, 0x10, 0x00, 0x03, // ..."............
	0x00, 0x00, 0x00, 0x1a, 0x00, 0x10, 0x00, 0x03, 0x00, 0x00, 0x00, 0x38, 0x00, 0x00, 0x07, 0x22, // ...........8..."
	0x00, 0x10, 0x00, 0x03, 0x00, 0x00, 0x00, 0x1a, 0x00, 0x10, 0x00, 0x03, 0x00, 0x00, 0x00, 0x01, // ................
	0x40, 0x00, 0x00, 0xdb, 0x0f, 0x49, 0x40, 0x34, 0x00, 0x00, 0x07, 0x22, 0x00, 0x10, 0x00, 0x03, // @....I@4..."....
	0x00, 0x00, 0x00, 0x1a, 0x00, 0x10, 0x00, 0x03, 0x00, 0x00, 0x00, 0x01, 0x40, 0x00, 0x00, 0x6f, // ............@..o
	0x12, 0x83, 0x3a, 0x0e, 0x00, 0x00, 0x07, 0x22, 0x00, 0x10, 0x00, 0x03, 0x00, 0x00, 0x00, 0x3a, // ..:....".......:
	0x00, 0x10, 0x00, 0x02, 0x00, 0x00, 0x00, 0x1a, 0x00, 0x10, 0x00, 0x03, 0x00, 0x00, 0x00, 0x10, // ................
	0x00, 0x00, 0x07, 0x82, 0x00, 0x10, 0x00, 0x04, 0x00, 0x00, 0x00, 0x46, 0x02, 0x10, 0x00, 0x01, // ...........F....
	0x00, 0x00, 0x00, 0x46, 0x02, 0x10, 0x00, 0x0a, 0x00, 0x00, 0x00, 0x34, 0x00, 0x00, 0x0a, 0x32, // ...F.......4...2
	0x00, 0x10, 0x00, 0x0a, 0x00, 0x00, 0x00, 0xf6, 0x0f, 0x10, 0x00, 0x04, 0x00, 0x00, 0x00, 0x02, // ................
	0x40, 0x00, 0x00, 0x00, 0x00, 0x00, 0x00, 0x6f, 0x12, 0x83, 0x3a, 0x00, 0x00, 0x00, 0x00, 0x00, // @......o..:.....
	0x00, 0x00, 0x00, 0x32, 0x00, 0x00, 0x09, 0x82, 0x00, 0x10, 0x00, 0x04, 0x00, 0x00, 0x00, 0x0a, // ...2............
	0x00, 0x10, 0x00, 0x0a, 0x00, 0x00, 0x00, 0x3a, 0x00, 0x10, 0x00, 0x01, 0x00, 0x00, 0x00, 0x2a, // .......:.......*
	0x00, 0x10, 0x00, 0x03, 0x00, 0x00, 0x00, 0x0e, 0x00, 0x00, 0x07, 0x82, 0x00, 0x10, 0x00, 0x04, // ................
	0x00, 0x00, 0x00, 0x0a, 0x00, 0x10, 0x00, 0x0a, 0x00, 0x00, 0x00, 0x3a, 0x00, 0x10, 0x00, 0x04, // ...........:....
	0x00, 0x00, 0x00, 0x38, 0x00, 0x00, 0x07, 0x82, 0x00, 0x10, 0x00, 0x04, 0x00, 0x00, 0x00, 0x3a, // ...8...........:
	0x00, 0x10, 0x00, 0x04, 0x00, 0x00, 0x00, 0x3a, 0x00, 0x10, 0x00, 0x05, 0x00, 0x00, 0x00, 0x10, // .......:........
	0x00, 0x00, 0x07, 0x82, 0x00, 0x10, 0x00, 0x06, 0x00, 0x00, 0x00, 0x46, 0x02, 0x10, 0x00, 0x09, // ...........F....
	0x00, 0x00, 0x00, 0x46, 0x02, 0x10, 0x00, 0x02, 0x00, 0x00, 0x00, 0x34, 0x00, 0x00, 0x07, 0x82, // ...F.......4....
	0x00, 0x10, 0x00, 0x06, 0x00, 0x00, 0x00, 0x3a, 0x00, 0x10, 0x00, 0x06, 0x00, 0x00, 0x00, 0x01, // .......:........
	0x40, 0x00, 0x00, 0x00, 0x00, 0x00, 0x00, 0x00, 0x00, 0x00, 0x08, 0x82, 0x00, 0x10, 0x00, 0x06, // @...............
	0x00, 0x00, 0x00, 0x3a, 0x00, 0x10, 0x80, 0x41, 0x00, 0x00, 0x00, 0x06, 0x00, 0x00, 0x00, 0x01, // ...:...A........
	0x40, 0x00, 0x00, 0x00, 0x00, 0x80, 0x3f, 0x34, 0x00, 0x00, 0x07, 0x82, 0x00, 0x10, 0x00, 0x06, // @.....?4........
	0x00, 0x00, 0x00, 0x3a, 0x00, 0x10, 0x00, 0x06, 0x00, 0x00, 0x00, 0x01, 0x40, 0x00, 0x00, 0x00, // ...:........@...
	0x00, 0x00, 0x00, 0x38, 0x00, 0x00, 0x07, 0x12, 0x00, 0x10, 0x00, 0x07, 0x00, 0x00, 0x00, 0x3a, // ...8...........:
	0x00, 0x10, 0x00, 0x06, 0x00, 0x00, 0x00, 0x3a, 0x00, 0x10, 0x00, 0x06, 0x00, 0x00, 0x00, 0x38, // .......:.......8
	0x00, 0x00, 0x07, 0x12, 0x00, 0x10, 0x00, 0x07, 0x00, 0x00, 0x00, 0x0a, 0x00, 0x10, 0x00, 0x07, // ................
	0x00, 0x00, 0x00, 0x0a, 0x00, 0x10, 0x00, 0x07, 0x00, 0x00, 0x00, 0x38, 0x00, 0x00, 0x07, 0x82, // ...........8....
	0x00, 0x10, 0x00, 0x06, 0x00, 0x00, 0x00, 0x3a, 0x00, 0x10, 0x00, 0x06, 0x00, 0x00, 0x00, 0x0a, // .......:........
	0x00, 0x10, 0x00, 0x07, 0x00, 0x00, 0x00, 0x32, 0x00, 0x00, 0x09, 0x72, 0x00, 0x10, 0x00, 0x09, // .......2...r....
	0x00, 0x00, 0x00, 0x96, 0x07, 0x10, 0x00, 0x07, 0x00, 0x00, 0x00, 0xf6, 0x0f, 0x10, 0x00, 0x06, // ................
	0x00, 0x00, 0x00, 0x46, 0x02, 0x10, 0x00, 0x04, 0x00, 0x00, 0x00, 0x38, 0x00, 0x00, 0x07, 0x22, // ...F.......8..."
	0x00, 0x10, 0x00, 0x03, 0x00, 0x00, 0x00, 0x1a, 0x00, 0x10, 0x00, 0x03, 0x00, 0x00, 0x00, 0x3a, // ...............:
	0x00, 0x10, 0x00, 0x04, 0x00, 0x00, 0x00, 0x38, 0x00, 0x00, 0x07, 0x72, 0x00, 0x10, 0x00, 0x0c, // .......8...r....
	0x00, 0x00, 0x00, 0x46, 0x02, 0x10, 0x00, 0x09, 0x00, 0x00, 0x00, 0x56, 0x05, 0x10, 0x00, 0x03, // ...F.......V....
	0x00, 0x00, 0x00, 0x38, 0x00, 0x00, 0x07, 0x22, 0x00, 0x10, 0x00, 0x03, 0x00, 0x00, 0x00, 0x3a, // ...8...".......:
	0x00, 0x10, 0x00, 0x03, 0x00, 0x00, 0x00, 0x1a, 0x00, 0x10, 0x00, 0x0a, 0x00, 0x00, 0x00, 0x34, // ...............4
	0x00, 0x00, 0x07, 0x22, 0x00, 0x10, 0x00, 0x03, 0x00, 0x00, 0x00, 0x1a, 0x00, 0x10, 0x00, 0x03, // ..."............
	0x00, 0x00, 0x00, 0x01, 0x40, 0x00, 0x00, 0x6f, 0x12, 0x83, 0x3a, 0x0e, 0x00, 0x00, 0x07, 0xe2, // ....@..o..:.....
	0x00, 0x10, 0x00, 0x0a, 0x00, 0x00, 0x00, 0x06, 0x09, 0x10, 0x00, 0x0c, 0x00, 0x00, 0x00, 0x56, // ...............V
	0x05, 0x10, 0x00, 0x03, 0x00, 0x00, 0x00, 0x00, 0x00, 0x00, 0x0b, 0x72, 0x00, 0x10, 0x00, 0x09, // ...........r....
	0x00, 0x00, 0x00, 0x46, 0x02, 0x10, 0x80, 0x41, 0x00, 0x00, 0x00, 0x09, 0x00, 0x00, 0x00, 0x02, // ...F...A........
	0x40, 0x00, 0x00, 0x00, 0x00, 0x80, 0x3f, 0x00, 0x00, 0x80, 0x3f, 0x00, 0x00, 0x80, 0x3f, 0x00, // @.....?...?...?.
	0x00, 0x00, 0x00, 0x38, 0x00, 0x00, 0x07, 0x72, 0x00, 0x10, 0x00, 0x09, 0x00, 0x00, 0x00, 0xf6, // ...8...r........
	0x0f, 0x10, 0x00, 0x00, 0x00, 0x00, 0x00, 0x46, 0x02, 0x10, 0x00, 0x09, 0x00, 0x00, 0x00, 0x38, // .......F.......8
	0x00, 0x00, 0x07, 0x72, 0x00, 0x10, 0x00, 0x09, 0x00, 0x00, 0x00, 0x46, 0x02, 0x10, 0x00, 0x05, // ...r.......F....
	0x00, 0x00, 0x00, 0x46, 0x02, 0x10, 0x00, 0x09, 0x00, 0x00, 0x00, 0x32, 0x00, 0x00, 0x0c, 0x72, // ...F.......2...r
	0x00, 0x10, 0x00, 0x09, 0x00, 0x00, 0x00, 0x46, 0x02, 0x10, 0x00, 0x09, 0x00, 0x00, 0x00, 0x02, // .......F........
	0x40, 0x00, 0x00, 0x83, 0xf9, 0xa2, 0x3e, 0x83, 0xf9, 0xa2, 0x3e, 0x83, 0xf9, 0xa2, 0x3e, 0x00, // @.....>...>...>.
	0x00, 0x00, 0x00, 0x96, 0x07, 0x10, 0x00, 0x0a, 0x00, 0x00, 0x00, 0x38, 0x00, 0x00, 0x07, 0x72, // ...........8...r
	0x00, 0x10, 0x00, 0x09, 0x00, 0x00, 0x00, 0x46, 0x02, 0x10, 0x00, 0x0b, 0x00, 0x00, 0x00, 0x46, // .......F.......F
	0x02, 0x10, 0x00, 0x09, 0x00, 0x00, 0x00, 0x32, 0x00, 0x00, 0x09, 0x72, 0x00, 0x10, 0x00, 0x08, // .......2...r....
	0x00, 0x00, 0x00, 0x46, 0x02, 0x10, 0x00, 0x09, 0x00, 0x00, 0x00, 0x06, 0x00, 0x10, 0x00, 0x0a, // ...F............
	0x00, 0x00, 0x00, 0x46, 0x02, 0x10, 0x00, 0x08, 0x00, 0x00, 0x00, 0x1e, 0x00, 0x00, 0x07, 0x12, // ...F............
	0x00, 0x10, 0x00, 0x03, 0x00, 0x00, 0x00, 0x0a, 0x00, 0x10, 0x00, 0x03, 0x00, 0x00, 0x00, 0x01, // ................
	0x40, 0x00, 0x00, 0x01, 0x00, 0x00, 0x00, 0x16, 0x00, 0x00, 0x01, 0x31, 0x00, 0x00, 0x08, 0x42, // @..........1...B
	0x00, 0x10, 0x00, 0x00, 0x00, 0x00, 0x00, 0x01, 0x40, 0x00, 0x00, 0x00, 0x00, 0x00, 0x00, 0x3a, // ........@......:
	0x80, 0x20, 0x00, 0x00, 0x00, 0x00, 0x00, 0x01, 0x00, 0x00, 0x00, 0x31, 0x00, 0x00, 0x08, 0x82, // . .........1....
	0x00, 0x10, 0x00, 0x00, 0x00, 0x00, 0x00, 0x3a, 0x10, 0x10, 0x00, 0x01, 0x00, 0x00, 0x00, 0x3a, // .......:.......:
	0x80, 0x20, 0x00, 0x00, 0x00, 0x00, 0x00, 0x01, 0x00, 0x00, 0x00, 0x01, 0x00, 0x00, 0x07, 0x42, // . .............B
	0x00, 0x10, 0x00, 0x00, 0x00, 0x00, 0x00, 0x3a, 0x00, 0x10, 0x00, 0x00, 0x00, 0x00, 0x00, 0x2a, // .......:.......*
	0x00, 0x10, 0x00, 0x00, 0x00, 0x00, 0x00, 0x0d, 0x00, 0x04, 0x03, 0x2a, 0x00, 0x10, 0x00, 0x00, // ...........*....
	0x00, 0x00, 0x00, 0x32, 0x00, 0x00, 0x0a, 0x72, 0x00, 0x10, 0x00, 0x01, 0x00, 0x00, 0x00, 0x46, // ...2...r.......F
	0x02, 0x10, 0x00, 0x05, 0x00, 0x00, 0x00, 0xa6, 0x8a, 0x20, 0x00, 0x00, 0x00, 0x00, 0x00, 0x01, // ......... ......
	0x00, 0x00, 0x00, 0x46, 0x02, 0x10, 0x00, 0x08, 0x00, 0x00, 0x00, 0x00, 0x00, 0x00, 0x0a, 0x72, // ...F...........r
	0x00, 0x10, 0x00, 0x02, 0x00, 0x00, 0x00, 0x46, 0x02, 0x10, 0x00, 0x01, 0x00, 0x00, 0x00, 0x02, // .......F........
	0x40, 0x00, 0x00, 0x00, 0x00, 0x80, 0x3f, 0x00, 0x00, 0x80, 0x3f, 0x00, 0x00, 0x80, 0x3f, 0x00, // @.....?...?...?.
	0x00, 0x00, 0x00, 0x0e, 0x00, 0x00, 0x07, 0x72, 0x00, 0x10, 0x00, 0x01, 0x00, 0x00, 0x00, 0x46, // .......r.......F
	0x02, 0x10, 0x00, 0x01, 0x00, 0x00, 0x00, 0x46, 0x02, 0x10, 0x00, 0x02, 0x00, 0x00, 0x00, 0x2f, // .......F......./
	0x00, 0x00, 0x05, 0x72, 0x00, 0x10, 0x00, 0x01, 0x00, 0x00, 0x00, 0x46, 0x02, 0x10, 0x00, 0x01, // ...r.......F....
	0x00, 0x00, 0x00, 0x38, 0x00, 0x00, 0x0a, 0x72, 0x00, 0x10, 0x00, 0x01, 0x00, 0x00, 0x00, 0x46, // ...8...r.......F
	0x02, 0x10, 0x00, 0x01, 0x00, 0x00, 0x00, 0x02, 0x40, 0x00, 0x00, 0x2f, 0xba, 0xe8, 0x3e, 0x2f, // ........@../..>/
	0xba, 0xe8, 0x3e, 0x2f, 0xba, 0xe8, 0x3e, 0x00, 0x00, 0x00, 0x00, 0x19, 0x00, 0x00, 0x05, 0x72, // ..>/..>........r
	0x20, 0x10, 0x00, 0x00, 0x00, 0x00, 0x00, 0x46, 0x02, 0x10, 0x00, 0x01, 0x00, 0x00, 0x00, 0x36, //  ......F.......6
	0x00, 0x00, 0x05, 0x82, 0x20, 0x10, 0x00, 0x00, 0x00, 0x00, 0x00, 0x3a, 0x10, 0x10, 0x00, 0x01, // .... ......:....
	0x00, 0x00, 0x00, 0x37, 0x00, 0x00, 0x08, 0x01, 0xc0, 0x00, 0x00, 0x0a, 0x00, 0x10, 0x00, 0x00, // ...7............
	0x00, 0x00, 0x00, 0x1a, 0x00, 0x10, 0x00, 0x00, 0x00, 0x00, 0x00, 0x2a, 0x10, 0x10, 0x00, 0x00, // ...........*....
	0x00, 0x00, 0x00, 0x3e, 0x00, 0x00, 0x01, 0x00, 0x00, 0xe0, 0x00,                               // ...>.......
};

static const uint8_t fs_pbr_mesh_glsl[5685] =
{
	0x46, 0x53, 0x48, 0x0b, 0x0a, 0x14, 0x48, 0x0f, 0x00, 0x00, 0x00, 0x00, 0x09, 0x00, 0x08, 0x73, // FSH...H........s
	0x5f, 0x61, 0x6c, 0x62, 0x65, 0x64, 0x6f, 0x00, 0x01, 0x00, 0x00, 0x01, 0x00, 0x00, 0x00, 0x00, // _albedo.........
	0x00, 0x09, 0x75, 0x4c, 0x6f, 0x67, 0x44, 0x65, 0x70, 0x74, 0x68, 0x02, 0x01, 0x00, 0x00, 0x01, // ..uLogDepth.....
	0x00, 0x00, 0x00, 0x00, 0x00, 0x0a, 0x75, 0x5f, 0x6d, 0x61, 0x74, 0x65, 0x72, 0x69, 0x61, 0x6c, // ......u_material
	0x02, 0x01, 0x00, 0x00, 0x01, 0x00, 0x00, 0x00, 0x00, 0x00, 0x0a, 0x75, 0x5f, 0x72, 0x41, 0x6d, // ...........u_rAm
	0x62, 0x69, 0x65, 0x6e, 0x74, 0x02, 0x01, 0x00, 0x00, 0x01, 0x00, 0x00, 0x00, 0x00, 0x00, 0x0c, // bient...........
	0x75, 0x5f, 0x72, 0x44, 0x69, 0x72, 0x65, 0x63, 0x74, 0x69, 0x6f, 0x6e, 0x02, 0x01, 0x00, 0x00, // u_rDirection....
	0x01, 0x00, 0x00, 0x00, 0x00, 0x00, 0x11, 0x75, 0x5f, 0x72, 0x44, 0x69, 0x72, 0x65, 0x63, 0x74, // .......u_rDirect
	0x69, 0x6f, 0x6e, 0x43, 0x6f, 0x6c, 0x6f, 0x72, 0x02, 0x01, 0x00, 0x00, 0x01, 0x00, 0x00, 0x00, // ionColor........
	0x00, 0x00, 0x11, 0x75, 0x5f, 0x72, 0x50, 0x6f, 0x69, 0x6e, 0x74, 0x50, 0x6f, 0x73, 0x69, 0x74, // ...u_rPointPosit
	0x69, 0x6f, 0x6e, 0x73, 0x02, 0x04, 0x00, 0x00, 0x04, 0x00, 0x00, 0x00, 0x00, 0x00, 0x0e, 0x75, // ions...........u
	0x5f, 0x72, 0x50, 0x6f, 0x69, 0x6e, 0x74, 0x43, 0x6f, 0x6c, 0x6f, 0x72, 0x73, 0x02, 0x04, 0x00, // _rPointColors...
	0x00, 0x04, 0x00, 0x00, 0x00, 0x00, 0x00, 0x09, 0x75, 0x5f, 0x72, 0x50, 0x61, 0x72, 0x61, 0x6d, // ........u_rParam
	0x73, 0x02, 0x01, 0x00, 0x00, 0x01, 0x00, 0x00, 0x00, 0x00, 0x00, 0x55, 0x15, 0x00, 0x00, 0x76, // s..........U...v
	0x61, 0x72, 0x79, 0x69, 0x6e, 0x67, 0x20, 0x76, 0x65, 0x63, 0x34, 0x20, 0x76, 0x5f, 0x63, 0x6f, // arying vec4 v_co
	0x6c, 0x6f, 0x72, 0x3b, 0x0a, 0x76, 0x61, 0x72, 0x79, 0x69, 0x6e, 0x67, 0x20, 0x66, 0x6c, 0x6f, // lor;.varying flo
	0x61, 0x74, 0x20, 0x76, 0x5f, 0x64, 0x65, 0x70, 0x74, 0x68, 0x3b, 0x0a, 0x76, 0x61, 0x72, 0x79, // at v_depth;.vary
	0x69, 0x6e, 0x67, 0x20, 0x76, 0x65, 0x63, 0x33, 0x20, 0x76, 0x5f, 0x6e, 0x6f, 0x72, 0x6d, 0x61, // ing vec3 v_norma
	0x6c, 0x3b, 0x0a, 0x76, 0x61, 0x72, 0x79, 0x69, 0x6e, 0x67, 0x20, 0x76, 0x65, 0x63, 0x32, 0x20, // l;.varying vec2 
	0x76, 0x5f, 0x75, 0x76, 0x3b, 0x0a, 0x76, 0x61, 0x72, 0x79, 0x69, 0x6e, 0x67, 0x20, 0x76, 0x65, // v_uv;.varying ve
	0x63, 0x33, 0x20, 0x76, 0x5f, 0x77, 0x6f, 0x72, 0x6c, 0x64, 0x50, 0x6f, 0x73, 0x3b, 0x0a, 0x75, // c3 v_worldPos;.u
	0x6e, 0x69, 0x66, 0x6f, 0x72, 0x6d, 0x20, 0x73, 0x61, 0x6d, 0x70, 0x6c, 0x65, 0x72, 0x32, 0x44, // niform sampler2D
	0x20, 0x73, 0x5f, 0x61, 0x6c, 0x62, 0x65, 0x64, 0x6f, 0x3b, 0x0a, 0x75, 0x6e, 0x69, 0x66, 0x6f, //  s_albedo;.unifo
	0x72, 0x6d, 0x20, 0x76, 0x65, 0x63, 0x34, 0x20, 0x75, 0x4c, 0x6f, 0x67, 0x44, 0x65, 0x70, 0x74, // rm vec4 uLogDept
	0x68, 0x3b, 0x0a, 0x75, 0x6e, 0x69, 0x66, 0x6f, 0x72, 0x6d, 0x20, 0x76, 0x65, 0x63, 0x34, 0x20, // h;.uniform vec4 
	0x75, 0x5f, 0x6d, 0x61, 0x74, 0x65, 0x72, 0x69, 0x61, 0x6c, 0x3b, 0x0a, 0x75, 0x6e, 0x69, 0x66, // u_material;.unif
	0x6f, 0x72, 0x6d, 0x20, 0x76, 0x65, 0x63, 0x34, 0x20, 0x75, 0x5f, 0x72, 0x41, 0x6d, 0x62, 0x69, // orm vec4 u_rAmbi
	0x65, 0x6e, 0x74, 0x3b, 0x0a, 0x75, 0x6e, 0x69, 0x66, 0x6f, 0x72, 0x6d, 0x20, 0x76, 0x65, 0x63, // ent;.uniform vec
	0x34, 0x20, 0x75, 0x5f, 0x72, 0x44, 0x69, 0x72, 0x65, 0x63, 0x74, 0x69, 0x6f, 0x6e, 0x3b, 0x0a, // 4 u_rDirection;.
	0x75, 0x6e, 0x69, 0x66, 0x6f, 0x72, 0x6d, 0x20, 0x76, 0x65, 0x63, 0x34, 0x20, 0x75, 0x5f, 0x72, // uniform vec4 u_r
	0x44, 0x69, 0x72, 0x65, 0x63, 0x74, 0x69, 0x6f, 0x6e, 0x43, 0x6f, 0x6c, 0x6f, 0x72, 0x3b, 0x0a, // DirectionColor;.
	0x75, 0x6e, 0x69, 0x66, 0x6f, 0x72, 0x6d, 0x20, 0x76, 0x65, 0x63, 0x34, 0x20, 0x75, 0x5f, 0x72, // uniform vec4 u_r
	0x50, 0x6f, 0x69, 0x6e, 0x74, 0x50, 0x6f, 0x73, 0x69, 0x74, 0x69, 0x6f, 0x6e, 0x73, 0x5b, 0x34, // PointPositions[4
	0x5d, 0x3b, 0x0a, 0x75, 0x6e, 0x69, 0x66, 0x6f, 0x72, 0x6d, 0x20, 0x76, 0x65, 0x63, 0x34, 0x20, // ];.uniform vec4 
	0x75, 0x5f, 0x72, 0x50, 0x6f, 0x69, 0x6e, 0x74, 0x43, 0x6f, 0x6c, 0x6f, 0x72, 0x73, 0x5b, 0x34, // u_rPointColors[4
	0x5d, 0x3b, 0x0a, 0x75, 0x6e, 0x69, 0x66, 0x6f, 0x72, 0x6d, 0x20, 0x76, 0x65, 0x63, 0x34, 0x20, // ];.uniform vec4 
	0x75, 0x5f, 0x72, 0x50, 0x61, 0x72, 0x61, 0x6d, 0x73, 0x3b, 0x0a, 0x76, 0x6f, 0x69, 0x64, 0x20, // u_rParams;.void 
	0x6d, 0x61, 0x69, 0x6e, 0x20, 0x28, 0x29, 0x0a, 0x7b, 0x0a, 0x20, 0x20, 0x69, 0x6e, 0x74, 0x20, // main ().{.  int 
	0x69, 0x5f, 0x31, 0x3b, 0x0a, 0x20, 0x20, 0x76, 0x65, 0x63, 0x33, 0x20, 0x63, 0x6f, 0x6c, 0x6f, // i_1;.  vec3 colo
	0x72, 0x5f, 0x32, 0x3b, 0x0a, 0x20, 0x20, 0x76, 0x65, 0x63, 0x33, 0x20, 0x66, 0x30, 0x5f, 0x33, // r_2;.  vec3 f0_3
	0x3b, 0x0a, 0x20, 0x20, 0x66, 0x6c, 0x6f, 0x61, 0x74, 0x20, 0x72, 0x6f, 0x75, 0x67, 0x68, 0x6e, // ;.  float roughn
	0x65, 0x73, 0x73, 0x5f, 0x34, 0x3b, 0x0a, 0x20, 0x20, 0x66, 0x6c, 0x6f, 0x61, 0x74, 0x20, 0x6d, // ess_4;.  float m
	0x65, 0x74, 0x61, 0x6c, 0x6c, 0x69, 0x63, 0x5f, 0x35, 0x3b, 0x0a, 0x20, 0x20, 0x76, 0x65, 0x63, // etallic_5;.  vec
	0x33, 0x20, 0x62, 0x61, 0x73, 0x65, 0x43, 0x6f, 0x6c, 0x6f, 0x72, 0x5f, 0x36, 0x3b, 0x0a, 0x20, // 3 baseColor_6;. 
	0x20, 0x76, 0x65, 0x63, 0x33, 0x20, 0x76, 0x5f, 0x37, 0x3b, 0x0a, 0x20, 0x20, 0x76, 0x65, 0x63, //  vec3 v_7;.  vec
	0x33, 0x20, 0x6e, 0x5f, 0x38, 0x3b, 0x0a, 0x20, 0x20, 0x66, 0x6c, 0x6f, 0x61, 0x74, 0x20, 0x72, // 3 n_8;.  float r
	0x61, 0x77, 0x44, 0x65, 0x70, 0x74, 0x68, 0x5f, 0x39, 0x3b, 0x0a, 0x20, 0x20, 0x72, 0x61, 0x77, // awDepth_9;.  raw
	0x44, 0x65, 0x70, 0x74, 0x68, 0x5f, 0x39, 0x20, 0x3d, 0x20, 0x67, 0x6c, 0x5f, 0x46, 0x72, 0x61, // Depth_9 = gl_Fra
	0x67, 0x43, 0x6f, 0x6f, 0x72, 0x64, 0x2e, 0x7a, 0x3b, 0x0a, 0x20, 0x20, 0x66, 0x6c, 0x6f, 0x61, // gCoord.z;.  floa
	0x74, 0x20, 0x74, 0x6d, 0x70, 0x76, 0x61, 0x72, 0x5f, 0x31, 0x30, 0x3b, 0x0a, 0x20, 0x20, 0x69, // t tmpvar_10;.  i
	0x66, 0x20, 0x28, 0x28, 0x75, 0x4c, 0x6f, 0x67, 0x44, 0x65, 0x70, 0x74, 0x68, 0x2e, 0x78, 0x20, // f ((uLogDepth.x 
	0x3c, 0x20, 0x30, 0x2e, 0x35, 0x29, 0x29, 0x20, 0x7b, 0x0a, 0x20, 0x20, 0x20, 0x20, 0x74, 0x6d, // < 0.5)) {.    tm
	0x70, 0x76, 0x61, 0x72, 0x5f, 0x31, 0x30, 0x20, 0x3d, 0x20, 0x72, 0x61, 0x77, 0x44, 0x65, 0x70, // pvar_10 = rawDep
	0x74, 0x68, 0x5f, 0x39, 0x3b, 0x0a, 0x20, 0x20, 0x7d, 0x20, 0x65, 0x6c, 0x73, 0x65, 0x20, 0x7b, // th_9;.  } else {
	0x0a, 0x20, 0x20, 0x20, 0x20, 0x69, 0x66, 0x20, 0x28, 0x28, 0x28, 0x76, 0x5f, 0x64, 0x65, 0x70, // .    if (((v_dep
	0x74, 0x68, 0x20, 0x3c, 0x20, 0x75, 0x4c, 0x6f, 0x67, 0x44, 0x65, 0x70, 0x74, 0x68, 0x2e, 0x79, // th < uLogDepth.y
	0x29, 0x20, 0x7c, 0x7c, 0x20, 0x28, 0x76, 0x5f, 0x64, 0x65, 0x70, 0x74, 0x68, 0x20, 0x3e, 0x20, // ) || (v_depth > 
	0x75, 0x4c, 0x6f, 0x67, 0x44, 0x65, 0x70, 0x74, 0x68, 0x2e, 0x7a, 0x29, 0x29, 0x29, 0x20, 0x7b, // uLogDepth.z))) {
	0x0a, 0x20, 0x20, 0x20, 0x20, 0x20, 0x20, 0x64, 0x69, 0x73, 0x63, 0x61, 0x72, 0x64, 0x3b, 0x0a, // .      discard;.
	0x20, 0x20, 0x20, 0x20, 0x7d, 0x3b, 0x0a, 0x20, 0x20, 0x20, 0x20, 0x74, 0x6d, 0x70, 0x76, 0x61, //     };.    tmpva
	0x72, 0x5f, 0x31, 0x30, 0x20, 0x3d, 0x20, 0x63, 0x6c, 0x61, 0x6d, 0x70, 0x20, 0x28, 0x28, 0x6c, // r_10 = clamp ((l
	0x6f, 0x67, 0x32, 0x28, 0x0a, 0x20, 0x20, 0x20, 0x20, 0x20, 0x20, 0x6d, 0x61, 0x78, 0x20, 0x28, // og2(.      max (
	0x28, 0x76, 0x5f, 0x64, 0x65, 0x70, 0x74, 0x68, 0x20, 0x2f, 0x20, 0x75, 0x4c, 0x6f, 0x67, 0x44, // (v_depth / uLogD
	0x65, 0x70, 0x74, 0x68, 0x2e, 0x79, 0x29, 0x2c, 0x20, 0x31, 0x2e, 0x30, 0x29, 0x0a, 0x20, 0x20, // epth.y), 1.0).  
	0x20, 0x20, 0x29, 0x20, 0x2f, 0x20, 0x6c, 0x6f, 0x67, 0x32, 0x28, 0x0a, 0x20, 0x20, 0x20, 0x20, //   ) / log2(.    
	0x20, 0x20, 0x6d, 0x61, 0x78, 0x20, 0x28, 0x28, 0x75, 0x4c, 0x6f, 0x67, 0x44, 0x65, 0x70, 0x74, //   max ((uLogDept
	0x68, 0x2e, 0x7a, 0x20, 0x2f, 0x20, 0x75, 0x4c, 0x6f, 0x67, 0x44, 0x65, 0x70, 0x74, 0x68, 0x2e, // h.z / uLogDepth.
	0x79, 0x29, 0x2c, 0x20, 0x31, 0x2e, 0x30, 0x30, 0x30, 0x30, 0x30, 0x31, 0x29, 0x0a, 0x20, 0x20, // y), 1.000001).  
	0x20, 0x20, 0x29, 0x29, 0x2c, 0x20, 0x30, 0x2e, 0x30, 0x2c, 0x20, 0x31, 0x2e, 0x30, 0x29, 0x3b, //   )), 0.0, 1.0);
	0x0a, 0x20, 0x20, 0x7d, 0x3b, 0x0a, 0x20, 0x20, 0x67, 0x6c, 0x5f, 0x46, 0x72, 0x61, 0x67, 0x44, // .  };.  gl_FragD
	0x65, 0x70, 0x74, 0x68, 0x20, 0x3d, 0x20, 0x74, 0x6d, 0x70, 0x76, 0x61, 0x72, 0x5f, 0x31, 0x30, // epth = tmpvar_10
	0x3b, 0x0a, 0x20, 0x20, 0x76, 0x65, 0x63, 0x33, 0x20, 0x74, 0x6d, 0x70, 0x76, 0x61, 0x72, 0x5f, // ;.  vec3 tmpvar_
	0x31, 0x31, 0x3b, 0x0a, 0x20, 0x20, 0x74, 0x6d, 0x70, 0x76, 0x61, 0x72, 0x5f, 0x31, 0x31, 0x20, // 11;.  tmpvar_11 
	0x3d, 0x20, 0x6e, 0x6f, 0x72, 0x6d, 0x61, 0x6c, 0x69, 0x7a, 0x65, 0x28, 0x76, 0x5f, 0x6e, 0x6f, // = normalize(v_no
	0x72, 0x6d, 0x61, 0x6c, 0x29, 0x3b, 0x0a, 0x20, 0x20, 0x6e, 0x5f, 0x38, 0x20, 0x3d, 0x20, 0x74, // rmal);.  n_8 = t
	0x6d, 0x70, 0x76, 0x61, 0x72, 0x5f, 0x31, 0x31, 0x3b, 0x0a, 0x20, 0x20, 0x76, 0x65, 0x63, 0x33, // mpvar_11;.  vec3
	0x20, 0x74, 0x6d, 0x70, 0x76, 0x61, 0x72, 0x5f, 0x31, 0x32, 0x3b, 0x0a, 0x20, 0x20, 0x74, 0x6d, //  tmpvar_12;.  tm
	0x70, 0x76, 0x61, 0x72, 0x5f, 0x31, 0x32, 0x20, 0x3d, 0x20, 0x6e, 0x6f, 0x72, 0x6d, 0x61, 0x6c, // pvar_12 = normal
	0x69, 0x7a, 0x65, 0x28, 0x2d, 0x28, 0x76, 0x5f, 0x77, 0x6f, 0x72, 0x6c, 0x64, 0x50, 0x6f, 0x73, // ize(-(v_worldPos
	0x29, 0x29, 0x3b, 0x0a, 0x20, 0x20, 0x76, 0x5f, 0x37, 0x20, 0x3d, 0x20, 0x74, 0x6d, 0x70, 0x76, // ));.  v_7 = tmpv
	0x61, 0x72, 0x5f, 0x31, 0x32, 0x3b, 0x0a, 0x20, 0x20, 0x76, 0x65, 0x63, 0x33, 0x20, 0x74, 0x6d, // ar_12;.  vec3 tm
	0x70, 0x76, 0x61, 0x72, 0x5f, 0x31, 0x33, 0x3b, 0x0a, 0x20, 0x20, 0x74, 0x6d, 0x70, 0x76, 0x61, // pvar_13;.  tmpva
	0x72, 0x5f, 0x31, 0x33, 0x20, 0x3d, 0x20, 0x6e, 0x6f, 0x72, 0x6d, 0x61, 0x6c, 0x69, 0x7a, 0x65, // r_13 = normalize
	0x28, 0x75, 0x5f, 0x72, 0x44, 0x69, 0x72, 0x65, 0x63, 0x74, 0x69, 0x6f, 0x6e, 0x2e, 0x78, 0x79, // (u_rDirection.xy
	0x7a, 0x29, 0x3b, 0x0a, 0x20, 0x20, 0x76, 0x65, 0x63, 0x33, 0x20, 0x74, 0x6d, 0x70, 0x76, 0x61, // z);.  vec3 tmpva
	0x72, 0x5f, 0x31, 0x34, 0x3b, 0x0a, 0x20, 0x20, 0x74, 0x6d, 0x70, 0x76, 0x61, 0x72, 0x5f, 0x31, // r_14;.  tmpvar_1
	0x34, 0x20, 0x3d, 0x20, 0x28, 0x74, 0x65, 0x78, 0x74, 0x75, 0x72, 0x65, 0x32, 0x44, 0x20, 0x28, // 4 = (texture2D (
	0x73, 0x5f, 0x61, 0x6c, 0x62, 0x65, 0x64, 0x6f, 0x2c, 0x20, 0x76, 0x5f, 0x75, 0x76, 0x29, 0x2e, // s_albedo, v_uv).
	0x78, 0x79, 0x7a, 0x20, 0x2a, 0x20, 0x76, 0x5f, 0x63, 0x6f, 0x6c, 0x6f, 0x72, 0x2e, 0x78, 0x79, // xyz * v_color.xy
	0x7a, 0x29, 0x3b, 0x0a, 0x20, 0x20, 0x62, 0x61, 0x73, 0x65, 0x43, 0x6f, 0x6c, 0x6f, 0x72, 0x5f, // z);.  baseColor_
	0x36, 0x20, 0x3d, 0x20, 0x74, 0x6d, 0x70, 0x76, 0x61, 0x72, 0x5f, 0x31, 0x34, 0x3b, 0x0a, 0x20, // 6 = tmpvar_14;. 
	0x20, 0x66, 0x6c, 0x6f, 0x61, 0x74, 0x20, 0x74, 0x6d, 0x70, 0x76, 0x61, 0x72, 0x5f, 0x31, 0x35, //  float tmpvar_15
	0x3b, 0x0a, 0x20, 0x20, 0x74, 0x6d, 0x70, 0x76, 0x61, 0x72, 0x5f, 0x31, 0x35, 0x20, 0x3d, 0x20, // ;.  tmpvar_15 = 
	0x63, 0x6c, 0x61, 0x6d, 0x70, 0x20, 0x28, 0x75, 0x5f, 0x6d, 0x61, 0x74, 0x65, 0x72, 0x69, 0x61, // clamp (u_materia
	0x6c, 0x2e, 0x78, 0x2c, 0x20, 0x30, 0x2e, 0x30, 0x2c, 0x20, 0x31, 0x2e, 0x30, 0x29, 0x3b, 0x0a, // l.x, 0.0, 1.0);.
	0x20, 0x20, 0x6d, 0x65, 0x74, 0x61, 0x6c, 0x6c, 0x69, 0x63, 0x5f, 0x35, 0x20, 0x3d, 0x20, 0x74, //   metallic_5 = t
	0x6d, 0x70, 0x76, 0x61, 0x72, 0x5f, 0x31, 0x35, 0x3b, 0x0a, 0x20, 0x20, 0x66, 0x6c, 0x6f, 0x61, // mpvar_15;.  floa
	0x74, 0x20, 0x74, 0x6d, 0x70, 0x76, 0x61, 0x72, 0x5f, 0x31, 0x36, 0x3b, 0x0a, 0x20, 0x20, 0x74, // t tmpvar_16;.  t
	0x6d, 0x70, 0x76, 0x61, 0x72, 0x5f, 0x31, 0x36, 0x20, 0x3d, 0x20, 0x63, 0x6c, 0x61, 0x6d, 0x70, // mpvar_16 = clamp
	0x20, 0x28, 0x75, 0x5f, 0x6d, 0x61, 0x74, 0x65, 0x72, 0x69, 0x61, 0x6c, 0x2e, 0x79, 0x2c, 0x20, //  (u_material.y, 
	0x30, 0x2e, 0x30, 0x33, 0x2c, 0x20, 0x31, 0x2e, 0x30, 0x29, 0x3b, 0x0a, 0x20, 0x20, 0x72, 0x6f, // 0.03, 1.0);.  ro
	0x75, 0x67, 0x68, 0x6e, 0x65, 0x73, 0x73, 0x5f, 0x34, 0x20, 0x3d, 0x20, 0x74, 0x6d, 0x70, 0x76, // ughness_4 = tmpv
	0x61, 0x72, 0x5f, 0x31, 0x36, 0x3b, 0x0a, 0x20, 0x20, 0x76, 0x65, 0x63, 0x33, 0x20, 0x74, 0x6d, // ar_16;.  vec3 tm
	0x70, 0x76, 0x61, 0x72, 0x5f, 0x31, 0x37, 0x3b, 0x0a, 0x20, 0x20, 0x74, 0x6d, 0x70, 0x76, 0x61, // pvar_17;.  tmpva
	0x72, 0x5f, 0x31, 0x37, 0x20, 0x3d, 0x20, 0x6d, 0x69, 0x78, 0x20, 0x28, 0x76, 0x65, 0x63, 0x33, // r_17 = mix (vec3
	0x28, 0x30, 0x2e, 0x30, 0x34, 0x2c, 0x20, 0x30, 0x2e, 0x30, 0x34, 0x2c, 0x20, 0x30, 0x2e, 0x30, // (0.04, 0.04, 0.0
	0x34, 0x29, 0x2c, 0x20, 0x74, 0x6d, 0x70, 0x76, 0x61, 0x72, 0x5f, 0x31, 0x34, 0x2c, 0x20, 0x74, // 4), tmpvar_14, t
	0x6d, 0x70, 0x76, 0x61, 0x72, 0x5f, 0x31, 0x35, 0x29, 0x3b, 0x0a, 0x20, 0x20, 0x66, 0x30, 0x5f, // mpvar_15);.  f0_
	0x33, 0x20, 0x3d, 0x20, 0x74, 0x6d, 0x70, 0x76, 0x61, 0x72, 0x5f, 0x31, 0x37, 0x3b, 0x0a, 0x20, // 3 = tmpvar_17;. 
	0x20, 0x76, 0x65, 0x63, 0x33, 0x20, 0x74, 0x6d, 0x70, 0x76, 0x61, 0x72, 0x5f, 0x31, 0x38, 0x3b, //  vec3 tmpvar_18;
	0x0a, 0x20, 0x20, 0x74, 0x6d, 0x70, 0x76, 0x61, 0x72, 0x5f, 0x31, 0x38, 0x20, 0x3d, 0x20, 0x6e, // .  tmpvar_18 = n
	0x6f, 0x72, 0x6d, 0x61, 0x6c, 0x69, 0x7a, 0x65, 0x28, 0x28, 0x74, 0x6d, 0x70, 0x76, 0x61, 0x72, // ormalize((tmpvar
	0x5f, 0x31, 0x33, 0x20, 0x2b, 0x20, 0x74, 0x6d, 0x70, 0x76, 0x61, 0x72, 0x5f, 0x31, 0x32, 0x29, // _13 + tmpvar_12)
	0x29, 0x3b, 0x0a, 0x20, 0x20, 0x66, 0x6c, 0x6f, 0x61, 0x74, 0x20, 0x74, 0x6d, 0x70, 0x76, 0x61, // );.  float tmpva
	0x72, 0x5f, 0x31, 0x39, 0x3b, 0x0a, 0x20, 0x20, 0x74, 0x6d, 0x70, 0x76, 0x61, 0x72, 0x5f, 0x31, // r_19;.  tmpvar_1
	0x39, 0x20, 0x3d, 0x20, 0x28, 0x74, 0x6d, 0x70, 0x76, 0x61, 0x72, 0x5f, 0x31, 0x36, 0x20, 0x2a, // 9 = (tmpvar_16 *
	0x20, 0x74, 0x6d, 0x70, 0x76, 0x61, 0x72, 0x5f, 0x31, 0x36, 0x29, 0x3b, 0x0a, 0x20, 0x20, 0x66, //  tmpvar_16);.  f
	0x6c, 0x6f, 0x61, 0x74, 0x20, 0x74, 0x6d, 0x70, 0x76, 0x61, 0x72, 0x5f, 0x32, 0x30, 0x3b, 0x0a, // loat tmpvar_20;.
	0x20, 0x20, 0x74, 0x6d, 0x70, 0x76, 0x61, 0x72, 0x5f, 0x32, 0x30, 0x20, 0x3d, 0x20, 0x28, 0x74, //   tmpvar_20 = (t
	0x6d, 0x70, 0x76, 0x61, 0x72, 0x5f, 0x31, 0x39, 0x20, 0x2a, 0x20, 0x74, 0x6d, 0x70, 0x76, 0x61, // mpvar_19 * tmpva
	0x72, 0x5f, 0x31, 0x39, 0x29, 0x3b, 0x0a, 0x20, 0x20, 0x66, 0x6c, 0x6f, 0x61, 0x74, 0x20, 0x74, // r_19);.  float t
	0x6d, 0x70, 0x76, 0x61, 0x72, 0x5f, 0x32, 0x31, 0x3b, 0x0a, 0x20, 0x20, 0x74, 0x6d, 0x70, 0x76, // mpvar_21;.  tmpv
	0x61, 0x72, 0x5f, 0x32, 0x31, 0x20, 0x3d, 0x20, 0x6d, 0x61, 0x78, 0x20, 0x28, 0x64, 0x6f, 0x74, // ar_21 = max (dot
	0x20, 0x28, 0x74, 0x6d, 0x70, 0x76, 0x61, 0x72, 0x5f, 0x31, 0x31, 0x2c, 0x20, 0x74, 0x6d, 0x70, //  (tmpvar_11, tmp
	0x76, 0x61, 0x72, 0x5f, 0x31, 0x38, 0x29, 0x2c, 0x20, 0x30, 0x2e, 0x30, 0x29, 0x3b, 0x0a, 0x20, // var_18), 0.0);. 
	0x20, 0x66, 0x6c, 0x6f, 0x61, 0x74, 0x20, 0x74, 0x6d, 0x70, 0x76, 0x61, 0x72, 0x5f, 0x32, 0x32, //  float tmpvar_22
	0x3b, 0x0a, 0x20, 0x20, 0x74, 0x6d, 0x70, 0x76, 0x61, 0x72, 0x5f, 0x32, 0x32, 0x20, 0x3d, 0x20, // ;.  tmpvar_22 = 
	0x28, 0x28, 0x28, 0x74, 0x6d, 0x70, 0x76, 0x61, 0x72, 0x5f, 0x32, 0x31, 0x20, 0x2a, 0x20, 0x74, // (((tmpvar_21 * t
	0x6d, 0x70, 0x76, 0x61, 0x72, 0x5f, 0x32, 0x31, 0x29, 0x20, 0x2a, 0x20, 0x28, 0x74, 0x6d, 0x70, // mpvar_21) * (tmp
	0x76, 0x61, 0x72, 0x5f, 0x32, 0x30, 0x20, 0x2d, 0x20, 0x31, 0x2e, 0x30, 0x29, 0x29, 0x20, 0x2b, // var_20 - 1.0)) +
	0x20, 0x31, 0x2e, 0x30, 0x29, 0x3b, 0x0a, 0x20, 0x20, 0x66, 0x6c, 0x6f, 0x61, 0x74, 0x20, 0x74, //  1.0);.  float t
	0x6d, 0x70, 0x76, 0x61, 0x72, 0x5f, 0x32, 0x33, 0x3b, 0x0a, 0x20, 0x20, 0x74, 0x6d, 0x70, 0x76, // mpvar_23;.  tmpv
	0x61, 0x72, 0x5f, 0x32, 0x33, 0x20, 0x3d, 0x20, 0x6d, 0x61, 0x78, 0x20, 0x28, 0x64, 0x6f, 0x74, // ar_23 = max (dot
	0x20, 0x28, 0x74, 0x6d, 0x70, 0x76, 0x61, 0x72, 0x5f, 0x31, 0x31, 0x2c, 0x20, 0x74, 0x6d, 0x70, //  (tmpvar_11, tmp
	0x76, 0x61, 0x72, 0x5f, 0x31, 0x32, 0x29, 0x2c, 0x20, 0x30, 0x2e, 0x30, 0x29, 0x3b, 0x0a, 0x20, // var_12), 0.0);. 
	0x20, 0x66, 0x6c, 0x6f, 0x61, 0x74, 0x20, 0x74, 0x6d, 0x70, 0x76, 0x61, 0x72, 0x5f, 0x32, 0x34, //  float tmpvar_24
	0x3b, 0x0a, 0x20, 0x20, 0x74, 0x6d, 0x70, 0x76, 0x61, 0x72, 0x5f, 0x32, 0x34, 0x20, 0x3d, 0x20, // ;.  tmpvar_24 = 
	0x6d, 0x61, 0x78, 0x20, 0x28, 0x64, 0x6f, 0x74, 0x20, 0x28, 0x74, 0x6d, 0x70, 0x76, 0x61, 0x72, // max (dot (tmpvar
	0x5f, 0x31, 0x31, 0x2c, 0x20, 0x74, 0x6d, 0x70, 0x76, 0x61, 0x72, 0x5f, 0x31, 0x33, 0x29, 0x2c, // _11, tmpvar_13),
	0x20, 0x30, 0x2e, 0x30, 0x29, 0x3b, 0x0a, 0x20, 0x20, 0x66, 0x6c, 0x6f, 0x61, 0x74, 0x20, 0x74, //  0.0);.  float t
	0x6d, 0x70, 0x76, 0x61, 0x72, 0x5f, 0x32, 0x35, 0x3b, 0x0a, 0x20, 0x20, 0x74, 0x6d, 0x70, 0x76, // mpvar_25;.  tmpv
	0x61, 0x72, 0x5f, 0x32, 0x35, 0x20, 0x3d, 0x20, 0x28, 0x74, 0x6d, 0x70, 0x76, 0x61, 0x72, 0x5f, // ar_25 = (tmpvar_
	0x31, 0x36, 0x20, 0x2b, 0x20, 0x31, 0x2e, 0x30, 0x29, 0x3b, 0x0a, 0x20, 0x20, 0x66, 0x6c, 0x6f, // 16 + 1.0);.  flo
	0x61, 0x74, 0x20, 0x74, 0x6d, 0x70, 0x76, 0x61, 0x72, 0x5f, 0x32, 0x36, 0x3b, 0x0a, 0x20, 0x20, // at tmpvar_26;.  
	0x74, 0x6d, 0x70, 0x76, 0x61, 0x72, 0x5f, 0x32, 0x36, 0x20, 0x3d, 0x20, 0x28, 0x28, 0x74, 0x6d, // tmpvar_26 = ((tm
	0x70, 0x76, 0x61, 0x72, 0x5f, 0x32, 0x35, 0x20, 0x2a, 0x20, 0x74, 0x6d, 0x70, 0x76, 0x61, 0x72, // pvar_25 * tmpvar
	0x5f, 0x32, 0x35, 0x29, 0x20, 0x2f, 0x20, 0x38, 0x2e, 0x30, 0x29, 0x3b, 0x0a, 0x20, 0x20, 0x76, // _25) / 8.0);.  v
	0x65, 0x63, 0x33, 0x20, 0x74, 0x6d, 0x70, 0x76, 0x61, 0x72, 0x5f, 0x32, 0x37, 0x3b, 0x0a, 0x20, // ec3 tmpvar_27;. 
	0x20, 0x66, 0x6c, 0x6f, 0x61, 0x74, 0x20, 0x74, 0x6d, 0x70, 0x76, 0x61, 0x72, 0x5f, 0x32, 0x38, //  float tmpvar_28
	0x3b, 0x0a, 0x20, 0x20, 0x74, 0x6d, 0x70, 0x76, 0x61, 0x72, 0x5f, 0x32, 0x38, 0x20, 0x3d, 0x20, // ;.  tmpvar_28 = 
	0x63, 0x6c, 0x61, 0x6d, 0x70, 0x20, 0x28, 0x28, 0x31, 0x2e, 0x30, 0x20, 0x2d, 0x20, 0x6d, 0x61, // clamp ((1.0 - ma
	0x78, 0x20, 0x28, 0x0a, 0x20, 0x20, 0x20, 0x20, 0x64, 0x6f, 0x74, 0x20, 0x28, 0x74, 0x6d, 0x70, // x (.    dot (tmp
	0x76, 0x61, 0x72, 0x5f, 0x31, 0x38, 0x2c, 0x20, 0x74, 0x6d, 0x70, 0x76, 0x61, 0x72, 0x5f, 0x31, // var_18, tmpvar_1
	0x32, 0x29, 0x0a, 0x20, 0x20, 0x2c, 0x20, 0x30, 0x2e, 0x30, 0x29, 0x29, 0x2c, 0x20, 0x30, 0x2e, // 2).  , 0.0)), 0.
	0x30, 0x2c, 0x20, 0x31, 0x2e, 0x30, 0x29, 0x3b, 0x0a, 0x20, 0x20, 0x66, 0x6c, 0x6f, 0x61, 0x74, // 0, 1.0);.  float
	0x20, 0x74, 0x6d, 0x70, 0x76, 0x61, 0x72, 0x5f, 0x32, 0x39, 0x3b, 0x0a, 0x20, 0x20, 0x74, 0x6d, //  tmpvar_29;.  tm
	0x70, 0x76, 0x61, 0x72, 0x5f, 0x32, 0x39, 0x20, 0x3d, 0x20, 0x28, 0x74, 0x6d, 0x70, 0x76, 0x61, // pvar_29 = (tmpva
	0x72, 0x5f, 0x32, 0x38, 0x20, 0x2a, 0x20, 0x74, 0x6d, 0x70, 0x76, 0x61, 0x72, 0x5f, 0x32, 0x38, // r_28 * tmpvar_28
	0x29, 0x3b, 0x0a, 0x20, 0x20, 0x74, 0x6d, 0x70, 0x76, 0x61, 0x72, 0x5f, 0x32, 0x37, 0x20, 0x3d, // );.  tmpvar_27 =
	0x20, 0x28, 0x74, 0x6d, 0x70, 0x76, 0x61, 0x72, 0x5f, 0x31, 0x37, 0x20, 0x2b, 0x20, 0x28, 0x28, //  (tmpvar_17 + ((
	0x31, 0x2e, 0x30, 0x20, 0x2d, 0x20, 0x74, 0x6d, 0x70, 0x76, 0x61, 0x72, 0x5f, 0x31, 0x37, 0x29, // 1.0 - tmpvar_17)
	0x20, 0x2a, 0x20, 0x28, 0x0a, 0x20, 0x20, 0x20, 0x20, 0x28, 0x74, 0x6d, 0x70, 0x76, 0x61, 0x72, //  * (.    (tmpvar
	0x5f, 0x32, 0x39, 0x20, 0x2a, 0x20, 0x74, 0x6d, 0x70, 0x76, 0x61, 0x72, 0x5f, 0x32, 0x39, 0x29, // _29 * tmpvar_29)
	0x0a, 0x20, 0x20, 0x20, 0x2a, 0x20, 0x74, 0x6d, 0x70, 0x76, 0x61, 0x72, 0x5f, 0x32, 0x38, 0x29, // .   * tmpvar_28)
	0x29, 0x29, 0x3b, 0x0a, 0x20, 0x20, 0x63, 0x6f, 0x6c, 0x6f, 0x72, 0x5f, 0x32, 0x20, 0x3d, 0x20, // ));.  color_2 = 
	0x28, 0x28, 0x75, 0x5f, 0x72, 0x41, 0x6d, 0x62, 0x69, 0x65, 0x6e, 0x74, 0x2e, 0x78, 0x79, 0x7a, // ((u_rAmbient.xyz
	0x20, 0x2a, 0x20, 0x74, 0x6d, 0x70, 0x76, 0x61, 0x72, 0x5f, 0x31, 0x34, 0x29, 0x20, 0x2b, 0x20, //  * tmpvar_14) + 
	0x28, 0x28, 0x0a, 0x20, 0x20, 0x20, 0x20, 0x28, 0x28, 0x28, 0x28, 0x0a, 0x20, 0x20, 0x20, 0x20, // ((.    ((((.    
	0x20, 0x20, 0x28, 0x31, 0x2e, 0x30, 0x20, 0x2d, 0x20, 0x74, 0x6d, 0x70, 0x76, 0x61, 0x72, 0x5f, //   (1.0 - tmpvar_
	0x32, 0x37, 0x29, 0x0a, 0x20, 0x20, 0x20, 0x20, 0x20, 0x2a, 0x20, 0x0a, 0x20, 0x20, 0x20, 0x20, // 27).     * .    
	0x20, 0x20, 0x28, 0x31, 0x2e, 0x30, 0x20, 0x2d, 0x20, 0x74, 0x6d, 0x70, 0x76, 0x61, 0x72, 0x5f, //   (1.0 - tmpvar_
	0x31, 0x35, 0x29, 0x0a, 0x20, 0x20, 0x20, 0x20, 0x29, 0x20, 0x2a, 0x20, 0x74, 0x6d, 0x70, 0x76, // 15).    ) * tmpv
	0x61, 0x72, 0x5f, 0x31, 0x34, 0x29, 0x20, 0x2f, 0x20, 0x33, 0x2e, 0x31, 0x34, 0x31, 0x35, 0x39, // ar_14) / 3.14159
	0x33, 0x29, 0x20, 0x2b, 0x20, 0x28, 0x28, 0x28, 0x0a, 0x20, 0x20, 0x20, 0x20, 0x20, 0x20, 0x28, // 3) + (((.      (
	0x74, 0x6d, 0x70, 0x76, 0x61, 0x72, 0x5f, 0x32, 0x30, 0x20, 0x2f, 0x20, 0x6d, 0x61, 0x78, 0x20, // tmpvar_20 / max 
	0x28, 0x28, 0x28, 0x33, 0x2e, 0x31, 0x34, 0x31, 0x35, 0x39, 0x33, 0x20, 0x2a, 0x20, 0x74, 0x6d, // (((3.141593 * tm
	0x70, 0x76, 0x61, 0x72, 0x5f, 0x32, 0x32, 0x29, 0x20, 0x2a, 0x20, 0x74, 0x6d, 0x70, 0x76, 0x61, // pvar_22) * tmpva
	0x72, 0x5f, 0x32, 0x32, 0x29, 0x2c, 0x20, 0x30, 0x2e, 0x30, 0x30, 0x31, 0x29, 0x29, 0x0a, 0x20, // r_22), 0.001)). 
	0x20, 0x20, 0x20, 0x20, 0x2a, 0x20, 0x0a, 0x20, 0x20, 0x20, 0x20, 0x20, 0x20, 0x28, 0x28, 0x74, //     * .      ((t
	0x6d, 0x70, 0x76, 0x61, 0x72, 0x5f, 0x32, 0x33, 0x20, 0x2f, 0x20, 0x28, 0x28, 0x74, 0x6d, 0x70, // mpvar_23 / ((tmp
	0x76, 0x61, 0x72, 0x5f, 0x32, 0x33, 0x20, 0x2a, 0x20, 0x0a, 0x20, 0x20, 0x20, 0x20, 0x20, 0x20, // var_23 * .      
	0x20, 0x20, 0x28, 0x31, 0x2e, 0x30, 0x20, 0x2d, 0x20, 0x74, 0x6d, 0x70, 0x76, 0x61, 0x72, 0x5f, //   (1.0 - tmpvar_
	0x32, 0x36, 0x29, 0x0a, 0x20, 0x20, 0x20, 0x20, 0x20, 0x20, 0x29, 0x20, 0x2b, 0x20, 0x74, 0x6d, // 26).      ) + tm
	0x70, 0x76, 0x61, 0x72, 0x5f, 0x32, 0x36, 0x29, 0x29, 0x20, 0x2a, 0x20, 0x28, 0x74, 0x6d, 0x70, // pvar_26)) * (tmp
	0x76, 0x61, 0x72, 0x5f, 0x32, 0x34, 0x20, 0x2f, 0x20, 0x28, 0x28, 0x74, 0x6d, 0x70, 0x76, 0x61, // var_24 / ((tmpva
	0x72, 0x5f, 0x32, 0x34, 0x20, 0x2a, 0x20, 0x0a, 0x20, 0x20, 0x20, 0x20, 0x20, 0x20, 0x20, 0x20, // r_24 * .        
	0x28, 0x31, 0x2e, 0x30, 0x20, 0x2d, 0x20, 0x74, 0x6d, 0x70, 0x76, 0x61, 0x72, 0x5f, 0x32, 0x36, // (1.0 - tmpvar_26
	0x29, 0x0a, 0x20, 0x20, 0x20, 0x20, 0x20, 0x20, 0x29, 0x20, 0x2b, 0x20, 0x74, 0x6d, 0x70, 0x76, // ).      ) + tmpv
	0x61, 0x72, 0x5f, 0x32, 0x36, 0x29, 0x29, 0x29, 0x0a, 0x20, 0x20, 0x20, 0x20, 0x29, 0x20, 0x2a, // ar_26))).    ) *
	0x20, 0x74, 0x6d, 0x70, 0x76, 0x61, 0x72, 0x5f, 0x32, 0x37, 0x29, 0x20, 0x2f, 0x20, 0x6d, 0x61, //  tmpvar_27) / ma
	0x78, 0x20, 0x28, 0x28, 0x0a, 0x20, 0x20, 0x20, 0x20, 0x20, 0x20, 0x28, 0x34, 0x2e, 0x30, 0x20, // x ((.      (4.0 
	0x2a, 0x20, 0x6d, 0x61, 0x78, 0x20, 0x28, 0x64, 0x6f, 0x74, 0x20, 0x28, 0x74, 0x6d, 0x70, 0x76, // * max (dot (tmpv
	0x61, 0x72, 0x5f, 0x31, 0x31, 0x2c, 0x20, 0x74, 0x6d, 0x70, 0x76, 0x61, 0x72, 0x5f, 0x31, 0x32, // ar_11, tmpvar_12
	0x29, 0x2c, 0x20, 0x30, 0x2e, 0x30, 0x29, 0x29, 0x0a, 0x20, 0x20, 0x20, 0x20, 0x20, 0x2a, 0x20, // ), 0.0)).     * 
	0x0a, 0x20, 0x20, 0x20, 0x20, 0x20, 0x20, 0x6d, 0x61, 0x78, 0x20, 0x28, 0x64, 0x6f, 0x74, 0x20, // .      max (dot 
	0x28, 0x74, 0x6d, 0x70, 0x76, 0x61, 0x72, 0x5f, 0x31, 0x31, 0x2c, 0x20, 0x74, 0x6d, 0x70, 0x76, // (tmpvar_11, tmpv
	0x61, 0x72, 0x5f, 0x31, 0x33, 0x29, 0x2c, 0x20, 0x30, 0x2e, 0x30, 0x30, 0x31, 0x29, 0x0a, 0x20, // ar_13), 0.001). 
	0x20, 0x20, 0x20, 0x29, 0x2c, 0x20, 0x30, 0x2e, 0x30, 0x30, 0x31, 0x29, 0x29, 0x29, 0x0a, 0x20, //    ), 0.001))). 
	0x20, 0x20, 0x2a, 0x20, 0x0a, 0x20, 0x20, 0x20, 0x20, 0x28, 0x75, 0x5f, 0x72, 0x44, 0x69, 0x72, //   * .    (u_rDir
	0x65, 0x63, 0x74, 0x69, 0x6f, 0x6e, 0x43, 0x6f, 0x6c, 0x6f, 0x72, 0x2e, 0x78, 0x79, 0x7a, 0x20, // ectionColor.xyz 
	0x2a, 0x20, 0x75, 0x5f, 0x72, 0x44, 0x69, 0x72, 0x65, 0x63, 0x74, 0x69, 0x6f, 0x6e, 0x2e, 0x77, // * u_rDirection.w
	0x29, 0x0a, 0x20, 0x20, 0x29, 0x20, 0x2a, 0x20, 0x6d, 0x61, 0x78, 0x20, 0x28, 0x0a, 0x20, 0x20, // ).  ) * max (.  
	0x20, 0x20, 0x64, 0x6f, 0x74, 0x20, 0x28, 0x74, 0x6d, 0x70, 0x76, 0x61, 0x72, 0x5f, 0x31, 0x31, //   dot (tmpvar_11
	0x2c, 0x20, 0x74, 0x6d, 0x70, 0x76, 0x61, 0x72, 0x5f, 0x31, 0x33, 0x29, 0x0a, 0x20, 0x20, 0x2c, // , tmpvar_13).  ,
	0x20, 0x30, 0x2e, 0x30, 0x29, 0x29, 0x29, 0x3b, 0x0a, 0x20, 0x20, 0x69, 0x5f, 0x31, 0x20, 0x3d, //  0.0)));.  i_1 =
	0x20, 0x30, 0x3b, 0x0a, 0x20, 0x20, 0x77, 0x68, 0x69, 0x6c, 0x65, 0x20, 0x28, 0x74, 0x72, 0x75, //  0;.  while (tru
	0x65, 0x29, 0x20, 0x7b, 0x0a, 0x20, 0x20, 0x20, 0x20, 0x69, 0x66, 0x20, 0x28, 0x28, 0x69, 0x5f, // e) {.    if ((i_
	0x31, 0x20, 0x3e, 0x3d, 0x20, 0x34, 0x29, 0x29, 0x20, 0x7b, 0x0a, 0x20, 0x20, 0x20, 0x20, 0x20, // 1 >= 4)) {.     
	0x20, 0x62, 0x72, 0x65, 0x61, 0x6b, 0x3b, 0x0a, 0x20, 0x20, 0x20, 0x20, 0x7d, 0x3b, 0x0a, 0x20, //  break;.    };. 
	0x20, 0x20, 0x20, 0x69, 0x66, 0x20, 0x28, 0x28, 0x66, 0x6c, 0x6f, 0x61, 0x74, 0x28, 0x69, 0x5f, //    if ((float(i_
	0x31, 0x29, 0x20, 0x3e, 0x3d, 0x20, 0x75, 0x5f, 0x72, 0x50, 0x61, 0x72, 0x61, 0x6d, 0x73, 0x2e, // 1) >= u_rParams.
	0x78, 0x29, 0x29, 0x20, 0x7b, 0x0a, 0x20, 0x20, 0x20, 0x20, 0x20, 0x20, 0x62, 0x72, 0x65, 0x61, // x)) {.      brea
	0x6b, 0x3b, 0x0a, 0x20, 0x20, 0x20, 0x20, 0x7d, 0x3b, 0x0a, 0x20, 0x20, 0x20, 0x20, 0x76, 0x65, // k;.    };.    ve
	0x63, 0x33, 0x20, 0x74, 0x6d, 0x70, 0x76, 0x61, 0x72, 0x5f, 0x33, 0x30, 0x3b, 0x0a, 0x20, 0x20, // c3 tmpvar_30;.  
	0x20, 0x20, 0x74, 0x6d, 0x70, 0x76, 0x61, 0x72, 0x5f, 0x33, 0x30, 0x20, 0x3d, 0x20, 0x28, 0x75, //   tmpvar_30 = (u
	0x5f, 0x72, 0x50, 0x6f, 0x69, 0x6e, 0x74, 0x50, 0x6f, 0x73, 0x69, 0x74, 0x69, 0x6f, 0x6e, 0x73, // _rPointPositions
	0x5b, 0x69, 0x5f, 0x31, 0x5d, 0x2e, 0x78, 0x79, 0x7a, 0x20, 0x2d, 0x20, 0x76, 0x5f, 0x77, 0x6f, // [i_1].xyz - v_wo
	0x72, 0x6c, 0x64, 0x50, 0x6f, 0x73, 0x29, 0x3b, 0x0a, 0x20, 0x20, 0x20, 0x20, 0x76, 0x65, 0x63, // rldPos);.    vec
	0x33, 0x20, 0x74, 0x6d, 0x70, 0x76, 0x61, 0x72, 0x5f, 0x33, 0x31, 0x3b, 0x0a, 0x20, 0x20, 0x20, // 3 tmpvar_31;.   
	0x20, 0x74, 0x6d, 0x70, 0x76, 0x61, 0x72, 0x5f, 0x33, 0x31, 0x20, 0x3d, 0x20, 0x6e, 0x6f, 0x72, //  tmpvar_31 = nor
	0x6d, 0x61, 0x6c, 0x69, 0x7a, 0x65, 0x28, 0x74, 0x6d, 0x70, 0x76, 0x61, 0x72, 0x5f, 0x33, 0x30, // malize(tmpvar_30
	0x29, 0x3b, 0x0a, 0x20, 0x20, 0x20, 0x20, 0x66, 0x6c, 0x6f, 0x61, 0x74, 0x20, 0x74, 0x6d, 0x70, // );.    float tmp
	0x76, 0x61, 0x72, 0x5f, 0x33, 0x32, 0x3b, 0x0a, 0x20, 0x20, 0x20, 0x20, 0x74, 0x6d, 0x70, 0x76, // var_32;.    tmpv
	0x61, 0x72, 0x5f, 0x33, 0x32, 0x20, 0x3d, 0x20, 0x6d, 0x61, 0x78, 0x20, 0x28, 0x75, 0x5f, 0x72, // ar_32 = max (u_r
	0x50, 0x6f, 0x69, 0x6e, 0x74, 0x50, 0x6f, 0x73, 0x69, 0x74, 0x69, 0x6f, 0x6e, 0x73, 0x5b, 0x69, // PointPositions[i
	0x5f, 0x31, 0x5d, 0x2e, 0x77, 0x2c, 0x20, 0x31, 0x2e, 0x30, 0x29, 0x3b, 0x0a, 0x20, 0x20, 0x20, // _1].w, 1.0);.   
	0x20, 0x76, 0x65, 0x63, 0x33, 0x20, 0x74, 0x6d, 0x70, 0x76, 0x61, 0x72, 0x5f, 0x33, 0x33, 0x3b, //  vec3 tmpvar_33;
	0x0a, 0x20, 0x20, 0x20, 0x20, 0x74, 0x6d, 0x70, 0x76, 0x61, 0x72, 0x5f, 0x33, 0x33, 0x20, 0x3d, // .    tmpvar_33 =
	0x20, 0x6e, 0x6f, 0x72, 0x6d, 0x61, 0x6c, 0x69, 0x7a, 0x65, 0x28, 0x28, 0x74, 0x6d, 0x70, 0x76, //  normalize((tmpv
	0x61, 0x72, 0x5f, 0x33, 0x31, 0x20, 0x2b, 0x20, 0x76, 0x5f, 0x37, 0x29, 0x29, 0x3b, 0x0a, 0x20, // ar_31 + v_7));. 
	0x20, 0x20, 0x20, 0x66, 0x6c, 0x6f, 0x61, 0x74, 0x20, 0x74, 0x6d, 0x70, 0x76, 0x61, 0x72, 0x5f, //    float tmpvar_
	0x33, 0x34, 0x3b, 0x0a, 0x20, 0x20, 0x20, 0x20, 0x74, 0x6d, 0x70, 0x76, 0x61, 0x72, 0x5f, 0x33, // 34;.    tmpvar_3
	0x34, 0x20, 0x3d, 0x20, 0x28, 0x72, 0x6f, 0x75, 0x67, 0x68, 0x6e, 0x65, 0x73, 0x73, 0x5f, 0x34, // 4 = (roughness_4
	0x20, 0x2a, 0x20, 0x72, 0x6f, 0x75, 0x67, 0x68, 0x6e, 0x65, 0x73, 0x73, 0x5f, 0x34, 0x29, 0x3b, //  * roughness_4);
	0x0a, 0x20, 0x20, 0x20, 0x20, 0x66, 0x6c, 0x6f, 0x61, 0x74, 0x20, 0x74, 0x6d, 0x70, 0x76, 0x61, // .    float tmpva
	0x72, 0x5f, 0x33, 0x35, 0x3b, 0x0a, 0x20, 0x20, 0x20, 0x20, 0x74, 0x6d, 0x70, 0x76, 0x61, 0x72, // r_35;.    tmpvar
	0x5f, 0x33, 0x35, 0x20, 0x3d, 0x20, 0x28, 0x74, 0x6d, 0x70, 0x76, 0x61, 0x72, 0x5f, 0x33, 0x34, // _35 = (tmpvar_34
	0x20, 0x2a, 0x20, 0x74, 0x6d, 0x70, 0x76, 0x61, 0x72, 0x5f, 0x33, 0x34, 0x29, 0x3b, 0x0a, 0x20, //  * tmpvar_34);. 
	0x20, 0x20, 0x20, 0x66, 0x6c, 0x6f, 0x61, 0x74, 0x20, 0x74, 0x6d, 0x70, 0x76, 0x61, 0x72, 0x5f, //    float tmpvar_
	0x33, 0x36, 0x3b, 0x0a, 0x20, 0x20, 0x20, 0x20, 0x74, 0x6d, 0x70, 0x76, 0x61, 0x72, 0x5f, 0x33, // 36;.    tmpvar_3
	0x36, 0x20, 0x3d, 0x20, 0x6d, 0x61, 0x78, 0x20, 0x28, 0x64, 0x6f, 0x74, 0x20, 0x28, 0x6e, 0x5f, // 6 = max (dot (n_
	0x38, 0x2c, 0x20, 0x74, 0x6d, 0x70, 0x76, 0x61, 0x72, 0x5f, 0x33, 0x33, 0x29, 0x2c, 0x20, 0x30, // 8, tmpvar_33), 0
	0x2e, 0x30, 0x29, 0x3b, 0x0a, 0x20, 0x20, 0x20, 0x20, 0x66, 0x6c, 0x6f, 0x61, 0x74, 0x20, 0x74, // .0);.    float t
	0x6d, 0x70, 0x76, 0x61, 0x72, 0x5f, 0x33, 0x37, 0x3b, 0x0a, 0x20, 0x20, 0x20, 0x20, 0x74, 0x6d, // mpvar_37;.    tm
	0x70, 0x76, 0x61, 0x72, 0x5f, 0x33, 0x37, 0x20, 0x3d, 0x20, 0x28, 0x28, 0x28, 0x74, 0x6d, 0x70, // pvar_37 = (((tmp
	0x76, 0x61, 0x72, 0x5f, 0x33, 0x36, 0x20, 0x2a, 0x20, 0x74, 0x6d, 0x70, 0x76, 0x61, 0x72, 0x5f, // var_36 * tmpvar_
	0x33, 0x36, 0x29, 0x20, 0x2a, 0x20, 0x28, 0x74, 0x6d, 0x70, 0x76, 0x61, 0x72, 0x5f, 0x33, 0x35, // 36) * (tmpvar_35
	0x20, 0x2d, 0x20, 0x31, 0x2e, 0x30, 0x29, 0x29, 0x20, 0x2b, 0x20, 0x31, 0x2e, 0x30, 0x29, 0x3b, //  - 1.0)) + 1.0);
	0x0a, 0x20, 0x20, 0x20, 0x20, 0x66, 0x6c, 0x6f, 0x61, 0x74, 0x20, 0x74, 0x6d, 0x70, 0x76, 0x61, // .    float tmpva
	0x72, 0x5f, 0x33, 0x38, 0x3b, 0x0a, 0x20, 0x20, 0x20, 0x20, 0x74, 0x6d, 0x70, 0x76, 0x61, 0x72, // r_38;.    tmpvar
	0x5f, 0x33, 0x38, 0x20, 0x3d, 0x20, 0x6d, 0x61, 0x78, 0x20, 0x28, 0x64, 0x6f, 0x74, 0x20, 0x28, // _38 = max (dot (
	0x6e, 0x5f, 0x38, 0x2c, 0x20, 0x76, 0x5f, 0x37, 0x29, 0x2c, 0x20, 0x30, 0x2e, 0x30, 0x29, 0x3b, // n_8, v_7), 0.0);
	0x0a, 0x20, 0x20, 0x20, 0x20, 0x66, 0x6c, 0x6f, 0x61, 0x74, 0x20, 0x74, 0x6d, 0x70, 0x76, 0x61, // .    float tmpva
	0x72, 0x5f, 0x33, 0x39, 0x3b, 0x0a, 0x20, 0x20, 0x20, 0x20, 0x74, 0x6d, 0x70, 0x76, 0x61, 0x72, // r_39;.    tmpvar
	0x5f, 0x33, 0x39, 0x20, 0x3d, 0x20, 0x6d, 0x61, 0x78, 0x20, 0x28, 0x64, 0x6f, 0x74, 0x20, 0x28, // _39 = max (dot (
	0x6e, 0x5f, 0x38, 0x2c, 0x20, 0x74, 0x6d, 0x70, 0x76, 0x61, 0x72, 0x5f, 0x33, 0x31, 0x29, 0x2c, // n_8, tmpvar_31),
	0x20, 0x30, 0x2e, 0x30, 0x29, 0x3b, 0x0a, 0x20, 0x20, 0x20, 0x20, 0x66, 0x6c, 0x6f, 0x61, 0x74, //  0.0);.    float
	0x20, 0x74, 0x6d, 0x70, 0x76, 0x61, 0x72, 0x5f, 0x34, 0x30, 0x3b, 0x0a, 0x20, 0x20, 0x20, 0x20, //  tmpvar_40;.    
	0x74, 0x6d, 0x70, 0x76, 0x61, 0x72, 0x5f, 0x34, 0x30, 0x20, 0x3d, 0x20, 0x28, 0x72, 0x6f, 0x75, // tmpvar_40 = (rou
	0x67, 0x68, 0x6e, 0x65, 0x73, 0x73, 0x5f, 0x34, 0x20, 0x2b, 0x20, 0x31, 0x2e, 0x30, 0x29, 0x3b, // ghness_4 + 1.0);
	0x0a, 0x20, 0x20, 0x20, 0x20, 0x66, 0x6c, 0x6f, 0x61, 0x74, 0x20, 0x74, 0x6d, 0x70, 0x76, 0x61, // .    float tmpva
	0x72, 0x5f, 0x34, 0x31, 0x3b, 0x0a, 0x20, 0x20, 0x20, 0x20, 0x74, 0x6d, 0x70, 0x76, 0x61, 0x72, // r_41;.    tmpvar
	0x5f, 0x34, 0x31, 0x20, 0x3d, 0x20, 0x28, 0x28, 0x74, 0x6d, 0x70, 0x76, 0x61, 0x72, 0x5f, 0x34, // _41 = ((tmpvar_4
	0x30, 0x20, 0x2a, 0x20, 0x74, 0x6d, 0x70, 0x76, 0x61, 0x72, 0x5f, 0x34, 0x30, 0x29, 0x20, 0x2f, // 0 * tmpvar_40) /
	0x20, 0x38, 0x2e, 0x30, 0x29, 0x3b, 0x0a, 0x20, 0x20, 0x20, 0x20, 0x76, 0x65, 0x63, 0x33, 0x20, //  8.0);.    vec3 
	0x74, 0x6d, 0x70, 0x76, 0x61, 0x72, 0x5f, 0x34, 0x32, 0x3b, 0x0a, 0x20, 0x20, 0x20, 0x20, 0x66, // tmpvar_42;.    f
	0x6c, 0x6f, 0x61, 0x74, 0x20, 0x74, 0x6d, 0x70, 0x76, 0x61, 0x72, 0x5f, 0x34, 0x33, 0x3b, 0x0a, // loat tmpvar_43;.
	0x20, 0x20, 0x20, 0x20, 0x74, 0x6d, 0x70, 0x76, 0x61, 0x72, 0x5f, 0x34, 0x33, 0x20, 0x3d, 0x20, //     tmpvar_43 = 
	0x63, 0x6c, 0x61, 0x6d, 0x70, 0x20, 0x28, 0x28, 0x31, 0x2e, 0x30, 0x20, 0x2d, 0x20, 0x6d, 0x61, // clamp ((1.0 - ma
	0x78, 0x20, 0x28, 0x0a, 0x20, 0x20, 0x20, 0x20, 0x20, 0x20, 0x64, 0x6f, 0x74, 0x20, 0x28, 0x74, // x (.      dot (t
	0x6d, 0x70, 0x76, 0x61, 0x72, 0x5f, 0x33, 0x33, 0x2c, 0x20, 0x76, 0x5f, 0x37, 0x29, 0x0a, 0x20, // mpvar_33, v_7). 
	0x20, 0x20, 0x20, 0x2c, 0x20, 0x30, 0x2e, 0x30, 0x29, 0x29, 0x2c, 0x20, 0x30, 0x2e, 0x30, 0x2c, //    , 0.0)), 0.0,
	0x20, 0x31, 0x2e, 0x30, 0x29, 0x3b, 0x0a, 0x20, 0x20, 0x20, 0x20, 0x66, 0x6c, 0x6f, 0x61, 0x74, //  1.0);.    float
	0x20, 0x74, 0x6d, 0x70, 0x76, 0x61, 0x72, 0x5f, 0x34, 0x34, 0x3b, 0x0a, 0x20, 0x20, 0x20, 0x20, //  tmpvar_44;.    
	0x74, 0x6d, 0x70, 0x76, 0x61, 0x72, 0x5f, 0x34, 0x34, 0x20, 0x3d, 0x20, 0x28, 0x74, 0x6d, 0x70, // tmpvar_44 = (tmp
	0x76, 0x61, 0x72, 0x5f, 0x34, 0x33, 0x20, 0x2a, 0x20, 0x74, 0x6d, 0x70, 0x76, 0x61, 0x72, 0x5f, // var_43 * tmpvar_
	0x34, 0x33, 0x29, 0x3b, 0x0a, 0x20, 0x20, 0x20, 0x20, 0x74, 0x6d, 0x70, 0x76, 0x61, 0x72, 0x5f, // 43);.    tmpvar_
	0x34, 0x32, 0x20, 0x3d, 0x20, 0x28, 0x66, 0x30, 0x5f, 0x33, 0x20, 0x2b, 0x20, 0x28, 0x28, 0x31, // 42 = (f0_3 + ((1
	0x2e, 0x30, 0x20, 0x2d, 0x20, 0x66, 0x30, 0x5f, 0x33, 0x29, 0x20, 0x2a, 0x20, 0x28, 0x0a, 0x20, // .0 - f0_3) * (. 
	0x20, 0x20, 0x20, 0x20, 0x20, 0x28, 0x74, 0x6d, 0x70, 0x76, 0x61, 0x72, 0x5f, 0x34, 0x34, 0x20, //      (tmpvar_44 
	0x2a, 0x20, 0x74, 0x6d, 0x70, 0x76, 0x61, 0x72, 0x5f, 0x34, 0x34, 0x29, 0x0a, 0x20, 0x20, 0x20, // * tmpvar_44).   
	0x20, 0x20, 0x2a, 0x20, 0x74, 0x6d, 0x70, 0x76, 0x61, 0x72, 0x5f, 0x34, 0x33, 0x29, 0x29, 0x29, //   * tmpvar_43)))
	0x3b, 0x0a, 0x20, 0x20, 0x20, 0x20, 0x63, 0x6f, 0x6c, 0x6f, 0x72, 0x5f, 0x32, 0x20, 0x3d, 0x20, // ;.    color_2 = 
	0x28, 0x63, 0x6f, 0x6c, 0x6f, 0x72, 0x5f, 0x32, 0x20, 0x2b, 0x20, 0x28, 0x28, 0x0a, 0x20, 0x20, // (color_2 + ((.  
	0x20, 0x20, 0x20, 0x20, 0x28, 0x28, 0x28, 0x28, 0x0a, 0x20, 0x20, 0x20, 0x20, 0x20, 0x20, 0x20, //     ((((.       
	0x20, 0x28, 0x31, 0x2e, 0x30, 0x20, 0x2d, 0x20, 0x74, 0x6d, 0x70, 0x76, 0x61, 0x72, 0x5f, 0x34, //  (1.0 - tmpvar_4
	0x32, 0x29, 0x0a, 0x20, 0x20, 0x20, 0x20, 0x20, 0x20, 0x20, 0x2a, 0x20, 0x0a, 0x20, 0x20, 0x20, // 2).       * .   
	0x20, 0x20, 0x20, 0x20, 0x20, 0x28, 0x31, 0x2e, 0x30, 0x20, 0x2d, 0x20, 0x6d, 0x65, 0x74, 0x61, //      (1.0 - meta
	0x6c, 0x6c, 0x69, 0x63, 0x5f, 0x35, 0x29, 0x0a, 0x20, 0x20, 0x20, 0x20, 0x20, 0x20, 0x29, 0x20, // llic_5).      ) 
	0x2a, 0x20, 0x62, 0x61, 0x73, 0x65, 0x43, 0x6f, 0x6c, 0x6f, 0x72, 0x5f, 0x36, 0x29, 0x20, 0x2f, // * baseColor_6) /
	0x20, 0x33, 0x2e, 0x31, 0x34, 0x31, 0x35, 0x39, 0x33, 0x29, 0x20, 0x2b, 0x20, 0x28, 0x28, 0x28, //  3.141593) + (((
	0x0a, 0x20, 0x20, 0x20, 0x20, 0x20, 0x20, 0x20, 0x20, 0x28, 0x74, 0x6d, 0x70, 0x76, 0x61, 0x72, // .        (tmpvar
	0x5f, 0x33, 0x35, 0x20, 0x2f, 0x20, 0x6d, 0x61, 0x78, 0x20, 0x28, 0x28, 0x28, 0x33, 0x2e, 0x31, // _35 / max (((3.1
	0x34, 0x31, 0x35, 0x39, 0x33, 0x20, 0x2a, 0x20, 0x74, 0x6d, 0x70, 0x76, 0x61, 0x72, 0x5f, 0x33, // 41593 * tmpvar_3
	0x37, 0x29, 0x20, 0x2a, 0x20, 0x74, 0x6d, 0x70, 0x76, 0x61, 0x72, 0x5f, 0x33, 0x37, 0x29, 0x2c, // 7) * tmpvar_37),
	0x20, 0x30, 0x2e, 0x30, 0x30, 0x31, 0x29, 0x29, 0x0a, 0x20, 0x20, 0x20, 0x20, 0x20, 0x20, 0x20, //  0.001)).       
	0x2a, 0x20, 0x0a, 0x20, 0x20, 0x20, 0x20, 0x20, 0x20, 0x20, 0x20, 0x28, 0x28, 0x74, 0x6d, 0x70, // * .        ((tmp
	0x76, 0x61, 0x72, 0x5f, 0x33, 0x38, 0x20, 0x2f, 0x20, 0x28, 0x28, 0x74, 0x6d, 0x70, 0x76, 0x61, // var_38 / ((tmpva
	0x72, 0x5f, 0x33, 0x38, 0x20, 0x2a, 0x20, 0x0a, 0x20, 0x20, 0x20, 0x20, 0x20, 0x20, 0x20, 0x20, // r_38 * .        
	0x20, 0x20, 0x28, 0x31, 0x2e, 0x30, 0x20, 0x2d, 0x20, 0x74, 0x6d, 0x70, 0x76, 0x61, 0x72, 0x5f, //   (1.0 - tmpvar_
	0x34, 0x31, 0x29, 0x0a, 0x20, 0x20, 0x20, 0x20, 0x20, 0x20, 0x20, 0x20, 0x29, 0x20, 0x2b, 0x20, // 41).        ) + 
	0x74, 0x6d, 0x70, 0x76, 0x61, 0x72, 0x5f, 0x34, 0x31, 0x29, 0x29, 0x20, 0x2a, 0x20, 0x28, 0x74, // tmpvar_41)) * (t
	0x6d, 0x70, 0x76, 0x61, 0x72, 0x5f, 0x33, 0x39, 0x20, 0x2f, 0x20, 0x28, 0x28, 0x74, 0x6d, 0x70, // mpvar_39 / ((tmp
	0x76, 0x61, 0x72, 0x5f, 0x33, 0x39, 0x20, 0x2a, 0x20, 0x0a, 0x20, 0x20, 0x20, 0x20, 0x20, 0x20, // var_39 * .      
	0x20, 0x20, 0x20, 0x20, 0x28, 0x31, 0x2e, 0x30, 0x20, 0x2d, 0x20, 0x74, 0x6d, 0x70, 0x76, 0x61, //     (1.0 - tmpva
	0x72, 0x5f, 0x34, 0x31, 0x29, 0x0a, 0x20, 0x20, 0x20, 0x20, 0x20, 0x20, 0x20, 0x20, 0x29, 0x20, // r_41).        ) 
	0x2b, 0x20, 0x74, 0x6d, 0x70, 0x76, 0x61, 0x72, 0x5f, 0x34, 0x31, 0x29, 0x29, 0x29, 0x0a, 0x20, // + tmpvar_41))). 
	0x20, 0x20, 0x20, 0x20, 0x20, 0x29, 0x20, 0x2a, 0x20, 0x74, 0x6d, 0x70, 0x76, 0x61, 0x72, 0x5f, //      ) * tmpvar_
	0x34, 0x32, 0x29, 0x20, 0x2f, 0x20, 0x6d, 0x61, 0x78, 0x20, 0x28, 0x28, 0x0a, 0x20, 0x20, 0x20, // 42) / max ((.   
	0x20, 0x20, 0x20, 0x20, 0x20, 0x28, 0x34, 0x2e, 0x30, 0x20, 0x2a, 0x20, 0x6d, 0x61, 0x78, 0x20, //      (4.0 * max 
	0x28, 0x64, 0x6f, 0x74, 0x20, 0x28, 0x6e, 0x5f, 0x38, 0x2c, 0x20, 0x76, 0x5f, 0x37, 0x29, 0x2c, // (dot (n_8, v_7),
	0x20, 0x30, 0x2e, 0x30, 0x29, 0x29, 0x0a, 0x20, 0x20, 0x20, 0x20, 0x20, 0x20, 0x20, 0x2a, 0x20, //  0.0)).       * 
	0x0a, 0x20, 0x20, 0x20, 0x20, 0x20, 0x20, 0x20, 0x20, 0x6d, 0x61, 0x78, 0x20, 0x28, 0x64, 0x6f, // .        max (do
	0x74, 0x20, 0x28, 0x6e, 0x5f, 0x38, 0x2c, 0x20, 0x74, 0x6d, 0x70, 0x76, 0x61, 0x72, 0x5f, 0x33, // t (n_8, tmpvar_3
	0x31, 0x29, 0x2c, 0x20, 0x30, 0x2e, 0x30, 0x30, 0x31, 0x29, 0x0a, 0x20, 0x20, 0x20, 0x20, 0x20, // 1), 0.001).     
	0x20, 0x29, 0x2c, 0x20, 0x30, 0x2e, 0x30, 0x30, 0x31, 0x29, 0x29, 0x29, 0x0a, 0x20, 0x20, 0x20, //  ), 0.001))).   
	0x20, 0x20, 0x2a, 0x20, 0x0a, 0x20, 0x20, 0x20, 0x20, 0x20, 0x20, 0x28, 0x75, 0x5f, 0x72, 0x50, //   * .      (u_rP
	0x6f, 0x69, 0x6e, 0x74, 0x43, 0x6f, 0x6c, 0x6f, 0x72, 0x73, 0x5b, 0x69, 0x5f, 0x31, 0x5d, 0x2e, // ointColors[i_1].
	0x78, 0x79, 0x7a, 0x20, 0x2a, 0x20, 0x28, 0x31, 0x2e, 0x30, 0x2f, 0x28, 0x28, 0x31, 0x2e, 0x30, // xyz * (1.0/((1.0
	0x20, 0x2b, 0x20, 0x28, 0x0a, 0x20, 0x20, 0x20, 0x20, 0x20, 0x20, 0x20, 0x20, 0x6d, 0x61, 0x78, //  + (.        max
	0x20, 0x28, 0x64, 0x6f, 0x74, 0x20, 0x28, 0x74, 0x6d, 0x70, 0x76, 0x61, 0x72, 0x5f, 0x33, 0x30, //  (dot (tmpvar_30
	0x2c, 0x20, 0x74, 0x6d, 0x70, 0x76, 0x61, 0x72, 0x5f, 0x33, 0x30, 0x29, 0x2c, 0x20, 0x30, 0x2e, // , tmpvar_30), 0.
	0x30, 0x31, 0x29, 0x0a, 0x20, 0x20, 0x20, 0x20, 0x20, 0x20, 0x20, 0x2f, 0x20, 0x0a, 0x20, 0x20, // 01).       / .  
	0x20, 0x20, 0x20, 0x20, 0x20, 0x20, 0x28, 0x74, 0x6d, 0x70, 0x76, 0x61, 0x72, 0x5f, 0x33, 0x32, //       (tmpvar_32
	0x20, 0x2a, 0x20, 0x74, 0x6d, 0x70, 0x76, 0x61, 0x72, 0x5f, 0x33, 0x32, 0x29, 0x0a, 0x20, 0x20, //  * tmpvar_32).  
	0x20, 0x20, 0x20, 0x20, 0x29, 0x29, 0x29, 0x29, 0x29, 0x0a, 0x20, 0x20, 0x20, 0x20, 0x29, 0x20, //     ))))).    ) 
	0x2a, 0x20, 0x6d, 0x61, 0x78, 0x20, 0x28, 0x0a, 0x20, 0x20, 0x20, 0x20, 0x20, 0x20, 0x64, 0x6f, // * max (.      do
	0x74, 0x20, 0x28, 0x6e, 0x5f, 0x38, 0x2c, 0x20, 0x74, 0x6d, 0x70, 0x76, 0x61, 0x72, 0x5f, 0x33, // t (n_8, tmpvar_3
	0x31, 0x29, 0x0a, 0x20, 0x20, 0x20, 0x20, 0x2c, 0x20, 0x30, 0x2e, 0x30, 0x29, 0x29, 0x29, 0x3b, // 1).    , 0.0)));
	0x0a, 0x20, 0x20, 0x20, 0x20, 0x69, 0x5f, 0x31, 0x2b, 0x2b, 0x3b, 0x0a, 0x20, 0x20, 0x7d, 0x3b, // .    i_1++;.  };
	0x0a, 0x20, 0x20, 0x63, 0x6f, 0x6c, 0x6f, 0x72, 0x5f, 0x32, 0x20, 0x3d, 0x20, 0x28, 0x63, 0x6f, // .  color_2 = (co
	0x6c, 0x6f, 0x72, 0x5f, 0x32, 0x20, 0x2b, 0x20, 0x28, 0x74, 0x6d, 0x70, 0x76, 0x61, 0x72, 0x5f, // lor_2 + (tmpvar_
	0x31, 0x34, 0x20, 0x2a, 0x20, 0x75, 0x5f, 0x6d, 0x61, 0x74, 0x65, 0x72, 0x69, 0x61, 0x6c, 0x2e, // 14 * u_material.
	0x7a, 0x29, 0x29, 0x3b, 0x0a, 0x20, 0x20, 0x63, 0x6f, 0x6c, 0x6f, 0x72, 0x5f, 0x32, 0x20, 0x3d, // z));.  color_2 =
	0x20, 0x28, 0x63, 0x6f, 0x6c, 0x6f, 0x72, 0x5f, 0x32, 0x20, 0x2f, 0x20, 0x28, 0x63, 0x6f, 0x6c, //  (color_2 / (col
	0x6f, 0x72, 0x5f, 0x32, 0x20, 0x2b, 0x20, 0x76, 0x65, 0x63, 0x33, 0x28, 0x31, 0x2e, 0x30, 0x2c, // or_2 + vec3(1.0,
	0x20, 0x31, 0x2e, 0x30, 0x2c, 0x20, 0x31, 0x2e, 0x30, 0x29, 0x29, 0x29, 0x3b, 0x0a, 0x20, 0x20, //  1.0, 1.0)));.  
	0x76, 0x65, 0x63, 0x33, 0x20, 0x74, 0x6d, 0x70, 0x76, 0x61, 0x72, 0x5f, 0x34, 0x35, 0x3b, 0x0a, // vec3 tmpvar_45;.
	0x20, 0x20, 0x74, 0x6d, 0x70, 0x76, 0x61, 0x72, 0x5f, 0x34, 0x35, 0x20, 0x3d, 0x20, 0x70, 0x6f, //   tmpvar_45 = po
	0x77, 0x20, 0x28, 0x63, 0x6f, 0x6c, 0x6f, 0x72, 0x5f, 0x32, 0x2c, 0x20, 0x76, 0x65, 0x63, 0x33, // w (color_2, vec3
	0x28, 0x30, 0x2e, 0x34, 0x35, 0x34, 0x35, 0x34, 0x35, 0x34, 0x2c, 0x20, 0x30, 0x2e, 0x34, 0x35, // (0.4545454, 0.45
	0x34, 0x35, 0x34, 0x35, 0x34, 0x2c, 0x20, 0x30, 0x2e, 0x34, 0x35, 0x34, 0x35, 0x34, 0x35, 0x34, // 45454, 0.4545454
	0x29, 0x29, 0x3b, 0x0a, 0x20, 0x20, 0x63, 0x6f, 0x6c, 0x6f, 0x72, 0x5f, 0x32, 0x20, 0x3d, 0x20, // ));.  color_2 = 
	0x74, 0x6d, 0x70, 0x76, 0x61, 0x72, 0x5f, 0x34, 0x35, 0x3b, 0x0a, 0x20, 0x20, 0x69, 0x66, 0x20, // tmpvar_45;.  if 
	0x28, 0x28, 0x28, 0x75, 0x5f, 0x6d, 0x61, 0x74, 0x65, 0x72, 0x69, 0x61, 0x6c, 0x2e, 0x77, 0x20, // (((u_material.w 
	0x3e, 0x20, 0x30, 0x2e, 0x30, 0x29, 0x20, 0x26, 0x26, 0x20, 0x28, 0x76, 0x5f, 0x63, 0x6f, 0x6c, // > 0.0) && (v_col
	0x6f, 0x72, 0x2e, 0x77, 0x20, 0x3c, 0x20, 0x75, 0x5f, 0x6d, 0x61, 0x74, 0x65, 0x72, 0x69, 0x61, // or.w < u_materia
	0x6c, 0x2e, 0x77, 0x29, 0x29, 0x29, 0x20, 0x7b, 0x0a, 0x20, 0x20, 0x20, 0x20, 0x64, 0x69, 0x73, // l.w))) {.    dis
	0x63, 0x61, 0x72, 0x64, 0x3b, 0x0a, 0x20, 0x20, 0x7d, 0x3b, 0x0a, 0x20, 0x20, 0x76, 0x65, 0x63, // card;.  };.  vec
	0x34, 0x20, 0x74, 0x6d, 0x70, 0x76, 0x61, 0x72, 0x5f, 0x34, 0x36, 0x3b, 0x0a, 0x20, 0x20, 0x74, // 4 tmpvar_46;.  t
	0x6d, 0x70, 0x76, 0x61, 0x72, 0x5f, 0x34, 0x36, 0x2e, 0x78, 0x79, 0x7a, 0x20, 0x3d, 0x20, 0x74, // mpvar_46.xyz = t
	0x6d, 0x70, 0x76, 0x61, 0x72, 0x5f, 0x34, 0x35, 0x3b, 0x0a, 0x20, 0x20, 0x74, 0x6d, 0x70, 0x76, // mpvar_45;.  tmpv
	0x61, 0x72, 0x5f, 0x34, 0x36, 0x2e, 0x77, 0x20, 0x3d, 0x20, 0x76, 0x5f, 0x63, 0x6f, 0x6c, 0x6f, // ar_46.w = v_colo
	0x72, 0x2e, 0x77, 0x3b, 0x0a, 0x20, 0x20, 0x67, 0x6c, 0x5f, 0x46, 0x72, 0x61, 0x67, 0x43, 0x6f, // r.w;.  gl_FragCo
	0x6c, 0x6f, 0x72, 0x20, 0x3d, 0x20, 0x74, 0x6d, 0x70, 0x76, 0x61, 0x72, 0x5f, 0x34, 0x36, 0x3b, // lor = tmpvar_46;
	0x0a, 0x7d, 0x0a, 0x0a, 0x00,                                                                   // .}...
};

static const uint8_t fs_pbr_mesh_mtl[5092] =
{
	0x46, 0x53, 0x48, 0x0b, 0x0a, 0x14, 0x48, 0x0f, 0x00, 0x00, 0x00, 0x00, 0x0b, 0x00, 0x0f, 0x73, // FSH...H........s
	0x5f, 0x61, 0x6c, 0x62, 0x65, 0x64, 0x6f, 0x53, 0x61, 0x6d, 0x70, 0x6c, 0x65, 0x72, 0x11, 0x01, // _albedoSampler..
	0xff, 0xff, 0x01, 0x00, 0x00, 0x00, 0x00, 0x00, 0x0f, 0x73, 0x5f, 0x61, 0x6c, 0x62, 0x65, 0x64, // .........s_albed
	0x6f, 0x54, 0x65, 0x78, 0x74, 0x75, 0x72, 0x65, 0x11, 0x01, 0xff, 0xff, 0x01, 0x00, 0x00, 0x00, // oTexture........
	0x00, 0x00, 0x09, 0x75, 0x4c, 0x6f, 0x67, 0x44, 0x65, 0x70, 0x74, 0x68, 0x12, 0x01, 0x00, 0x00, // ...uLogDepth....
	0x01, 0x00, 0x00, 0x00, 0x00, 0x00, 0x0c, 0x75, 0x5f, 0x72, 0x44, 0x69, 0x72, 0x65, 0x63, 0x74, // .......u_rDirect
	0x69, 0x6f, 0x6e, 0x12, 0x01, 0x30, 0x00, 0x01, 0x00, 0x00, 0x00, 0x00, 0x00, 0x0a, 0x75, 0x5f, // ion..0........u_
	0x6d, 0x61, 0x74, 0x65, 0x72, 0x69, 0x61, 0x6c, 0x12, 0x01, 0x10, 0x00, 0x01, 0x00, 0x00, 0x00, // material........
	0x00, 0x00, 0x0a, 0x75, 0x5f, 0x72, 0x41, 0x6d, 0x62, 0x69, 0x65, 0x6e, 0x74, 0x12, 0x01, 0x20, // ...u_rAmbient.. 
	0x00, 0x01, 0x00, 0x00, 0x00, 0x00, 0x00, 0x11, 0x75, 0x5f, 0x72, 0x44, 0x69, 0x72, 0x65, 0x63, // ........u_rDirec
	0x74, 0x69, 0x6f, 0x6e, 0x43, 0x6f, 0x6c, 0x6f, 0x72, 0x12, 0x01, 0x40, 0x00, 0x01, 0x00, 0x00, // tionColor..@....
	0x00, 0x00, 0x00, 0x09, 0x75, 0x5f, 0x72, 0x50, 0x61, 0x72, 0x61, 0x6d, 0x73, 0x12, 0x01, 0xd0, // ....u_rParams...
	0x00, 0x01, 0x00, 0x00, 0x00, 0x00, 0x00, 0x11, 0x75, 0x5f, 0x72, 0x50, 0x6f, 0x69, 0x6e, 0x74, // ........u_rPoint
	0x50, 0x6f, 0x73, 0x69, 0x74, 0x69, 0x6f, 0x6e, 0x73, 0x12, 0x04, 0x50, 0x00, 0x04, 0x00, 0x00, // Positions..P....
	0x00, 0x00, 0x00, 0x0e, 0x75, 0x5f, 0x72, 0x50, 0x6f, 0x69, 0x6e, 0x74, 0x43, 0x6f, 0x6c, 0x6f, // ....u_rPointColo
	0x72, 0x73, 0x12, 0x04, 0x90, 0x00, 0x04, 0x00, 0x00, 0x00, 0x00, 0x00, 0x08, 0x73, 0x5f, 0x61, // rs...........s_a
	0x6c, 0x62, 0x65, 0x64, 0x6f, 0x10, 0x00, 0x00, 0x00, 0x00, 0x00, 0x00, 0x00, 0x00, 0x00, 0xcd, // lbedo...........
	0x12, 0x00, 0x00, 0x23, 0x69, 0x6e, 0x63, 0x6c, 0x75, 0x64, 0x65, 0x20, 0x3c, 0x6d, 0x65, 0x74, // ...#include <met
	0x61, 0x6c, 0x5f, 0x73, 0x74, 0x64, 0x6c, 0x69, 0x62, 0x3e, 0x0a, 0x23, 0x69, 0x6e, 0x63, 0x6c, // al_stdlib>.#incl
	0x75, 0x64, 0x65, 0x20, 0x3c, 0x73, 0x69, 0x6d, 0x64, 0x2f, 0x73, 0x69, 0x6d, 0x64, 0x2e, 0x68, // ude <simd/simd.h
	0x3e, 0x0a, 0x0a, 0x75, 0x73, 0x69, 0x6e, 0x67, 0x20, 0x6e, 0x61, 0x6d, 0x65, 0x73, 0x70, 0x61, // >..using namespa
	0x63, 0x65, 0x20, 0x6d, 0x65, 0x74, 0x61, 0x6c, 0x3b, 0x0a, 0x0a, 0x73, 0x74, 0x72, 0x75, 0x63, // ce metal;..struc
	0x74, 0x20, 0x5f, 0x47, 0x6c, 0x6f, 0x62, 0x61, 0x6c, 0x0a, 0x7b, 0x0a, 0x20, 0x20, 0x20, 0x20, // t _Global.{.    
	0x66, 0x6c, 0x6f, 0x61, 0x74, 0x34, 0x20, 0x75, 0x4c, 0x6f, 0x67, 0x44, 0x65, 0x70, 0x74, 0x68, // float4 uLogDepth
	0x3b, 0x0a, 0x20, 0x20, 0x20, 0x20, 0x66, 0x6c, 0x6f, 0x61, 0x74, 0x34, 0x20, 0x75, 0x5f, 0x6d, // ;.    float4 u_m
	0x61, 0x74, 0x65, 0x72, 0x69, 0x61, 0x6c, 0x3b, 0x0a, 0x20, 0x20, 0x20, 0x20, 0x66, 0x6c, 0x6f, // aterial;.    flo
	0x61, 0x74, 0x34, 0x20, 0x75, 0x5f, 0x72, 0x41, 0x6d, 0x62, 0x69, 0x65, 0x6e, 0x74, 0x3b, 0x0a, // at4 u_rAmbient;.
	0x20, 0x20, 0x20, 0x20, 0x66, 0x6c, 0x6f, 0x61, 0x74, 0x34, 0x20, 0x75, 0x5f, 0x72, 0x44, 0x69, //     float4 u_rDi
	0x72, 0x65, 0x63, 0x74, 0x69, 0x6f, 0x6e, 0x3b, 0x0a, 0x20, 0x20, 0x20, 0x20, 0x66, 0x6c, 0x6f, // rection;.    flo
	0x61, 0x74, 0x34, 0x20, 0x75, 0x5f, 0x72, 0x44, 0x69, 0x72, 0x65, 0x63, 0x74, 0x69, 0x6f, 0x6e, // at4 u_rDirection
	0x43, 0x6f, 0x6c, 0x6f, 0x72, 0x3b, 0x0a, 0x20, 0x20, 0x20, 0x20, 0x66, 0x6c, 0x6f, 0x61, 0x74, // Color;.    float
	0x34, 0x20, 0x75, 0x5f, 0x72, 0x50, 0x6f, 0x69, 0x6e, 0x74, 0x50, 0x6f, 0x73, 0x69, 0x74, 0x69, // 4 u_rPointPositi
	0x6f, 0x6e, 0x73, 0x5b, 0x34, 0x5d, 0x3b, 0x0a, 0x20, 0x20, 0x20, 0x20, 0x66, 0x6c, 0x6f, 0x61, // ons[4];.    floa
	0x74, 0x34, 0x20, 0x75, 0x5f, 0x72, 0x50, 0x6f, 0x69, 0x6e, 0x74, 0x43, 0x6f, 0x6c, 0x6f, 0x72, // t4 u_rPointColor
	0x73, 0x5b, 0x34, 0x5d, 0x3b, 0x0a, 0x20, 0x20, 0x20, 0x20, 0x66, 0x6c, 0x6f, 0x61, 0x74, 0x34, // s[4];.    float4
	0x20, 0x75, 0x5f, 0x72, 0x50, 0x61, 0x72, 0x61, 0x6d, 0x73, 0x3b, 0x0a, 0x7d, 0x3b, 0x0a, 0x0a, //  u_rParams;.};..
	0x73, 0x74, 0x72, 0x75, 0x63, 0x74, 0x20, 0x78, 0x6c, 0x61, 0x74, 0x4d, 0x74, 0x6c, 0x4d, 0x61, // struct xlatMtlMa
	0x69, 0x6e, 0x5f, 0x6f, 0x75, 0x74, 0x0a, 0x7b, 0x0a, 0x20, 0x20, 0x20, 0x20, 0x66, 0x6c, 0x6f, // in_out.{.    flo
	0x61, 0x74, 0x34, 0x20, 0x62, 0x67, 0x66, 0x78, 0x5f, 0x46, 0x72, 0x61, 0x67, 0x44, 0x61, 0x74, // at4 bgfx_FragDat
	0x61, 0x30, 0x20, 0x5b, 0x5b, 0x63, 0x6f, 0x6c, 0x6f, 0x72, 0x28, 0x30, 0x29, 0x5d, 0x5d, 0x3b, // a0 [[color(0)]];
	0x0a, 0x20, 0x20, 0x20, 0x20, 0x66, 0x6c, 0x6f, 0x61, 0x74, 0x20, 0x67, 0x6c, 0x5f, 0x46, 0x72, // .    float gl_Fr
	0x61, 0x67, 0x44, 0x65, 0x70, 0x74, 0x68, 0x20, 0x5b, 0x5b, 0x64, 0x65, 0x70, 0x74, 0x68, 0x28, // agDepth [[depth(
	0x61, 0x6e, 0x79, 0x29, 0x5d, 0x5d, 0x3b, 0x0a, 0x7d, 0x3b, 0x0a, 0x0a, 0x73, 0x74, 0x72, 0x75, // any)]];.};..stru
	0x63, 0x74, 0x20, 0x78, 0x6c, 0x61, 0x74, 0x4d, 0x74, 0x6c, 0x4d, 0x61, 0x69, 0x6e, 0x5f, 0x69, // ct xlatMtlMain_i
	0x6e, 0x0a, 0x7b, 0x0a, 0x20, 0x20, 0x20, 0x20, 0x66, 0x6c, 0x6f, 0x61, 0x74, 0x34, 0x20, 0x76, // n.{.    float4 v
	0x5f, 0x63, 0x6f, 0x6c, 0x6f, 0x72, 0x20, 0x5b, 0x5b, 0x75, 0x73, 0x65, 0x72, 0x28, 0x6c, 0x6f, // _color [[user(lo
	0x63, 0x6e, 0x30, 0x29, 0x5d, 0x5d, 0x3b, 0x0a, 0x20, 0x20, 0x20, 0x20, 0x66, 0x6c, 0x6f, 0x61, // cn0)]];.    floa
	0x74, 0x20, 0x76, 0x5f, 0x64, 0x65, 0x70, 0x74, 0x68, 0x20, 0x5b, 0x5b, 0x75, 0x73, 0x65, 0x72, // t v_depth [[user
	0x28, 0x6c, 0x6f, 0x63, 0x6e, 0x31, 0x29, 0x5d, 0x5d, 0x3b, 0x0a, 0x20, 0x20, 0x20, 0x20, 0x66, // (locn1)]];.    f
	0x6c, 0x6f, 0x61, 0x74, 0x33, 0x20, 0x76, 0x5f, 0x6e, 0x6f, 0x72, 0x6d, 0x61, 0x6c, 0x20, 0x5b, // loat3 v_normal [
	0x5b, 0x75, 0x73, 0x65, 0x72, 0x28, 0x6c, 0x6f, 0x63, 0x6e, 0x32, 0x29, 0x5d, 0x5d, 0x3b, 0x0a, // [user(locn2)]];.
	0x20, 0x20, 0x20, 0x20, 0x66, 0x6c, 0x6f, 0x61, 0x74, 0x32, 0x20, 0x76, 0x5f, 0x75, 0x76, 0x20, //     float2 v_uv 
	0x5b, 0x5b, 0x75, 0x73, 0x65, 0x72, 0x28, 0x6c, 0x6f, 0x63, 0x6e, 0x33, 0x29, 0x5d, 0x5d, 0x3b, // [[user(locn3)]];
	0x0a, 0x20, 0x20, 0x20, 0x20, 0x66, 0x6c, 0x6f, 0x61, 0x74, 0x33, 0x20, 0x76, 0x5f, 0x77, 0x6f, // .    float3 v_wo
	0x72, 0x6c, 0x64, 0x50, 0x6f, 0x73, 0x20, 0x5b, 0x5b, 0x75, 0x73, 0x65, 0x72, 0x28, 0x6c, 0x6f, // rldPos [[user(lo
	0x63, 0x6e, 0x34, 0x29, 0x5d, 0x5d, 0x3b, 0x0a, 0x7d, 0x3b, 0x0a, 0x0a, 0x66, 0x72, 0x61, 0x67, // cn4)]];.};..frag
	0x6d, 0x65, 0x6e, 0x74, 0x20, 0x78, 0x6c, 0x61, 0x74, 0x4d, 0x74, 0x6c, 0x4d, 0x61, 0x69, 0x6e, // ment xlatMtlMain
	0x5f, 0x6f, 0x75, 0x74, 0x20, 0x78, 0x6c, 0x61, 0x74, 0x4d, 0x74, 0x6c, 0x4d, 0x61, 0x69, 0x6e, // _out xlatMtlMain
	0x28, 0x78, 0x6c, 0x61, 0x74, 0x4d, 0x74, 0x6c, 0x4d, 0x61, 0x69, 0x6e, 0x5f, 0x69, 0x6e, 0x20, // (xlatMtlMain_in 
	0x69, 0x6e, 0x20, 0x5b, 0x5b, 0x73, 0x74, 0x61, 0x67, 0x65, 0x5f, 0x69, 0x6e, 0x5d, 0x5d, 0x2c, // in [[stage_in]],
	0x20, 0x63, 0x6f, 0x6e, 0x73, 0x74, 0x61, 0x6e, 0x74, 0x20, 0x5f, 0x47, 0x6c, 0x6f, 0x62, 0x61, //  constant _Globa
	0x6c, 0x26, 0x20, 0x5f, 0x6d, 0x74, 0x6c, 0x5f, 0x75, 0x20, 0x5b, 0x5b, 0x62, 0x75, 0x66, 0x66, // l& _mtl_u [[buff
	0x65, 0x72, 0x28, 0x30, 0x29, 0x5d, 0x5d, 0x2c, 0x20, 0x74, 0x65, 0x78, 0x74, 0x75, 0x72, 0x65, // er(0)]], texture
	0x32, 0x64, 0x3c, 0x66, 0x6c, 0x6f, 0x61, 0x74, 0x3e, 0x20, 0x73, 0x5f, 0x61, 0x6c, 0x62, 0x65, // 2d<float> s_albe
	0x64, 0x6f, 0x20, 0x5b, 0x5b, 0x74, 0x65, 0x78, 0x74, 0x75, 0x72, 0x65, 0x28, 0x30, 0x29, 0x5d, // do [[texture(0)]
	0x5d, 0x2c, 0x20, 0x73, 0x61, 0x6d, 0x70, 0x6c, 0x65, 0x72, 0x20, 0x73, 0x5f, 0x61, 0x6c, 0x62, // ], sampler s_alb
	0x65, 0x64, 0x6f, 0x53, 0x61, 0x6d, 0x70, 0x6c, 0x65, 0x72, 0x20, 0x5b, 0x5b, 0x73, 0x61, 0x6d, // edoSampler [[sam
	0x70, 0x6c, 0x65, 0x72, 0x28, 0x30, 0x29, 0x5d, 0x5d, 0x2c, 0x20, 0x66, 0x6c, 0x6f, 0x61, 0x74, // pler(0)]], float
	0x34, 0x20, 0x67, 0x6c, 0x5f, 0x46, 0x72, 0x61, 0x67, 0x43, 0x6f, 0x6f, 0x72, 0x64, 0x20, 0x5b, // 4 gl_FragCoord [
	0x5b, 0x70, 0x6f, 0x73, 0x69, 0x74, 0x69, 0x6f, 0x6e, 0x5d, 0x5d, 0x29, 0x0a, 0x7b, 0x0a, 0x20, // [position]]).{. 
	0x20, 0x20, 0x20, 0x78, 0x6c, 0x61, 0x74, 0x4d, 0x74, 0x6c, 0x4d, 0x61, 0x69, 0x6e, 0x5f, 0x6f, //    xlatMtlMain_o
	0x75, 0x74, 0x20, 0x6f, 0x75, 0x74, 0x20, 0x3d, 0x20, 0x7b, 0x7d, 0x3b, 0x0a, 0x20, 0x20, 0x20, // ut out = {};.   
	0x20, 0x66, 0x6c, 0x6f, 0x61, 0x74, 0x20, 0x5f, 0x31, 0x32, 0x33, 0x35, 0x3b, 0x0a, 0x20, 0x20, //  float _1235;.  
	0x20, 0x20, 0x64, 0x6f, 0x0a, 0x20, 0x20, 0x20, 0x20, 0x7b, 0x0a, 0x20, 0x20, 0x20, 0x20, 0x20, //   do.    {.     
	0x20, 0x20, 0x20, 0x69, 0x66, 0x20, 0x28, 0x5f, 0x6d, 0x74, 0x6c, 0x5f, 0x75, 0x2e, 0x75, 0x4c, //    if (_mtl_u.uL
	0x6f, 0x67, 0x44, 0x65, 0x70, 0x74, 0x68, 0x2e, 0x78, 0x20, 0x3c, 0x20, 0x30, 0x2e, 0x35, 0x29, // ogDepth.x < 0.5)
	0x0a, 0x20, 0x20, 0x20, 0x20, 0x20, 0x20, 0x20, 0x20, 0x7b, 0x0a, 0x20, 0x20, 0x20, 0x20, 0x20, // .        {.     
	0x20, 0x20, 0x20, 0x20, 0x20, 0x20, 0x20, 0x5f, 0x31, 0x32, 0x33, 0x35, 0x20, 0x3d, 0x20, 0x67, //        _1235 = g
	0x6c, 0x5f, 0x46, 0x72, 0x61, 0x67, 0x43, 0x6f, 0x6f, 0x72, 0x64, 0x2e, 0x7a, 0x3b, 0x0a, 0x20, // l_FragCoord.z;. 
	0x20, 0x20, 0x20, 0x20, 0x20, 0x20, 0x20, 0x20, 0x20, 0x20, 0x20, 0x62, 0x72, 0x65, 0x61, 0x6b, //            break
	0x3b, 0x0a, 0x20, 0x20, 0x20, 0x20, 0x20, 0x20, 0x20, 0x20, 0x7d, 0x0a, 0x20, 0x20, 0x20, 0x20, // ;.        }.    
	0x20, 0x20, 0x20, 0x20, 0x69, 0x66, 0x20, 0x28, 0x28, 0x69, 0x6e, 0x2e, 0x76, 0x5f, 0x64, 0x65, //     if ((in.v_de
	0x70, 0x74, 0x68, 0x20, 0x3c, 0x20, 0x5f, 0x6d, 0x74, 0x6c, 0x5f, 0x75, 0x2e, 0x75, 0x4c, 0x6f, // pth < _mtl_u.uLo
	0x67, 0x44, 0x65, 0x70, 0x74, 0x68, 0x2e, 0x79, 0x29, 0x20, 0x7c, 0x7c, 0x20, 0x28, 0x69, 0x6e, // gDepth.y) || (in
	0x2e, 0x76, 0x5f, 0x64, 0x65, 0x70, 0x74, 0x68, 0x20, 0x3e, 0x20, 0x5f, 0x6d, 0x74, 0x6c, 0x5f, // .v_depth > _mtl_
	0x75, 0x2e, 0x75, 0x4c, 0x6f, 0x67, 0x44, 0x65, 0x70, 0x74, 0x68, 0x2e, 0x7a, 0x29, 0x29, 0x0a, // u.uLogDepth.z)).
	0x20, 0x20, 0x20, 0x20, 0x20, 0x20, 0x20, 0x20, 0x7b, 0x0a, 0x20, 0x20, 0x20, 0x20, 0x20, 0x20, //         {.      
	0x20, 0x20, 0x20, 0x20, 0x20, 0x20, 0x64, 0x69, 0x73, 0x63, 0x61, 0x72, 0x64, 0x5f, 0x66, 0x72, //       discard_fr
	0x61, 0x67, 0x6d, 0x65, 0x6e, 0x74, 0x28, 0x29, 0x3b, 0x0a, 0x20, 0x20, 0x20, 0x20, 0x20, 0x20, // agment();.      
	0x20, 0x20, 0x7d, 0x0a, 0x20, 0x20, 0x20, 0x20, 0x20, 0x20, 0x20, 0x20, 0x5f, 0x31, 0x32, 0x33, //   }.        _123
	0x35, 0x20, 0x3d, 0x20, 0x66, 0x61, 0x73, 0x74, 0x3a, 0x3a, 0x63, 0x6c, 0x61, 0x6d, 0x70, 0x28, // 5 = fast::clamp(
	0x6c, 0x6f, 0x67, 0x32, 0x28, 0x66, 0x61, 0x73, 0x74, 0x3a, 0x3a, 0x6d, 0x61, 0x78, 0x28, 0x69, // log2(fast::max(i
	0x6e, 0x2e, 0x76, 0x5f, 0x64, 0x65, 0x70, 0x74, 0x68, 0x20, 0x2f, 0x20, 0x5f, 0x6d, 0x74, 0x6c, // n.v_depth / _mtl
	0x5f, 0x75, 0x2e, 0x75, 0x4c, 0x6f, 0x67, 0x44, 0x65, 0x70, 0x74, 0x68, 0x2e, 0x79, 0x2c, 0x20, // _u.uLogDepth.y, 
	0x31, 0x2e, 0x30, 0x29, 0x29, 0x20, 0x2f, 0x20, 0x6c, 0x6f, 0x67, 0x32, 0x28, 0x66, 0x61, 0x73, // 1.0)) / log2(fas
	0x74, 0x3a, 0x3a, 0x6d, 0x61, 0x78, 0x28, 0x5f, 0x6d, 0x74, 0x6c, 0x5f, 0x75, 0x2e, 0x75, 0x4c, // t::max(_mtl_u.uL
	0x6f, 0x67, 0x44, 0x65, 0x70, 0x74, 0x68, 0x2e, 0x7a, 0x20, 0x2f, 0x20, 0x5f, 0x6d, 0x74, 0x6c, // ogDepth.z / _mtl
	0x5f, 0x75, 0x2e, 0x75, 0x4c, 0x6f, 0x67, 0x44, 0x65, 0x70, 0x74, 0x68, 0x2e, 0x79, 0x2c, 0x20, // _u.uLogDepth.y, 
	0x31, 0x2e, 0x30, 0x30, 0x30, 0x30, 0x30, 0x30, 0x39, 0x35, 0x33, 0x36, 0x37, 0x34, 0x33, 0x31, // 1.00000095367431
	0x36, 0x34, 0x30, 0x36, 0x32, 0x35, 0x29, 0x29, 0x2c, 0x20, 0x30, 0x2e, 0x30, 0x2c, 0x20, 0x31, // 640625)), 0.0, 1
	0x2e, 0x30, 0x29, 0x3b, 0x0a, 0x20, 0x20, 0x20, 0x20, 0x20, 0x20, 0x20, 0x20, 0x62, 0x72, 0x65, // .0);.        bre
	0x61, 0x6b, 0x3b, 0x0a, 0x20, 0x20, 0x20, 0x20, 0x7d, 0x20, 0x77, 0x68, 0x69, 0x6c, 0x65, 0x28, // ak;.    } while(
	0x66, 0x61, 0x6c, 0x73, 0x65, 0x29, 0x3b, 0x0a, 0x20, 0x20, 0x20, 0x20, 0x66, 0x6c, 0x6f, 0x61, // false);.    floa
	0x74, 0x33, 0x20, 0x5f, 0x36, 0x37, 0x31, 0x20, 0x3d, 0x20, 0x66, 0x61, 0x73, 0x74, 0x3a, 0x3a, // t3 _671 = fast::
	0x6e, 0x6f, 0x72, 0x6d, 0x61, 0x6c, 0x69, 0x7a, 0x65, 0x28, 0x69, 0x6e, 0x2e, 0x76, 0x5f, 0x6e, // normalize(in.v_n
	0x6f, 0x72, 0x6d, 0x61, 0x6c, 0x29, 0x3b, 0x0a, 0x20, 0x20, 0x20, 0x20, 0x66, 0x6c, 0x6f, 0x61, // ormal);.    floa
	0x74, 0x33, 0x20, 0x5f, 0x36, 0x37, 0x34, 0x20, 0x3d, 0x20, 0x66, 0x61, 0x73, 0x74, 0x3a, 0x3a, // t3 _674 = fast::
	0x6e, 0x6f, 0x72, 0x6d, 0x61, 0x6c, 0x69, 0x7a, 0x65, 0x28, 0x2d, 0x69, 0x6e, 0x2e, 0x76, 0x5f, // normalize(-in.v_
	0x77, 0x6f, 0x72, 0x6c, 0x64, 0x50, 0x6f, 0x73, 0x29, 0x3b, 0x0a, 0x20, 0x20, 0x20, 0x20, 0x66, // worldPos);.    f
	0x6c, 0x6f, 0x61, 0x74, 0x33, 0x20, 0x5f, 0x36, 0x37, 0x38, 0x20, 0x3d, 0x20, 0x66, 0x61, 0x73, // loat3 _678 = fas
	0x74, 0x3a, 0x3a, 0x6e, 0x6f, 0x72, 0x6d, 0x61, 0x6c, 0x69, 0x7a, 0x65, 0x28, 0x5f, 0x6d, 0x74, // t::normalize(_mt
	0x6c, 0x5f, 0x75, 0x2e, 0x75, 0x5f, 0x72, 0x44, 0x69, 0x72, 0x65, 0x63, 0x74, 0x69, 0x6f, 0x6e, // l_u.u_rDirection
	0x2e, 0x78, 0x79, 0x7a, 0x29, 0x3b, 0x0a, 0x20, 0x20, 0x20, 0x20, 0x66, 0x6c, 0x6f, 0x61, 0x74, // .xyz);.    float
	0x34, 0x20, 0x5f, 0x38, 0x36, 0x32, 0x20, 0x3d, 0x20, 0x73, 0x5f, 0x61, 0x6c, 0x62, 0x65, 0x64, // 4 _862 = s_albed
	0x6f, 0x2e, 0x73, 0x61, 0x6d, 0x70, 0x6c, 0x65, 0x28, 0x73, 0x5f, 0x61, 0x6c, 0x62, 0x65, 0x64, // o.sample(s_albed
	0x6f, 0x53, 0x61, 0x6d, 0x70, 0x6c, 0x65, 0x72, 0x2c, 0x20, 0x69, 0x6e, 0x2e, 0x76, 0x5f, 0x75, // oSampler, in.v_u
	0x76, 0x29, 0x3b, 0x0a, 0x20, 0x20, 0x20, 0x20, 0x66, 0x6c, 0x6f, 0x61, 0x74, 0x33, 0x20, 0x5f, // v);.    float3 _
	0x36, 0x38, 0x35, 0x20, 0x3d, 0x20, 0x5f, 0x38, 0x36, 0x32, 0x2e, 0x78, 0x79, 0x7a, 0x20, 0x2a, // 685 = _862.xyz *
	0x20, 0x69, 0x6e, 0x2e, 0x76, 0x5f, 0x63, 0x6f, 0x6c, 0x6f, 0x72, 0x2e, 0x78, 0x79, 0x7a, 0x3b, //  in.v_color.xyz;
	0x0a, 0x20, 0x20, 0x20, 0x20, 0x66, 0x6c, 0x6f, 0x61, 0x74, 0x20, 0x5f, 0x36, 0x38, 0x38, 0x20, // .    float _688 
	0x3d, 0x20, 0x66, 0x61, 0x73, 0x74, 0x3a, 0x3a, 0x63, 0x6c, 0x61, 0x6d, 0x70, 0x28, 0x5f, 0x6d, // = fast::clamp(_m
	0x74, 0x6c, 0x5f, 0x75, 0x2e, 0x75, 0x5f, 0x6d, 0x61, 0x74, 0x65, 0x72, 0x69, 0x61, 0x6c, 0x2e, // tl_u.u_material.
	0x78, 0x2c, 0x20, 0x30, 0x2e, 0x30, 0x2c, 0x20, 0x31, 0x2e, 0x30, 0x29, 0x3b, 0x0a, 0x20, 0x20, // x, 0.0, 1.0);.  
	0x20, 0x20, 0x66, 0x6c, 0x6f, 0x61, 0x74, 0x20, 0x5f, 0x36, 0x39, 0x31, 0x20, 0x3d, 0x20, 0x66, //   float _691 = f
	0x61, 0x73, 0x74, 0x3a, 0x3a, 0x63, 0x6c, 0x61, 0x6d, 0x70, 0x28, 0x5f, 0x6d, 0x74, 0x6c, 0x5f, // ast::clamp(_mtl_
	0x75, 0x2e, 0x75, 0x5f, 0x6d, 0x61, 0x74, 0x65, 0x72, 0x69, 0x61, 0x6c, 0x2e, 0x79, 0x2c, 0x20, // u.u_material.y, 
	0x30, 0x2e, 0x30, 0x32, 0x39, 0x39, 0x39, 0x39, 0x39, 0x39, 0x39, 0x33, 0x32, 0x39, 0x34, 0x34, // 0.02999999932944
	0x37, 0x37, 0x34, 0x36, 0x32, 0x37, 0x36, 0x38, 0x35, 0x35, 0x34, 0x36, 0x38, 0x37, 0x35, 0x2c, // 774627685546875,
	0x20, 0x31, 0x2e, 0x30, 0x29, 0x3b, 0x0a, 0x20, 0x20, 0x20, 0x20, 0x66, 0x6c, 0x6f, 0x61, 0x74, //  1.0);.    float
	0x33, 0x20, 0x5f, 0x38, 0x37, 0x32, 0x20, 0x3d, 0x20, 0x6d, 0x69, 0x78, 0x28, 0x66, 0x6c, 0x6f, // 3 _872 = mix(flo
	0x61, 0x74, 0x33, 0x28, 0x30, 0x2e, 0x30, 0x33, 0x39, 0x39, 0x39, 0x39, 0x39, 0x39, 0x39, 0x31, // at3(0.0399999991
	0x30, 0x35, 0x39, 0x33, 0x30, 0x33, 0x32, 0x38, 0x33, 0x36, 0x39, 0x31, 0x34, 0x30, 0x36, 0x32, // 0593032836914062
	0x35, 0x29, 0x2c, 0x20, 0x5f, 0x36, 0x38, 0x35, 0x2c, 0x20, 0x66, 0x6c, 0x6f, 0x61, 0x74, 0x33, // 5), _685, float3
	0x28, 0x5f, 0x36, 0x38, 0x38, 0x29, 0x29, 0x3b, 0x0a, 0x20, 0x20, 0x20, 0x20, 0x66, 0x6c, 0x6f, // (_688));.    flo
	0x61, 0x74, 0x33, 0x20, 0x5f, 0x38, 0x39, 0x33, 0x20, 0x3d, 0x20, 0x66, 0x61, 0x73, 0x74, 0x3a, // at3 _893 = fast:
	0x3a, 0x6e, 0x6f, 0x72, 0x6d, 0x61, 0x6c, 0x69, 0x7a, 0x65, 0x28, 0x5f, 0x36, 0x37, 0x38, 0x20, // :normalize(_678 
	0x2b, 0x20, 0x5f, 0x36, 0x37, 0x34, 0x29, 0x3b, 0x0a, 0x20, 0x20, 0x20, 0x20, 0x66, 0x6c, 0x6f, // + _674);.    flo
	0x61, 0x74, 0x20, 0x5f, 0x39, 0x35, 0x36, 0x20, 0x3d, 0x20, 0x5f, 0x36, 0x39, 0x31, 0x20, 0x2a, // at _956 = _691 *
	0x20, 0x5f, 0x36, 0x39, 0x31, 0x3b, 0x0a, 0x20, 0x20, 0x20, 0x20, 0x66, 0x6c, 0x6f, 0x61, 0x74, //  _691;.    float
	0x20, 0x5f, 0x39, 0x35, 0x39, 0x20, 0x3d, 0x20, 0x5f, 0x39, 0x35, 0x36, 0x20, 0x2a, 0x20, 0x5f, //  _959 = _956 * _
	0x39, 0x35, 0x36, 0x3b, 0x0a, 0x20, 0x20, 0x20, 0x20, 0x66, 0x6c, 0x6f, 0x61, 0x74, 0x20, 0x5f, // 956;.    float _
	0x39, 0x36, 0x33, 0x20, 0x3d, 0x20, 0x66, 0x61, 0x73, 0x74, 0x3a, 0x3a, 0x6d, 0x61, 0x78, 0x28, // 963 = fast::max(
	0x64, 0x6f, 0x74, 0x28, 0x5f, 0x36, 0x37, 0x31, 0x2c, 0x20, 0x5f, 0x38, 0x39, 0x33, 0x29, 0x2c, // dot(_671, _893),
	0x20, 0x30, 0x2e, 0x30, 0x29, 0x3b, 0x0a, 0x20, 0x20, 0x20, 0x20, 0x66, 0x6c, 0x6f, 0x61, 0x74, //  0.0);.    float
	0x20, 0x5f, 0x39, 0x36, 0x39, 0x20, 0x3d, 0x20, 0x5f, 0x39, 0x35, 0x39, 0x20, 0x2d, 0x20, 0x31, //  _969 = _959 - 1
	0x2e, 0x30, 0x3b, 0x0a, 0x20, 0x20, 0x20, 0x20, 0x66, 0x6c, 0x6f, 0x61, 0x74, 0x20, 0x5f, 0x39, // .0;.    float _9
	0x37, 0x31, 0x20, 0x3d, 0x20, 0x28, 0x28, 0x5f, 0x39, 0x36, 0x33, 0x20, 0x2a, 0x20, 0x5f, 0x39, // 71 = ((_963 * _9
	0x36, 0x33, 0x29, 0x20, 0x2a, 0x20, 0x5f, 0x39, 0x36, 0x39, 0x29, 0x20, 0x2b, 0x20, 0x31, 0x2e, // 63) * _969) + 1.
	0x30, 0x3b, 0x0a, 0x20, 0x20, 0x20, 0x20, 0x66, 0x6c, 0x6f, 0x61, 0x74, 0x20, 0x5f, 0x39, 0x39, // 0;.    float _99
	0x30, 0x20, 0x3d, 0x20, 0x66, 0x61, 0x73, 0x74, 0x3a, 0x3a, 0x6d, 0x61, 0x78, 0x28, 0x64, 0x6f, // 0 = fast::max(do
	0x74, 0x28, 0x5f, 0x36, 0x37, 0x31, 0x2c, 0x20, 0x5f, 0x36, 0x37, 0x34, 0x29, 0x2c, 0x20, 0x30, // t(_671, _674), 0
	0x2e, 0x30, 0x29, 0x3b, 0x0a, 0x20, 0x20, 0x20, 0x20, 0x66, 0x6c, 0x6f, 0x61, 0x74, 0x20, 0x5f, // .0);.    float _
	0x39, 0x39, 0x33, 0x20, 0x3d, 0x20, 0x64, 0x6f, 0x74, 0x28, 0x5f, 0x36, 0x37, 0x31, 0x2c, 0x20, // 993 = dot(_671, 
	0x5f, 0x36, 0x37, 0x38, 0x29, 0x3b, 0x0a, 0x20, 0x20, 0x20, 0x20, 0x66, 0x6c, 0x6f, 0x61, 0x74, // _678);.    float
	0x20, 0x5f, 0x39, 0x39, 0x34, 0x20, 0x3d, 0x20, 0x66, 0x61, 0x73, 0x74, 0x3a, 0x3a, 0x6d, 0x61, //  _994 = fast::ma
	0x78, 0x28, 0x5f, 0x39, 0x39, 0x33, 0x2c, 0x20, 0x30, 0x2e, 0x30, 0x29, 0x3b, 0x0a, 0x20, 0x20, // x(_993, 0.0);.  
	0x20, 0x20, 0x66, 0x6c, 0x6f, 0x61, 0x74, 0x20, 0x5f, 0x39, 0x39, 0x36, 0x20, 0x3d, 0x20, 0x5f, //   float _996 = _
	0x36, 0x39, 0x31, 0x20, 0x2b, 0x20, 0x31, 0x2e, 0x30, 0x3b, 0x0a, 0x20, 0x20, 0x20, 0x20, 0x66, // 691 + 1.0;.    f
	0x6c, 0x6f, 0x61, 0x74, 0x20, 0x5f, 0x31, 0x30, 0x30, 0x30, 0x20, 0x3d, 0x20, 0x28, 0x5f, 0x39, // loat _1000 = (_9
	0x39, 0x36, 0x20, 0x2a, 0x20, 0x5f, 0x39, 0x39, 0x36, 0x29, 0x20, 0x2a, 0x20, 0x30, 0x2e, 0x31, // 96 * _996) * 0.1
	0x32, 0x35, 0x3b, 0x0a, 0x20, 0x20, 0x20, 0x20, 0x66, 0x6c, 0x6f, 0x61, 0x74, 0x20, 0x5f, 0x31, // 25;.    float _1
	0x30, 0x30, 0x34, 0x20, 0x3d, 0x20, 0x31, 0x2e, 0x30, 0x20, 0x2d, 0x20, 0x5f, 0x31, 0x30, 0x30, // 004 = 1.0 - _100
	0x30, 0x3b, 0x0a, 0x20, 0x20, 0x20, 0x20, 0x66, 0x6c, 0x6f, 0x61, 0x74, 0x20, 0x5f, 0x31, 0x30, // 0;.    float _10
	0x30, 0x38, 0x20, 0x3d, 0x20, 0x5f, 0x39, 0x39, 0x30, 0x20, 0x2f, 0x20, 0x28, 0x28, 0x5f, 0x39, // 08 = _990 / ((_9
	0x39, 0x30, 0x20, 0x2a, 0x20, 0x5f, 0x31, 0x30, 0x30, 0x34, 0x29, 0x20, 0x2b, 0x20, 0x5f, 0x31, // 90 * _1004) + _1
	0x30, 0x30, 0x30, 0x29, 0x3b, 0x0a, 0x20, 0x20, 0x20, 0x20, 0x66, 0x6c, 0x6f, 0x61, 0x74, 0x20, // 000);.    float 
	0x5f, 0x31, 0x30, 0x32, 0x37, 0x20, 0x3d, 0x20, 0x66, 0x61, 0x73, 0x74, 0x3a, 0x3a, 0x63, 0x6c, // _1027 = fast::cl
	0x61, 0x6d, 0x70, 0x28, 0x31, 0x2e, 0x30, 0x20, 0x2d, 0x20, 0x66, 0x61, 0x73, 0x74, 0x3a, 0x3a, // amp(1.0 - fast::
	0x6d, 0x61, 0x78, 0x28, 0x64, 0x6f, 0x74, 0x28, 0x5f, 0x38, 0x39, 0x33, 0x2c, 0x20, 0x5f, 0x36, // max(dot(_893, _6
	0x37, 0x34, 0x29, 0x2c, 0x20, 0x30, 0x2e, 0x30, 0x29, 0x2c, 0x20, 0x30, 0x2e, 0x30, 0x2c, 0x20, // 74), 0.0), 0.0, 
	0x31, 0x2e, 0x30, 0x29, 0x3b, 0x0a, 0x20, 0x20, 0x20, 0x20, 0x66, 0x6c, 0x6f, 0x61, 0x74, 0x20, // 1.0);.    float 
	0x5f, 0x31, 0x30, 0x33, 0x30, 0x20, 0x3d, 0x20, 0x5f, 0x31, 0x30, 0x32, 0x37, 0x20, 0x2a, 0x20, // _1030 = _1027 * 
	0x5f, 0x31, 0x30, 0x32, 0x37, 0x3b, 0x0a, 0x20, 0x20, 0x20, 0x20, 0x66, 0x6c, 0x6f, 0x61, 0x74, // _1027;.    float
	0x33, 0x20, 0x5f, 0x31, 0x30, 0x33, 0x39, 0x20, 0x3d, 0x20, 0x66, 0x6c, 0x6f, 0x61, 0x74, 0x33, // 3 _1039 = float3
	0x28, 0x31, 0x2e, 0x30, 0x29, 0x20, 0x2d, 0x20, 0x5f, 0x38, 0x37, 0x32, 0x3b, 0x0a, 0x20, 0x20, // (1.0) - _872;.  
	0x20, 0x20, 0x66, 0x6c, 0x6f, 0x61, 0x74, 0x33, 0x20, 0x5f, 0x31, 0x30, 0x34, 0x32, 0x20, 0x3d, //   float3 _1042 =
	0x20, 0x5f, 0x38, 0x37, 0x32, 0x20, 0x2b, 0x20, 0x28, 0x5f, 0x31, 0x30, 0x33, 0x39, 0x20, 0x2a, //  _872 + (_1039 *
	0x20, 0x28, 0x28, 0x5f, 0x31, 0x30, 0x33, 0x30, 0x20, 0x2a, 0x20, 0x5f, 0x31, 0x30, 0x33, 0x30, //  ((_1030 * _1030
	0x29, 0x20, 0x2a, 0x20, 0x5f, 0x31, 0x30, 0x32, 0x37, 0x29, 0x29, 0x3b, 0x0a, 0x20, 0x20, 0x20, // ) * _1027));.   
	0x20, 0x66, 0x6c, 0x6f, 0x61, 0x74, 0x20, 0x5f, 0x39, 0x31, 0x38, 0x20, 0x3d, 0x20, 0x34, 0x2e, //  float _918 = 4.
	0x30, 0x20, 0x2a, 0x20, 0x5f, 0x39, 0x39, 0x30, 0x3b, 0x0a, 0x20, 0x20, 0x20, 0x20, 0x66, 0x6c, // 0 * _990;.    fl
	0x6f, 0x61, 0x74, 0x20, 0x5f, 0x39, 0x33, 0x31, 0x20, 0x3d, 0x20, 0x31, 0x2e, 0x30, 0x20, 0x2d, // oat _931 = 1.0 -
	0x20, 0x5f, 0x36, 0x38, 0x38, 0x3b, 0x0a, 0x20, 0x20, 0x20, 0x20, 0x66, 0x6c, 0x6f, 0x61, 0x74, //  _688;.    float
	0x33, 0x20, 0x5f, 0x31, 0x32, 0x33, 0x37, 0x3b, 0x0a, 0x20, 0x20, 0x20, 0x20, 0x5f, 0x31, 0x32, // 3 _1237;.    _12
	0x33, 0x37, 0x20, 0x3d, 0x20, 0x28, 0x5f, 0x6d, 0x74, 0x6c, 0x5f, 0x75, 0x2e, 0x75, 0x5f, 0x72, // 37 = (_mtl_u.u_r
	0x41, 0x6d, 0x62, 0x69, 0x65, 0x6e, 0x74, 0x2e, 0x78, 0x79, 0x7a, 0x20, 0x2a, 0x20, 0x5f, 0x36, // Ambient.xyz * _6
	0x38, 0x35, 0x29, 0x20, 0x2b, 0x20, 0x28, 0x28, 0x28, 0x28, 0x28, 0x28, 0x28, 0x66, 0x6c, 0x6f, // 85) + (((((((flo
	0x61, 0x74, 0x33, 0x28, 0x31, 0x2e, 0x30, 0x29, 0x20, 0x2d, 0x20, 0x5f, 0x31, 0x30, 0x34, 0x32, // at3(1.0) - _1042
	0x29, 0x20, 0x2a, 0x20, 0x5f, 0x39, 0x33, 0x31, 0x29, 0x20, 0x2a, 0x20, 0x5f, 0x36, 0x38, 0x35, // ) * _931) * _685
	0x29, 0x20, 0x2a, 0x20, 0x66, 0x6c, 0x6f, 0x61, 0x74, 0x33, 0x28, 0x30, 0x2e, 0x33, 0x31, 0x38, // ) * float3(0.318
	0x33, 0x30, 0x39, 0x38, 0x37, 0x33, 0x33, 0x34, 0x32, 0x35, 0x31, 0x34, 0x30, 0x33, 0x38, 0x30, // 3098733425140380
	0x38, 0x35, 0x39, 0x33, 0x37, 0x35, 0x29, 0x29, 0x20, 0x2b, 0x20, 0x28, 0x28, 0x5f, 0x31, 0x30, // 859375)) + ((_10
	0x34, 0x32, 0x20, 0x2a, 0x20, 0x28, 0x28, 0x5f, 0x39, 0x35, 0x39, 0x20, 0x2f, 0x20, 0x66, 0x61, // 42 * ((_959 / fa
	0x73, 0x74, 0x3a, 0x3a, 0x6d, 0x61, 0x78, 0x28, 0x28, 0x33, 0x2e, 0x31, 0x34, 0x31, 0x35, 0x39, // st::max((3.14159
	0x32, 0x37, 0x34, 0x31, 0x30, 0x31, 0x32, 0x35, 0x37, 0x33, 0x32, 0x34, 0x32, 0x31, 0x38, 0x37, // 2741012573242187
	0x35, 0x20, 0x2a, 0x20, 0x5f, 0x39, 0x37, 0x31, 0x29, 0x20, 0x2a, 0x20, 0x5f, 0x39, 0x37, 0x31, // 5 * _971) * _971
	0x2c, 0x20, 0x30, 0x2e, 0x30, 0x30, 0x31, 0x30, 0x30, 0x30, 0x30, 0x30, 0x30, 0x30, 0x34, 0x37, // , 0.001000000047
	0x34, 0x39, 0x37, 0x34, 0x35, 0x31, 0x33, 0x30, 0x35, 0x33, 0x38, 0x39, 0x34, 0x30, 0x34, 0x32, // 4974513053894042
	0x39, 0x36, 0x38, 0x37, 0x35, 0x29, 0x29, 0x20, 0x2a, 0x20, 0x28, 0x5f, 0x31, 0x30, 0x30, 0x38, // 96875)) * (_1008
	0x20, 0x2a, 0x20, 0x28, 0x5f, 0x39, 0x39, 0x34, 0x20, 0x2f, 0x20, 0x28, 0x28, 0x5f, 0x39, 0x39, //  * (_994 / ((_99
	0x34, 0x20, 0x2a, 0x20, 0x5f, 0x31, 0x30, 0x30, 0x34, 0x29, 0x20, 0x2b, 0x20, 0x5f, 0x31, 0x30, // 4 * _1004) + _10
	0x30, 0x30, 0x29, 0x29, 0x29, 0x29, 0x29, 0x20, 0x2f, 0x20, 0x66, 0x6c, 0x6f, 0x61, 0x74, 0x33, // 00))))) / float3
	0x28, 0x66, 0x61, 0x73, 0x74, 0x3a, 0x3a, 0x6d, 0x61, 0x78, 0x28, 0x5f, 0x39, 0x31, 0x38, 0x20, // (fast::max(_918 
	0x2a, 0x20, 0x66, 0x61, 0x73, 0x74, 0x3a, 0x3a, 0x6d, 0x61, 0x78, 0x28, 0x5f, 0x39, 0x39, 0x33, // * fast::max(_993
	0x2c, 0x20, 0x30, 0x2e, 0x30, 0x30, 0x31, 0x30, 0x30, 0x30, 0x30, 0x30, 0x30, 0x30, 0x34, 0x37, // , 0.001000000047
	0x34, 0x39, 0x37, 0x34, 0x35, 0x31, 0x33, 0x30, 0x35, 0x33, 0x38, 0x39, 0x34, 0x30, 0x34, 0x32, // 4974513053894042
	0x39, 0x36, 0x38, 0x37, 0x35, 0x29, 0x2c, 0x20, 0x30, 0x2e, 0x30, 0x30, 0x31, 0x30, 0x30, 0x30, // 96875), 0.001000
	0x30, 0x30, 0x30, 0x30, 0x34, 0x37, 0x34, 0x39, 0x37, 0x34, 0x35, 0x31, 0x33, 0x30, 0x35, 0x33, // 0000474974513053
	0x38, 0x39, 0x34, 0x30, 0x34, 0x32, 0x39, 0x36, 0x38, 0x37, 0x35, 0x29, 0x29, 0x29, 0x29, 0x20, // 89404296875)))) 
	0x2a, 0x20, 0x28, 0x5f, 0x6d, 0x74, 0x6c, 0x5f, 0x75, 0x2e, 0x75, 0x5f, 0x72, 0x44, 0x69, 0x72, // * (_mtl_u.u_rDir
	0x65, 0x63, 0x74, 0x69, 0x6f, 0x6e, 0x43, 0x6f, 0x6c, 0x6f, 0x72, 0x2e, 0x78, 0x79, 0x7a, 0x20, // ectionColor.xyz 
	0x2a, 0x20, 0x5f, 0x6d, 0x74, 0x6c, 0x5f, 0x75, 0x2e, 0x75, 0x5f, 0x72, 0x44, 0x69, 0x72, 0x65, // * _mtl_u.u_rDire
	0x63, 0x74, 0x69, 0x6f, 0x6e, 0x2e, 0x77, 0x29, 0x29, 0x20, 0x2a, 0x20, 0x5f, 0x39, 0x39, 0x34, // ction.w)) * _994
	0x29, 0x3b, 0x0a, 0x20, 0x20, 0x20, 0x20, 0x66, 0x6c, 0x6f, 0x61, 0x74, 0x33, 0x20, 0x5f, 0x37, // );.    float3 _7
	0x36, 0x38, 0x3b, 0x0a, 0x20, 0x20, 0x20, 0x20, 0x66, 0x6f, 0x72, 0x20, 0x28, 0x69, 0x6e, 0x74, // 68;.    for (int
	0x20, 0x5f, 0x31, 0x32, 0x33, 0x36, 0x20, 0x3d, 0x20, 0x30, 0x3b, 0x20, 0x5f, 0x31, 0x32, 0x33, //  _1236 = 0; _123
	0x36, 0x20, 0x3c, 0x20, 0x34, 0x3b, 0x20, 0x5f, 0x31, 0x32, 0x33, 0x37, 0x20, 0x3d, 0x20, 0x5f, // 6 < 4; _1237 = _
	0x37, 0x36, 0x38, 0x2c, 0x20, 0x5f, 0x31, 0x32, 0x33, 0x36, 0x2b, 0x2b, 0x29, 0x0a, 0x20, 0x20, // 768, _1236++).  
	0x20, 0x20, 0x7b, 0x0a, 0x20, 0x20, 0x20, 0x20, 0x20, 0x20, 0x20, 0x20, 0x69, 0x66, 0x20, 0x28, //   {.        if (
	0x66, 0x6c, 0x6f, 0x61, 0x74, 0x28, 0x5f, 0x31, 0x32, 0x33, 0x36, 0x29, 0x20, 0x3e, 0x3d, 0x20, // float(_1236) >= 
	0x5f, 0x6d, 0x74, 0x6c, 0x5f, 0x75, 0x2e, 0x75, 0x5f, 0x72, 0x50, 0x61, 0x72, 0x61, 0x6d, 0x73, // _mtl_u.u_rParams
	0x2e, 0x78, 0x29, 0x0a, 0x20, 0x20, 0x20, 0x20, 0x20, 0x20, 0x20, 0x20, 0x7b, 0x0a, 0x20, 0x20, // .x).        {.  
	0x20, 0x20, 0x20, 0x20, 0x20, 0x20, 0x20, 0x20, 0x20, 0x20, 0x62, 0x72, 0x65, 0x61, 0x6b, 0x3b, //           break;
	0x0a, 0x20, 0x20, 0x20, 0x20, 0x20, 0x20, 0x20, 0x20, 0x7d, 0x0a, 0x20, 0x20, 0x20, 0x20, 0x20, // .        }.     
	0x20, 0x20, 0x20, 0x66, 0x6c, 0x6f, 0x61, 0x74, 0x33, 0x20, 0x5f, 0x37, 0x33, 0x35, 0x20, 0x3d, //    float3 _735 =
	0x20, 0x5f, 0x6d, 0x74, 0x6c, 0x5f, 0x75, 0x2e, 0x75, 0x5f, 0x72, 0x50, 0x6f, 0x69, 0x6e, 0x74, //  _mtl_u.u_rPoint
	0x50, 0x6f, 0x73, 0x69, 0x74, 0x69, 0x6f, 0x6e, 0x73, 0x5b, 0x5f, 0x31, 0x32, 0x33, 0x36, 0x5d, // Positions[_1236]
	0x2e, 0x78, 0x79, 0x7a, 0x20, 0x2d, 0x20, 0x69, 0x6e, 0x2e, 0x76, 0x5f, 0x77, 0x6f, 0x72, 0x6c, // .xyz - in.v_worl
	0x64, 0x50, 0x6f, 0x73, 0x3b, 0x0a, 0x20, 0x20, 0x20, 0x20, 0x20, 0x20, 0x20, 0x20, 0x66, 0x6c, // dPos;.        fl
	0x6f, 0x61, 0x74, 0x33, 0x20, 0x5f, 0x37, 0x34, 0x31, 0x20, 0x3d, 0x20, 0x66, 0x61, 0x73, 0x74, // oat3 _741 = fast
	0x3a, 0x3a, 0x6e, 0x6f, 0x72, 0x6d, 0x61, 0x6c, 0x69, 0x7a, 0x65, 0x28, 0x5f, 0x37, 0x33, 0x35, // ::normalize(_735
	0x29, 0x3b, 0x0a, 0x20, 0x20, 0x20, 0x20, 0x20, 0x20, 0x20, 0x20, 0x66, 0x6c, 0x6f, 0x61, 0x74, // );.        float
	0x20, 0x5f, 0x37, 0x34, 0x35, 0x20, 0x3d, 0x20, 0x66, 0x61, 0x73, 0x74, 0x3a, 0x3a, 0x6d, 0x61, //  _745 = fast::ma
	0x78, 0x28, 0x5f, 0x6d, 0x74, 0x6c, 0x5f, 0x75, 0x2e, 0x75, 0x5f, 0x72, 0x50, 0x6f, 0x69, 0x6e, // x(_mtl_u.u_rPoin
	0x74, 0x50, 0x6f, 0x73, 0x69, 0x74, 0x69, 0x6f, 0x6e, 0x73, 0x5b, 0x5f, 0x31, 0x32, 0x33, 0x36, // tPositions[_1236
	0x5d, 0x2e, 0x77, 0x2c, 0x20, 0x31, 0x2e, 0x30, 0x29, 0x3b, 0x0a, 0x20, 0x20, 0x20, 0x20, 0x20, // ].w, 1.0);.     
	0x20, 0x20, 0x20, 0x66, 0x6c, 0x6f, 0x61, 0x74, 0x33, 0x20, 0x5f, 0x31, 0x30, 0x36, 0x33, 0x20, //    float3 _1063 
	0x3d, 0x20, 0x66, 0x61, 0x73, 0x74, 0x3a, 0x3a, 0x6e, 0x6f, 0x72, 0x6d, 0x61, 0x6c, 0x69, 0x7a, // = fast::normaliz
	0x65, 0x28, 0x5f, 0x37, 0x34, 0x31, 0x20, 0x2b, 0x20, 0x5f, 0x36, 0x37, 0x34, 0x29, 0x3b, 0x0a, // e(_741 + _674);.
	0x20, 0x20, 0x20, 0x20, 0x20, 0x20, 0x20, 0x20, 0x66, 0x6c, 0x6f, 0x61, 0x74, 0x20, 0x5f, 0x31, //         float _1
	0x31, 0x33, 0x33, 0x20, 0x3d, 0x20, 0x66, 0x61, 0x73, 0x74, 0x3a, 0x3a, 0x6d, 0x61, 0x78, 0x28, // 133 = fast::max(
	0x64, 0x6f, 0x74, 0x28, 0x5f, 0x36, 0x37, 0x31, 0x2c, 0x20, 0x5f, 0x31, 0x30, 0x36, 0x33, 0x29, // dot(_671, _1063)
	0x2c, 0x20, 0x30, 0x2e, 0x30, 0x29, 0x3b, 0x0a, 0x20, 0x20, 0x20, 0x20, 0x20, 0x20, 0x20, 0x20, // , 0.0);.        
	0x66, 0x6c, 0x6f, 0x61, 0x74, 0x20, 0x5f, 0x31, 0x31, 0x34, 0x31, 0x20, 0x3d, 0x20, 0x28, 0x28, // float _1141 = ((
	0x5f, 0x31, 0x31, 0x33, 0x33, 0x20, 0x2a, 0x20, 0x5f, 0x31, 0x31, 0x33, 0x33, 0x29, 0x20, 0x2a, // _1133 * _1133) *
	0x20, 0x5f, 0x39, 0x36, 0x39, 0x29, 0x20, 0x2b, 0x20, 0x31, 0x2e, 0x30, 0x3b, 0x0a, 0x20, 0x20, //  _969) + 1.0;.  
	0x20, 0x20, 0x20, 0x20, 0x20, 0x20, 0x66, 0x6c, 0x6f, 0x61, 0x74, 0x20, 0x5f, 0x31, 0x31, 0x36, //       float _116
	0x33, 0x20, 0x3d, 0x20, 0x64, 0x6f, 0x74, 0x28, 0x5f, 0x36, 0x37, 0x31, 0x2c, 0x20, 0x5f, 0x37, // 3 = dot(_671, _7
	0x34, 0x31, 0x29, 0x3b, 0x0a, 0x20, 0x20, 0x20, 0x20, 0x20, 0x20, 0x20, 0x20, 0x66, 0x6c, 0x6f, // 41);.        flo
	0x61, 0x74, 0x20, 0x5f, 0x31, 0x31, 0x36, 0x34, 0x20, 0x3d, 0x20, 0x66, 0x61, 0x73, 0x74, 0x3a, // at _1164 = fast:
	0x3a, 0x6d, 0x61, 0x78, 0x28, 0x5f, 0x31, 0x31, 0x36, 0x33, 0x2c, 0x20, 0x30, 0x2e, 0x30, 0x29, // :max(_1163, 0.0)
	0x3b, 0x0a, 0x20, 0x20, 0x20, 0x20, 0x20, 0x20, 0x20, 0x20, 0x66, 0x6c, 0x6f, 0x61, 0x74, 0x20, // ;.        float 
	0x5f, 0x31, 0x31, 0x39, 0x37, 0x20, 0x3d, 0x20, 0x66, 0x61, 0x73, 0x74, 0x3a, 0x3a, 0x63, 0x6c, // _1197 = fast::cl
	0x61, 0x6d, 0x70, 0x28, 0x31, 0x2e, 0x30, 0x20, 0x2d, 0x20, 0x66, 0x61, 0x73, 0x74, 0x3a, 0x3a, // amp(1.0 - fast::
	0x6d, 0x61, 0x78, 0x28, 0x64, 0x6f, 0x74, 0x28, 0x5f, 0x31, 0x30, 0x36, 0x33, 0x2c, 0x20, 0x5f, // max(dot(_1063, _
	0x36, 0x37, 0x34, 0x29, 0x2c, 0x20, 0x30, 0x2e, 0x30, 0x29, 0x2c, 0x20, 0x30, 0x2e, 0x30, 0x2c, // 674), 0.0), 0.0,
	0x20, 0x31, 0x2e, 0x30, 0x29, 0x3b, 0x0a, 0x20, 0x20, 0x20, 0x20, 0x20, 0x20, 0x20, 0x20, 0x66, //  1.0);.        f
	0x6c, 0x6f, 0x61, 0x74, 0x20, 0x5f, 0x31, 0x32, 0x30, 0x30, 0x20, 0x3d, 0x20, 0x5f, 0x31, 0x31, // loat _1200 = _11
	0x39, 0x37, 0x20, 0x2a, 0x20, 0x5f, 0x31, 0x31, 0x39, 0x37, 0x3b, 0x0a, 0x20, 0x20, 0x20, 0x20, // 97 * _1197;.    
	0x20, 0x20, 0x20, 0x20, 0x66, 0x6c, 0x6f, 0x61, 0x74, 0x33, 0x20, 0x5f, 0x31, 0x32, 0x31, 0x32, //     float3 _1212
	0x20, 0x3d, 0x20, 0x5f, 0x38, 0x37, 0x32, 0x20, 0x2b, 0x20, 0x28, 0x5f, 0x31, 0x30, 0x33, 0x39, //  = _872 + (_1039
	0x20, 0x2a, 0x20, 0x28, 0x28, 0x5f, 0x31, 0x32, 0x30, 0x30, 0x20, 0x2a, 0x20, 0x5f, 0x31, 0x32, //  * ((_1200 * _12
	0x30, 0x30, 0x29, 0x20, 0x2a, 0x20, 0x5f, 0x31, 0x31, 0x39, 0x37, 0x29, 0x29, 0x3b, 0x0a, 0x20, // 00) * _1197));. 
	0x20, 0x20, 0x20, 0x20, 0x20, 0x20, 0x20, 0x5f, 0x37, 0x36, 0x38, 0x20, 0x3d, 0x20, 0x5f, 0x31, //        _768 = _1
	0x32, 0x33, 0x37, 0x20, 0x2b, 0x20, 0x28, 0x28, 0x28, 0x28, 0x28, 0x28, 0x28, 0x66, 0x6c, 0x6f, // 237 + (((((((flo
	0x61, 0x74, 0x33, 0x28, 0x31, 0x2e, 0x30, 0x29, 0x20, 0x2d, 0x20, 0x5f, 0x31, 0x32, 0x31, 0x32, // at3(1.0) - _1212
	0x29, 0x20, 0x2a, 0x20, 0x5f, 0x39, 0x33, 0x31, 0x29, 0x20, 0x2a, 0x20, 0x5f, 0x36, 0x38, 0x35, // ) * _931) * _685
	0x29, 0x20, 0x2a, 0x20, 0x66, 0x6c, 0x6f, 0x61, 0x74, 0x33, 0x28, 0x30, 0x2e, 0x33, 0x31, 0x38, // ) * float3(0.318
	0x33, 0x30, 0x39, 0x38, 0x37, 0x33, 0x33, 0x34, 0x32, 0x35, 0x31, 0x34, 0x30, 0x33, 0x38, 0x30, // 3098733425140380
	0x38, 0x35, 0x39, 0x33, 0x37, 0x35, 0x29, 0x29, 0x20, 0x2b, 0x20, 0x28, 0x28, 0x5f, 0x31, 0x32, // 859375)) + ((_12
	0x31, 0x32, 0x20, 0x2a, 0x20, 0x28, 0x28, 0x5f, 0x39, 0x35, 0x39, 0x20, 0x2f, 0x20, 0x66, 0x61, // 12 * ((_959 / fa
	0x73, 0x74, 0x3a, 0x3a, 0x6d, 0x61, 0x78, 0x28, 0x28, 0x33, 0x2e, 0x31, 0x34, 0x31, 0x35, 0x39, // st::max((3.14159
	0x32, 0x37, 0x34, 0x31, 0x30, 0x31, 0x32, 0x35, 0x37, 0x33, 0x32, 0x34, 0x32, 0x31, 0x38, 0x37, // 2741012573242187
	0x35, 0x20, 0x2a, 0x20, 0x5f, 0x31, 0x31, 0x34, 0x31, 0x29, 0x20, 0x2a, 0x20, 0x5f, 0x31, 0x31, // 5 * _1141) * _11
	0x34, 0x31, 0x2c, 0x20, 0x30, 0x2e, 0x30, 0x30, 0x31, 0x30, 0x30, 0x30, 0x30, 0x30, 0x30, 0x30, // 41, 0.0010000000
	0x34, 0x37, 0x34, 0x39, 0x37, 0x34, 0x35, 0x31, 0x33, 0x30, 0x35, 0x33, 0x38, 0x39, 0x34, 0x30, // 4749745130538940
	0x34, 0x32, 0x39, 0x36, 0x38, 0x37, 0x35, 0x29, 0x29, 0x20, 0x2a, 0x20, 0x28, 0x5f, 0x31, 0x30, // 4296875)) * (_10
	0x30, 0x38, 0x20, 0x2a, 0x20, 0x28, 0x5f, 0x31, 0x31, 0x36, 0x34, 0x20, 0x2f, 0x20, 0x28, 0x28, // 08 * (_1164 / ((
	0x5f, 0x31, 0x31, 0x36, 0x34, 0x20, 0x2a, 0x20, 0x5f, 0x31, 0x30, 0x30, 0x34, 0x29, 0x20, 0x2b, // _1164 * _1004) +
	0x20, 0x5f, 0x31, 0x30, 0x30, 0x30, 0x29, 0x29, 0x29, 0x29, 0x29, 0x20, 0x2f, 0x20, 0x66, 0x6c, //  _1000))))) / fl
	0x6f, 0x61, 0x74, 0x33, 0x28, 0x66, 0x61, 0x73, 0x74, 0x3a, 0x3a, 0x6d, 0x61, 0x78, 0x28, 0x5f, // oat3(fast::max(_
	0x39, 0x31, 0x38, 0x20, 0x2a, 0x20, 0x66, 0x61, 0x73, 0x74, 0x3a, 0x3a, 0x6d, 0x61, 0x78, 0x28, // 918 * fast::max(
	0x5f, 0x31, 0x31, 0x36, 0x33, 0x2c, 0x20, 0x30, 0x2e, 0x30, 0x30, 0x31, 0x30, 0x30, 0x30, 0x30, // _1163, 0.0010000
	0x30, 0x30, 0x30, 0x34, 0x37, 0x34, 0x39, 0x37, 0x34, 0x35, 0x31, 0x33, 0x30, 0x35, 0x33, 0x38, // 0004749745130538
	0x39, 0x34, 0x30, 0x34, 0x32, 0x39, 0x36, 0x38, 0x37, 0x35, 0x29, 0x2c, 0x20, 0x30, 0x2e, 0x30, // 9404296875), 0.0
	0x30, 0x31, 0x30, 0x30, 0x30, 0x30, 0x30, 0x30, 0x30, 0x34, 0x37, 0x34, 0x39, 0x37, 0x34, 0x35, // 0100000004749745
	0x31, 0x33, 0x30, 0x35, 0x33, 0x38, 0x39, 0x34, 0x30, 0x34, 0x32, 0x39, 0x36, 0x38, 0x37, 0x35, // 1305389404296875
	0x29, 0x29, 0x29, 0x29, 0x20, 0x2a, 0x20, 0x28, 0x5f, 0x6d, 0x74, 0x6c, 0x5f, 0x75, 0x2e, 0x75, // )))) * (_mtl_u.u
	0x5f, 0x72, 0x50, 0x6f, 0x69, 0x6e, 0x74, 0x43, 0x6f, 0x6c, 0x6f, 0x72, 0x73, 0x5b, 0x5f, 0x31, // _rPointColors[_1
	0x32, 0x33, 0x36, 0x5d, 0x2e, 0x78, 0x79, 0x7a, 0x20, 0x2a, 0x20, 0x28, 0x31, 0x2e, 0x30, 0x20, // 236].xyz * (1.0 
	0x2f, 0x20, 0x28, 0x31, 0x2e, 0x30, 0x20, 0x2b, 0x20, 0x28, 0x66, 0x61, 0x73, 0x74, 0x3a, 0x3a, // / (1.0 + (fast::
	0x6d, 0x61, 0x78, 0x28, 0x64, 0x6f, 0x74, 0x28, 0x5f, 0x37, 0x33, 0x35, 0x2c, 0x20, 0x5f, 0x37, // max(dot(_735, _7
	0x33, 0x35, 0x29, 0x2c, 0x20, 0x30, 0x2e, 0x30, 0x30, 0x39, 0x39, 0x39, 0x39, 0x39, 0x39, 0x39, // 35), 0.009999999
	0x37, 0x37, 0x36, 0x34, 0x38, 0x32, 0x35, 0x38, 0x32, 0x30, 0x39, 0x32, 0x32, 0x38, 0x35, 0x31, // 7764825820922851
	0x35, 0x36, 0x32, 0x35, 0x29, 0x20, 0x2f, 0x20, 0x28, 0x5f, 0x37, 0x34, 0x35, 0x20, 0x2a, 0x20, // 5625) / (_745 * 
	0x5f, 0x37, 0x34, 0x35, 0x29, 0x29, 0x29, 0x29, 0x29, 0x29, 0x20, 0x2a, 0x20, 0x5f, 0x31, 0x31, // _745)))))) * _11
	0x36, 0x34, 0x29, 0x3b, 0x0a, 0x20, 0x20, 0x20, 0x20, 0x7d, 0x0a, 0x20, 0x20, 0x20, 0x20, 0x66, // 64);.    }.    f
	0x6c, 0x6f, 0x61, 0x74, 0x33, 0x20, 0x5f, 0x37, 0x37, 0x38, 0x20, 0x3d, 0x20, 0x5f, 0x31, 0x32, // loat3 _778 = _12
	0x33, 0x37, 0x20, 0x2b, 0x20, 0x28, 0x5f, 0x36, 0x38, 0x35, 0x20, 0x2a, 0x20, 0x5f, 0x6d, 0x74, // 37 + (_685 * _mt
	0x6c, 0x5f, 0x75, 0x2e, 0x75, 0x5f, 0x6d, 0x61, 0x74, 0x65, 0x72, 0x69, 0x61, 0x6c, 0x2e, 0x7a, // l_u.u_material.z
	0x29, 0x3b, 0x0a, 0x20, 0x20, 0x20, 0x20, 0x69, 0x66, 0x20, 0x28, 0x28, 0x5f, 0x6d, 0x74, 0x6c, // );.    if ((_mtl
	0x5f, 0x75, 0x2e, 0x75, 0x5f, 0x6d, 0x61, 0x74, 0x65, 0x72, 0x69, 0x61, 0x6c, 0x2e, 0x77, 0x20, // _u.u_material.w 
	0x3e, 0x20, 0x30, 0x2e, 0x30, 0x29, 0x20, 0x26, 0x26, 0x20, 0x28, 0x69, 0x6e, 0x2e, 0x76, 0x5f, // > 0.0) && (in.v_
	0x63, 0x6f, 0x6c, 0x6f, 0x72, 0x2e, 0x77, 0x20, 0x3c, 0x20, 0x5f, 0x6d, 0x74, 0x6c, 0x5f, 0x75, // color.w < _mtl_u
	0x2e, 0x75, 0x5f, 0x6d, 0x61, 0x74, 0x65, 0x72, 0x69, 0x61, 0x6c, 0x2e, 0x77, 0x29, 0x29, 0x0a, // .u_material.w)).
	0x20, 0x20, 0x20, 0x20, 0x7b, 0x0a, 0x20, 0x20, 0x20, 0x20, 0x20, 0x20, 0x20, 0x20, 0x64, 0x69, //     {.        di
	0x73, 0x63, 0x61, 0x72, 0x64, 0x5f, 0x66, 0x72, 0x61, 0x67, 0x6d, 0x65, 0x6e, 0x74, 0x28, 0x29, // scard_fragment()
	0x3b, 0x0a, 0x20, 0x20, 0x20, 0x20, 0x7d, 0x0a, 0x20, 0x20, 0x20, 0x20, 0x6f, 0x75, 0x74, 0x2e, // ;.    }.    out.
	0x62, 0x67, 0x66, 0x78, 0x5f, 0x46, 0x72, 0x61, 0x67, 0x44, 0x61, 0x74, 0x61, 0x30, 0x20, 0x3d, // bgfx_FragData0 =
	0x20, 0x66, 0x6c, 0x6f, 0x61, 0x74, 0x34, 0x28, 0x70, 0x6f, 0x77, 0x72, 0x28, 0x5f, 0x37, 0x37, //  float4(powr(_77
	0x38, 0x20, 0x2f, 0x20, 0x28, 0x5f, 0x37, 0x37, 0x38, 0x20, 0x2b, 0x20, 0x66, 0x6c, 0x6f, 0x61, // 8 / (_778 + floa
	0x74, 0x33, 0x28, 0x31, 0x2e, 0x30, 0x29, 0x29, 0x2c, 0x20, 0x66, 0x6c, 0x6f, 0x61, 0x74, 0x33, // t3(1.0)), float3
	0x28, 0x30, 0x2e, 0x34, 0x35, 0x34, 0x35, 0x34, 0x35, 0x34, 0x36, 0x38, 0x30, 0x39, 0x31, 0x39, // (0.4545454680919
	0x36, 0x34, 0x37, 0x32, 0x31, 0x36, 0x37, 0x39, 0x36, 0x38, 0x37, 0x35, 0x29, 0x29, 0x2c, 0x20, // 647216796875)), 
	0x69, 0x6e, 0x2e, 0x76, 0x5f, 0x63, 0x6f, 0x6c, 0x6f, 0x72, 0x2e, 0x77, 0x29, 0x3b, 0x0a, 0x20, // in.v_color.w);. 
	0x20, 0x20, 0x20, 0x6f, 0x75, 0x74, 0x2e, 0x67, 0x6c, 0x5f, 0x46, 0x72, 0x61, 0x67, 0x44, 0x65, //    out.gl_FragDe
	0x70, 0x74, 0x68, 0x20, 0x3d, 0x20, 0x5f, 0x31, 0x32, 0x33, 0x35, 0x3b, 0x0a, 0x20, 0x20, 0x20, // pth = _1235;.   
	0x20, 0x72, 0x65, 0x74, 0x75, 0x72, 0x6e, 0x20, 0x6f, 0x75, 0x74, 0x3b, 0x0a, 0x7d, 0x0a, 0x0a, //  return out;.}..
	0x00, 0x00, 0x00, 0x01,                                                                         // ....
};

static const uint8_t fs_pbr_mesh_essl[4841] =
{
	0x46, 0x53, 0x48, 0x0b, 0x0a, 0x14, 0x48, 0x0f, 0x00, 0x00, 0x00, 0x00, 0x00, 0x00, 0xd6, 0x12, // FSH...H.........
	0x00, 0x00, 0x23, 0x76, 0x65, 0x72, 0x73, 0x69, 0x6f, 0x6e, 0x20, 0x33, 0x32, 0x30, 0x20, 0x65, // ..#version 320 e
	0x73, 0x0a, 0x23, 0x64, 0x65, 0x66, 0x69, 0x6e, 0x65, 0x20, 0x61, 0x74, 0x74, 0x72, 0x69, 0x62, // s.#define attrib
	0x75, 0x74, 0x65, 0x20, 0x69, 0x6e, 0x0a, 0x23, 0x64, 0x65, 0x66, 0x69, 0x6e, 0x65, 0x20, 0x76, // ute in.#define v
	0x61, 0x72, 0x79, 0x69, 0x6e, 0x67, 0x20, 0x69, 0x6e, 0x0a, 0x70, 0x72, 0x65, 0x63, 0x69, 0x73, // arying in.precis
	0x69, 0x6f, 0x6e, 0x20, 0x68, 0x69, 0x67, 0x68, 0x70, 0x20, 0x66, 0x6c, 0x6f, 0x61, 0x74, 0x3b, // ion highp float;
	0x0a, 0x70, 0x72, 0x65, 0x63, 0x69, 0x73, 0x69, 0x6f, 0x6e, 0x20, 0x68, 0x69, 0x67, 0x68, 0x70, // .precision highp
	0x20, 0x69, 0x6e, 0x74, 0x3b, 0x0a, 0x23, 0x64, 0x65, 0x66, 0x69, 0x6e, 0x65, 0x20, 0x73, 0x68, //  int;.#define sh
	0x61, 0x64, 0x6f, 0x77, 0x32, 0x44, 0x28, 0x5f, 0x73, 0x61, 0x6d, 0x70, 0x6c, 0x65, 0x72, 0x2c, // adow2D(_sampler,
	0x20, 0x5f, 0x63, 0x6f, 0x6f, 0x72, 0x64, 0x29, 0x20, 0x74, 0x65, 0x78, 0x74, 0x75, 0x72, 0x65, //  _coord) texture
	0x28, 0x5f, 0x73, 0x61, 0x6d, 0x70, 0x6c, 0x65, 0x72, 0x2c, 0x20, 0x5f, 0x63, 0x6f, 0x6f, 0x72, // (_sampler, _coor
	0x64, 0x29, 0x0a, 0x23, 0x64, 0x65, 0x66, 0x69, 0x6e, 0x65, 0x20, 0x73, 0x68, 0x61, 0x64, 0x6f, // d).#define shado
	0x77, 0x32, 0x44, 0x50, 0x72, 0x6f, 0x6a, 0x28, 0x5f, 0x73, 0x61, 0x6d, 0x70, 0x6c, 0x65, 0x72, // w2DProj(_sampler
	0x2c, 0x20, 0x5f, 0x63, 0x6f, 0x6f, 0x72, 0x64, 0x29, 0x20, 0x74, 0x65, 0x78, 0x74, 0x75, 0x72, // , _coord) textur
	0x65, 0x50, 0x72, 0x6f, 0x6a, 0x28, 0x5f, 0x73, 0x61, 0x6d, 0x70, 0x6c, 0x65, 0x72, 0x2c, 0x20, // eProj(_sampler, 
	0x5f, 0x63, 0x6f, 0x6f, 0x72, 0x64, 0x29, 0x0a, 0x6f, 0x75, 0x74, 0x20, 0x6d, 0x65, 0x64, 0x69, // _coord).out medi
	0x75, 0x6d, 0x70, 0x20, 0x76, 0x65, 0x63, 0x34, 0x20, 0x62, 0x67, 0x66, 0x78, 0x5f, 0x46, 0x72, // ump vec4 bgfx_Fr
	0x61, 0x67, 0x43, 0x6f, 0x6c, 0x6f, 0x72, 0x3b, 0x0a, 0x76, 0x61, 0x72, 0x79, 0x69, 0x6e, 0x67, // agColor;.varying
	0x20, 0x76, 0x65, 0x63, 0x34, 0x20, 0x76, 0x5f, 0x63, 0x6f, 0x6c, 0x6f, 0x72, 0x3b, 0x0a, 0x76, //  vec4 v_color;.v
	0x61, 0x72, 0x79, 0x69, 0x6e, 0x67, 0x20, 0x66, 0x6c, 0x6f, 0x61, 0x74, 0x20, 0x76, 0x5f, 0x64, // arying float v_d
	0x65, 0x70, 0x74, 0x68, 0x3b, 0x0a, 0x76, 0x61, 0x72, 0x79, 0x69, 0x6e, 0x67, 0x20, 0x76, 0x65, // epth;.varying ve
	0x63, 0x33, 0x20, 0x76, 0x5f, 0x6e, 0x6f, 0x72, 0x6d, 0x61, 0x6c, 0x3b, 0x0a, 0x76, 0x61, 0x72, // c3 v_normal;.var
	0x79, 0x69, 0x6e, 0x67, 0x20, 0x76, 0x65, 0x63, 0x32, 0x20, 0x76, 0x5f, 0x75, 0x76, 0x3b, 0x0a, // ying vec2 v_uv;.
	0x76, 0x61, 0x72, 0x79, 0x69, 0x6e, 0x67, 0x20, 0x76, 0x65, 0x63, 0x33, 0x20, 0x76, 0x5f, 0x77, // varying vec3 v_w
	0x6f, 0x72, 0x6c, 0x64, 0x50, 0x6f, 0x73, 0x3b, 0x0a, 0x76, 0x65, 0x63, 0x33, 0x20, 0x69, 0x6e, // orldPos;.vec3 in
	0x73, 0x74, 0x4d, 0x75, 0x6c, 0x28, 0x76, 0x65, 0x63, 0x33, 0x20, 0x5f, 0x76, 0x65, 0x63, 0x2c, // stMul(vec3 _vec,
	0x20, 0x6d, 0x61, 0x74, 0x33, 0x20, 0x5f, 0x6d, 0x74, 0x78, 0x29, 0x20, 0x7b, 0x20, 0x72, 0x65, //  mat3 _mtx) { re
	0x74, 0x75, 0x72, 0x6e, 0x20, 0x28, 0x20, 0x28, 0x5f, 0x76, 0x65, 0x63, 0x29, 0x20, 0x2a, 0x20, // turn ( (_vec) * 
	0x28, 0x5f, 0x6d, 0x74, 0x78, 0x29, 0x20, 0x29, 0x3b, 0x20, 0x7d, 0x0a, 0x76, 0x65, 0x63, 0x33, // (_mtx) ); }.vec3
	0x20, 0x69, 0x6e, 0x73, 0x74, 0x4d, 0x75, 0x6c, 0x28, 0x6d, 0x61, 0x74, 0x33, 0x20, 0x5f, 0x6d, //  instMul(mat3 _m
	0x74, 0x78, 0x2c, 0x20, 0x76, 0x65, 0x63, 0x33, 0x20, 0x5f, 0x76, 0x65, 0x63, 0x29, 0x20, 0x7b, // tx, vec3 _vec) {
	0x20, 0x72, 0x65, 0x74, 0x75, 0x72, 0x6e, 0x20, 0x28, 0x20, 0x28, 0x5f, 0x6d, 0x74, 0x78, 0x29, //  return ( (_mtx)
	0x20, 0x2a, 0x20, 0x28, 0x5f, 0x76, 0x65, 0x63, 0x29, 0x20, 0x29, 0x3b, 0x20, 0x7d, 0x0a, 0x76, //  * (_vec) ); }.v
	0x65, 0x63, 0x34, 0x20, 0x69, 0x6e, 0x73, 0x74, 0x4d, 0x75, 0x6c, 0x28, 0x76, 0x65, 0x63, 0x34, // ec4 instMul(vec4
	0x20, 0x5f, 0x76, 0x65, 0x63, 0x2c, 0x20, 0x6d, 0x61, 0x74, 0x34, 0x20, 0x5f, 0x6d, 0x74, 0x78, //  _vec, mat4 _mtx
	0x29, 0x20, 0x7b, 0x20, 0x72, 0x65, 0x74, 0x75, 0x72, 0x6e, 0x20, 0x28, 0x20, 0x28, 0x5f, 0x76, // ) { return ( (_v
	0x65, 0x63, 0x29, 0x20, 0x2a, 0x20, 0x28, 0x5f, 0x6d, 0x74, 0x78, 0x29, 0x20, 0x29, 0x3b, 0x20, // ec) * (_mtx) ); 
	0x7d, 0x0a, 0x76, 0x65, 0x63, 0x34, 0x20, 0x69, 0x6e, 0x73, 0x74, 0x4d, 0x75, 0x6c, 0x28, 0x6d, // }.vec4 instMul(m
	0x61, 0x74, 0x34, 0x20, 0x5f, 0x6d, 0x74, 0x78, 0x2c, 0x20, 0x76, 0x65, 0x63, 0x34, 0x20, 0x5f, // at4 _mtx, vec4 _
	0x76, 0x65, 0x63, 0x29, 0x20, 0x7b, 0x20, 0x72, 0x65, 0x74, 0x75, 0x72, 0x6e, 0x20, 0x28, 0x20, // vec) { return ( 
	0x28, 0x5f, 0x6d, 0x74, 0x78, 0x29, 0x20, 0x2a, 0x20, 0x28, 0x5f, 0x76, 0x65, 0x63, 0x29, 0x20, // (_mtx) * (_vec) 
	0x29, 0x3b, 0x20, 0x7d, 0x0a, 0x66, 0x6c, 0x6f, 0x61, 0x74, 0x20, 0x72, 0x63, 0x70, 0x28, 0x66, // ); }.float rcp(f
	0x6c, 0x6f, 0x61, 0x74, 0x20, 0x5f, 0x61, 0x29, 0x20, 0x7b, 0x20, 0x72, 0x65, 0x74, 0x75, 0x72, // loat _a) { retur
	0x6e, 0x20, 0x31, 0x2e, 0x30, 0x2f, 0x5f, 0x61, 0x3b, 0x20, 0x7d, 0x0a, 0x76, 0x65, 0x63, 0x32, // n 1.0/_a; }.vec2
	0x20, 0x72, 0x63, 0x70, 0x28, 0x76, 0x65, 0x63, 0x32, 0x20, 0x5f, 0x61, 0x29, 0x20, 0x7b, 0x20, //  rcp(vec2 _a) { 
	0x72, 0x65, 0x74, 0x75, 0x72, 0x6e, 0x20, 0x76, 0x65, 0x63, 0x32, 0x28, 0x31, 0x2e, 0x30, 0x29, // return vec2(1.0)
	0x2f, 0x5f, 0x61, 0x3b, 0x20, 0x7d, 0x0a, 0x76, 0x65, 0x63, 0x33, 0x20, 0x72, 0x63, 0x70, 0x28, // /_a; }.vec3 rcp(
	0x76, 0x65, 0x63, 0x33, 0x20, 0x5f, 0x61, 0x29, 0x20, 0x7b, 0x20, 0x72, 0x65, 0x74, 0x75, 0x72, // vec3 _a) { retur
	0x6e, 0x20, 0x76, 0x65, 0x63, 0x33, 0x28, 0x31, 0x2e, 0x30, 0x29, 0x2f, 0x5f, 0x61, 0x3b, 0x20, // n vec3(1.0)/_a; 
	0x7d, 0x0a, 0x76, 0x65, 0x63, 0x34, 0x20, 0x72, 0x63, 0x70, 0x28, 0x76, 0x65, 0x63, 0x34, 0x20, // }.vec4 rcp(vec4 
	0x5f, 0x61, 0x29, 0x20, 0x7b, 0x20, 0x72, 0x65, 0x74, 0x75, 0x72, 0x6e, 0x20, 0x76, 0x65, 0x63, // _a) { return vec
	0x34, 0x28, 0x31, 0x2e, 0x30, 0x29, 0x2f, 0x5f, 0x61, 0x3b, 0x20, 0x7d, 0x0a, 0x76, 0x65, 0x63, // 4(1.0)/_a; }.vec
	0x32, 0x20, 0x76, 0x65, 0x63, 0x32, 0x5f, 0x73, 0x70, 0x6c, 0x61, 0x74, 0x28, 0x66, 0x6c, 0x6f, // 2 vec2_splat(flo
	0x61, 0x74, 0x20, 0x5f, 0x78, 0x29, 0x20, 0x7b, 0x20, 0x72, 0x65, 0x74, 0x75, 0x72, 0x6e, 0x20, // at _x) { return 
	0x76, 0x65, 0x63, 0x32, 0x28, 0x5f, 0x78, 0x2c, 0x20, 0x5f, 0x78, 0x29, 0x3b, 0x20, 0x7d, 0x0a, // vec2(_x, _x); }.
	0x76, 0x65, 0x63, 0x33, 0x20, 0x76, 0x65, 0x63, 0x33, 0x5f, 0x73, 0x70, 0x6c, 0x61, 0x74, 0x28, // vec3 vec3_splat(
	0x66, 0x6c, 0x6f, 0x61, 0x74, 0x20, 0x5f, 0x78, 0x29, 0x20, 0x7b, 0x20, 0x72, 0x65, 0x74, 0x75, // float _x) { retu
	0x72, 0x6e, 0x20, 0x76, 0x65, 0x63, 0x33, 0x28, 0x5f, 0x78, 0x2c, 0x20, 0x5f, 0x78, 0x2c, 0x20, // rn vec3(_x, _x, 
	0x5f, 0x78, 0x29, 0x3b, 0x20, 0x7d, 0x0a, 0x76, 0x65, 0x63, 0x34, 0x20, 0x76, 0x65, 0x63, 0x34, // _x); }.vec4 vec4
	0x5f, 0x73, 0x70, 0x6c, 0x61, 0x74, 0x28, 0x66, 0x6c, 0x6f, 0x61, 0x74, 0x20, 0x5f, 0x78, 0x29, // _splat(float _x)
	0x20, 0x7b, 0x20, 0x72, 0x65, 0x74, 0x75, 0x72, 0x6e, 0x20, 0x76, 0x65, 0x63, 0x34, 0x28, 0x5f, //  { return vec4(_
	0x78, 0x2c, 0x20, 0x5f, 0x78, 0x2c, 0x20, 0x5f, 0x78, 0x2c, 0x20, 0x5f, 0x78, 0x29, 0x3b, 0x20, // x, _x, _x, _x); 
	0x7d, 0x0a, 0x75, 0x76, 0x65, 0x63, 0x32, 0x20, 0x75, 0x76, 0x65, 0x63, 0x32, 0x5f, 0x73, 0x70, // }.uvec2 uvec2_sp
	0x6c, 0x61, 0x74, 0x28, 0x75, 0x69, 0x6e, 0x74, 0x20, 0x5f, 0x78, 0x29, 0x20, 0x7b, 0x20, 0x72, // lat(uint _x) { r
	0x65, 0x74, 0x75, 0x72, 0x6e, 0x20, 0x75, 0x76, 0x65, 0x63, 0x32, 0x28, 0x5f, 0x78, 0x2c, 0x20, // eturn uvec2(_x, 
	0x5f, 0x78, 0x29, 0x3b, 0x20, 0x7d, 0x0a, 0x75, 0x76, 0x65, 0x63, 0x33, 0x20, 0x75, 0x76, 0x65, // _x); }.uvec3 uve
	0x63, 0x33, 0x5f, 0x73, 0x70, 0x6c, 0x61, 0x74, 0x28, 0x75, 0x69, 0x6e, 0x74, 0x20, 0x5f, 0x78, // c3_splat(uint _x
	0x29, 0x20, 0x7b, 0x20, 0x72, 0x65, 0x74, 0x75, 0x72, 0x6e, 0x20, 0x75, 0x76, 0x65, 0x63, 0x33, // ) { return uvec3
	0x28, 0x5f, 0x78, 0x2c, 0x20, 0x5f, 0x78, 0x2c, 0x20, 0x5f, 0x78, 0x29, 0x3b, 0x20, 0x7d, 0x0a, // (_x, _x, _x); }.
	0x75, 0x76, 0x65, 0x63, 0x34, 0x20, 0x75, 0x76, 0x65, 0x63, 0x34, 0x5f, 0x73, 0x70, 0x6c, 0x61, // uvec4 uvec4_spla
	0x74, 0x28, 0x75, 0x69, 0x6e, 0x74, 0x20, 0x5f, 0x78, 0x29, 0x20, 0x7b, 0x20, 0x72, 0x65, 0x74, // t(uint _x) { ret
	0x75, 0x72, 0x6e, 0x20, 0x75, 0x76, 0x65, 0x63, 0x34, 0x28, 0x5f, 0x78, 0x2c, 0x20, 0x5f, 0x78, // urn uvec4(_x, _x
	0x2c, 0x20, 0x5f, 0x78, 0x2c, 0x20, 0x5f, 0x78, 0x29, 0x3b, 0x20, 0x7d, 0x0a, 0x6d, 0x61, 0x74, // , _x, _x); }.mat
	0x34, 0x20, 0x6d, 0x74, 0x78, 0x46, 0x72, 0x6f, 0x6d, 0x52, 0x6f, 0x77, 0x73, 0x28, 0x76, 0x65, // 4 mtxFromRows(ve
	0x63, 0x34, 0x20, 0x5f, 0x30, 0x2c, 0x20, 0x76, 0x65, 0x63, 0x34, 0x20, 0x5f, 0x31, 0x2c, 0x20, // c4 _0, vec4 _1, 
	0x76, 0x65, 0x63, 0x34, 0x20, 0x5f, 0x32, 0x2c, 0x20, 0x76, 0x65, 0x63, 0x34, 0x20, 0x5f, 0x33, // vec4 _2, vec4 _3
	0x29, 0x0a, 0x7b, 0x0a, 0x72, 0x65, 0x74, 0x75, 0x72, 0x6e, 0x20, 0x74, 0x72, 0x61, 0x6e, 0x73, // ).{.return trans
	0x70, 0x6f, 0x73, 0x65, 0x28, 0x6d, 0x61, 0x74, 0x34, 0x28, 0x5f, 0x30, 0x2c, 0x20, 0x5f, 0x31, // pose(mat4(_0, _1
	0x2c, 0x20, 0x5f, 0x32, 0x2c, 0x20, 0x5f, 0x33, 0x29, 0x20, 0x29, 0x3b, 0x0a, 0x7d, 0x0a, 0x6d, // , _2, _3) );.}.m
	0x61, 0x74, 0x34, 0x20, 0x6d, 0x74, 0x78, 0x46, 0x72, 0x6f, 0x6d, 0x43, 0x6f, 0x6c, 0x73, 0x28, // at4 mtxFromCols(
	0x76, 0x65, 0x63, 0x34, 0x20, 0x5f, 0x30, 0x2c, 0x20, 0x76, 0x65, 0x63, 0x34, 0x20, 0x5f, 0x31, // vec4 _0, vec4 _1
	0x2c, 0x20, 0x76, 0x65, 0x63, 0x34, 0x20, 0x5f, 0x32, 0x2c, 0x20, 0x76, 0x65, 0x63, 0x34, 0x20, // , vec4 _2, vec4 
	0x5f, 0x33, 0x29, 0x0a, 0x7b, 0x0a, 0x72, 0x65, 0x74, 0x75, 0x72, 0x6e, 0x20, 0x6d, 0x61, 0x74, // _3).{.return mat
	0x34, 0x28, 0x5f, 0x30, 0x2c, 0x20, 0x5f, 0x31, 0x2c, 0x20, 0x5f, 0x32, 0x2c, 0x20, 0x5f, 0x33, // 4(_0, _1, _2, _3
	0x29, 0x3b, 0x0a, 0x7d, 0x0a, 0x6d, 0x61, 0x74, 0x33, 0x20, 0x6d, 0x74, 0x78, 0x46, 0x72, 0x6f, // );.}.mat3 mtxFro
	0x6d, 0x52, 0x6f, 0x77, 0x73, 0x28, 0x76, 0x65, 0x63, 0x33, 0x20, 0x5f, 0x30, 0x2c, 0x20, 0x76, // mRows(vec3 _0, v
	0x65, 0x63, 0x33, 0x20, 0x5f, 0x31, 0x2c, 0x20, 0x76, 0x65, 0x63, 0x33, 0x20, 0x5f, 0x32, 0x29, // ec3 _1, vec3 _2)
	0x0a, 0x7b, 0x0a, 0x72, 0x65, 0x74, 0x75, 0x72, 0x6e, 0x20, 0x74, 0x72, 0x61, 0x6e, 0x73, 0x70, // .{.return transp
	0x6f, 0x73, 0x65, 0x28, 0x6d, 0x61, 0x74, 0x33, 0x28, 0x5f, 0x30, 0x2c, 0x20, 0x5f, 0x31, 0x2c, // ose(mat3(_0, _1,
	0x20, 0x5f, 0x32, 0x29, 0x20, 0x29, 0x3b, 0x0a, 0x7d, 0x0a, 0x6d, 0x61, 0x74, 0x33, 0x20, 0x6d, //  _2) );.}.mat3 m
	0x74, 0x78, 0x46, 0x72, 0x6f, 0x6d, 0x43, 0x6f, 0x6c, 0x73, 0x28, 0x76, 0x65, 0x63, 0x33, 0x20, // txFromCols(vec3 
	0x5f, 0x30, 0x2c, 0x20, 0x76, 0x65, 0x63, 0x33, 0x20, 0x5f, 0x31, 0x2c, 0x20, 0x76, 0x65, 0x63, // _0, vec3 _1, vec
	0x33, 0x20, 0x5f, 0x32, 0x29, 0x0a, 0x7b, 0x0a, 0x72, 0x65, 0x74, 0x75, 0x72, 0x6e, 0x20, 0x6d, // 3 _2).{.return m
	0x61, 0x74, 0x33, 0x28, 0x5f, 0x30, 0x2c, 0x20, 0x5f, 0x31, 0x2c, 0x20, 0x5f, 0x32, 0x29, 0x3b, // at3(_0, _1, _2);
	0x0a, 0x7d, 0x0a, 0x75, 0x6e, 0x69, 0x66, 0x6f, 0x72, 0x6d, 0x20, 0x76, 0x65, 0x63, 0x34, 0x20, // .}.uniform vec4 
	0x75, 0x5f, 0x76, 0x69, 0x65, 0x77, 0x52, 0x65, 0x63, 0x74, 0x3b, 0x0a, 0x75, 0x6e, 0x69, 0x66, // u_viewRect;.unif
	0x6f, 0x72, 0x6d, 0x20, 0x76, 0x65, 0x63, 0x34, 0x20, 0x75, 0x5f, 0x76, 0x69, 0x65, 0x77, 0x54, // orm vec4 u_viewT
	0x65, 0x78, 0x65, 0x6c, 0x3b, 0x0a, 0x75, 0x6e, 0x69, 0x66, 0x6f, 0x72, 0x6d, 0x20, 0x6d, 0x61, // exel;.uniform ma
	0x74, 0x34, 0x20, 0x75, 0x5f, 0x76, 0x69, 0x65, 0x77, 0x3b, 0x0a, 0x75, 0x6e, 0x69, 0x66, 0x6f, // t4 u_view;.unifo
	0x72, 0x6d, 0x20, 0x6d, 0x61, 0x74, 0x34, 0x20, 0x75, 0x5f, 0x69, 0x6e, 0x76, 0x56, 0x69, 0x65, // rm mat4 u_invVie
	0x77, 0x3b, 0x0a, 0x75, 0x6e, 0x69, 0x66, 0x6f, 0x72, 0x6d, 0x20, 0x6d, 0x61, 0x74, 0x34, 0x20, // w;.uniform mat4 
	0x75, 0x5f, 0x70, 0x72, 0x6f, 0x6a, 0x3b, 0x0a, 0x75, 0x6e, 0x69, 0x66, 0x6f, 0x72, 0x6d, 0x20, // u_proj;.uniform 
	0x6d, 0x61, 0x74, 0x34, 0x20, 0x75, 0x5f, 0x69, 0x6e, 0x76, 0x50, 0x72, 0x6f, 0x6a, 0x3b, 0x0a, // mat4 u_invProj;.
	0x75, 0x6e, 0x69, 0x66, 0x6f, 0x72, 0x6d, 0x20, 0x6d, 0x61, 0x74, 0x34, 0x20, 0x75, 0x5f, 0x76, // uniform mat4 u_v
	0x69, 0x65, 0x77, 0x50, 0x72, 0x6f, 0x6a, 0x3b, 0x0a, 0x75, 0x6e, 0x69, 0x66, 0x6f, 0x72, 0x6d, // iewProj;.uniform
	0x20, 0x6d, 0x61, 0x74, 0x34, 0x20, 0x75, 0x5f, 0x69, 0x6e, 0x76, 0x56, 0x69, 0x65, 0x77, 0x50, //  mat4 u_invViewP
	0x72, 0x6f, 0x6a, 0x3b, 0x0a, 0x75, 0x6e, 0x69, 0x66, 0x6f, 0x72, 0x6d, 0x20, 0x6d, 0x61, 0x74, // roj;.uniform mat
	0x34, 0x20, 0x75, 0x5f, 0x6d, 0x6f, 0x64, 0x65, 0x6c, 0x5b, 0x33, 0x32, 0x5d, 0x3b, 0x0a, 0x75, // 4 u_model[32];.u
	0x6e, 0x69, 0x66, 0x6f, 0x72, 0x6d, 0x20, 0x6d, 0x61, 0x74, 0x34, 0x20, 0x75, 0x5f, 0x6d, 0x6f, // niform mat4 u_mo
	0x64, 0x65, 0x6c, 0x56, 0x69, 0x65, 0x77, 0x3b, 0x0a, 0x75, 0x6e, 0x69, 0x66, 0x6f, 0x72, 0x6d, // delView;.uniform
	0x20, 0x6d, 0x61, 0x74, 0x34, 0x20, 0x75, 0x5f, 0x6d, 0x6f, 0x64, 0x65, 0x6c, 0x56, 0x69, 0x65, //  mat4 u_modelVie
	0x77, 0x50, 0x72, 0x6f, 0x6a, 0x3b, 0x0a, 0x75, 0x6e, 0x69, 0x66, 0x6f, 0x72, 0x6d, 0x20, 0x76, // wProj;.uniform v
	0x65, 0x63, 0x34, 0x20, 0x75, 0x5f, 0x61, 0x6c, 0x70, 0x68, 0x61, 0x52, 0x65, 0x66, 0x34, 0x3b, // ec4 u_alphaRef4;
	0x0a, 0x75, 0x6e, 0x69, 0x66, 0x6f, 0x72, 0x6d, 0x20, 0x73, 0x61, 0x6d, 0x70, 0x6c, 0x65, 0x72, // .uniform sampler
	0x32, 0x44, 0x20, 0x73, 0x5f, 0x61, 0x6c, 0x62, 0x65, 0x64, 0x6f, 0x3b, 0x0a, 0x75, 0x6e, 0x69, // 2D s_albedo;.uni
	0x66, 0x6f, 0x72, 0x6d, 0x20, 0x76, 0x65, 0x63, 0x34, 0x20, 0x75, 0x4c, 0x6f, 0x67, 0x44, 0x65, // form vec4 uLogDe
	0x70, 0x74, 0x68, 0x3b, 0x0a, 0x75, 0x6e, 0x69, 0x66, 0x6f, 0x72, 0x6d, 0x20, 0x76, 0x65, 0x63, // pth;.uniform vec
	0x34, 0x20, 0x75, 0x5f, 0x6d, 0x61, 0x74, 0x65, 0x72, 0x69, 0x61, 0x6c, 0x3b, 0x0a, 0x75, 0x6e, // 4 u_material;.un
	0x69, 0x66, 0x6f, 0x72, 0x6d, 0x20, 0x76, 0x65, 0x63, 0x34, 0x20, 0x75, 0x5f, 0x72, 0x41, 0x6d, // iform vec4 u_rAm
	0x62, 0x69, 0x65, 0x6e, 0x74, 0x3b, 0x0a, 0x75, 0x6e, 0x69, 0x66, 0x6f, 0x72, 0x6d, 0x20, 0x76, // bient;.uniform v
	0x65, 0x63, 0x34, 0x20, 0x75, 0x5f, 0x72, 0x44, 0x69, 0x72, 0x65, 0x63, 0x74, 0x69, 0x6f, 0x6e, // ec4 u_rDirection
	0x3b, 0x0a, 0x75, 0x6e, 0x69, 0x66, 0x6f, 0x72, 0x6d, 0x20, 0x76, 0x65, 0x63, 0x34, 0x20, 0x75, // ;.uniform vec4 u
	0x5f, 0x72, 0x44, 0x69, 0x72, 0x65, 0x63, 0x74, 0x69, 0x6f, 0x6e, 0x43, 0x6f, 0x6c, 0x6f, 0x72, // _rDirectionColor
	0x3b, 0x0a, 0x75, 0x6e, 0x69, 0x66, 0x6f, 0x72, 0x6d, 0x20, 0x76, 0x65, 0x63, 0x34, 0x20, 0x75, // ;.uniform vec4 u
	0x5f, 0x72, 0x50, 0x6f, 0x69, 0x6e, 0x74, 0x50, 0x6f, 0x73, 0x69, 0x74, 0x69, 0x6f, 0x6e, 0x73, // _rPointPositions
	0x5b, 0x34, 0x5d, 0x3b, 0x0a, 0x75, 0x6e, 0x69, 0x66, 0x6f, 0x72, 0x6d, 0x20, 0x76, 0x65, 0x63, // [4];.uniform vec
	0x34, 0x20, 0x75, 0x5f, 0x72, 0x50, 0x6f, 0x69, 0x6e, 0x74, 0x43, 0x6f, 0x6c, 0x6f, 0x72, 0x73, // 4 u_rPointColors
	0x5b, 0x34, 0x5d, 0x3b, 0x0a, 0x75, 0x6e, 0x69, 0x66, 0x6f, 0x72, 0x6d, 0x20, 0x76, 0x65, 0x63, // [4];.uniform vec
	0x34, 0x20, 0x75, 0x5f, 0x72, 0x50, 0x61, 0x72, 0x61, 0x6d, 0x73, 0x3b, 0x0a, 0x66, 0x6c, 0x6f, // 4 u_rParams;.flo
	0x61, 0x74, 0x20, 0x64, 0x69, 0x73, 0x74, 0x72, 0x69, 0x62, 0x75, 0x74, 0x69, 0x6f, 0x6e, 0x47, // at distributionG
	0x47, 0x58, 0x28, 0x76, 0x65, 0x63, 0x33, 0x20, 0x6e, 0x2c, 0x20, 0x76, 0x65, 0x63, 0x33, 0x20, // GX(vec3 n, vec3 
	0x68, 0x2c, 0x20, 0x66, 0x6c, 0x6f, 0x61, 0x74, 0x20, 0x72, 0x6f, 0x75, 0x67, 0x68, 0x6e, 0x65, // h, float roughne
	0x73, 0x73, 0x29, 0x0a, 0x7b, 0x0a, 0x66, 0x6c, 0x6f, 0x61, 0x74, 0x20, 0x61, 0x20, 0x3d, 0x20, // ss).{.float a = 
	0x72, 0x6f, 0x75, 0x67, 0x68, 0x6e, 0x65, 0x73, 0x73, 0x20, 0x2a, 0x20, 0x72, 0x6f, 0x75, 0x67, // roughness * roug
	0x68, 0x6e, 0x65, 0x73, 0x73, 0x3b, 0x0a, 0x66, 0x6c, 0x6f, 0x61, 0x74, 0x20, 0x61, 0x32, 0x20, // hness;.float a2 
	0x3d, 0x20, 0x61, 0x20, 0x2a, 0x20, 0x61, 0x3b, 0x0a, 0x66, 0x6c, 0x6f, 0x61, 0x74, 0x20, 0x6e, // = a * a;.float n
	0x68, 0x20, 0x3d, 0x20, 0x6d, 0x61, 0x78, 0x28, 0x64, 0x6f, 0x74, 0x28, 0x6e, 0x2c, 0x20, 0x68, // h = max(dot(n, h
	0x29, 0x2c, 0x20, 0x30, 0x2e, 0x30, 0x29, 0x3b, 0x0a, 0x66, 0x6c, 0x6f, 0x61, 0x74, 0x20, 0x6e, // ), 0.0);.float n
	0x68, 0x32, 0x20, 0x3d, 0x20, 0x6e, 0x68, 0x20, 0x2a, 0x20, 0x6e, 0x68, 0x3b, 0x0a, 0x66, 0x6c, // h2 = nh * nh;.fl
	0x6f, 0x61, 0x74, 0x20, 0x64, 0x65, 0x6e, 0x6f, 0x6d, 0x69, 0x6e, 0x61, 0x74, 0x6f, 0x72, 0x20, // oat denominator 
	0x3d, 0x20, 0x6e, 0x68, 0x32, 0x20, 0x2a, 0x20, 0x28, 0x61, 0x32, 0x20, 0x2d, 0x20, 0x31, 0x2e, // = nh2 * (a2 - 1.
	0x30, 0x29, 0x20, 0x2b, 0x20, 0x31, 0x2e, 0x30, 0x3b, 0x0a, 0x72, 0x65, 0x74, 0x75, 0x72, 0x6e, // 0) + 1.0;.return
	0x20, 0x61, 0x32, 0x20, 0x2f, 0x20, 0x6d, 0x61, 0x78, 0x28, 0x33, 0x2e, 0x31, 0x34, 0x31, 0x35, //  a2 / max(3.1415
	0x39, 0x32, 0x36, 0x35, 0x20, 0x2a, 0x20, 0x64, 0x65, 0x6e, 0x6f, 0x6d, 0x69, 0x6e, 0x61, 0x74, // 9265 * denominat
	0x6f, 0x72, 0x20, 0x2a, 0x20, 0x64, 0x65, 0x6e, 0x6f, 0x6d, 0x69, 0x6e, 0x61, 0x74, 0x6f, 0x72, // or * denominator
	0x2c, 0x20, 0x30, 0x2e, 0x30, 0x30, 0x31, 0x29, 0x3b, 0x0a, 0x7d, 0x0a, 0x66, 0x6c, 0x6f, 0x61, // , 0.001);.}.floa
	0x74, 0x20, 0x67, 0x65, 0x6f, 0x6d, 0x65, 0x74, 0x72, 0x79, 0x53, 0x6d, 0x69, 0x74, 0x68, 0x28, // t geometrySmith(
	0x76, 0x65, 0x63, 0x33, 0x20, 0x6e, 0x2c, 0x20, 0x76, 0x65, 0x63, 0x33, 0x20, 0x76, 0x2c, 0x20, // vec3 n, vec3 v, 
	0x76, 0x65, 0x63, 0x33, 0x20, 0x6c, 0x2c, 0x20, 0x66, 0x6c, 0x6f, 0x61, 0x74, 0x20, 0x72, 0x6f, // vec3 l, float ro
	0x75, 0x67, 0x68, 0x6e, 0x65, 0x73, 0x73, 0x29, 0x0a, 0x7b, 0x0a, 0x66, 0x6c, 0x6f, 0x61, 0x74, // ughness).{.float
	0x20, 0x6e, 0x76, 0x20, 0x3d, 0x20, 0x6d, 0x61, 0x78, 0x28, 0x64, 0x6f, 0x74, 0x28, 0x6e, 0x2c, //  nv = max(dot(n,
	0x20, 0x76, 0x29, 0x2c, 0x20, 0x30, 0x2e, 0x30, 0x29, 0x3b, 0x0a, 0x66, 0x6c, 0x6f, 0x61, 0x74, //  v), 0.0);.float
	0x20, 0x6e, 0x6c, 0x20, 0x3d, 0x20, 0x6d, 0x61, 0x78, 0x28, 0x64, 0x6f, 0x74, 0x28, 0x6e, 0x2c, //  nl = max(dot(n,
	0x20, 0x6c, 0x29, 0x2c, 0x20, 0x30, 0x2e, 0x30, 0x29, 0x3b, 0x0a, 0x66, 0x6c, 0x6f, 0x61, 0x74, //  l), 0.0);.float
	0x20, 0x72, 0x20, 0x3d, 0x20, 0x72, 0x6f, 0x75, 0x67, 0x68, 0x6e, 0x65, 0x73, 0x73, 0x20, 0x2b, //  r = roughness +
	0x20, 0x31, 0x2e, 0x30, 0x3b, 0x0a, 0x66, 0x6c, 0x6f, 0x61, 0x74, 0x20, 0x6b, 0x20, 0x3d, 0x20, //  1.0;.float k = 
	0x28, 0x72, 0x20, 0x2a, 0x20, 0x72, 0x29, 0x20, 0x2f, 0x20, 0x38, 0x2e, 0x30, 0x3b, 0x0a, 0x66, // (r * r) / 8.0;.f
	0x6c, 0x6f, 0x61, 0x74, 0x20, 0x67, 0x31, 0x20, 0x3d, 0x20, 0x6e, 0x76, 0x20, 0x2f, 0x20, 0x28, // loat g1 = nv / (
	0x6e, 0x76, 0x20, 0x2a, 0x20, 0x28, 0x31, 0x2e, 0x30, 0x20, 0x2d, 0x20, 0x6b, 0x29, 0x20, 0x2b, // nv * (1.0 - k) +
	0x20, 0x6b, 0x29, 0x3b, 0x0a, 0x66, 0x6c, 0x6f, 0x61, 0x74, 0x20, 0x67, 0x32, 0x20, 0x3d, 0x20, //  k);.float g2 = 
	0x6e, 0x6c, 0x20, 0x2f, 0x20, 0x28, 0x6e, 0x6c, 0x20, 0x2a, 0x20, 0x28, 0x31, 0x2e, 0x30, 0x20, // nl / (nl * (1.0 
	0x2d, 0x20, 0x6b, 0x29, 0x20, 0x2b, 0x20, 0x6b, 0x29, 0x3b, 0x0a, 0x72, 0x65, 0x74, 0x75, 0x72, // - k) + k);.retur
	0x6e, 0x20, 0x67, 0x31, 0x20, 0x2a, 0x20, 0x67, 0x32, 0x3b, 0x0a, 0x7d, 0x0a, 0x76, 0x65, 0x63, // n g1 * g2;.}.vec
	0x33, 0x20, 0x66, 0x72, 0x65, 0x73, 0x6e, 0x65, 0x6c, 0x53, 0x63, 0x68, 0x6c, 0x69, 0x63, 0x6b, // 3 fresnelSchlick
	0x28, 0x66, 0x6c, 0x6f, 0x61, 0x74, 0x20, 0x63, 0x6f, 0x73, 0x54, 0x68, 0x65, 0x74, 0x61, 0x2c, // (float cosTheta,
	0x20, 0x76, 0x65, 0x63, 0x33, 0x20, 0x66, 0x30, 0x29, 0x0a, 0x7b, 0x0a, 0x66, 0x6c, 0x6f, 0x61, //  vec3 f0).{.floa
	0x74, 0x20, 0x78, 0x20, 0x3d, 0x20, 0x63, 0x6c, 0x61, 0x6d, 0x70, 0x28, 0x31, 0x2e, 0x30, 0x20, // t x = clamp(1.0 
	0x2d, 0x20, 0x63, 0x6f, 0x73, 0x54, 0x68, 0x65, 0x74, 0x61, 0x2c, 0x20, 0x30, 0x2e, 0x30, 0x2c, // - cosTheta, 0.0,
	0x20, 0x31, 0x2e, 0x30, 0x29, 0x3b, 0x0a, 0x66, 0x6c, 0x6f, 0x61, 0x74, 0x20, 0x78, 0x32, 0x20, //  1.0);.float x2 
	0x3d, 0x20, 0x78, 0x20, 0x2a, 0x20, 0x78, 0x3b, 0x0a, 0x66, 0x6c, 0x6f, 0x61, 0x74, 0x20, 0x78, // = x * x;.float x
	0x35, 0x20, 0x3d, 0x20, 0x78, 0x32, 0x20, 0x2a, 0x20, 0x78, 0x32, 0x20, 0x2a, 0x20, 0x78, 0x3b, // 5 = x2 * x2 * x;
	0x0a, 0x72, 0x65, 0x74, 0x75, 0x72, 0x6e, 0x20, 0x66, 0x30, 0x20, 0x2b, 0x20, 0x28, 0x31, 0x2e, // .return f0 + (1.
	0x30, 0x20, 0x2d, 0x20, 0x66, 0x30, 0x29, 0x20, 0x2a, 0x20, 0x78, 0x35, 0x3b, 0x0a, 0x7d, 0x0a, // 0 - f0) * x5;.}.
	0x76, 0x65, 0x63, 0x33, 0x20, 0x64, 0x69, 0x72, 0x65, 0x63, 0x74, 0x4c, 0x69, 0x67, 0x68, 0x74, // vec3 directLight
	0x28, 0x76, 0x65, 0x63, 0x33, 0x20, 0x6e, 0x2c, 0x20, 0x76, 0x65, 0x63, 0x33, 0x20, 0x76, 0x2c, // (vec3 n, vec3 v,
	0x20, 0x76, 0x65, 0x63, 0x33, 0x20, 0x6c, 0x2c, 0x20, 0x76, 0x65, 0x63, 0x33, 0x20, 0x72, 0x61, //  vec3 l, vec3 ra
	0x64, 0x69, 0x61, 0x6e, 0x63, 0x65, 0x2c, 0x0a, 0x76, 0x65, 0x63, 0x33, 0x20, 0x62, 0x61, 0x73, // diance,.vec3 bas
	0x65, 0x43, 0x6f, 0x6c, 0x6f, 0x72, 0x2c, 0x20, 0x76, 0x65, 0x63, 0x33, 0x20, 0x66, 0x30, 0x2c, // eColor, vec3 f0,
	0x20, 0x66, 0x6c, 0x6f, 0x61, 0x74, 0x20, 0x6d, 0x65, 0x74, 0x61, 0x6c, 0x6c, 0x69, 0x63, 0x2c, //  float metallic,
	0x20, 0x66, 0x6c, 0x6f, 0x61, 0x74, 0x20, 0x72, 0x6f, 0x75, 0x67, 0x68, 0x6e, 0x65, 0x73, 0x73, //  float roughness
	0x29, 0x0a, 0x7b, 0x0a, 0x76, 0x65, 0x63, 0x33, 0x20, 0x68, 0x20, 0x3d, 0x20, 0x6e, 0x6f, 0x72, // ).{.vec3 h = nor
	0x6d, 0x61, 0x6c, 0x69, 0x7a, 0x65, 0x28, 0x6c, 0x20, 0x2b, 0x20, 0x76, 0x29, 0x3b, 0x0a, 0x66, // malize(l + v);.f
	0x6c, 0x6f, 0x61, 0x74, 0x20, 0x6e, 0x64, 0x66, 0x20, 0x3d, 0x20, 0x64, 0x69, 0x73, 0x74, 0x72, // loat ndf = distr
	0x69, 0x62, 0x75, 0x74, 0x69, 0x6f, 0x6e, 0x47, 0x47, 0x58, 0x28, 0x6e, 0x2c, 0x20, 0x68, 0x2c, // ibutionGGX(n, h,
	0x20, 0x72, 0x6f, 0x75, 0x67, 0x68, 0x6e, 0x65, 0x73, 0x73, 0x29, 0x3b, 0x0a, 0x66, 0x6c, 0x6f, //  roughness);.flo
	0x61, 0x74, 0x20, 0x67, 0x65, 0x6f, 0x6d, 0x65, 0x74, 0x72, 0x79, 0x20, 0x3d, 0x20, 0x67, 0x65, // at geometry = ge
	0x6f, 0x6d, 0x65, 0x74, 0x72, 0x79, 0x53, 0x6d, 0x69, 0x74, 0x68, 0x28, 0x6e, 0x2c, 0x20, 0x76, // ometrySmith(n, v
	0x2c, 0x20, 0x6c, 0x2c, 0x20, 0x72, 0x6f, 0x75, 0x67, 0x68, 0x6e, 0x65, 0x73, 0x73, 0x29, 0x3b, // , l, roughness);
	0x0a, 0x76, 0x65, 0x63, 0x33, 0x20, 0x66, 0x72, 0x65, 0x73, 0x6e, 0x65, 0x6c, 0x20, 0x3d, 0x20, // .vec3 fresnel = 
	0x66, 0x72, 0x65, 0x73, 0x6e, 0x65, 0x6c, 0x53, 0x63, 0x68, 0x6c, 0x69, 0x63, 0x6b, 0x28, 0x6d, // fresnelSchlick(m
	0x61, 0x78, 0x28, 0x64, 0x6f, 0x74, 0x28, 0x68, 0x2c, 0x20, 0x76, 0x29, 0x2c, 0x20, 0x30, 0x2e, // ax(dot(h, v), 0.
	0x30, 0x29, 0x2c, 0x20, 0x66, 0x30, 0x29, 0x3b, 0x0a, 0x76, 0x65, 0x63, 0x33, 0x20, 0x73, 0x70, // 0), f0);.vec3 sp
	0x65, 0x63, 0x75, 0x6c, 0x61, 0x72, 0x20, 0x3d, 0x20, 0x28, 0x6e, 0x64, 0x66, 0x20, 0x2a, 0x20, // ecular = (ndf * 
	0x67, 0x65, 0x6f, 0x6d, 0x65, 0x74, 0x72, 0x79, 0x20, 0x2a, 0x20, 0x66, 0x72, 0x65, 0x73, 0x6e, // geometry * fresn
	0x65, 0x6c, 0x29, 0x20, 0x2f, 0x0a, 0x6d, 0x61, 0x78, 0x28, 0x34, 0x2e, 0x30, 0x20, 0x2a, 0x20, // el) /.max(4.0 * 
	0x6d, 0x61, 0x78, 0x28, 0x64, 0x6f, 0x74, 0x28, 0x6e, 0x2c, 0x20, 0x76, 0x29, 0x2c, 0x20, 0x30, // max(dot(n, v), 0
	0x2e, 0x30, 0x29, 0x20, 0x2a, 0x20, 0x6d, 0x61, 0x78, 0x28, 0x64, 0x6f, 0x74, 0x28, 0x6e, 0x2c, // .0) * max(dot(n,
	0x20, 0x6c, 0x29, 0x2c, 0x20, 0x30, 0x2e, 0x30, 0x30, 0x31, 0x29, 0x2c, 0x20, 0x30, 0x2e, 0x30, //  l), 0.001), 0.0
	0x30, 0x31, 0x29, 0x3b, 0x0a, 0x76, 0x65, 0x63, 0x33, 0x20, 0x64, 0x69, 0x66, 0x66, 0x75, 0x73, // 01);.vec3 diffus
	0x65, 0x20, 0x3d, 0x20, 0x28, 0x31, 0x2e, 0x30, 0x20, 0x2d, 0x20, 0x66, 0x72, 0x65, 0x73, 0x6e, // e = (1.0 - fresn
	0x65, 0x6c, 0x29, 0x20, 0x2a, 0x20, 0x28, 0x31, 0x2e, 0x30, 0x20, 0x2d, 0x20, 0x6d, 0x65, 0x74, // el) * (1.0 - met
	0x61, 0x6c, 0x6c, 0x69, 0x63, 0x29, 0x20, 0x2a, 0x20, 0x62, 0x61, 0x73, 0x65, 0x43, 0x6f, 0x6c, // allic) * baseCol
	0x6f, 0x72, 0x20, 0x2f, 0x20, 0x33, 0x2e, 0x31, 0x34, 0x31, 0x35, 0x39, 0x32, 0x36, 0x35, 0x3b, // or / 3.14159265;
	0x0a, 0x72, 0x65, 0x74, 0x75, 0x72, 0x6e, 0x20, 0x28, 0x64, 0x69, 0x66, 0x66, 0x75, 0x73, 0x65, // .return (diffuse
	0x20, 0x2b, 0x20, 0x73, 0x70, 0x65, 0x63, 0x75, 0x6c, 0x61, 0x72, 0x29, 0x20, 0x2a, 0x20, 0x72, //  + specular) * r
	0x61, 0x64, 0x69, 0x61, 0x6e, 0x63, 0x65, 0x20, 0x2a, 0x20, 0x6d, 0x61, 0x78, 0x28, 0x64, 0x6f, // adiance * max(do
	0x74, 0x28, 0x6e, 0x2c, 0x20, 0x6c, 0x29, 0x2c, 0x20, 0x30, 0x2e, 0x30, 0x29, 0x3b, 0x0a, 0x7d, // t(n, l), 0.0);.}
	0x0a, 0x66, 0x6c, 0x6f, 0x61, 0x74, 0x20, 0x6f, 0x75, 0x74, 0x70, 0x75, 0x74, 0x44, 0x65, 0x70, // .float outputDep
	0x74, 0x68, 0x28, 0x66, 0x6c, 0x6f, 0x61, 0x74, 0x20, 0x72, 0x61, 0x77, 0x44, 0x65, 0x70, 0x74, // th(float rawDept
	0x68, 0x2c, 0x20, 0x66, 0x6c, 0x6f, 0x61, 0x74, 0x20, 0x76, 0x69, 0x65, 0x77, 0x44, 0x65, 0x70, // h, float viewDep
	0x74, 0x68, 0x29, 0x0a, 0x7b, 0x0a, 0x69, 0x66, 0x20, 0x28, 0x75, 0x4c, 0x6f, 0x67, 0x44, 0x65, // th).{.if (uLogDe
	0x70, 0x74, 0x68, 0x2e, 0x78, 0x20, 0x3c, 0x20, 0x30, 0x2e, 0x35, 0x29, 0x0a, 0x72, 0x65, 0x74, // pth.x < 0.5).ret
	0x75, 0x72, 0x6e, 0x20, 0x72, 0x61, 0x77, 0x44, 0x65, 0x70, 0x74, 0x68, 0x3b, 0x0a, 0x69, 0x66, // urn rawDepth;.if
	0x20, 0x28, 0x76, 0x69, 0x65, 0x77, 0x44, 0x65, 0x70, 0x74, 0x68, 0x20, 0x3c, 0x20, 0x75, 0x4c, //  (viewDepth < uL
	0x6f, 0x67, 0x44, 0x65, 0x70, 0x74, 0x68, 0x2e, 0x79, 0x20, 0x7c, 0x7c, 0x20, 0x76, 0x69, 0x65, // ogDepth.y || vie
	0x77, 0x44, 0x65, 0x70, 0x74, 0x68, 0x20, 0x3e, 0x20, 0x75, 0x4c, 0x6f, 0x67, 0x44, 0x65, 0x70, // wDepth > uLogDep
	0x74, 0x68, 0x2e, 0x7a, 0x29, 0x0a, 0x64, 0x69, 0x73, 0x63, 0x61, 0x72, 0x64, 0x3b, 0x0a, 0x66, // th.z).discard;.f
	0x6c, 0x6f, 0x61, 0x74, 0x20, 0x6e, 0x75, 0x6d, 0x65, 0x72, 0x61, 0x74, 0x6f, 0x72, 0x20, 0x3d, // loat numerator =
	0x20, 0x6c, 0x6f, 0x67, 0x32, 0x28, 0x6d, 0x61, 0x78, 0x28, 0x76, 0x69, 0x65, 0x77, 0x44, 0x65, //  log2(max(viewDe
	0x70, 0x74, 0x68, 0x20, 0x2f, 0x20, 0x75, 0x4c, 0x6f, 0x67, 0x44, 0x65, 0x70, 0x74, 0x68, 0x2e, // pth / uLogDepth.
	0x79, 0x2c, 0x20, 0x31, 0x2e, 0x30, 0x29, 0x29, 0x3b, 0x0a, 0x66, 0x6c, 0x6f, 0x61, 0x74, 0x20, // y, 1.0));.float 
	0x64, 0x65, 0x6e, 0x6f, 0x6d, 0x69, 0x6e, 0x61, 0x74, 0x6f, 0x72, 0x20, 0x3d, 0x20, 0x6c, 0x6f, // denominator = lo
	0x67, 0x32, 0x28, 0x6d, 0x61, 0x78, 0x28, 0x75, 0x4c, 0x6f, 0x67, 0x44, 0x65, 0x70, 0x74, 0x68, // g2(max(uLogDepth
	0x2e, 0x7a, 0x20, 0x2f, 0x20, 0x75, 0x4c, 0x6f, 0x67, 0x44, 0x65, 0x70, 0x74, 0x68, 0x2e, 0x79, // .z / uLogDepth.y
	0x2c, 0x20, 0x31, 0x2e, 0x30, 0x30, 0x30, 0x30, 0x30, 0x31, 0x29, 0x29, 0x3b, 0x0a, 0x72, 0x65, // , 1.000001));.re
	0x74, 0x75, 0x72, 0x6e, 0x20, 0x63, 0x6c, 0x61, 0x6d, 0x70, 0x28, 0x6e, 0x75, 0x6d, 0x65, 0x72, // turn clamp(numer
	0x61, 0x74, 0x6f, 0x72, 0x20, 0x2f, 0x20, 0x64, 0x65, 0x6e, 0x6f, 0x6d, 0x69, 0x6e, 0x61, 0x74, // ator / denominat
	0x6f, 0x72, 0x2c, 0x20, 0x30, 0x2e, 0x30, 0x2c, 0x20, 0x31, 0x2e, 0x30, 0x29, 0x3b, 0x0a, 0x7d, // or, 0.0, 1.0);.}
	0x0a, 0x76, 0x6f, 0x69, 0x64, 0x20, 0x6d, 0x61, 0x69, 0x6e, 0x28, 0x29, 0x0a, 0x7b, 0x0a, 0x67, // .void main().{.g
	0x6c, 0x5f, 0x46, 0x72, 0x61, 0x67, 0x44, 0x65, 0x70, 0x74, 0x68, 0x20, 0x3d, 0x20, 0x6f, 0x75, // l_FragDepth = ou
	0x74, 0x70, 0x75, 0x74, 0x44, 0x65, 0x70, 0x74, 0x68, 0x28, 0x67, 0x6c, 0x5f, 0x46, 0x72, 0x61, // tputDepth(gl_Fra
	0x67, 0x43, 0x6f, 0x6f, 0x72, 0x64, 0x2e, 0x7a, 0x2c, 0x20, 0x76, 0x5f, 0x64, 0x65, 0x70, 0x74, // gCoord.z, v_dept
	0x68, 0x29, 0x3b, 0x0a, 0x76, 0x65, 0x63, 0x33, 0x20, 0x6e, 0x20, 0x3d, 0x20, 0x6e, 0x6f, 0x72, // h);.vec3 n = nor
	0x6d, 0x61, 0x6c, 0x69, 0x7a, 0x65, 0x28, 0x76, 0x5f, 0x6e, 0x6f, 0x72, 0x6d, 0x61, 0x6c, 0x29, // malize(v_normal)
	0x3b, 0x0a, 0x76, 0x65, 0x63, 0x33, 0x20, 0x76, 0x20, 0x3d, 0x20, 0x6e, 0x6f, 0x72, 0x6d, 0x61, // ;.vec3 v = norma
	0x6c, 0x69, 0x7a, 0x65, 0x28, 0x2d, 0x76, 0x5f, 0x77, 0x6f, 0x72, 0x6c, 0x64, 0x50, 0x6f, 0x73, // lize(-v_worldPos
	0x29, 0x3b, 0x0a, 0x76, 0x65, 0x63, 0x33, 0x20, 0x6c, 0x20, 0x3d, 0x20, 0x6e, 0x6f, 0x72, 0x6d, // );.vec3 l = norm
	0x61, 0x6c, 0x69, 0x7a, 0x65, 0x28, 0x75, 0x5f, 0x72, 0x44, 0x69, 0x72, 0x65, 0x63, 0x74, 0x69, // alize(u_rDirecti
	0x6f, 0x6e, 0x2e, 0x78, 0x79, 0x7a, 0x29, 0x3b, 0x0a, 0x76, 0x65, 0x63, 0x33, 0x20, 0x62, 0x61, // on.xyz);.vec3 ba
	0x73, 0x65, 0x43, 0x6f, 0x6c, 0x6f, 0x72, 0x20, 0x3d, 0x20, 0x74, 0x65, 0x78, 0x74, 0x75, 0x72, // seColor = textur
	0x65, 0x28, 0x73, 0x5f, 0x61, 0x6c, 0x62, 0x65, 0x64, 0x6f, 0x2c, 0x20, 0x76, 0x5f, 0x75, 0x76, // e(s_albedo, v_uv
	0x29, 0x2e, 0x72, 0x67, 0x62, 0x20, 0x2a, 0x20, 0x76, 0x5f, 0x63, 0x6f, 0x6c, 0x6f, 0x72, 0x2e, // ).rgb * v_color.
	0x72, 0x67, 0x62, 0x3b, 0x0a, 0x66, 0x6c, 0x6f, 0x61, 0x74, 0x20, 0x6d, 0x65, 0x74, 0x61, 0x6c, // rgb;.float metal
	0x6c, 0x69, 0x63, 0x20, 0x3d, 0x20, 0x63, 0x6c, 0x61, 0x6d, 0x70, 0x28, 0x75, 0x5f, 0x6d, 0x61, // lic = clamp(u_ma
	0x74, 0x65, 0x72, 0x69, 0x61, 0x6c, 0x2e, 0x78, 0x2c, 0x20, 0x30, 0x2e, 0x30, 0x2c, 0x20, 0x31, // terial.x, 0.0, 1
	0x2e, 0x30, 0x29, 0x3b, 0x0a, 0x66, 0x6c, 0x6f, 0x61, 0x74, 0x20, 0x72, 0x6f, 0x75, 0x67, 0x68, // .0);.float rough
	0x6e, 0x65, 0x73, 0x73, 0x20, 0x3d, 0x20, 0x63, 0x6c, 0x61, 0x6d, 0x70, 0x28, 0x75, 0x5f, 0x6d, // ness = clamp(u_m
	0x61, 0x74, 0x65, 0x72, 0x69, 0x61, 0x6c, 0x2e, 0x79, 0x2c, 0x20, 0x30, 0x2e, 0x30, 0x33, 0x2c, // aterial.y, 0.03,
	0x20, 0x31, 0x2e, 0x30, 0x29, 0x3b, 0x0a, 0x76, 0x65, 0x63, 0x33, 0x20, 0x66, 0x30, 0x20, 0x3d, //  1.0);.vec3 f0 =
	0x20, 0x6d, 0x69, 0x78, 0x28, 0x76, 0x65, 0x63, 0x33, 0x5f, 0x73, 0x70, 0x6c, 0x61, 0x74, 0x28, //  mix(vec3_splat(
	0x30, 0x2e, 0x30, 0x34, 0x29, 0x2c, 0x20, 0x62, 0x61, 0x73, 0x65, 0x43, 0x6f, 0x6c, 0x6f, 0x72, // 0.04), baseColor
	0x2c, 0x20, 0x6d, 0x65, 0x74, 0x61, 0x6c, 0x6c, 0x69, 0x63, 0x29, 0x3b, 0x0a, 0x76, 0x65, 0x63, // , metallic);.vec
	0x33, 0x20, 0x63, 0x6f, 0x6c, 0x6f, 0x72, 0x20, 0x3d, 0x20, 0x75, 0x5f, 0x72, 0x41, 0x6d, 0x62, // 3 color = u_rAmb
	0x69, 0x65, 0x6e, 0x74, 0x2e, 0x72, 0x67, 0x62, 0x20, 0x2a, 0x20, 0x62, 0x61, 0x73, 0x65, 0x43, // ient.rgb * baseC
	0x6f, 0x6c, 0x6f, 0x72, 0x3b, 0x0a, 0x63, 0x6f, 0x6c, 0x6f, 0x72, 0x20, 0x2b, 0x3d, 0x20, 0x64, // olor;.color += d
	0x69, 0x72, 0x65, 0x63, 0x74, 0x4c, 0x69, 0x67, 0x68, 0x74, 0x28, 0x6e, 0x2c, 0x20, 0x76, 0x2c, // irectLight(n, v,
	0x20, 0x6c, 0x2c, 0x20, 0x75, 0x5f, 0x72, 0x44, 0x69, 0x72, 0x65, 0x63, 0x74, 0x69, 0x6f, 0x6e, //  l, u_rDirection
	0x43, 0x6f, 0x6c, 0x6f, 0x72, 0x2e, 0x72, 0x67, 0x62, 0x20, 0x2a, 0x0a, 0x75, 0x5f, 0x72, 0x44, // Color.rgb *.u_rD
	0x69, 0x72, 0x65, 0x63, 0x74, 0x69, 0x6f, 0x6e, 0x2e, 0x77, 0x2c, 0x20, 0x62, 0x61, 0x73, 0x65, // irection.w, base
	0x43, 0x6f, 0x6c, 0x6f, 0x72, 0x2c, 0x20, 0x66, 0x30, 0x2c, 0x20, 0x6d, 0x65, 0x74, 0x61, 0x6c, // Color, f0, metal
	0x6c, 0x69, 0x63, 0x2c, 0x20, 0x72, 0x6f, 0x75, 0x67, 0x68, 0x6e, 0x65, 0x73, 0x73, 0x29, 0x3b, // lic, roughness);
	0x0a, 0x66, 0x6f, 0x72, 0x20, 0x28, 0x69, 0x6e, 0x74, 0x20, 0x69, 0x20, 0x3d, 0x20, 0x30, 0x3b, // .for (int i = 0;
	0x20, 0x69, 0x20, 0x3c, 0x20, 0x34, 0x3b, 0x20, 0x2b, 0x2b, 0x69, 0x29, 0x0a, 0x7b, 0x0a, 0x69, //  i < 4; ++i).{.i
	0x66, 0x20, 0x28, 0x66, 0x6c, 0x6f, 0x61, 0x74, 0x28, 0x69, 0x29, 0x20, 0x3e, 0x3d, 0x20, 0x75, // f (float(i) >= u
	0x5f, 0x72, 0x50, 0x61, 0x72, 0x61, 0x6d, 0x73, 0x2e, 0x78, 0x29, 0x0a, 0x62, 0x72, 0x65, 0x61, // _rParams.x).brea
	0x6b, 0x3b, 0x0a, 0x76, 0x65, 0x63, 0x33, 0x20, 0x64, 0x65, 0x6c, 0x74, 0x61, 0x20, 0x3d, 0x20, // k;.vec3 delta = 
	0x75, 0x5f, 0x72, 0x50, 0x6f, 0x69, 0x6e, 0x74, 0x50, 0x6f, 0x73, 0x69, 0x74, 0x69, 0x6f, 0x6e, // u_rPointPosition
	0x73, 0x5b, 0x69, 0x5d, 0x2e, 0x78, 0x79, 0x7a, 0x20, 0x2d, 0x20, 0x76, 0x5f, 0x77, 0x6f, 0x72, // s[i].xyz - v_wor
	0x6c, 0x64, 0x50, 0x6f, 0x73, 0x3b, 0x0a, 0x66, 0x6c, 0x6f, 0x61, 0x74, 0x20, 0x64, 0x69, 0x73, // ldPos;.float dis
	0x74, 0x61, 0x6e, 0x63, 0x65, 0x32, 0x20, 0x3d, 0x20, 0x6d, 0x61, 0x78, 0x28, 0x64, 0x6f, 0x74, // tance2 = max(dot
	0x28, 0x64, 0x65, 0x6c, 0x74, 0x61, 0x2c, 0x20, 0x64, 0x65, 0x6c, 0x74, 0x61, 0x29, 0x2c, 0x20, // (delta, delta), 
	0x30, 0x2e, 0x30, 0x31, 0x29, 0x3b, 0x0a, 0x76, 0x65, 0x63, 0x33, 0x20, 0x6c, 0x69, 0x67, 0x68, // 0.01);.vec3 ligh
	0x74, 0x20, 0x3d, 0x20, 0x6e, 0x6f, 0x72, 0x6d, 0x61, 0x6c, 0x69, 0x7a, 0x65, 0x28, 0x64, 0x65, // t = normalize(de
	0x6c, 0x74, 0x61, 0x29, 0x3b, 0x0a, 0x66, 0x6c, 0x6f, 0x61, 0x74, 0x20, 0x72, 0x61, 0x64, 0x69, // lta);.float radi
	0x75, 0x73, 0x20, 0x3d, 0x20, 0x6d, 0x61, 0x78, 0x28, 0x75, 0x5f, 0x72, 0x50, 0x6f, 0x69, 0x6e, // us = max(u_rPoin
	0x74, 0x50, 0x6f, 0x73, 0x69, 0x74, 0x69, 0x6f, 0x6e, 0x73, 0x5b, 0x69, 0x5d, 0x2e, 0x77, 0x2c, // tPositions[i].w,
	0x20, 0x31, 0x2e, 0x30, 0x29, 0x3b, 0x0a, 0x66, 0x6c, 0x6f, 0x61, 0x74, 0x20, 0x61, 0x74, 0x74, //  1.0);.float att
	0x65, 0x6e, 0x75, 0x61, 0x74, 0x69, 0x6f, 0x6e, 0x20, 0x3d, 0x20, 0x31, 0x2e, 0x30, 0x20, 0x2f, // enuation = 1.0 /
	0x20, 0x28, 0x31, 0x2e, 0x30, 0x20, 0x2b, 0x20, 0x64, 0x69, 0x73, 0x74, 0x61, 0x6e, 0x63, 0x65, //  (1.0 + distance
	0x32, 0x20, 0x2f, 0x20, 0x28, 0x72, 0x61, 0x64, 0x69, 0x75, 0x73, 0x20, 0x2a, 0x20, 0x72, 0x61, // 2 / (radius * ra
	0x64, 0x69, 0x75, 0x73, 0x29, 0x29, 0x3b, 0x0a, 0x63, 0x6f, 0x6c, 0x6f, 0x72, 0x20, 0x2b, 0x3d, // dius));.color +=
	0x20, 0x64, 0x69, 0x72, 0x65, 0x63, 0x74, 0x4c, 0x69, 0x67, 0x68, 0x74, 0x28, 0x6e, 0x2c, 0x20, //  directLight(n, 
	0x76, 0x2c, 0x20, 0x6c, 0x69, 0x67, 0x68, 0x74, 0x2c, 0x20, 0x75, 0x5f, 0x72, 0x50, 0x6f, 0x69, // v, light, u_rPoi
	0x6e, 0x74, 0x43, 0x6f, 0x6c, 0x6f, 0x72, 0x73, 0x5b, 0x69, 0x5d, 0x2e, 0x72, 0x67, 0x62, 0x20, // ntColors[i].rgb 
	0x2a, 0x0a, 0x61, 0x74, 0x74, 0x65, 0x6e, 0x75, 0x61, 0x74, 0x69, 0x6f, 0x6e, 0x2c, 0x20, 0x62, // *.attenuation, b
	0x61, 0x73, 0x65, 0x43, 0x6f, 0x6c, 0x6f, 0x72, 0x2c, 0x20, 0x66, 0x30, 0x2c, 0x20, 0x6d, 0x65, // aseColor, f0, me
	0x74, 0x61, 0x6c, 0x6c, 0x69, 0x63, 0x2c, 0x20, 0x72, 0x6f, 0x75, 0x67, 0x68, 0x6e, 0x65, 0x73, // tallic, roughnes
	0x73, 0x29, 0x3b, 0x0a, 0x7d, 0x0a, 0x63, 0x6f, 0x6c, 0x6f, 0x72, 0x20, 0x2b, 0x3d, 0x20, 0x62, // s);.}.color += b
	0x61, 0x73, 0x65, 0x43, 0x6f, 0x6c, 0x6f, 0x72, 0x20, 0x2a, 0x20, 0x75, 0x5f, 0x6d, 0x61, 0x74, // aseColor * u_mat
	0x65, 0x72, 0x69, 0x61, 0x6c, 0x2e, 0x7a, 0x3b, 0x0a, 0x63, 0x6f, 0x6c, 0x6f, 0x72, 0x20, 0x3d, // erial.z;.color =
	0x20, 0x63, 0x6f, 0x6c, 0x6f, 0x72, 0x20, 0x2f, 0x20, 0x28, 0x63, 0x6f, 0x6c, 0x6f, 0x72, 0x20, //  color / (color 
	0x2b, 0x20, 0x76, 0x65, 0x63, 0x33, 0x5f, 0x73, 0x70, 0x6c, 0x61, 0x74, 0x28, 0x31, 0x2e, 0x30, // + vec3_splat(1.0
	0x29, 0x29, 0x3b, 0x0a, 0x63, 0x6f, 0x6c, 0x6f, 0x72, 0x20, 0x3d, 0x20, 0x70, 0x6f, 0x77, 0x28, // ));.color = pow(
	0x63, 0x6f, 0x6c, 0x6f, 0x72, 0x2c, 0x20, 0x76, 0x65, 0x63, 0x33, 0x5f, 0x73, 0x70, 0x6c, 0x61, // color, vec3_spla
	0x74, 0x28, 0x31, 0x2e, 0x30, 0x20, 0x2f, 0x20, 0x32, 0x2e, 0x32, 0x29, 0x29, 0x3b, 0x0a, 0x66, // t(1.0 / 2.2));.f
	0x6c, 0x6f, 0x61, 0x74, 0x20, 0x61, 0x6c, 0x70, 0x68, 0x61, 0x20, 0x3d, 0x20, 0x76, 0x5f, 0x63, // loat alpha = v_c
	0x6f, 0x6c, 0x6f, 0x72, 0x2e, 0x61, 0x3b, 0x0a, 0x69, 0x66, 0x20, 0x28, 0x75, 0x5f, 0x6d, 0x61, // olor.a;.if (u_ma
	0x74, 0x65, 0x72, 0x69, 0x61, 0x6c, 0x2e, 0x77, 0x20, 0x3e, 0x20, 0x30, 0x2e, 0x30, 0x20, 0x26, // terial.w > 0.0 &
	0x26, 0x20, 0x61, 0x6c, 0x70, 0x68, 0x61, 0x20, 0x3c, 0x20, 0x75, 0x5f, 0x6d, 0x61, 0x74, 0x65, // & alpha < u_mate
	0x72, 0x69, 0x61, 0x6c, 0x2e, 0x77, 0x29, 0x0a, 0x64, 0x69, 0x73, 0x63, 0x61, 0x72, 0x64, 0x3b, // rial.w).discard;
	0x0a, 0x62, 0x67, 0x66, 0x78, 0x5f, 0x46, 0x72, 0x61, 0x67, 0x43, 0x6f, 0x6c, 0x6f, 0x72, 0x20, // .bgfx_FragColor 
	0x3d, 0x20, 0x76, 0x65, 0x63, 0x34, 0x28, 0x63, 0x6f, 0x6c, 0x6f, 0x72, 0x2c, 0x20, 0x61, 0x6c, // = vec4(color, al
	0x70, 0x68, 0x61, 0x29, 0x3b, 0x0a, 0x7d, 0x0a, 0x00,                                           // pha);.}..
};
